,Open_Interest_All,NonComm_Positions_Long_All,NonComm_Positions_Short_All,Comm_Positions_Long_All,Comm_Positions_Short_All,CFTC_Contract_Market_Code,Market_and_Exchange_Names,CC_Close,HP,NetLong_Comm,Q_Comm,NetLong_NonComm,Q_NonComm,PT_Comm,PT_NonComm,Ret,Ret_Lead,HP_Smooth_52w
2003-01-07,94045,8489,19063,63973,57451,073732,"COCOA - COFFEE,SUGAR AND COCOA EXCHANGE ",2189.0,-0.06934977936094423,6522,,-10574,,,,,-0.05710370031978074,
2003-01-14,97076,9506,18145,65755,59536,073732,"COCOA - COFFEE,SUGAR AND COCOA EXCHANGE ",2064.0,-0.06406320820800197,6219,-0.32218618746344835,-8639,2.0575256526131107,0.030864148262844098,0.06997938591732668,-0.05710370031978074,0.04408914728682167,
2003-01-21,97042,9710,17964,65002,59779,073732,"COCOA - COFFEE,SUGAR AND COCOA EXCHANGE ",2155.0,-0.053822056429174994,5223,-1.0260002472289753,-8254,0.39659648110758583,0.007981984436733156,0.013911975139119752,0.04408914728682167,0.06774941995359618,
2003-01-28,97138,11419,19741,64256,59153,073732,"COCOA - COFFEE,SUGAR AND COCOA EXCHANGE ",2301.0,-0.05253350902839259,5103,-0.12365779765462377,-8322,-0.07007275200428681,0.011117503585638,0.11187419768934531,0.06774941995359618,0.04259017818339861,
2003-02-04,101730,16408,29030,65843,57101,073732,"COCOA - COFFEE,SUGAR AND COCOA EXCHANGE ",2399.0,-0.08593335299321735,8742,3.746216722600836,-12622,-4.426691922831435,0.029598841749089017,0.3142303798582684,0.04259017818339861,-0.04293455606502705,
2003-02-11,93226,14531,24906,64327,56492,073732,"COCOA - COFFEE,SUGAR AND COCOA EXCHANGE ",2296.0,-0.08404307811125651,7835,-0.8915757397031358,-10375,2.208787968150988,0.017588293232024765,0.15216674696351143,-0.04293455606502705,-0.132404181184669,
2003-02-25,85318,6871,22653,67061,52077,073732,"COCOA - COFFEE, SUGAR AND COCOA EXCHANGE ",1992.0,-0.1756253076724724,14984,7.668461587969022,-15782,-5.799884152489649,0.06000604341184173,0.33576073702750303,-0.132404181184669,0.011546184738955745,
2003-03-04,82718,4983,23446,67866,49673,073732,"COCOA - COFFEE, SUGAR AND COCOA EXCHANGE ",2015.0,-0.21994003723494282,18193,3.7612227197074475,-18463,-3.1423615180852806,0.027301576498013427,0.09430511097822646,0.011546184738955745,0.017369727047146455,
2003-03-11,82894,4268,23527,68742,49512,073732,"COCOA - COFFEE, SUGAR AND COCOA EXCHANGE ",2050.0,-0.23198301445219197,19230,1.2536570033124592,-19259,-0.9623056650305859,0.008769259390802848,0.028638244288541104,0.017369727047146455,0.0019512195121951237,
2003-03-18,82814,3869,24666,69807,49778,073732,"COCOA - COFFEE, SUGAR AND COCOA EXCHANGE ",2054.0,-0.24185524186731713,20029,0.9638815837093155,-20797,-1.8553815716457163,0.011130158464690388,0.053898720869108116,0.0019512195121951237,-0.05598831548198635,
2003-03-25,84094,3035,25154,71660,48940,073732,"COCOA - COFFEE, SUGAR AND COCOA EXCHANGE ",1939.0,-0.2701738530691845,22720,3.2494505759895667,-22119,-1.5963484434998911,0.022313432835820896,0.04689772606335805,-0.05598831548198635,0.006188757091284192,
2003-04-01,86614,2837,26436,72929,48371,073732,"COCOA - COFFEE, SUGAR AND COCOA EXCHANGE ",1951.0,-0.28353383979495234,24558,2.18564939234666,-23599,-1.7599353104858848,0.015152514427040395,0.050558535168927,0.006188757091284192,0.04100461301896474,
2003-04-08,82495,4638,29352,68615,44079,073732,"COCOA - COFFEE, SUGAR AND COCOA EXCHANGE ",2031.0,-0.2974240863082611,24536,-0.025400050800101596,-24714,-1.2873207564596947,0.07636608870037447,0.1387761106207708,0.04100461301896474,-0.08124076809453473,
2003-04-15,79767,2290,31110,68573,39120,073732,"COCOA - COFFEE, SUGAR AND COCOA EXCHANGE ",1866.0,-0.369237905399476,29453,5.960361234014182,-28820,-4.977271349778775,0.04643755861569461,0.12293413173652695,-0.08124076809453473,0.0760986066452305,
2003-04-22,82674,2999,29510,69068,43095,073732,"COCOA - COFFEE, SUGAR AND COCOA EXCHANGE ",2008.0,-0.3141616469506737,25973,-4.362706382338561,-26511,2.894680757706821,0.039852714353218084,0.07102648497339198,0.0760986066452305,0.04033864541832677,
2003-04-29,87299,4625,26753,70685,50297,073732,"COCOA - COFFEE, SUGAR AND COCOA EXCHANGE ",2089.0,-0.23354219406866059,20388,-6.755449113385104,-22128,5.301545830611801,0.07289514142599726,0.13968385493020588,0.04033864541832677,-0.06318812829104836,
2003-05-06,89664,5321,26393,74077,53088,073732,"COCOA - COFFEE, SUGAR AND COCOA EXCHANGE ",1957.0,-0.23408502855103497,20989,0.6884385846344173,-21072,1.2096358492078947,0.04862186922502261,0.03329759727565113,-0.06318812829104836,-0.07920286152273892,
2003-05-13,90524,3635,30362,75853,48386,073732,"COCOA - COFFEE, SUGAR AND COCOA EXCHANGE ",1802.0,-0.30342229684945426,27467,7.224750178443968,-26727,-6.306879014989293,0.052141437068875314,0.16633820631232168,-0.07920286152273892,-0.08823529411764708,
2003-05-20,97808,3832,27057,77626,53470,073732,"COCOA - COFFEE, SUGAR AND COCOA EXCHANGE ",1643.0,-0.24697366268607884,24156,-3.6575935663470465,-23225,3.8685873359551057,0.05230518093610789,0.11337369290038525,-0.08823529411764708,-0.04077906269020082,
2003-05-27,101610,3553,25745,79742,56173,073732,"COCOA - COFFEE, SUGAR AND COCOA EXCHANGE ",1576.0,-0.23195551618935145,23569,-0.6001554065107149,-22192,1.0561508261082937,0.03545598351911121,0.05430404805788791,-0.04077906269020082,-0.029187817258883197,
2003-06-03,100042,2323,25940,77412,51906,073732,"COCOA - COFFEE, SUGAR AND COCOA EXCHANGE ",1530.0,-0.25495291977369505,25506,1.9063084342092314,-23617,-1.4024210215529969,0.05101377998422493,0.05041927608534126,-0.029187817258883197,-0.0209150326797386,
2003-06-10,97795,1267,21657,75470,53348,073732,"COCOA - COFFEE, SUGAR AND COCOA EXCHANGE ",1498.0,-0.22620788383864207,22122,-3.3825793166869915,-20390,3.2256452290038187,0.026269620705180952,0.2329000174489618,-0.0209150326797386,0.051401869158878455,
2003-06-17,96326,2001,14729,73384,60732,073732,"COCOA - COFFEE, SUGAR AND COCOA EXCHANGE ",1575.0,-0.13134563876834915,12652,-9.683521652436218,-12728,7.834756378137941,0.07061051626949805,0.45797967722653915,0.051401869158878455,-0.007619047619047636,
2003-06-24,94921,1936,14066,72489,60126,073732,"COCOA - COFFEE, SUGAR AND COCOA EXCHANGE ",1563.0,-0.1302451512310237,12363,-0.30002283910885946,-12130,0.6208085044536262,0.011318478301851223,0.045494313210848646,-0.007619047619047636,0.07165706973768393,
2003-07-01,91673,2732,12285,67762,57775,073732,"COCOA - COFFEE, SUGAR AND COCOA EXCHANGE ",1675.0,-0.10894156403739377,9987,-2.503134185269856,-9553,2.71488922367021,0.05638178385655225,0.1716055137510821,0.07165706973768393,0.013134328358209046,
2003-07-08,91476,2743,11934,67844,57882,073732,"COCOA - COFFEE, SUGAR AND COCOA EXCHANGE ",1697.0,-0.10890288163015435,9962,-0.027270843105385446,-9191,0.39488180816598123,0.00150326901356919,0.024664440962049464,0.013134328358209046,-0.10489098408956987,-0.19324056363478068
2003-07-15,90623,2257,11895,66656,55089,073732,"COCOA - COFFEE, SUGAR AND COCOA EXCHANGE ",1519.0,-0.12763867892256933,11567,1.754558572740391,-9638,-0.4886527613800341,0.03269949484578422,0.03709723007348785,-0.10489098408956987,-0.06056616194865039,-0.19081086420099508
2003-07-22,89008,2520,12870,65283,53145,073732,"COCOA - COFFEE, SUGAR AND COCOA EXCHANGE ",1427.0,-0.13636976451554916,12138,0.63008287079439,-10350,-0.7856725113933548,0.028008579052251157,0.08044184535412606,-0.06056616194865039,0.035739313244568915,-0.18886653921222915
2003-07-29,86367,3118,14549,62515,49564,073732,"COCOA - COFFEE, SUGAR AND COCOA EXCHANGE ",1478.0,-0.14995310708951334,12951,0.9134010426029121,-11431,-1.2144975732518426,0.05664754325074278,0.12888436067244013,0.035739313244568915,-0.006089309878213767,-0.18752469672523897
2003-08-05,80026,4107,18613,63514,48512,073732,"COCOA - COFFEE, SUGAR AND COCOA EXCHANGE ",1469.0,-0.18746407417589284,15002,2.374749615014994,-14506,-3.5603876480600225,0.01830824987056576,0.2224031690140845,-0.006089309878213767,0.017699115044247815,-0.18752267597359407
2003-08-12,78552,4434,17641,60266,46912,073732,"COCOA - COFFEE, SUGAR AND COCOA EXCHANGE ",1495.0,-0.1700020368672981,13354,-2.059330717516807,-13207,1.6232224527028716,0.045233163522364665,0.05884484711211778,0.017699115044247815,0.03678929765886285,-0.18695749406693937
2003-08-19,75694,6819,16406,57215,48298,073732,"COCOA - COFFEE, SUGAR AND COCOA EXCHANGE ",1550.0,-0.11780326049620841,8917,-5.648487626031164,-9587,4.608412261941135,0.042051690313042,0.15586652314316468,0.03678929765886285,0.1548387096774193,-0.18479642426785403
2003-08-26,78824,17008,14246,52154,57354,073732,"COCOA - COFFEE, SUGAR AND COCOA EXCHANGE ",1790.0,0.06596975540444534,-5200,-18.650091156498533,2762,16.314371020160117,0.1289129561310589,0.3951174249696039,0.1548387096774193,0.0011173184357542443,-0.1771974491262692
2003-09-02,77620,16967,11556,51274,58654,073732,"COCOA - COFFEE, SUGAR AND COCOA EXCHANGE ",1792.0,0.09507858799278536,-7380,-2.765655130417132,5411,3.3606515781995334,0.019831162215268174,0.09574729165936262,0.0011173184357542443,-0.030133928571428603,-0.16918933038747347
2003-09-09,79531,15648,11772,54505,61136,073732,"COCOA - COFFEE, SUGAR AND COCOA EXCHANGE ",1738.0,0.08337629352076549,-6631,0.964957485184231,3876,-1.9775830971399126,0.04940289343744866,0.05598103574033552,-0.030133928571428603,-0.15420023014959727,-0.16197316970438094
2003-09-16,73784,9580,10923,55179,55168,073732,"COCOA - COFFEE, SUGAR AND COCOA EXCHANGE ",1470.0,-0.0001490838122086089,11,8.351460436810804,-1343,-6.562221020734054,0.060191939971181815,0.33736526361995806,-0.15420023014959727,0.09047619047619038,-0.15747805620737615
2003-09-23,75225,9073,10552,57428,56763,073732,"COCOA - COFFEE, SUGAR AND COCOA EXCHANGE ",1603.0,-0.008840146227982718,665,0.8863710289493657,-1479,-0.1843218041851892,0.033662898126822605,0.04473885350318471,0.09047619047619038,0.014348097317529618,-0.15346081539712228
2003-09-30,75067,8663,10825,56912,57083,073732,"COCOA - COFFEE, SUGAR AND COCOA EXCHANGE ",1626.0,0.002277965017917327,-171,-1.1113326686606846,-2162,-0.9079428381522101,0.007333654984867757,0.03504720853858785,0.014348097317529618,-0.04735547355473557,-0.14936242643883174
2003-10-07,75608,9167,11176,56996,55641,073732,"COCOA - COFFEE, SUGAR AND COCOA EXCHANGE ",1549.0,-0.017921383980531162,1355,2.0328506534162814,-2009,0.20381792265576085,0.01354794605680194,0.04202919923315145,-0.04735547355473557,-0.057456423499031684,-0.14599214329887533
2003-10-14,78461,5835,12395,60305,53769,073732,"COCOA - COFFEE, SUGAR AND COCOA EXCHANGE ",1460.0,-0.08330253246836007,6536,6.8524494762459005,-6560,-6.019204317003492,0.04541788663499132,0.2496434448710916,-0.057456423499031684,-0.03630136986301369,-0.14442490302811245
2003-10-21,86695,3046,18160,68667,51833,073732,"COCOA - COFFEE, SUGAR AND COCOA EXCHANGE ",1407.0,-0.1941749812561278,16834,13.124992034259058,-15114,-10.902231681982132,0.08546058091286307,0.4033764029048382,-0.03630136986301369,0.002842928216062468,-0.14563831957025916
2003-10-28,98867,3956,19122,69896,52786,073732,"COCOA - COFFEE, SUGAR AND COCOA EXCHANGE ",1411.0,-0.17306077862178482,17110,0.31835746006113386,-15166,-0.05998039102601073,0.017785820250729528,0.08111621457665309,0.002842928216062468,0.021970233876683176,-0.14629123526196217
2003-11-04,111213,4344,19172,78256,62611,073732,"COCOA - COFFEE, SUGAR AND COCOA EXCHANGE ",1442.0,-0.14067600010790104,15645,-1.481788665581033,-14828,0.34187342591562403,0.12909340015759546,0.018625616601462835,0.021970233876683176,0.018723994452149784,-0.1461606483979142
2003-11-11,103941,6006,19563,75353,62465,073732,"COCOA - COFFEE, SUGAR AND COCOA EXCHANGE ",1469.0,-0.12399341934366612,12888,-2.47902673248631,-13557,1.1428520047116795,0.022123380110000146,0.08029254174977511,0.018723994452149784,0.04356705241660985,-0.1456568477375904
2003-11-18,92329,5073,9217,67750,65976,073732,"COCOA - COFFEE, SUGAR AND COCOA EXCHANGE ",1533.0,-0.01921389812518277,1774,-10.692604458298458,-4144,9.056099133162082,0.08311024034219225,0.7892932120363891,0.04356705241660985,-0.060013046314416174,-0.14284700441287024
2003-11-25,92774,3343,7444,68684,65568,073732,"COCOA - COFFEE, SUGAR AND COCOA EXCHANGE ",1441.0,-0.033586996356737876,3116,1.453497817587107,-4101,0.04657258282879702,0.009996126687125705,0.32474274589783997,-0.060013046314416174,0.06523247744621785,-0.14047178684643258
2003-12-02,91736,3420,6874,67966,66993,073732,"COCOA - COFFEE, SUGAR AND COCOA EXCHANGE ",1535.0,-0.010606523066189937,973,-2.309914415676806,-3454,0.6973936663289284,0.01587889655376818,0.06285214688167864,0.06523247744621785,0.12703583061889256,-0.137708696127704
2003-12-09,97595,11176,8872,68904,74211,073732,"COCOA - COFFEE, SUGAR AND COCOA EXCHANGE ",1730.0,0.05437778574722066,-5307,-6.84573122874335,2304,6.276707072468824,0.056989134612025295,0.48653232242617717,0.12703583061889256,-0.09075144508670518,-0.13370689442197642
2003-12-16,96290,9597,8459,69988,74299,073732,"COCOA - COFFEE, SUGAR AND COCOA EXCHANGE ",1573.0,0.04477100425797071,-4311,1.020544085250269,1138,-1.1947333367488089,0.008122699896733594,0.11032343819229065,-0.09075144508670518,-0.022886204704386515,-0.1300644883264673
2003-12-30,90488,8733,10126,68531,70072,073732,"COCOA - COFFEE, SUGAR AND COCOA EXCHANGE ",1537.0,0.01702988241534789,-1541,2.87672655519784,-1393,-2.628518018485824,0.04100921336479008,0.1342064796648815,-0.022886204704386515,0.008458035133376729,-0.127122600911631
2004-01-06,89463,4908,10393,71291,68481,073732,"COCOA - COFFEE, SUGAR AND COCOA EXCHANGE ",1550.0,-0.03140963303265037,2810,4.808372380868181,-5485,-4.5221465829723275,0.031129267664482155,0.2674335010783609,0.008458035133376729,0.05870967741935473,-0.1252458760512588
2004-01-13,92651,6554,11153,73745,71934,073732,"COCOA - COFFEE, SUGAR AND COCOA EXCHANGE ",1641.0,-0.019546470086669328,1811,-1.1166627544347942,-4599,0.9903535539832109,0.04054805428373341,0.13587846614333315,0.05870967741935473,-0.03168799512492382,-0.1232131951673244
2004-01-20,85478,7042,11335,63017,62667,073732,"COCOA - COFFEE, SUGAR AND COCOA EXCHANGE ",1589.0,-0.004094620838110391,350,-1.5768853007522854,-4293,0.3302716646339489,0.15908946246141115,0.03645861674919736,-0.03168799512492382,0.0,-0.12195828827265451
2004-01-27,86587,8494,10836,63910,64488,073732,"COCOA - COFFEE, SUGAR AND COCOA EXCHANGE ",1589.0,0.00667536697194729,-578,-1.0856594679332694,-2342,2.2824586443295347,0.021137400894094924,0.10093119503362649,0.0,0.006922592825676421,-0.12059793105765548
2004-02-03,87295,4953,7227,66513,66398,073732,"COCOA - COFFEE, SUGAR AND COCOA EXCHANGE ",1600.0,-0.0013173721289879146,115,0.8003510919653065,-2274,0.07853372908173283,0.033955052629203,0.5870279146141215,0.006922592825676421,-0.043749999999999956,-0.11958822559034421
2004-02-10,82584,4756,10428,65630,61429,073732,"COCOA - COFFEE, SUGAR AND COCOA EXCHANGE ",1530.0,-0.05086941780490167,4201,4.6806804513431475,-5672,-3.892548255913855,0.046057343438874854,0.22378819810326658,-0.043749999999999956,0.00588235294117645,-0.11955622383604629
2004-02-17,78675,4775,10050,63109,59129,073732,"COCOA - COFFEE, SUGAR AND COCOA EXCHANGE ",1539.0,-0.05058786145535431,3980,-0.2676063159934128,-5275,0.4807226581420129,0.039439454179551366,0.02677908937605396,0.00588235294117645,-0.03573749187784281,-0.11887650284493355
2004-02-24,88387,4852,17340,71530,59113,073732,"COCOA - COFFEE, SUGAR AND COCOA EXCHANGE ",1484.0,-0.14048446038444568,12417,10.723863997457897,-12488,-9.168096599936447,0.06458057454283811,0.33196647440519106,-0.03573749187784281,0.0242587601078168,-0.11996191404249489
2004-03-02,87283,4446,10791,71583,65917,073732,"COCOA - COFFEE, SUGAR AND COCOA EXCHANGE ",1520.0,-0.06491527559776818,5666,-7.638001063504814,-6345,6.950117098668356,0.04986909090909091,0.45645468268031764,0.0242587601078168,-0.05394736842105263,-0.11783287496413518
2004-03-09,98202,4883,15687,81717,71664,073732,"COCOA - COFFEE, SUGAR AND COCOA EXCHANGE ",1438.0,-0.10237062381621556,10053,5.026179210155472,-10804,-5.108669500360895,0.10353955183497304,0.25926105979581915,-0.05394736842105263,0.004172461752433909,-0.11557192470608274
2004-03-16,103789,4708,21947,85909,70079,073732,"COCOA - COFFEE, SUGAR AND COCOA EXCHANGE ",1444.0,-0.15252098006532483,15830,5.882772244964461,-17239,-6.552819698173153,0.037034900120522095,0.24141812042768712,0.004172461752433909,0.02423822714681445,-0.11404380866018145
2004-03-23,102078,4115,19481,84053,70220,073732,"COCOA - COFFEE, SUGAR AND COCOA EXCHANGE ",1479.0,-0.13551401869158877,13833,-1.9240960024665428,-15366,1.8046228405707732,0.01294458524822879,0.12964061705373792,0.02423822714681445,0.011494252873563315,-0.11199878513757129
2004-03-30,103854,4611,19704,84368,70638,073732,"COCOA - COFFEE, SUGAR AND COCOA EXCHANGE ",1496.0,-0.13220482600573882,13730,-0.10090323086267364,-15093,0.26744254393698935,0.004728849205837193,0.029570224141476455,0.011494252873563315,-0.04278074866310155,-0.1093455346171204
2004-04-06,95075,6473,15054,75454,67999,073732,"COCOA - COFFEE, SUGAR AND COCOA EXCHANGE ",1432.0,-0.0784117801735472,7455,-6.042136075644655,-8581,6.270341055712827,0.08053508814733745,0.3025038323965253,-0.04278074866310155,-0.06983240223463683,-0.10540087962440109
2004-04-20,102927,5988,25499,82958,63915,073732,"COCOA - COFFEE, SUGAR AND COCOA EXCHANGE ",1332.0,-0.18501462201366017,19043,12.188272416513279,-19511,-11.496187220615303,0.07889809563364267,0.34712738590529424,-0.06983240223463683,0.03453453453453448,-0.10323915915719721
2004-04-27,105091,5728,26564,86957,66660,073732,"COCOA - COFFEE, SUGAR AND COCOA EXCHANGE ",1378.0,-0.19313737617874033,20297,1.2183392112856686,-20836,-1.2873201395163563,0.04390139112207633,0.04103183451009538,0.03453453453453448,0.006531204644412147,-0.09985261051833691
2004-05-04,103828,5721,26457,85970,65312,073732,"COCOA - COFFEE, SUGAR AND COCOA EXCHANGE ",1387.0,-0.19896367068613477,20658,0.3435118135710955,-20736,0.0951556270280043,0.015434750994830845,0.0035427932127540555,0.006531204644412147,-0.023792357606344683,-0.09763726482094191
2004-05-11,105986,7168,26183,86586,67570,073732,"COCOA - COFFEE, SUGAR AND COCOA EXCHANGE ",1354.0,-0.1794199233861076,19016,-1.5814616481103363,-19015,1.6575490233848287,0.018643452087495783,0.051602650595184554,-0.023792357606344683,-0.025110782865583436,-0.09659645192320053
2004-05-18,113320,10562,34381,88881,64908,073732,"COCOA - COFFEE, SUGAR AND COCOA EXCHANGE ",1320.0,-0.21155135898340982,23973,4.677032815654898,-23819,-4.53267412677146,0.03223247436422631,0.25792670716240573,-0.025110782865583436,0.05757575757575761,-0.09616311212382311
2004-05-25,108124,10215,30341,83895,64868,073732,"COCOA - COFFEE, SUGAR AND COCOA EXCHANGE ",1396.0,-0.1759738818393696,19027,-4.36463113307448,-20126,3.2589128132721497,0.03378528263076168,0.10817141729953644,0.05757575757575761,0.01934097421203429,-0.0937121810659369
2004-06-01,104155,11190,23209,80231,69609,073732,"COCOA - COFFEE, SUGAR AND COCOA EXCHANGE ",1423.0,-0.10198262205367001,10622,-7.773482298102179,-12019,7.497872812696533,0.056093166043780035,0.23567545568185122,0.01934097421203429,-0.046380885453267795,-0.09092389182300595
2004-06-08,102081,11676,25593,78570,65765,073732,"COCOA - COFFEE, SUGAR AND COCOA EXCHANGE ",1357.0,-0.12543960188477776,12805,2.0959147424511544,-13917,-1.8222840958187319,0.0381404371773998,0.07700770077007701,-0.046380885453267795,-0.014738393515106862,-0.08887550885561028
2004-06-15,100491,12466,25830,76105,62955,073732,"COCOA - COFFEE, SUGAR AND COCOA EXCHANGE ",1337.0,-0.13085748972544806,13150,0.33796690863138096,-13364,0.5417266680381265,0.03793326621602186,0.026817422185084604,-0.014738393515106862,-0.0007479431563200967,-0.08648905827775939
2004-06-22,96130,13285,26127,73334,61314,073732,"COCOA - COFFEE, SUGAR AND COCOA EXCHANGE ",1336.0,-0.12503900967439924,12020,-1.1244788090475764,-12842,0.5194495029405618,0.032766918186679345,0.02831624885821577,-0.0007479431563200967,0.03293413173652704,-0.08454350300537011
2004-06-29,97080,13365,24673,72120,61891,073732,"COCOA - COFFEE, SUGAR AND COCOA EXCHANGE ",1380.0,-0.1053667078697981,10229,-1.8631020493082284,-11308,1.5957557474253616,0.013364574549850385,0.04032809295967191,0.03293413173652704,-0.0304347826086957,-0.08404390818039799
2004-07-06,106874,13254,31004,79917,62118,073732,"COCOA - COFFEE, SUGAR AND COCOA EXCHANGE ",1338.0,-0.16654190916406236,17799,7.797692624639472,-17750,-6.6357643180881745,0.05649311789347696,0.14555560576618917,-0.0304347826086957,0.07772795216741413,-0.08474192275603332
2004-07-13,100486,12182,18922,76452,70362,073732,"COCOA - COFFEE, SUGAR AND COCOA EXCHANGE ",1442.0,-0.06060545747666342,6090,-10.955891984954246,-6740,10.301850777551135,0.07975397441660877,0.42290380658436216,0.07772795216741413,0.07489597780859913,-0.08381238224525005
2004-07-20,101383,14962,11707,74790,80592,073732,"COCOA - COFFEE, SUGAR AND COCOA EXCHANGE ",1550.0,0.0572285294378742,-5802,-11.83448440578787,3255,9.946659236112493,0.0765339614627177,0.37477970677565714,0.07489597780859913,0.03483870967741942,-0.08061754741701874
2004-07-27,104772,16996,6538,74520,87969,073732,"COCOA - COFFEE, SUGAR AND COCOA EXCHANGE ",1604.0,0.1283644485167793,-13449,-7.542684671000069,10458,7.10474142607735,0.04706164724996769,0.30606781677572875,0.03483870967741942,0.07418952618453867,-0.07569441035087741
2004-08-03,116826,23195,11213,79090,95234,073732,"COCOA - COFFEE, SUGAR AND COCOA EXCHANGE ",1723.0,0.13818841696197764,-16144,-2.5722521284312605,11982,1.454587103424579,0.06789082398292834,0.31603115554522204,0.07418952618453867,-0.04062681369704002,-0.07041444532246342
2004-08-10,115613,24628,10542,78736,96451,073732,"COCOA - COFFEE, SUGAR AND COCOA EXCHANGE ",1653.0,0.15322671325888956,-17715,-1.3447349049013062,14086,1.8009689623885095,0.008967560378338575,0.05982371339209554,-0.04062681369704002,-0.04597701149425293,-0.06458406416191723
2004-08-17,107302,22665,10740,73300,89380,073732,"COCOA - COFFEE, SUGAR AND COCOA EXCHANGE ",1577.0,0.14985741179101975,-16080,1.41420082516672,11925,-1.8691669621928328,0.0768809933611999,0.06469091453375243,-0.04597701149425293,0.06467977171845285,-0.05809711250870737
2004-08-24,108533,22488,9564,75550,92963,073732,"COCOA - COFFEE, SUGAR AND COCOA EXCHANGE ",1679.0,0.1604396819400551,-17413,-1.2422881213770478,12924,0.9310171292240592,0.03461454012450078,0.04221265443654062,0.06467977171845285,0.0017867778439546456,-0.051742464070104424
2004-08-31,109161,22247,9294,77181,93992,073732,"COCOA - COFFEE, SUGAR AND COCOA EXCHANGE ",1682.0,0.1540018871208582,-16811,0.5546700082002709,12953,0.02671998378373398,0.01553983396914233,0.016201135030595098,0.0017867778439546456,-0.12306777645659928,-0.04651544200054546
2004-09-07,103479,14841,6400,79502,91203,073732,"COCOA - COFFEE, SUGAR AND COCOA EXCHANGE ",1475.0,0.11307608306999488,-11701,4.681159021995035,8441,-4.133344326270371,0.029934682639641486,0.4849112565321783,-0.12306777645659928,-0.009491525423728775,-0.04560955108390027
2004-09-14,99534,11231,7529,80064,87823,073732,"COCOA - COFFEE, SUGAR AND COCOA EXCHANGE ",1461.0,0.07795326220186068,-7759,3.8094685878294148,3702,-4.579673170401724,0.023480078862568275,0.2526119402985075,-0.009491525423728775,0.021218343600273748,-0.04593888427218728
2004-09-21,100321,9919,9669,82899,86512,073732,"COCOA - COFFEE, SUGAR AND COCOA EXCHANGE ",1492.0,0.03601439379591511,-3613,4.165410814395081,250,-3.4681616332107623,0.02447302713519193,0.17623034510925056,0.021218343600273748,-0.03150134048257369,-0.04684969003612671
2004-09-28,101539,10094,9936,84617,86540,073732,"COCOA - COFFEE, SUGAR AND COCOA EXCHANGE ",1445.0,0.018938535932006423,-1923,1.6845924582091487,158,-0.09170562494392998,0.010201160338169049,0.022066899650524215,-0.03150134048257369,-0.01453287197231834,-0.04648262042566103
2004-10-05,110233,12103,10827,89105,92642,073732,"COCOA - COFFEE, SUGAR AND COCOA EXCHANGE ",1424.0,0.03208658024366569,-3537,-1.589537025182442,1276,1.1010547671338107,0.058267811848338624,0.1264718709114697,-0.01453287197231834,0.011235955056179803,-0.045695567993513944
2004-10-12,120622,12590,12109,96579,100005,073732,"COCOA - COFFEE, SUGAR AND COCOA EXCHANGE ",1440.0,0.02840277892921689,-3426,0.10069579889869638,481,-0.7211996407609337,0.07547409758678224,0.07162233288797118,0.011235955056179803,0.0,-0.045193167725988956
2004-10-19,121105,13084,12172,97610,100827,073732,"COCOA - COFFEE, SUGAR AND COCOA EXCHANGE ",1440.0,0.02656372569258082,-3217,0.17326855797449883,912,0.35731458606224403,0.009337976284664654,0.022054165346848273,0.0,0.011805555555555625,-0.04433768484765988
2004-10-26,122582,13697,12512,99009,102554,073732,"COCOA - COFFEE, SUGAR AND COCOA EXCHANGE ",1457.0,0.0289194172064414,-3545,-0.27083935427934436,1185,0.22542421865323478,0.015508798737863596,0.036361555190964935,0.011805555555555625,-0.0027453671928620027,-0.04217957043083678
2004-11-02,125802,14366,12550,101053,105289,073732,"COCOA - COFFEE, SUGAR AND COCOA EXCHANGE ",1453.0,0.03367196070014785,-4236,-0.5637042958998875,1816,0.5147574684700853,0.023160578069418732,0.02626690444345371,-0.0027453671928620027,0.24294562973158973,-0.03779789847013917
2004-11-09,117132,19176,4769,87432,106601,073732,"COCOA - COFFEE, SUGAR AND COCOA EXCHANGE ",1806.0,0.16365297271454426,-19169,-11.870240536716427,14407,10.008584919158677,0.07696113547695495,0.5258300271455418,0.24294562973158973,-0.06478405315614622,-0.03132263402136361
2004-11-16,117663,23691,3264,83529,109273,073732,"COCOA - COFFEE, SUGAR AND COCOA EXCHANGE ",1689.0,0.21879435336511902,-25744,-5.613325137451764,20427,5.139500734214391,0.03410234333668738,0.22333518827675755,-0.06478405315614622,-0.056838365896980436,-0.024409742608420916
2004-11-23,117133,21377,3253,85687,108952,073732,"COCOA - COFFEE, SUGAR AND COCOA EXCHANGE ",1593.0,0.1986203717142052,-23265,2.1068645198575595,18124,-1.957284787911238,0.012736399180020449,0.09439707673568819,-0.056838365896980436,0.04268675455116133,-0.01820563124192339
2004-11-30,115652,18765,2790,86363,108304,073732,"COCOA - COFFEE, SUGAR AND COCOA EXCHANGE ",1661.0,0.18971569882059974,-21941,1.130339016331862,15975,-1.8346665756020935,0.006801358216852368,0.14265831593597772,0.04268675455116133,0.04575556893437693,-0.014187754377581418
2004-12-07,119725,20237,2893,88282,111930,073732,"COCOA - COFFEE, SUGAR AND COCOA EXCHANGE ",1737.0,0.19751931509709753,-23648,-1.475979663127313,17344,1.1837235845467438,0.027695642618824047,0.06809338521400778,0.04575556893437693,-0.07138744962579158,-0.009743402234238429
2004-12-14,119104,19632,2366,89736,111911,073732,"COCOA - COFFEE, SUGAR AND COCOA EXCHANGE ",1613.0,0.1861818242880172,-22175,1.230319482146586,17266,-0.06514930048026728,0.007304844604680456,0.05145922356577871,-0.07138744962579158,-0.025418474891506504,-0.005959010938965216
2004-12-21,119717,19328,2179,91524,113944,073732,"COCOA - COFFEE, SUGAR AND COCOA EXCHANGE ",1572.0,0.18727499018518673,-22420,-0.20570257925846322,17149,-0.09823347662547016,0.018596569782155858,0.022829776351885434,-0.025418474891506504,-0.006997455470737934,-0.003403295469004331
2004-12-28,116541,16830,2875,91132,110206,073732,"COCOA - COFFEE, SUGAR AND COCOA EXCHANGE ",1561.0,0.1636677220892218,-19074,2.7949246974113953,13955,-2.667958602370591,0.02051276957156622,0.1620908398883532,-0.006997455470737934,-0.02434336963484951,-0.0011168201260956555
2005-01-04,118137,15935,6227,94637,108198,073732,COCOA - NEW YORK BOARD OF TRADE ,1523.0,0.11479045514952978,-13561,4.730524021588969,9708,-3.644211050188346,0.0271797273646067,0.19163432903167585,-0.02434336963484951,-0.03611293499671697,0.000763190888023227
2005-01-11,117819,15897,11796,93306,102226,073732,COCOA - NEW YORK BOARD OF TRADE ,1468.0,0.07570935078382943,-8920,3.9284898042103658,4101,-4.746184514588994,0.03734938526686169,0.20246993825154372,-0.03611293499671697,0.019073569482288777,0.0028231713460324537
2005-01-18,116940,18705,12592,88970,100500,073732,COCOA - NEW YORK BOARD OF TRADE ,1496.0,0.09859757140413887,-11530,-2.2152623940111527,6113,1.707704190325839,0.03199451100438064,0.11515480717001629,0.019073569482288777,0.020721925133689867,0.005095172143932611
2005-01-25,115801,19546,13359,86756,98446,073732,COCOA - NEW YORK BOARD OF TRADE ,1527.0,0.10094904189082995,-11690,-0.13682230203523174,6187,0.06328031469129468,0.023045107504238615,0.048867953198602036,0.020721925133689867,0.02226588081204972,0.007115242581027618
2005-02-01,115044,23073,11004,82516,100344,073732,COCOA - NEW YORK BOARD OF TRADE ,1561.0,0.1549667953130976,-17828,-5.300472362069413,12069,5.079403459382907,0.0335666630208903,0.17260909117586642,0.02226588081204972,0.021140294682895577,0.009967000818357432
2005-02-08,115099,22922,8537,79967,102255,073732,COCOA - NEW YORK BOARD OF TRADE ,1594.0,0.1936419951519996,-22288,-3.8767775807517126,14385,2.013142797538333,0.02447563960443854,0.08321942846244318,0.021140294682895577,-0.01505646173149311,0.013716219419914884
2005-02-15,111043,23790,8204,77062,99731,073732,COCOA - NEW YORK BOARD OF TRADE ,1570.0,0.20414614158479147,-22669,-0.33101938331349534,15586,1.0434495521246927,0.03070822939822278,0.037538288429080455,-0.01505646173149311,0.014012738853503182,0.0186203647927936
2005-02-22,115724,25116,7375,79812,105141,073732,COCOA - NEW YORK BOARD OF TRADE ,1592.0,0.21887421796688672,-25329,-2.3954684221427733,17741,1.940689642751006,0.04411931679940309,0.06632605952417593,0.014012738853503182,0.08982412060301503,0.023802327858605928
2005-03-01,133028,41319,5676,77362,120817,073732,COCOA - NEW YORK BOARD OF TRADE ,1735.0,0.32666055266560423,-43455,-15.663129515053056,35643,15.469565517956518,0.0914627685072586,0.38093414192999253,0.08982412060301503,0.008069164265129602,0.032785885801876115
2005-03-08,143879,49843,6644,77611,126021,073732,COCOA - NEW YORK BOARD OF TRADE ,1749.0,0.3364632781712411,-48410,-3.724779745617464,43199,5.680007216525844,0.026778698829260626,0.16803866376334378,0.008069164265129602,0.020583190394511064,0.04050470414358783
2005-03-15,151273,50854,6107,78755,130661,073732,COCOA - NEW YORK BOARD OF TRADE ,1785.0,0.3431279871490616,-51906,-2.4298195011085704,44747,1.0759040582711863,0.027619666119112197,0.027176489176805183,0.020583190394511064,-0.030252100840336138,0.049071985123689314
2005-03-22,152772,50229,5916,77355,128560,073732,COCOA - NEW YORK BOARD OF TRADE ,1731.0,0.33517267562118713,-51205,0.4634006068498674,44313,-0.28689852121660836,0.017002161085884954,0.01453379641998397,-0.030252100840336138,-0.0866551126516465,0.058450709271506855
2005-03-29,138104,36300,4491,79930,118461,073732,COCOA - NEW YORK BOARD OF TRADE ,1581.0,0.2789998841452818,-38531,8.296022831408898,31809,-8.184745895844788,0.06388394634837266,0.37640656027064795,-0.0866551126516465,-0.0164452877925364,0.06642213047990822
2005-04-05,135666,32911,4038,81433,115681,073732,COCOA - NEW YORK BOARD OF TRADE ,1555.0,0.2524435009508646,-34248,3.1012859873718357,28873,-2.1259340786653533,0.021728542873667014,0.1039811632249858,-0.0164452877925364,0.0,0.07381921369061212
2005-04-12,128451,30473,4471,82248,114899,073732,COCOA - NEW YORK BOARD OF TRADE ,1555.0,0.25419031381616336,-32651,1.1771556616985832,26002,-2.1162266153642033,0.008100554408639238,0.08216002747252747,0.0,-0.025080385852090048,0.08021540780579886
2005-04-19,117307,26105,7170,78154,103393,073732,COCOA - NEW YORK BOARD OF TRADE ,1516.0,0.21515340090531682,-25239,5.770293730683296,18935,-5.501708822819597,0.08592816185340435,0.212381667918858,-0.025080385852090048,-0.04815303430079154,0.08791094670808688
2005-04-26,118881,25317,14158,81703,97426,073732,COCOA - NEW YORK BOARD OF TRADE ,1443.0,0.13225830872889696,-15723,8.112047874380899,11159,-6.62876043202878,0.05312372647644993,0.1969854338188727,-0.04815303430079154,0.013167013167013186,0.09416855603323376
2005-05-03,121197,24977,14810,84160,98887,073732,COCOA - NEW YORK BOARD OF TRADE ,1462.0,0.12151290873536473,-14727,0.8378126025184849,10167,-0.8344478932714228,0.021404338776379837,0.024932766984190818,0.013167013167013186,0.004787961696306464,0.1003315671759549
2005-05-10,121716,22561,16764,85984,97127,073732,COCOA - NEW YORK BOARD OF TRADE ,1469.0,0.09154918005849683,-11143,2.957168906821126,5797,-3.6056998110514287,0.019572827410696245,0.11112523839796568,0.004787961696306464,-0.021102791014295463,0.10554251147296653
2005-05-17,126518,22380,21245,92504,96754,073732,COCOA - NEW YORK BOARD OF TRADE ,1438.0,0.0335920580470763,-4250,5.6631831476551975,1135,-3.8302277432712217,0.03642118166735356,0.10686532951289399,-0.021102791014295463,-0.0013908205841446364,0.11025680795432202
2005-05-24,128045,23186,22194,94277,98250,073732,COCOA - NEW YORK BOARD OF TRADE ,1436.0,0.031028154164551524,-3973,0.21894117833035615,992,-0.1130273953113391,0.016979436650443835,0.03867342441604231,-0.0013908205841446364,-0.00974930362116988,0.11423761633901283
2005-05-31,131464,24028,23842,96399,99883,073732,COCOA - NEW YORK BOARD OF TRADE ,1422.0,0.026501551755613705,-3484,0.3818969893396853,186,-0.6294662032879066,0.01913063857103555,0.05201587633173178,-0.00974930362116988,0.00914205344585084,0.1167084658353452
2005-06-07,136319,25015,25968,100304,103271,073732,COCOA - NEW YORK BOARD OF TRADE ,1435.0,0.021765124450736875,-2967,0.3932635550416844,-953,-0.8663968843181402,0.03582463465553236,0.06105956887589981,0.00914205344585084,0.034146341463414664,0.119539325957182
2005-06-14,135958,26837,23403,93959,103032,073732,COCOA - NEW YORK BOARD OF TRADE ,1484.0,0.066733844275438,-9073,-4.4791995246444,3434,3.2181867531305244,0.033422846729038384,0.08732085987261147,0.034146341463414664,0.03571428571428581,0.1233391593033529
2005-06-21,120533,23701,18092,86256,95941,073732,COCOA - NEW YORK BOARD OF TRADE ,1537.0,0.0803514390249973,-9685,-0.4501390135188808,5609,1.5997587490254346,0.08119782433300218,0.20211518675376258,0.03571428571428581,-0.024723487312947268,0.12728897562449515
2005-06-28,117783,22724,13031,84662,99450,073732,COCOA - NEW YORK BOARD OF TRADE ,1499.0,0.1255529235967839,-14788,-4.233695336546838,9693,3.388283706536799,0.027716824541583383,0.16887148650538386,-0.024723487312947268,-0.05403602401601071,0.13172973776808325
2005-07-05,118026,23218,14876,86722,95198,073732,COCOA - NEW YORK BOARD OF TRADE ,1418.0,0.07181468489993731,-8476,5.359007666641196,8342,-1.1470246130596096,0.03469656992084433,0.061400745524229534,-0.05403602401601071,-0.014104372355430161,0.13631351842316017
2005-07-12,126503,23657,23114,92285,96080,073732,COCOA - NEW YORK BOARD OF TRADE ,1398.0,0.029999288554421633,-3795,3.9660752715503365,543,-6.607866063409758,0.03421548589175272,0.18552094246434755,-0.014104372355430161,0.0193133047210301,0.1380559173852964
2005-07-19,127143,23761,24726,92410,94779,073732,COCOA - NEW YORK BOARD OF TRADE ,1425.0,0.0186325633341985,-2369,1.1272459941661463,-965,-1.192066591306135,0.007617969004588945,0.03539092952750222,0.0193133047210301,0.008421052631578885,0.13731368726791804
2005-07-26,130054,24218,26136,94504,96207,073732,COCOA - NEW YORK BOARD OF TRADE ,1437.0,0.013094560720931306,-1703,0.5238196361577122,-1918,-0.7495497196070566,0.0184677339010335,0.037077491361162965,0.008421052631578885,0.042449547668754306,0.13509695865645943
2005-08-02,126674,22734,23339,93309,96996,073732,COCOA - NEW YORK BOARD OF TRADE ,1498.0,0.0291062096404945,-3687,-1.5255201685453734,-605,1.009580635735925,0.010425369801108747,0.09291776094458794,0.042449547668754306,-0.06408544726301735,0.13299922390027705
2005-08-09,126009,22769,22148,91842,95480,073732,COCOA - NEW YORK BOARD OF TRADE ,1402.0,0.028870953662040014,-3638,0.038681971043781675,621,0.9678387040750273,0.015924450945430862,0.027294788164837366,-0.06408544726301735,-0.04350927246790304,0.13060776698495305
2005-08-16,132584,26194,37566,93901,84566,073732,COCOA - NEW YORK BOARD OF TRADE ,1341.0,-0.07040819405056417,9335,10.295296367719766,-11372,-9.517574141529574,0.07269130987801667,0.295530112923463,-0.04350927246790304,0.014168530947054503,0.12637188994953796
2005-08-23,129855,25841,39129,92263,81822,073732,COCOA - NEW YORK BOARD OF TRADE ,1360.0,-0.08040506719032767,10441,0.8341881373318047,-13288,-1.4451215832981357,0.02517161156906109,0.02949053409265815,0.014168530947054503,-0.00588235294117645,0.12174026015856906
2005-08-30,132061,25533,39194,95036,82625,073732,COCOA - NEW YORK BOARD OF TRADE ,1352.0,-0.09397929744587728,12411,1.5170767394401448,-13661,-0.2872434638635401,0.020128221725646035,0.0057626647303289195,-0.00588235294117645,0.09467455621301779,0.11697139122459338
2005-09-06,115177,20559,19798,85844,88423,073732,COCOA - NEW YORK BOARD OF TRADE ,1480.0,0.022391623327574082,-2579,-11.350815153603259,761,10.920710883606818,0.08601743301944717,0.6038605446390961,0.09467455621301779,-0.060810810810810856,0.11522745930646988
2005-09-13,113870,23801,16899,82232,91324,073732,COCOA - NEW YORK BOARD OF TRADE ,1390.0,0.07984543777992448,-9092,-5.654774824834819,6902,5.331793674084236,0.03752679250501279,0.1508845208845209,-0.060810810810810856,-0.010791366906474864,0.11526384729835575
2005-09-20,117911,24943,22404,84820,89345,073732,COCOA - NEW YORK BOARD OF TRADE ,1375.0,0.03837640254089949,-4525,4.010713972073417,2539,-3.831562307894968,0.02622226050010048,0.14038904260037594,-0.010791366906474864,-0.0174545454545455,0.1153092705434516
2005-09-27,125462,26111,30171,89484,88385,073732,COCOA - NEW YORK BOARD OF TRADE ,1351.0,-0.008759624428113693,1099,4.769699179889917,-4060,-5.596594041268414,0.031618775615762165,0.15875413098326285,-0.0174545454545455,0.023686158401184265,0.11477661361344929
2005-10-04,124673,25438,28446,89586,87280,073732,COCOA - NEW YORK BOARD OF TRADE ,1383.0,-0.018496386547207495,2306,0.9620442843251343,-3008,0.8385009006711195,0.006824375515927312,0.04450300645831787,0.023686158401184265,-0.0195227765726681,0.11380386425208634
2005-10-11,129142,27194,30103,92513,91318,073732,COCOA - NEW YORK BOARD OF TRADE ,1356.0,-0.009253380000309737,1195,-0.891131199217152,-2909,0.07940773062331058,0.03788806022923229,0.05956681850707716,-0.0195227765726681,0.022123893805309658,0.11307970734959544
2005-10-18,133853,29931,29927,93203,96615,073732,COCOA - NEW YORK BOARD OF TRADE ,1386.0,0.02549065019088104,-3412,-3.567390934010624,4,2.2556565640922397,0.03154073902369638,0.04866517424571486,0.022123893805309658,0.012265512265512202,0.11305907128225506
2005-10-25,136221,31135,32377,94113,96041,073732,COCOA - NEW YORK BOARD OF TRADE ,1403.0,0.014153471197539293,-1928,1.1086789238941226,-1242,-0.9308719266658199,0.0078042008056627785,0.057532434815467944,0.012265512265512202,-0.024946543121881715,0.11277511078208387
2005-11-01,146129,30840,32218,102163,103891,073732,COCOA - NEW YORK BOARD OF TRADE ,1368.0,0.011825168173326307,-1728,0.1468202406383744,-1378,-0.0998377636340946,0.07716423850058722,0.007199720891877319,-0.024946543121881715,-0.024853801169590684,0.11235498015656807
2005-11-08,134913,27919,36649,93120,87852,073732,COCOA - NEW YORK BOARD OF TRADE ,1334.0,-0.039047386093260104,5268,4.787550725728637,-8730,-5.0311710885587395,0.13859602590455983,0.11386445297980424,-0.024853801169590684,0.002248875562218977,0.10845689633334106
2005-11-15,129232,28485,37850,88457,82079,073732,COCOA - NEW YORK BOARD OF TRADE ,1337.0,-0.049353101399034295,6378,0.8227524404616308,-9365,-0.47067369341723925,0.06119529014401651,0.02663752167030979,0.002248875562218977,0.0658189977561705,0.10330021451095352
2005-11-22,120710,29108,26732,82446,87471,073732,COCOA - NEW YORK BOARD OF TRADE ,1425.0,0.04162869687681219,-5025,-8.823665965086047,2376,9.085211093227684,0.0671092356856583,0.21026146131805157,0.0658189977561705,-0.01543859649122803,0.10028114384100363
2005-11-29,123283,28381,26387,85369,90194,073732,COCOA - NEW YORK BOARD OF TRADE ,1403.0,0.03913759399106122,-4825,0.16568635572860577,1994,-0.316460939441637,0.03215939577245775,0.019573473561203623,-0.01543859649122803,0.010691375623663513,0.0973854110558202
2005-12-06,120051,28649,17885,83887,97654,073732,COCOA - NEW YORK BOARD OF TRADE ,1418.0,0.11467626258839993,-13767,-7.253230372395221,10764,7.113713975162837,0.0492560909105932,0.18846434864830017,0.010691375623663513,0.04724964739069115,0.09579227543065293
2005-12-13,123277,31845,14908,81198,102009,073732,COCOA - NEW YORK BOARD OF TRADE ,1485.0,0.1688149452047016,-20811,-5.867506309818327,16937,5.1419813246037105,0.03844831256447625,0.13203430795884757,0.04724964739069115,-0.02491582491582489,0.09545829698674303
2005-12-20,123726,32769,14013,81179,103734,073732,COCOA - NEW YORK BOARD OF TRADE ,1448.0,0.18229798102258216,-22555,-1.4147002279419518,18756,1.4755388271940426,0.009431462363381698,0.03888247616604677,-0.02491582491582489,-0.002071823204419898,0.09536258527207755
2005-12-27,125901,33943,13521,81649,105577,073732,COCOA - NEW YORK BOARD OF TRADE ,1445.0,0.1900540901184264,-23928,-1.1097101660119943,20422,1.3465237702665567,0.012354053390020617,0.03510028653295129,-0.002071823204419898,0.06989619377162626,0.09587001542648532
2006-01-03,130473,36572,11173,81058,111612,073732,COCOA - NEW YORK BOARD OF TRADE ,1546.0,0.2341787189686755,-30554,-5.262865267154352,25399,3.953106011866467,0.03439040847044169,0.10424128180961358,0.06989619377162626,-0.017464424320827954,0.09816594357685351
2006-01-10,131851,39486,10850,79220,113833,073732,COCOA - NEW YORK BOARD OF TRADE ,1519.0,0.262516021873175,-34613,-3.11098848037525,28636,2.4809730748890577,0.021025314291930195,0.06430785123966942,-0.017464424320827954,0.034233048057932924,0.10175837955934093
2006-01-17,129378,38865,11402,76170,110197,073732,COCOA - NEW YORK BOARD OF TRADE ,1571.0,0.2630045293635703,-34027,0.4444410736361499,27463,-0.8896405791385731,0.035875450052852705,0.023335389022619214,0.034233048057932924,-0.07638446849140679,0.10492005182779153
2006-01-24,131746,38252,10856,79615,111759,073732,COCOA - NEW YORK BOARD OF TRADE ,1451.0,0.24398463710473184,-32144,1.455425188208196,27396,-0.05178623877320719,0.0261634286789219,0.023601042599983708,-0.07638446849140679,0.022742935906271633,0.1076707363511358
2006-01-31,133388,35110,10649,84514,114149,073732,COCOA - NEW YORK BOARD OF TRADE ,1484.0,0.22217140972201396,-29635,1.9044221456438903,24461,-2.227771621149788,0.03669027448493177,0.07318778819467209,0.022742935906271633,0.022237196765498624,0.1089631327820765
2006-02-07,135885,36936,12291,84602,115099,073732,COCOA - NEW YORK BOARD OF TRADE ,1517.0,0.22443242447657946,-30497,-0.6462350436321108,24645,0.1379434431882928,0.005197770667147385,0.07044914376256932,0.022237196765498624,-0.005932762030323002,0.10955525642293382
2006-02-14,121722,35345,12005,75507,103621,073732,COCOA - NEW YORK BOARD OF TRADE ,1508.0,0.23096892919932305,-28114,1.7536887809544834,23340,-0.960370901865548,0.11485083292394266,0.03964097148891235,-0.005932762030323002,-0.04244031830238726,0.1100710792616748
2006-02-21,124898,33885,15449,79332,101809,073732,COCOA - NEW YORK BOARD OF TRADE ,1444.0,0.17996284968534323,-22477,4.6310445112633705,18436,-4.028852631405991,0.031119404221021194,0.09940406210726882,-0.04244031830238726,0.0041551246537396835,0.10932278371779897
2006-02-28,126776,33302,21152,83371,100256,073732,COCOA - NEW YORK BOARD OF TRADE ,1450.0,0.13318766959045877,-16885,4.477253438806065,12150,-5.032906851991225,0.030453037951935172,0.11543688250633562,0.0041551246537396835,-0.010344827586206917,0.10560215135096923
2006-03-07,129621,31947,24802,87402,99273,073732,COCOA - NEW YORK BOARD OF TRADE ,1435.0,0.09158238248431967,-11871,3.955007256894049,7145,-3.9479081214109923,0.026859515200214276,0.08819538670284939,-0.010344827586206917,-0.0076655052264807955,0.10089290335698999
2006-03-14,129988,31916,23745,86987,98752,073732,COCOA - NEW YORK BOARD OF TRADE ,1424.0,0.0905083546173493,-11765,0.08177687257465997,8171,0.7915384081283126,0.005039329381551532,0.01954689998383069,-0.0076655052264807955,0.05617977528089879,0.0960348335006109
2006-03-21,130434,31010,21635,87254,100230,073732,COCOA - NEW YORK BOARD OF TRADE ,1504.0,0.09948326356624806,-12976,-0.9316244576422439,9375,0.9262393451703235,0.009307460903330417,0.057289391205242665,0.05617977528089879,-0.0146276595744681,0.0915023448072467
2006-03-28,127010,31651,22333,83255,94536,073732,COCOA - NEW YORK BOARD OF TRADE ,1482.0,0.08881977797023856,-11281,1.2995077970467823,9318,-0.043700262201573206,0.05451907014415803,0.02480364552459988,-0.0146276595744681,0.004048582995951344,0.08784503507311124
2006-04-04,127059,33165,23133,79919,93446,073732,COCOA - NEW YORK BOARD OF TRADE ,1488.0,0.10646235213562204,-13527,-1.7683646956932524,10032,0.5621604598063145,0.025529951258904622,0.041102703470816015,0.004048582995951344,-0.040994623655914,0.08503770528820274
2006-04-11,126812,33138,29749,79699,85618,073732,COCOA - NEW YORK BOARD OF TRADE ,1427.0,0.04667539349588367,-5919,5.987769461431303,3389,-5.228279775537349,0.04868222868791473,0.10563391479956112,-0.040994623655914,0.014015416958654603,0.08104703374358196
2006-04-18,132006,35713,40865,82683,79265,073732,COCOA - NEW YORK BOARD OF TRADE ,1447.0,-0.025892762450191658,3418,7.362867867394253,-5152,-6.735167018894112,0.05765430879047596,0.1787850296429784,0.014015416958654603,0.03455425017277136,0.07641153060212988
2006-04-25,130693,35152,39126,82716,80891,073732,COCOA - NEW YORK BOARD OF TRADE ,1497.0,-0.013964022556678628,1825,-1.2067633289395938,-3974,0.8923836795297183,0.01014015292744198,0.030964754032149492,0.03455425017277136,0.012024048096192397,0.07359956269279189
2006-05-02,129342,36480,36069,79702,83506,073732,COCOA - NEW YORK BOARD OF TRADE ,1515.0,0.02941040033399824,-3804,-4.307040162824329,411,3.3551911732074404,0.034489730895544336,0.060441908227542765,0.012024048096192397,0.028382838283828482,0.07182836060815022
2006-05-09,127120,39022,30556,74593,87204,073732,COCOA - NEW YORK BOARD OF TRADE ,1558.0,0.09920547514159848,-12611,-6.809079803930665,8466,6.227675465046157,0.05443240603966699,0.1157693523814999,0.028382838283828482,-0.003209242618742003,0.07197559705205603
2006-05-16,129213,39711,22334,74236,96487,073732,COCOA - NEW YORK BOARD OF TRADE ,1553.0,0.17220403519769684,-22251,-7.583385777218377,17377,7.009911894273128,0.05646573689543881,0.14362156499315012,-0.003209242618742003,-0.033483580167417926,0.07464121199726027
2006-05-23,132154,38164,21056,79967,101683,073732,COCOA - NEW YORK BOARD OF TRADE ,1501.0,0.1643234408341783,-21716,0.41404502642922925,17108,-0.20818338712049098,0.06015414258188825,0.047703478554542385,-0.033483580167417926,-0.027981345769486965,0.0772045828947531
2006-05-30,139343,36857,28786,88682,100204,073732,COCOA - NEW YORK BOARD OF TRADE ,1459.0,0.08268804317403816,-11522,7.713727923483209,8071,-6.838234181333898,0.05396906070328134,0.13766890605243515,-0.027981345769486965,0.0006854009595613775,0.07828509234510742
2006-06-06,145090,36980,30735,92132,100099,073732,COCOA - NEW YORK BOARD OF TRADE ,1460.0,0.054910745054793576,-7967,2.5512584055173204,6245,-1.3104354004148038,0.018493375158013015,0.030598833345639814,0.0006854009595613775,0.012328767123287676,0.07892250812595465
2006-06-13,145777,38840,33190,92881,100890,073732,COCOA - NEW YORK BOARD OF TRADE ,1478.0,0.05494007971079114,-8009,-0.02894754979667792,5650,-0.41009028878627063,0.007947525687538383,0.059905594891017634,0.012328767123287676,0.033152909336941816,0.07869570496124992
2006-06-20,133010,39459,28700,81741,96510,073732,COCOA - NEW YORK BOARD OF TRADE ,1527.0,0.11103676415307119,-14769,-4.6372198632157335,10759,3.5046680889303525,0.08706823524131702,0.07495708563799351,0.033152909336941816,0.026850032743942265,0.07928580736755901
2006-06-27,131079,39176,25761,78720,96170,073732,COCOA - NEW YORK BOARD OF TRADE ,1568.0,0.1331258248842301,-17450,-2.0156379219607548,13415,1.9968423426810014,0.019217794041969237,0.04961732140382217,0.026850032743942265,0.08737244897959173,0.07943144008462528
2006-07-11,162683,62029,13315,79464,133521,073732,COCOA - NEW YORK BOARD OF TRADE ,1705.0,0.3322842583429123,-54057,-27.927433074710674,48714,26.9295615621114,0.17886236119914548,0.4685044595455511,0.08737244897959173,-0.12199413489736066,0.08444047034314404
2006-07-18,159405,53847,11283,79433,128736,073732,COCOA - NEW YORK BOARD OF TRADE ,1497.0,0.30929393682757755,-49303,2.9222475612079934,42564,-3.7803581197789566,0.023135048926593297,0.15682481191463227,-0.12199413489736066,-0.00868403473613899,0.08981152127147397
2006-07-25,146639,43349,10454,80889,120374,073732,COCOA - NEW YORK BOARD OF TRADE ,1484.0,0.2692667025825326,-39485,6.159154355258618,32895,-6.065681754022772,0.04878194203604239,0.21052729401706224,-0.00868403473613899,0.0020215633423179558,0.09463140856471117
2006-08-01,143144,42013,13418,82419,115724,073732,COCOA - NEW YORK BOARD OF TRADE ,1487.0,0.23266780305147264,-33305,4.214431358642653,28595,-2.9323713336833994,0.031189595393226105,0.07757392073027729,0.0020215633423179558,0.0336247478143914,0.09885397091722158
2006-08-08,141330,44000,14405,80679,115435,073732,COCOA - NEW YORK BOARD OF TRADE ,1537.0,0.24592089436071604,-34756,-1.0136645615603868,29595,0.6985972167886884,0.010346023231385826,0.050920297919698654,0.0336247478143914,-0.008458035133376729,0.10302348408491814
2006-08-15,132397,46833,14253,72638,109098,073732,COCOA - NEW YORK BOARD OF TRADE ,1524.0,0.275383883320619,-36460,-1.205688813415411,32580,2.1120781150498833,0.0791147598714619,0.04886553383754052,-0.008458035133376729,-0.04199475065616798,0.10776411734758312
2006-08-22,128976,44853,15915,72278,104907,073732,COCOA - NEW YORK BOARD OF TRADE ,1460.0,0.2529850514824463,-32629,2.893570095999154,28938,-2.7508176167133698,0.02568501848350594,0.05993285939968404,-0.04199475065616798,-0.03904109589041094,0.11398321822321791
2006-08-29,128803,33490,21582,82158,98131,073732,COCOA - NEW YORK BOARD OF TRADE ,1403.0,0.1240110866982912,-15973,12.914030517305545,11908,-13.204006947028905,0.09238500407678782,0.30923155142359093,-0.03904109589041094,0.027797576621525266,0.11791429810569137
2006-09-05,134548,33580,24845,87894,99935,073732,COCOA - NEW YORK BOARD OF TRADE ,1442.0,0.0894922258227547,-12041,3.0527239272377193,8735,-2.4634519382312523,0.040142895931938094,0.057389816003423196,0.027797576621525266,-0.020804438280166426,0.12144259663008815
2006-09-12,138589,32962,25747,91877,102546,073732,COCOA - NEW YORK BOARD OF TRADE ,1412.0,0.07698302174054218,-10669,1.0197104379106343,7215,-1.1297083568689241,0.03391574042165793,0.02589040862559403,-0.020804438280166426,0.01628895184135981,0.12249243121495292
2006-09-19,146140,30522,33105,99811,100123,073732,COCOA - NEW YORK BOARD OF TRADE ,1435.0,0.002134939099493636,-312,7.473176081795814,-2583,-7.069825166499506,0.051802094691248114,0.1539912301381489,0.01628895184135981,0.037630662020905925,0.12099799854802155
2006-09-26,140798,30065,25580,97365,103595,073732,COCOA - NEW YORK BOARD OF TRADE ,1489.0,0.04424778761061947,-6230,-4.0495415355138915,4485,4.836458190775969,0.029448646496815285,0.14344505346392308,0.037630662020905925,-0.026863666890530546,0.12111090979936233
2006-10-03,146930,31504,30520,98460,101772,073732,COCOA - NEW YORK BOARD OF TRADE ,1449.0,0.022541346219288095,-3312,2.072472620349721,984,-2.4865410020028693,0.014573095209556915,0.1028472849219657,-0.026863666890530546,-0.011732229123533444,0.12171285154258159
2006-10-10,146269,31740,32862,99634,101848,073732,COCOA - NEW YORK BOARD OF TRADE ,1432.0,0.01513649508781765,-2214,0.747294630095964,-1122,-1.433335601987341,0.00620402815139814,0.03990588526671001,-0.011732229123533444,0.008379888268156499,0.12235963772787052
2006-10-17,156686,33680,44088,105820,100893,073732,COCOA - NEW YORK BOARD OF TRADE ,1444.0,-0.0314450557165286,4927,4.882100786906316,-10408,-6.348576937013312,0.034545480932500615,0.16929842608785103,0.008379888268156499,0.00969529085872578,0.12193287473332787
2006-10-24,161449,36738,47956,106197,99939,073732,COCOA - NEW YORK BOARD OF TRADE ,1458.0,-0.03876146646928751,6258,0.8494696399167763,-11218,-0.5169574818426662,0.006456902239298327,0.08177674923843484,0.00969529085872578,0.017832647462277196,0.12069725710524769
2006-10-31,155081,36749,40467,99283,99705,073732,COCOA - NEW YORK BOARD OF TRADE ,1484.0,0.00272115862033389,-422,-4.137529498479396,-3718,4.645429826137047,0.03592176412647999,0.09713012847078326,0.017832647462277196,0.02156334231805923,0.12047740494030143
2006-11-07,145174,35564,32821,92090,99281,073732,COCOA - NEW YORK BOARD OF TRADE ,1516.0,0.049533663052612725,-7191,-4.364815805933674,2743,4.166209916108357,0.03980226889131582,0.1291365065438327,0.02156334231805923,-0.02836411609498679,0.12120256830336464
2006-11-14,125906,36365,25272,77632,90761,073732,COCOA - NEW YORK BOARD OF TRADE ,1473.0,0.10427620605848807,-13129,-4.090264096876852,11093,5.7517186273024095,0.1364546032198488,0.13547057773739798,-0.02836411609498679,-0.04276985743380857,0.1239587912293598
2006-11-21,129367,34954,27771,82521,92476,073732,COCOA - NEW YORK BOARD OF TRADE ,1410.0,0.07695161826431779,-9955,2.5209283115975407,7183,-3.105491398344797,0.037737789790682125,0.06233559186927062,-0.04276985743380857,0.0375886524822695,0.12638772814596272
2006-11-28,131990,35182,31645,85190,92604,073732,COCOA - NEW YORK BOARD OF TRADE ,1463.0,0.05617092203954845,-7414,1.964179427520156,3537,-2.81833852528079,0.015731689483334647,0.0613823753871938,0.0375886524822695,0.019138755980861344,0.12666738632216917
2006-12-05,135071,39587,27320,82871,98917,073732,COCOA - NEW YORK BOARD OF TRADE ,1491.0,0.11879678095223993,-16046,-6.539889385559512,12267,6.614137434654141,0.04748388232446586,0.13047962096641608,0.019138755980861344,0.07109322602280344,0.12819929376373032
2006-12-12,136596,41628,13291,80505,113005,073732,COCOA - NEW YORK BOARD OF TRADE ,1597.0,0.23792790418460277,-32500,-12.181741454494304,28337,11.897446528122247,0.08502919745749574,0.29261275696935485,0.07109322602280344,0.058860363180964326,0.13056951764058036
2006-12-19,144753,48320,13722,80045,119089,073732,COCOA - NEW YORK BOARD OF TRADE ,1691.0,0.2697284339530096,-39044,-4.7907698614893555,34598,4.583589563383994,0.03286229373185895,0.11480932271686922,0.058860363180964326,-0.04139562389118867,0.1325101616549709
2006-12-26,144508,48475,14077,79744,119247,073732,COCOA - NEW YORK BOARD OF TRADE ,1621.0,0.2733620283998118,-39503,-0.31709187374354936,34398,-0.13816639378803894,0.0023066369835821722,0.008153216523852156,-0.04139562389118867,-0.02035780382479946,0.13426139333530224
2007-01-09,150161,49593,12104,81761,125320,073732,COCOA - NEW YORK BOARD OF TRADE ,1588.0,0.2900819786762209,-43559,-2.8067650233897083,37489,2.1389819248761315,0.03906683858007253,0.0500996806976028,-0.02035780382479946,0.01133501259445846,0.13618500657679827
2007-01-16,145216,47661,12713,80969,121739,073732,COCOA - NEW YORK BOARD OF TRADE ,1606.0,0.280754186866461,-40770,1.8573397886268737,34948,-1.6921837228041903,0.02157290289480435,0.04208765362573293,0.01133501259445846,0.005603985056039873,0.13708068865175568
2007-01-23,143412,47016,15839,80770,117570,073732,COCOA - NEW YORK BOARD OF TRADE ,1615.0,0.2566033525785848,-36800,2.733858527985897,31177,-2.5968212869105334,0.02202278914994454,0.05999522711001511,0.005603985056039873,0.0006191950464395912,0.1369669834730136
2007-01-30,140652,47118,15957,78614,114245,073732,COCOA - NEW YORK BOARD OF TRADE ,1616.0,0.2533273611466598,-35631,0.8151340194683847,31161,-0.01115666750341673,0.02841972632856128,0.0034879112168053903,0.0006191950464395912,0.02289603960396036,0.13678088408422687
2007-02-06,144410,51655,14546,72589,115251,073732,COCOA - NEW YORK BOARD OF TRADE ,1653.0,0.2954227546568797,-42662,-4.99886244063362,37109,4.228876944515542,0.03743079216354344,0.08984758538390658,0.02289603960396036,0.04537205081669682,0.13777007865253738
2007-02-13,142376,58972,13545,69136,119933,073732,COCOA - NEW YORK BOARD OF TRADE ,1728.0,0.3567806371860426,-50797,-5.633266394294024,45427,5.759988920434873,0.043026619911249335,0.11470413833997545,0.04537205081669682,0.00983796296296302,0.14035871764223026
2007-02-20,160571,63770,16451,72574,125223,073732,COCOA - NEW YORK BOARD OF TRADE ,1745.0,0.32788610645757954,-52649,-1.3007810305107603,47319,1.3288756531999775,0.04412604842338357,0.09603470412984132,0.00983796296296302,-0.012607449856733566,0.14234821152648022
2007-02-27,162014,62108,14727,72625,125944,073732,COCOA - NEW YORK BOARD OF TRADE ,1723.0,0.3291011887861543,-53319,-0.41726090016254486,47381,0.03861220270160863,0.003887817333017742,0.044068458384850656,-0.012607449856733566,-0.007544979686593178,0.14423537036468853
2007-03-06,169153,62752,13237,77672,132436,073732,COCOA - NEW YORK BOARD OF TRADE ,1710.0,0.32375423433223177,-54764,-0.8918982310170727,49515,1.3171701211006457,0.054919374797723075,0.028083012014896894,-0.007544979686593178,0.046198830409356795,0.14700058930020563
2007-03-13,170800,61437,14724,80783,133459,073732,COCOA - NEW YORK BOARD OF TRADE ,1789.0,0.3084074941451991,-52676,1.2343854380353882,46713,-1.656488504490018,0.019295936371019687,0.036790483318233744,0.046198830409356795,0.04192286193404127,0.1503702013108737
2007-03-20,173371,62773,15252,79549,133940,073732,COCOA - NEW YORK BOARD OF TRADE ,1864.0,0.31372605568405326,-54391,-1.0040983606557377,47521,0.47306791569086654,0.00803320077381036,0.023889778917013778,0.04192286193404127,0.015557939914162988,0.1546421950262532
2007-03-27,178906,68750,16905,79090,136401,073732,COCOA - NEW YORK BOARD OF TRADE ,1893.0,0.32034140833733915,-57311,-1.6842493842684187,51845,2.494073403279672,0.013550449902780162,0.08907827914307397,0.015557939914162988,-0.014263074484944571,0.15906206144394533
2007-04-03,170120,62320,14802,76481,130437,073732,COCOA - NEW YORK BOARD OF TRADE ,1866.0,0.31716435457324244,-53956,1.875286463282394,47518,-2.4185885325254604,0.04143187156264801,0.11064287751873654,-0.014263074484944571,0.009110396570203738,0.1632482362710029
2007-04-10,163851,61620,14037,74664,128472,073732,COCOA - NEW YORK BOARD OF TRADE ,1883.0,0.3283959206840361,-53808,0.08699741359040677,47583,0.0382083235363273,0.018618068683049778,0.019363707257755398,0.009110396570203738,0.038767923526287884,0.1678554697847298
2007-04-17,154011,62310,14793,69688,123583,073732,COCOA - NEW YORK BOARD OF TRADE ,1956.0,0.34994253657206303,-53895,-0.05309702107402457,47517,-0.040280498745811744,0.05104231881658397,0.018754134080385978,0.038767923526287884,-0.059304703476482645,0.1725377810238921
2007-04-24,148172,57573,12545,68172,120347,073732,COCOA - NEW YORK BOARD OF TRADE ,1840.0,0.35212455794617065,-52175,1.1168033452156014,45028,-1.6161183292102512,0.025207008312159516,0.09961778715878947,-0.059304703476482645,0.005978260869565322,0.17841180341716684
2007-05-01,148631,54764,12110,68685,117932,073732,COCOA - NEW YORK BOARD OF TRADE ,1851.0,0.3313373387785859,-49247,1.9760818508220177,42654,-1.60219204708042,0.015689888916872525,0.048509136585219964,0.005978260869565322,0.03187466234467862,0.1852816130561818
2007-05-08,150286,54417,12887,69023,116539,073732,COCOA - NEW YORK BOARD OF TRADE ,1910.0,0.3161705015769932,-47516,1.1646291823374666,41530,-0.7562352402930749,0.009328418533967084,0.016700344704623796,0.03187466234467862,0.01099476439790581,0.19163035390490626
2007-05-15,155642,56363,17798,73983,117995,073732,COCOA - NEW YORK BOARD OF TRADE ,1931.0,0.28277714241657137,-44012,2.331554502748094,38565,-1.9729049944771968,0.03342049609851129,0.09246099701999703,0.01099476439790581,-0.004142931123770066,0.19650279125264805
2007-05-22,157679,58260,18303,72355,118980,073732,COCOA - NEW YORK BOARD OF TRADE ,1923.0,0.2956956855383406,-46625,-1.6788527518279128,39957,0.8943601341540202,0.013656675464499439,0.03137285634053002,-0.004142931123770066,-0.010400416016640657,0.20028144914489307
2007-05-29,158280,60225,17762,70844,120154,073732,COCOA - NEW YORK BOARD OF TRADE ,1903.0,0.31153651756381096,-49310,-1.7028266287837948,42463,1.589304853531542,0.01405773882449031,0.03213356072165874,-0.010400416016640657,-0.011560693641618491,0.20296091995962603
2007-06-05,152624,55618,15916,73057,120402,073732,COCOA - NEW YORK BOARD OF TRADE ,1881.0,0.31020678268162283,-47345,1.2414708112206216,39702,-1.7443770533232248,0.012721041667743552,0.09020885173483938,-0.011560693641618491,-0.02392344497607657,0.20576636884130767
2007-06-12,143987,53840,16278,65549,110107,073732,COCOA - NEW YORK BOARD OF TRADE ,1836.0,0.3094584927805982,-44558,1.8260561903763497,37562,-1.4021385889506237,0.1013515052147379,0.030519980604124475,-0.02392344497607657,0.061002178649237404,0.21012733902604921
2007-06-19,142795,56964,15692,68541,116767,073732,COCOA - NEW YORK BOARD OF TRADE ,1948.0,0.3377289120767534,-48226,-2.547452200545883,41272,2.5766215005521333,0.052086256394758994,0.051062541290464655,0.061002178649237404,0.037987679671458,0.2155661499303177
2007-06-26,153406,61660,15928,71620,125537,073732,COCOA - NEW YORK BOARD OF TRADE ,2022.0,0.35146604435289364,-53917,-3.9854336636436853,45732,3.1233586610175426,0.06009931171604356,0.06356653090684126,0.037987679671458,0.021760633036597365,0.2212685723272812
2007-07-03,166954,74518,17671,71435,136068,073732,COCOA - NEW YORK BOARD OF TRADE ,2066.0,0.38713058686823915,-64633,-6.985385187020064,56847,7.245479316324004,0.051642626853587656,0.15838115176431028,0.021760633036597365,-0.019845111326234233,0.2265780689179575
2007-07-10,170240,76933,17024,72070,139165,073732,COCOA - NEW YORK BOARD OF TRADE ,2025.0,0.3941200657894737,-67095,-1.4746576901421948,59909,1.8340381182840784,0.01766752668828556,0.032589375991144885,-0.019845111326234233,0.034074074074074145,0.23159718893536602
2007-07-17,167490,75659,16844,70490,135991,073732,COCOA - NEW YORK BOARD OF TRADE ,2094.0,0.39107409397575976,-65501,0.9363251879699249,58815,-0.6426221804511278,0.023023910190283853,0.01571840913267678,0.034074074074074145,0.002865329512893977,0.23272776269753617
2007-07-24,168774,74705,16644,70914,136212,073732,COCOA - NEW YORK BOARD OF TRADE ,2100.0,0.38689608589000674,-65298,0.12120126574720878,58061,-0.4501761299182041,0.003114046522406651,0.012632869544275251,0.002865329512893977,-0.07523809523809522,0.23422011171796747
2007-07-31,158478,61585,14263,75376,129835,073732,COCOA - NEW YORK BOARD OF TRADE ,1942.0,0.3436376026956423,-54459,6.422197731878134,47322,-6.362946899403937,0.05281880600942444,0.20436926484548043,-0.07523809523809522,-0.059217301750772444,0.23565032133552727
2007-08-07,143311,54183,13163,68477,115198,073732,COCOA - NEW YORK BOARD OF TRADE ,1827.0,0.32601126221992727,-46721,4.8826966519012105,41020,-3.976577190524868,0.11725057846740167,0.12624357794078342,-0.059217301750772444,0.014230979748221184,0.2374453878579976
2007-08-14,135055,52637,15951,66113,108901,073732,COCOA - NEW YORK BOARD OF TRADE ,1853.0,0.31681907371071044,-42788,2.7443811012413564,36686,-3.024192141566244,0.049487469573862665,0.06318889601679595,0.014230979748221184,-0.03237992444684301,0.238808814383959
2007-08-21,130125,41177,10980,72396,107709,073732,COCOA - NEW YORK BOARD OF TRADE ,1793.0,0.27137752161383283,-35313,5.5347821258006,30197,-4.804709192551183,0.041503567363482416,0.31502962210249824,-0.03237992444684301,0.01059676519799213,0.23873176896652082
2007-08-28,124530,36815,12208,72415,101488,073732,COCOA - NEW YORK BOARD OF TRADE ,1812.0,0.23346181642977595,-29073,4.795389048991354,24607,-4.2958693563880885,0.035882072189668955,0.11402810925483957,0.01059676519799213,0.004966887417218624,0.23835632213858485
2007-09-04,121473,36371,12552,68435,96364,073732,COCOA - ICE FUTURES U.S. ,1821.0,0.22991940595852575,-27929,0.9186541395647636,23819,-0.6327792499799245,0.055243053659306186,0.016106943564376672,0.004966887417218624,0.030203185063152116,0.24039302058589707
2007-09-11,121402,37079,12112,66179,95771,073732,COCOA - ICE FUTURES U.S. ,1876.0,0.2437521622378544,-29592,-1.3690285083928115,24967,0.9450659817407984,0.017591849336214882,0.02333760240694436,0.030203185063152116,-0.0015991471215351938,0.243359557824649
2007-09-18,122335,38360,11171,65194,97914,073732,COCOA - ICE FUTURES U.S. ,1873.0,0.26746229615400335,-32720,-2.5765638127872688,27189,1.8302828618968388,0.019177477499570838,0.044860794250065616,-0.0015991471215351938,0.09022957821676458,0.24702262079413861
2007-09-25,127638,48284,8988,62940,108253,073732,COCOA - ICE FUTURES U.S. ,2042.0,0.35501183033265954,-45313,-10.2938652061961,39296,9.896595414231415,0.07356025071118562,0.21139474786981421,0.09022957821676458,-0.06121449559255632,0.2538087148563149
2007-10-02,133397,54339,9086,59252,111855,073732,COCOA - ICE FUTURES U.S. ,1917.0,0.39433420541691344,-52603,-5.711465237625159,45253,4.667105407480531,0.04260491972859088,0.09701221915648403,-0.06121449559255632,-0.049034950443401115,0.2605411459679744
2007-10-09,129096,48572,8209,60248,106954,073732,COCOA - ICE FUTURES U.S. ,1823.0,0.3617927743694615,-46706,4.420639144808354,40363,-3.6657496045638207,0.03526871688137702,0.11701097198006376,-0.049034950443401115,0.02578167855183766,0.2670652118939393
2007-10-16,132913,46755,9642,65202,107408,073732,COCOA - ICE FUTURES U.S. ,1870.0,0.31754606396665486,-42206,3.485778025655326,37113,-2.51750635186218,0.03133074561149412,0.057627178750642764,0.02578167855183766,-0.009625668449197877,0.27288078052622455
2007-10-23,133418,46961,10917,65070,104611,073732,COCOA - ICE FUTURES U.S. ,1852.0,0.2963693054910132,-39541,2.005070986284261,36044,-0.8042855100704972,0.017261803030392323,0.025588306437679256,-0.009625668449197877,0.05021598272138239,0.2791849028571388
2007-10-30,137790,49484,11599,66785,109316,073732,COCOA - ICE FUTURES U.S. ,1945.0,0.3086653603309384,-42531,-2.2410769161582396,37885,1.379873780149605,0.036456351752687376,0.05246959055711082,0.05021598272138239,-0.0015424164524421302,0.2858661879879124
2007-11-06,137788,56776,11563,60290,109892,073732,COCOA - ICE FUTURES U.S. ,1942.0,0.35998780735622843,-49602,-5.131722185935119,45213,5.3182378982509615,0.0415496350965437,0.10723013213538389,-0.0015424164524421302,-0.03244078269824924,0.29273670046360273
2007-11-13,133079,57292,13484,62414,111096,073732,COCOA - ICE FUTURES U.S. ,1879.0,0.3658127878929057,-48682,0.6676923970157054,43808,-1.0196824106598543,0.019180450694484468,0.03443257601446818,-0.03244078269824924,0.030867482703565763,0.29881899132591605
2007-11-20,139857,60807,14625,63658,116041,073732,COCOA - ICE FUTURES U.S. ,1937.0,0.37454685857697506,-52383,-2.78105486214955,46182,1.7839027945806627,0.03444092621550482,0.06172446706967865,0.030867482703565763,-0.01755291688177596,0.3040165038743485
2007-11-27,139307,60457,14374,62199,115370,073732,COCOA - ICE FUTURES U.S. ,1903.0,0.3816821839534266,-53171,-0.5634326490629714,46083,-0.07078658915892662,0.011995337023917464,0.008031430824123692,-0.01755291688177596,0.11035207566999472,0.3098767070606775
2007-12-04,150307,68048,19743,63455,119637,073732,COCOA - ICE FUTURES U.S. ,2113.0,0.37378166020211967,-56182,-2.1614132814575004,48305,1.5950382967115797,0.030165162868940203,0.14762333268786093,0.11035207566999472,0.043539990534784634,0.3159846058714961
2007-12-11,162862,75823,25493,66322,124924,073732,COCOA - ICE FUTURES U.S. ,2205.0,0.3598261104493375,-58602,-1.6100381219770203,50330,1.347242643389862,0.04263618585486755,0.1334932291049785,0.043539990534784634,-0.041269841269841234,0.32061978528490187
2007-12-18,171211,80538,27364,67505,128452,073732,COCOA - ICE FUTURES U.S. ,2114.0,0.35597595948858424,-60947,-1.4398693372302933,53174,1.7462637079245007,0.024040988584230212,0.06103686678652852,-0.041269841269841234,0.019867549668874274,0.3228899401945938
2008-01-08,183671,86175,28116,65981,133381,073732,COCOA - ICE FUTURES U.S. ,2156.0,0.36696048913546503,-67400,-3.7690335317240127,58059,2.853204525410167,0.03236825473259698,0.055901164571138584,0.019867549668874274,0.013914656771799594,0.32475978740964107
2008-01-15,192392,91729,29228,66849,138431,073732,COCOA - ICE FUTURES U.S. ,2186.0,0.37206328745477985,-71582,-2.27689727828563,62501,2.4184547370025755,0.02882891660171473,0.05511049381185049,0.013914656771799594,-0.02516010978956995,0.32665788854531347
2008-01-22,190696,80646,23202,72740,136921,073732,COCOA - ICE FUTURES U.S. ,2131.0,0.3365618576163108,-64181,3.8468335481724814,57444,-2.6284876710050313,0.035299841172177944,0.16475040443725444,-0.02516010978956995,0.04880337869544804,0.3275517323710844
2008-01-29,190651,81581,24770,74525,138301,073732,COCOA - ICE FUTURES U.S. ,2235.0,0.3345169970259794,-63776,0.21237991357972902,56811,-0.3319419390023913,0.014871303318203603,0.023535274703575894,0.04880337869544804,0.04608501118568231,0.3285856325664599
2008-02-05,188701,90589,28065,72499,140832,073732,COCOA - ICE FUTURES U.S. ,2338.0,0.3621231472011277,-68333,-2.39023136516462,62524,2.99657489339159,0.02136117113780932,0.10368803411600115,0.04608501118568231,0.035500427715996485,0.33061485938612406
2008-02-12,187408,92715,31429,69249,133702,073732,COCOA - ICE FUTURES U.S. ,2421.0,0.34391808247246647,-64453,2.056162924414815,61286,-0.6560643557797786,0.05114535035550453,0.044222837994586935,0.035500427715996485,0.028087567121024337,0.33235698864238955
2008-02-19,177759,92020,32338,63148,130113,073732,COCOA - ICE FUTURES U.S. ,2489.0,0.37671791582985953,-66965,-1.3403910185264236,59682,-0.8558866217023819,0.050139448724781516,0.012898245388314383,0.028087567121024337,0.05343511450381677,0.3339203571264854
2008-02-26,179155,87810,33231,67592,130383,073732,COCOA - ICE FUTURES U.S. ,2622.0,0.3504842175769585,-62791,2.3481230204940395,54579,-2.8707407219887604,0.023811087258492233,0.042159268347089,0.05343511450381677,0.04958047292143397,0.333799272134003
2008-03-04,179090,83083,30948,69311,129757,073732,COCOA - ICE FUTURES U.S. ,2752.0,0.33751744932715394,-60446,1.3089224414613045,52135,-1.3641818537021015,0.011779894307472824,0.06147451131709798,0.04958047292143397,0.005087209302325535,0.3339844902661102
2008-03-11,174198,78816,29447,68820,126171,073732,COCOA - ICE FUTURES U.S. ,2766.0,0.3292288085971136,-57351,1.7281813613267072,49369,-1.5444748450499748,0.02090865732264566,0.053277666423431826,0.005087209302325535,-0.0585683297180043,0.333986944493244
2008-03-18,167393,68539,25283,72717,122690,073732,COCOA - ICE FUTURES U.S. ,2604.0,0.2985369758592056,-49973,4.235410280255801,43256,-3.50922513461693,0.037757091608796,0.1539191234465264,-0.0585683297180043,-0.07910906298003073,0.33350199721491663
2008-03-25,153734,53868,18296,73421,115417,073732,COCOA - ICE FUTURES U.S. ,2398.0,0.2731731432214084,-41996,4.765432246270753,35572,-4.590395058335773,0.04224255711244559,0.30012194445984147,-0.07910906298003073,-0.048373644703919916,0.3328244135433052
2008-04-01,145960,50011,16859,73203,112213,073732,COCOA - ICE FUTURES U.S. ,2282.0,0.26726500411071524,-39010,1.94231594832633,33152,-1.57414755356655,0.018455796694999353,0.07916853596530582,-0.048373644703919916,0.002629272567922891,0.3319309317822795
2008-04-08,135836,50116,16469,69010,108541,073732,COCOA - ICE FUTURES U.S. ,2288.0,0.2910200535940399,-39531,-0.35694710879693065,33647,0.3391340093176212,0.04429713152840592,0.007434106780806488,0.002629272567922891,0.15384615384615374,0.3313670595756776
2008-04-15,133233,54407,17137,65222,107554,073732,COCOA - ICE FUTURES U.S. ,2640.0,0.31772909114108366,-42332,-2.0620454076975174,37270,2.667186901852234,0.0276369403157846,0.0693139885944314,0.15384615384615374,0.0746212121212122,0.33137791989429
2008-04-22,135652,57259,21364,64627,105191,073732,COCOA - ICE FUTURES U.S. ,2837.0,0.2990298705511161,-40564,1.326998566421232,35895,-1.0320266000165124,0.01741864819983747,0.0900372664487491,0.0746212121212122,0.011632005639760301,0.33081318816096456
2008-04-29,138406,60452,24307,63065,104539,073732,COCOA - ICE FUTURES U.S. ,2870.0,0.2996546392497435,-41474,-0.670834193377171,36145,0.1842951080706514,0.013209708598840124,0.07239349213652828,0.011632005639760301,-0.031010452961672486,0.32984611321245844
2008-05-06,141699,59194,26996,66828,104746,073732,COCOA - ICE FUTURES U.S. ,2781.0,0.2675953958743534,-37918,2.5692527780587544,32198,-2.8517549817204455,0.023138703999440475,0.045794175658429054,-0.031010452961672486,-0.028047464940668787,0.328220552403385
2008-05-13,146470,58409,28769,70643,106060,073732,COCOA - ICE FUTURES U.S. ,2703.0,0.24180378234450742,-35417,1.7650089273742227,29640,-1.8052350404731157,0.02902610595179482,0.02934226525040721,-0.028047464940668787,-0.036995930447650704,0.32649875324119115
2008-05-20,149839,55723,29650,74261,107044,073732,COCOA - ICE FUTURES U.S. ,2603.0,0.21878816596480222,-32783,1.7983204751826312,26073,-2.4353109851846795,0.025382642508480185,0.04178135944619493,-0.036995930447650704,-0.0049942374183634675,0.32462601601787977
2008-05-27,149430,54020,30002,73597,104521,073732,COCOA - ICE FUTURES U.S. ,2590.0,0.20694639630596265,-30924,1.240664980412309,24018,-1.3714720466634187,0.017892632973646683,0.02445788007902692,-0.0049942374183634675,0.08378378378378382,0.3231677324388296
2008-06-03,157841,58646,31199,73796,104660,073732,COCOA - ICE FUTURES U.S. ,2807.0,0.1955385482859333,-30864,0.04015257980325236,27447,2.2947199357558725,0.0018940242973057785,0.0648116200122433,0.08378378378378382,0.018168863555397152,0.3212416336455141
2008-06-10,160613,63479,32002,73611,109362,073732,COCOA - ICE FUTURES U.S. ,2858.0,0.22259094842883204,-35751,-3.0961537243175097,31477,2.553202273173637,0.02670885868406814,0.05902745048753155,0.018168863555397152,0.04898530440867743,0.31953114193137994
2008-06-17,158367,68267,34267,65395,103820,073732,COCOA - ICE FUTURES U.S. ,2998.0,0.24263261916939766,-38425,-1.664871461214223,34000,1.5708566554388501,0.08130484886091659,0.06878693896658669,0.04898530440867743,0.07738492328218816,0.318231638786914
2008-06-24,161943,71674,35898,64862,105062,073732,COCOA - ICE FUTURES U.S. ,3230.0,0.24823549026509328,-40200,-1.1208143110622795,35776,1.121445755744568,0.010445846378380924,0.0468337485591046,0.07738492328218816,0.04024767801857587,0.31705427335392355
2008-07-01,164340,75115,36251,62359,106326,073732,COCOA - ICE FUTURES U.S. ,3360.0,0.26753681392235606,-43967,-2.3261270941010106,38864,1.906843766016438,0.022331564750867002,0.03406784835587163,0.04024767801857587,-0.1071428571428571,0.31570442531249293
2008-07-08,151346,66303,33479,59588,95438,073732,COCOA - ICE FUTURES U.S. ,3000.0,0.2368744466322202,-35850,4.9391505415601795,32824,-3.675307289765121,0.08810780127204469,0.11609308292076727,-0.1071428571428571,0.014333333333333309,0.3135007407409414
2008-07-15,149459,61777,34538,62484,97374,073732,COCOA - ICE FUTURES U.S. ,3043.0,0.2334419472898922,-34890,0.6343081416092926,27239,-3.6902197613415613,0.03022682630834866,0.05798681409956912,0.014333333333333309,-0.08577062109760103,0.3105451899798194
2008-07-22,149280,58241,34219,66054,96865,073732,COCOA - ICE FUTURES U.S. ,2782.0,0.20639737406216505,-30811,2.7291765634722567,24022,-2.1524297633464693,0.02503698156752742,0.04169370538611292,-0.08577062109760103,0.019051042415528352,0.3069351382158327
2008-07-29,151815,52868,33767,73684,100724,073732,COCOA - ICE FUTURES U.S. ,2835.0,0.17811151730724895,-27040,2.5261254019292605,19101,-3.2964898177920685,0.06587427182239347,0.06723610550008657,0.019051042415528352,-0.041269841269841234,0.3028397040491306
2008-08-05,143049,49213,31150,74706,98861,073732,COCOA - ICE FUTURES U.S. ,2718.0,0.1688582234059658,-24155,1.9003392286664689,18063,-0.6837269044560814,0.016621823272857168,0.07804586687903638,-0.041269841269841234,-0.00919793966151583,0.29864666823212976
2008-08-12,133900,47373,30390,68722,91044,073732,COCOA - ICE FUTURES U.S. ,2693.0,0.16670649738610904,-22322,1.2813791078581467,16983,-0.7549860537298408,0.08638258452987495,0.03343492406414362,-0.00919793966151583,-0.006312662458225038,0.29524414697617724
2008-08-19,127877,44572,32920,67550,80285,073732,COCOA - ICE FUTURES U.S. ,2676.0,0.09958788523346654,-12735,7.159820761762509,11652,-3.981329350261389,0.08070483985524403,0.06879419811077273,-0.006312662458225038,0.07399103139013463,0.2908898512648991
2008-08-26,131164,46122,33342,67456,86545,073732,COCOA - ICE FUTURES U.S. ,2874.0,0.14553536031228081,-19089,-4.96883724203727,12780,0.8820976407016117,0.0412594723410887,0.024816269002315514,0.07399103139013463,-0.07202505219206679,0.2875959336995447
2008-09-02,132442,43530,31727,69448,87899,073732,COCOA - ICE FUTURES U.S. ,2667.0,0.13931381283882757,-18451,0.48641395504864143,11803,-0.7448690189381233,0.02126510197207446,0.05590177657892289,-0.07202505219206679,-0.03937007874015752,0.2850562469923331
2008-09-09,130410,41524,32553,70641,84903,073732,COCOA - ICE FUTURES U.S. ,2562.0,0.10936277892799631,-14262,3.1628939460292047,8971,-2.13829449872397,0.026931286324126936,0.038230489895649124,-0.03937007874015752,0.0031225604996096834,0.28266972704037574
2008-09-16,128500,38887,30463,71692,83784,073732,COCOA - ICE FUTURES U.S. ,2570.0,0.0941011673151751,-12092,1.6639828234031133,8424,-0.41944636147534703,0.013957138079189071,0.06816149963950974,0.0031225604996096834,0.051361867704280195,0.28005783783569593
2008-09-23,126000,37739,27916,70923,85109,073732,COCOA - ICE FUTURES U.S. ,2702.0,0.11258730158730158,-14186,-1.6295719844357976,9823,1.088715953307393,0.01342032403609516,0.05627903434620364,0.051361867704280195,-0.05329385640266471,0.27753543666933916
2008-09-30,124494,34261,23446,71851,85750,073732,COCOA - ICE FUTURES U.S. ,2558.0,0.11164393464745288,-13899,0.2277777777777778,10815,0.7873015873015874,0.009955520586798307,0.1377302580276223,-0.05329385640266471,-0.05316653635652857,0.2745389297172901
2008-10-07,117470,30332,24464,73509,81423,073732,COCOA - ICE FUTURES U.S. ,2422.0,0.06737039244062314,-7914,4.807460600510868,5868,-3.9736854788182563,0.03862985051506467,0.09028031243156434,-0.05316653635652857,-0.04748142031379021,0.2690073636039817
2008-10-14,115774,29199,25345,75216,79076,073732,COCOA - ICE FUTURES U.S. ,2307.0,0.033340819182199805,-3860,3.4510938963139526,3854,-1.7144802928407255,0.02627485546885127,0.03692431798181285,-0.04748142031379021,-0.11703511053315996,0.26206518309946797
2008-10-21,117142,29439,29559,75683,75060,073732,COCOA - ICE FUTURES U.S. ,2037.0,-0.005318331597548275,623,3.8721992848135165,-120,-3.432549622540467,0.029739357714786092,0.07549408454523882,-0.11703511053315996,-0.03485517918507608,0.25500535413856396
2008-10-28,131064,35256,33760,83470,83657,073732,COCOA - ICE FUTURES U.S. ,1966.0,0.0014267838613196606,-187,-0.691468474159567,1496,1.3795222891874819,0.09803323221262872,0.14515474672539702,-0.03485517918507608,0.016785350966429302,0.24892613721346135
2008-11-04,129961,34904,32568,81562,83200,073732,COCOA - ICE FUTURES U.S. ,1999.0,0.012603781134340302,-1638,-1.1070927180614052,2336,0.6409082585607031,0.014354037945642805,0.02288356651648091,0.016785350966429302,-0.02951475737868936,0.24346910789890996
2008-11-11,111831,30836,24982,66383,71169,073732,COCOA - ICE FUTURES U.S. ,1940.0,0.04279672005079092,-4786,-2.4222651410807856,5854,2.7069659359346265,0.19781609863906013,0.2087856963703465,-0.02951475737868936,0.12989690721649483,0.23835624943198402
2008-11-18,105201,31297,22276,61111,69880,073732,COCOA - ICE FUTURES U.S. ,2192.0,0.08335472096272849,-8769,-3.561624236571255,9021,2.831951784388944,0.05008741058546007,0.05911559927575458,0.12989690721649483,0.029197080291970767,0.23303638238595517
2008-11-25,108719,31298,21600,62832,72894,073732,COCOA - ICE FUTURES U.S. ,2256.0,0.09255052014827216,-10062,-1.2290757692417373,9698,0.6435300044676381,0.034886462431663795,0.012798215433475747,0.029197080291970767,-0.002216312056737557,0.22778133877548148
2008-12-02,109872,30816,21041,63432,73227,073732,COCOA - ICE FUTURES U.S. ,2251.0,0.08914919178680647,-9795,0.24558724785915986,9775,0.07082478683578768,0.0068272122582486335,0.020074435466764372,-0.002216312056737557,0.0026654820079965447,0.22229292210643978
2008-12-09,111523,30852,20643,63388,74878,073732,COCOA - ICE FUTURES U.S. ,2257.0,0.1030280749262484,-11490,-1.542704237658366,10209,0.3950050968399592,0.012258979069330132,0.008428002718710555,0.0026654820079965447,0.13823659725299065,0.21693418924053248
2008-12-16,113238,31516,16183,62997,80960,073732,COCOA - ICE FUTURES U.S. ,2569.0,0.15863049506349458,-17963,-5.80418389031859,15333,4.594567936658805,0.04496481588252047,0.10742363571563344,0.13823659725299065,-0.015570260801868407,0.21279666683402046
2008-12-30,116641,36545,16436,60288,83695,073732,COCOA - ICE FUTURES U.S. ,2529.0,0.20067557719841222,-23407,-4.807573429414154,20109,4.21766544799449,0.03781001923838231,0.09969611747607633,-0.015570260801868407,0.01542111506524324,0.20973607965611804
2009-01-06,118037,35993,15137,61325,86157,073732,COCOA - ICE FUTURES U.S. ,2568.0,0.21037471301371605,-24832,-1.2216973448444373,20856,0.640426608139505,0.023724929143895526,0.03620183845100724,0.01542111506524324,-0.032320872274143264,0.20693605568544754
2009-01-13,124141,37871,16717,63421,87714,073732,COCOA - ICE FUTURES U.S. ,2485.0,0.19568877324977244,-24293,0.45663647839236854,21154,0.25246321068817407,0.024170443643100538,0.0633472558071371,-0.032320872274143264,-0.006036217303822977,0.2036423688414919
2009-01-20,116201,33089,14567,63911,85553,073732,COCOA - ICE FUTURES U.S. ,2470.0,0.1862462457293827,-21642,2.135474984090671,18522,-2.120169806913107,0.017736712519402665,0.14545912371999328,-0.006036217303822977,0.11133603238866407,0.20006896419292658
2009-01-27,120153,32943,11824,63458,88209,073732,COCOA - ICE FUTURES U.S. ,2745.0,0.205995688830075,-24751,-2.67553635510882,21119,2.2349205256409155,0.020498856046470226,0.06453414345388345,0.11133603238866407,0.00036429872495435944,0.1975580763316528
2009-02-03,123557,36807,13953,62923,91182,073732,COCOA - ICE FUTURES U.S. ,2746.0,0.22871225426321454,-28259,-2.919610829525688,22854,1.4439922432232237,0.022763700074624443,0.11806540583136328,0.00036429872495435944,-0.010196649672250535,0.19552336974006118
2009-02-10,121753,39630,15644,60908,90324,073732,COCOA - ICE FUTURES U.S. ,2718.0,0.24160390298391005,-29416,-0.936409916071125,23986,0.9161763396650937,0.01899730215827338,0.08166588269349061,-0.010196649672250535,-0.00919793966151583,0.19320569196665313
2009-02-17,114542,39245,16869,57145,84111,073732,COCOA - ICE FUTURES U.S. ,2693.0,0.23542456042325086,-26966,2.0122707448687094,22376,-1.3223493466280092,0.07062354873421306,0.02869159211604947,-0.00919793966151583,-0.11288525807649463,0.19111927808109128
2009-02-24,117483,37352,17665,57996,81172,073732,COCOA - ICE FUTURES U.S. ,2389.0,0.1972710945413379,-23176,3.308829948839727,19687,-2.347610483490772,0.02723327201655553,0.04887580202482869,-0.11288525807649463,-0.03516115529510255,0.18766837767169664
2009-03-03,116399,35221,17058,57137,76673,073732,COCOA - ICE FUTURES U.S. ,2305.0,0.16783649344066529,-19536,3.098320608087979,18163,-1.2972089578917803,0.040041850384874074,0.05237284569329941,-0.03516115529510255,-0.027331887201735405,0.18415592143830636
2009-03-10,118203,34526,15717,57343,76309,073732,COCOA - ICE FUTURES U.S. ,2242.0,0.1604527803862846,-18966,0.4896949286505897,18809,0.5549875858040018,0.004264807111004699,0.04052305793841928,-0.027331887201735405,0.06868867082961638,0.180750831650982
2009-03-17,115875,33305,13750,55974,76743,073732,COCOA - ICE FUTURES U.S. ,2396.0,0.17923624595469256,-20769,-1.5253419963960306,19555,0.6311176535282522,0.013585298040190782,0.06775050472850919,0.06868867082961638,0.08889816360601,0.17786635929247388
2009-03-24,110962,32530,12641,55169,78037,073732,COCOA - ICE FUTURES U.S. ,2609.0,0.20608857086209692,-22868,-1.8114347357065803,19889,0.28824163969795036,0.015757548458778133,0.04170817559938899,0.08889816360601,-0.0015331544653123252,0.1760885053502218
2009-03-31,109979,34010,11646,56423,82289,073732,COCOA - ICE FUTURES U.S. ,2605.0,0.23519035452222697,-25866,-2.701825850291091,22364,2.2304933220381753,0.039693753965049886,0.05420974242158753,-0.0015331544653123252,0.022648752399232253,0.17535806710600677
2009-04-07,110368,35611,11056,55151,83866,073732,COCOA - ICE FUTURES U.S. ,2664.0,0.2601750507393447,-28715,-2.590494548959347,24555,1.9921985106247555,0.02049389642993303,0.046949664645252534,0.022648752399232253,-0.07507507507507505,0.17522172184886506
2009-04-14,115459,35164,11426,59295,84856,073732,COCOA - ICE FUTURES U.S. ,2464.0,0.2213859465264726,-25561,2.857712380400116,23738,-0.7402507973325602,0.03561543104106111,0.017535951921013093,-0.07507507507507505,-0.021915584415584388,0.17388260440525796
2009-04-21,110194,31769,12436,58816,80121,073732,COCOA - ICE FUTURES U.S. ,2410.0,0.19334083525418808,-21305,3.6861569907932683,19333,-3.8152071298036536,0.03752780036995185,0.09964936093202126,-0.021915584415584388,-0.012448132780082943,0.1714905225612792
2009-04-28,112170,31629,12795,60970,80782,073732,COCOA - ICE FUTURES U.S. ,2380.0,0.17662476598020863,-19812,1.354883205982177,18834,-0.452837722562027,0.019858626333314523,0.011232667026832344,-0.012448132780082943,-0.013865546218487346,0.16913657824260792
2009-05-05,112979,29051,13372,63151,79475,073732,COCOA - ICE FUTURES U.S. ,2347.0,0.14448702856283027,-16324,3.109565837567977,15679,-2.8126950164928237,0.02445556911082131,0.07437003512245716,-0.013865546218487346,0.002556455048998707,0.16615258572939803
2009-05-12,115755,29091,15277,65966,81410,073732,COCOA - ICE FUTURES U.S. ,2353.0,0.13341972269016458,-15444,0.7789058143548802,13814,-1.6507492542861948,0.032230485289327974,0.04383790119004688,0.002556455048998707,-0.016999575010624768,0.1635722843220098
2009-05-19,118806,28094,16191,68736,81179,073732,COCOA - ICE FUTURES U.S. ,2313.0,0.10473376765483225,-12443,2.592544598505464,11903,-1.6509006090449658,0.02001801020578328,0.043152308908208196,-0.016999575010624768,0.043666234327712994,0.16093632250105452
2009-05-26,121437,28787,18803,69953,81167,073732,COCOA - ICE FUTURES U.S. ,2414.0,0.0923441784629067,-11214,1.0344595390805178,9984,-1.6152382876285711,0.008132609846479618,0.06944736289136373,0.043666234327712994,0.10646230323115158,0.15850470735678726
2009-06-02,119409,32659,17894,67081,86118,073732,COCOA - ICE FUTURES U.S. ,2671.0,0.15942684387273992,-19037,-6.442023436020324,14765,3.9370208420827257,0.05106430198630539,0.09457401143354499,0.10646230323115158,0.03631598652190182,0.15759086980999454
2009-06-09,120700,41567,20673,61503,88631,073732,COCOA - ICE FUTURES U.S. ,2768.0,0.2247555923777962,-27128,-6.775871165490038,20894,5.132778936261086,0.05389185660809677,0.18777313624678663,0.03631598652190182,-0.05238439306358378,0.15815273604253036
2009-06-16,114573,43793,19348,56242,86119,073732,COCOA - ICE FUTURES U.S. ,2623.0,0.2607682438270797,-29877,-2.2775476387738194,24445,2.9420049710024854,0.05460062798097794,0.05623921065551702,-0.05238439306358378,-0.05680518490278308,0.15888691480018896
2009-06-23,109122,37019,15190,58488,83363,073732,COCOA - ICE FUTURES U.S. ,2474.0,0.22795586591154854,-24875,4.365775531757046,21829,-2.283260454033673,0.035262352750421215,0.20938918577256796,-0.05680518490278308,0.005254648342764678,0.15860466954523034
2009-06-30,107388,34812,15763,59337,81579,073732,COCOA - ICE FUTURES U.S. ,2487.0,0.2071181137557269,-22242,2.4128956580707834,19049,-2.5476072652627333,0.018684890289250335,0.05496786950074147,0.005254648342764678,-0.018094089264173663,0.15781395076620408
2009-07-07,107985,35056,16469,59321,80372,073732,COCOA - ICE FUTURES U.S. ,2442.0,0.19494374218641478,-21051,1.1090624650798973,18587,-0.4302156665549223,0.00875491255825274,0.018437651625424552,-0.018094089264173663,0.10565110565110558,0.1564179301558975
2009-07-14,109742,35187,18011,60406,82433,073732,COCOA - ICE FUTURES U.S. ,2700.0,0.20071622532849775,-22027,-0.9038292355419734,17176,-1.3066629624484882,0.022024797149237954,0.03144855069739464,0.10565110565110558,0.06481481481481488,0.1557225797462105
2009-07-21,114250,37982,18400,59360,84799,073732,COCOA - ICE FUTURES U.S. ,2875.0,0.22266083150984683,-25439,-3.1091104590767435,19582,2.192414936851889,0.023668310684730055,0.05647192366358057,0.06481481481481488,0.0013913043478261944,0.15551525059659427
2009-07-28,116269,40837,17382,58504,86981,073732,COCOA - ICE FUTURES U.S. ,2879.0,0.2449234103673378,-28477,-2.6590809628008754,23455,3.389934354485777,0.020881877856823727,0.06652467407547365,0.0013913043478261944,0.022924626606460663,0.15625613591015527
2009-08-04,115852,42912,18603,56224,85835,073732,COCOA - ICE FUTURES U.S. ,2945.0,0.2555933432310189,-29611,-0.9753244630985043,24309,0.734503608012454,0.02411674022765189,0.05358042753799886,0.022924626606460663,-0.041086587436332755,0.15774617102407393
2009-08-11,113497,40252,18506,58142,85953,073732,COCOA - ICE FUTURES U.S. ,2824.0,0.24503731376159724,-27811,1.5537064530608018,21746,-2.2123053551082417,0.014129567299351123,0.04692127029510875,-0.041086587436332755,-0.028328611898016942,0.159211153530913
2009-08-18,109765,41849,16991,54619,82925,073732,COCOA - ICE FUTURES U.S. ,2744.0,0.25787819432423814,-28306,-0.43613487581169547,24858,2.7419226939919117,0.04762839527714768,0.05288919102651258,-0.028328611898016942,0.0925655976676385,0.16096445539510779
2009-08-25,113644,43918,17892,53549,85437,073732,COCOA - ICE FUTURES U.S. ,2998.0,0.2805955439794446,-31888,-3.263335307247301,26026,1.0640914681364733,0.025772379951937607,0.04805047726905032,0.0925655976676385,-0.06470980653769176,0.16444537190945352
2009-09-01,113879,43427,17918,54253,84919,073732,COCOA - ICE FUTURES U.S. ,2804.0,0.2692858209151819,-30666,1.0752877406638275,25509,-0.45492942874238845,0.008780501825079758,0.00842774472247127,-0.06470980653769176,0.04850213980028539,0.1668251884595093
2009-09-08,117040,44653,18156,54018,86424,073732,COCOA - ICE FUTURES U.S. ,2940.0,0.2768796992481203,-32406,-1.5279375477480484,26497,0.8675875271121103,0.012389456145597472,0.023308761483226925,0.04850213980028539,0.03673469387755102,0.16947068627507264
2009-09-15,124688,47751,20207,54973,89804,073732,COCOA - ICE FUTURES U.S. ,3048.0,0.27934524573335046,-34831,-2.071941216678059,27544,0.894565960355434,0.02994260138005346,0.07576738573825009,0.03673469387755102,0.04002624671916011,0.1727395798674833
2009-09-22,123830,47144,20467,53744,86808,073732,COCOA - ICE FUTURES U.S. ,3170.0,0.2670112250666236,-33064,1.4171371743872707,26677,-0.6953355575516489,0.030060048949854857,0.012823357146026533,0.04002624671916011,-0.03596214511041007,0.17606477328578038
2009-09-29,123289,47252,20054,52703,85752,073732,COCOA - ICE FUTURES U.S. ,3056.0,0.26806122200682947,-33049,0.012113381248485827,27198,0.4207381086974078,0.015145715214329565,0.007740766053546489,-0.03596214511041007,0.05071989528795817,0.1790546563707713
2009-10-06,128991,48874,20501,56205,90866,073732,COCOA - ICE FUTURES U.S. ,3211.0,0.26870866959710366,-34661,-1.3074970191987931,28373,0.9530452838452741,0.05858394924900218,0.029823423423423423,0.05071989528795817,-0.0358143880411087,0.18207513204287998
2009-10-13,127976,46497,18104,55840,91154,073732,COCOA - ICE FUTURES U.S. ,3096.0,0.2759423641932862,-35314,-0.5062368692389392,28393,0.015504957710227847,0.004442358191490809,0.07389978483305212,-0.0358143880411087,0.07655038759689914,0.18608613149966194
2009-10-20,134993,48833,20828,60499,95996,073732,COCOA - ICE FUTURES U.S. ,3333.0,0.2629543754120584,-35497,-0.14299556166781272,28005,-0.3031818465962368,0.06071120483082527,0.07263748725972927,0.07655038759689914,0.0042004200420042714,0.1905017768117746
2009-10-27,142494,54546,23659,60181,98365,073732,COCOA - ICE FUTURES U.S. ,3347.0,0.2679691776495852,-38184,-1.9904735801115614,30887,2.1349255146563153,0.016947762794394056,0.10925132664151908,0.0042004200420042714,-0.021810576635793222,0.19575730583575796
2009-11-03,146118,56356,22209,56459,97230,073732,COCOA - ICE FUTURES U.S. ,3274.0,0.27902790895030044,-40771,-1.8155150392297221,34147,2.287815627324659,0.031602782242060264,0.04149430407942468,-0.021810576635793222,-0.057422113622480175,0.20109578901054606
2009-11-17,121235,45137,13078,54557,92474,073732,COCOA - ICE FUTURES U.S. ,3086.0,0.31275621726399144,-37917,1.9532158940034767,32059,-1.4289820555988995,0.045282967537458085,0.34956626299063814,-0.057422113622480175,0.038561244329228694,0.20686795124380855
2009-11-24,123135,48542,13247,53334,94960,073732,COCOA - ICE FUTURES U.S. ,3205.0,0.33805173183903847,-41626,-3.0593475481502868,35295,2.6691961892192846,0.025011126545915547,0.05784201071388111,0.038561244329228694,0.0343213728549141,0.2125459322397364
2009-12-01,126235,49950,11912,53254,97826,073732,COCOA - ICE FUTURES U.S. ,3315.0,0.353087495544025,-44572,-2.392496040930686,38038,2.227636334104844,0.019499602859412234,0.04434062914228444,0.0343213728549141,0.0159879336349924,0.2177331009816844
2009-12-08,127861,51379,11435,53922,99566,073732,COCOA - ICE FUTURES U.S. ,3368.0,0.35698140949937823,-45644,-0.8492098071057947,39944,1.5098823622608626,0.01568852288126759,0.030343553984780464,0.0159879336349924,-0.0038598574821853138,0.22281831039228261
2009-12-15,129639,53088,11880,54494,102319,073732,COCOA - ICE FUTURES U.S. ,3355.0,0.3689090474317142,-47825,-1.7057585972266758,41208,0.9885735290667209,0.02120359919139357,0.03315478389360916,-0.0038598574821853138,-0.026825633383010472,0.22819830761622312
2009-12-22,129980,50951,10882,54962,100933,073732,COCOA - ICE FUTURES U.S. ,3265.0,0.3536774888444376,-45971,1.430125193807419,40069,-0.8785936330888082,0.011892620032714327,0.0507010819465334,-0.026825633383010472,-0.008575803981623276,0.2330184886531114
2009-12-29,129231,50452,10517,55399,100783,073732,COCOA - ICE FUTURES U.S. ,3237.0,0.3511850871694872,-45384,0.45160793968302815,39935,-0.10309278350515465,0.003758435671204108,0.014171136151158786,-0.008575803981623276,0.025949953660797,0.23672146157822666
2010-01-05,130348,47699,10431,55676,99799,073732,COCOA - ICE FUTURES U.S. ,3321.0,0.3385015496977322,-44123,0.9757720670736898,37268,-2.0637463147387236,0.00811062871844348,0.048838809564768625,0.025949953660797,0.006323396567299078,0.23937196104936742
2010-01-12,132926,47874,11895,57617,100268,073732,COCOA - ICE FUTURES U.S. ,3342.0,0.32086273565743345,-42651,1.1292846840764723,35979,-0.9888912756620738,0.015264274630268866,0.027422242299519818,0.006323396567299078,0.03560742070616407,0.24149673071559274
2010-01-19,140693,51913,10653,55518,104389,073732,COCOA - ICE FUTURES U.S. ,3461.0,0.3473591436674177,-48871,-4.679295246979522,41260,3.9728871703052824,0.03889760923536806,0.08440686634913531,0.03560742070616407,-0.02831551574689395,0.2444134686082398
2010-01-26,144201,50452,5713,56119,106016,073732,COCOA - ICE FUTURES U.S. ,3363.0,0.3460239526771659,-49897,-0.7292473683836438,44739,2.47275983879795,0.013741635057205416,0.11396777352443693,-0.02831551574689395,-0.06868867082961638,0.24748611681877405
2010-02-02,140446,48444,7640,57885,100940,073732,COCOA - ICE FUTURES U.S. ,3132.0,0.3065591045668798,-43055,4.744765986366253,40804,-2.72882989715744,0.0430788603809224,0.07016261322302261,-0.06868867082961638,-0.04118773946360155,0.24942002865986643
2010-02-09,129088,41354,9677,60667,94558,073732,COCOA - ICE FUTURES U.S. ,3003.0,0.26254183192860686,-33891,6.524927730230837,31677,-6.498583085313929,0.05903688194556289,0.17885207031020361,-0.04118773946360155,0.049950049950050035,0.25007059746112403
2010-02-16,123259,39167,11438,59302,88005,073732,COCOA - ICE FUTURES U.S. ,3153.0,0.2328673768244104,-28703,4.018963807635101,27729,-3.0583787803668816,0.053751688650233866,0.07801600632348582,0.049950049950050035,-0.07040913415794481,0.2499025873426721
2010-02-23,121756,39021,10515,57433,86743,073732,COCOA - ICE FUTURES U.S. ,2931.0,0.24072735635204837,-29310,-0.49245896851345544,28506,0.6303799316885582,0.021716513150593718,0.021580264857881136,-0.07040913415794481,-0.038212214261344246,0.25000456418745665
2010-03-02,124942,40256,13027,60053,87772,073732,COCOA - ICE FUTURES U.S. ,2819.0,0.22185494069248132,-27719,1.306711784224186,27229,-1.048818949374158,0.024684593269068154,0.07032261696976522,-0.038212214261344246,-0.011351543100390216,0.250477330459594
2010-03-09,127111,36807,15375,65102,85784,073732,COCOA - ICE FUTURES U.S. ,2787.0,0.1627081841854757,-20682,5.632213346993005,21432,-4.639752845320229,0.0466378590459022,0.11109194741481737,-0.011351543100390216,0.017222820236813874,0.2503787091277635
2010-03-16,129335,39311,18751,65820,85709,073732,COCOA - ICE FUTURES U.S. ,2835.0,0.15377894614760118,-19889,0.6238641816994595,20560,-0.6860145856770854,0.00523332167439896,0.10127105507905343,0.017222820236813874,0.021164021164021163,0.25025036616163493
2010-03-23,131697,40124,17783,66673,89047,073732,COCOA - ICE FUTURES U.S. ,2895.0,0.16988997471468598,-22374,-1.9213669926933932,22341,1.3770441102563111,0.026913691240688414,0.030756212547705806,0.021164021164021163,0.02556131260794481,0.2500706301762502
2010-03-30,134310,40416,18614,67433,90431,073732,COCOA - ICE FUTURES U.S. ,2969.0,0.1712307348670985,-22998,-0.47381489327775117,21802,-0.4092728004434421,0.013581310495109715,0.019024224970354057,0.02556131260794481,-0.01886156955203777,0.24940028717634638
2010-04-06,138919,40494,18828,71125,93825,073732,COCOA - ICE FUTURES U.S. ,2913.0,0.163404573888381,-22700,0.2218747673293128,21666,-0.10125828307646488,0.04295847226432252,0.004922288527022016,-0.01886156955203777,-0.015447991761071034,0.24801979139492625
2010-04-13,123908,42123,18719,63447,86233,073732,COCOA - ICE FUTURES U.S. ,2868.0,0.18389450237272814,-22786,-0.06190657865374787,23404,1.2510887639559745,0.10201763762693747,0.028565793366424508,-0.015447991761071034,0.05683403068340298,0.2465528577724913
2010-04-20,123956,46721,19752,59418,87094,073732,COCOA - ICE FUTURES U.S. ,3031.0,0.2232727742102036,-27676,-3.9464764179875393,26969,2.877134648287439,0.03337610571147756,0.08471108570397003,0.05683403068340298,0.05410755526228961,0.24658914292025538
2010-04-27,129760,51725,19908,58706,91971,073732,COCOA - ICE FUTURES U.S. ,3195.0,0.2563578914919852,-33265,-4.508857981864533,31817,3.911065216689793,0.03709258878262774,0.07203383915234599,0.05410755526228961,-0.011267605633802802,0.24780100938636687
2010-05-04,131767,51402,17867,57547,93248,073732,COCOA - ICE FUTURES U.S. ,3159.0,0.2709403720203086,-35701,-1.8773119605425401,33535,1.3239827373612825,0.016154381776584105,0.03412782052577632,-0.011267605633802802,-0.06457739791073125,0.24961477104098417
2010-05-11,131080,45619,12276,59536,94273,073732,COCOA - ICE FUTURES U.S. ,2955.0,0.26500610314311873,-34737,0.7315944052759796,33343,-0.14571174876865983,0.0195957323693672,0.19645910700405908,-0.06457739791073125,-0.035871404399323126,0.25193244555214356
2010-05-18,127954,41338,14639,62869,89973,073732,COCOA - ICE FUTURES U.S. ,2849.0,0.21182612501367679,-27104,5.8231614281354895,26699,-5.068660360085444,0.049940461391502336,0.11869160548082248,-0.035871404399323126,0.025623025623025653,0.2534402609814419
2010-05-25,130900,42516,16397,65131,91175,073732,COCOA - ICE FUTURES U.S. ,2922.0,0.19896103896103895,-26044,0.8284227144129921,26119,-0.4532879003391844,0.022161657262037286,0.049836199141106374,0.025623025623025653,0.0232717316906228,0.25525232389117664
2010-06-01,127382,40758,15297,62456,88864,073732,COCOA - ICE FUTURES U.S. ,2990.0,0.20731343517922468,-26408,-0.27807486631016043,25461,-0.5026737967914439,0.03295003965107058,0.05098563910445099,0.0232717316906228,-0.00936454849498325,0.2574632711357212
2010-06-08,122786,36262,7406,60232,89572,073732,COCOA - ICE FUTURES U.S. ,2962.0,0.23895232355480267,-29340,-2.3017380791634614,28856,2.665211725361511,0.019572241061653894,0.2836630942566639,-0.00936454849498325,-0.009790681971640791,0.2589926072834532
2010-06-15,115296,34498,7311,57570,85487,073732,COCOA - ICE FUTURES U.S. ,2933.0,0.24213329170135997,-27917,1.1589269134917661,27187,-1.3592754874334207,0.047163018936507824,0.04446411059819656,-0.009790681971640791,0.033753835663143494,0.2593267938089063
2010-06-22,114918,35652,9181,56515,84689,073732,COCOA - ICE FUTURES U.S. ,3032.0,0.24516611844967717,-28174,-0.2229045240077713,26471,-0.6210102692200944,0.013122857709413332,0.06745031561572948,0.033753835663143494,-0.02770448548812665,0.2590267529362639
2010-06-29,118192,35922,8043,58180,88933,073732,COCOA - ICE FUTURES U.S. ,2948.0,0.2601952754839583,-30753,-2.2442089141822863,27879,1.2252214622600464,0.040166402697246334,0.03202547480950756,-0.02770448548812665,-0.0033921302578019397,0.2596467415818872
2010-07-06,121721,38245,10223,58310,88613,073732,COCOA - ICE FUTURES U.S. ,2938.0,0.2489545764494212,-30303,0.38073642886151343,28022,0.12098957628265872,0.003062828828706193,0.09290666006437237,-0.0033921302578019397,0.02995234853641926,0.26045128894138136
2010-07-13,123423,38743,12192,58148,87417,073732,COCOA - ICE FUTURES U.S. ,3026.0,0.2371438062597733,-29269,0.8494836552443704,26551,-1.2085014089598345,0.009329165664823275,0.048434278983017574,0.02995234853641926,-0.016192994051553167,0.26126282863509975
2010-07-20,125927,40194,11189,58457,90625,073732,COCOA - ICE FUTURES U.S. ,2977.0,0.25544958587117933,-32168,-2.34883287555804,29005,1.988284193383729,0.023591043855059633,0.0477589864352023,-0.016192994051553167,0.0010077258985556892,0.26231539326092057
2010-07-27,125385,37482,13344,61175,87097,073732,COCOA - ICE FUTURES U.S. ,2980.0,0.20673924313115605,-25922,4.960016517506174,24138,-3.864937622590866,0.042125283263191975,0.09575807657498131,0.0010077258985556892,0.026174496644295386,0.2620092088690227
2010-08-03,123629,38449,12965,57290,85917,073732,COCOA - ICE FUTURES U.S. ,3058.0,0.23155570294995512,-28627,-2.15735534553575,25484,1.0734936395900625,0.035368382830448235,0.02617963978682849,0.026174496644295386,-0.04970568999345981,0.26175213757253457
2010-08-10,121327,35546,15756,61362,83281,073732,COCOA - ICE FUTURES U.S. ,2906.0,0.18066052898365573,-21919,5.42591139619345,19790,-4.605715487466533,0.04637625049259211,0.1109898249580913,-0.04970568999345981,-0.02339986235375091,0.2603111219139314
2010-08-17,115333,32477,19043,59422,73445,073732,COCOA - ICE FUTURES U.S. ,2838.0,0.1215870566099902,-14023,6.508032012660002,13434,-5.238734988914256,0.08862998336682547,0.1233695652173913,-0.02339986235375091,-0.021494009866102837,0.25793707850716974
2010-08-24,114529,30370,22278,61897,68761,073732,COCOA - ICE FUTURES U.S. ,2777.0,0.059932418863344654,-6864,6.2072433735357615,8092,-4.631805294234955,0.054791899462719465,0.10146634250113964,-0.021494009866102837,-0.028447965430320465,0.2541304289790756
2010-08-31,120254,30544,32183,68324,65563,073732,COCOA - ICE FUTURES U.S. ,2698.0,-0.022959735227102634,2761,8.403985016895284,-1639,-8.49653799474369,0.07188898100637105,0.16068040875540038,-0.028447965430320465,-0.010748702742772398,0.24829282745587278
2010-09-07,124407,30689,36637,70998,64818,073732,COCOA - ICE FUTURES U.S. ,2669.0,-0.049675661337384554,6180,2.8431486686513545,-5948,-3.5832487900610372,0.025173764504918417,0.06830941983780411,-0.010748702742772398,-0.010490820532034428,0.24215895279716962
2010-09-14,127970,29627,38550,76221,67635,073732,COCOA - ICE FUTURES U.S. ,2641.0,-0.06709385012112214,8586,1.9339747763389519,-8923,-2.3913445384905994,0.055889222555889226,0.043636416973466124,-0.010490820532034428,0.05225293449450974,0.23554407684776107
2010-09-21,127893,31563,38554,74578,69069,073732,COCOA - ICE FUTURES U.S. ,2779.0,-0.04307507056680194,5509,-2.4044697976088143,-6991,1.5097288426975073,0.021420565692287345,0.02766804056077699,0.05225293449450974,0.013673983447283211,0.22934368614968126
2010-09-28,129657,32054,38835,74368,69878,073732,COCOA - ICE FUTURES U.S. ,2817.0,-0.03462983101567983,4490,-0.7967597913881136,-6781,0.16419976073749148,0.0070643206744034496,0.010890265062280467,0.013673983447283211,-0.0365637202697906,0.22354289660963694
2010-10-05,136785,30107,38735,78294,71185,073732,COCOA - ICE FUTURES U.S. ,2714.0,-0.05197207296121651,7109,2.0199449316272937,-8628,-1.424527792560371,0.03500826203011794,0.029734754946108482,-0.0365637202697906,0.05011053795136333,0.21738841016794375
2010-10-12,136896,31212,38605,80820,75622,073732,COCOA - ICE FUTURES U.S. ,2850.0,-0.03797043010752688,5198,-1.397083013488321,-7393,0.9028767774244252,0.04450850794543665,0.017689101508228656,0.05011053795136333,-0.03508771929824561,0.2114907351736239
2010-10-19,140811,32402,38783,84934,79296,073732,COCOA - ICE FUTURES U.S. ,2750.0,-0.04003948555155492,5638,0.3214118747078074,-6381,0.739247311827957,0.047421299397186874,0.01921753178338133,-0.03508771929824561,0.05054545454545445,0.2054141611400693
2010-10-26,139337,31739,37189,84141,82009,073732,COCOA - ICE FUTURES U.S. ,2889.0,-0.015301032747942039,2132,-2.4898622976898115,-5450,0.6611699370077622,0.021101414384592235,0.032744312906220985,0.05054545454545445,-0.029075804776739322,0.20006309559853083
2010-11-02,146429,30951,37080,91635,88049,073732,COCOA - ICE FUTURES U.S. ,2805.0,-0.024489684420435844,3586,1.0435132089825387,-6129,-0.48730775027451434,0.07532111929832372,0.013185165586276845,-0.029075804776739322,0.018538324420677377,0.19443888671256887
2010-11-09,142604,31300,39565,86052,80939,073732,COCOA - ICE FUTURES U.S. ,2857.0,-0.035854534234663823,5113,1.0428262161183919,-8265,-1.4587274378709136,0.07601008437580468,0.03999153319692373,0.018538324420677377,-0.04655232761638084,0.18838345511285806
2010-11-16,134338,32304,40190,81915,74186,073732,COCOA - ICE FUTURES U.S. ,2724.0,-0.05753398144977594,7729,1.8344506465456787,-7886,0.26577094611651847,0.0697625255443591,0.02247082517173835,-0.04655232761638084,0.018722466960352513,0.18126248975297793
2010-11-23,130412,34444,34483,75574,76977,073732,COCOA - ICE FUTURES U.S. ,2775.0,0.010758212434438549,-1403,-6.797778737215085,-39,5.841236284595572,0.059861947807618436,0.11384508247856427,0.018722466960352513,-0.00108108108108107,0.17496838361058173
2010-11-30,131975,34727,35249,76328,77990,073732,COCOA - ICE FUTURES U.S. ,2772.0,0.01259329418450464,-1662,-0.19860135570346285,-522,-0.37036469036591724,0.011450381679389313,0.014990854007088144,-0.00108108108108107,0.10678210678210687,0.16842041819982173
2010-12-07,136077,41076,31735,73405,86160,073732,COCOA - ICE FUTURES U.S. ,3068.0,0.09373369489333246,-12755,-8.405379806781587,9341,7.473385110816443,0.06952025820198665,0.13546030132809603,0.10678210678210687,-0.05084745762711862,0.16335796214970547
2010-12-14,135973,39214,28715,75070,88614,073732,COCOA - ICE FUTURES U.S. ,2912.0,0.09960801041383216,-13544,-0.5798187790736128,10499,0.8509887784122224,0.025164341047383985,0.07186915750268663,-0.05084745762711862,0.02163461538461542,0.1581790960532077
2010-12-21,137878,40076,28427,76474,91228,073732,COCOA - ICE FUTURES U.S. ,2975.0,0.10700764443928691,-14754,-0.8898825502121744,11649,0.845756142763637,0.023959165662902054,0.016787585945141088,0.02163461538461542,0.030252100840336027,0.15343544519926253
2010-12-28,139263,41136,28000,75043,93308,073732,COCOA - ICE FUTURES U.S. ,3065.0,0.13115472164178568,-18265,-2.5464541116059123,13136,1.0784896792816838,0.020855236975129345,0.021508331404767416,0.030252100840336027,-0.04339314845024467,0.14920409201603752
2011-01-04,143807,43293,28135,77157,96038,073732,COCOA - ICE FUTURES U.S. ,2932.0,0.13129402602098647,-18881,-0.44232854383432785,15158,1.4519290838198229,0.027968474840497706,0.03208825670605365,-0.04339314845024467,0.0006821282401090478,0.14521933194533085
2011-01-11,145419,42362,29082,78536,94545,073732,COCOA - ICE FUTURES U.S. ,2934.0,0.11008877794511034,-16009,1.9971211415299672,13280,-1.3059169581452919,0.016593386911330534,0.026286322154414645,0.0006821282401090478,0.03476482617586907,0.14116598660470925
2011-01-18,143808,43664,28189,76263,94824,073732,COCOA - ICE FUTURES U.S. ,3036.0,0.12906792389853136,-18561,-1.7549288607403433,15475,1.5094313672903816,0.014916387568897696,0.030548480926335712,0.03476482617586907,0.0984848484848484,0.13696807853223067
2011-01-25,151080,41800,23253,82709,107165,073732,COCOA - ICE FUTURES U.S. ,3335.0,0.16187450357426528,-24456,-4.099215620827771,18547,2.1361815754339117,0.09894456323667274,0.10453015233732495,0.0984848484848484,-0.006596701649175363,0.1334267429725595
2011-02-01,166379,45137,23186,83816,113657,073732,COCOA - ICE FUTURES U.S. ,3313.0,0.17935556770986724,-29841,-3.5643367752184276,21951,2.2531109346041833,0.038481210089480584,0.04982216823031776,-0.006596701649175363,-0.022336251131904628,0.13098052110992464
2011-02-08,161464,45663,20471,85509,118460,073732,COCOA - ICE FUTURES U.S. ,3239.0,0.20407645047812514,-32951,-1.8692262845671628,25192,1.9479621827273874,0.03184797689845025,0.049006562433846435,-0.022336251131904628,0.05279407224451993,0.12985618685126155
2011-02-15,154865,48233,21314,80539,114730,073732,COCOA - ICE FUTURES U.S. ,3410.0,0.220779388499661,-34191,-0.7679730466233959,26919,1.0695882673537134,0.04455392304974164,0.04907472644398752,0.05279407224451993,0.06539589442815252,0.12962372553732407
2011-02-22,154656,50797,21510,79468,116410,073732,COCOA - ICE FUTURES U.S. ,3633.0,0.23886561142147733,-36942,-1.776385884480031,29287,1.5290737093597648,0.01404445624317177,0.03817057822894049,0.06539589442815252,0.007431874483897705,0.12958792275019768
2011-03-01,161861,53008,22571,80702,119213,073732,COCOA - ICE FUTURES U.S. ,3660.0,0.237926368921482,-38511,-1.0145096213531968,30437,0.7435857645354852,0.020193582272465798,0.043292448960690136,0.007431874483897705,0.011748633879781423,0.12989698867767846
2011-03-08,167172,56833,23590,78385,120193,073732,COCOA - ICE FUTURES U.S. ,3703.0,0.25008972794487117,-41808,-2.036932923928556,33243,1.733586225217934,0.016603047668926063,0.060231525807293934,0.011748633879781423,-0.11045098568728062,0.13157740298074375
2011-03-15,162365,51503,22915,80517,116149,073732,COCOA - ICE FUTURES U.S. ,3294.0,0.21945616358205278,-35632,3.6943985834948436,28588,-2.7845572225013755,0.03140349628303825,0.08069284312935042,-0.11045098568728062,-0.00941105039465695,0.13284042639294474
2011-03-22,160158,48037,23924,80272,112284,073732,COCOA - ICE FUTURES U.S. ,3263.0,0.1998776208494112,-32012,2.2295445446986726,24113,-2.756135866720044,0.021344440058995825,0.06218646211142147,-0.00941105039465695,-0.06313208703646955,0.13341711189553565
2011-03-29,165028,47903,25230,84302,113796,073732,COCOA - ICE FUTURES U.S. ,3057.0,0.1787211867077102,-29494,1.5721974550131745,22673,-0.8991121267748099,0.027976052256963726,0.0196901535558503,-0.06313208703646955,-0.02682368334968921,0.13356115904631663
2011-04-05,167050,44672,25936,91616,115479,073732,COCOA - ICE FUTURES U.S. ,2975.0,0.1428494462735708,-23863,3.4121482415105313,18736,-2.3856557675061203,0.04344383012627055,0.05575855427147065,-0.02682368334968921,0.026218487394958023,0.13316586813064718
2011-04-12,159819,45953,27338,87926,110610,073732,COCOA - ICE FUTURES U.S. ,3053.0,0.14193556460746218,-22684,0.7057767135588147,18615,-0.07243340317270279,0.04311056936777209,0.036607496145502176,0.026218487394958023,0.020962987225679575,0.13235896548131515
2011-04-19,153059,46978,29115,85019,106846,073732,COCOA - ICE FUTURES U.S. ,3117.0,0.14260513919468962,-21827,0.5362316120110875,17863,-0.4705322896526695,0.03476923878768926,0.03682336088733523,0.020962987225679575,0.004491498235482894,0.1308076648079399
2011-04-26,154607,47621,29875,85442,107340,073732,COCOA - ICE FUTURES U.S. ,3131.0,0.14163653650869623,-21898,-0.046387340829353384,17746,-0.07644111094414571,0.004756668153665798,0.01810416021472076,0.004491498235482894,0.04471414883423819,0.1286014849044151
2011-05-03,158881,49631,32217,83895,107890,073732,COCOA - ICE FUTURES U.S. ,3271.0,0.15102498096059314,-23995,-1.3563422096024114,17414,-0.21473801315593732,0.010934118935266053,0.05317173296842928,0.04471414883423819,-0.04157749923570775,0.12629541969172828
2011-05-10,157658,46291,28785,85519,107045,073732,COCOA - ICE FUTURES U.S. ,3135.0,0.1365360463788707,-21526,1.5539932402238155,17506,0.0579049729042491,0.01282171122328161,0.09020192871223827,-0.04157749923570775,-0.04944178628389151,0.12382484167703119
2011-05-17,155550,42693,32462,86032,100076,073732,COCOA - ICE FUTURES U.S. ,2980.0,0.09028608164577306,-14044,4.745715409303683,10231,-4.6144185515482885,0.040202463085950095,0.09679994677666157,-0.04944178628389151,-0.03221476510067112,0.12148753315072534
2011-05-24,158250,43147,33636,86276,98339,073732,COCOA - ICE FUTURES U.S. ,2884.0,0.07622748815165876,-12063,1.2735454837672773,9511,-0.46287367405978785,0.010730439021747962,0.02120260995272391,-0.03221476510067112,0.039875173370319095,0.11912727255823727
2011-05-31,162681,41860,33767,91969,101574,073732,COCOA - ICE FUTURES U.S. ,2999.0,0.05904192868251363,-9605,1.5532385466034755,8093,-0.8960505529225908,0.0461292839317361,0.018749917357557485,0.039875173370319095,-0.03601200400133375,0.11627589743330052
2011-06-07,163361,37415,32610,98785,104921,073732,COCOA - ICE FUTURES U.S. ,2891.0,0.037560984567920126,-6136,2.132394071833834,4805,-2.0211333837387278,0.04989052850676956,0.08,-0.03601200400133375,0.042545831892078834,0.11240298706816815
2011-06-14,163076,40172,33859,91890,99297,073732,COCOA - ICE FUTURES U.S. ,3014.0,0.045420540116264806,-7407,-0.7780314763009532,6313,0.9231089427709184,0.06548039354140188,0.05411246639921114,0.042545831892078834,0.00431320504313204,0.10862004953768555
2011-06-21,161630,40702,30820,90368,100590,073732,COCOA - ICE FUTURES U.S. ,3027.0,0.06324320980016086,-10222,-1.7261890161642424,9882,2.188550123868626,0.014741461473203531,0.049900729845362264,0.00431320504313204,-0.0029732408325073845,0.1051215320636564
2011-06-28,161999,41871,27519,89898,104692,073732,COCOA - ICE FUTURES U.S. ,3018.0,0.09132155136760103,-14794,-2.828682794035761,14352,2.765575697580895,0.023495554756153964,0.06441850410722005,-0.0029732408325073845,0.06958250497017882,0.10187396044603414
2011-07-05,171344,47250,28921,91249,112177,073732,COCOA - ICE FUTURES U.S. ,3228.0,0.12214025585955739,-20928,-3.786443126192137,18329,2.4549534256384296,0.04343594230825951,0.089023381601922,0.06958250497017882,-0.047087980173482036,0.09943522351161369
2011-07-12,171639,47350,27334,91862,115152,073732,COCOA - ICE FUTURES U.S. ,3076.0,0.13569177168359173,-23290,-1.3785133999439723,20016,0.9845690540666729,0.017332161109876627,0.022588506239622944,-0.047087980173482036,0.02860858257477239,0.0974842228466871
2011-07-19,172311,46428,27889,90479,113934,073732,COCOA - ICE FUTURES U.S. ,3164.0,0.1361201548363134,-23455,-0.09613199797248877,18539,-0.8605270363961571,0.012724239652076922,0.019874322160474724,0.02860858257477239,-0.04709228824273071,0.0951894260960166
2011-07-26,174115,42810,26809,95792,115346,073732,COCOA - ICE FUTURES U.S. ,3015.0,0.11230508571920857,-19554,2.263929754919883,16001,-1.4729181538032976,0.03185120632003713,0.06748157830477312,-0.04709228824273071,-0.027197346600331684,0.09337338460732532
2011-08-02,178418,40664,29155,100568,113580,073732,COCOA - ICE FUTURES U.S. ,2933.0,0.07292986133686064,-13012,3.7572868506446886,11509,-2.5799040863796914,0.030548966135569792,0.06433778770821696,-0.027197346600331684,-0.00920559154449374,0.09032288765322735
2011-08-09,172222,39267,30065,99223,108864,073732,COCOA - ICE FUTURES U.S. ,2906.0,0.05598007223235127,-9641,1.8893833581813495,9202,-1.293030972211324,0.029127240048633506,0.033274678359199214,-0.00920559154449374,0.018926359256710157,0.08792518656185609
2011-08-16,163718,38623,32968,98757,103005,073732,COCOA - ICE FUTURES U.S. ,2961.0,0.025947055302410243,-4248,3.131423395385027,5655,-2.059551044581993,0.03134881692290917,0.0495453339106871,0.018926359256710157,0.05943937858831472,0.08608595576747957
2011-08-23,159232,38486,29148,93484,104394,073732,COCOA - ICE FUTURES U.S. ,3137.0,0.06851637861736334,-10910,-4.069192147473094,9338,2.249599921816783,0.03366720908842823,0.0585060768252654,0.05943937858831472,-0.015938795027095942,0.0862510319165953
2011-08-30,160621,37748,25215,95294,110259,073732,COCOA - ICE FUTURES U.S. ,3087.0,0.093169635352787,-14965,-2.5465986736334405,12533,2.006506229903537,0.037338302043755135,0.07418642694916062,-0.015938795027095942,-0.03563330093942341,0.08848428904313166
2011-09-06,163401,38523,23723,95058,111508,073732,COCOA - ICE FUTURES U.S. ,2977.0,0.10067257850319153,-16450,-0.9245366421576258,14800,1.4113970153342341,0.0071889856026645235,0.03642001092439675,-0.03563330093942341,-0.043332213637890526,0.09137560134775811
2011-09-13,176241,37592,27802,102196,113050,073732,COCOA - ICE FUTURES U.S. ,2848.0,0.0615861235467343,-10854,3.424703643184558,9790,-3.0660767069968973,0.0403259526309432,0.0766125332599321,-0.043332213637890526,-0.0414325842696629,0.09385021622598613
2011-09-20,180907,38101,37240,108992,108877,073732,COCOA - ICE FUTURES U.S. ,2730.0,-0.0006356857390814065,115,6.223863913618284,861,-5.066357998422615,0.050346768011970494,0.13202638669515934,-0.0414325842696629,-0.003296703296703285,0.09466635824190384
2011-09-27,181905,40695,43782,110419,106282,073732,COCOA - ICE FUTURES U.S. ,2721.0,-0.022742640389214152,4137,2.223241776161232,-3087,-2.1823367807768634,0.018560135855395222,0.1081477798690768,-0.003296703296703285,-0.047409040793825796,0.09489495806164355
2011-10-04,184965,41164,43875,111554,105749,073732,COCOA - ICE FUTURES U.S. ,2592.0,-0.03138431595166653,5805,0.9169621505731014,-2711,0.20670130012918833,0.007675917957874489,0.006608732463928315,-0.047409040793825796,0.004629629629629539,0.09529087646567334
2011-10-11,188721,44357,44129,112375,110312,073732,COCOA - ICE FUTURES U.S. ,2604.0,-0.010931480863284954,2063,-2.023085448598384,228,1.588949260670938,0.02417743289909155,0.03895531496507922,0.004629629629629539,-0.012672811059907807,0.09581085625883186
2011-10-18,190853,44498,44468,113169,110832,073732,COCOA - ICE FUTURES U.S. ,2571.0,-0.012245026276767984,2337,0.14518786992438573,30,-0.10491678191616195,0.00586604524086946,0.005395319560281456,-0.012672811059907807,0.025281991443018237,0.09634536509103929
2011-10-25,196670,45555,45496,116573,115054,073732,COCOA - ICE FUTURES U.S. ,2636.0,-0.007723597905120252,1519,-0.4286021178603428,59,0.01519494060874076,0.0329236228937041,0.02289925426409375,0.025281991443018237,-0.01365705614567525,0.09649108499186279
2011-11-01,199561,45664,39560,117028,123018,073732,COCOA - ICE FUTURES U.S. ,2600.0,0.03001588486728369,-5990,-3.8180708801545733,6104,3.073676717343774,0.03507244444814744,0.0709307237397916,-0.01365705614567525,0.024230769230769278,0.09753926901662663
2011-11-08,183613,32781,33990,112951,110397,073732,COCOA - ICE FUTURES U.S. ,2663.0,-0.013909690490324759,2554,4.2813976678809995,-1209,-3.664543673363032,0.07476225441911277,0.27636249269892615,0.024230769230769278,-0.15396169733383402,0.09796128524247931
2011-11-15,155162,29896,32070,100296,96765,073732,COCOA - ICE FUTURES U.S. ,2253.0,-0.02275686057153169,3531,0.5320974005108571,-2174,-0.5255619155506418,0.13339524309731504,0.07754252331923958,-0.15396169733383402,-0.0013315579227696217,0.0986300760285994
2011-11-22,155002,30105,34105,99500,93553,073732,COCOA - ICE FUTURES U.S. ,2250.0,-0.03836724687423388,5947,1.5570822752993645,-4000,-1.1768345342287414,0.020761138133051544,0.034947827441208536,-0.0013315579227696217,-0.0324444444444445,0.09768535565727876
2011-11-29,158826,30569,36539,102645,95012,073732,COCOA - ICE FUTURES U.S. ,2177.0,-0.04805888204702001,7633,1.0877279002851576,-5970,-1.2709513425633219,0.023292876042841894,0.043184121118197534,-0.0324444444444445,-0.08130454754248961,0.09651896765282636
2011-12-06,163752,32137,39958,103675,95726,073732,COCOA - ICE FUTURES U.S. ,2000.0,-0.048542918559773315,7949,0.19895986803168245,-7821,-1.1654263155906464,0.008746194853586492,0.06917261946043415,-0.08130454754248961,0.05049999999999999,0.09378287893257432
2011-12-13,168846,34780,43947,106627,96800,073732,COCOA - ICE FUTURES U.S. ,2101.0,-0.058200964192222496,9827,1.1468562216034004,-9167,-0.8219746934388588,0.01979088321609226,0.08424047658363712,0.05049999999999999,0.039980961446929975,0.09074809095938097
2011-12-20,167249,34041,42583,105999,95747,073732,COCOA - ICE FUTURES U.S. ,2185.0,-0.06129782539805918,10252,0.2517086575933099,-8542,0.3701597905783969,0.008332259375650571,0.027445708916266444,0.039980961446929975,0.014187643020594942,0.08751144730866277
2011-12-27,167753,32563,40166,106411,96948,073732,COCOA - ICE FUTURES U.S. ,2216.0,-0.05641031755020775,9463,-0.4717516995617313,-7603,0.5614383344593988,0.007931785659842937,0.053554978069270856,0.014187643020594942,-0.04557761732851984,0.08390442732420136
2012-01-03,173382,34289,42032,108954,100466,073732,COCOA - ICE FUTURES U.S. ,2115.0,-0.048955485575203884,8488,-0.5812116623845773,-7743,-0.08345603357317008,0.028941839365867635,0.04706437284626774,-0.04557761732851984,0.10307328605200938,0.08043809056273618
2012-01-10,173305,33456,43176,109835,101121,073732,COCOA - ICE FUTURES U.S. ,2333.0,-0.05028129598107383,8714,0.13034801767196133,-9720,-1.140256774059591,0.007281139194903203,0.025798621985593486,0.10307328605200938,-0.0270038576939563,0.07735405067954032
2012-01-17,169999,31970,39932,109853,101256,073732,COCOA - ICE FUTURES U.S. ,2270.0,-0.05057088571109242,8597,-0.06751103545771904,-7962,1.0143965840570095,0.0007247440895461586,0.06578398375566744,-0.0270038576939563,0.06299559471365646,0.07389945818704756
2012-01-24,171519,31597,37810,109654,103921,073732,COCOA - ICE FUTURES U.S. ,2413.0,-0.033424868381928534,5733,-1.684715792445838,-6213,1.0288295813504786,0.013409809200515042,0.0359473828288213,0.06299559471365646,-0.050559469539991686,0.07014370103404383
2012-01-31,168576,28785,30958,109642,106526,073732,COCOA - ICE FUTURES U.S. ,2291.0,-0.018484244495064542,3116,-1.5257784851823997,-2173,2.3554241804114997,0.012106324710410421,0.16175953668212176,-0.050559469539991686,-0.007856831078131843,0.06633908926087206
2012-02-07,171438,27062,35731,113262,104256,073732,COCOA - ICE FUTURES U.S. ,2273.0,-0.052532110733909634,9006,3.493973044798785,-8669,-3.853454821564161,0.027078218814075156,0.10345102161068909,-0.007856831078131843,-0.0013198416190056683,0.06140430923756371
2012-02-14,163322,28576,40726,110138,96836,073732,COCOA - ICE FUTURES U.S. ,2270.0,-0.08144646771408628,13302,2.505862177580233,-12150,-2.0304716573921766,0.05094359678027192,0.09392225332602233,-0.0013198416190056683,0.08193832599118944,0.05559227354114549
2012-02-21,163032,28479,37155,107357,98015,073732,COCOA - ICE FUTURES U.S. ,2456.0,-0.05730163403503607,9342,-2.4246580374964792,-8676,2.127086369258275,0.01928208324406443,0.05588566901301155,0.08193832599118944,-0.017100977198697076,0.04989674959005868
2012-02-28,160743,29630,34017,104382,99888,073732,COCOA - ICE FUTURES U.S. ,2414.0,-0.0279576715626808,4494,-2.973649344913882,-4387,2.6307718730065264,0.02373329416948157,0.06738730812135686,-0.017100977198697076,-0.04059652029826011,0.04478359496536325
2012-03-06,169390,30414,36415,110657,103867,073732,COCOA - ICE FUTURES U.S. ,2316.0,-0.04008501092154201,6790,1.4283670206478665,-6001,-1.0040872697411396,0.047798847681378306,0.047614059764473506,-0.04059652029826011,0.032815198618307395,0.039203311525624535
2012-03-13,172125,30206,34036,108006,105565,073732,COCOA - ICE FUTURES U.S. ,2392.0,-0.01418155410312273,2441,-2.5674479012928746,-3830,1.281657712970069,0.02036325156505331,0.040269605553998944,0.032815198618307395,-0.00836120401337792,0.03471027849321732
2012-03-20,168406,29352,35046,107361,101041,073732,COCOA - ICE FUTURES U.S. ,2372.0,-0.037528354096647384,6320,2.25359477124183,-5694,-1.0829339143064634,0.024803024922985382,0.028944998291872418,-0.00836120401337792,-0.006745362563237767,0.030144778975023878
2012-03-27,171898,31111,34285,104744,102229,073732,COCOA - ICE FUTURES U.S. ,2356.0,-0.014630769409766257,2515,-2.2594206857237866,-3174,1.4963837392966997,0.018384040430394304,0.038534466939874,-0.006745362563237767,-0.09040747028862484,0.026426472126610867
2012-04-03,176650,31983,40565,109365,99579,073732,COCOA - ICE FUTURES U.S. ,2143.0,-0.05539767902632324,9786,4.229833971308566,-8582,-3.1460517283505336,0.03479879776399418,0.09858300711253239,-0.09040747028862484,-0.0368642090527298,0.022614027409305217
2012-04-10,181142,29662,44616,113963,97234,073732,COCOA - ICE FUTURES U.S. ,2064.0,-0.09235296066069713,16729,3.9303707896971414,-14954,-3.607132748372488,0.032874519997916636,0.08578583160558981,-0.0368642090527298,0.12354651162790709,0.018108478846456
2012-04-17,174362,30803,47113,114184,96156,073732,COCOA - ICE FUTURES U.S. ,2319.0,-0.10339408816141131,18028,0.7171169579666781,-16310,-0.7485839838358856,0.006175715508224779,0.04669130858873659,0.12354651162790709,0.002587322121604174,0.01337772447422329
2012-04-24,177449,29984,43715,114800,100771,073732,COCOA - ICE FUTURES U.S. ,2325.0,-0.0790593353583283,14029,-2.2935043186015305,-13731,1.479106686089859,0.024265787142055285,0.05721922956892224,0.002587322121604174,0.014623655913978517,0.009133573092165125
2012-05-01,182207,30859,42004,115828,104886,073732,COCOA - ICE FUTURES U.S. ,2359.0,-0.06005257756288178,10942,-1.7396547740477546,-11145,1.457320131418041,0.023301648286923347,0.03549126442776169,0.014623655913978517,-0.0012717253073336598,0.005074389274405991
2012-05-08,179723,31434,37657,112858,106962,073732,COCOA - ICE FUTURES U.S. ,2356.0,-0.03280604040662575,5896,-2.7693776858188763,-6223,2.7013232202934025,0.02295514511873351,0.07123937994818427,-0.0012717253073336598,-0.03310696095076404,0.0018178106823772133
2012-05-15,183330,31344,37055,115653,109627,073732,COCOA - ICE FUTURES U.S. ,2278.0,-0.03286968853979163,6026,0.07233353549629151,-5711,0.28488284749308657,0.02423650568181818,0.010117106975248176,-0.03310696095076404,-0.043459174714661986,-0.0005505695134990306
2012-05-22,185050,31277,39214,117478,108478,073732,COCOA - ICE FUTURES U.S. ,2179.0,-0.048635503917860035,9000,1.6222113129329623,-7937,-1.2142038946162659,0.013161854520349094,0.031578499382899944,-0.043459174714661986,-0.03166590178981188,-0.0029517808994513153
2012-05-29,189385,30360,38395,122923,112435,073732,COCOA - ICE FUTURES U.S. ,2110.0,-0.05537925390078412,10488,0.8041069981086193,-8035,-0.052958659821669814,0.03994765421188148,0.02524907279470584,-0.03166590178981188,0.025118483412322368,-0.0051521882568224256
2012-06-05,190254,30023,40901,122270,107765,073732,COCOA - ICE FUTURES U.S. ,2163.0,-0.07624018417483995,14505,2.1210761147926185,-10878,-1.5011748554531774,0.023139956963070838,0.04008516158141109,0.025118483412322368,0.03975959315765132,-0.007340672271106273
2012-06-12,169564,29553,35244,109067,102384,073732,COCOA - ICE FUTURES U.S. ,2249.0,-0.03941284706659432,6683,-4.111345884974823,-5691,2.726355293449809,0.08788797404599648,0.09455684676759726,0.03975959315765132,-0.008448199199644235,-0.008972083563084333
2012-06-19,167650,32088,33768,106893,104313,073732,COCOA - ICE FUTURES U.S. ,2230.0,-0.015389203698180734,2580,-2.4197353211766646,-1680,2.3654785213842557,0.019426531443235515,0.06090561224489796,-0.008448199199644235,-0.03632286995515699,-0.010484245361129364
2012-06-26,171773,31470,36147,109120,102856,073732,COCOA - ICE FUTURES U.S. ,2149.0,-0.03646673225710676,6264,2.19743513271697,-4677,-1.7876528481956457,0.017379325961429597,0.04432317316651138,-0.03632286995515699,0.09073987901349456,-0.012941712353912206
2012-07-03,179152,39937,31206,105293,116746,073732,COCOA - ICE FUTURES U.S. ,2344.0,0.06392895418415646,-11453,-10.314193732425935,8731,7.8056504805761096,0.07979228874206784,0.18846548500906624,0.09073987901349456,-0.018771331058020424,-0.014061160463054532
2012-07-10,183393,42626,29302,106940,121963,073732,COCOA - ICE FUTURES U.S. ,2300.0,0.08191697611141101,-15023,-1.992721264624453,13324,2.563744753058855,0.029986500832230246,0.06385552218885553,-0.018771331058020424,-0.04565217391304344,-0.01509529114713493
2012-07-17,187321,44652,33853,110699,120515,073732,COCOA - ICE FUTURES U.S. ,2195.0,0.05240202646793472,-9816,2.8392577688352336,10799,-1.3768246334374812,0.022520262613855563,0.08377810330552195,-0.04565217391304344,0.006378132118451063,-0.016705255154219136
2012-07-24,191275,44031,35186,111902,120149,073732,COCOA - ICE FUTURES U.S. ,2209.0,0.04311593255783558,-8247,0.837599628445289,8845,-1.0431291739847641,0.006761444682418951,0.024666422611308178,0.006378132118451063,0.07559981892258949,-0.018035815791937845
2012-07-31,192084,45383,29660,106214,124568,073732,COCOA - ICE FUTURES U.S. ,2376.0,0.09555194602361466,-18354,-5.284015161416808,15723,3.5958698209384394,0.04379457670008926,0.09165411830550485,0.07559981892258949,0.029882154882154843,-0.017600775701807965
2012-08-07,191277,49375,29796,100834,125804,073732,COCOA - ICE FUTURES U.S. ,2447.0,0.130543661809836,-24970,-3.4443264405156078,19579,2.0074550717394475,0.029191927214324166,0.05214030389915499,0.029882154882154843,-0.00694728238659581,-0.016166860517625562
2012-08-14,191078,55445,33470,99424,127352,073732,COCOA - ICE FUTURES U.S. ,2430.0,0.14616020682653158,-27928,-1.5464483445474364,21975,1.2526336151236166,0.013043708328923695,0.10958780858122927,-0.00694728238659581,0.017695473251028826,-0.01385506914216169
2012-08-21,189241,60450,39601,95875,122401,073732,COCOA - ICE FUTURES U.S. ,2473.0,0.1401704704583045,-26526,0.733731774458598,20849,-0.5892881441086886,0.03894152357565651,0.11130323534997151,0.017695473251028826,0.05701577031945004,-0.012477105837528209
2012-08-28,188496,59605,35592,94599,125699,073732,COCOA - ICE FUTURES U.S. ,2614.0,0.16499023851965028,-31100,-2.4170237950549827,24013,1.6719421267061576,0.020762784954924694,0.05098900175425696,0.05701577031945004,-0.00879877582249422,-0.011095940392011606
2012-09-04,198410,61805,28187,96111,137955,073732,COCOA - ICE FUTURES U.S. ,2591.0,0.21089662819414345,-41844,-5.6998556998557,33618,5.095598845598846,0.0588210162945494,0.10673170948528758,-0.00879877582249422,0.0320339637205711,-0.00897624712872407
2012-09-11,206445,62832,25212,97088,144098,073732,COCOA - ICE FUTURES U.S. ,2674.0,0.2277119813994042,-47010,-2.60369941031198,37620,2.0170354316818706,0.02952078478850348,0.045454545454545456,0.0320339637205711,-0.05310396409872853,-0.0057815190930958025
2012-09-18,200599,56714,23455,96218,138161,073732,COCOA - ICE FUTURES U.S. ,2532.0,0.2090887791065758,-41943,2.4544067427159777,33259,-2.1124270386785824,0.02904270433784597,0.09822998914792501,-0.05310396409872853,-0.019352290679304884,-0.0017483563076023934
2012-09-25,197859,54556,19167,93136,136986,073732,COCOA - ICE FUTURES U.S. ,2483.0,0.2216224685255662,-43850,-0.9506527948793364,35389,1.061819849550596,0.018498883201084643,0.08743540007867287,-0.019352290679304884,-0.003221908981071331,0.002950972709989536
2012-10-02,199186,54324,19453,95164,137518,073732,COCOA - ICE FUTURES U.S. ,2475.0,0.2126354261845712,-42354,0.7560939861214299,34871,-0.2618025967987304,0.011002140260097472,0.007021158355585074,-0.003221908981071331,-0.023434343434343474,0.007643660058763339
2012-10-09,200313,54493,20683,93149,133836,073732,COCOA - ICE FUTURES U.S. ,2417.0,0.20311712170453242,-40687,0.8369062082676494,33810,-0.5326679585914673,0.025098574795691345,0.018609662658295202,-0.023434343434343474,0.00041373603640870726,0.011759979338913672
2012-10-16,202707,55245,20335,94067,133704,073732,COCOA - ICE FUTURES U.S. ,2418.0,0.19553838791950945,-39637,0.5241796588339249,34910,0.5491405949688737,0.004609893269994864,0.014554114845197141,0.00041373603640870726,0.033085194375517046,0.015755814227303624
2012-10-23,205414,52014,16781,97293,139660,073732,COCOA - ICE FUTURES U.S. ,2498.0,0.20625176472879161,-42367,-1.346771448445293,35233,0.15934328858894858,0.0387503006925424,0.09862635365942292,0.033085194375517046,-0.046036829463570905,0.019870725047186545
2012-10-30,203930,52437,17873,96525,136556,073732,COCOA - ICE FUTURES U.S. ,2383.0,0.19629774922767618,-40031,1.1372155744009658,34564,-0.32568374112767384,0.016612250676803345,0.02154743279761058,-0.046036829463570905,0.03315148971884185,0.023068453207963323
2012-11-06,193492,50493,16437,95523,135804,073732,COCOA - ICE FUTURES U.S. ,2462.0,0.20817914952556177,-40281,-0.12259108517628599,34056,-0.24910508507821313,0.007582340150522853,0.050500522934409084,0.03315148971884185,-0.02721364744110477,0.027339392439038063
2012-11-13,179701,49734,18209,86529,121034,073732,COCOA - ICE FUTURES U.S. ,2395.0,0.19201340003672768,-34505,2.985136336386,31525,-1.3080644160998904,0.11449054022152311,0.03725181402057607,-0.02721364744110477,0.04634655532359089,0.03146958975842767
2012-11-20,185392,56147,17136,88003,132232,073732,COCOA - ICE FUTURES U.S. ,2506.0,0.23857016483990678,-44229,-5.411210844680887,39011,4.165808760107067,0.057538538379458305,0.10215193155302048,0.04634655532359089,-0.0015961691939345712,0.03679530921446884
2012-11-27,192742,59261,15907,89183,140056,073732,COCOA - ICE FUTURES U.S. ,2502.0,0.2639435099770678,-50873,-3.583757659445931,43354,2.3426037800983863,0.03927778432116699,0.05777724563644104,-0.0015961691939345712,-0.0043964828137490475,0.04279535521493206
2012-12-04,201382,65763,18134,89109,146287,073732,COCOA - ICE FUTURES U.S. ,2491.0,0.2839280571252644,-57178,-3.2712122941548807,47629,2.2179908893754345,0.026784652245577665,0.10404424472865538,-0.0043964828137490475,-0.022882376555600215,0.04918902782425971
2012-12-11,193803,61817,15254,88796,142067,073732,COCOA - ICE FUTURES U.S. ,2434.0,0.27487190600764694,-53271,1.9400939507999722,46563,-0.5293422450864527,0.019635021636208488,0.0885676843430084,-0.022882376555600215,-0.015201314708299107,0.05559427532810335
2012-12-18,190913,60617,13903,87021,141014,073732,COCOA - ICE FUTURES U.S. ,2397.0,0.2828146852231121,-53993,-0.372543252684427,46714,0.07791417057527489,0.012401605016773742,0.03423242082662373,-0.015201314708299107,-0.07592824363788064,0.06221182360927972
2013-01-08,193555,58158,23208,90799,127599,073732,COCOA - ICE FUTURES U.S. ,2215.0,0.1901268373330578,-36800,9.005672740986732,34950,-6.161969064442966,0.07872324838139544,0.14458127473391835,-0.07592824363788064,0.02483069977426644,0.06695292274165021
2013-01-15,194674,57290,25319,90853,125299,073732,COCOA - ICE FUTURES U.S. ,2270.0,0.17694196451503538,-34446,1.2161917801141795,31971,-1.5390974141716824,0.010890484473888745,0.036061446089409144,0.02483069977426644,-0.02511013215859026,0.07129710447415481
2013-01-22,198728,56577,28003,92159,122845,073732,COCOA - ICE FUTURES U.S. ,2213.0,0.15441206070609073,-30686,1.931434089811685,28574,-1.744968511460185,0.017488046734014252,0.04016315913927643,-0.02511013215859026,-0.008133755083596927,0.07523351517967722
2013-01-29,208369,58020,33025,97586,123177,073732,COCOA - ICE FUTURES U.S. ,2195.0,0.12281577393950156,-25591,2.5638058049192867,24995,-1.800954067871664,0.02608679896540634,0.0710088417815366,-0.008133755083596927,0.02323462414578592,0.07856787401911172
2013-02-05,202479,56644,34838,97864,121256,073732,COCOA - ICE FUTURES U.S. ,2246.0,0.11552803006731563,-23392,1.0553393259074046,21806,-1.5304579855928666,0.010035596933187294,0.03485931658686955,0.02323462414578592,-0.029830810329474655,0.08143235283544333
2013-02-12,185678,56576,34431,90216,113281,073732,COCOA - ICE FUTURES U.S. ,2179.0,0.12422042460603841,-23065,0.1614982294460166,22145,0.16742476997614567,0.0767726305547502,0.00521937872910875,-0.029830810329474655,-0.022946305644791165,0.08417667339507993
2013-02-19,186934,59128,36389,88568,111207,073732,COCOA - ICE FUTURES U.S. ,2129.0,0.1211069147399617,-22639,0.22942944236797033,22739,0.3199086590764657,0.018630959829808533,0.0472167258184407,-0.022946305644791165,-0.0014091122592766459,0.0875158854234236
2013-02-26,193185,61490,41590,90133,110394,073732,COCOA - ICE FUTURES U.S. ,2126.0,0.10487874317364185,-20261,1.2721067328575861,19900,-1.5187178362416682,0.011858752187984661,0.07337019790454016,-0.0014091122592766459,-0.0235183443085607,0.0910990625558799
2013-03-05,200892,64957,45397,94417,113859,073732,COCOA - ICE FUTURES U.S. ,2076.0,0.09677836847659439,-19442,0.4239459585371535,19560,-0.17599710122421514,0.037205438936795406,0.06591514580350509,-0.0235183443085607,0.039980732177264056,0.09406213952725742
2013-03-12,202471,65833,46320,93633,114258,073732,COCOA - ICE FUTURES U.S. ,2159.0,0.10186644013216707,-20625,-0.588873623638572,19513,-0.023395655377018498,0.005690482031449173,0.016040587411839183,0.039980732177264056,-0.027790643816581806,0.09655875705985066
2013-03-19,199309,68677,50287,95465,113779,073732,COCOA - ICE FUTURES U.S. ,2099.0,0.09188747121304106,-18314,1.1413980273718212,18390,-0.5546473322105389,0.01104452218462656,0.057252614236239535,-0.027790643816581806,0.02239161505478804,0.09909668940859263
2013-03-26,200766,66032,46627,98132,118811,073732,COCOA - ICE FUTURES U.S. ,2146.0,0.10300050805415259,-20679,-1.1865997019703074,19405,0.5092594915432821,0.03548858455907773,0.055965346754364945,0.02239161505478804,0.011649580615097799,0.10135019060392485
2013-04-02,201608,65067,45133,99322,120738,073732,COCOA - ICE FUTURES U.S. ,2171.0,0.10622594341494385,-21416,-0.3670940298656147,19934,0.26349083012063795,0.014164318822139416,0.022313974591651544,0.011649580615097799,0.02210962690004603,0.1041146963253016
2013-04-09,196358,61762,41540,94960,118082,073732,COCOA - ICE FUTURES U.S. ,2219.0,0.11775430591063261,-23122,-0.8461965795008134,20222,0.14285147414785127,0.032941861229241184,0.06677508663917446,0.02210962690004603,0.03379900856241558,0.10666056315838619
2013-04-16,194623,65820,36393,93174,123472,073732,COCOA - ICE FUTURES U.S. ,2294.0,0.1556753312815032,-30298,-3.6545493435459724,29427,4.687866040599314,0.03312315943982349,0.09005703775449307,0.03379900856241558,0.009590235396687019,0.1107196595104598
2013-04-23,200670,69765,31417,91466,133416,073732,COCOA - ICE FUTURES U.S. ,2316.0,0.20904968356007375,-41950,-5.986959403564841,38348,4.583733679986436,0.05181384014727724,0.08816785594275661,0.009590235396687019,0.022452504317789224,0.11651586420701307
2013-04-30,211436,79969,33111,89899,141372,073732,COCOA - ICE FUTURES U.S. ,2368.0,0.24344482491155717,-51473,-4.745602232521055,46858,4.240793342303284,0.04117680124183318,0.10521754510081359,0.022452504317789224,0.006756756756756799,0.12318584330457015
2013-05-07,224357,86177,33352,89781,149824,073732,COCOA - ICE FUTURES U.S. ,2384.0,0.26762258365016467,-60043,-4.05323596738493,52825,2.8221305737906506,0.035767200183635564,0.053953433894703376,0.006756756756756799,-0.017617449664429574,0.1298528032855027
2013-05-14,219769,83678,31129,89889,149566,073732,COCOA - ICE FUTURES U.S. ,2342.0,0.27154421233203957,-59677,0.163132864140633,52549,-0.12301822541752652,0.001528470902674824,0.04112989626068097,-0.017617449664429574,0.001280956447480719,0.13622966462963582
2013-05-21,224131,84061,32893,90940,149696,073732,COCOA - ICE FUTURES U.S. ,2345.0,0.2621502603388197,-58756,0.4190763938499061,51168,-0.6283870791603912,0.004907827590219252,0.018357644886023566,0.001280956447480719,-0.05970149253731338,0.14190190118243284
2013-05-28,218635,78739,27832,92484,149539,073732,COCOA - ICE FUTURES U.S. ,2205.0,0.26096004756786423,-57055,0.7589311607943569,50907,-0.11644975483088016,0.007028257644934572,0.09742800574265044,-0.05970149253731338,0.03537414965986385,0.147552473030657
2013-06-04,217046,78791,28070,92701,146637,073732,COCOA - ICE FUTURES U.S. ,2283.0,0.24850031790496024,-53936,1.426578544148924,50721,-0.0850732956754408,0.013031779324637125,0.0027138057850852977,0.03537414965986385,0.031537450722733285,0.15326662345032663
2013-06-11,210543,76888,23771,89859,148917,073732,COCOA - ICE FUTURES U.S. ,2355.0,0.2805032701158433,-59058,-2.3598684149903706,53117,1.1039134561337227,0.02145106710892217,0.061613963977389004,0.031537450722733285,-0.040764331210191074,0.15972590275833867
2013-06-18,188065,72780,20826,81786,136719,073732,COCOA - ICE FUTURES U.S. ,2259.0,0.2920958179352883,-54933,1.9592197318362519,51954,-0.5523812237880148,0.09277133246378802,0.07534773411960771,-0.040764331210191074,-0.03010181496237274,0.16680928741430268
2013-06-25,183124,71993,26469,80297,127257,073732,COCOA - ICE FUTURES U.S. ,2191.0,0.25643826041370876,-46960,4.239491665115785,45524,-3.4190306542950575,0.05276217273576997,0.06530438138571225,-0.03010181496237274,0.005476951163852162,0.17249873178892391
2013-07-02,181096,68117,27978,82705,123563,073732,COCOA - ICE FUTURES U.S. ,2203.0,0.22561514334938376,-40858,3.3321683667897166,40139,-2.9406303925209145,0.029582872767467565,0.05603829543680733,0.005476951163852162,-0.005447117566954152,0.17713343077060786
2013-07-09,177073,62102,33529,82871,112018,073732,COCOA - ICE FUTURES U.S. ,2191.0,0.16460442868195602,-29147,6.4667358748950825,28573,-6.3866678446790655,0.060090615683799496,0.12094404534094592,-0.005447117566954152,0.04701049748973074,0.1810001838655898
2013-07-16,172899,58850,26529,82511,118393,073732,COCOA - ICE FUTURES U.S. ,2294.0,0.20753156467070372,-35882,-3.803516063996205,32321,2.1166411592958836,0.033523473897981125,0.12007636538258823,0.04701049748973074,0.028334786399302425,0.1837617725287926
2013-07-23,175935,59665,19985,82820,126696,073732,COCOA - ICE FUTURES U.S. ,2359.0,0.24938755790490807,-43876,-4.623508522316497,39680,4.256242083528534,0.04110425934057542,0.09239171374764595,0.028334786399302425,-0.030521407376006837,0.18698236064020607
2013-07-30,176785,61504,20564,80672,125849,073732,COCOA - ICE FUTURES U.S. ,2287.0,0.25554769918262293,-45177,-0.7394776479949982,40940,0.7161735868360474,0.014502157165615119,0.02946337183798801,-0.030521407376006837,0.038041101880192496,0.19088900819241156
2013-08-06,177633,64730,22019,74371,124535,073732,COCOA - ICE FUTURES U.S. ,2374.0,0.2824024815208886,-50164,-2.8209406906694574,42711,1.0017818253811126,0.03828441575417534,0.05396027619914927,0.038041101880192496,0.022746419545071506,0.1954906725955472
2013-08-13,184378,75329,25115,73090,132175,073732,COCOA - ICE FUTURES U.S. ,2428.0,0.32045580275304,-59085,-5.022152415373269,50214,4.223877320092551,0.04346089201763574,0.13634462984349488,0.022746419545071506,0.020181219110378956,0.1998157467634208
2013-08-20,187034,82593,27185,71132,135204,073732,COCOA - ICE FUTURES U.S. ,2477.0,0.34256873081899547,-64072,-2.704769549512415,55408,2.8170389091974095,0.02416931606699752,0.08502614367177394,0.020181219110378956,-0.023011707710940632,0.20389315193667384
2013-08-27,186878,84525,27142,70090,134024,073732,COCOA - ICE FUTURES U.S. ,2420.0,0.34211624696325943,-63934,0.07378337628452582,57383,1.055957740303902,0.010886073468747856,0.017686514368613824,-0.023011707710940632,-0.009504132231405005,0.20766153732391862
2013-09-03,186400,85884,26686,69036,134703,073732,COCOA - ICE FUTURES U.S. ,2397.0,0.3522907725321888,-65667,-0.9273429724205097,59198,0.9712218666723745,0.008505980690982089,0.016123301057120013,-0.009504132231405005,0.06132665832290374,0.21174077390226254
2013-09-10,195916,89108,25220,69898,142035,073732,COCOA - ICE FUTURES U.S. ,2544.0,0.3682037199616162,-72137,-3.471030042918455,63888,2.5160944206008584,0.03866316241453667,0.041022321740955846,0.06132665832290374,0.027515723270440162,0.2156487254684542
2013-09-17,204637,93889,28046,71370,145569,073732,COCOA - ICE FUTURES U.S. ,2614.0,0.36258838821913925,-74199,-1.052491884276935,65843,0.9978766410094122,0.023075611116488967,0.0623856972977406,0.027515723270440162,-0.004208110175975555,0.21856587469970412
2013-09-24,208062,95719,28088,71147,146988,073732,COCOA - ICE FUTURES U.S. ,2603.0,0.36451153982947393,-75841,-0.8023964385717147,67631,0.8737422851195044,0.007527448598345062,0.015120308221667595,-0.004208110175975555,0.011909335382251252,0.22119663543874393
2013-10-01,213078,100385,31233,70483,147387,073732,COCOA - ICE FUTURES U.S. ,2634.0,0.36091947549723574,-76904,-0.5109054031971239,69152,0.7310320962020936,0.004879056317987791,0.059345986111322156,0.011909335382251252,0.03189066059225509,0.22411645652317969
2013-10-08,216211,100707,31353,72191,150359,073732,COCOA - ICE FUTURES U.S. ,2718.0,0.36153572204929446,-78168,-0.5932099982166156,69354,0.09480096490487051,0.02102898225117951,0.00334696350143874,0.03189066059225509,0.015452538631346657,0.2268070960140206
2013-10-15,217964,103930,33174,73121,153176,073732,COCOA - ICE FUTURES U.S. ,2760.0,0.3672854232809088,-80055,-0.8727585553001466,70756,0.6484406436305276,0.016557886317538455,0.03678959038394212,0.015452538631346657,0.003260869565217428,0.22978113441971942
2013-10-22,226213,108250,36846,75305,156490,073732,COCOA - ICE FUTURES U.S. ,2769.0,0.35888742026320325,-81185,-0.5184342368464517,71404,0.29729680130663777,0.023719234668564897,0.055080774108176654,0.003260869565217428,-0.03972553268327916,0.23277671708430925
2013-10-29,223683,108235,36042,73940,154953,073732,COCOA - ICE FUTURES U.S. ,2659.0,0.3621777247265103,-81013,0.07603453382431602,72193,0.3487863208568915,0.012678413057629548,0.00567658046674106,-0.03972553268327916,0.028958254983076248,0.23598131971521308
2013-11-05,223952,110351,26245,71625,164664,073732,COCOA - ICE FUTURES U.S. ,2736.0,0.4154417017932414,-93039,-5.376358507351922,84106,5.325840586901999,0.050895301939574,0.08721338838618993,0.028958254983076248,-0.04714912280701755,0.24000420312029866
2013-11-12,201834,100301,23252,68155,152065,073732,COCOA - ICE FUTURES U.S. ,2607.0,0.4157376854246559,-83910,4.076319925698364,77049,-3.1511216689290564,0.07296794114975934,0.10556603239095773,-0.04714912280701755,0.07211354046797092,0.2442242018933175
2013-11-19,211675,105123,28830,68837,154484,073732,COCOA - ICE FUTURES U.S. ,2795.0,0.40461556631628676,-85647,-0.8606082225987693,76293,-0.37456523677873893,0.013885841456916277,0.07763917194836994,0.07211354046797092,-0.007871198568872972,0.24800182529313913
2013-11-26,216171,107729,29844,69281,156367,073732,COCOA - ICE FUTURES U.S. ,2773.0,0.40285699746959586,-87086,-0.679815755285225,77885,0.7520963741584977,0.010312522158406013,0.02631330275562792,-0.007871198568872972,0.015506671474936784,0.25205650985915584
2013-12-03,220371,108441,29186,70320,159775,073732,COCOA - ICE FUTURES U.S. ,2816.0,0.40592909230343377,-89455,-1.0958916783472343,79255,0.6337575345444115,0.019326799800082575,0.009954442078952531,0.015506671474936784,-0.01171875,0.255274950771916
2013-12-10,213305,109171,24893,63065,156037,073732,COCOA - ICE FUTURES U.S. ,2783.0,0.43586413820585546,-92972,-1.5959450199890184,84278,2.279338025420768,0.050172978795264306,0.0374671798543979,-0.01171875,-0.004311893639956876,0.2585811166993927
2013-12-17,210836,105904,21022,63181,157210,073732,COCOA - ICE FUTURES U.S. ,2771.0,0.44598171090326133,-94029,-0.4955345631841729,84882,0.2831626075338131,0.00584869618087853,0.05623749271228905,-0.004311893639956876,0.01768314687838335,0.2616975331182003
2013-12-24,214434,106576,20445,62458,158788,073732,COCOA - ICE FUTURES U.S. ,2820.0,0.44922913343965976,-96330,-1.0913695953252767,86131,0.5924035743421427,0.01040018802599821,0.0098330197368939,0.01768314687838335,-0.03936170212765955,0.2650505567226621
2013-12-31,207485,106430,21602,62926,154804,073732,COCOA - ICE FUTURES U.S. ,2709.0,0.44281755307612597,-91878,2.07616329499986,84828,-0.6076461755132114,0.02044734303954439,0.01017714321419645,-0.03936170212765955,-0.012550756736803281,0.26812753495060465
2014-01-07,203512,101783,21272,66468,153096,073732,COCOA - ICE FUTURES U.S. ,2675.0,0.4256653170329022,-86628,2.5303033954261753,80511,-2.080632334867581,0.02391102366508171,0.04044532932428589,-0.012550756736803281,0.028785046728971864,0.27265712109867857
2014-01-14,208191,100193,21396,66937,152976,073732,COCOA - ICE FUTURES U.S. ,2752.0,0.4132695457536589,-86039,0.28941782302763475,78797,-0.8422107787255788,0.0026783318857911994,0.014096669929023184,0.028785046728971864,-0.02652616279069764,0.27720188227634446
2014-01-21,209790,101716,22818,67485,152566,073732,COCOA - ICE FUTURES U.S. ,2679.0,0.4055531722198389,-85081,0.460154377470688,78898,0.04851314418010385,0.004353536225693135,0.02364816034175406,-0.02652616279069764,0.08435983575961181,0.2820315190362242
2014-01-28,218855,104537,20909,67062,160257,073732,COCOA - ICE FUTURES U.S. ,2905.0,0.4258298873683489,-93195,-3.8676772010105345,83628,2.2546355879689215,0.035694332633875746,0.03770546689412178,0.08435983575961181,-0.009638554216867434,0.2878587135252405
2014-02-04,225470,109978,22800,71820,167234,073732,COCOA - ICE FUTURES U.S. ,2877.0,0.42317824987803254,-95414,-1.0139133216056293,87178,1.6220785451554685,0.04908932709764321,0.05521999126361295,-0.009638554216867434,0.013208202989224871,0.2937750639062158
2014-02-11,218752,106423,21400,69769,163652,073732,COCOA - ICE FUTURES U.S. ,2915.0,0.42917550468110005,-93883,0.6790260345056992,85023,-0.9557812569299684,0.02413236169839046,0.03876454159267111,0.013208202989224871,0.004459691252144182,0.29963958467689006
2014-02-18,212800,106023,20528,65779,160118,073732,COCOA - ICE FUTURES U.S. ,2928.0,0.4433223684210526,-94339,-0.20845523698069046,85495,0.21576945582211818,0.03330721523526209,0.0100512836721954,0.004459691252144182,-0.009904371584699478,0.3058360357092188
2014-02-25,210010,103598,19643,68202,160350,073732,COCOA - ICE FUTURES U.S. ,2899.0,0.43877910575686874,-92148,1.0296052631578947,83955,-0.7236842105263158,0.011616612412055024,0.026857945002069117,-0.009904371584699478,0.008278716798896246,0.31225719652812695
2014-03-04,210599,103346,19754,69016,161369,073732,COCOA - ICE FUTURES U.S. ,2923.0,0.4385253491232152,-92353,-0.09761439931431837,83592,-0.1728489119565735,0.00795624715150726,0.002948822095857027,0.008278716798896246,0.02634279849469734,0.3188292538482542
2014-03-11,217952,107508,26910,68060,159576,073732,COCOA - ICE FUTURES U.S. ,3000.0,0.4198906181177507,-91516,0.3974377846048652,80598,-1.421659172170808,0.012076297246481224,0.08420003273371125,0.02634279849469734,0.004666666666666597,0.32494510342490013
2014-03-18,217565,106425,27698,68354,156787,073732,COCOA - ICE FUTURES U.S. ,3014.0,0.40646703284076025,-88433,1.414531639994127,78727,-0.8584458963441491,0.01369364087394122,0.013949881824892077,0.004666666666666597,-0.0215660252156602,0.3309947103792794
2014-03-25,218570,102998,28536,70666,153800,073732,COCOA - ICE FUTURES U.S. ,2949.0,0.38035411996156837,-83134,2.4355939604256203,74462,-1.96033369337899,0.02360713872034072,0.032425076406100324,-0.0215660252156602,-0.0020345879959308144,0.33632843368519116
2014-04-01,214614,102576,29005,71302,153417,073732,COCOA - ICE FUTURES U.S. ,2943.0,0.382617163838333,-82115,0.4662121974653429,73571,-0.4076497232008053,0.004534552040548419,0.006771494364687911,-0.0020345879959308144,0.01664967720013588,0.34164364946256404
2014-04-08,205636,97845,26393,70199,150927,073732,COCOA - ICE FUTURES U.S. ,2992.0,0.3925771752027855,-80728,0.646276570959956,71452,-0.9873540402769623,0.01624865461320695,0.05910429981165183,0.01664967720013588,-0.013703208556149704,0.3469287046412593
2014-04-15,201784,94368,23491,71949,151195,073732,COCOA - ICE FUTURES U.S. ,2951.0,0.39272687626372754,-79246,0.7206909296037659,70877,-0.27962029994748,0.0090434876133797,0.05412399562188717,-0.013703208556149704,0.014232463571670628,0.3514873881986098
2014-04-22,204472,94876,24189,72277,152690,073732,COCOA - ICE FUTURES U.S. ,2993.0,0.39327145036973277,-80413,-0.5783411965269794,70687,-0.09416009197954249,0.008103410722461516,0.010128921177508084,0.014232463571670628,-0.01770798529903106,0.3550301144834109
2014-04-29,201758,88471,24549,77043,148839,073732,COCOA - ICE FUTURES U.S. ,2940.0,0.3558520603891791,-71796,4.214268946359404,63922,-3.3085214601510233,0.03814823668995316,0.059856662537603966,-0.01770798529903106,-0.009183673469387754,0.3571917920887498
2014-05-06,201857,85755,24126,79811,148290,073732,COCOA - ICE FUTURES U.S. ,2913.0,0.3392451091614361,-68479,1.6440488109517344,61629,-1.1365100764281961,0.014541803850048883,0.02856726822653598,-0.009183673469387754,-0.006522485410230039,0.3585691483485819
2014-05-13,199900,82553,24743,80060,144034,073732,COCOA - ICE FUTURES U.S. ,2894.0,0.3200300150075038,-63974,2.231777941810291,57810,-1.8919333983958941,0.020103170990744955,0.03559312555920072,-0.006522485410230039,0.02557014512785072,0.3595015676308024
2014-05-20,199030,80388,23741,82145,145698,073732,COCOA - ICE FUTURES U.S. ,2968.0,0.31931367130583327,-63553,0.21060530265132565,56647,-0.5817908954477239,0.016454312838226324,0.030414197773915047,0.02557014512785072,0.021226415094339535,0.36060086399555263
2014-05-27,213850,87499,23010,83039,154512,073732,COCOA - ICE FUTURES U.S. ,3031.0,0.3342202478372691,-71473,-3.9792996030749137,64489,3.9401095312264482,0.040867013820190194,0.07096254603697437,0.021226415094339535,0.012867040580666345,0.36200971400073356
2014-06-03,221904,92311,23216,80515,158612,073732,COCOA - ICE FUTURES U.S. ,3070.0,0.3519404787655923,-78097,-3.0974982464344167,69095,2.1538461538461537,0.027700761520029107,0.04343573363802401,0.012867040580666345,0.005537459283387669,0.363998947863438
2014-06-10,216022,99766,28449,73274,151894,073732,COCOA - ICE FUTURES U.S. ,3087.0,0.36394441306903924,-78620,-0.23568750450645323,71317,1.0013339101593481,0.0619937113621829,0.0989587801739266,0.005537459283387669,0.015873015873015817,0.3656035852279225
2014-06-17,212417,103939,29948,69049,151815,073732,COCOA - ICE FUTURES U.S. ,3136.0,0.3896392473295452,-82766,-1.9192489653831555,73991,1.237836886983733,0.01948710518690235,0.04236408314474146,0.015873015873015817,-0.025510204081632626,0.3674794204085813
2014-06-24,213844,105634,31356,69632,152564,073732,COCOA - ICE FUTURES U.S. ,3056.0,0.3878154168459251,-82932,-0.07814817081495361,74278,0.135111596529468,0.005994707375470305,0.02265128841521279,-0.025510204081632626,0.025850785340314042,0.370005904186124
2014-07-01,216548,105097,32145,71966,154562,073732,COCOA - ICE FUTURES U.S. ,3135.0,0.38142120915455235,-82596,0.157123884700997,72952,-0.6200781878378631,0.019123463766068653,0.009661765348799931,0.025850785340314042,-0.00031897926634771867,0.37300217468237723
2014-07-08,214199,104008,32101,69454,151369,073732,COCOA - ICE FUTURES U.S. ,3134.0,0.3824247545506748,-81915,0.31447993054657625,71907,-0.4825719932763175,0.025835171155178582,0.0083242107428605,-0.00031897926634771867,0.002871729419272606,0.37719102710292945
2014-07-15,212827,103389,33216,69480,149853,073732,COCOA - ICE FUTURES U.S. ,3143.0,0.3776447537201577,-80373,0.7198913160192157,70173,-0.8095275888309469,0.007030405821285442,0.012693532447567804,0.002871729419272606,-0.0038180082723512365,0.38046243458464973
2014-07-22,214708,103872,32882,71949,152882,073732,COCOA - ICE FUTURES U.S. ,3131.0,0.3769445013693016,-80933,-0.26312450957820205,70990,0.3838798648667697,0.024453923168958017,0.005974231101101247,-0.0038180082723512365,0.014691791759821049,0.3829154527281957
2014-07-29,219245,109058,38564,70886,151894,073732,COCOA - ICE FUTURES U.S. ,3177.0,0.3694861912472348,-81008,-0.034931162322782566,70494,-0.23101142016133538,0.009206391956189964,0.07362046307460948,0.014691791759821049,0.0056657223796034994,0.38510657757559213
2014-08-05,215045,113478,33560,66261,156269,073732,COCOA - ICE FUTURES U.S. ,3195.0,0.4185542560859355,-90008,-4.1049966931971085,79918,4.298387648521061,0.04044398508066328,0.06409227546620601,0.0056657223796034994,0.008450704225352101,0.38772488093261226
2014-08-12,214215,117649,36512,65884,156373,073732,COCOA - ICE FUTURES U.S. ,3222.0,0.42242139906169035,-90489,-0.22367411472017487,81137,0.5668580994675533,0.00216416130875518,0.046204941587042116,0.008450704225352101,-0.007138423339540623,0.3896857577847017
2014-08-19,210063,116335,36035,66255,154663,073732,COCOA - ICE FUTURES U.S. ,3199.0,0.42086421692539855,-88408,0.9714539131246644,80300,-0.3907289405503816,0.009419784716501145,0.01175428233904312,-0.007138423339540623,0.006564551422319376,0.3911914402098248
2014-08-26,209294,114924,35623,67113,155135,073732,COCOA - ICE FUTURES U.S. ,3220.0,0.4205662847477711,-88022,0.18375439749027672,79301,-0.47557161423001676,0.005984305820524819,0.012109175207742432,0.006564551422319376,-0.02018633540372672,0.3927000947826039
2014-09-02,213642,117703,35678,66980,156919,073732,COCOA - ICE FUTURES U.S. ,3155.0,0.42097995712453545,-89939,-0.9159364339159268,82025,1.3015184381778742,0.008561896212131362,0.018476864800724992,-0.02018633540372672,-0.026624405705229837,0.3940210406401491
2014-09-09,208885,112961,31307,68219,156459,073732,COCOA - ICE FUTURES U.S. ,3071.0,0.42243339636642174,-88240,0.7952556145327229,81654,-0.17365499293210135,0.0075619330775598854,0.06316716111681038,-0.026624405705229837,-0.0003256268316509381,0.3950639190325491
2014-09-16,200772,104845,27096,67749,151305,073732,COCOA - ICE FUTURES U.S. ,3070.0,0.4161735700197239,-83556,2.2423821720085213,77749,-1.8694496972018095,0.02567403471290184,0.09342812317626818,-0.0003256268316509381,0.07394136807817597,0.396094403297945
2014-09-23,209913,104688,23905,72313,160115,073732,COCOA - ICE FUTURES U.S. ,3297.0,0.41827804852486505,-87802,-2.1148367302213456,80783,1.5111668957822804,0.057540399607620425,0.02603563179955363,0.07394136807817597,0.0009099181073703999,0.39712837461901024
2014-09-30,216801,110225,26800,72182,162154,073732,COCOA - ICE FUTURES U.S. ,3300.0,0.4149980858021873,-89972,-1.0337616059986756,83425,1.2586166649993091,0.009260207565205517,0.06153621601897464,0.0009099181073703999,-0.07545454545454544,0.3981683478941054
2014-10-07,203687,96663,26267,73846,149119,073732,COCOA - ICE FUTURES U.S. ,3051.0,0.3695523032888697,-75273,6.779950276982118,70396,-6.009658627035853,0.06592514520216178,0.11465874888147726,-0.07545454545454544,0.01671583087512296,0.3983225129179434
2014-10-14,200006,90539,26115,75352,145555,073732,COCOA - ICE FUTURES U.S. ,3102.0,0.351004469865904,-70203,2.4891131981913426,64424,-2.931949510768974,0.02295083451407153,0.05380012687091741,0.01671583087512296,0.0025789813023855412,0.3980094176599626
2014-10-21,196589,86010,25464,75872,142212,073732,COCOA - ICE FUTURES U.S. ,3110.0,0.33745530014395514,-66340,1.931442056738298,60546,-1.9389418317450478,0.01771335815557308,0.04646823474532178,0.0025789813023855412,-0.06012861736334407,0.3975972615038232
2014-10-28,193167,77818,24350,79639,136462,073732,COCOA - ICE FUTURES U.S. ,2923.0,0.29416515243286895,-56823,4.841064352532441,53468,-3.600404905666136,0.04403959259790561,0.09108527131782945,-0.06012861736334407,-0.01436879917892575,0.3962893274212531
2014-11-04,186064,72871,21700,78554,131626,073732,COCOA - ICE FUTURES U.S. ,2881.0,0.2852351878923381,-53072,1.941843068433014,51171,-1.1891265071156045,0.028171091445427728,0.08033117974854871,-0.01436879917892575,0.013536966331135103,0.3937853560000819
2014-11-11,174426,67563,23695,78156,124881,073732,COCOA - ICE FUTURES U.S. ,2920.0,0.26787864194558153,-46725,3.411191847966291,43868,-3.924993550606243,0.03518077985785842,0.08002586074645511,0.013536966331135103,-0.025684931506849362,0.3909419128562535
2014-11-18,172714,65554,21472,76860,121419,073732,COCOA - ICE FUTURES U.S. ,2845.0,0.2579929826186644,-44559,1.2417873482164357,44082,0.12268813135656381,0.02399648979468325,0.048629145312895,-0.025684931506849362,0.006326889279437697,0.3881222477851455
2014-11-25,175856,71472,21388,72664,124082,073732,COCOA - ICE FUTURES U.S. ,2863.0,0.29238695296151396,-51418,-3.971305163449402,50084,3.475109139965492,0.0348622081262135,0.06463493430971355,0.006326889279437697,0.011526370939573871,0.3859978238522977
2014-12-02,180195,71541,23051,74400,124340,073732,COCOA - ICE FUTURES U.S. ,2896.0,0.27714420488914787,-49940,0.8404603766718224,48490,-0.9064234373578383,0.010033209218073866,0.01831021650879567,0.011526370939573871,0.03107734806629825,0.38352119140202307
2014-12-09,186988,71810,24949,81121,132103,073732,COCOA - ICE FUTURES U.S. ,2986.0,0.2726485122039917,-50982,-0.5782624379144815,46861,-0.9040206443020062,0.06792856338873672,0.022395849481701962,0.03107734806629825,-0.024112525117213623,0.38038242936352556
2014-12-16,184338,70603,20877,80379,135047,073732,COCOA - ICE FUTURES U.S. ,2914.0,0.296563920624071,-54668,-1.971249491946007,49726,1.532183883457762,0.0171102838097537,0.05770660253607346,-0.024112525117213623,0.017844886753603184,0.37750901031969497
2014-12-23,190360,78561,20640,79649,143412,073732,COCOA - ICE FUTURES U.S. ,2966.0,0.33496007564614416,-63763,-4.9338714752248585,57921,4.445637904284521,0.04077360004662402,0.0826100543341297,0.017844886753603184,0.0020229265003370855,0.37531152843905047
2014-12-30,194115,81820,22768,79670,144689,073732,COCOA - ICE FUTURES U.S. ,2972.0,0.3349509311490611,-65019,-0.6598024795125027,59052,0.5941374238285354,0.005785370767386198,0.05150686503231728,0.0020229265003370855,-0.02355316285329745,0.37323717032506853
2015-01-06,197299,82495,20101,81241,147690,073732,COCOA - ICE FUTURES U.S.,2902.0,0.3367933947967298,-66449,-0.7366767122581974,62394,1.7216598408160113,0.019971082990071245,0.03257436937112558,-0.02355316285329745,0.03066850447966929,0.37152809489744976
2015-01-13,209171,89168,22655,79662,153876,073732,COCOA - ICE FUTURES U.S.,2991.0,0.35480061767644655,-74214,-3.93565096629988,66513,2.087694311679228,0.033249406948762085,0.08251433068331201,0.03066850447966929,-0.0220661985957874,0.37040369243442645
2015-01-20,207704,89012,20802,78158,151659,073732,COCOA - ICE FUTURES U.S.,2925.0,0.35387378192042523,-73501,0.3408694321870622,68210,0.8112979332699083,0.01619114338800002,0.018294570819749757,-0.0220661985957874,-0.06222222222222218,0.3694098580055916
2015-01-27,189249,68778,16204,88032,140458,073732,COCOA - ICE FUTURES U.S.,2743.0,0.27702127884427397,-52426,10.146651003350922,52574,-7.528020644763703,0.09223598406932469,0.2922030547645384,-0.06222222222222218,-0.018957345971563955,0.3665481539955132
2015-02-03,195184,65457,23317,93762,135168,073732,COCOA - ICE FUTURES U.S.,2691.0,0.21213829002377244,-41406,5.823016237866514,42140,-5.513371272767623,0.048136985104617135,0.1175344132290986,-0.018957345971563955,0.06391675956893339,0.36248969322908514
2015-02-10,184374,59433,20261,89746,130101,073732,COCOA - ICE FUTURES U.S.,2863.0,0.21887576339397094,-40355,0.5384662677268628,39172,-1.5206164439708172,0.04131509640795644,0.11393580445202901,0.06391675956893339,0.04435906391896616,0.3584454674351019
2015-02-17,185820,61745,14977,87988,136555,073732,COCOA - ICE FUTURES U.S.,2990.0,0.26136583790765255,-48567,-4.453990258930219,46768,4.119886751928146,0.036572059694579655,0.09900680378509423,0.04435906391896616,0.03076923076923066,0.35494630338676725
2015-02-24,200520,75094,17962,90048,152394,073732,COCOA - ICE FUTURES U.S.,3082.0,0.3109216038300419,-62346,-7.415240555376171,57132,5.577440533849963,0.07382796710140982,0.17552871389270977,0.03076923076923066,0.005840363400389403,0.3524875052727898
2015-03-03,215131,83535,24667,92751,157323,073732,COCOA - ICE FUTURES U.S.,3100.0,0.3001520004090531,-64572,-1.1101137043686415,58868,0.8657490524635946,0.03051896638594976,0.13997892830077077,0.005840363400389403,-0.03903225806451616,0.34982647933597905
2015-03-10,212400,83396,22304,89825,155139,073732,COCOA - ICE FUTURES U.S.,2979.0,0.30750470809792846,-65314,-0.3449061269645007,61092,1.0337887147830858,0.02086020803056776,0.023670766319772944,-0.03903225806451616,-0.06411547499160797,0.34766521183559784
2015-03-17,208504,72711,22300,100541,151487,073732,COCOA - ICE FUTURES U.S.,2788.0,0.2443406361508652,-50946,6.764595103578154,50411,-5.028719397363465,0.057009538622692715,0.11250276283798719,-0.06411547499160797,-0.0017934002869440802,0.3445473965146383
2015-03-24,209278,65616,28987,106629,145559,073732,COCOA - ICE FUTURES U.S.,2783.0,0.18602050860577796,-38930,5.762958984000307,36629,-6.6099451329470895,0.04764699351277618,0.1456824836421678,-0.0017934002869440802,-0.030183255479698134,0.3408102116808731
2015-03-31,216001,64335,32494,112594,147485,073732,COCOA - ICE FUTURES U.S.,2699.0,0.1615316595756501,-34891,1.929968749701354,31841,-2.287865900859144,0.03034078107036708,0.049447995951626064,-0.030183255479698134,0.031863653204890596,0.3365585673681292
2015-04-07,214176,59880,33898,114987,143424,073732,COCOA - ICE FUTURES U.S.,2785.0,0.1327739802779023,-28437,2.9879491298651395,25982,-2.7124874421877676,0.02497571697799242,0.06247734010108981,0.031863653204890596,0.022621184919209947,0.33156235208111223
2015-04-14,202022,64518,34936,105885,139279,073732,COCOA - ICE FUTURES U.S.,2848.0,0.16529882884042332,-33394,-2.3144516659196173,29582,1.6808606006275213,0.05403321858021569,0.05707161099603837,0.022621184919209947,-0.026334269662921295,0.3271887357845102
2015-04-21,186384,60740,25916,97520,133847,073732,COCOA - ICE FUTURES U.S.,2773.0,0.1949040690187999,-36327,-1.4518220787834988,34824,2.5947669065745314,0.059632531864959135,0.14768740768094535,-0.026334269662921295,0.05445366029570864,0.32337397845083843
2015-04-28,193087,63985,26696,96355,138019,073732,COCOA - ICE FUTURES U.S.,2924.0,0.21577837969412753,-41664,-2.863443214009786,37289,1.3225384153146194,0.02277129715753454,0.04438636539076543,0.05445366029570864,0.004103967168262557,0.3206802538220875
2015-05-05,195453,63716,27993,97999,139086,073732,COCOA - ICE FUTURES U.S.,2936.0,0.21021422029848608,-41087,0.2988290252580443,35723,-0.8110333683779851,0.011434717506379569,0.017075750471600388,0.004103967168262557,0.0156675749318802,0.31819889057472306
2015-05-12,200173,69152,26919,96667,145383,073732,COCOA - ICE FUTURES U.S.,2982.0,0.2433694853951332,-48716,-3.903240165154794,42233,3.330724010375896,0.031518281346829165,0.06776238407011481,0.0156675749318802,0.05466130114017442,0.31672464962063895
2015-05-19,214859,83768,30628,95407,155721,073732,COCOA - ICE FUTURES U.S.,3145.0,0.28071432893199727,-60314,-5.7939882002068215,53140,5.448786799418503,0.0461836195087764,0.16018916745340747,0.05466130114017442,0.0015898251192367763,0.3159823545749883
2015-05-26,221934,88871,29749,94003,161406,073732,COCOA - ICE FUTURES U.S.,3150.0,0.303707408508836,-67403,-3.299373077227391,59122,2.7841514667758855,0.027755482383157993,0.05042994436014163,0.0015898251192367763,-0.01206349206349211,0.31539556920328765
2015-06-02,224336,90064,29518,94030,163696,073732,COCOA - ICE FUTURES U.S.,3112.0,0.3105431139005777,-69666,-1.0196725152522823,60546,0.6416321969594564,0.008990167852680754,0.011908146711043469,-0.01206349206349211,-0.0016066838046272514,0.31459946603280664
2015-06-09,210891,90298,25613,88582,161060,073732,COCOA - ICE FUTURES U.S.,3107.0,0.3436751686890384,-72478,-1.2534769274659439,64685,1.8450003566079454,0.03238237155606829,0.03570843146897188,-0.0016066838046272514,0.04087544254908271,0.3142096728716527
2015-06-16,209843,94536,29314,85134,159775,073732,COCOA - ICE FUTURES U.S.,3234.0,0.35569926087598824,-74641,-1.0256483206964735,65222,0.25463391040869454,0.01932554540666125,0.06410173597093258,0.04087544254908271,0.008658008658008587,0.3135569808244689
2015-06-23,215213,98167,30783,84887,162609,073732,COCOA - ICE FUTURES U.S.,3262.0,0.3611398939655132,-77722,-1.4682405417383473,67384,1.030294077000424,0.012448686039370334,0.039550213260953856,0.008658008658008587,0.003985285101165026,0.3130439899998457
2015-06-30,219185,97996,27933,85190,165970,073732,COCOA - ICE FUTURES U.S.,3275.0,0.3685471177315966,-80780,-1.4209178813547507,70063,1.2448132780082988,0.014588310240484154,0.023989708486528122,0.003985285101165026,-0.005496183206106897,0.3127964113186349
2015-07-07,217524,98269,25281,84695,166277,073732,COCOA - ICE FUTURES U.S.,3257.0,0.37504827053566503,-81582,-0.3659009512512261,72988,1.3344891301868285,0.0031955756020591937,0.02367462565762849,-0.005496183206106897,0.036843721215842784,0.31265455585680785
2015-07-14,224273,100670,28356,81339,164622,073732,COCOA - ICE FUTURES U.S.,3377.0,0.37134652856117323,-83283,-0.781982677773487,72314,-0.3098508670307644,0.02037314858859738,0.04244105839133198,0.036843721215842784,-0.01214095350903166,0.31253343614221196
2015-07-21,226233,101672,28119,80456,163291,073732,COCOA - ICE FUTURES U.S.,3336.0,0.36614905871380393,-82835,0.19975654670869877,73553,0.5524516994912451,0.009083188716168814,0.009546116448752225,-0.01214095350903166,-0.03956834532374098,0.3123258314757601
2015-07-28,214402,94117,22223,77821,155348,073732,COCOA - ICE FUTURES U.S.,3204.0,0.36159644033171334,-77527,2.3462536411575674,71894,-0.7333147684024877,0.045366236506568194,0.1156180161595324,-0.03956834532374098,-0.01217228464419473,0.3121741054966154
2015-08-04,210376,91296,22725,75312,149069,073732,COCOA - ICE FUTURES U.S.,3165.0,0.35059607559797695,-73757,1.758379119597765,68571,-1.5498922584677381,0.03916552649288487,0.02914375422071373,-0.01217228464419473,-0.026224328593996815,0.31086721741030854
2015-08-11,181077,72531,23192,78910,133435,073732,COCOA - ICE FUTURES U.S.,3082.0,0.3011149952782518,-54525,9.141727193215957,49339,-9.141727193215957,0.09056959193764864,0.20091305119981615,-0.026224328593996815,0.0009733939000649006,0.30853440195293474
2015-08-18,175480,68450,23717,79044,129397,073732,COCOA - ICE FUTURES U.S.,3085.0,0.28694438112605425,-50353,2.3039922243023687,44733,-2.5436692677700647,0.020015256115639438,0.049974502804691484,0.0009733939000649006,0.009076175040518608,0.30595902049525503
2015-08-25,172690,65393,22665,78607,126404,073732,COCOA - ICE FUTURES U.S.,3113.0,0.2767791997220453,-47797,1.4565762480054707,42728,-1.1425803510371553,0.016730809566315955,0.046662427036725795,0.009076175040518608,0.010279473176999732,0.3031938842447603
2015-09-01,176190,66592,20932,78885,129509,073732,COCOA - ICE FUTURES U.S.,3145.0,0.28732618196265397,-50624,-1.6370374659795006,45660,1.6978400602235217,0.016233672754493892,0.03349938302636991,0.010279473176999732,0.025119236883942797,0.3006236193378011
2015-09-08,184226,71912,21832,77644,134058,073732,COCOA - ICE FUTURES U.S.,3224.0,0.3062217059481289,-56414,-3.2862250979056697,50080,2.5086554287984564,0.02734976523603934,0.06635091312510667,0.025119236883942797,-0.0018610421836228186,0.29838877913744927
2015-09-15,193821,74928,22691,80343,139702,073732,COCOA - ICE FUTURES U.S.,3218.0,0.3062568039582914,-59359,-1.5985800049938663,52237,1.170844506204336,0.037914971937558224,0.03969514131470308,-0.0018610421836228186,0.029210689869484163,0.2962749951747294
2015-09-22,213628,77935,24700,88973,149732,073732,COCOA - ICE FUTURES U.S.,3312.0,0.2844149643305185,-60759,-0.7223159513159049,53235,0.514908085295195,0.07817180201503948,0.04887221707994349,0.029210689869484163,-0.03925120772946855,0.29370070509406887
2015-09-29,219477,76691,21206,91791,153385,073732,COCOA - ICE FUTURES U.S.,3182.0,0.2806398848170879,-61594,-0.39086636583219425,55485,1.05323272230232,0.026393284823963192,0.04839780585717642,-0.03925120772946855,-0.028284098051539863,0.29111689353666315
2015-10-06,213077,66572,17453,95852,151617,073732,COCOA - ICE FUTURES U.S.,3092.0,0.26171290190869967,-55765,2.6558591560846923,49119,-2.9005317185855466,0.02355446540778845,0.1650937221065159,-0.028284098051539863,0.010672703751616996,0.2890430588947368
2015-10-13,213757,62926,20737,98821,147664,073732,COCOA - ICE FUTURES U.S.,3125.0,0.2284977801896546,-48843,3.24859088498524,42189,-3.2523453962652003,0.028082844797857883,0.08283231536043412,0.010672703751616996,0.024639999999999995,0.2866871610163474
2015-10-20,219306,63838,21307,100289,149847,073732,COCOA - ICE FUTURES U.S.,3202.0,0.22597648947133228,-49558,-0.3344919698536188,42531,0.15999476040550717,0.014596059743499536,0.01740560220799812,0.024639999999999995,-0.0015615240474703418,0.28454333773418156
2015-10-27,220893,63502,21178,102757,151445,073732,COCOA - ICE FUTURES U.S.,3197.0,0.22041440878615437,-48688,0.3967059724768132,42324,-0.09438866241689693,0.015995153460633668,0.005491261218705716,-0.0015615240474703418,0.03127932436659364,0.283125054202514
2015-11-03,224684,72854,24469,97470,154116,073732,COCOA - ICE FUTURES U.S.,3297.0,0.25211408021933024,-56646,-3.602649246467747,48385,2.7438624130235003,0.031631330837169,0.12990762717959783,0.03127932436659364,-0.008795875037913237,0.28248810982418693
2015-11-10,225919,82989,28566,91925,154038,073732,COCOA - ICE FUTURES U.S.,3268.0,0.27493482177240514,-62113,-2.433195065069164,54423,2.687329760908654,0.02286116204469778,0.12757832459324997,-0.008795875037913237,0.026315789473684292,0.2826238055900874
2015-11-17,233700,99828,32089,81968,157116,073732,COCOA - ICE FUTURES U.S.,3354.0,0.32155755241762946,-75148,-5.769767040399435,67739,5.894147902566849,0.05452058690669388,0.15435463207926195,0.026315789473684292,-0.007453786523553996,0.2838462011631444
2015-11-24,241947,106032,37554,84054,159526,073732,COCOA - ICE FUTURES U.S.,3329.0,0.31193608517567895,-75472,-0.1386392811296534,68478,0.3162173727000428,0.018458001477953855,0.08126836878247183,-0.007453786523553996,-0.00030039050765995334,0.2842221460134168
2015-12-01,246943,108179,40439,84864,160659,073732,COCOA - ICE FUTURES U.S.,3328.0,0.30693317891173266,-75795,-0.133500312051813,67740,-0.30502548078711456,0.007913718877661156,0.03385861739493198,-0.00030039050765995334,-0.005709134615384581,0.28479501089846654
2015-12-08,242561,108156,37090,83716,160981,073732,COCOA - ICE FUTURES U.S.,3309.0,0.31853842950845357,-77265,-0.5952790724985119,71066,1.3468695204966328,0.006007429596603146,0.023215785632650813,-0.005709134615384581,0.005741915986702928,0.2856775093081677
2015-12-15,237262,107593,35530,78792,156711,073732,COCOA - ICE FUTURES U.S.,3328.0,0.32840910048806804,-77919,-0.2696228989821117,72063,0.4110306273473477,0.03903984237992722,0.014833395051808584,0.005741915986702928,-0.039362980769230727,0.28628991661324454
2015-12-22,224794,90793,25983,81959,152040,073732,COCOA - ICE FUTURES U.S.,3197.0,0.31175654154470317,-70081,3.3035210020989454,64810,-3.0569581306741074,0.03349586964046855,0.22561999040898814,-0.039362980769230727,0.0043791054113231365,0.28584369480360144
2015-12-29,221804,86942,23737,82290,151778,073732,COCOA - ICE FUTURES U.S.,3211.0,0.3132856035057979,-69488,0.2637970764344244,63205,-0.7139870281235264,0.0025334518174205786,0.05508723425401386,0.0043791054113231365,-0.047337278106508895,0.2854270538873849
2016-01-05,222486,80880,21529,84553,149094,073732,COCOA - ICE FUTURES U.S.,3059.0,0.29009016297654683,-64541,2.230347514021388,59351,-1.7375701069412637,0.021172966055630932,0.08075462117587322,-0.047337278106508895,-0.06505393919581559,0.28452891481391984
2016-01-12,219892,76365,32917,89090,135783,073732,COCOA - ICE FUTURES U.S.,2860.0,0.21234515125607117,-46693,8.022077793658926,43448,-7.147865483670883,0.0793692439732649,0.14552259292472686,-0.06505393919581559,0.025874125874125964,0.2817893866135279
2016-01-19,226605,72311,34657,97254,137096,073732,COCOA - ICE FUTURES U.S.,2934.0,0.1758213631649787,-39842,3.1156203954668658,37654,-2.6349298746657452,0.040439513548111795,0.054165731807643405,0.025874125874125964,-0.03578732106339466,0.2783653016374617
2016-01-26,236396,76882,38196,106355,146695,073732,COCOA - ICE FUTURES U.S.,2829.0,0.1706458654122743,-40340,-0.2197656715429933,38686,0.4554180181372874,0.07389843904366726,0.07047393941500547,-0.03578732106339466,-0.02403676210675154,0.2763196206099232
2016-02-02,239603,76448,40366,104388,142417,073732,COCOA - ICE FUTURES U.S.,2761.0,0.15871671055871586,-38029,0.9775969136533613,36082,-1.1015414812433375,0.025303377160106156,0.02229184857979352,-0.02403676210675154,0.02752625860195579,0.2752922825432875
2016-02-09,225354,70205,38751,106459,139412,073732,COCOA - ICE FUTURES U.S.,2837.0,0.14622771284290495,-32953,2.1185043592943327,31454,-1.9315284032336824,0.0206449723635565,0.07212085612540842,0.02752625860195579,-0.015509340853013698,0.2738952046480747
2016-02-16,227359,66657,37137,109931,140548,073732,COCOA - ICE FUTURES U.S.,2793.0,0.1346636816664394,-30617,1.0365913185477071,29520,-0.8582053125305076,0.018396751823506162,0.04973312522881862,-0.015509340853013698,0.02828499820981034,0.2714586247203591
2016-02-23,236692,67297,34299,114570,149621,073732,COCOA - ICE FUTURES U.S.,2872.0,0.14808696533892146,-35051,-1.9502196966031695,32998,1.5297393109575605,0.05190184374183829,0.03423363124532462,0.02828499820981034,0.017757660167130984,0.26832718936476063
2016-03-01,238761,67177,32481,110231,148350,073732,COCOA - ICE FUTURES U.S.,2923.0,0.15965337722659897,-38119,-1.296199280077062,34696,0.7173879979044496,0.02169532950990212,0.01944650705412511,0.017757660167130984,0.010605542251111766,0.26562529276509805
2016-03-08,236257,63713,27322,108505,149328,073732,COCOA - ICE FUTURES U.S.,2954.0,0.17279064747287912,-40823,-1.13251326640448,36391,0.7099149358563585,0.010487408516365244,0.09472181029274455,0.010605542251111766,0.015233581584292555,0.2630346377530779
2016-03-15,235299,65164,25568,105781,150567,073732,COCOA - ICE FUTURES U.S.,2999.0,0.19033655051657677,-44786,-1.6774106164050167,39596,1.3565735618415538,0.015459453555323233,0.03532381078340607,0.015233581584292555,0.01200400133377788,0.26199609764472614
2016-03-22,242761,66628,25465,108063,154919,073732,COCOA - ICE FUTURES U.S.,3035.0,0.1930128809817063,-46856,-0.8797317455662794,41163,0.6659611813054879,0.025226061099238733,0.017015408337224328,0.01200400133377788,-0.021416803953871466,0.26213056634426324
2016-03-29,238510,66391,25586,109238,153773,073732,COCOA - ICE FUTURES U.S.,2970.0,0.18672173074504214,-44535,0.9560843792866234,40805,-0.14747014553408497,0.008824725962032006,0.0038922774171803822,-0.021416803953871466,-0.029629629629629672,0.2626149907898285
2016-04-05,234720,70617,31162,105707,146915,073732,COCOA - ICE FUTURES U.S.,2882.0,0.17556237218813905,-41208,1.3949100666638716,39455,-0.5660140036057189,0.04112468431094679,0.09630670374045726,-0.029629629629629672,0.017349063150589927,0.26343784448040997
2016-04-12,225819,71945,34313,98692,139381,073732,COCOA - ICE FUTURES U.S.,2932.0,0.18018412976764578,-40689,0.22111451942740284,37632,-0.7766700749829585,0.06111150781482991,0.042152120310941295,0.017349063150589927,0.03785811732605726,0.2637241002674719
2016-04-19,232194,76771,33802,98390,146442,073732,COCOA - ICE FUTURES U.S.,3043.0,0.2069476386125395,-48052,-3.260575947993747,42969,2.3633972340679925,0.030073683178669455,0.04826675589881797,0.03785811732605726,0.04534998356884645,0.2639557073750438
2016-04-26,239023,82333,29827,97165,155401,073732,COCOA - ICE FUTURES U.S.,3181.0,0.24364182526367756,-58236,-4.385987579351749,52506,4.107341274968346,0.04032213362051899,0.08503031383737518,0.04534998356884645,-0.0009430996541968106,0.26449154286676596
2016-05-03,250904,90394,30626,95842,161628,073732,COCOA - ICE FUTURES U.S.,3178.0,0.26219589962694895,-65786,-3.1586918413709144,59768,3.038201344640474,0.02932380471511244,0.0732110394976037,-0.0009430996541968106,-0.03052234109502827,0.26549119054615944
2016-05-10,245287,88309,27611,98701,164117,073732,COCOA - ICE FUTURES U.S.,3081.0,0.26669167138902594,-65416,0.14746676019513438,60698,0.37065969454452696,0.020348682358133766,0.04399585921325052,-0.03052234109502827,-0.05907172995780585,0.2659396941229651
2016-05-17,242102,83141,28776,100349,159727,073732,COCOA - ICE FUTURES U.S.,2899.0,0.24526026220353406,-59378,2.4616062000839833,54365,-2.5818734788227666,0.023216290622741043,0.056586577553008034,-0.05907172995780585,0.018627112797516387,0.2652578851474177
2016-05-24,237330,71189,33758,108517,150379,073732,COCOA - ICE FUTURES U.S.,2953.0,0.176387308810517,-41862,7.234967079991078,37431,-6.99457253554287,0.06765651072245225,0.161357637664726,0.018627112797516387,0.03589569928885883,0.2628094216916808
2016-05-31,220225,66841,34780,109932,147185,073732,COCOA - ICE FUTURES U.S.,3059.0,0.16915881484845044,-37253,1.9420216576075506,32061,-2.2626722285425354,0.01792569141674802,0.05284340835063619,0.03589569928885883,0.009480222294867557,0.2600904928637553
2016-06-07,206203,65104,29986,101152,142145,073732,COCOA - ICE FUTURES U.S.,3088.0,0.19879924152412914,-40993,-1.6982631399704846,35118,1.3881257804518106,0.056803002092093206,0.06868230097802082,0.009480222294867557,0.018458549222797993,0.2573044173413532
2016-06-14,198008,69947,26356,91517,140230,073732,COCOA - ICE FUTURES U.S.,3145.0,0.24601531251262576,-48713,-3.743883454653909,43591,4.10905757918168,0.04983883286515036,0.08798272120287011,0.018458549222797993,0.015898251192368873,0.25519511064205774
2016-06-21,187149,68036,23835,85045,133659,073732,COCOA - ICE FUTURES U.S.,3195.0,0.25976093914474563,-48614,0.04999797987960083,44201,0.3080683608743081,0.05963768381008121,0.04824155609495923,0.015898251192368873,-0.04538341158059467,0.253245515357043
2016-06-28,196474,73564,29173,86688,135862,073732,COCOA - ICE FUTURES U.S.,3050.0,0.25028248012459664,-49174,-0.2992268192723445,44391,0.10152338511025974,0.0172815097730847,0.10576520630347391,-0.04538341158059467,0.017704918032786843,0.25097119540306223
2016-07-05,205072,77127,28197,91103,144841,073732,COCOA - ICE FUTURES U.S.,3104.0,0.26204455020675665,-53738,-2.3229536732595664,48930,2.3102293433227805,0.05676770759163191,0.04309559074854734,0.017704918032786843,0.01578608247422686,0.24879804693519864
2016-07-12,213944,78525,28469,94329,150129,073732,COCOA - ICE FUTURES U.S.,3153.0,0.2608159144449015,-55800,-1.0055005071389562,50056,0.5490754466723882,0.03482806862528533,0.01560835187019833,0.01578608247422686,-0.04915953060577227,0.24667245820219336
2016-07-19,217124,76560,25453,93465,149442,073732,COCOA - ICE FUTURES U.S.,2998.0,0.25781120465724655,-55977,-0.08273192985080208,51107,0.4912500467412033,0.006385159752497869,0.048827110270259676,-0.04915953060577227,-0.049032688458972684,0.24458903793187495
2016-07-26,218588,74141,37009,97518,135728,073732,COCOA - ICE FUTURES U.S.,2851.0,0.17480374037001117,-38210,8.182881671303035,37132,-6.436414214918663,0.07617279610368452,0.12573099415204678,-0.049032688458972684,0.015783935461241683,0.24099687062491915
2016-08-02,229453,79447,46449,103045,139005,073732,COCOA - ICE FUTURES U.S.,2896.0,0.1567205484347557,-35960,1.029333723717679,32998,-1.8912291617106156,0.036372650278868005,0.11712842346063418,0.015783935461241683,0.027624309392265234,0.2372684951025495
2016-08-09,210891,68362,45985,98279,123675,073732,COCOA - ICE FUTURES U.S.,2976.0,0.12042239830054388,-25396,4.603992974596104,22377,-4.628834663307954,0.09054128332897808,0.10099958897041461,0.027624309392265234,0.021841397849462263,0.23379363746836285
2016-08-16,198224,70037,39391,92063,126308,073732,COCOA - ICE FUTURES U.S.,3041.0,0.17275910081523932,-34245,-4.196006467796161,30646,3.920982877410605,0.040522780039474106,0.07556566875022847,0.021841397849462263,-0.0006576783952647602,0.23159776669315485
2016-08-23,194897,74262,32017,85331,131442,073732,COCOA - ICE FUTURES U.S.,3039.0,0.23659163558187146,-46111,-5.986157074824441,42245,5.851460973444184,0.05473928948715938,0.10913727076844908,-0.0006576783952647602,-0.04146100691016785,0.2308249289212284
2016-08-30,193120,74829,34871,84783,127835,073732,COCOA - ICE FUTURES U.S.,2913.0,0.22292874896437448,-43052,1.5695469914878115,39958,-1.1734403300204723,0.019542089569086343,0.031185050136736555,-0.04146100691016785,0.012015104703055224,0.22958651674818456
2016-09-06,196846,74322,39375,88171,126059,073732,COCOA - ICE FUTURES U.S.,2948.0,0.19247533604950062,-37888,2.6739850869925434,34947,-2.5947597348798674,0.024104933949493534,0.04407328249645989,0.012015104703055224,-0.04274084124830391,0.22739908655782634
2016-09-13,206611,68361,47708,101827,123824,073732,COCOA - ICE FUTURES U.S.,2822.0,0.10646577384553581,-21997,8.07280818507869,20653,-7.261514076994198,0.07042290971455921,0.12315088438773489,-0.04274084124830391,0.015591778880226892,0.2235569513633503
2016-09-20,216181,67636,50465,111370,130282,073732,COCOA - ICE FUTURES U.S.,2866.0,0.08748224867125233,-18912,1.493144121077774,17171,-1.6852926514077178,0.06621505305149554,0.029483238922617082,0.015591778880226892,0.0006978367062107083,0.21976978375451825
2016-09-27,220380,72853,49673,112751,138012,073732,COCOA - ICE FUTURES U.S.,2868.0,0.1146247390870315,-25261,-2.936890846096558,23180,2.7796152298305588,0.03633311134417757,0.04904265217178395,0.0006978367062107083,-0.018479776847977636,0.216577184798171
2016-10-04,235123,75195,52642,122108,147476,073732,COCOA - ICE FUTURES U.S.,2815.0,0.10789246479502218,-25368,-0.04855250022688084,22553,-0.28450857609583446,0.06981497418244406,0.04154509257883086,-0.018479776847977636,-0.05328596802841923,0.21361909946906182
2016-10-11,253437,82444,57351,131663,157289,073732,COCOA - ICE FUTURES U.S.,2665.0,0.10111388629126765,-25626,-0.10972980099777563,25093,1.0802856377300392,0.06702843378831086,0.08553954004077399,-0.05328596802841923,0.012382739212007499,0.21116940920178515
2016-10-18,254290,85170,54524,128690,161447,073732,COCOA - ICE FUTURES U.S.,2698.0,0.12881749184002517,-32757,-2.813717018430616,30646,2.1910770724085276,0.02457804416534258,0.03975117041533638,0.012382739212007499,0.01371386212008896,0.20930096693964464
2016-10-25,261863,87449,54895,125560,160762,073732,COCOA - ICE FUTURES U.S.,2735.0,0.1344290716901586,-35202,-0.9615006488654685,32554,0.7503244327342797,0.013324159512716451,0.018616871803518238,0.01371386212008896,-0.014259597806215774,0.20764740276472166
2016-11-01,260081,89078,54416,120660,156582,073732,COCOA - ICE FUTURES U.S.,2696.0,0.1381185092336618,-35922,-0.27495293340410826,34662,0.8050010883553613,0.032751170457578575,0.014690509707722971,-0.014259597806215774,-0.07232937685459939,0.20545518024576648
2016-11-08,239219,83089,59512,120798,147116,073732,COCOA - ICE FUTURES U.S.,2501.0,0.11001634485555077,-26318,3.6926957370972886,23577,-4.262133719879576,0.035847324141328935,0.07773437773928654,-0.07232937685459939,-0.049180327868852514,0.20228367107428852
2016-11-15,236765,81417,66020,123385,140614,073732,COCOA - ICE FUTURES U.S.,2378.0,0.07276835680949464,-17229,3.799447368311046,15397,-3.4194608287803225,0.03442816071272997,0.055481324226618826,-0.049180327868852514,0.025651808242220353,0.19749926346643973
2016-11-22,242224,78555,70423,126467,137903,073732,COCOA - ICE FUTURES U.S.,2439.0,0.04721249752295396,-11436,2.4467298798386583,8132,-3.0684433932380206,0.021912471157846957,0.04876558955013492,0.025651808242220353,-0.013940139401394047,0.1924084252423489
2016-11-29,246969,80869,70836,127649,139872,073732,COCOA - ICE FUTURES U.S.,2405.0,0.049492041511282794,-12223,-0.3249058722504789,10033,0.7848107536825417,0.011778514583901825,0.01797567647737385,-0.013940139401394047,-0.024116424116424118,0.18745763413849406
2016-12-06,253550,76535,68696,136475,145787,073732,COCOA - ICE FUTURES U.S.,2347.0,0.03672648392821928,-9312,1.1786904429300844,7839,-0.888370605217659,0.05222452898371017,0.0445772596759645,-0.024116424116424118,-0.027694929697486104,0.18203817364656652
2016-12-13,255302,70317,71732,145663,145200,073732,COCOA - ICE FUTURES U.S.,2282.0,-0.0018135384760009715,463,3.8552553736935518,-1415,-3.649773220272136,0.03360688709117351,0.0651465339425128,-0.027694929697486104,-0.011393514460999121,0.1756877382818729
2016-12-20,250327,65908,68186,144507,144257,073732,COCOA - ICE FUTURES U.S.,2256.0,-0.0009986937086291132,250,-0.08343060375555224,-2278,-0.33803103775136895,0.007268911637184691,0.05932405625904216,-0.011393514460999121,-0.008421985815602828,0.16967321452700113
2016-12-27,253726,64489,66102,146493,146279,073732,COCOA - ICE FUTURES U.S.,2237.0,-0.000843429526339437,214,-0.01438118940425923,-1613,0.2656525264953441,0.013689833727269,0.026824206874899496,-0.008421985815602828,-0.03173893607510059,0.1636322715840754
2017-01-03,277169,63988,65806,160593,160962,073732,COCOA - ICE FUTURES U.S.,2166.0,0.00133131771590618,-369,-0.22977542703546344,-1818,-0.08079581911195542,0.0895119030958934,0.006140499560842566,-0.03173893607510059,0.018928901200369275,0.15807921686752457
2017-01-10,278267,63248,65611,158087,159300,073732,COCOA - ICE FUTURES U.S.,2207.0,0.004359122713077728,-1213,-0.3045073583265084,-2363,-0.19663093636012688,0.013132232889185757,0.007255992984580045,0.018928901200369275,0.012686905301314111,0.15407948554939013
2017-01-17,278653,66086,65256,152077,157598,073732,COCOA - ICE FUTURES U.S.,2235.0,0.019813172655596747,-5521,-1.548153392245577,830,1.1474590950418124,0.02490352789214499,0.02431057848974433,0.012686905301314111,-0.015212527964205802,0.1510793280395943
2017-01-24,272785,66112,69449,146883,148846,073732,COCOA - ICE FUTURES U.S.,2201.0,0.0071961434829627725,-1963,1.2768568793445612,-3337,-1.4954082676303504,0.04715803996226275,0.03112252048893118,-0.015212527964205802,-0.044525215810995,0.1479360641563383
2017-01-31,269059,67278,72903,143253,143072,073732,COCOA - ICE FUTURES U.S.,2103.0,-0.000672714906395995,181,0.7859669703246147,-5625,-0.8387557966897007,0.03284379638522658,0.03295739080189184,-0.044525215810995,-0.04660009510223495,0.14487088289739386
2017-02-07,260157,57497,73929,141191,131233,073732,COCOA - ICE FUTURES U.S.,2005.0,-0.03827688664921566,9958,3.633775491620797,-16432,-4.016591156586474,0.05102707544122397,0.08222878273705356,-0.04660009510223495,-0.03790523690773062,0.14132271752254538
2017-02-14,261781,63036,79664,142832,132801,073732,COCOA - ICE FUTURES U.S.,1929.0,-0.038318288951451784,10031,0.028059979166426427,-16628,-0.0753391221454737,0.011642292468608621,0.07900490539593553,-0.03790523690773062,0.05235873509590472,0.137996141164509
2017-02-21,269538,67381,83606,144746,134722,073732,COCOA - ICE FUTURES U.S.,2030.0,-0.0371895613976508,10024,-0.002673990854951276,-16225,0.1539454735064806,0.013722501323944066,0.054885519945425766,0.05235873509590472,-0.042857142857142816,0.13443313103495955
2017-02-28,281942,71910,95001,155350,140177,073732,COCOA - ICE FUTURES U.S.,1943.0,-0.053816033084818866,15173,1.9103057824870706,-23091,-2.5473217134504225,0.0543402125694099,0.0954041375343746,-0.042857142857142816,0.0036026762738035067,0.13032795006743228
2017-03-07,292026,73221,97734,159309,143514,073732,COCOA - ICE FUTURES U.S.,1950.0,-0.054087649729818575,15795,0.22061275014009976,-24513,-0.5043590525710961,0.024093282214362844,0.0236553478985698,0.0036026762738035067,0.0723076923076924,0.12596490589045733
2017-03-14,284966,73996,93463,151358,139734,073732,COCOA - ICE FUTURES U.S.,2091.0,-0.040790831186878436,11624,-1.4282974803613377,-19467,1.7279283351482402,0.04029997389141577,0.030132748911673904,0.0723076923076924,0.03012912482065988,0.12152014855000624
2017-03-21,281932,68433,80826,151679,146372,073732,COCOA - ICE FUTURES U.S.,2154.0,-0.018823687981499086,5307,-2.2167556831341284,-12393,2.482401409290933,0.023348353134195154,0.12193569566994285,0.03012912482065988,-0.0116063138347261,0.11744636837763693
2017-03-28,281950,64666,72189,156228,154447,073732,COCOA - ICE FUTURES U.S.,2129.0,-0.006316722823195602,1781,-1.2506561865981867,-7523,1.7273668827944326,0.04063410316246882,0.09063607467757846,-0.0116063138347261,-0.008924377642085535,0.11373409042440158
2017-04-04,283269,64143,67457,156479,160300,073732,COCOA - ICE FUTURES U.S.,2110.0,0.013488945136954627,-3821,-1.9868771058698351,-3314,1.4928178755098422,0.01926895406576825,0.03993161094224924,-0.008924377642085535,-0.06540284360189574,0.11061729375034034
2017-04-11,277517,60226,74977,157399,150115,073732,COCOA - ICE FUTURES U.S.,1972.0,-0.026247040721829654,7284,3.920301903844049,-14751,-4.037504986426329,0.03611217700657531,0.08459131823997988,-0.06540284360189574,-0.022312373225152116,0.10664746354861966
2017-04-18,278286,67158,88863,156076,143290,073732,COCOA - ICE FUTURES U.S.,1928.0,-0.04594553804359544,12786,1.9825812472749418,-21705,-2.505792437940739,0.027217519691614945,0.13343075611616384,-0.022312373225152116,-0.0295643153526971,0.10178413322830938
2017-04-25,294148,74420,97803,161750,147119,073732,COCOA - ICE FUTURES U.S.,1871.0,-0.04974026680446578,14631,0.662986998986654,-23383,-0.6029767936583228,0.03076708896004455,0.09407570417423922,-0.0295643153526971,-0.03527525387493324,0.0961421699193066
2017-05-02,307188,76388,107500,166689,144314,073732,COCOA - ICE FUTURES U.S.,1805.0,-0.07283813169785278,22375,2.632688306566762,-31112,-2.6275888328324517,0.02490008134969759,0.06343535195336292,-0.03527525387493324,0.10249307479224368,0.08969920777844503
2017-05-09,302972,73462,104209,162743,139453,073732,COCOA - ICE FUTURES U.S.,1990.0,-0.07687179013242147,23290,0.2978631977811633,-30747,0.11881974556297772,0.029143337436630532,0.034991641854889094,0.10249307479224368,0.022110552763819014,0.08309221813380183
2017-05-16,292663,66758,92434,160248,140152,073732,COCOA - ICE FUTURES U.S.,2034.0,-0.0686660083440681,20096,-1.0542228324729679,-25676,1.673752029890551,0.01063249001331558,0.11607995376652093,0.022110552763819014,-0.006391347099311662,0.07705517446942486
2017-05-23,287345,63523,82927,164132,148405,073732,COCOA - ICE FUTURES U.S.,2021.0,-0.054732116445387946,15727,-1.4928433044149756,-19404,2.1430792413116793,0.03883380207783398,0.08700580402867873,-0.006391347099311662,0.007916872835230127,0.07261057013758053
2017-05-30,288943,63646,83114,165124,150898,073732,COCOA - ICE FUTURES U.S.,2037.0,-0.04923462413001872,14226,-0.5223685813221042,-19468,-0.022272877551375525,0.011027713260469208,0.0021122921777050967,0.007916872835230127,-0.030436917034855182,0.06841069631107152
2017-06-06,271462,58530,79337,153026,136423,073732,COCOA - ICE FUTURES U.S.,1975.0,-0.061161414857328095,16603,0.8226536029597532,-20807,-0.46341319914308354,0.09180546486600402,0.0645041960730269,-0.030436917034855182,0.023797468354430418,0.06341145291912041
2017-06-13,249156,55476,77869,136724,121971,073732,COCOA - ICE FUTURES U.S.,2022.0,-0.05921189937228082,14753,-0.681495015876992,-22393,-0.584243835232924,0.11888130810413808,0.033912032697139,0.023797468354430418,-0.07121661721068251,0.057541698844410676
2017-06-20,242883,52539,77596,137875,118649,073732,COCOA - ICE FUTURES U.S.,1878.0,-0.0791574544122067,19226,1.795260800462361,-25057,-1.069209651784424,0.017436964962342705,0.024666692281092712,-0.07121661721068251,-0.027156549520766737,0.05102403742985389
2017-06-27,261679,56831,95087,146835,115349,073732,COCOA - ICE FUTURES U.S.,1827.0,-0.12032299114564027,31486,5.047697862756966,-38256,-5.434303759423261,0.04676105330607512,0.1433865638041575,-0.027156549520766737,-0.02572523262178439,0.04389700913619549
2017-07-11,274523,58015,100966,149176,115085,073732,COCOA - ICE FUTURES U.S.,1780.0,-0.12418267321863742,34091,0.9954944798780184,-42951,-1.7941829493386936,0.009857678582916132,0.04442669249784566,-0.02572523262178439,0.07359550561797756,0.036469562531861
2017-07-18,278949,58752,105029,150388,112172,073732,COCOA - ICE FUTURES U.S.,1911.0,-0.136999953396499,38216,1.5026063389952755,-46277,-1.211556044484433,0.015710694698354663,0.029307428822635106,0.07359550561797756,0.007849293563579218,0.02881925738106483
2017-07-25,277676,53787,94621,156742,122719,073732,COCOA - ICE FUTURES U.S.,1926.0,-0.1225276941471355,34023,-1.5031421514326992,-40834,1.9512527379556837,0.060477132766289396,0.10358606005067113,0.007849293563579218,0.05036344755970923,0.021505047788672862
2017-08-01,264550,53372,81989,149138,126313,073732,COCOA - ICE FUTURES U.S.,2023.0,-0.08627858627858628,22825,-4.032757602385514,-28617,4.399732061827454,0.04065332854119245,0.09638669927083872,0.05036344755970923,-0.0024715768660404924,0.016484233814661374
2017-08-08,247413,53937,75035,134359,118355,073732,COCOA - ICE FUTURES U.S.,2018.0,-0.06468536414820564,16004,-2.5783405783405784,-21098,2.842184842184842,0.08997127187255158,0.05829947585522439,-0.0024715768660404924,-0.07581764122893953,0.012226427803450584
2017-08-15,229231,53226,81602,127496,105387,073732,COCOA - ICE FUTURES U.S.,1865.0,-0.0964485606222544,22109,2.4675340422694036,-28376,-2.9416400916685865,0.08515434789143046,0.05397988548372742,-0.07581764122893953,0.03109919571045583,0.008055832439550615
2017-08-22,241773,58867,98490,131050,99495,073732,COCOA - ICE FUTURES U.S.,1923.0,-0.130514987198736,31555,4.120734106643517,-39623,-4.906404456639809,0.04097247825804073,0.14317126025534294,0.03109919571045583,0.02808112324492984,0.0022236384392818583
2017-08-29,247682,59879,97288,133518,104195,073732,COCOA - ICE FUTURES U.S.,1977.0,-0.11838970938542163,29323,-0.9231800076931668,-37409,0.915735007631125,0.030154009246444242,0.014086926644906373,0.02808112324492984,-0.0015174506828528056,-0.00460292588701224
2017-09-05,248497,59794,100034,132630,99935,073732,COCOA - ICE FUTURES U.S.,1974.0,-0.13157100488134665,32695,1.3614231151234244,-40240,-1.1429978763091384,0.022135746995463633,0.017712791250594388,-0.0015174506828528056,0.012664640324214771,-0.0114202288455838
2017-09-12,261699,63839,101535,138373,109431,073732,COCOA - ICE FUTURES U.S.,1999.0,-0.11059270383150108,28942,-1.51027980217065,-37696,1.0237548139414159,0.06149618246678827,0.03353610603843409,0.012664640324214771,-0.017008504252126078,-0.01724846038175691
2017-09-19,261183,61716,92237,139125,116385,073732,COCOA - ICE FUTURES U.S.,1965.0,-0.08706539093279425,22740,-2.3698982418732975,-30521,2.7416994333184306,0.03015928926460804,0.07418497853240924,-0.017008504252126078,0.003053435114503733,-0.02097021355057095
2017-09-26,257041,61819,86901,140797,122161,073732,COCOA - ICE FUTURES U.S.,1971.0,-0.07250205220178882,18636,-1.5713120685496376,-25082,2.08244793880153,0.028323914845716808,0.036572081764389454,0.003053435114503733,0.05631659056316596,-0.024046834721206355
2017-10-03,254019,61950,80885,139004,127926,073732,COCOA - ICE FUTURES U.S.,2082.0,-0.04361091099484684,11078,-2.9403869421609783,-18935,2.3914472788387844,0.028314539392350055,0.04303567052893199,0.05631659056316596,-0.01777137367915471,-0.02708982799201171
2017-10-10,247572,65347,78873,134874,127989,073732,COCOA - ICE FUTURES U.S.,2045.0,-0.02781009160971354,6885,-1.6506639267141434,-13526,2.1293682756014314,0.015951274998763615,0.03750520038829566,-0.01777137367915471,0.00929095354523235,-0.029699492538256624
2017-10-17,250176,65971,76728,137274,132891,073732,COCOA - ICE FUTURES U.S.,2064.0,-0.017519666155026863,4383,-1.0106150937908973,-10757,1.1184625078764965,0.02702792737771362,0.019404480760201542,0.00929095354523235,0.009689922480620172,-0.031980907008377676
2017-10-24,258702,67515,68218,141291,147065,073732,COCOA - ICE FUTURES U.S.,2084.0,0.022319116203199048,-5774,-4.0599418009721155,-703,4.018770785367102,0.06308521411033584,0.07407189113922186,0.009689922480620172,0.004798464491362786,-0.03402895269370126
2017-10-31,265717,67341,65956,149302,158780,073732,COCOA - ICE FUTURES U.S.,2094.0,0.03566952810697095,-9478,-1.4317631869873444,1385,0.8071062457963216,0.0640284080212411,0.01827497993203148,0.004798464491362786,0.03295128939828085,-0.035928174685685633
2017-11-07,251036,72345,66493,132959,147737,073732,COCOA - ICE FUTURES U.S.,2163.0,0.05886805079749518,-14778,-1.994603280934227,5852,1.6811118596100363,0.09756462507481403,0.03990982295913222,0.03295128939828085,-0.006472491909385147,-0.037452221963304215
2017-11-14,237019,76424,59589,114349,140892,073732,COCOA - ICE FUTURES U.S.,2149.0,0.11198680274577144,-26543,-4.686578817380774,16835,4.37506971111713,0.09972927546906649,0.08074963422614015,-0.006472491909385147,-0.021870637505816637,-0.03741432854233844
2017-11-21,231020,71537,58271,116382,139722,073732,COCOA - ICE FUTURES U.S.,2102.0,0.10103021383430007,-23340,1.3513684556934253,13266,-1.5057864559381315,0.012506637928341611,0.047801368174534696,-0.021870637505816637,-0.026165556612749774,-0.03687083129186141
2017-11-28,234387,69750,56580,117994,140661,073732,COCOA - ICE FUTURES U.S.,2047.0,0.09670758190513978,-22667,0.2913167691108995,13170,-0.04155484373647303,0.009862558233940964,0.027531069421356764,-0.026165556612749774,-0.057645334636052814,-0.035919002746050144
2017-12-05,238986,70823,63057,122308,137495,073732,COCOA - ICE FUTURES U.S.,1929.0,0.06354765551120149,-15187,3.1913032719391436,7766,-2.3055886205292957,0.02879104552295393,0.056393785479533914,-0.057645334636052814,-0.029548989113530322,-0.03564870247682094
2017-12-12,248515,73355,76855,129166,135504,073732,COCOA - ICE FUTURES U.S.,1872.0,0.025503490734965696,-6338,3.702727356414183,-3500,-4.7140836701731486,0.03343408773189255,0.10871446641368751,-0.029548989113530322,0.02136752136752129,-0.03586452926899889
2017-12-19,256443,74994,81393,129827,133726,073732,COCOA - ICE FUTURES U.S.,1912.0,0.01520415842896862,-3899,0.9814296923726938,-6399,-1.1665291833490936,0.00925430558559379,0.039498168006292085,0.02136752136752129,-0.029288702928870314,-0.03553726586698024
2017-12-26,264746,79788,87855,131958,134553,073732,COCOA - ICE FUTURES U.S.,1856.0,0.009801847808843193,-2595,0.5084950651801765,-8067,-0.6504369392028638,0.011098979029008183,0.06714267819115621,-0.029288702928870314,,-0.0353295631454904
