,Open_Interest_All,NonComm_Positions_Long_All,NonComm_Positions_Short_All,Comm_Positions_Long_All,Comm_Positions_Short_All,CFTC_Contract_Market_Code,Market_and_Exchange_Names,CL_Close,HP,NetLong_Comm,Q_Comm,NetLong_NonComm,Q_NonComm,PT_Comm,PT_NonComm,Ret,Ret_Lead,HP_Smooth_52w
2003-01-07,602167,72208,77241,392440,414194,067651,"CRUDE OIL, LIGHT SWEET - NEW YORK MERCANTILE EXCHANGE ",31.07999992370605,0.03612619090717359,-21754,,-5033,,,,,0.041505759695796396,
2003-01-14,610893,82574,70946,393610,429865,067651,"CRUDE OIL, LIGHT SWEET - NEW YORK MERCANTILE EXCHANGE ",32.369998931884766,0.05934754531480963,-36255,-2.408135948997537,11628,2.7668404279875847,0.02045113695011992,0.1085265763418447,0.041505759695796396,0.0691999305647295,
2003-01-21,615118,92233,78509,384752,427411,067651,"CRUDE OIL, LIGHT SWEET - NEW YORK MERCANTILE EXCHANGE ",34.61000061035156,0.06935092128664744,-42659,-1.0483014210344528,13724,0.34310427521677284,0.013928238543248091,0.10086563352895012,0.0691999305647295,-0.05605323337746526,
2003-01-28,605825,81188,79134,392001,426987,067651,"CRUDE OIL, LIGHT SWEET - NEW YORK MERCANTILE EXCHANGE ",32.66999816894531,0.05774935005983576,-34986,1.247402937322595,2054,-1.8971969605831727,0.009368879641704152,0.07279100809620638,-0.05605323337746526,0.027854414236679892,
2003-02-04,621879,96640,92487,414504,437346,067651,"CRUDE OIL, LIGHT SWEET - NEW YORK MERCANTILE EXCHANGE ",33.58000183105469,0.036730618014115285,-22842,2.0045392646391282,4153,0.3464696900920233,0.03857721429829195,0.15230506485060302,0.027854414236679892,0.05539001471805105,
2003-02-11,647855,97175,99708,437776,451400,067651,"CRUDE OIL, LIGHT SWEET - NEW YORK MERCANTILE EXCHANGE ",35.439998626708984,0.02102939701013344,-13624,1.4822819230107465,-2533,-1.0751287629908712,0.04197819104429269,0.03939395478532936,0.05539001471805105,0.017494434836540007,
2003-02-25,635443,94633,96930,432253,441696,067651,"CRUDE OIL, LIGHT SWEET - NEW YORK MERCANTILE EXCHANGE ",36.060001373291016,0.014860498896045751,-9443,0.6453604587446266,-2297,0.03642790439218652,0.017423213482708946,0.027771542521259324,0.017494434836540007,0.02301713768020508,
2003-03-04,642045,88495,104587,454070,453242,067651,"CRUDE OIL, LIGHT SWEET - NEW YORK MERCANTILE EXCHANGE ",36.88999938964844,-0.001289629231595916,828,1.616352686236216,-16092,-2.170926424557356,0.036771253989807254,0.07144632850291587,0.02301713768020508,-0.004608245371590214,
2003-03-11,622027,70407,112750,445635,419931,067651,"CRUDE OIL, LIGHT SWEET - NEW YORK MERCANTILE EXCHANGE ",36.720001220703125,-0.04132296508029394,25704,3.8744947784033834,-42343,-4.088654222056086,0.04822971327431992,0.14332512543883116,-0.004608245371590214,-0.1375272597094015,
2003-03-18,547236,45288,78006,402646,380562,067651,"CRUDE OIL, LIGHT SWEET - NEW YORK MERCANTILE EXCHANGE ",31.670000076293945,-0.040355532165281524,22084,-0.5819683068419859,-32718,1.5473604843519653,0.10515469709196025,0.48553052054438983,-0.1375272597094015,-0.11682983119753865,
2003-03-25,489309,31137,76679,374841,329639,067651,"CRUDE OIL, LIGHT SWEET - NEW YORK MERCANTILE EXCHANGE ",27.96999931335449,-0.0923792531917459,45202,4.224502773940311,-45542,-2.34341307954886,0.11175334998864411,0.14355939749202346,-0.11682983119753865,0.06471224232125095,
2003-04-01,505206,27209,84266,391271,331912,067651,"CRUDE OIL, LIGHT SWEET - NEW YORK MERCANTILE EXCHANGE ",29.780000686645508,-0.11749464574846696,59359,2.893263765841217,-57057,-2.353318659579121,0.02586205704503563,0.10329670329670329,0.06471224232125095,-0.059771680510528946,
2003-04-08,508429,30826,81071,398718,338612,067651,"CRUDE OIL, LIGHT SWEET - NEW YORK MERCANTILE EXCHANGE ",28.0,-0.11821906303535007,60106,0.14786047671642855,-50245,1.3483608666563738,0.019186795600341772,0.060877414050421366,-0.059771680510528946,0.04607146126883377,
2003-04-15,514551,31363,80283,401029,340889,067651,"CRUDE OIL, LIGHT SWEET - NEW YORK MERCANTILE EXCHANGE ",29.290000915527344,-0.11687859901156543,60140,0.0066872660686152835,-48920,0.26060669237986034,0.006183971813596651,0.011867868083048206,0.04607146126883377,0.021167596876246142,
2003-04-22,470930,30598,65792,365509,321998,067651,"CRUDE OIL, LIGHT SWEET - NEW YORK MERCANTILE EXCHANGE ",29.90999984741211,-0.0923937740216168,43511,-3.231749622486401,-35194,2.667568423732536,0.07914246691306416,0.15827367984230728,0.021167596876246142,-0.1561350752296311,
2003-04-29,479905,32980,71761,365841,307112,067651,"CRUDE OIL, LIGHT SWEET - NEW YORK MERCANTILE EXCHANGE ",25.239999771118164,-0.12237630364342943,58729,3.23147813900155,-38781,-0.7616843267576923,0.02261376351691723,0.07973000066831518,-0.1561350752296311,0.019017414682609646,
2003-05-06,487632,29710,74893,377721,312604,067651,"CRUDE OIL, LIGHT SWEET - NEW YORK MERCANTILE EXCHANGE ",25.71999931335449,-0.1335371755750238,65117,1.3310967795709567,-45183,-1.3340140236088391,0.02516495853402383,0.06120283357073889,0.019017414682609646,0.10808712133993192,
2003-05-13,505404,41614,67026,364614,325241,067651,"CRUDE OIL, LIGHT SWEET - NEW YORK MERCANTILE EXCHANGE ",28.5,-0.07790401342292502,39373,-5.279391016176133,-25412,4.05449191193359,0.03731798711323394,0.1819863770250368,0.10808712133993192,0.027368445145456333,
2003-05-20,457165,35382,53693,347872,315592,067651,"CRUDE OIL, LIGHT SWEET - NEW YORK MERCANTILE EXCHANGE ",29.280000686645508,-0.07060907987269367,32280,-1.4034317100774825,-18311,1.4050146021796424,0.039777591549805265,0.21964636542239685,0.027368445145456333,0.0023906999037792698,
2003-05-27,454210,39388,55731,337611,305659,067651,"CRUDE OIL, LIGHT SWEET - NEW YORK MERCANTILE EXCHANGE ",29.350000381469727,-0.0703463155808987,31952,-0.07174652477770609,-16343,0.43047914866623643,0.03139272778149144,0.06354145859397176,0.0023906999037792698,0.044974435354951714,
2003-06-03,492015,59020,56964,342366,334610,067651,"CRUDE OIL, LIGHT SWEET - NEW YORK MERCANTILE EXCHANGE ",30.670000076293945,-0.015763747040232513,7756,-5.3270513639065635,2056,4.050769467867286,0.049789061946066034,0.17989550282797628,0.044974435354951714,0.034561443211788445,
2003-06-10,510193,77723,60802,342184,346472,067651,"CRUDE OIL, LIGHT SWEET - NEW YORK MERCANTILE EXCHANGE ",31.729999542236328,0.00840466254927057,-4288,-2.4478928487952603,16921,3.0212493521538977,0.017489138263516182,0.16272153040967335,0.034561443211788445,-0.020800499745787016,
2003-06-17,501395,70779,64702,342568,345177,067651,"CRUDE OIL, LIGHT SWEET - NEW YORK MERCANTILE EXCHANGE ",31.06999969482422,0.00520348228442645,-2609,0.3290911478597315,6077,-2.1254701652119885,0.0024413118234229256,0.0800407437205217,-0.020800499745787016,-0.07370450694147224,
2003-06-24,464561,67656,49696,313348,316889,067651,"CRUDE OIL, LIGHT SWEET - NEW YORK MERCANTILE EXCHANGE ",28.780000686645508,0.00762224982295113,-3541,-0.18588139091933506,17960,2.369987734221522,0.09124821297384952,0.15448394573590565,-0.07370450694147224,0.05628905118951155,
2003-07-01,507555,77603,50320,341379,360586,067651,"CRUDE OIL, LIGHT SWEET - NEW YORK MERCANTILE EXCHANGE ",30.399999618530277,0.037842204293130795,-19207,-3.3722159199760635,27283,2.0068408669690307,0.10218173270747118,0.08263564800700421,0.05628905118951155,-0.005921062744555727,
2003-07-08,523642,86555,56080,344187,365523,067651,"CRUDE OIL, LIGHT SWEET - NEW YORK MERCANTILE EXCHANGE ",30.21999931335449,0.040745394754431466,-21336,-0.4194619302341618,30475,0.6288973608771463,0.01091290808921954,0.10314438952571248,-0.005921062744555727,0.0463269873490777,-0.02753298390108263
2003-07-15,536017,105888,68014,336159,361832,067651,"CRUDE OIL, LIGHT SWEET - NEW YORK MERCANTILE EXCHANGE ",31.6200008392334,0.04789586897430492,-25673,-0.8282376127201408,37874,1.4129882629735584,0.016789614765806437,0.17979666708836012,0.0463269873490777,-0.045224549880513276,-0.024739322683475687
2003-07-22,510542,93833,70461,325019,333830,067651,"CRUDE OIL, LIGHT SWEET - NEW YORK MERCANTILE EXCHANGE ",30.190000534057617,0.01725812959560624,-8811,3.145795749015423,23372,-2.705511205801309,0.05940966746553459,0.08826859167102877,-0.045224549880513276,0.0016561522416715935,-0.023239413673508475
2003-07-29,509966,100057,64951,317000,337946,067651,"CRUDE OIL, LIGHT SWEET - NEW YORK MERCANTILE EXCHANGE ",30.239999771118164,0.04107332645705792,-20946,-2.3768857410359967,35106,2.298341762284004,0.018528245076693345,0.07111170367497334,0.0016561522416715935,0.06547623890778054,-0.02102173297935101
2003-08-05,554737,132720,72695,317092,363936,067651,"CRUDE OIL, LIGHT SWEET - NEW YORK MERCANTILE EXCHANGE ",32.220001220703125,0.08444361922857138,-46844,-5.078377774204554,60025,4.886404191651993,0.03829798481119719,0.1967091010880413,0.06547623890778054,-0.00931102213045265,-0.01750622123908693
2003-08-12,562524,126978,76367,323276,361918,067651,"CRUDE OIL, LIGHT SWEET - NEW YORK MERCANTILE EXCHANGE ",31.920000076293945,0.06869395794668316,-38642,1.478538478594361,50611,-1.697020389842394,0.011970332489776619,0.046295704344832676,-0.00931102213045265,-0.038220529775642165,-0.014725570297610475
2003-08-19,526675,92321,63903,326496,341646,067651,"CRUDE OIL, LIGHT SWEET - NEW YORK MERCANTILE EXCHANGE ",30.700000762939453,0.02876536763658803,-15150,4.176177371987684,28418,-3.945253891389523,0.03516019049842698,0.3016245903318312,-0.038220529775642165,0.04071661136598337,-0.013366478487166773
2003-08-26,530779,104965,62957,318062,356230,067651,"CRUDE OIL, LIGHT SWEET - NEW YORK MERCANTILE EXCHANGE ",31.950000762939453,0.07190940108783506,-38168,-4.370437176626952,42008,2.5803389186879957,0.03413654618473896,0.08093043198627935,0.04071661136598337,-0.07949924428401356,-0.01078236092428793
2003-09-02,547328,84697,67207,352884,356194,067651,"CRUDE OIL, LIGHT SWEET - NEW YORK MERCANTILE EXCHANGE ",29.40999984741211,0.006047561973807297,-3310,6.567328398448319,17490,-4.6192483123861345,0.04915961290577341,0.16140457130819466,-0.07949924428401356,-0.007820453703829777,-0.01028736319199101
2003-09-09,515097,60811,59942,347613,329271,067651,"CRUDE OIL, LIGHT SWEET - NEW YORK MERCANTILE EXCHANGE ",29.18000030517578,-0.03560882707528873,18342,3.9559459775491113,869,-3.036753098690365,0.04756206381004722,0.2579728868019842,-0.007820453703829777,-0.055517505904413955,-0.01101083358865666
2003-09-16,506376,37479,67666,367253,307358,067651,"CRUDE OIL, LIGHT SWEET - NEW YORK MERCANTILE EXCHANGE ",27.559999465942383,-0.11828167211716195,59895,8.067024269215313,-30187,-6.029155673591577,0.0615954972569377,0.29536354557991346,-0.055517505904413955,-0.015602333581579364,-0.013990579103337362
2003-09-23,480590,27676,78671,354480,275130,067651,"CRUDE OIL, LIGHT SWEET - NEW YORK MERCANTILE EXCHANGE ",27.1299991607666,-0.16510955284129925,79350,3.8420067301767857,-50995,-4.109199488127399,0.071474404790267,0.1956613726762391,-0.015602333581579364,0.0762993610838858,-0.018074875690849847
2003-09-30,500760,37903,76689,361754,305570,067651,"CRUDE OIL, LIGHT SWEET - NEW YORK MERCANTILE EXCHANGE ",29.200000762939453,-0.11219745986101126,56184,-4.8203250171664,-38786,2.5404190682286356,0.056515275937925206,0.10654321418598157,0.0762993610838858,0.04143832372800427,-0.020551785800590937
2003-10-07,521475,50921,70071,363571,337087,067651,"CRUDE OIL, LIGHT SWEET - NEW YORK MERCANTILE EXCHANGE ",30.40999984741211,-0.05078671077232849,26484,-5.93098490294752,-19150,3.9212397156322387,0.047575279237516734,0.16229172176672838,0.04143832372800427,0.04636632208112612,-0.021327040287045743
2003-10-14,562251,90233,70791,346619,365958,067651,"CRUDE OIL, LIGHT SWEET - NEW YORK MERCANTILE EXCHANGE ",31.81999969482422,0.03439567026114671,-19339,-8.78719018169615,19442,7.400546526679132,0.06430603289188397,0.24860890302066774,0.04636632208112612,-0.051539893317949836,-0.019933972523340934
2003-10-21,534335,77286,56259,339181,360332,067651,"CRUDE OIL, LIGHT SWEET - NEW YORK MERCANTILE EXCHANGE ",30.18000030517578,0.03958378170997595,-21151,-0.32227599417342073,21027,0.2819025666472803,0.018675850198638197,0.20576584671833464,-0.051539893317949836,-0.020543433829159685,-0.01848231998106491
2003-10-28,532728,73159,45259,352229,372551,067651,"CRUDE OIL, LIGHT SWEET - NEW YORK MERCANTILE EXCHANGE ",29.559999465942383,0.03814704689822949,-20322,0.15514611620051091,27900,1.2862717209241394,0.03486161317917161,0.1277424040264149,-0.020543433829159685,-0.027401876880127296,-0.01713400172203409
2003-11-04,517471,44879,47867,376043,357940,067651,"CRUDE OIL, LIGHT SWEET - NEW YORK MERCANTILE EXCHANGE ",28.75,-0.03498360294586556,18103,7.212874112117253,-2988,-5.7980808217326665,0.052351348736959846,0.3330386216117137,-0.027401876880127296,0.08347824760105316,-0.017549108727239474
2003-11-11,539434,66844,50274,365990,376670,067651,"CRUDE OIL, LIGHT SWEET - NEW YORK MERCANTILE EXCHANGE ",31.149999618530277,0.019798529569882508,-10680,-5.562244067783509,16570,3.779535471552995,0.03875663156760833,0.20809781587800338,0.08347824760105316,0.06837878609473624,-0.01670029876594125
2003-11-18,590275,108061,51592,366110,420749,067651,"CRUDE OIL, LIGHT SWEET - NEW YORK MERCANTILE EXCHANGE ",33.279998779296875,0.09256532971919867,-54639,-8.149097016502482,56469,7.39645628566238,0.05617143605143997,0.2664215517403369,0.06837878609473624,-0.1054687034338696,-0.014272173688493695
2003-11-25,546340,82886,51149,365605,396497,067651,"CRUDE OIL, LIGHT SWEET - NEW YORK MERCANTILE EXCHANGE ",29.770000457763672,0.056543544313065124,-30892,4.0230401084240395,31737,-4.189911481936385,0.032485152906041447,0.19112918267616666,-0.1054687034338696,0.033926779084695546,-0.012732701558025026
2003-12-02,544649,81255,48804,360694,397474,067651,"CRUDE OIL, LIGHT SWEET - NEW YORK MERCANTILE EXCHANGE ",30.780000686645508,0.0675297301564861,-36780,-1.077717172456712,32451,0.13068785005674122,0.007766088782433444,0.030570740971405285,0.033926779084695546,0.03183884081787958,-0.01102499024495032
2003-12-09,568500,89938,56717,376953,415957,067651,"CRUDE OIL, LIGHT SWEET - NEW YORK MERCANTILE EXCHANGE ",31.76000022888184,0.06860861917326297,-39004,-0.40833637810773543,33221,0.14137545465060983,0.04381581768422646,0.11316354710033753,0.03183884081787958,0.03557931840752948,-0.00936595671540421
2003-12-16,598248,116883,60446,367091,424661,067651,"CRUDE OIL, LIGHT SWEET - NEW YORK MERCANTILE EXCHANGE ",32.88999938964844,0.09623099450395153,-57570,-3.2657871591908534,56437,4.0837291116974495,0.023449261890086795,0.17297791111436933,0.03557931840752948,-0.0030403914860687165,-0.007210916894601032
2003-12-30,598426,116400,65813,380581,436945,067651,"CRUDE OIL, LIGHT SWEET - NEW YORK MERCANTILE EXCHANGE ",32.790000915527344,0.09418708411733448,-56364,0.20158863882537006,50587,-0.9778553375857504,0.03152682605813149,0.03210528337714653,-0.0030403914860687165,0.027752358097104857,-0.005182956874362321
2004-01-06,628647,131216,69860,383437,454996,067651,"CRUDE OIL, LIGHT SWEET - NEW YORK MERCANTILE EXCHANGE ",33.70000076293945,0.11383017814449127,-71559,-2.53916106586278,61356,1.7995541637562538,0.02493580286081297,0.09381030058286419,0.027752358097104857,0.021661706994354768,-0.0028493659916397017
2004-01-13,656220,138114,78726,395184,466780,067651,"CRUDE OIL, LIGHT SWEET - NEW YORK MERCANTILE EXCHANGE ",34.43000030517578,0.10910365426229009,-71596,-0.005885656019992142,59388,-0.3130532715498523,0.02729928396081507,0.07269876406567054,0.021661706994354768,0.05140866808234068,-0.0006964232944487447
2004-01-20,643685,129827,78311,397363,462084,067651,"CRUDE OIL, LIGHT SWEET - NEW YORK MERCANTILE EXCHANGE ",36.20000076293945,0.10054762811002275,-64721,1.0476669409649202,51516,-1.1995976958946695,0.007999329801604985,0.041808799930815134,0.05140866808234068,-0.05745861290655374,0.0005424504979137392
2004-01-27,661260,129986,78944,412113,473341,067651,"CRUDE OIL, LIGHT SWEET - NEW YORK MERCANTILE EXCHANGE ",34.119998931884766,0.09259292865136255,-61228,0.5426567342721984,51042,-0.0736385033051881,0.02937137332938809,0.003790743311156847,-0.05745861290655374,-0.0005861799059138084,0.0011817847928474493
2004-02-03,663890,129870,76362,410501,472870,067651,"CRUDE OIL, LIGHT SWEET - NEW YORK MERCANTILE EXCHANGE ",34.099998474121094,0.09394478000873639,-62369,-0.17254937543477603,53508,0.3729244170220488,0.002358012658328154,0.013082353853912099,-0.0005861799059138084,-0.006744854912849263,0.001654743614426083
2004-02-10,643130,125872,78893,388488,444349,067651,"CRUDE OIL, LIGHT SWEET - NEW YORK MERCANTILE EXCHANGE ",33.869998931884766,0.08685802248379021,-55861,0.9802828781876516,46979,-0.9834460528099535,0.06067693918497857,0.031885331965912145,-0.006744854912849263,0.038086830711794084,0.002214525776425207
2004-02-17,664530,138262,70589,393466,467966,067651,"CRUDE OIL, LIGHT SWEET - NEW YORK MERCANTILE EXCHANGE ",35.15999984741211,0.11210931033963854,-74500,-2.898169887892028,67673,3.2177009313824576,0.03319472691982652,0.09908499360788313,0.038086830711794084,-0.016495961856499042,0.0036641160134545008
2004-02-24,650807,145199,68755,383187,475674,067651,"CRUDE OIL, LIGHT SWEET - NEW YORK MERCANTILE EXCHANGE ",34.58000183105469,0.142111255717901,-92487,-2.706725053797421,76444,1.3198802160925767,0.020942853383725656,0.04099479327332043,-0.016495961856499042,0.06015031539094573,0.005992613296296185
2004-03-02,669029,162443,79992,385952,481163,067651,"CRUDE OIL, LIGHT SWEET - NEW YORK MERCANTILE EXCHANGE ",36.65999984741211,0.14231221666026436,-95211,-0.418557268130183,82451,0.9230078963502237,0.009518921942302925,0.11747891187328563,0.06015031539094573,-0.010365550182675487,0.008443607868685005
2004-03-09,664593,157096,81347,383051,469439,067651,"CRUDE OIL, LIGHT SWEET - NEW YORK MERCANTILE EXCHANGE ",36.27999877929688,0.1299863224559994,-86388,1.3187769140052226,75749,-1.001750297819676,0.017155626458961397,0.028107346409833797,-0.010365550182675487,0.03307609711454074,0.010968145401138761
2004-03-16,699952,154111,85322,413031,500286,067651,"CRUDE OIL, LIGHT SWEET - NEW YORK MERCANTILE EXCHANGE ",37.47999954223633,0.12465854801472101,-87255,-0.13045578271212607,68789,-1.0472574944364446,0.06660009613310602,0.029068674744082895,0.03307609711454074,-0.0008003943346656106,0.014160097576042894
2004-03-23,672809,158945,78905,387245,483735,067651,"CRUDE OIL, LIGHT SWEET - NEW YORK MERCANTILE EXCHANGE ",37.45000076293945,0.14341365825962493,-96490,-1.3193761857955975,80040,1.6073959357213068,0.04860846402902478,0.04730292200966996,-0.0008003943346656106,-0.03204274335094204,0.017694120468829556
2004-03-30,668133,138574,79126,408188,478969,067651,"CRUDE OIL, LIGHT SWEET - NEW YORK MERCANTILE EXCHANGE ",36.25,0.10593848829499516,-70781,3.82114389076246,59448,-3.0606011512925657,0.02897908712888474,0.09458888378502527,-0.03204274335094204,-0.03531031115301719,0.021507923189728422
2004-04-06,658744,110052,85810,427114,459047,067651,"CRUDE OIL, LIGHT SWEET - NEW YORK MERCANTILE EXCHANGE ",34.970001220703125,0.04847558383833477,-31933,5.8144112025599695,24242,-5.269310152319972,0.043838534984049174,0.1797490069538757,-0.03531031115301719,0.07520723939411633,0.024699658374089998
2004-04-20,679696,141042,83851,415990,483632,067651,"CRUDE OIL, LIGHT SWEET - NEW YORK MERCANTILE EXCHANGE ",37.59999847412109,0.09951801982062569,-67642,-5.420770435859757,57191,5.001791287662582,0.03969333786857147,0.1465096734891704,0.07520723939411633,-0.001861694086833121,0.02888690996747414
2004-04-27,697218,148250,88708,428220,500950,067651,"CRUDE OIL, LIGHT SWEET - NEW YORK MERCANTILE EXCHANGE ",37.52999877929688,0.10431457592890603,-72730,-0.74856994891834,59542,0.34588992726159934,0.03180042403435324,0.05091619611914348,-0.001861694086833121,0.038635779645677104,0.03314062487017552
2004-05-04,726559,159882,94334,442376,515675,067651,"CRUDE OIL, LIGHT SWEET - NEW YORK MERCANTILE EXCHANGE ",38.97999954223633,0.100885131145578,-73299,-0.08161005596527915,65548,0.8614235432820151,0.030145576801235006,0.06788715108411744,0.038635779645677104,0.027706563461717515,0.03685752689262157
2004-05-11,726542,167232,100798,429602,506507,067651,"CRUDE OIL, LIGHT SWEET - NEW YORK MERCANTILE EXCHANGE ",40.060001373291016,0.10585072851947995,-76905,-0.4963120682559847,66434,0.12194467345391083,0.023439578083321495,0.05153900682759393,0.027706563461717515,0.011982015121855483,0.04124650828036983
2004-05-18,720343,151533,85696,427599,492286,067651,"CRUDE OIL, LIGHT SWEET - NEW YORK MERCANTILE EXCHANGE ",40.540000915527344,0.08980027570199196,-64687,1.6816646525596592,65837,-0.08217006036815491,0.017636987232099666,0.12983657141411883,0.011982015121855483,0.014800159362879706,0.045541459266466286
2004-05-25,713794,155632,78257,430751,509056,067651,"CRUDE OIL, LIGHT SWEET - NEW YORK MERCANTILE EXCHANGE ",41.13999938964844,0.10970251921422708,-78305,-1.890488281277114,77375,1.6017369503139478,0.021197969370306883,0.04933109295435014,0.014800159362879706,0.028925679607707533,0.049149277201796134
2004-06-01,735377,145588,80301,455263,514439,067651,"CRUDE OIL, LIGHT SWEET - NEW YORK MERCANTILE EXCHANGE ",42.33000183105469,0.08047028938898007,-59176,2.679904846496328,65287,-1.6934857956217062,0.03082905882425735,0.053513008601569795,0.028925679607707533,-0.11930079927501813,0.05205464968759755
2004-06-08,694559,108585,72714,454599,492640,067651,"CRUDE OIL, LIGHT SWEET - NEW YORK MERCANTILE EXCHANGE ",37.27999877929688,0.054770005139952116,-38041,2.8740360386577226,35871,-4.000125105898063,0.023714184065478722,0.24594730252235258,-0.11930079927501813,-0.002414167262201894,0.05446073277838315
2004-06-15,699418,101652,74890,473527,495591,067651,"CRUDE OIL, LIGHT SWEET - NEW YORK MERCANTILE EXCHANGE ",37.18999862670898,0.031546228435642205,-22064,2.30030854110306,26762,-1.3114796583155643,0.022576198151308714,0.05159678716679317,-0.002414167262201894,0.024737887002282966,0.05537053999907304
2004-06-22,700786,100973,74119,484160,506356,067651,"CRUDE OIL, LIGHT SWEET - NEW YORK MERCANTILE EXCHANGE ",38.11000061035156,0.03167300716623905,-22196,-0.01887283427077942,26854,0.013153793582664443,0.021602881730330453,0.008281360656112215,0.024737887002282966,-0.06428760754923668,0.05581800816478398
2004-06-29,694823,92407,77761,488563,496776,067651,"CRUDE OIL, LIGHT SWEET - NEW YORK MERCANTILE EXCHANGE ",35.65999984741211,0.0118202765308575,-8213,1.9953309569540487,14646,-1.7420439335260693,0.014191055058208394,0.07174086784824409,-0.06428760754923668,0.111890120458213,0.055945254207984574
2004-07-06,699223,101057,76001,487970,504343,067651,"CRUDE OIL, LIGHT SWEET - NEW YORK MERCANTILE EXCHANGE ",39.650001525878906,0.023415991750843437,-16373,-1.1743998111749323,25056,1.4982232885209614,0.008223211829332076,0.05879429339538456,0.111890120458213,-0.005296415916475117,0.05624898001429019
2004-07-13,679462,106294,75148,452079,473783,067651,"CRUDE OIL, LIGHT SWEET - NEW YORK MERCANTILE EXCHANGE ",39.43999862670898,0.03194291954516956,-21704,-0.7624177122320062,31146,0.8709667731181611,0.07177203514130616,0.03356444483636644,-0.005296415916475117,0.036004108343983265,0.05613553223067555
2004-07-20,696850,112340,76198,469192,498464,067651,"CRUDE OIL, LIGHT SWEET - NEW YORK MERCANTILE EXCHANGE ",40.86000061035156,0.04200617062495515,-29272,-1.1138224065510656,36142,0.7352876246206558,0.043190968691353124,0.03763697503951458,0.036004108343983265,0.023984325198175727,0.05615977792049332
2004-07-27,676035,112390,78689,445198,472585,067651,"CRUDE OIL, LIGHT SWEET - NEW YORK MERCANTILE EXCHANGE ",41.84000015258789,0.04051121613525927,-27387,0.27050297768529813,33701,-0.350290593384516,0.054340731959515484,0.013298164633476207,0.023984325198175727,0.05521035766889537,0.05601776536589628
2004-08-03,725884,127598,87299,471273,501299,067651,"CRUDE OIL, LIGHT SWEET - NEW YORK MERCANTILE EXCHANGE ",44.150001525878906,0.041364735963321964,-30026,-0.3903644042098412,40299,0.9759849711923199,0.05633413258864125,0.11083449280352914,0.05521035766889537,0.008380496468791465,0.05648135394989082
2004-08-10,697620,128827,92524,435000,456811,067651,"CRUDE OIL, LIGHT SWEET - NEW YORK MERCANTILE EXCHANGE ",44.52000045776367,0.03126487199334881,-21811,1.1317235260730365,36303,-0.5505011820070425,0.09055842549598514,0.02915731123871137,0.008380496468791465,0.05008983646242182,0.056292729825588715
2004-08-17,730069,133142,85193,452158,481539,067651,"CRUDE OIL, LIGHT SWEET - NEW YORK MERCANTILE EXCHANGE ",46.75,0.04024414130719151,-29381,-1.0851179725351912,47949,1.6693902124365703,0.04486037761714989,0.05334005083930657,0.05008983646242182,-0.03294119605406087,0.05544273986556218
2004-08-24,679708,119236,87802,430853,456268,067651,"CRUDE OIL, LIGHT SWEET - NEW YORK MERCANTILE EXCHANGE ",45.209999084472656,0.03739105615940963,-25415,0.543236324237846,31434,-2.262114950778625,0.05250242075207328,0.07976796530105584,-0.03294119605406087,-0.0683477154426475,0.05484076098503769
2004-08-31,688882,107428,79466,448544,473903,067651,"CRUDE OIL, LIGHT SWEET - NEW YORK MERCANTILE EXCHANGE ",42.119998931884766,0.03681181973110054,-25359,0.008238831969021991,27962,-0.5108075820793635,0.0382959671395755,0.10778302139180498,-0.0683477154426475,0.028252670265511703,0.0549955004483937
2004-09-07,693750,105350,84140,455824,470789,067651,"CRUDE OIL, LIGHT SWEET - NEW YORK MERCANTILE EXCHANGE ",43.310001373291016,0.02157117117117117,-14965,1.5088215398283014,21210,-0.9801388336464011,0.011217196391589584,0.035632487202490896,0.028252670265511703,0.024936457679806345,0.05402745756538094
2004-09-14,681659,104068,90870,442630,450622,067651,"CRUDE OIL, LIGHT SWEET - NEW YORK MERCANTILE EXCHANGE ",44.38999938964844,0.01172433724193475,-7992,1.005117117117117,13198,-1.154882882882883,0.03734780330746531,0.041100247258102574,0.024936457679806345,0.0610497662026237,0.054136626320537236
2004-09-21,671660,114804,88062,429790,444379,067651,"CRUDE OIL, LIGHT SWEET - NEW YORK MERCANTILE EXCHANGE ",47.09999847412109,0.021720811124676175,-14589,-0.9677859457588032,26742,1.986917212271825,0.021829875001286938,0.06676328216655329,0.0610497662026237,0.05944804973393514,0.05523911936284425
2004-09-28,688084,128187,94925,429071,440065,067651,"CRUDE OIL, LIGHT SWEET - NEW YORK MERCANTILE EXCHANGE ",49.900001525878906,0.015977700397044547,-10994,0.5352410445761249,33262,0.9707292380073251,0.005790808342998104,0.0907436623758471,0.05944804973393514,0.023847667140687978,0.05782103037273285
2004-10-05,709320,131602,94423,447122,468456,067651,"CRUDE OIL, LIGHT SWEET - NEW YORK MERCANTILE EXCHANGE ",51.09000015258789,0.030076693170924266,-21334,-1.5027235046883811,37179,0.5692618924433646,0.05072424195426277,0.017329941378166132,0.023847667140687978,0.027794052939993596,0.06157461202681406
2004-10-12,734992,126391,101626,465781,470744,067651,"CRUDE OIL, LIGHT SWEET - NEW YORK MERCANTILE EXCHANGE ",52.5099983215332,0.006752454448483793,-4963,2.3079851125021147,24765,-1.75012688208425,0.022366728063853075,0.05444330905151809,0.027794052939993596,0.014854363338920207,0.06386211037891973
2004-10-19,708959,117650,95306,465146,464202,067651,"CRUDE OIL, LIGHT SWEET - NEW YORK MERCANTILE EXCHANGE ",53.290000915527344,-0.0013315297499573318,944,0.8036822169493002,22344,-0.3293913403139082,0.007722618437872573,0.07072352974323334,0.014854363338920207,0.03527861176805103,0.06481317155242687
2004-10-26,706503,117340,96377,466039,470161,067651,"CRUDE OIL, LIGHT SWEET - NEW YORK MERCANTILE EXCHANGE ",55.16999816894531,0.005834370130063142,-4122,-0.7145688255597291,20963,-0.19479264668337662,0.007318948942533647,0.006461816327199053,0.03527861176805103,-0.10059814067901474,0.06426391578067527
2004-11-02,715841,100427,95191,495296,485045,067651,"CRUDE OIL, LIGHT SWEET - NEW YORK MERCANTILE EXCHANGE ",49.619998931884766,-0.014320219154812311,10251,2.034386265875729,5236,-2.226034425897696,0.04502616946552271,0.09252216053737386,-0.10059814067901474,-0.04534462008128337,0.06322730037942934
2004-11-09,711816,93833,90147,474141,466178,067651,"CRUDE OIL, LIGHT SWEET - NEW YORK MERCANTILE EXCHANGE ",47.369998931884766,-0.011186879755442417,7963,-0.31962405059224047,3686,-0.21652853077708598,0.04256215178040643,0.06325687574736384,-0.04534462008128337,-0.026599078529535247,0.06227857102070488
2004-11-16,710178,85830,85168,497483,488231,067651,"CRUDE OIL, LIGHT SWEET - NEW YORK MERCANTILE EXCHANGE ",46.11000061035156,-0.013027719811089614,9252,0.1810861233801994,662,-0.4248288883644088,0.046052911899394755,0.07591901659668535,-0.026599078529535247,0.061374929058710226,0.06270079954252748
2004-11-23,692591,84915,79162,483486,477120,067651,"CRUDE OIL, LIGHT SWEET - NEW YORK MERCANTILE EXCHANGE ",48.93999862670898,-0.009191571937839215,6366,-0.40637699281025325,5753,0.7168625330550933,0.026137667264206136,0.042181414823527975,0.061374929058710226,0.0038823548577413547,0.06214329759045592
2004-11-30,690418,82978,77163,487544,474864,067651,"CRUDE OIL, LIGHT SWEET - NEW YORK MERCANTILE EXCHANGE ",49.130001068115234,-0.018365685715030604,12680,0.9116491551290733,5815,0.00895189224231906,0.006560627093706619,0.024578340337577508,0.0038823548577413547,-0.15611646279039704,0.060010008832105353
2004-12-07,690119,71523,88963,496749,467193,067651,"CRUDE OIL, LIGHT SWEET - NEW YORK MERCANTILE EXCHANGE ",41.459999084472656,-0.04282739643452796,29556,2.4443163416944516,-17440,-3.3682493793614885,0.017507277408806754,0.1449036052989046,-0.15611646279039704,0.008683082930563524,0.05809902920234395
2004-12-14,704134,68310,77382,499748,474358,067651,"CRUDE OIL, LIGHT SWEET - NEW YORK MERCANTILE EXCHANGE ",41.81999969482422,-0.03605847750570204,25390,-0.6036640057729175,-9072,1.2125445031943767,0.010434182727547104,0.10154298108338138,0.008683082930563524,0.09421326292349574,0.05610694828576341
2004-12-21,661793,69805,68167,464957,451562,067651,"CRUDE OIL, LIGHT SWEET - NEW YORK MERCANTILE EXCHANGE ",45.7599983215332,-0.020240467940881815,13395,-1.7035109794442536,1638,1.5210173063649817,0.06283230353107791,0.07762444553967472,0.09421326292349574,-0.08719401245895508,0.05439831199510678
2004-12-28,656458,69987,64968,469138,455359,067651,"CRUDE OIL, LIGHT SWEET - NEW YORK MERCANTILE EXCHANGE ",41.77000045776367,-0.02098991862388759,13779,0.05802418581036669,5019,0.510884823502213,0.008629557478282784,0.025052795376236524,-0.08719401245895508,0.05123292712941985,0.05214406366572526
2005-01-04,683120,74567,67020,479579,465979,067651,"CRUDE OIL, LIGHT SWEET - NEW YORK MERCANTILE EXCHANGE ",43.90999984741211,-0.019908654409181402,13600,-0.027267547961941207,7547,0.3850969902111026,0.022273620444224467,0.04684045851667173,0.05123292712941985,0.04030973500146784,0.049949914847907645
2005-01-11,707361,79563,70949,488223,478166,067651,"CRUDE OIL, LIGHT SWEET - NEW YORK MERCANTILE EXCHANGE ",45.68000030517578,-0.014217634277264368,10057,-0.5186497247921302,8614,0.15619510481321,0.02155550197694717,0.05929759753375146,0.04030973500146784,0.05910684642954189,0.04748745691672003
2005-01-18,718813,86451,70526,495530,491377,067651,"CRUDE OIL, LIGHT SWEET - NEW YORK MERCANTILE EXCHANGE ",48.380001068115234,-0.005777580539027535,4153,-0.8346516135325527,15925,1.0335599502941213,0.020790206169375634,0.04657370187989323,0.05910684642954189,0.026043784491844635,0.045278202401310086
2005-01-25,713890,98204,64354,476155,494844,067651,"CRUDE OIL, LIGHT SWEET - NEW YORK MERCANTILE EXCHANGE ",49.63999938964844,0.026179103223185646,-18689,-3.1777388555855275,33850,2.493694465737264,0.02352422608056239,0.11026833499427896,0.026043784491844635,-0.05076552152998559,0.0438480384611786
2005-02-01,734197,100507,69555,492654,507975,067651,"CRUDE OIL, LIGHT SWEET - NEW YORK MERCANTILE EXCHANGE ",47.119998931884766,0.020867696272253905,-15321,0.47178136687725,30952,-0.4059448934709829,0.029611374445473796,0.04412508379296962,-0.05076552152998559,-0.03650249246593229,0.042468707069272665
2005-02-08,731161,99003,71446,481481,490249,067651,"CRUDE OIL, LIGHT SWEET - NEW YORK MERCANTILE EXCHANGE ",45.400001525878906,0.011991886875804372,-8768,0.892539740696298,27557,-0.46240995264213824,0.02973974252107067,0.019917981331659323,-0.03650249246593229,0.04096909103833535,0.04089268989363935
2005-02-15,740087,101963,70335,480980,493378,067651,"CRUDE OIL, LIGHT SWEET - NEW YORK MERCANTILE EXCHANGE ",47.2599983215332,0.016752084552221564,-12398,-0.49647068155987534,31628,0.5567857147741743,0.003725530041319515,0.023627668342058525,0.04096909103833535,0.08231069281636616,0.03954449877957073
2005-02-22,760290,120964,66788,484386,524236,067651,"CRUDE OIL, LIGHT SWEET - NEW YORK MERCANTILE EXCHANGE ",51.150001525878906,0.052414210367096765,-39850,-3.7092936370994223,54176,3.0466688375826085,0.03397110116574891,0.1200945928671865,0.08231069281636616,0.010361657155156134,0.03839651608779108
2005-03-01,775874,130797,70624,482665,533258,067651,"CRUDE OIL, LIGHT SWEET - NEW YORK MERCANTILE EXCHANGE ",51.68000030517578,0.06520775280522353,-50593,-1.4130134553920215,60173,0.788777966302332,0.010574620320634536,0.06786283456044802,0.010361657155156134,0.05630804625054675,0.036917602570239585
2005-03-08,816226,158645,81982,476025,546468,067651,"CRUDE OIL, LIGHT SWEET - NEW YORK MERCANTILE EXCHANGE ",54.59000015258789,0.08630330325179546,-70443,-2.5584051018593224,76663,2.1253450946932104,0.019413335837017955,0.16293267172844278,0.05630804625054675,0.008426434936561256,0.03584050808161519
2005-03-15,841984,168856,101171,490810,544400,067651,"CRUDE OIL, LIGHT SWEET - NEW YORK MERCANTILE EXCHANGE ",55.04999923706055,0.06364729020979021,-53590,2.064746773565165,67685,-1.0999404576673617,0.016279788641918064,0.10887800108878001,0.008426434936561256,0.017801990114771682,0.03456475746149578
2005-03-22,845847,166969,97460,501457,551063,067651,"CRUDE OIL, LIGHT SWEET - NEW YORK MERCANTILE EXCHANGE ",56.02999877929688,0.05864654009531275,-49606,0.4731681362116145,69509,0.21663119489206445,0.016446243301789988,0.02117014397059324,0.017801990114771682,-0.03212563405811919,0.03329529577073793
2005-03-29,839333,164014,90222,493298,546895,067651,"CRUDE OIL, LIGHT SWEET - NEW YORK MERCANTILE EXCHANGE ",54.22999954223633,0.06385665760788627,-53597,-0.47183474079827675,73792,0.5063563504983761,0.011850685401651424,0.04009266980286033,-0.03212563405811919,0.03337638555355915,0.031765353450512186
2005-04-05,859819,173593,84881,488807,566573,067651,"CRUDE OIL, LIGHT SWEET - NEW YORK MERCANTILE EXCHANGE ",56.040000915527344,0.09044461683214723,-77766,-2.8795484033154897,88712,1.7776019768077749,0.022900756125755654,0.057723407383334494,0.03337638555355915,-0.07458958309933938,0.031467394383918955
2005-04-12,836618,154538,94888,478355,533292,067651,"CRUDE OIL, LIGHT SWEET - NEW YORK MERCANTILE EXCHANGE ",51.86000061035156,0.06566557257912213,-54937,2.6550936883227747,59650,-3.380013700557908,0.043229505944267124,0.11651551963307755,-0.07458958309933938,0.008291559971365547,0.031797971090472554
2005-04-19,822215,125300,92649,517581,539992,067651,"CRUDE OIL, LIGHT SWEET - NEW YORK MERCANTILE EXCHANGE ",52.290000915527344,0.02725686103999562,-22411,3.887795863823155,32651,-3.2271598268265804,0.043425843889736214,0.14442369545168823,0.008291559971365547,0.036527057065798285,0.030408333421614288
2005-04-26,810502,121606,95598,508385,520232,067651,"CRUDE OIL, LIGHT SWEET - NEW YORK MERCANTILE EXCHANGE ",54.20000076293945,0.014616867077440894,-11847,1.2848220964103063,26008,-0.8079395291985673,0.02815041944669396,0.030584151304764187,0.036527057065798285,-0.08671588001440012,0.028683377482163035
2005-05-03,810793,107003,98600,511576,502606,067651,"CRUDE OIL, LIGHT SWEET - NEW YORK MERCANTILE EXCHANGE ",49.5,-0.01106324302257173,8970,2.568408221077801,8403,-2.1721106178639906,0.020525901662620714,0.0856261824973371,-0.08671588001440012,0.051919185754024655,0.026530524132775544
2005-05-10,831666,103029,102944,520162,504290,067651,"CRUDE OIL, LIGHT SWEET - NEW YORK MERCANTILE EXCHANGE ",52.06999969482422,-0.01908458443654063,15872,0.8512653661292092,85,-1.0259092024721477,0.01002487183391706,0.04038393381656819,0.051919185754024655,-0.05953521206625312,0.024127921960544377
2005-05-17,791036,87892,90200,510659,489926,067651,"CRUDE OIL, LIGHT SWEET - NEW YORK MERCANTILE EXCHANGE ",48.970001220703125,-0.02620993229132429,20733,0.5844894464845263,-2308,-0.2877357015917448,0.023853045968108656,0.1565539159535521,-0.05953521206625312,0.014294403324340621,0.02189695642221137
2005-05-24,762963,80567,94886,507855,479026,067651,"CRUDE OIL, LIGHT SWEET - NEW YORK MERCANTILE EXCHANGE ",49.66999816894531,-0.03778558069002035,28829,1.023467958474709,-14319,-1.5183885436313898,0.013886172699646664,0.06845707967375879,0.014294403324340621,0.0463056802203754,0.01906064680866815
2005-05-31,783354,83989,101390,512236,473136,067651,"CRUDE OIL, LIGHT SWEET - NEW YORK MERCANTILE EXCHANGE ",51.970001220703125,-0.04991357674818792,39100,1.3461989637767493,-17401,-0.40395143670138656,0.01042347458624763,0.05354436047232966,0.0463056802203754,0.03444289126006406,0.016553264767568767
2005-06-07,783546,92147,90772,496939,485653,067651,"CRUDE OIL, LIGHT SWEET - NEW YORK MERCANTILE EXCHANGE ",53.7599983215332,-0.014403749109816143,11286,-3.550629728066749,1375,2.396872933565157,0.028306764150328925,0.10264652660467201,0.03444289126006406,0.02306550813209607,0.01522300026276553
2005-06-14,807148,99237,86674,529397,522129,067651,"CRUDE OIL, LIGHT SWEET - NEW YORK MERCANTILE EXCHANGE ",55.0,-0.009004544395823318,7268,-0.5127969512957758,12563,1.4278676682670832,0.06555615362815566,0.06017933312176257,0.02306550813209607,0.07090911865234384,0.014443177708314272
2005-06-21,771615,108262,88415,496818,500964,067651,"CRUDE OIL, LIGHT SWEET - NEW YORK MERCANTILE EXCHANGE ",58.900001525878906,0.005373145934177018,-4146,-1.4141148835157864,19847,0.9024367278367784,0.05386346917462933,0.05473949673830697,0.07090911865234384,-0.011884562730136716,0.01393741114615923
2005-06-28,783203,112569,90561,481358,487852,067651,"CRUDE OIL, LIGHT SWEET - NEW YORK MERCANTILE EXCHANGE ",58.20000076293945,0.0082915923457903,-6494,-0.3042968319693111,22008,0.2800619479921982,0.02947967932646176,0.03176783340717767,-0.011884562730136716,0.023883150711804912,0.013869551834907939
2005-07-05,813974,121277,88519,493272,510966,067651,"CRUDE OIL, LIGHT SWEET - NEW YORK MERCANTILE EXCHANGE ",59.59000015258789,0.021737795064707226,-17694,-1.4300251658893033,32758,1.3725687976169652,0.03488017780645624,0.05124025243569944,0.023883150711804912,0.017284758796097144,0.013837278821713012
2005-07-12,828196,122269,88240,502119,527788,067651,"CRUDE OIL, LIGHT SWEET - NEW YORK MERCANTILE EXCHANGE ",60.619998931884766,0.030993871016039683,-25669,-0.9797610243079017,34029,0.15614749365458847,0.02492360960746941,0.006037746604658233,0.017284758796097144,-0.0521280089589381,0.013819027888460513
2005-07-19,822636,108705,89806,511125,523348,067651,"CRUDE OIL, LIGHT SWEET - NEW YORK MERCANTILE EXCHANGE ",57.459999084472656,0.01485833345489378,-12223,1.623528729914175,18899,-1.8268622403392432,0.012997922613736656,0.07621743883210502,-0.0521280089589381,0.03028196495285007,0.013296954096728566
2005-07-26,802588,106194,94265,502164,504112,067651,"CRUDE OIL, LIGHT SWEET - NEW YORK MERCANTILE EXCHANGE ",59.20000076293945,0.0024271481756517666,-1948,1.2490335944451738,11929,-0.8472763166212032,0.028021139329567634,0.03477020238552522,0.03028196495285007,0.04543916540610904,0.012564568174428418
2005-08-02,840179,121061,94991,490451,508328,067651,"CRUDE OIL, LIGHT SWEET - NEW YORK MERCANTILE EXCHANGE ",61.88999938964844,0.021277608700050823,-17877,-1.9847044810039522,26070,1.7619251720683589,0.015948473085637564,0.07217243996815581,0.04543916540610904,0.019066090108463385,0.012178277265519361
2005-08-09,887515,139400,104412,509259,533649,067651,"CRUDE OIL, LIGHT SWEET - NEW YORK MERCANTILE EXCHANGE ",63.06999969482422,0.027481225669425305,-24390,-0.7751919531433182,34988,1.0614404787551224,0.042313415948482515,0.11385821862746706,0.019066090108463385,0.047724784379180596,0.012105514836213138
2005-08-16,957767,154463,114068,552971,578683,067651,"CRUDE OIL, LIGHT SWEET - NEW YORK MERCANTILE EXCHANGE ",66.08000183105469,0.0268457777309095,-25712,-0.1489552289257083,40395,0.6092291397891867,0.07842149632308108,0.09205268665442723,0.047724784379180596,-0.0055993150170911,0.011847853998207715
2005-08-23,896090,140449,124729,522331,530687,067651,"CRUDE OIL, LIGHT SWEET - NEW YORK MERCANTILE EXCHANGE ",65.70999908447266,0.009324956198596123,-8356,1.8121317606474225,15720,-2.576305092992346,0.07467678615180368,0.09305070556380997,-0.0055993150170911,0.06239535125925655,0.011308121306653608
2005-08-30,914422,142591,123231,532610,537190,067651,"CRUDE OIL, LIGHT SWEET - NEW YORK MERCANTILE EXCHANGE ",69.80999755859375,0.005008628401328927,-4580,0.42138624468524366,19360,0.40620919773683445,0.01568704430734717,0.0136933737613892,0.06239535125925655,-0.05514967209230548,0.01069652147338877
2005-09-06,897560,140777,116683,524902,540460,067651,"CRUDE OIL, LIGHT SWEET - NEW YORK MERCANTILE EXCHANGE ",65.95999908447266,0.017333660145282766,-15558,-1.2005397945368768,24094,0.5177040797356144,0.0103044786654677,0.032478831663170976,-0.05514967209230548,-0.04320798231775591,0.010615030876737071
2005-09-13,872847,114638,122886,534826,526988,067651,"CRUDE OIL, LIGHT SWEET - NEW YORK MERCANTILE EXCHANGE ",63.11000061035156,-0.008979809749016724,7838,2.606622398502607,-8248,-3.603324568831053,0.022033990887292878,0.13616308246745593,-0.04320798231775591,0.04943753313908661,0.010216874203834159
2005-09-20,846588,110078,123181,532544,511803,067651,"CRUDE OIL, LIGHT SWEET - NEW YORK MERCANTILE EXCHANGE ",66.2300033569336,-0.024499520427882275,20741,1.478265950389931,-13103,-0.5562257761096733,0.01672528383765166,0.020813773530710497,0.04943753313908661,-0.017514775831397156,0.009328021673977265
2005-09-27,851214,107481,133810,541508,502633,067651,"CRUDE OIL, LIGHT SWEET - NEW YORK MERCANTILE EXCHANGE ",65.06999969482422,-0.045670066516763114,38875,2.142010045027806,-26329,-1.5622711401531797,0.017367386205502898,0.054813482475517115,-0.017514775831397156,-0.01798060818245828,0.008142487694865579
2005-10-04,866124,118480,145731,529094,490136,067651,"CRUDE OIL, LIGHT SWEET - NEW YORK MERCANTILE EXCHANGE ",63.900001525878906,-0.0449797026753675,38958,0.009750779474961644,-27251,-0.1083158876616221,0.02444099957811289,0.08674884845823981,-0.01798060818245828,-0.005790340183828846,0.006699095467052275
2005-10-11,852369,106875,147445,545812,485853,067651,"CRUDE OIL, LIGHT SWEET - NEW YORK MERCANTILE EXCHANGE ",63.52999877929688,-0.07034394728104847,59959,2.424710549528705,-40570,-1.5377705732666453,0.020356414146064858,0.05237102862535389,-0.005790340183828846,-0.005194365224275299,0.005216472356868963
2005-10-18,860139,123903,150021,549911,503139,067651,"CRUDE OIL, LIGHT SWEET - NEW YORK MERCANTILE EXCHANGE ",63.20000076293945,-0.05437725762929015,46772,-1.5470999062612554,-26118,1.6955098085453602,0.020307677698115,0.0715672960383172,-0.005194365224275299,-0.012025350111643407,0.004196362205343331
2005-10-25,817409,120653,158737,523109,464980,067651,"CRUDE OIL, LIGHT SWEET - NEW YORK MERCANTILE EXCHANGE ",62.43999862670898,-0.0711137264209227,58129,1.3203679870346536,-38084,-1.3911704968615537,0.06574407770959903,0.042829020365796916,-0.012025350111643407,-0.04147982398385264,0.0027165911178243726
2005-11-01,821833,120127,162167,521071,461207,067651,"CRUDE OIL, LIGHT SWEET - NEW YORK MERCANTILE EXCHANGE ",59.84999847412109,-0.0728420494187992,59864,0.2122560431803418,-42040,-0.4839682460065891,0.005915840525798195,0.014013758705463099,-0.04147982398385264,-0.0023391711481658417,0.0015911713050553943
2005-11-08,830757,122079,169895,530501,465085,067651,"CRUDE OIL, LIGHT SWEET - NEW YORK MERCANTILE EXCHANGE ",59.709999084472656,-0.07874264074813694,65416,0.6755630401796959,-47816,-0.7028191858929977,0.013367001946592258,0.033153636967675204,-0.0023391711481658417,-0.04572097779425777,0.0002920220551958841
2005-11-15,845065,115494,171662,543858,473204,067651,"CRUDE OIL, LIGHT SWEET - NEW YORK MERCANTILE EXCHANGE ",56.97999954223633,-0.08360776981652299,70654,0.63050928249777,-56168,-1.005348134291977,0.02111572352521282,0.029085235899650366,-0.04572097779425777,0.03264304361695958,-0.0010652865987547577
2005-11-22,805527,115470,158534,527909,466685,067651,"CRUDE OIL, LIGHT SWEET - NEW YORK MERCANTILE EXCHANGE ",58.84000015258789,-0.07600490113925418,61224,-1.1158904936306675,-43064,1.5506499500038458,0.022590122200616534,0.04799929928030248,0.03264304361695958,-0.039768867208015646,-0.002350158314166584
2005-11-29,836948,121151,164924,541974,476674,067651,"CRUDE OIL, LIGHT SWEET - NEW YORK MERCANTILE EXCHANGE ",56.5,-0.0780215736222561,65300,0.506004143871031,-43773,-0.08801691315126618,0.02361365260619959,0.042195228523988465,-0.039768867208015646,0.06088493144617657,-0.0034973869277670744
2005-12-06,861412,131832,161359,540058,496329,067651,"CRUDE OIL, LIGHT SWEET - NEW YORK MERCANTILE EXCHANGE ",59.93999862670898,-0.0507643264779223,43729,-2.577340527726932,-29527,1.7021368113670146,0.020813653586932296,0.04858948603470093,0.06088493144617657,0.02385719616180615,-0.00365002019783235
2005-12-13,869209,132646,162587,540179,497197,067651,"CRUDE OIL, LIGHT SWEET - NEW YORK MERCANTILE EXCHANGE ",61.369998931884766,-0.04944955701102957,42982,-0.08671808611906962,-29941,-0.048060626041894004,0.0009533669566290332,0.006916570979531421,0.02385719616180615,-0.05523870700097344,-0.003907540957550187
2005-12-20,813180,120418,137409,524385,494288,067651,"CRUDE OIL, LIGHT SWEET - NEW YORK MERCANTILE EXCHANGE ",57.97999954223633,-0.03701148577190782,30097,-1.4823822578919454,-16991,1.4898603212806127,0.018360160718896054,0.14508177964293886,-0.05523870700097344,0.003104524087563343,-0.0042300605312237645
2005-12-27,818841,120638,144892,534297,488984,067651,"CRUDE OIL, LIGHT SWEET - NEW YORK MERCANTILE EXCHANGE ",58.15999984741211,-0.055337971596439356,45313,1.8711724341474212,-24254,-0.8931601859366929,0.014869815817942481,0.02900990471886416,0.003104524087563343,0.08562585205126894,-0.004890600011465144
2006-01-03,849868,131842,146245,532650,503932,067651,"CRUDE OIL, LIGHT SWEET - NEW YORK MERCANTILE EXCHANGE ",63.13999938964844,-0.03379112991664588,28718,-2.026644977474259,-14403,1.203041860385594,0.016009346100935573,0.045154933527996634,0.08562585205126894,0.0036426915498835033,-0.005157570694301
2006-01-10,892949,145309,146031,535003,531922,067651,"CRUDE OIL, LIGHT SWEET - NEW YORK MERCANTILE EXCHANGE ",63.369998931884766,-0.003450365026446079,3081,-3.016586105136327,-722,1.6097794010363962,0.028439674766267544,0.046958879659504356,0.0036426915498835033,0.04639417194671469,-0.004950507824092957
2006-01-17,909573,148056,149732,550045,547558,067651,"CRUDE OIL, LIGHT SWEET - NEW YORK MERCANTILE EXCHANGE ",66.30999755859375,-0.0027342500272105703,2487,-0.06652115630343951,-1676,-0.10683700860855436,0.027949996492356525,0.021652988031754136,0.04639417194671469,0.011310511651539068,-0.004891982237327245
2006-01-24,908242,151138,145597,548218,554903,067651,"CRUDE OIL, LIGHT SWEET - NEW YORK MERCANTILE EXCHANGE ",67.05999755859375,0.007360373116416109,-6685,-1.008385253300175,5541,0.7934492338712782,0.00831459105574094,0.02432136418016075,0.011310511651539068,0.012824345983611707,-0.005253880893226658
2006-01-31,951012,157003,137033,577385,602159,067651,"CRUDE OIL, LIGHT SWEET - NEW YORK MERCANTILE EXCHANGE ",67.91999816894531,0.026050144477672205,-24774,-1.9916498025856544,19970,1.5886735033173975,0.06479029184159302,0.049072222448951826,0.012824345983611707,-0.0711130469165091,-0.005154218427737846
2006-02-07,941180,137673,138212,581157,586702,067651,"CRUDE OIL, LIGHT SWEET - NEW YORK MERCANTILE EXCHANGE ",63.09000015258789,0.005891540406723475,-5545,2.021951352874622,-539,-2.1565448175207043,0.016465172593609332,0.07433894557514907,-0.0711130469165091,-0.05579331826359624,-0.0052715327829124786
2006-02-14,926564,129197,147698,580179,566940,067651,"CRUDE OIL, LIGHT SWEET - NEW YORK MERCANTILE EXCHANGE ",59.56999969482422,-0.014288273664852077,13239,1.9957925157780658,-18501,-1.9084553432924627,0.018080077132363773,0.06486935480958486,-0.05579331826359624,0.02568404880199804,-0.005868462748625432
2006-02-21,889301,112024,142152,582703,549345,067651,"CRUDE OIL, LIGHT SWEET - NEW YORK MERCANTILE EXCHANGE ",61.09999847412109,-0.03751035925968823,33358,2.1713556753769843,-30128,-1.2548512569018437,0.017772214605741098,0.08938294724915019,0.02568404880199804,0.005073672357329473,-0.007597781395294375
2006-02-28,941616,120612,146263,609660,574726,067651,"CRUDE OIL, LIGHT SWEET - NEW YORK MERCANTILE EXCHANGE ",61.40999984741211,-0.037100049276987644,34934,0.17721783738014463,-25651,0.503429097684586,0.04418998535950273,0.04758407494145199,0.005073672357329473,0.002768311090457498,-0.00956523912764459
2006-03-07,966478,125295,144421,629460,604761,067651,"CRUDE OIL, LIGHT SWEET - NEW YORK MERCANTILE EXCHANGE ",61.58000183105469,-0.025555677418420283,24699,-1.0869611391480178,-19126,0.6929576387826885,0.040377695728722816,0.024192113185721276,0.002768311090457498,0.024683283499024933,-0.011716373371302585
2006-03-14,980280,130086,145344,626316,607141,067651,"CRUDE OIL, LIGHT SWEET - NEW YORK MERCANTILE EXCHANGE ",63.09999847412109,-0.019560737748398418,19175,-0.5715598285734388,-15258,0.4002160421654709,0.004478469861535506,0.02074574302000508,0.024683283499024933,-0.040095068787275534,-0.013316527755113907
2006-03-21,928551,128840,135177,591054,568164,067651,"CRUDE OIL, LIGHT SWEET - NEW YORK MERCANTILE EXCHANGE ",60.56999969482422,-0.024651311559623544,22890,0.37897335455176073,-6337,0.910046109274901,0.06404231128226097,0.043228276967013486,-0.040095068787275534,0.09080402885440297,-0.014918409517708833
2006-03-28,936136,135158,127940,575511,572701,067651,"CRUDE OIL, LIGHT SWEET - NEW YORK MERCANTILE EXCHANGE ",66.06999969482422,-0.0030017006076040235,2810,-2.162509113662039,7218,1.4598013463988515,0.01748805969629302,0.05152072611726429,0.09080402885440297,0.0024217294210446827,-0.01620414717569903
2006-04-04,967908,149602,119577,571827,583515,067651,"CRUDE OIL, LIGHT SWEET - NEW YORK MERCANTILE EXCHANGE ",66.2300033569336,0.012075527839422754,-11688,-1.5487065981865884,30025,2.4362913081005324,0.012548665243711387,0.0847280062709201,0.0024217294210446827,0.04152196679168818,-0.01771124504094373
2006-04-11,987579,157568,129319,575785,598821,067651,"CRUDE OIL, LIGHT SWEET - NEW YORK MERCANTILE EXCHANGE ",68.9800033569336,0.02332572887839859,-23036,-1.1724254784545638,28249,-0.1834885133711055,0.0164003929828385,0.06172465116927571,0.04152196679168818,0.034357712407233176,-0.018525472804419185
2006-04-18,1002719,183102,116353,557424,616604,067651,"CRUDE OIL, LIGHT SWEET - NEW YORK MERCANTILE EXCHANGE ",71.3499984741211,0.05901952590905329,-59180,-3.6598591100053772,66749,3.898422303430915,0.030786318554583025,0.1285668965286938,0.034357712407233176,0.02144357129666674,-0.017914652326168075
2006-04-25,1017674,198211,124188,547166,613121,067651,"CRUDE OIL, LIGHT SWEET - NEW YORK MERCANTILE EXCHANGE ",72.87999725341797,0.0648095559088667,-65955,-0.6756628726492666,74023,0.7254275624576776,0.011842759593100672,0.07116647384142011,0.02144357129666674,0.023737697888736697,-0.016949408310179118
2006-05-02,1091791,216298,122204,566318,654404,067651,"CRUDE OIL, LIGHT SWEET - NEW YORK MERCANTILE EXCHANGE ",74.61000061035156,0.08068027671962857,-88086,-2.174664971297292,94094,1.9722425845604783,0.0495075864938946,0.059293593538590615,0.023737697888736697,-0.05253984904004205,-0.015185109853598344
2006-05-09,1090810,200949,114607,572734,655010,067651,"CRUDE OIL, LIGHT SWEET - NEW YORK MERCANTILE EXCHANGE ",70.69000244140625,0.07542651790871004,-82276,0.5321531318723088,86342,-0.7100260031452906,0.0057194333672166186,0.07271609476606371,-0.05253984904004205,-0.016409727288818288,-0.013367588654651217
2006-05-16,1068817,199020,120813,549687,623409,067651,"CRUDE OIL, LIGHT SWEET - NEW YORK MERCANTILE EXCHANGE ",69.52999877929688,0.06897532505564563,-73722,0.7841878970673168,78207,-0.745776074660115,0.046584422758239735,0.025435148968367866,-0.016409727288818288,0.03207253553983369,-0.011537102936440256
2006-05-23,995266,171787,117187,541891,585459,067651,"CRUDE OIL, LIGHT SWEET - NEW YORK MERCANTILE EXCHANGE ",71.76000213623047,0.04377523194804203,-43568,2.821250036255037,54600,-2.208703641502708,0.040578347451989176,0.10678815395156657,0.03207253553983369,0.003762494914002934,-0.009968625770323671
2006-05-30,1018291,175621,127164,556137,599026,067651,"CRUDE OIL, LIGHT SWEET - NEW YORK MERCANTILE EXCHANGE ",72.02999877929688,0.04211860853135302,-42889,0.06822296752827887,48457,-0.6172219286100399,0.024077121583707235,0.045613223904750894,0.003762494914002934,0.0065250760609232294,-0.008198776053409422
2006-06-06,1044132,179813,135933,575586,612987,067651,"CRUDE OIL, LIGHT SWEET - NEW YORK MERCANTILE EXCHANGE ",72.5,0.03582018365494018,-37401,0.5389422080721523,43880,-0.44947858716221595,0.028109337836211997,0.04104881772057287,0.0065250760609232294,-0.05434486126077587,-0.007232931192548725
2006-06-13,1044276,173067,135515,597343,621997,067651,"CRUDE OIL, LIGHT SWEET - NEW YORK MERCANTILE EXCHANGE ",68.55999755859375,0.023608701147972377,-24654,1.2208226546068888,37552,-0.6060536407274176,0.02523250282939951,0.023215871308112594,-0.05434486126077587,0.00554266184866381,-0.006605753393629576
2006-06-20,968619,161715,134969,563221,576325,067651,"CRUDE OIL, LIGHT SWEET - NEW YORK MERCANTILE EXCHANGE ",68.94000244140625,0.01352853908502724,-13104,1.1060294404927433,26746,-1.0347839077025613,0.07002262304461601,0.04010327486483936,0.00554266184866381,0.043225930113243605,-0.006448918909959379
2006-06-27,991500,171371,134557,559567,583683,067651,"CRUDE OIL, LIGHT SWEET - NEW YORK MERCANTILE EXCHANGE ",71.91999816894531,0.02432274331820474,-24116,-1.1368763156617823,36814,1.0394179754888144,0.009632188935053576,0.032909704244135876,0.043225930113243605,0.031145794635619062,-0.006140627545105254
2006-07-11,1061431,193203,135437,578453,625400,067651,"CRUDE OIL, LIGHT SWEET - NEW YORK MERCANTILE EXCHANGE ",74.16000366210938,0.04422991225995849,-46947,-2.302672718103883,57766,2.1131618759455373,0.05034086387623738,0.06910905550146057,0.031145794635619062,-0.008360338672674716,-0.005708086829811962
2006-07-18,1086762,191819,135050,596480,652937,067651,"CRUDE OIL, LIGHT SWEET - NEW YORK MERCANTILE EXCHANGE ",73.54000091552734,0.05194973692492008,-56457,-0.8959602649630546,56769,-0.0939297985455484,0.03646820877257153,0.005418072683552127,-0.008360338672674716,0.0028555763102842135,-0.005305089408487339
2006-07-25,1051351,185092,124807,570447,624736,067651,"CRUDE OIL, LIGHT SWEET - NEW YORK MERCANTILE EXCHANGE ",73.75,0.051637369441794416,-54289,0.1994917010348172,60285,0.32352989891070905,0.04537715144877395,0.05475977657236713,0.0028555763102842135,0.0157288632150423,-0.004597800254893096
2006-08-01,1109838,189224,123129,610969,674562,067651,"CRUDE OIL, LIGHT SWEET - NEW YORK MERCANTILE EXCHANGE ",74.91000366210938,0.05729935359935414,-63593,-0.8849565939443631,66095,0.5526222926501235,0.07028068556884276,0.018600749792702487,0.0157288632150423,0.01868901118733368,-0.0035425655352065116
2006-08-08,1164949,197612,127082,647964,716391,067651,"CRUDE OIL, LIGHT SWEET - NEW YORK MERCANTILE EXCHANGE ",76.30999755859375,0.058738193689165795,-68427,-0.4355590635750443,70530,0.39960787069824605,0.05777381986359855,0.0380080937744461,0.01868901118733368,-0.04272041162539397,-0.0028221696700312243
2006-08-15,1209950,196301,112507,690208,765049,067651,"CRUDE OIL, LIGHT SWEET - NEW YORK MERCANTILE EXCHANGE ",73.05000305175781,0.06185462209182198,-74841,-0.5505820426473605,83794,1.1385906164132507,0.06246456811408569,0.05144296779876169,-0.04272041162539397,-0.00574956578772845,-0.0021611428157543647
2006-08-22,1122955,183323,114408,640982,704973,067651,"CRUDE OIL, LIGHT SWEET - NEW YORK MERCANTILE EXCHANGE ",72.62999725341797,0.05698447399940336,-63991,0.8967312698871854,68915,-1.2297202363734039,0.08120776697586472,0.04997464153883875,-0.00574956578772845,-0.040203748855406896,-0.0015815525028987137
2006-08-29,1149670,179681,118820,676822,726335,067651,"CRUDE OIL, LIGHT SWEET - NEW YORK MERCANTILE EXCHANGE ",69.70999908447266,0.04306714100567989,-49513,1.2892769523266738,60861,-0.7172148483242873,0.040766642649397035,0.02698148414913183,-0.040203748855406896,-0.015923118991961194,-0.0009326643335317182
2006-09-05,1170266,179017,131700,700190,735683,067651,"CRUDE OIL, LIGHT SWEET - NEW YORK MERCANTILE EXCHANGE ",68.5999984741211,0.030329002124303363,-35493,1.2194803726286674,47317,-1.1780771873668097,0.022784744890390726,0.04358950427559483,-0.015923118991961194,-0.07055393965371226,-0.00044573406962836377
2006-09-12,1213940,177047,140027,730801,752627,067651,"CRUDE OIL, LIGHT SWEET - NEW YORK MERCANTILE EXCHANGE ",63.7599983215332,0.017979471802560258,-21826,1.1678541459804865,37020,-0.8798854277574499,0.0320575046446474,0.032475068911358235,-0.07055393965371226,-0.03293598697307176,-0.00043331461468071975
2006-09-19,1177409,161535,139037,717492,719409,067651,"CRUDE OIL, LIGHT SWEET - NEW YORK MERCANTILE EXCHANGE ",61.65999984741211,0.0016281513051114777,-1917,1.6400316325353808,22498,-1.196269996869697,0.032380101343098794,0.05490198687835194,-0.03293598697307176,-0.010541704954386,-0.0002293153636397927
2006-09-26,1148838,166460,152775,693367,690611,067651,"CRUDE OIL, LIGHT SWEET - NEW YORK MERCANTILE EXCHANGE ",61.0099983215332,-0.0023989457173248098,2756,0.3968884219502314,13685,-0.7485079526315834,0.03823976970732194,0.058461634845803245,-0.010541704954386,-0.03819042911750192,0.00019569568848631236
2006-10-03,1173630,159235,159104,711235,697748,067651,"CRUDE OIL, LIGHT SWEET - NEW YORK MERCANTILE EXCHANGE ",58.68000030517578,-0.011491696701686222,13487,0.9340742559003097,131,-1.1798008074245456,0.01774684293564933,0.04257725255152526,-0.03819042911750192,-0.002726650418882093,0.0008529720310839449
2006-10-10,1193421,159359,159058,720323,702636,067651,"CRUDE OIL, LIGHT SWEET - NEW YORK MERCANTILE EXCHANGE ",58.52000045776367,-0.014820419617218064,17687,0.35786406277958127,301,0.01448497396964972,0.009821786854013363,0.000533891092498202,-0.002726650418882093,0.007006149080740709,0.0014329582437406648
2006-10-17,1186170,152971,155667,726932,709889,067651,"CRUDE OIL, LIGHT SWEET - NEW YORK MERCANTILE EXCHANGE ",58.93000030517578,-0.014368092263334934,17043,-0.053962516161522214,-2696,-0.25112680269577964,0.009647687498999528,0.03168436809466106,0.007006149080740709,0.007127068840493855,0.00250941699408131
2006-10-24,1133789,159629,164654,694661,677504,067651,"CRUDE OIL, LIGHT SWEET - NEW YORK MERCANTILE EXCHANGE ",59.34999847412109,-0.015132445278618862,17157,0.009610764055742432,-5025,-0.19634622355986076,0.047119697703993324,0.04824489720398541,0.007127068840493855,-0.01044648606276044,0.003264124923901911
2006-10-31,1158612,162794,174105,693010,674656,067651,"CRUDE OIL, LIGHT SWEET - NEW YORK MERCANTILE EXCHANGE ",58.72999954223633,-0.015841368810266078,18354,0.10557519961827111,-11311,-0.5544241477029677,0.00328954583940816,0.037447424895888676,-0.01044648606276044,0.003405427626397728,0.004327054877953
2006-11-07,1160833,171129,175923,698770,685537,067651,"CRUDE OIL, LIGHT SWEET - NEW YORK MERCANTILE EXCHANGE ",58.93000030517578,-0.011399572548333826,13233,-0.4419943863864693,-4794,0.5624833852920563,0.012021177383340544,0.029254981962357225,0.003405427626397728,-0.011030061471454133,0.005508640971615795
2006-11-14,1220474,165257,147904,742030,741315,067651,"CRUDE OIL, LIGHT SWEET - NEW YORK MERCANTILE EXCHANGE ",58.27999877929688,-0.0005858379613166688,715,-1.078363554447539,17353,1.907854101322068,0.06676666588015599,0.10822228821596559,-0.011030061471454133,0.03242964017219285,0.007011656409823879
2006-11-21,1152869,164956,152519,690924,701626,067651,"CRUDE OIL, LIGHT SWEET - NEW YORK MERCANTILE EXCHANGE ",60.16999816894531,0.009282928069017381,-10702,-0.935456224384952,12437,-0.40279432417241173,0.06520053139923163,0.015484683833372707,0.03242964017219285,0.013628112588919716,0.008798015984545809
2006-11-28,1172455,169872,158058,700084,702698,067651,"CRUDE OIL, LIGHT SWEET - NEW YORK MERCANTILE EXCHANGE ",60.9900016784668,0.002229509874579408,-2614,0.7015541228014631,11814,-0.0540390972434856,0.0072940770554512395,0.03188180404354588,0.013628112588919716,0.023610404772580917,0.010302523888657992
2006-12-05,1218680,167778,148767,719307,717578,067651,"CRUDE OIL, LIGHT SWEET - NEW YORK MERCANTILE EXCHANGE ",62.43000030517578,-0.0014187481537401123,1729,0.37041933379106234,19011,0.6138401900286152,0.023733980102791805,0.03596645026773444,0.023610404772580917,-0.022585292976447624,0.011775655147667914
2006-12-12,1222508,167097,154639,729439,736196,067651,"CRUDE OIL, LIGHT SWEET - NEW YORK MERCANTILE EXCHANGE ",61.02000045776367,0.005527162194439627,-6757,-0.6963271736633079,12458,-0.5377129353070536,0.01961607084983642,0.020367630603973445,-0.022585292976447624,0.03490660524641531,0.012858183775982567
2006-12-19,1161945,157670,138823,713041,714703,067651,"CRUDE OIL, LIGHT SWEET - NEW YORK MERCANTILE EXCHANGE ",63.150001525878906,0.0014303603010469514,-1662,0.41676618885111594,18847,0.5226141669420569,0.026539071430172357,0.08513860360952873,0.03490660524641531,-0.032462438673381944,0.01383664372429173
2006-12-26,1179893,160309,140461,724075,727830,067651,"CRUDE OIL, LIGHT SWEET - NEW YORK MERCANTILE EXCHANGE ",61.09999847412109,0.00318249197172964,-3755,-0.18012900782739286,19848,0.08614865591744876,0.01664089592638637,0.014220168234863849,-0.032462438673381944,-0.08936168937524991,0.014609604834746298
2007-01-09,1280292,164334,186692,787948,763322,067651,"CRUDE OIL, LIGHT SWEET - NEW YORK MERCANTILE EXCHANGE ",55.63999938964844,-0.01923467458985919,24626,2.4053876071813294,-22358,-3.577104025534519,0.06405396868372366,0.1431688820771111,-0.08936168937524991,-0.07961898550990931,0.015303899007949763
2007-01-16,1317380,176223,178255,799360,797050,067651,"CRUDE OIL, LIGHT SWEET - NEW YORK MERCANTILE EXCHANGE ",51.209999084472656,-0.0017534803929010613,2310,-1.7430398690298776,-2032,1.5876065772495649,0.028275944149685858,0.057340653016548275,-0.07961898550990931,0.07479011715538153,0.015920007652637163
2007-01-23,1269598,171292,179791,783782,774631,067651,"CRUDE OIL, LIGHT SWEET - NEW YORK MERCANTILE EXCHANGE ",55.040000915527344,-0.007207793333007771,9151,0.5192882843219118,-8499,-0.49089860177018024,0.024381855130828606,0.01842014566356104,0.07479011715538153,0.03506541193808932,0.015847749415972515
2007-01-30,1306996,166578,180920,818277,798053,067651,"CRUDE OIL, LIGHT SWEET - NEW YORK MERCANTILE EXCHANGE ",56.970001220703125,-0.01547365102877132,20224,0.8721658351698726,-14342,-0.4602244174927812,0.03583241046073512,0.016814485263224536,0.03506541193808932,0.03352641401590861,0.015602760935173269
2007-02-06,1298456,152746,174070,822984,784268,067651,"CRUDE OIL, LIGHT SWEET - NEW YORK MERCANTILE EXCHANGE ",58.880001068115234,-0.029816951825860867,38716,1.414847482318232,-21324,-0.534202093962032,0.011505351992095826,0.06328331538235582,0.03352641401590861,0.003057070344947066,0.01488781237859102
2007-02-13,1322794,172152,179365,846255,824808,067651,"CRUDE OIL, LIGHT SWEET - NEW YORK MERCANTILE EXCHANGE ",59.060001373291016,-0.016213408890575553,21447,-1.3299642036387833,-7213,1.0867522657679582,0.03818587330340029,0.07026971668511053,0.003057070344947066,-0.016762642320467536,0.014075051736893949
2007-02-20,1227487,168334,160472,791297,783167,067651,"CRUDE OIL, LIGHT SWEET - NEW YORK MERCANTILE EXCHANGE ",58.06999969482422,-0.006623288067409268,8130,-1.0067327187755615,7862,1.1396332308734392,0.061353578106581035,0.06907112400625293,-0.016762642320467536,0.05837780966874351,0.013834381958545243
2007-02-27,1269208,178043,152004,809294,819492,067651,"CRUDE OIL, LIGHT SWEET - NEW YORK MERCANTILE EXCHANGE ",61.459999084472656,0.008034932020598672,-10198,-1.4931319028225962,26039,1.4808303468794375,0.03335121986559315,0.055073974312749394,0.05837780966874351,-0.012528481438884631,0.01426367437557314
2007-03-06,1275194,172082,135759,813652,833204,067651,"CRUDE OIL, LIGHT SWEET - NEW YORK MERCANTILE EXCHANGE ",60.68999862670898,0.015332569005186663,-19552,-0.7369950394261618,36323,0.8102690811907898,0.010972422604040669,0.07213464093476828,-0.012528481438884631,-0.04547698770779918,0.015279884534513042
2007-03-13,1322242,172387,135273,841942,863258,067651,"CRUDE OIL, LIGHT SWEET - NEW YORK MERCANTILE EXCHANGE ",57.93000030517578,0.016121103398621432,-21316,-0.1383318930296096,37114,0.06202977742994399,0.034215341308937365,0.002571019957095495,-0.04547698770779918,-0.020714668679748582,0.016303368239813217
2007-03-20,1312508,170982,126616,851705,883689,067651,"CRUDE OIL, LIGHT SWEET - NEW YORK MERCANTILE EXCHANGE ",56.72999954223633,0.02436861337226135,-31984,-0.8068114611394889,44366,0.5484623843441669,0.01739893073273274,0.03381071109348853,-0.020714668679748582,0.10928963181682128,0.017263450755018634
2007-03-27,1330479,179645,139466,857149,884128,067651,"CRUDE OIL, LIGHT SWEET - NEW YORK MERCANTILE EXCHANGE ",62.93000030517578,0.020277659399359178,-26979,0.3813310090300402,40179,-0.3190075793823733,0.003378554934108703,0.06741541344547822,0.10928963181682128,0.027173034739871316,0.018029573777090895
2007-04-03,1358053,196329,129654,865686,922271,067651,"CRUDE OIL, LIGHT SWEET - NEW YORK MERCANTILE EXCHANGE ",64.63999938964844,0.04166626781134462,-56585,-2.2252136260700093,66675,1.991463224898702,0.026108010427543838,0.08128031216351773,0.027173034739871316,-0.042543317233390776,0.019304911841917204
2007-04-10,1326403,202367,127183,805157,877168,067651,"CRUDE OIL, LIGHT SWEET - NEW YORK MERCANTILE EXCHANGE ",61.88999938964844,0.05429043812476299,-72011,-1.1358908672931027,75184,0.6265587572797233,0.0627892945774449,0.02582005765437718,-0.042543317233390776,0.01955080136379883,0.02040668374061657
2007-04-17,1309533,206586,125771,787440,863540,067651,"CRUDE OIL, LIGHT SWEET - NEW YORK MERCANTILE EXCHANGE ",63.09999847412109,0.058112319429903636,-76100,-0.30827734858862654,80815,0.42453160917157157,0.01898569334577039,0.01694262494847408,0.01955080136379883,0.02345488736486412,0.021292006655818128
2007-04-24,1316177,199503,135674,802849,863657,067651,"CRUDE OIL, LIGHT SWEET - NEW YORK MERCANTILE EXCHANGE ",64.58000183105469,0.04620047303668123,-60808,1.1677445318292856,63829,-1.2971036239636573,0.009316498110417844,0.05067770163227191,0.02345488736486412,-0.0027872452782933266,0.021731905581938944
2007-05-01,1341807,195239,129116,830557,890444,067651,"CRUDE OIL, LIGHT SWEET - NEW YORK MERCANTILE EXCHANGE ",64.4000015258789,0.044631604992372224,-59887,0.06997539084788748,66123,0.17429266732361984,0.03166471140923219,0.03336467759091119,-0.0027872452782933266,-0.03322986263417638,0.021455214795079693
2007-05-08,1384509,188498,132500,878277,928131,067651,"CRUDE OIL, LIGHT SWEET - NEW YORK MERCANTILE EXCHANGE ",62.2599983215332,0.03600843331462634,-49854,0.7477230331932984,55998,-0.7545794588938648,0.04728001647468346,0.03154225259970467,-0.03322986263417638,0.01461612386676503,0.020901347052882765
2007-05-15,1448897,192274,147702,922957,937291,067651,"CRUDE OIL, LIGHT SWEET - NEW YORK MERCANTILE EXCHANGE ",63.16999816894531,0.009893042776677708,-14334,2.565530451589697,44572,-0.825274519703375,0.028942377575463057,0.05582158740616985,0.01461612386676503,0.028494587682966088,0.019540054092441403
2007-05-22,1350183,175892,122431,854885,899264,067651,"CRUDE OIL, LIGHT SWEET - NEW YORK MERCANTILE EXCHANGE ",64.97000122070312,0.03286887777434615,-44379,-2.073646366856995,53461,0.6135011667496033,0.06048459965487538,0.13962383054608596,0.028494587682966088,-0.028012923820667335,0.01872163793601133
2007-05-29,1388590,180467,145223,878166,910866,067651,"CRUDE OIL, LIGHT SWEET - NEW YORK MERCANTILE EXCHANGE ",63.150001525878906,0.023549067759381818,-32700,0.8649938563883562,35244,-1.3492245125290423,0.01949825380429193,0.0840277564555252,-0.028012923820667335,0.03895485391975084,0.017848056064929334
2007-06-05,1423761,180566,125651,897214,947336,067651,"CRUDE OIL, LIGHT SWEET - NEW YORK MERCANTILE EXCHANGE ",65.61000061035156,0.03520394223468686,-50122,-1.2546540015411316,54915,1.4166168559473997,0.030098397983247947,0.06423875878870212,0.03895485391975084,-0.003962843069832966,0.017683223570441733
2007-06-12,1432636,184720,120249,894844,942743,067651,"CRUDE OIL, LIGHT SWEET - NEW YORK MERCANTILE EXCHANGE ",65.3499984741211,0.033434173090722275,-47899,0.15613575593094625,64471,0.6711800646316342,0.0037892083476863954,0.03133433234197574,-0.003962843069832966,0.05738332192134665,0.01751621519658345
2007-06-19,1422817,200772,133351,885045,951249,067651,"CRUDE OIL, LIGHT SWEET - NEW YORK MERCANTILE EXCHANGE ",69.0999984741211,0.04653022841307069,-66204,-1.2777146462883804,67421,0.20591413310847975,0.009968447318348804,0.087255292212748,0.05738332192134665,-0.019247494362142348,0.017722177595778266
2007-06-26,1436152,197493,130329,876792,949216,067651,"CRUDE OIL, LIGHT SWEET - NEW YORK MERCANTILE EXCHANGE ",67.7699966430664,0.05042920247996034,-72424,-0.4371609279338102,67164,-0.01806275859790823,0.00563305308629535,0.019220796651841548,-0.019247494362142348,0.05371118783160478,0.018237956467547264
2007-07-03,1499897,228644,131271,902584,997112,067651,"CRUDE OIL, LIGHT SWEET - NEW YORK MERCANTILE EXCHANGE ",71.41000366210938,0.06302299424560487,-94528,-1.5391128515644583,97373,2.103468156573956,0.03878936419300772,0.08916827584290735,0.05371118783160478,0.019605010848462223,0.01918977291294299
2007-07-10,1546372,250071,136758,917338,1030407,067651,"CRUDE OIL, LIGHT SWEET - NEW YORK MERCANTILE EXCHANGE ",72.80999755859375,0.07311888730525384,-113069,-1.2361515490730364,113313,1.06273964145538,0.02466904035179143,0.06957596250539644,0.019605010848462223,0.01661858432969887,0.020128160297309315
2007-07-17,1549425,248968,137421,906067,1012454,067651,"CRUDE OIL, LIGHT SWEET - NEW YORK MERCANTILE EXCHANGE ",74.0199966430664,0.06866224567178146,-106387,0.43210818612856416,111547,-0.11420279208366421,0.015232567170231652,0.004570523487987494,0.01661858432969887,-0.006214524524917664,0.020598012862921296
2007-07-24,1485746,255068,144162,876777,990712,067651,"CRUDE OIL, LIGHT SWEET - NEW YORK MERCANTILE EXCHANGE ",73.55999755859375,0.07668538229280106,-113935,-0.4871484582990464,110906,-0.041370185714055215,0.027326533114786753,0.0321644165017659,-0.006214524524917664,0.06321372594085495,0.021073698350765165
2007-07-31,1521237,266519,136904,895645,1017457,067651,"CRUDE OIL, LIGHT SWEET - NEW YORK MERCANTILE EXCHANGE ",78.20999908447266,0.0800743079480712,-121812,-0.5301713751879527,129615,1.2592327356089128,0.023842429729308737,0.04637564045679101,0.06321372594085495,-0.0740314663509164,0.02162056255280895
2007-08-07,1504817,233568,124646,893870,1014069,067651,"CRUDE OIL, LIGHT SWEET - NEW YORK MERCANTILE EXCHANGE ",72.41999816894531,0.07987615769890957,-120199,0.10603213043069554,108922,-1.3602745660275157,0.002706061357307545,0.126206680922577,-0.0740314663509164,-0.0005523462653785893,0.022054731862415782
2007-08-14,1516963,220585,154478,789913,860484,067651,"CRUDE OIL, LIGHT SWEET - NEW YORK MERCANTILE EXCHANGE ",72.37999725341797,0.04652124013571854,-70571,3.297942540521538,66107,-2.8451964591043297,0.15604851438775033,0.11415415543522021,-0.0005523462653785893,-0.04020442308841654,0.02181979044792641
2007-08-21,1422175,206977,184170,779594,804306,067651,"CRUDE OIL, LIGHT SWEET - NEW YORK MERCANTILE EXCHANGE ",69.47000122070312,0.01737620194420518,-24712,3.0230796664124306,22807,-2.85438735157021,0.04198307973988257,0.11070006928341519,-0.04020442308841654,0.03253205839237783,0.020964436214318396
2007-08-28,1432723,202843,195413,782357,789516,067651,"CRUDE OIL, LIGHT SWEET - NEW YORK MERCANTILE EXCHANGE ",71.7300033569336,0.004996778860952187,-7159,1.2342362930019162,7430,-1.081231212755111,0.01116693269748892,0.03861084327668635,0.03253205839237783,0.046702890245958306,0.019964672846271257
2007-09-04,1489231,221536,188679,796540,812988,067651,"CRUDE OIL, LIGHT SWEET - NEW YORK MERCANTILE EXCHANGE ",75.08000183105469,0.011044626387712853,-16448,-0.6483458421481334,32857,1.7747324500269765,0.023395057432986564,0.061984569067440244,0.046702890245958306,0.041955267035915345,0.019348855257464197
2007-09-11,1544715,231243,204634,804758,822797,067651,"CRUDE OIL, LIGHT SWEET - NEW YORK MERCANTILE EXCHANGE ",78.2300033569336,0.011677882327808042,-18039,-0.10683366113114755,26609,-0.4195453895332557,0.01107612338753529,0.05887440722956247,0.041955267035915345,0.04192763183623427,0.018990179876762367
2007-09-18,1488381,238336,199267,777413,806861,067651,"CRUDE OIL, LIGHT SWEET - NEW YORK MERCANTILE EXCHANGE ",81.51000213623047,0.01978525659760505,-29448,-0.7385828453792447,39069,0.8066212861272144,0.027319137977395325,0.02847329657246408,0.04192763183623427,-0.024291538523386946,0.019024906507436306
2007-09-25,1409620,243458,215377,716674,746503,067651,"CRUDE OIL, LIGHT SWEET - NEW YORK MERCANTILE EXCHANGE ",79.52999877929688,0.021161022119436445,-29829,-0.02559828431026733,28081,-0.7382518320241926,0.08276305600757804,0.046273714951997995,-0.024291538523386946,0.006538466999150838,0.019400538638481016
2007-10-02,1426044,239250,197788,719520,764046,067651,"CRUDE OIL, LIGHT SWEET - NEW YORK MERCANTILE EXCHANGE ",80.05000305175781,0.031223440510951977,-44526,-1.0426214157006852,41462,0.9492629219222202,0.013743237577566484,0.049874381632718436,0.006538466999150838,0.0026233488627962487,0.0200471229890248
2007-10-09,1440924,247233,193863,722288,772262,067651,"CRUDE OIL, LIGHT SWEET - NEW YORK MERCANTILE EXCHANGE ",80.26000213623047,0.03468191243951797,-49974,-0.3820358979105834,53370,0.8350373480762164,0.007349369375397277,0.02699639080835011,0.0026233488627962487,0.09157735208685236,0.020935077010971033
2007-10-16,1489293,251001,182401,756424,814867,067651,"CRUDE OIL, LIGHT SWEET - NEW YORK MERCANTILE EXCHANGE ",87.61000061035156,0.03924211018248256,-58443,-0.5877478617886855,68600,1.0569606724573954,0.04883945749068759,0.03514058541492656,0.09157735208685236,-0.026709324859982675,0.021974741045580667
2007-10-23,1408072,243931,201489,708107,750224,067651,"CRUDE OIL, LIGHT SWEET - NEW YORK MERCANTILE EXCHANGE ",85.2699966430664,0.02991111249992898,-42117,1.0962248530007193,42442,-1.7564038775445798,0.07745840964774114,0.05872659512370347,-0.026709324859982675,0.05992729930249219,0.022826264214104972
2007-10-30,1448114,246342,180630,727223,787214,067651,"CRUDE OIL, LIGHT SWEET - NEW YORK MERCANTILE EXCHANGE ",90.37999725341795,0.04142698710184419,-59991,-1.2693953150123005,65712,1.6526143549477585,0.037047430827429596,0.054500060893922786,0.05992729930249219,0.06992697374291224,0.023913945606036952
2007-11-06,1513362,251944,163343,765466,832439,067651,"CRUDE OIL, LIGHT SWEET - NEW YORK MERCANTILE EXCHANGE ",96.6999969482422,0.04425444804349521,-66973,-0.4821443615626947,88601,1.5806076040974675,0.0522358963768184,0.05511610043174961,0.06992697374291224,-0.05718716601673479,0.025069634391686208
2007-11-13,1445162,225232,214410,774613,781005,067651,"CRUDE OIL, LIGHT SWEET - NEW YORK MERCANTILE EXCHANGE ",91.16999816894533,0.004423033542260314,-6392,4.003073950581553,10822,-5.139484141930351,0.03894336527347974,0.17691439853335214,-0.05718716601673479,0.07524405778356402,0.025373915278043783
2007-11-20,1397984,236026,201460,746107,759417,067651,"CRUDE OIL, LIGHT SWEET - NEW YORK MERCANTILE EXCHANGE ",98.02999877929688,0.009520852885297686,-13310,-0.478700657780927,34566,1.6429991931700392,0.033273464919855146,0.05427373675957631,0.07524405778356402,-0.03682546827812416,0.02556827471740175
2007-11-27,1404428,230982,186421,748921,788382,067651,"CRUDE OIL, LIGHT SWEET - NEW YORK MERCANTILE EXCHANGE ",94.41999816894533,0.028097560003075985,-39461,-1.8706222674937625,44561,0.7149581111085678,0.020671916987087126,0.04811417263412098,-0.03682546827812416,-0.06460494166931041,0.025930094562287495
2007-12-04,1382526,215237,181083,737563,769928,067651,"CRUDE OIL, LIGHT SWEET - NEW YORK MERCANTILE EXCHANGE ",88.31999969482422,0.02341004798463103,-32365,0.5052590805651839,34154,-0.7410134232584369,0.019775905793135748,0.05319691158659669,-0.06460494166931041,0.0192481539188889,0.02633741260286541
2007-12-11,1380907,214193,176167,732035,761245,067651,"CRUDE OIL, LIGHT SWEET - NEW YORK MERCANTILE EXCHANGE ",90.0199966430664,0.02115276408910955,-29210,0.22820547317012482,38026,0.280067065646505,0.009516634522661523,0.01526795778255969,0.0192481539188889,0.0052210757412787245,0.026771480145997135
2007-12-18,1330250,213103,184050,714368,737563,067651,"CRUDE OIL, LIGHT SWEET - NEW YORK MERCANTILE EXCHANGE ",90.48999786376952,0.017436572072918623,-23195,0.4355832796850186,29053,-0.6497903189715165,0.028478626050411487,0.02259330786875587,0.0052210757412787245,0.06453756332359672,0.02700050725904481
2008-01-08,1413956,244299,147208,702120,804794,067651,"CRUDE OIL, LIGHT SWEET - NEW YORK MERCANTILE EXCHANGE ",96.33000183105467,0.07261470653966602,-102674,-5.974741589926706,97091,5.114677692163127,0.05274289043701233,0.1737848876265303,0.06453756332359672,-0.04598775273507394,0.028369436994402867
2008-01-15,1458072,232774,143916,735031,830952,067651,"CRUDE OIL, LIGHT SWEET - NEW YORK MERCANTILE EXCHANGE ",91.9000015258789,0.0657861888850482,-95921,0.4775961911120289,88858,-0.5822670578150947,0.03772007742101926,0.03933473147681117,-0.04598775273507394,-0.022306888114474455,0.029573354242735918
2008-01-22,1343167,200595,168208,708730,742425,067651,"CRUDE OIL, LIGHT SWEET - NEW YORK MERCANTILE EXCHANGE ",89.8499984741211,0.02508623276182336,-33695,4.267690484420522,32387,-3.8729911828771146,0.07912869404026449,0.1531196872042798,-0.022306888114474455,0.019922102904018413,0.03042567938411443
2008-01-29,1365807,211680,190335,727239,749814,067651,"CRUDE OIL, LIGHT SWEET - NEW YORK MERCANTILE EXCHANGE ",91.63999938964844,0.01652868963184403,-22575,0.8278940742290422,21345,-0.8220869035644861,0.01753356176115549,0.08261383281718344,0.019922102904018413,-0.03524657081025606,0.03077725957689799
2008-02-05,1368524,205649,184815,731825,750186,067651,"CRUDE OIL, LIGHT SWEET - NEW YORK MERCANTILE EXCHANGE ",88.41000366210938,0.01341664450166749,-18361,0.3085355397944219,20834,-0.03741377808138339,0.003345454251014331,0.029582752827405343,-0.03524657081025606,0.049428740370705215,0.031173883381410975
2008-02-12,1393035,217510,185936,717080,745614,067651,"CRUDE OIL, LIGHT SWEET - NEW YORK MERCANTILE EXCHANGE ",92.77999877929688,0.02048333315386907,-28534,-0.7433556152467914,31574,0.7847871137079071,0.013206453297818955,0.03217778835333601,0.049428740370705215,0.07792631442184206,0.03186536384646175
2008-02-19,1355135,232424,177226,704558,753061,067651,"CRUDE OIL, LIGHT SWEET - NEW YORK MERCANTILE EXCHANGE ",100.01000213623048,0.035792005962505584,-48503,-1.4334887493853348,55198,1.6958655023025266,0.013699739095058448,0.057668741608690344,0.07792631442184206,0.0086990810779346,0.0331270745731611
2008-02-26,1405922,257989,172319,709189,788987,067651,"CRUDE OIL, LIGHT SWEET - NEW YORK MERCANTILE EXCHANGE ",100.87999725341795,0.056758483045289854,-79798,-2.309364011703631,85670,2.2486320551089003,0.027070918236575675,0.07081439341123102,0.0086990810779346,-0.013481370414147875,0.034530380187312366
2008-03-04,1450956,261451,159390,717686,823043,067651,"CRUDE OIL, LIGHT SWEET - NEW YORK MERCANTILE EXCHANGE ",99.5199966430664,0.0726121260741194,-105357,-1.817952916306879,102061,1.1658541512260283,0.027618744113987598,0.03894820133969837,-0.013481370414147875,0.09274521370853206,0.03605413815157253
2008-03-11,1484417,260590,145445,740892,839961,067651,"CRUDE OIL, LIGHT SWEET - NEW YORK MERCANTILE EXCHANGE ",108.75,0.06673933268077636,-99069,0.43336944745395445,115145,0.901750294288731,0.02538123405528534,0.03646483677515485,0.09274521370853206,0.006160902702945448,0.03718306893349903
2008-03-18,1407359,248557,165435,726265,793243,067651,"CRUDE OIL, LIGHT SWEET - NEW YORK MERCANTILE EXCHANGE ",109.41999816894533,0.04759126846810231,-66978,2.1618588307732933,83122,-2.1572779077577255,0.04037162028761941,0.07735173626543508,0.006160902702945448,-0.07494056923288683,0.03780342853855509
2008-03-25,1362667,226381,181418,700979,744207,067651,"CRUDE OIL, LIGHT SWEET - NEW YORK MERCANTILE EXCHANGE ",101.22000122070312,0.03172308421646668,-43228,1.6875580431147987,44963,-2.7113906259881095,0.05142729032802698,0.09357305927675154,-0.07494056923288683,-0.002371051777071531,0.038103466631205965
2008-04-01,1381645,225434,187730,705007,735800,067651,"CRUDE OIL, LIGHT SWEET - NEW YORK MERCANTILE EXCHANGE ",100.9800033569336,0.022287201126193777,-30793,0.9125487004528618,37704,-0.5327053491425271,0.00863057994582203,0.017569294517431333,-0.002371051777071531,0.07447015639804944,0.03806343947262774
2008-04-08,1412326,238320,181152,702375,744416,067651,"CRUDE OIL, LIGHT SWEET - NEW YORK MERCANTILE EXCHANGE ",108.5,0.02976720672139435,-42041,-0.8141020305505394,57168,1.408755505212989,0.007774447034851613,0.04640119006751345,0.07447015639804944,0.048755768806703736,0.03824593076728226
2008-04-15,1441373,247474,183942,722404,767014,067651,"CRUDE OIL, LIGHT SWEET - NEW YORK MERCANTILE EXCHANGE ",113.79000091552734,0.03094965702840278,-44610,-0.18189851351600128,63532,0.450604180621188,0.028619903881918977,0.02768557494390565,0.048755768806703736,0.04903771672518964,0.03803984209837954
2008-04-22,1337055,249283,169430,664898,714650,067651,"CRUDE OIL, LIGHT SWEET - NEW YORK MERCANTILE EXCHANGE ",119.37000274658205,0.037210137204527864,-49752,-0.3567431886125243,79853,1.1323231391180493,0.07964202767863097,0.03897896649972654,0.04903771672518964,-0.031331200528695424,0.0377113747729904
2008-04-29,1365456,258388,188091,665205,719520,067651,"CRUDE OIL, LIGHT SWEET - NEW YORK MERCANTILE EXCHANGE ",115.62999725341795,0.03977792034309417,-54315,-0.34127242334832897,70297,-0.7147050794469936,0.003738648468107386,0.062188815151440494,-0.031331200528695424,0.05370577905370588,0.03735879017516714
2008-05-06,1422431,266733,194690,685343,718277,067651,"CRUDE OIL, LIGHT SWEET - NEW YORK MERCANTILE EXCHANGE ",121.83999633789062,0.023153319914990603,-32934,1.5658505290540303,72043,0.12786937111118923,0.015232755304142146,0.03238676875665062,0.05370577905370588,0.03250169757790489,0.03691557569205771
2008-05-13,1477007,267721,191611,730973,774688,067651,"CRUDE OIL, LIGHT SWEET - NEW YORK MERCANTILE EXCHANGE ",125.8000030517578,0.02959701612788565,-43715,-0.7579278010673276,76110,0.2859189654893629,0.06777156345286223,0.00885416213109472,0.03250169757790489,0.02599367403127628,0.036626448983125275
2008-05-20,1356657,247469,193318,665701,689065,067651,"CRUDE OIL, LIGHT SWEET - NEW YORK MERCANTILE EXCHANGE ",129.07000732421875,0.01722174433183922,-23364,1.3778539979837605,54151,-1.4867228117402287,0.11138085839178131,0.049817712409848745,0.02599367403127628,-0.001704510794289238,0.03626516650268706
2008-05-27,1338874,229157,190132,667020,691347,067651,"CRUDE OIL, LIGHT SWEET - NEW YORK MERCANTILE EXCHANGE ",128.85000610351562,0.0181697456220675,-24327,-0.07098330676066242,39025,-1.114946519274953,0.002650977239582528,0.05127251132273921,-0.001704510794289238,-0.03523483375914238,0.0364243338650984
2008-06-03,1355667,218962,188092,681448,703698,067651,"CRUDE OIL, LIGHT SWEET - NEW YORK MERCANTILE EXCHANGE ",124.30999755859376,0.016412585096487558,-22250,0.1551303558064463,30870,-0.6090939102559314,0.01933298006130762,0.03005743709679797,-0.03523483375914238,0.056310836919617246,0.0361078666982165
2008-06-10,1418749,218484,196207,734166,745132,067651,"CRUDE OIL, LIGHT SWEET - NEW YORK MERCANTILE EXCHANGE ",131.30999755859375,0.007729344655044691,-10966,0.832357798780969,22277,-0.6338577246477195,0.06364640525438417,0.02072145284078989,0.056310836919617246,0.020562005928279614,0.03580364125390233
2008-06-17,1335207,203806,198081,686667,677778,067651,"CRUDE OIL, LIGHT SWEET - NEW YORK MERCANTILE EXCHANGE ",134.00999450683594,-0.0066573946961033005,8889,1.399472352050997,5725,-1.1666616152680989,0.08417561719233828,0.04118570642991687,0.020562005928279614,0.022311809683803308,0.03499861554369483
2008-06-24,1306075,211137,190540,661176,652921,067651,"CRUDE OIL, LIGHT SWEET - NEW YORK MERCANTILE EXCHANGE ",137.0,-0.006320463985605727,8255,-0.04748327412903018,20597,1.1138347836702474,0.03831376222607616,0.037024773636528854,0.022311809683803308,0.028978111100022907,0.034234103292226974
2008-07-01,1294480,221478,194966,641480,664448,067651,"CRUDE OIL, LIGHT SWEET - NEW YORK MERCANTILE EXCHANGE ",140.97000122070312,0.017743031951053704,-22968,-2.3905977834351013,26512,0.45288363991348124,0.023908668778064333,0.03545974969023446,0.028978111100022907,-0.034972035836559834,0.03368050336026511
2008-07-08,1316278,216841,202695,672082,679465,067651,"CRUDE OIL, LIGHT SWEET - NEW YORK MERCANTILE EXCHANGE ",136.0399932861328,0.005608997491411389,-7383,1.2039583462085162,14146,-0.9552870650763242,0.03375317321558185,0.029475420464513177,-0.034972035836559834,0.019847194503695098,0.032818576341254554
2008-07-15,1344411,210013,187631,670135,686747,067651,"CRUDE OIL, LIGHT SWEET - NEW YORK MERCANTILE EXCHANGE ",138.74000549316406,0.012356340434584364,-16612,-0.7011436793747218,22382,0.6257036887344467,0.006801623133035887,0.055054269648228064,0.019847194503695098,-0.07777142941985471,0.03184421761411955
2008-07-22,1217375,198019,201659,641265,626528,067651,"CRUDE OIL, LIGHT SWEET - NEW YORK MERCANTILE EXCHANGE ",127.9499969482422,-0.012105554985111408,14737,2.3318018076317433,-3640,-1.935568810430739,0.07027093539718235,0.06510741146623032,-0.07777142941985471,-0.04501754313574524,0.030205286031612523
2008-07-29,1220537,201622,202282,629322,616483,067651,"CRUDE OIL, LIGHT SWEET - NEW YORK MERCANTILE EXCHANGE ",122.19000244140624,-0.010519140345601977,12839,-0.15590923092719994,-660,0.2447889927097238,0.017649632165547578,0.010462882269054032,-0.04501754313574524,-0.02471564131369175,0.028682567069739765
2008-08-05,1249302,197332,202882,644820,629928,067651,"CRUDE OIL, LIGHT SWEET - NEW YORK MERCANTILE EXCHANGE ",119.16999816894533,-0.011920256271101784,14892,0.16820465090365963,-5550,-0.4006433233896227,0.02270487970955828,0.012218463122229607,-0.02471564131369175,-0.05169082929733637,0.026978612481972402
2008-08-12,1241415,192081,201211,639599,620621,067651,"CRUDE OIL, LIGHT SWEET - NEW YORK MERCANTILE EXCHANGE ",113.01000213623048,-0.015287393820760987,18978,0.32706263177358236,-9130,-0.2865600151124388,0.011528145879290918,0.0176001545925165,-0.05169082929733637,0.013450107197007899,0.02514473360180255
2008-08-19,1203758,204335,192676,623370,625635,067651,"CRUDE OIL, LIGHT SWEET - NEW YORK MERCANTILE EXCHANGE ",114.52999877929688,0.0018816074327231886,-2265,-1.7111924698831578,11659,1.674621299082096,0.017007938318901846,0.0523637884088854,0.013450107197007899,0.015192507485506601,0.023644838404375892
2008-08-26,1187623,205459,185293,600916,612306,067651,"CRUDE OIL, LIGHT SWEET - NEW YORK MERCANTILE EXCHANGE ",116.2699966430664,0.009590585564610992,-11390,-0.7580427295187239,20166,0.7067035068510449,0.02949418985148637,0.02177084186389321,0.015192507485506601,-0.05642038142249273,0.02293463350877767
2008-09-02,1226876,193540,179209,609817,612323,067651,"CRUDE OIL, LIGHT SWEET - NEW YORK MERCANTILE EXCHANGE ",109.70999908447266,0.0020425862108314125,-2506,0.7480488336787011,14331,-0.4913175308999573,0.007297036346081464,0.048297916292196624,-0.05642038142249273,-0.058791331711487094,0.022639756283135862
2008-09-09,1231450,198328,191992,616150,613628,067651,"CRUDE OIL, LIGHT SWEET - NEW YORK MERCANTILE EXCHANGE ",103.26000213623048,-0.00204799220431199,2522,0.40982136744055636,6336,-0.6516550979887128,0.0062108770851324385,0.04501690920270547,-0.058791331711487094,-0.11727678055221136,0.02250427991649617
2008-09-16,1241629,202219,182840,618286,638509,067651,"CRUDE OIL, LIGHT SWEET - NEW YORK MERCANTILE EXCHANGE ",91.1500015258789,0.016287473955585767,-20223,-1.8470096228023876,19379,1.0591579032847456,0.021496743701240058,0.03387273119184333,-0.11727678055221136,0.16961051920644588,0.022605103908186035
2008-09-23,1113388,204940,163212,553627,580678,067651,"CRUDE OIL, LIGHT SWEET - NEW YORK MERCANTILE EXCHANGE ",106.61000061035156,0.02429611240645669,-27051,-0.5499227224879574,41728,1.799974066327381,0.10798682893930645,0.06070590408309611,0.16961051920644588,-0.05599851033227976,0.02284776217892928
2008-09-30,1092411,192759,152666,553752,576164,067651,"CRUDE OIL, LIGHT SWEET - NEW YORK MERCANTILE EXCHANGE ",100.63999938964844,0.020516087809441686,-22412,0.41665618813926497,40093,-0.14684907687167456,0.0041056149306674125,0.06579431135557647,-0.05599851033227976,-0.10512720484120863,0.02286181662531075
2008-10-07,1087569,165772,162082,582858,569694,067651,"CRUDE OIL, LIGHT SWEET - NEW YORK MERCANTILE EXCHANGE ",90.05999755859375,-0.01210405960449406,13164,3.2566497408026835,3690,-3.3323538485057362,0.030867153933184795,0.11103417984834713,-0.10512720484120863,-0.12691539656926298,0.022222103515235164
2008-10-14,1090251,164118,166017,587458,569899,067651,"CRUDE OIL, LIGHT SWEET - NEW YORK MERCANTILE EXCHANGE ",78.62999725341797,-0.016105465622136553,17559,0.40411229080637645,-1899,-0.5138984285135012,0.004151700814873889,0.01692943795719933,-0.12691539656926298,-0.09843568783074175,0.021311932243445
2008-10-21,1035697,174773,174290,573958,563736,067651,"CRUDE OIL, LIGHT SWEET - NEW YORK MERCANTILE EXCHANGE ",70.88999938964844,-0.009869681962967934,10222,-0.6729642990467333,483,0.21848179914533442,0.01728320620483188,0.054225168522587616,-0.09843568783074175,-0.1151079125076655,0.020455170812627967
2008-10-28,1073159,185108,193514,582536,559399,067651,"CRUDE OIL, LIGHT SWEET - NEW YORK MERCANTILE EXCHANGE ",62.72999954223633,-0.0215597129595894,23137,1.2469863290132153,-8406,-0.8582625999689099,0.01130975055497905,0.07806994839179973,-0.1151079125076655,0.124342408639885,0.01928590498297273
2008-11-04,1125366,191433,201976,589839,555550,067651,"CRUDE OIL, LIGHT SWEET - NEW YORK MERCANTILE EXCHANGE ",70.52999877929688,-0.03046919846521043,34289,1.0391749964357564,-10543,-0.19913172232632814,0.009736430156043056,0.03758683710845456,0.124342408639885,-0.15879763422780313,0.01812474515672005
2008-11-11,1154740,192267,245251,615996,568518,067651,"CRUDE OIL, LIGHT SWEET - NEW YORK MERCANTILE EXCHANGE ",59.33000183105469,-0.04111574899977484,47478,1.1719742732586553,-52984,-3.7713064016506626,0.033030424292156954,0.10081642355285954,-0.15879763422780313,-0.08326314324872541,0.016537384847073535
2008-11-18,1122604,184453,173468,573044,576098,067651,"CRUDE OIL, LIGHT SWEET - NEW YORK MERCANTILE EXCHANGE ",54.38999938964844,0.002720460643290065,-3054,-4.376050019917903,10985,5.539688587907234,0.04397367775261891,0.22238706306698963,-0.08326314324872541,-0.06655633337943612,0.015738654320146508
2008-11-25,1120731,179329,176539,591490,594492,067651,"CRUDE OIL, LIGHT SWEET - NEW YORK MERCANTILE EXCHANGE ",50.77000045776367,0.00267860887224499,-3002,0.004632087539328205,2790,-0.72999918047682,0.031062866046870863,0.02302820146796003,-0.06655633337943612,-0.0750443438829711,0.015705107691876986
2008-12-02,1147475,180960,178711,598755,596533,067651,"CRUDE OIL, LIGHT SWEET - NEW YORK MERCANTILE EXCHANGE ",46.959999084472656,-0.0019364256301880214,2222,0.46612434205888836,2249,-0.04827206528596068,0.00778557134347538,0.010573551940523424,-0.0750443438829711,-0.1041311645013494,0.01548477541273303
2008-12-09,1168030,192419,181612,584622,597611,067651,"CRUDE OIL, LIGHT SWEET - NEW YORK MERCANTILE EXCHANGE ",42.06999969482422,0.01112043355050812,-12989,-1.3256062223577856,10807,0.7458114555872677,0.012866330071990884,0.03839253965580393,-0.1041311645013494,0.03636792941277589,0.015158292211722109
2008-12-16,1166910,205840,141720,566896,627663,067651,"CRUDE OIL, LIGHT SWEET - NEW YORK MERCANTILE EXCHANGE ",43.59999847412109,0.052075138613946234,-60767,-4.090477128155954,64120,4.564351943015162,0.03999635011749106,0.15339222004833697,0.03636792941277589,-0.10481651043030982,0.015709543954593556
2008-12-30,1169215,224746,160198,571955,636786,067651,"CRUDE OIL, LIGHT SWEET - NEW YORK MERCANTILE EXCHANGE ",39.02999877929688,0.05544831361212437,-64831,-0.34827021792597546,64548,0.0366780642894482,0.0117328691589017,0.09711542458123779,-0.10481651043030982,0.24468366257862972,0.01636907375311307
2009-01-06,1215189,235246,158588,588650,655186,067651,"CRUDE OIL, LIGHT SWEET - NEW YORK MERCANTILE EXCHANGE ",48.58000183105469,0.05475362268749964,-66536,-0.14582433513083565,76658,1.0357376530407154,0.02821513447110391,0.030748995769791333,0.24468366257862972,-0.222313763785285,0.017086709341855015
2009-01-13,1246827,228912,175618,621835,674340,067651,"CRUDE OIL, LIGHT SWEET - NEW YORK MERCANTILE EXCHANGE ",37.77999877929688,0.042110894294076086,-52505,1.1546352048940536,53294,-1.922663881914665,0.04037957837483364,0.05775591427088226,-0.222313763785285,0.025410347543366907,0.01650009756790136
2009-01-20,1250327,225424,179290,633949,672365,067651,"CRUDE OIL, LIGHT SWEET - NEW YORK MERCANTILE EXCHANGE ",38.7400016784668,0.030724762402155596,-38416,1.1299883624592666,46134,-0.5742576957348534,0.010785308892042801,0.017691505606428244,0.025410347543366907,0.07330924185701493,0.015825839366307274
2009-01-27,1245999,226101,174449,635238,676012,067651,"CRUDE OIL, LIGHT SWEET - NEW YORK MERCANTILE EXCHANGE ",41.58000183105469,0.03272394279610176,-40774,-0.18859066468211916,51652,0.4413245494978514,0.0037643469971401335,0.013776057920359505,0.07330924185701493,-0.01924009178759367,0.01597271840542801
2009-02-03,1254242,234724,205448,638532,665187,067651,"CRUDE OIL, LIGHT SWEET - NEW YORK MERCANTILE EXCHANGE ",40.77999877929688,0.0212518796213171,-26655,1.1331469768434805,29276,-1.7958280865393954,0.010829787707320366,0.09001481239151968,-0.01924009178759367,-0.0792054840343972,0.016063548982148648
2009-02-10,1237590,239563,222985,623432,640457,067651,"CRUDE OIL, LIGHT SWEET - NEW YORK MERCANTILE EXCHANGE ",37.54999923706055,0.013756575279373622,-17025,0.7677944128804489,16578,-1.0124043047513958,0.03151384338339838,0.04837551994603803,-0.0792054840343972,-0.0697736081256406,0.016070086112489147
2009-02-17,1230255,243728,198712,629554,665245,067651,"CRUDE OIL, LIGHT SWEET - NEW YORK MERCANTILE EXCHANGE ",34.93000030517578,0.029011058682955972,-35691,-1.5082539451676242,45016,2.2978530854321706,0.02387243116499163,0.06427538197269686,-0.0697736081256406,0.14400225408963285,0.016234080834202358
2009-02-24,1179171,234105,205356,588487,619031,067651,"CRUDE OIL, LIGHT SWEET - NEW YORK MERCANTILE EXCHANGE ",39.959999084472656,0.02590294367822818,-30544,0.4183685496096338,28749,-1.3222462009908513,0.072281324170737,0.03701579889910595,0.14400225408963285,0.04229235435750889,0.016043906559504717
2009-03-03,1191724,214302,214834,613910,610109,067651,"CRUDE OIL, LIGHT SWEET - NEW YORK MERCANTILE EXCHANGE ",41.650001525878906,-0.0031894968969325113,3801,2.9126394729856826,-532,-2.483185220803429,0.02805920496332165,0.06823244845456918,0.04229235435750889,0.09747892940822833,0.014891060791385056
2009-03-10,1210253,197055,203070,641564,648468,067651,"CRUDE OIL, LIGHT SWEET - NEW YORK MERCANTILE EXCHANGE ",45.709999084472656,0.005704592345567415,-6904,-0.8982784604488959,-6015,-0.4600897523252028,0.05117159884405968,0.072504842236801,0.09747892940822833,0.07547584406124819,0.013604377450451365
2009-03-17,1197113,195950,182443,660645,677035,067651,"CRUDE OIL, LIGHT SWEET - NEW YORK MERCANTILE EXCHANGE ",49.15999984741211,0.013691272252494125,-16390,-0.7838030560552215,13507,1.6130511554195692,0.03561987919382812,0.057432352078394686,0.07547584406124819,0.09804718693622938,0.012584222442215168
2009-03-24,1160240,192871,175234,639673,662394,067651,"CRUDE OIL, LIGHT SWEET - NEW YORK MERCANTILE EXCHANGE ",53.97999954223633,0.01958301730676412,-22721,-0.5288556719374027,17637,0.3449966711580277,0.027351127092538247,0.027948547289496202,0.09804718693622938,-0.08002963563280618,0.012045602227574049
2009-03-31,1148687,184850,178304,647102,658553,067651,"CRUDE OIL, LIGHT SWEET - NEW YORK MERCANTILE EXCHANGE ",49.65999984741211,0.009968773042613,-11451,0.9713507550162035,6546,-0.9559229125008619,0.008631682948405207,0.030540762321219096,-0.08002963563280618,-0.010269801109550003,0.011627250089615323
2009-04-07,1162312,186928,174435,650424,669668,067651,"CRUDE OIL, LIGHT SWEET - NEW YORK MERCANTILE EXCHANGE ",49.150001525878906,0.016556656044160258,-19244,-0.6784267602924035,12493,0.5177215377208935,0.010936358981040716,0.016457135899358818,-0.010269801109550003,0.005289894475309476,0.011517047299576217
2009-04-14,1192619,180982,176020,671472,685580,067651,"CRUDE OIL, LIGHT SWEET - NEW YORK MERCANTILE EXCHANGE ",49.40999984741211,0.011829427503670492,-14108,0.44187791229893525,4962,-0.6479327409507947,0.027235507556084806,0.021095119915294593,0.005289894475309476,-0.058692603417014544,0.01117209000692768
2009-04-21,1140230,180383,194988,635931,633346,067651,"CRUDE OIL, LIGHT SWEET - NEW YORK MERCANTILE EXCHANGE ",46.5099983215332,-0.002267086465011445,2585,1.3996926092909807,-14605,-1.6406748508953823,0.06915354174069174,0.05212709559342624,-0.058692603417014544,0.07331756547996582,0.010533306478208177
2009-04-28,1139336,174308,174000,650007,642918,067651,"CRUDE OIL, LIGHT SWEET - NEW YORK MERCANTILE EXCHANGE ",49.91999816894531,-0.006222045121017856,7089,0.3950080246967717,308,1.307894021381651,0.018290310729547343,0.07769847376459915,0.07331756547996582,0.07852568364237578,0.009698072202716913
2009-05-05,1197954,175443,186728,667069,662705,067651,"CRUDE OIL, LIGHT SWEET - NEW YORK MERCANTILE EXCHANGE ",53.84000015258789,-0.003642877773270092,4364,-0.23917439631504664,-11285,-1.0175224867817747,0.02771072377712303,0.038277498750590194,0.07852568364237578,0.09305346038882556,0.008863056854325292
2009-05-12,1246806,170991,167925,673149,690277,067651,"CRUDE OIL, LIGHT SWEET - NEW YORK MERCANTILE EXCHANGE ",58.84999847412109,0.013737502065277196,-17128,-1.7940588703739875,3066,1.1979591870806392,0.024681940934088098,0.06861582220963307,0.09305346038882556,0.013593934961775966,0.008681983434138497
2009-05-19,1093976,175047,139810,578870,626843,067651,"CRUDE OIL, LIGHT SWEET - NEW YORK MERCANTILE EXCHANGE ",59.650001525878906,0.04385196750202929,-47973,-2.473921363868958,35237,2.5802731138605366,0.13080476033682975,0.10217654363727026,0.013593934961775966,0.046940472178291115,0.00895611711441049
2009-05-26,1095865,185237,145115,569025,624670,067651,"CRUDE OIL, LIGHT SWEET - NEW YORK MERCANTILE EXCHANGE ",62.45000076293945,0.050777239897250116,-55645,-0.7012950923969081,40122,0.44653630426992913,0.01006789841626211,0.04690451397297428,0.046940472178291115,0.09767817797111,0.009601415106053007
2009-06-02,1191638,199497,159810,597601,654322,067651,"CRUDE OIL, LIGHT SWEET - NEW YORK MERCANTILE EXCHANGE ",68.55000305175781,0.04759918700142157,-56721,-0.0981872767174789,39687,-0.03969467042017037,0.04651084771188004,0.08058568299532155,0.09767817797111,0.02129830808862687,0.010167365901809815
2009-06-09,1203679,204490,156607,589809,656131,067651,"CRUDE OIL, LIGHT SWEET - NEW YORK MERCANTILE EXCHANGE ",70.01000213623047,0.055099407732460234,-66322,-0.805697703497203,47883,0.6877927692806036,0.007705828531068912,0.022697502333168095,0.02129830808862687,0.006570476652429713,0.010911343260193905
2009-06-16,1198182,201362,174932,614337,660678,067651,"CRUDE OIL, LIGHT SWEET - NEW YORK MERCANTILE EXCHANGE ",70.47000122070312,0.038676094282838504,-46341,1.659994068185953,26430,-1.782285808757983,0.022803653290353446,0.057011273100288605,0.006570476652429713,-0.017454283179042074,0.011506473060728401
2009-06-23,1110597,201463,162093,572646,624003,067651,"CRUDE OIL, LIGHT SWEET - NEW YORK MERCANTILE EXCHANGE ",69.23999786376953,0.04624269649566855,-51357,-0.4186342308597525,39370,1.0799694871062995,0.06548787489063208,0.03559286602339117,-0.017454283179042074,0.009387659531096437,0.012523782506724014
2009-06-30,1159868,210249,169472,576502,629933,067651,"CRUDE OIL, LIGHT SWEET - NEW YORK MERCANTILE EXCHANGE ",69.88999938964844,0.04606644894074153,-53431,-0.1867464075627793,40777,0.12668861882392984,0.008111502070148827,0.04257072956196786,0.009387659531096437,-0.0995850500107962,0.013531223139923
2009-07-07,1162597,193867,178510,620812,648692,067651,"CRUDE OIL, LIGHT SWEET - NEW YORK MERCANTILE EXCHANGE ",62.93000030517578,0.023980794720784588,-27880,2.2029230912483144,15357,-2.1916287025765,0.04968003251663642,0.06826415165276051,-0.0995850500107962,-0.054187189430724425,0.01365118011626398
2009-07-14,1203729,194213,178056,641755,670225,067651,"CRUDE OIL, LIGHT SWEET - NEW YORK MERCANTILE EXCHANGE ",59.52000045776367,0.02365150295456868,-28470,-0.05074845367741359,16157,0.06881146261344215,0.03237549352886477,0.002148983665037916,-0.054187189430724425,0.08736560354413059,0.01399815137517085
2009-07-21,1149799,191829,189611,633889,645398,067651,"CRUDE OIL, LIGHT SWEET - NEW YORK MERCANTILE EXCHANGE ",64.72000122070312,0.010009575586689499,-11509,1.409038080830486,2218,-1.157984895271278,0.02555564154095211,0.036543099832214765,0.08736560354413059,0.03878247974178883,0.013953021281942103
2009-07-28,1173580,199654,195078,640468,654676,067651,"CRUDE OIL, LIGHT SWEET - NEW YORK MERCANTILE EXCHANGE ",67.2300033569336,0.012106545782988804,-14208,-0.23473668006321105,4576,0.20507932255985611,0.012243426213610223,0.033673479728018,0.03878247974178883,0.062323287264563154,0.014418638604405568
2009-08-04,1202598,219556,185411,621573,668316,067651,"CRUDE OIL, LIGHT SWEET - NEW YORK MERCANTILE EXCHANGE ",71.41999816894531,0.03886835002220193,-46743,-2.7722865079500334,34145,2.51955554798139,0.025223100592376552,0.0730158259808824,0.062323287264563154,-0.027583327796271484,0.015368398034555643
2009-08-11,1172385,214274,187197,594530,634308,067651,"CRUDE OIL, LIGHT SWEET - NEW YORK MERCANTILE EXCHANGE ",69.44999694824219,0.03392912737709882,-39778,0.5791627792495914,27077,-0.5877275698113584,0.049681894602868724,0.01760525666860122,-0.027583327796271484,-0.0037436215732262745,0.016250116950867192
2009-08-18,1173172,208367,185669,614569,636515,067651,"CRUDE OIL, LIGHT SWEET - NEW YORK MERCANTILE EXCHANGE ",69.19000244140625,0.01870654942327297,-21946,1.52100205990353,22698,-0.3735121141945692,0.017781379987275036,0.018868834319706828,-0.0037436215732262745,0.041335460462999185,0.01690384662863708
2009-08-25,1159096,225204,185672,588462,634771,067651,"CRUDE OIL, LIGHT SWEET - NEW YORK MERCANTILE EXCHANGE ",72.05000305175781,0.03995268726662848,-46309,-2.076677588622981,39532,1.434913209657237,0.022768352390754663,0.04098560149534166,0.041335460462999185,-0.05551699973040336,0.017635982779289103
2009-09-01,1164511,215729,187135,607591,645206,067651,"CRUDE OIL, LIGHT SWEET - NEW YORK MERCANTILE EXCHANGE ",68.05000305175781,0.032301111797140604,-37615,0.750067293822082,28594,-0.9436664435042482,0.023598396228598887,0.027150601691886097,-0.05551699973040336,0.04481991602621238,0.018072723668376207
2009-09-08,1178263,211936,178824,629710,667430,067651,"CRUDE OIL, LIGHT SWEET - NEW YORK MERCANTILE EXCHANGE ",71.0999984741211,0.03201322624914811,-37720,-0.009016660211882927,33112,0.38797400797416254,0.03418520745640409,0.030975534855154058,0.04481991602621238,-0.0023909728916124973,0.018649082130651532
2009-09-15,1197629,219352,173795,629344,676051,067651,"CRUDE OIL, LIGHT SWEET - NEW YORK MERCANTILE EXCHANGE ",70.93000030517578,0.038999556623962844,-46707,-0.7627329382319568,45557,1.0562158024142319,0.006884506222254567,0.031654826311786684,-0.0023909728916124973,0.008741050950436646,0.019438458069656814
2009-09-22,1124865,231093,168877,579274,649080,067651,"CRUDE OIL, LIGHT SWEET - NEW YORK MERCANTILE EXCHANGE ",71.55000305175781,0.06205722464473515,-69806,-1.9287275107733697,62216,1.3909983809677289,0.06271889048271101,0.04165062379678476,0.008741050950436646,-0.06764505605658744,0.02031864558290969
2009-09-29,1178475,231180,189038,601709,651778,067651,"CRUDE OIL, LIGHT SWEET - NEW YORK MERCANTILE EXCHANGE ",66.70999908447266,0.04248626402766287,-50069,1.7546105532663918,42142,-1.784569703920026,0.020050467216652428,0.048184513752385666,-0.06764505605658744,0.06250934232010685,0.020668456191009807
2009-10-06,1248517,235569,185563,631663,675950,067651,"CRUDE OIL, LIGHT SWEET - NEW YORK MERCANTILE EXCHANGE ",70.87999725341797,0.03547168360542948,-44287,0.4906340821824816,50006,0.6673030823734063,0.0413929809507859,0.01867348004901076,0.06250934232010685,0.04613437357749417,0.02095606380247111
2009-10-13,1263193,252327,183491,601526,664318,067651,"CRUDE OIL, LIGHT SWEET - NEW YORK MERCANTILE EXCHANGE ",74.1500015258789,0.04970895183871348,-62792,-1.482158432764632,68836,1.50818931580427,0.03299695697100117,0.04320610897209386,0.04613437357749417,0.06662164140735216,0.022144775560994333
2009-10-20,1216356,275122,200739,568480,647639,067651,"CRUDE OIL, LIGHT SWEET - NEW YORK MERCANTILE EXCHANGE ",79.08999633789062,0.06507880916442225,-79159,-1.295684824092597,74383,0.43912529597614935,0.04088826833558229,0.0841485223626227,0.06662164140735216,0.00581624396468472,0.023706011614582002
2009-10-27,1220540,285475,175856,573391,672134,067651,"CRUDE OIL, LIGHT SWEET - NEW YORK MERCANTILE EXCHANGE ",79.55000305175781,0.08090107657266456,-98743,-1.6100549510176296,109619,2.8968492776785744,0.023609321370506413,0.07637899902672918,0.00581624396468472,0.0006284779440015598,0.02545160312488263
2009-11-03,1191055,277025,173208,578797,694916,067651,"CRUDE OIL, LIGHT SWEET - NEW YORK MERCANTILE EXCHANGE ",79.5999984741211,0.09749255911775695,-116119,-1.423632162813181,103817,-0.47536336375702554,0.02213057415603044,0.024649459279972814,0.0006284779440015598,-0.005778883081539399,0.027741069895600826
2009-11-17,1250074,250170,163822,609511,722123,067651,"CRUDE OIL, LIGHT SWEET - NEW YORK MERCANTILE EXCHANGE ",79.13999938964844,0.09008426701139292,-112612,0.2944448409183455,86348,-1.4666828987746157,0.04349618588891542,0.0875403389437477,-0.005778883081539399,-0.03942384092297746,0.03005940577015089
2009-11-24,1182804,237667,162174,602507,707843,067651,"CRUDE OIL, LIGHT SWEET - NEW YORK MERCANTILE EXCHANGE ",76.0199966430664,0.0890561749875719,-105336,0.5820455429038601,75493,-0.8683485937632492,0.01624298851451902,0.035391568148338964,-0.03942384092297746,0.030912999306610178,0.03256271200067679
2009-12-01,1209796,238536,162143,605606,701729,067651,"CRUDE OIL, LIGHT SWEET - NEW YORK MERCANTILE EXCHANGE ",78.37000274658203,0.07945389139987237,-96123,0.7789118061825967,76393,0.0760903750748222,0.007047160827178956,0.00224618709740216,0.030912999306610178,-0.07336990938475851,0.03403835489984183
2009-12-08,1217908,237538,169721,613740,700945,067651,"CRUDE OIL, LIGHT SWEET - NEW YORK MERCANTILE EXCHANGE ",72.62000274658203,0.07160228851440338,-87205,0.7371490730668642,67817,-0.7088798442051387,0.0067833739641054705,0.02105785261958606,-0.07336990938475851,-0.026576703830634596,0.03536381027757565
2009-12-15,1217100,239601,186409,627885,699857,067651,"CRUDE OIL, LIGHT SWEET - NEW YORK MERCANTILE EXCHANGE ",70.69000244140625,0.059134007065976504,-71972,1.250751288274648,53192,-1.200829619314431,0.011472861444467373,0.044015398699561045,-0.026576703830634596,0.05248265605235769,0.036538241675578814
2009-12-22,1159436,235768,160506,612836,696962,067651,"CRUDE OIL, LIGHT SWEET - NEW YORK MERCANTILE EXCHANGE ",74.4000015258789,0.07255769184327553,-84126,-0.998603237203188,75262,1.8133267603319365,0.013699822415364812,0.07503898817484872,0.05248265605235769,0.06008066033638859,0.03771972741197819
2009-12-29,1185208,247499,153421,612391,718686,067651,"CRUDE OIL, LIGHT SWEET - NEW YORK MERCANTILE EXCHANGE ",78.87000274658203,0.08968467981991346,-106295,-1.9120503417178698,94078,1.6228580102739607,0.01665493431259048,0.04693205627057767,0.06008066033638859,0.03676928864580331,0.038442987819785245
2010-01-05,1231436,265034,156199,611986,738471,067651,"CRUDE OIL, LIGHT SWEET - NEW YORK MERCANTILE EXCHANGE ",81.7699966430664,0.1027134175060661,-126485,-1.70349845765469,108835,1.2450979068652928,0.014950494536294011,0.04822271759335095,0.03676928864580331,-0.011984783756526673,0.03935193212543797
2010-01-12,1300867,291426,155757,613653,764289,067651,"CRUDE OIL, LIGHT SWEET - NEW YORK MERCANTILE EXCHANGE ",80.79000091552734,0.1157966187165944,-150636,-1.9612062665051209,135669,2.1790819823360694,0.019946412838856786,0.06000675338731571,-0.011984783756526673,-0.021908704696161907,0.040525835895228256
2010-01-19,1324903,280410,146029,643780,796774,067651,"CRUDE OIL, LIGHT SWEET - NEW YORK MERCANTILE EXCHANGE ",79.0199966430664,0.11547562349847498,-152994,-0.18126372642245517,134381,-0.09901089042922911,0.04346383405273249,0.04864470651136505,-0.021908704696161907,-0.05454312505304226,0.04193669607223593
2010-01-26,1320661,246573,146953,661990,784287,067651,"CRUDE OIL, LIGHT SWEET - NEW YORK MERCANTILE EXCHANGE ",74.70999908447266,0.09260287083513483,-122297,2.316924333328553,99620,-2.6236637701024152,0.021224841437705224,0.08833215594395288,-0.05454312505304226,0.033730481907938925,0.043126659695947075
2010-02-02,1360697,242085,156058,676881,772175,067651,"CRUDE OIL, LIGHT SWEET - NEW YORK MERCANTILE EXCHANGE ",77.2300033569336,0.07003322561892912,-95294,2.044657940228416,86027,-1.0292573188728977,0.01863489057703774,0.03414099959059936,0.033730481907938925,-0.04506025127112934,0.04384414590407836
2010-02-09,1307602,225068,183008,686710,734745,067651,"CRUDE OIL, LIGHT SWEET - NEW YORK MERCANTILE EXCHANGE ",73.75,0.03673518394740907,-48035,3.47314648301569,42060,-3.231211651087641,0.03324691952963688,0.1077421852792127,-0.04506025127112934,0.04420341879634537,0.044141901756503205
2010-02-16,1301624,236003,167567,685344,752309,067651,"CRUDE OIL, LIGHT SWEET - NEW YORK MERCANTILE EXCHANGE ",77.01000213623047,0.051447268950173014,-66965,-1.4476882109388025,68436,2.0171275357486453,0.013167294194078822,0.0653566915281116,0.04420341879634537,0.024022833694361534,0.04486672278863397
2010-02-23,1280235,247723,162371,648842,741710,067651,"CRUDE OIL, LIGHT SWEET - NEW YORK MERCANTILE EXCHANGE ",78.86000061035156,0.07253980714478202,-92868,-1.9900524268145026,85352,1.2996072598538442,0.03387216012058521,0.04124907947933888,0.024022833694361534,0.010398170028882658,0.045703814105207546
2010-03-02,1297435,255659,164242,662655,765415,067651,"CRUDE OIL, LIGHT SWEET - NEW YORK MERCANTILE EXCHANGE ",79.68000030517578,0.07920242632578896,-102760,-0.7726706424992287,91417,0.47374114908591003,0.02627182140931467,0.023355505226231896,0.010398170028882658,0.022715832726674545,0.04672880415612217
2010-03-09,1348241,269578,160264,677369,801399,067651,"CRUDE OIL, LIGHT SWEET - NEW YORK MERCANTILE EXCHANGE ",81.48999786376953,0.0919939387691073,-124030,-1.6393884857430239,109314,1.379413997618378,0.03428394447269619,0.041636229126050965,0.022715832726674545,0.002576992146001933,0.04855925484200756
2010-03-16,1357426,283006,158863,684361,820497,067651,"CRUDE OIL, LIGHT SWEET - NEW YORK MERCANTILE EXCHANGE ",81.69999694824219,0.10028981322002084,-136136,-0.8979106851074845,124143,1.0998775441482642,0.017337183973504477,0.033559720188562674,0.002576992146001933,0.002570461710056371,0.05037820139728551
2010-03-23,1298539,271681,159762,643285,769601,067651,"CRUDE OIL, LIGHT SWEET - NEW YORK MERCANTILE EXCHANGE ",81.91000366210938,0.09727547651630024,-126316,0.723428017438888,111919,-0.9005279109137442,0.0650951315251195,0.02833282727961747,0.002570461710056371,0.005615908483782128,0.05198558994082024
2010-03-30,1283846,279945,162791,623402,756634,067651,"CRUDE OIL, LIGHT SWEET - NEW YORK MERCANTILE EXCHANGE ",82.37000274658203,0.10377568649199359,-133232,-0.5325985588418984,117154,0.40314538107827336,0.023803726859299323,0.025507300061436162,0.005615908483782128,0.05426725072549643,0.053604679732843885
2010-04-06,1343407,306682,178544,619811,765826,067651,"CRUDE OIL, LIGHT SWEET - NEW YORK MERCANTILE EXCHANGE ",86.83999633789062,0.10869006935351684,-146015,-0.9956801672474737,128138,0.8555543266092662,0.00922535988862884,0.08756744279984997,0.05426725072549643,-0.032127975630918626,0.05550316620036127
2010-04-13,1392323,295296,181932,674074,820101,067651,"CRUDE OIL, LIGHT SWEET - NEW YORK MERCANTILE EXCHANGE ",84.05000305175781,0.10488011761638642,-146027,-0.0008932512633922557,113364,-1.099741180446432,0.07264075493165124,0.03095794882110857,-0.032127975630918626,-0.007138680329923819,0.05720169430751946
2010-04-20,1356869,283157,161682,674768,822894,067651,"CRUDE OIL, LIGHT SWEET - NEW YORK MERCANTILE EXCHANGE ",83.44999694824219,0.1091675025370909,-148126,-0.15075524860251535,121475,0.5825516062005727,0.002328295703569964,0.07281061237886066,-0.007138680329923819,-0.012102990338781705,0.059073580365854465
2010-04-27,1395964,274234,164970,696095,834264,067651,"CRUDE OIL, LIGHT SWEET - NEW YORK MERCANTILE EXCHANGE ",82.44000244140625,0.09897748079463367,-138169,0.7338217617176014,109264,-0.899939493053493,0.021365575005603262,0.027802570104097413,-0.012102990338781705,0.003638954554574525,0.0610205912746938
2010-05-04,1445326,281495,171625,713307,844153,067651,"CRUDE OIL, LIGHT SWEET - NEW YORK MERCANTILE EXCHANGE ",82.73999786376953,0.09053044088323327,-130846,0.5245837285202197,109870,0.043410861598150094,0.017400767916993052,0.03071151129943503,0.003638954554574525,-0.07698809864215395,0.06288121600554478
2010-05-11,1470234,285507,192612,731149,849828,067651,"CRUDE OIL, LIGHT SWEET - NEW YORK MERCANTILE EXCHANGE ",76.37000274658203,0.08072116411401178,-118679,0.8418170018390314,92895,-1.174475516250313,0.0148749792058961,0.05228614633595402,-0.07698809864215395,-0.09113524727199451,0.06450360142645405
2010-05-18,1387907,279604,212243,696071,782700,067651,"CRUDE OIL, LIGHT SWEET - NEW YORK MERCANTILE EXCHANGE ",69.41000366210938,0.06241700632679279,-86629,2.179925100358174,67361,-1.7367303436051675,0.0691155019945617,0.05191451813267134,-0.09113524727199451,-0.009508768582152771,0.0654397457391755
2010-05-25,1345993,260710,220267,697932,751022,067651,"CRUDE OIL, LIGHT SWEET - NEW YORK MERCANTILE EXCHANGE ",68.75,0.03944299858914571,-53090,2.416516380420302,40443,-1.9394671256791702,0.02314704262523172,0.05596525405580724,-0.009508768582152771,0.05570911754261365,0.0653549578754662
2010-06-01,1367020,259155,234280,698888,728522,067651,"CRUDE OIL, LIGHT SWEET - NEW YORK MERCANTILE EXCHANGE ",72.58000183105469,0.02167781012713786,-29634,1.742653936536074,24875,-1.1566181993517053,0.016432559671012533,0.03155025484612968,0.05570911754261365,-0.008129015602100886,0.06479535345681019
2010-06-08,1322308,255375,237918,659634,682691,067651,"CRUDE OIL, LIGHT SWEET - NEW YORK MERCANTILE EXCHANGE ",71.98999786376953,0.01743693602398231,-23057,0.48111951544234904,17457,-0.5426401954616611,0.06338628871547501,0.015037715921369247,-0.008129015602100886,0.06875961556498278,0.06421531016878251
2010-06-15,1336533,248883,215953,676780,704718,067651,"CRUDE OIL, LIGHT SWEET - NEW YORK MERCANTILE EXCHANGE ",76.94000244140625,0.02090333721651467,-27938,-0.36912731375746044,32930,1.1701509784407265,0.02835545183561612,0.0612194408350472,0.06875961556498278,0.0035091842279577623,0.06355769342809127
2010-06-22,1260132,238384,198749,643482,684721,067651,"CRUDE OIL, LIGHT SWEET - NEW YORK MERCANTILE EXCHANGE ",77.20999908447266,0.032725936647906725,-41239,-0.9951868004755587,39635,0.5016711147423969,0.04012564344456382,0.06337430484543606,0.0035091842279577623,-0.016448603265452055,0.06344326731972719
2010-06-29,1259675,238756,201636,632918,674062,067651,"CRUDE OIL, LIGHT SWEET - NEW YORK MERCANTILE EXCHANGE ",75.94000244140625,0.03266239307757953,-41144,0.007538892750918158,37120,-0.19958226598483336,0.016238197983136696,0.007400225253864739,-0.016448603265452055,-0.05214641766081207,0.06318210763861008
2010-07-06,1271853,238709,212494,625701,660770,067651,"CRUDE OIL, LIGHT SWEET - NEW YORK MERCANTILE EXCHANGE ",71.9800033569336,0.027573155073738868,-35069,0.4822672514735944,26215,-0.8656994859785262,0.015942061655490097,0.024168722282431634,-0.05214641766081207,0.07182547829719299,0.06282646737193696
2010-07-13,1276328,239531,204886,654988,683030,067651,"CRUDE OIL, LIGHT SWEET - NEW YORK MERCANTILE EXCHANGE ",77.1500015258789,0.021970841351126043,-28042,0.5525009572647154,34645,0.6628124476649424,0.038524892789185194,0.01896867131545373,0.07182547829719299,0.0037589230044288158,0.06278781442252045
2010-07-20,1214183,231747,195602,627668,656415,067651,"CRUDE OIL, LIGHT SWEET - NEW YORK MERCANTILE EXCHANGE ",77.44000244140625,0.023676002711288165,-28747,-0.05523658495308416,36145,0.11752464883634926,0.0420027365832271,0.03993925339710635,0.0037589230044288158,0.0007747618375806287,0.06278828557168813
2010-07-27,1240029,235739,191426,623135,666022,067651,"CRUDE OIL, LIGHT SWEET - NEW YORK MERCANTILE EXCHANGE ",77.5,0.03458548146857856,-42887,-1.1645690970800942,44313,0.6727157273656442,0.010968408037190194,0.019121416782742033,0.0007747618375806287,0.0651613297001008,0.06326089914633984
2010-08-03,1234649,254919,199241,607248,658628,067651,"CRUDE OIL, LIGHT SWEET - NEW YORK MERCANTILE EXCHANGE ",82.55000305175781,0.041615066306294336,-51380,-0.6849033369380877,55678,0.9165108235371915,0.01839121683324433,0.059439404615113614,0.0651613297001008,-0.027861937816231697,0.06382837069486494
2010-08-10,1274605,254542,194206,619187,683822,067651,"CRUDE OIL, LIGHT SWEET - NEW YORK MERCANTILE EXCHANGE ",80.25,0.05070982775055802,-64635,-1.073584476235756,60336,0.37727321692238036,0.028497884511925857,0.01206022088120727,-0.027861937816231697,-0.05582558700228779,0.06405609142041026
2010-08-17,1267340,257563,195507,623658,697504,067651,"CRUDE OIL, LIGHT SWEET - NEW YORK MERCANTILE EXCHANGE ",75.7699966430664,0.05826849937664715,-73846,-0.722655253980645,62056,0.13494376689248827,0.013740177207639941,0.009539364778069614,-0.05582558700228779,-0.05463903356299382,0.06452415626655542
2010-08-24,1246784,260005,232682,603247,652375,067651,"CRUDE OIL, LIGHT SWEET - NEW YORK MERCANTILE EXCHANGE ",71.62999725341797,0.039403778040141675,-49128,1.9503842694146796,27323,-2.740622090362492,0.052197237703703825,0.08041007779787167,-0.05463903356299382,0.004048595932530263,0.0649221798938029
2010-08-31,1308042,274240,261120,636344,662522,067651,"CRUDE OIL, LIGHT SWEET - NEW YORK MERCANTILE EXCHANGE ",71.91999816894531,0.020013118844807734,-26178,1.8407358451824853,13120,-1.1391708587854832,0.033293657698330696,0.0797089808726838,0.004048595932530263,0.030172389101676966,0.06453872665492172
2010-09-07,1347231,270563,260074,690944,716383,067651,"CRUDE OIL, LIGHT SWEET - NEW YORK MERCANTILE EXCHANGE ",74.08999633789062,0.018882433673215654,-25439,0.05649665683517808,10489,-0.2011403303563647,0.07706879779894793,0.008900623213232399,0.030172389101676966,0.03657722834143606,0.06428067515253856
2010-09-14,1336392,286962,238625,676774,729611,067651,"CRUDE OIL, LIGHT SWEET - NEW YORK MERCANTILE EXCHANGE ",76.80000305175781,0.03953705200270579,-52837,-2.0336527291904654,48337,2.8093177784656085,0.019481152031627185,0.07201091351193999,0.03657722834143606,-0.042708415082756024,0.06442536410933773
2010-09-21,1324114,287028,243128,627365,687037,067651,"CRUDE OIL, LIGHT SWEET - NEW YORK MERCANTILE EXCHANGE ",73.5199966430664,0.04506560613361085,-59672,-0.5114517297319948,43900,-0.33201336134906523,0.06998087343141596,0.008618218033937182,-0.042708415082756024,0.036180682583861756,0.0645420189076002
2010-09-28,1332755,293470,231974,635045,707401,067651,"CRUDE OIL, LIGHT SWEET - NEW YORK MERCANTILE EXCHANGE ",76.18000030517578,0.0542905485254229,-72356,-0.9579235624727176,61496,1.3288886002262645,0.020890225752097293,0.03348786930671965,0.036180682583861756,0.08716197641177104,0.06439265975145958
2010-10-05,1407933,319363,203337,639534,762465,067651,"CRUDE OIL, LIGHT SWEET - NEW YORK MERCANTILE EXCHANGE ",82.81999969482422,0.08731310367751875,-122931,-3.794770981913405,116026,4.091524698838121,0.0424772057612024,0.10432370384541802,0.08716197641177104,-0.01388555337015751,0.06525471436011067
2010-10-12,1442044,324993,195667,656827,800064,067651,"CRUDE OIL, LIGHT SWEET - NEW YORK MERCANTILE EXCHANGE ",81.66999816894531,0.09932914668345764,-143237,-1.4422561300857357,129326,0.9446472239801184,0.03767749268819699,0.02554450121000269,-0.01388555337015751,-0.02669279238461786,0.06648274249622657
2010-10-19,1422821,310303,209473,672616,790891,067651,"CRUDE OIL, LIGHT SWEET - NEW YORK MERCANTILE EXCHANGE ",79.48999786376953,0.0831271115621712,-118275,1.7310151423951001,100830,-1.976083947507843,0.01705629013048793,0.054823616327033184,-0.02669279238461786,0.03849547452790891,0.06712539941398538
2010-10-26,1394673,323154,197883,643649,778607,067651,"CRUDE OIL, LIGHT SWEET - NEW YORK MERCANTILE EXCHANGE ",82.55000305175781,0.09676676898455767,-134958,-1.1725297841400992,125271,1.717784598343713,0.029003920531887366,0.046908376948278145,0.03849547452790891,0.0163537059262695,0.06773478325668031
2010-11-02,1433324,336668,206560,649345,793908,067651,"CRUDE OIL, LIGHT SWEET - NEW YORK MERCANTILE EXCHANGE ",83.9000015258789,0.10085856373018243,-144563,-0.6886919012557066,130108,0.3468196487635453,0.014548384794627138,0.040850250723453135,0.0163537059262695,0.03361143794442478,0.06811858108663257
2010-11-09,1486195,347488,203381,663719,830300,067651,"CRUDE OIL, LIGHT SWEET - NEW YORK MERCANTILE EXCHANGE ",86.72000122070312,0.11208556077769068,-166581,-1.53614953771792,144107,0.9766807783864638,0.03397948754333111,0.025412575403589602,0.03361143794442478,-0.05050743566833393,0.06839921573393898
2010-11-16,1399774,330487,158496,621489,820432,067651,"CRUDE OIL, LIGHT SWEET - NEW YORK MERCANTILE EXCHANGE ",82.33999633789062,0.14212508590672493,-198943,-2.1775069893250882,171991,1.8762006331605205,0.03613096695311324,0.12656063707736262,-0.05050743566833393,-0.013237750623861011,0.06940000071269538
2010-11-23,1331203,317663,176217,598938,764560,067651,"CRUDE OIL, LIGHT SWEET - NEW YORK MERCANTILE EXCHANGE ",81.25,0.12441528452084318,-165622,2.3804557021347734,141446,-2.1821379737014692,0.05751603596044879,0.061847007370211385,-0.013237750623861011,0.03520000751201913,0.0700799835883352
2010-11-30,1342325,311396,164502,605970,778565,067651,"CRUDE OIL, LIGHT SWEET - NEW YORK MERCANTILE EXCHANGE ",84.11000061035156,0.1285791443949863,-172595,-0.5238119204959725,146894,0.4092538853953905,0.015194271000733098,0.03778540779746921,0.03520000751201913,0.05445252404969092,0.0710246999920874
2010-12-07,1367119,340709,164152,610602,811086,067651,"CRUDE OIL, LIGHT SWEET - NEW YORK MERCANTILE EXCHANGE ",88.69000244140625,0.14664707315164224,-200484,-2.077663755051869,176557,2.209822509451884,0.026133019340389734,0.05875478597079196,0.05445252404969092,-0.0046228847764464565,0.07246786892741891
2010-12-14,1380779,329113,166328,641482,833165,067651,"CRUDE OIL, LIGHT SWEET - NEW YORK MERCANTILE EXCHANGE ",88.27999877929688,0.13882236042118254,-191683,0.6437625400568642,162785,-1.007373900882074,0.03591300155223589,0.027797457214885326,-0.0046228847764464565,0.01744450540124487,0.07400033726117286
2010-12-21,1369544,321441,161027,663325,854606,067651,"CRUDE OIL, LIGHT SWEET - NEW YORK MERCANTILE EXCHANGE ",89.81999969482422,0.13966765580368357,-191281,0.0291140001405004,160414,-0.17171466252021503,0.028515130134373696,0.02688882993276238,0.01744450540124487,0.018592720714978306,0.07529091349118071
2010-12-28,1401989,333184,170634,676627,875238,067651,"CRUDE OIL, LIGHT SWEET - NEW YORK MERCANTILE EXCHANGE ",91.48999786376952,0.14166373630606233,-198611,-0.5352146407855461,162550,0.15596432097106774,0.021866592777077903,0.04237641370494901,0.018592720714978306,-0.023062637005341058,0.07629051073129897
2011-01-04,1471226,331128,181662,689454,877677,067651,"CRUDE OIL, LIGHT SWEET - NEW YORK MERCANTILE EXCHANGE ",89.37999725341797,0.12793615664758506,-188223,0.7409473255496298,149466,-0.9332455532818017,0.009741368143441741,0.025515318161430604,-0.023062637005341058,0.019355598680860675,0.0767755634070974
2011-01-11,1501588,337239,168154,709218,912859,067651,"CRUDE OIL, LIGHT SWEET - NEW YORK MERCANTILE EXCHANGE ",91.11000061035156,0.1356170933704851,-203641,-1.0479695165800496,169085,1.3335136817864828,0.0338738543238083,0.03881929508323226,0.019355598680860675,0.0029634139090952694,0.07715672638121068
2011-01-18,1491996,326830,160279,714813,924316,067651,"CRUDE OIL, LIGHT SWEET - NEW YORK MERCANTILE EXCHANGE ",91.37999725341795,0.1404179367773104,-209503,-0.3903867106023756,166551,-0.16875467838048785,0.010403086029226499,0.03753574661933982,0.0029634139090952694,-0.05679574270087406,0.07763638625195754
2011-01-25,1499599,305004,161687,732472,919226,067651,"CRUDE OIL, LIGHT SWEET - NEW YORK MERCANTILE EXCHANGE ",86.19000244140625,0.1245359592797808,-186754,1.5247359912493061,143317,-1.5572427808117448,0.01377309895634674,0.049784546948623394,-0.05679574270087406,0.053138346350247945,0.07825048410666226
2011-02-01,1531942,324925,172216,737246,934026,067651,"CRUDE OIL, LIGHT SWEET - NEW YORK MERCANTILE EXCHANGE ",90.7699966430664,0.12845133823604288,-196780,-0.6685787333813906,152709,0.6263007644043508,0.011712037298536683,0.06125022880832601,0.053138346350247945,-0.042194495354239026,0.07937390934929905
2011-02-08,1536606,323090,157582,731996,953006,067651,"CRUDE OIL, LIGHT SWEET - NEW YORK MERCANTILE EXCHANGE ",86.94000244140625,0.14382997333083433,-221010,-1.5816525690920413,165508,0.8354754945030556,0.0143798048904393,0.03426244923773384,-0.042194495354239026,-0.030135756533338,0.08143342452974954
2011-02-15,1559669,321167,155653,730682,947238,067651,"CRUDE OIL, LIGHT SWEET - NEW YORK MERCANTILE EXCHANGE ",84.31999969482422,0.13884740929004807,-216556,0.2898595996631537,165514,0.0003904709470091878,0.004220701821302565,0.00807852019630049,-0.030135756533338,0.10970113891696065,0.08311419645936252
2011-02-22,1506594,350580,131558,686406,945303,067651,"CRUDE OIL, LIGHT SWEET - NEW YORK MERCANTILE EXCHANGE ",93.56999969482422,0.17184258001823982,-258897,-2.714742679376201,219022,3.4307279300928597,0.028320613540772283,0.11098067358308203,0.10970113891696065,0.06476432166675461,0.08502386516846748
2011-03-01,1569519,399042,127155,671182,990851,067651,"CRUDE OIL, LIGHT SWEET - NEW YORK MERCANTILE EXCHANGE ",99.62999725341795,0.20367322727536272,-319669,-4.033734370374501,271887,3.508908173004804,0.036564857617147194,0.10046617521574619,0.06476432166675461,0.05410016599657741,0.08741753441749774
2011-03-08,1572544,409817,134235,675232,992296,067651,"CRUDE OIL, LIGHT SWEET - NEW YORK MERCANTILE EXCHANGE ",105.0199966430664,0.2016248829921452,-317064,0.1659744163657783,275582,0.23542244471076806,0.003295296990515302,0.03281855410879842,0.05410016599657741,-0.07465241466857575,0.08952582180640231
2011-03-15,1580632,394890,140322,674319,984522,067651,"CRUDE OIL, LIGHT SWEET - NEW YORK MERCANTILE EXCHANGE ",97.18000030517578,0.1962525116535664,-310203,0.43629939766391274,254568,-1.3363060111513572,0.005236788818217057,0.039262946271757734,-0.07465241466857575,0.07017904582637646,0.09137125831473975
2011-03-22,1503614,382740,129012,655997,959977,067651,"CRUDE OIL, LIGHT SWEET - NEW YORK MERCANTILE EXCHANGE ",104.0,0.20216624745446637,-303980,0.39370327818239786,253728,-0.05314329964216845,0.026527035707257667,0.04584251746939924,0.07017904582637646,0.007596162649301297,0.09338838852508909
2011-03-29,1516081,392867,137973,655387,952880,067651,"CRUDE OIL, LIGHT SWEET - NEW YORK MERCANTILE EXCHANGE ",104.79000091552734,0.19622500380916322,-297493,0.43142721469738904,254894,0.0775464979708888,0.004792114742141696,0.035958104136839725,0.007596162649301297,0.03387723438637025,0.09516626001195774
2011-04-05,1566762,394454,142303,667562,956583,067651,"CRUDE OIL, LIGHT SWEET - NEW YORK MERCANTILE EXCHANGE ",108.33999633789062,0.18447026414988366,-289021,0.5588091929125159,252151,-0.18092700851735494,0.009776220719209184,0.011023610311556254,0.03387723438637025,-0.019291087396498985,0.0966235714503494
2011-04-12,1584517,385641,142380,666455,953925,067651,"CRUDE OIL, LIGHT SWEET - NEW YORK MERCANTILE EXCHANGE ",106.25,0.18142437095973094,-287470,0.0989939761112409,243261,-0.5674122808697173,0.002323529048741653,0.01683645158052426,-0.019291087396498985,0.01788236730238979,0.0980955763223368
2011-04-19,1539895,405826,151795,666080,961244,067651,"CRUDE OIL, LIGHT SWEET - NEW YORK MERCANTILE EXCHANGE ",108.1500015258789,0.1916780040197546,-295164,-0.4855738373270846,254031,0.6797023951147259,0.00472800745272607,0.05308264932633455,0.01788236730238979,0.03754042997051865,0.09968231673546495
2011-04-26,1553704,404938,146870,676873,968323,067651,"CRUDE OIL, LIGHT SWEET - NEW YORK MERCANTILE EXCHANGE ",112.20999908447266,0.18758399283261162,-291450,0.2411852756194416,258068,0.2621607317382029,0.010863143357995035,0.010534461261888194,0.03754042997051865,-0.010337724286421213,0.10138628812081067
2011-05-03,1624328,399341,155015,713611,997315,067651,"CRUDE OIL, LIGHT SWEET - NEW YORK MERCANTILE EXCHANGE ",111.0500030517578,0.17465930526346896,-283704,0.498550560467116,244326,-0.8844670542136727,0.03841779247027633,0.02478912467800475,-0.010337724286421213,-0.06456556147052128,0.10300415089735368
2011-05-10,1653799,380615,169101,746443,989614,067651,"CRUDE OIL, LIGHT SWEET - NEW YORK MERCANTILE EXCHANGE ",103.87999725341795,0.14703782019459438,-243171,2.4953703931718225,211514,-2.0200353623159852,0.023347735702226365,0.05968900304884704,-0.06456556147052128,-0.0670965900615601,0.10427947120659563
2011-05-17,1582868,344633,141554,723749,955276,067651,"CRUDE OIL, LIGHT SWEET - NEW YORK MERCANTILE EXCHANGE ",96.91000366210938,0.1462705670971932,-231527,0.704075888303234,203079,-0.5100377978218635,0.0339673322315034,0.13066782945656713,-0.0670965900615601,0.027654448194279535,0.10589203968294948
2011-05-24,1522076,342552,143360,701807,927447,067651,"CRUDE OIL, LIGHT SWEET - NEW YORK MERCANTILE EXCHANGE ",99.58999633789062,0.1482448971010646,-225640,0.37191983159682296,199192,-0.24556690766381023,0.0305483368461885,0.007999390836200793,0.027654448194279535,0.031228042220223795,0.10798438388510177
2011-05-31,1508418,337326,146189,680527,900146,067651,"CRUDE OIL, LIGHT SWEET - NEW YORK MERCANTILE EXCHANGE ",102.6999969482422,0.14559558424786764,-219619,0.39557814458673546,191137,-0.5292114191406999,0.030734377065971267,0.01665925565907986,0.031228042220223795,-0.035150932011915326,0.11036741800280811
2011-06-07,1515910,335195,159071,689225,896804,067651,"CRUDE OIL, LIGHT SWEET - NEW YORK MERCANTILE EXCHANGE ",99.08999633789062,0.1369335910443232,-207579,0.7981872398764798,176124,-0.9952811488592684,0.007591286161854544,0.030374332849113634,-0.035150932011915326,0.0028257787772705267,0.11266543059935315
2011-06-14,1584927,337048,170677,713293,911268,067651,"CRUDE OIL, LIGHT SWEET - NEW YORK MERCANTILE EXCHANGE ",99.37000274658205,0.12491111578009587,-197975,0.6335468464486678,166371,-0.6433759260114387,0.02371840761904293,0.026508444531980896,0.0028257787772705267,-0.06007850513930357,0.11466558018711431
2011-06-21,1528927,324165,175098,713723,891701,067651,"CRUDE OIL, LIGHT SWEET - NEW YORK MERCANTILE EXCHANGE ",93.4000015258789,0.11640712735140396,-177978,1.261698488321544,149067,-1.0917852998907835,0.012455899500692652,0.03465908749496758,-0.06007850513930357,-0.005460408221611868,0.11627483385448925
2011-06-28,1524313,317951,183397,723654,880073,067651,"CRUDE OIL, LIGHT SWEET - NEW YORK MERCANTILE EXCHANGE ",92.88999938964844,0.1026160637611829,-156419,1.4100738622576487,134554,-0.9492277917781556,0.013443061069620952,0.02894795630978881,-0.005460408221611868,0.0430616861479467,0.11762009675225085
2011-07-05,1522391,317825,179435,730459,887258,067651,"CRUDE OIL, LIGHT SWEET - NEW YORK MERCANTILE EXCHANGE ",96.88999938964844,0.10299522264648175,-156799,-0.024929263215625663,138390,0.2516543518293159,0.008647989728735001,0.008221051361460806,0.0430616861479467,0.005573340065321952,0.11907052112864978
2011-07-12,1538256,324437,173542,727913,899726,067651,"CRUDE OIL, LIGHT SWEET - NEW YORK MERCANTILE EXCHANGE ",97.43000030517578,0.11169337223453053,-171813,-0.9862118207477579,150895,0.8214052763054958,0.009224404182991437,0.02511150068577189,0.005573340065321952,0.000718461404136006,0.1207959544148691
2011-07-19,1493882,325849,170902,713077,898180,067651,"CRUDE OIL, LIGHT SWEET - NEW YORK MERCANTILE EXCHANGE ",97.5,0.12390737688786664,-185103,-0.8639654257808844,154947,0.26341519226968724,0.01016721727198082,0.008157004213378534,0.000718461404136006,0.021435859875801322,0.12272348084134176
2011-07-26,1506662,333079,174312,710340,901893,067651,"CRUDE OIL, LIGHT SWEET - NEW YORK MERCANTILE EXCHANGE ",99.58999633789062,0.12713734069087826,-191553,-0.43176100923633864,158767,0.25570962097407957,0.004000662435268351,0.020970021147399147,0.021435859875801322,-0.05823873517059841,0.12450332428792445
2011-08-02,1528978,329837,182461,709772,891003,067651,"CRUDE OIL, LIGHT SWEET - NEW YORK MERCANTILE EXCHANGE ",93.79000091552734,0.11853080946880858,-181231,0.6850906175373109,147376,-0.7560421647323686,0.007157782948884134,0.022235105348839934,-0.05823873517059841,-0.15449405823996154,0.12598247319489586
2011-08-09,1564480,325259,189541,717466,882939,067651,"CRUDE OIL, LIGHT SWEET - NEW YORK MERCANTILE EXCHANGE ",79.30000305175781,0.10576868991613828,-165473,1.030623069789101,135718,-0.762470094402928,0.009846257666028287,0.022645687645687647,-0.15449405823996154,0.09268597971331571,0.12704129746731088
2011-08-16,1553021,323171,191937,741831,883516,067651,"CRUDE OIL, LIGHT SWEET - NEW YORK MERCANTILE EXCHANGE ",86.6500015258789,0.09123186357428521,-141685,1.52050521579055,131234,-0.2866128042544488,0.015345646191244086,0.008704970608105485,0.09268597971331571,-0.01396421307749518,0.12767520831726545
2011-08-23,1465256,316226,179886,709810,860266,067651,"CRUDE OIL, LIGHT SWEET - NEW YORK MERCANTILE EXCHANGE ",85.44000244140625,0.10268239816114044,-150456,-0.5647702123796137,136340,0.32877855482958696,0.03520275451634188,0.03828974102621988,-0.01396421307749518,0.040496242809045846,0.12889210485805389
2011-08-30,1494803,318524,165836,720448,882222,067651,"CRUDE OIL, LIGHT SWEET - NEW YORK MERCANTILE EXCHANGE ",88.9000015258789,0.10822429443879895,-161774,-0.7724247503507919,152688,1.115709473293404,0.020337312110415742,0.03375175489305475,0.040496242809045846,-0.032396004874917006,0.13058847361947679
2011-09-06,1523907,337970,172828,726687,901488,067651,"CRUDE OIL, LIGHT SWEET - NEW YORK MERCANTILE EXCHANGE ",86.0199966430664,0.11470581866216245,-174801,-0.8714860754226476,165142,0.8331532650121789,0.01566477804904264,0.0517582292804592,-0.032396004874917006,0.04870963270078188,0.13243123102311039
2011-09-13,1462207,335221,169826,714757,883773,067651,"CRUDE OIL, LIGHT SWEET - NEW YORK MERCANTILE EXCHANGE ",90.20999908447266,0.11558965317496087,-169016,0.37961634141716,165395,0.016602062986783316,0.018545163368845128,0.011387059026189642,0.04870963270078188,-0.03680301217734605,0.13389378104565375
2011-09-20,1365197,327050,167085,663203,829603,067651,"CRUDE OIL, LIGHT SWEET - NEW YORK MERCANTILE EXCHANGE ",86.88999938964844,0.12188717086252021,-166400,0.17890763756431202,159965,-0.3713564495314275,0.07082233056405186,0.0220830339886873,-0.03680301217734605,-0.02808151062890829,0.13537111882890202
2011-09-27,1380562,320203,182517,663241,802292,067651,"CRUDE OIL, LIGHT SWEET - NEW YORK MERCANTILE EXCHANGE ",84.44999694824219,0.10072057611320608,-139051,2.003300622547515,137686,-1.6319256488257736,0.018661469922546952,0.04431691597708466,-0.02808151062890829,-0.10396683358885106,0.1362640039748209
2011-10-04,1431783,315593,207429,693235,807620,067651,"CRUDE OIL, LIGHT SWEET - NEW YORK MERCANTILE EXCHANGE ",75.66999816894531,0.07988989951689607,-114385,1.786663692032665,108164,-2.13840450483209,0.02353458528638676,0.05644504437671838,-0.10396683358885106,0.13400290253753244,0.1361212500486551
2011-10-11,1424634,312293,191232,674231,794796,067651,"CRUDE OIL, LIGHT SWEET - NEW YORK MERCANTILE EXCHANGE ",85.80999755859375,0.08462875377114402,-120565,-0.4316296533762449,121061,0.9007649902254741,0.021666041536336635,0.03872101683133906,0.13400290253753244,0.029483729766677902,0.13583855018495675
2011-10-18,1431563,323224,178853,684996,817265,067651,"CRUDE OIL, LIGHT SWEET - NEW YORK MERCANTILE EXCHANGE ",88.33999633789062,0.09239481601578135,-132269,-0.8215443405113173,144371,1.6362097212336644,0.022122653786525778,0.046427141653571063,0.029483729766677902,0.05467514185285327,0.1360167752706031
2011-10-25,1388897,335212,175494,645467,802858,067651,"CRUDE OIL, LIGHT SWEET - NEW YORK MERCANTILE EXCHANGE ",93.16999816894533,0.11332085820618808,-157391,-1.7548651369167827,159718,1.0720450305016265,0.03724026030069218,0.03005055746358962,0.05467514185285327,-0.01051836156272179,0.13633512314024984
2011-11-01,1345024,323638,162026,630398,796677,067651,"CRUDE OIL, LIGHT SWEET - NEW YORK MERCANTILE EXCHANGE ",92.19000244140624,0.12362530334031215,-166279,-0.6399322627955852,161612,0.13636720361553087,0.014890597901301613,0.05156239704816499,-0.01051836156272179,0.05000542887805626,0.13677294505582926
2011-11-08,1366205,329388,162346,627784,800292,067651,"CRUDE OIL, LIGHT SWEET - NEW YORK MERCANTILE EXCHANGE ",96.8000030517578,0.1262680198066908,-172508,-0.4631144128283212,167042,0.4037102683669585,0.004361812676636257,0.01234407220163747,0.05000542887805626,0.026549582787203985,0.1370456846525408
2011-11-15,1357125,321118,147711,616503,794522,067651,"CRUDE OIL, LIGHT SWEET - NEW YORK MERCANTILE EXCHANGE ",99.37000274658205,0.1311736207055356,-178019,-0.40338016622688394,173407,0.4658890869232655,0.012084123243741252,0.04885576617487399,0.026549582787203985,-0.013686228970123948,0.13683507955251792
2011-11-22,1295618,313952,156606,573814,751277,067651,"CRUDE OIL, LIGHT SWEET - NEW YORK MERCANTILE EXCHANGE ",98.01000213623048,0.13697169999181857,-177463,0.04096896011789629,157346,-1.1834576770746983,0.06485139511173195,0.03413181796930453,-0.013686228970123948,0.01816139925007576,0.1370765490808059
2011-11-29,1302512,308005,151526,576726,754556,067651,"CRUDE OIL, LIGHT SWEET - NEW YORK MERCANTILE EXCHANGE ",99.79000091552734,0.1365284926357684,-177830,-0.028326250484324852,156479,-0.06691787239757398,0.004650404647550256,0.023996204826225,0.01816139925007576,0.014931334303031285,0.13722942116235942
2011-12-06,1332544,308190,152386,573061,756902,067651,"CRUDE OIL, LIGHT SWEET - NEW YORK MERCANTILE EXCHANGE ",101.27999877929688,0.13796242375486287,-183841,-0.46149286916358545,155804,-0.05182293905929466,0.00451967460748908,0.0022688980754533455,0.014931334303031285,-0.01125591827990291,0.1370624086739598
2011-12-13,1346495,312304,163001,575481,751569,067651,"CRUDE OIL, LIGHT SWEET - NEW YORK MERCANTILE EXCHANGE ",100.13999938964844,0.13077508642809665,-176088,0.5818194371067672,149303,-0.48786381537870416,0.005842281752759881,0.030988523158813813,-0.01125591827990291,-0.02915915904476385,0.13690765340486202
2011-12-20,1298500,289295,151253,582535,738663,067651,"CRUDE OIL, LIGHT SWEET - NEW YORK MERCANTILE EXCHANGE ",97.22000122070312,0.12023719676549866,-156128,1.4823671829453509,138042,-0.8363194813200198,0.015107500919619921,0.07889492177923858,-0.02915915904476385,0.042378060743226476,0.13653399073105077
2011-12-27,1325562,297001,152413,582171,745540,067651,"CRUDE OIL, LIGHT SWEET - NEW YORK MERCANTILE EXCHANGE ",101.33999633789062,0.1232450839719304,-163369,-0.5576434347323835,144588,0.5041201386214863,0.005453747088033465,0.019727912348079944,0.042378060743226476,0.015985818088847914,0.1361797858784713
2012-01-03,1373018,301080,156612,581401,753553,067651,"CRUDE OIL, LIGHT SWEET - NEW YORK MERCANTILE EXCHANGE ",102.95999908447266,0.1253821872692128,-172152,-0.6625868876748127,144468,-0.009052764035179042,0.006579252918078076,0.018086398713545355,0.015985818088847914,-0.0069930189112804575,0.13613067108273338
2012-01-10,1388799,312172,152824,578874,774269,067651,"CRUDE OIL, LIGHT SWEET - NEW YORK MERCANTILE EXCHANGE ",102.23999786376952,0.14069350568368785,-195395,-1.6928401521320187,159348,1.0837439858763687,0.01717704632843683,0.03200027527118513,-0.0069930189112804575,-0.014964777105487825,0.13622829439644882
2012-01-17,1381041,322996,151770,577610,780726,067651,"CRUDE OIL, LIGHT SWEET - NEW YORK MERCANTILE EXCHANGE ",100.70999908447266,0.14707456187035722,-203116,-0.5559479809533273,171226,0.8552713531619768,0.00568416062005277,0.025018640761975373,-0.014964777105487825,-0.017475942331746208,0.13635630641746893
2012-01-24,1341810,322355,144510,549636,754903,067651,"CRUDE OIL, LIGHT SWEET - NEW YORK MERCANTILE EXCHANGE ",98.9499969482422,0.15297769430843414,-205267,-0.15575207397897672,177845,0.4792761402449312,0.04123832250319845,0.01692352178895398,-0.017475942331746208,-0.004749809053096299,0.13690326286032767
2012-01-31,1399874,321176,150477,571809,773269,067651,"CRUDE OIL, LIGHT SWEET - NEW YORK MERCANTILE EXCHANGE ",98.4800033569336,0.1439129521656949,-201460,0.28372124220269634,170699,-0.532564222952579,0.030138772621364707,0.015150969038678859,-0.004749809053096299,-0.000710801101118097,0.13720060158974404
2012-02-07,1484546,315171,146286,620629,821786,067651,"CRUDE OIL, LIGHT SWEET - NEW YORK MERCANTILE EXCHANGE ",98.41000366210938,0.13550068505792343,-201157,0.021644805175322922,168885,-0.12958309104962304,0.06748196600839564,0.022095233141982893,-0.000710801101118097,0.023676395843456932,0.13704042296911115
2012-02-14,1486350,349281,144529,599669,831482,067651,"CRUDE OIL, LIGHT SWEET - NEW YORK MERCANTILE EXCHANGE ",100.73999786376952,0.15596124735089312,-231813,-2.065008426818704,204752,2.4160248318341093,0.02142052096529297,0.07263319900366538,0.023676395843456932,0.05062535817221114,0.137369535239512
2012-02-21,1441526,367380,139200,542767,804445,067651,"CRUDE OIL, LIGHT SWEET - NEW YORK MERCANTILE EXCHANGE ",105.83999633789062,0.18152846358650485,-261678,-2.0092844888485213,228180,1.5762101792982812,0.062305709866004755,0.04624738442101938,0.05062535817221114,0.0067083025173253485,0.1375558022312094
2012-02-28,1517833,394656,140097,580262,871812,067651,"CRUDE OIL, LIGHT SWEET - NEW YORK MERCANTILE EXCHANGE ",106.5500030517578,0.1920830552504788,-291550,-2.0722484367260803,254559,1.8299357763925175,0.07221532786896535,0.052684136414381966,0.0067083025173253485,-0.017362797283233644,0.13733291430765396
2012-03-06,1584849,396749,159797,615643,889263,067651,"CRUDE OIL, LIGHT SWEET - NEW YORK MERCANTILE EXCHANGE ",104.6999969482422,0.1726473626194041,-273620,1.1812893776851603,236952,-1.1600090392026001,0.03510651163594271,0.03915758984881753,-0.017362797283233644,0.019197728699305472,0.13677565430048585
2012-03-13,1579060,408952,165778,606023,884640,067651,"CRUDE OIL, LIGHT SWEET - NEW YORK MERCANTILE EXCHANGE ",106.70999908447266,0.17644484693425203,-278617,-0.3152981766717208,243174,0.3925926066142579,0.009554808833384876,0.03163920449602422,0.019197728699305472,-0.010308298037284391,0.13639473767126825
2012-03-20,1558284,394918,160326,606909,876458,067651,"CRUDE OIL, LIGHT SWEET - NEW YORK MERCANTILE EXCHANGE ",105.61000061035156,0.1729780964188813,-269549,0.5742657023798969,234592,-0.5434878978632858,0.006113119679755583,0.03509448098493635,-0.010308298037284391,0.01628634798563322,0.1358334270744301
2012-03-27,1562147,387687,158235,613378,877327,067651,"CRUDE OIL, LIGHT SWEET - NEW YORK MERCANTILE EXCHANGE ",107.33000183105467,0.16896553269314604,-263949,0.35936966560652617,229452,-0.3298500145031329,0.0049225031109441505,0.01707569945889706,0.01628634798563322,-0.03093263428850135,0.13530920647604516
2012-04-03,1569070,375854,160297,635507,880889,067651,"CRUDE OIL, LIGHT SWEET - NEW YORK MERCANTILE EXCHANGE ",104.01000213623048,0.15638690434461178,-245382,1.1885565186887022,215557,-0.8894809515365711,0.01694214440027539,0.025916206441841942,-0.03093263428850135,-0.02874728806608251,0.1347691418644053
2012-04-10,1563132,366612,169030,636467,861585,067651,"CRUDE OIL, LIGHT SWEET - NEW YORK MERCANTILE EXCHANGE ",101.0199966430664,0.14401726789548164,-225118,1.2914656452548325,197582,-1.1455830523813468,0.013526900267814468,0.033557861407432575,-0.02874728806608251,0.03147891913332446,0.13404977449778513
2012-04-17,1570513,365343,151788,641557,873178,067651,"CRUDE OIL, LIGHT SWEET - NEW YORK MERCANTILE EXCHANGE ",104.1999969482422,0.14748110967562827,-231621,-0.4160237267230151,213555,1.0218586786016792,0.011013807695735558,0.03579557210842127,0.03147891913332446,-0.006237945446459725,0.13319983422193654
2012-04-24,1539257,356816,144430,616873,849355,067651,"CRUDE OIL, LIGHT SWEET - NEW YORK MERCANTILE EXCHANGE ",103.5500030517578,0.1510352072460934,-232482,-0.05482285087738847,212386,-0.07443427720751118,0.03308284932493446,0.03169102596329946,-0.006237945446459725,0.025205220023480024,0.13249697296065735
2012-05-01,1602007,374537,147894,625789,877252,067651,"CRUDE OIL, LIGHT SWEET - NEW YORK MERCANTILE EXCHANGE ",106.16000366210938,0.15696747891863144,-251463,-1.2331274114718984,226643,0.9262260947976849,0.024492345850845053,0.04055080958059533,0.025205220023480024,-0.08619066701431088,0.13215674553094894
2012-05-08,1590926,356626,172666,651460,855481,067651,"CRUDE OIL, LIGHT SWEET - NEW YORK MERCANTILE EXCHANGE ",97.01000213623048,0.12824040841623055,-204021,2.9614102809787974,183960,-2.6643454117241685,0.03148232080751669,0.0806416873861687,-0.08619066701431088,-0.03123388014198658,0.13179525684290347
2012-05-15,1539151,356311,171848,638344,837526,067651,"CRUDE OIL, LIGHT SWEET - NEW YORK MERCANTILE EXCHANGE ",93.9800033569336,0.12941030477191648,-199182,0.3041624814730541,184463,0.03161680681565327,0.021052667240339596,0.002145187339418622,-0.03123388014198658,-0.024686099297240083,0.13147102102895583
2012-05-22,1442523,343701,159630,607894,797331,067651,"CRUDE OIL, LIGHT SWEET - NEW YORK MERCANTILE EXCHANGE ",91.66000366210938,0.1313233827120954,-189437,0.6331412577453414,184071,-0.025468586253070684,0.05027308793965379,0.04932738098785888,-0.024686099297240083,-0.00981891217456865,0.13114560729070643
2012-05-29,1440107,343240,164355,606523,789940,067651,"CRUDE OIL, LIGHT SWEET - NEW YORK MERCANTILE EXCHANGE ",90.76000213623048,0.12736345285454484,-183417,0.41732436848493926,178885,-0.35950899916327156,0.006274423310893307,0.010216806706133827,-0.00981891217456865,-0.07128692230517675,0.1307949893792964
2012-06-05,1456604,326346,179509,621295,774957,067651,"CRUDE OIL, LIGHT SWEET - NEW YORK MERCANTILE EXCHANGE ",84.29000091552734,0.10549332557098566,-153662,2.066165916838124,146837,-2.2253901967006615,0.021310623010745912,0.06335412321712744,-0.07128692230517675,-0.011507903786538431,0.1301903688894245
2012-06-12,1458395,308626,177768,629659,766949,067651,"CRUDE OIL, LIGHT SWEET - NEW YORK MERCANTILE EXCHANGE ",83.31999969482422,0.09413773360440758,-137290,1.1239842812459666,130858,-1.0970037154916505,0.011722688112913573,0.040010773159208375,-0.011507903786538431,0.008521352461271725,0.12959857307835357
2012-06-19,1432126,300776,176868,643928,771762,067651,"CRUDE OIL, LIGHT SWEET - NEW YORK MERCANTILE EXCHANGE ",84.02999877929688,0.08926169904044756,-127834,0.648384011190384,123908,-0.4765512772602758,0.013478939598358398,0.018319082831564932,0.008521352461271725,-0.05557536875861402,0.1290765456108352
2012-06-26,1432162,295571,182738,650111,771985,067651,"CRUDE OIL, LIGHT SWEET - NEW YORK MERCANTILE EXCHANGE ",79.36000061035156,0.0850979149006886,-121874,0.4161644994923631,112833,-0.7733258107177721,0.004504618534894972,0.023154487998344166,-0.05557536875861402,0.10458673119862816,0.12873965813274874
2012-07-03,1432999,319921,188338,643391,777352,067651,"CRUDE OIL, LIGHT SWEET - NEW YORK MERCANTILE EXCHANGE ",87.66000366210938,0.09348296823654448,-133961,-0.8439687688962562,131583,1.30920943301107,0.008507520360825286,0.058926649601876206,0.10458673119862816,-0.042778916761794794,0.1285567301633269
2012-07-10,1413415,315407,176835,639783,782283,067651,"CRUDE OIL, LIGHT SWEET - NEW YORK MERCANTILE EXCHANGE ",83.91000366210938,0.10081964603460414,-142500,-0.5958831792625117,138572,0.4877184143185027,0.0060046439476086205,0.03253887315588674,-0.042778916761794794,0.06328205609400483,0.12834762004409755
2012-07-17,1403473,323621,150842,624854,791030,067651,"CRUDE OIL, LIGHT SWEET - NEW YORK MERCANTILE EXCHANGE ",89.22000122070312,0.11840341780711136,-166176,-1.6750918873791492,172779,2.420166759232073,0.016721708840554735,0.07209624354269985,0.06328205609400483,-0.008069953046986211,0.12824177467715994
2012-07-24,1389039,339805,149112,608497,798362,067651,"CRUDE OIL, LIGHT SWEET - NEW YORK MERCANTILE EXCHANGE ",88.5,0.136688026758068,-189865,-1.6878842699503305,190693,1.2764050323732627,0.016838219039718976,0.036640165917732455,-0.008069953046986211,-0.004971778998940635,0.12842544171691359
2012-07-31,1395758,328048,153651,614941,793315,067651,"CRUDE OIL, LIGHT SWEET - NEW YORK MERCANTILE EXCHANGE ",88.05999755859375,0.12779722559354845,-178374,0.8272625894593313,174397,-1.1731852021433524,0.008159738002181421,0.03383025499326343,-0.004971778998940635,0.06370657240387456,0.12860364202700475
2012-08-07,1449617,348715,144216,610863,815075,067651,"CRUDE OIL, LIGHT SWEET - NEW YORK MERCANTILE EXCHANGE ",93.66999816894533,0.14087307199073962,-204212,-1.8511805055031032,204499,2.1566775902412885,0.018120002412447104,0.0610673704839014,0.06370657240387456,-0.0025621636432262562,0.12927872629767015
2012-08-14,1469908,340551,147169,632977,830593,067651,"CRUDE OIL, LIGHT SWEET - NEW YORK MERCANTILE EXCHANGE ",93.43000030517578,0.13444106705997927,-197616,0.45501673890413813,193382,-0.7668922204968622,0.02571247019274787,0.022793816124005578,-0.0025621636432262562,0.034785400721228044,0.13010967251854888
2012-08-21,1470157,362472,132057,623839,855547,067651,"CRUDE OIL, LIGHT SWEET - NEW YORK MERCANTILE EXCHANGE ",96.68000030517578,0.15760765686930037,-231708,-2.3193288287430236,230415,2.519409378001889,0.02304469556964849,0.07488539600306554,0.034785400721228044,-0.003620174524372355,0.1311659274937058
2012-08-28,1511314,379630,130368,646826,900005,067651,"CRUDE OIL, LIGHT SWEET - NEW YORK MERCANTILE EXCHANGE ",96.33000183105467,0.1675224341202424,-253179,-1.4604562641949126,249262,1.2819719254474182,0.04360204831684909,0.03695504688253679,-0.003620174524372355,-0.010692398626788169,0.13230627633373354
2012-09-04,1531823,374147,135555,652677,901929,067651,"CRUDE OIL, LIGHT SWEET - NEW YORK MERCANTILE EXCHANGE ",95.3000030517578,0.16271592736236498,-249252,0.2598401126436995,238592,-0.7060081491999677,0.005001267202107801,0.020933800534429923,-0.010692398626788169,0.019622193675816746,0.13322954765489128
2012-09-11,1585806,380849,132184,666128,925816,067651,"CRUDE OIL, LIGHT SWEET - NEW YORK MERCANTILE EXCHANGE ",97.16999816894533,0.1637577358138385,-259688,-0.6812797562120428,248665,0.6575825013725476,0.02345434261506686,0.01963421456319574,0.019622193675816746,-0.019347507346344828,0.1341558569364082
2012-09-18,1607540,396187,129036,672515,951128,067651,"CRUDE OIL, LIGHT SWEET - NEW YORK MERCANTILE EXCHANGE ",95.29000091552734,0.17331637159884047,-278613,-1.193399444824903,267151,1.1657163612699157,0.019523380447549123,0.035196478448202,-0.019347507346344828,-0.04113756040804639,0.13514488002749125
2012-09-25,1555863,374662,143365,663843,908574,067651,"CRUDE OIL, LIGHT SWEET - NEW YORK MERCANTILE EXCHANGE ",91.37000274658205,0.157295983001074,-244731,2.107692499098001,231297,-2.230364407728579,0.03257787215477828,0.06921260860920377,-0.04113756040804639,0.005691108979263282,0.1362328686214887
2012-10-02,1556877,366395,150515,665573,889358,067651,"CRUDE OIL, LIGHT SWEET - NEW YORK MERCANTILE EXCHANGE ",91.88999938964844,0.1437396788570966,-223785,1.3462624922631363,215880,-0.9908970134259892,0.013470694198006214,0.029825308080710374,0.005691108979263282,0.005441288533258204,0.13746074899341565
2012-10-09,1542886,367337,153739,637207,854229,067651,"CRUDE OIL, LIGHT SWEET - NEW YORK MERCANTILE EXCHANGE ",92.38999938964844,0.1406597765486238,-217022,0.43439526693502445,213598,-0.14657548412623478,0.04257306381232584,0.007994994971942672,0.005441288533258204,-0.0032471377177152316,0.13853826866221336
2012-10-16,1580619,365184,158712,674070,883453,067651,"CRUDE OIL, LIGHT SWEET - NEW YORK MERCANTILE EXCHANGE ",92.08999633789062,0.13246898841529806,-209383,0.49511110995886926,206472,-0.4618617318453859,0.04243083408720128,0.013601936262158902,-0.0032471377177152316,-0.05885544993463354,0.13930892582374252
2012-10-23,1578997,362498,176117,686962,882205,067651,"CRUDE OIL, LIGHT SWEET - NEW YORK MERCANTILE EXCHANGE ",86.66999816894531,0.12365001326791628,-195243,0.894586234886459,186381,-1.2710843030483627,0.009011150502145406,0.037301226293363535,-0.05885544993463354,-0.004499819982552777,0.13950756342108345
2012-10-30,1597501,359653,190078,705841,880690,067651,"CRUDE OIL, LIGHT SWEET - NEW YORK MERCANTILE EXCHANGE ",86.27999877929688,0.10945157467820052,-174849,1.2915794013541508,169575,-1.064346544040299,0.012854460454917048,0.030571315788994982,-0.004499819982552777,0.028164120764439193,0.1392349917160428
2012-11-06,1614897,353453,187609,690262,854155,067651,"CRUDE OIL, LIGHT SWEET - NEW YORK MERCANTILE EXCHANGE ",88.70999908447266,0.10148820636857954,-163893,0.6858211669351068,165844,-0.23355227946649174,0.027268542110064832,0.016022193390036632,0.028164120764439193,-0.03753806634451373,0.13875845684223298
2012-11-13,1539663,341346,163579,640932,823546,067651,"CRUDE OIL, LIGHT SWEET - NEW YORK MERCANTILE EXCHANGE ",85.37999725341797,0.11860647427391578,-182614,-1.159268981241528,177767,0.7383133413462283,0.05458531982044114,0.07156904490765956,-0.03753806634451373,0.016045945076757162,0.13851678094931724
2012-11-20,1498820,340750,162871,626563,810541,067651,"CRUDE OIL, LIGHT SWEET - NEW YORK MERCANTILE EXCHANGE ",86.75,0.12274856220226578,-183978,-0.08859081500302339,177879,0.0072743191204828585,0.019048029926852894,0.0025892486611956214,0.016045945076757162,0.00495677585217047,0.1382432590687489
2012-11-27,1522133,338845,158811,636461,822220,067651,"CRUDE OIL, LIGHT SWEET - NEW YORK MERCANTILE EXCHANGE ",87.18000030517578,0.12203861292015875,-185759,-0.11882681042420036,180034,0.14377977342175846,0.014792130698898525,0.011986191264648673,0.00495677585217047,0.01514108385184132,0.1379646075357564
2012-12-04,1549067,346065,152232,632606,829299,067651,"CRUDE OIL, LIGHT SWEET - NEW YORK MERCANTILE EXCHANGE ",88.5,0.1269751405200679,-196693,-0.7183340746176582,193833,0.906556785773648,0.007479282169498018,0.02769232004206327,0.01514108385184132,-0.030621458581611916,0.13775331362739496
2012-12-11,1543454,342234,175895,631085,807334,067651,"CRUDE OIL, LIGHT SWEET - NEW YORK MERCANTILE EXCHANGE ",85.79000091552734,0.11419128785179215,-176249,1.3197621536060093,166339,-1.7748748117415194,0.016327648619769344,0.05306400529597841,-0.030621458581611916,0.02494462486083404,0.13743439442400449
2012-12-18,1493851,341629,158718,604025,787977,067651,"CRUDE OIL, LIGHT SWEET - NEW YORK MERCANTILE EXCHANGE ",87.93000030517578,0.12313945634470908,-183952,-0.499075450256373,182911,1.0736957499219284,0.033345498066813126,0.03553933570102349,0.02494462486083404,0.059365417975505874,0.13749020710822007
2013-01-08,1477695,347860,133082,574621,793007,067651,"CRUDE OIL, LIGHT SWEET - NEW YORK MERCANTILE EXCHANGE ",93.1500015258789,0.1477882783659686,-218386,-2.3050491648765505,214778,2.1332114113121055,0.025177899253305724,0.06625954896848268,0.059365417975505874,0.0013955689886044897,0.13796219161579773
2013-01-15,1495149,354130,127379,564730,804346,067651,"CRUDE OIL, LIGHT SWEET - NEW YORK MERCANTILE EXCHANGE ",93.27999877929688,0.1602622882401687,-239616,-1.4366970179908574,226751,0.8102483936130257,0.01550680897189053,0.02486557883653265,0.0013955689886044897,0.031732409125305505,0.1386329627883161
2013-01-22,1491867,366484,120381,536150,788559,067651,"CRUDE OIL, LIGHT SWEET - NEW YORK MERCANTILE EXCHANGE ",96.23999786376952,0.16919001492760413,-252409,-0.8556337863316632,246103,1.2943191615016296,0.03349188387789318,0.03974818481509248,0.031732409125305505,0.013819636955284986,0.13918097258146836
2013-01-29,1553636,378904,110915,540734,816465,067651,"CRUDE OIL, LIGHT SWEET - NEW YORK MERCANTILE EXCHANGE ",97.56999969482422,0.17747464657101147,-275731,-1.563276082921601,267989,1.4670208537356213,0.023939009680967935,0.04468181103632158,0.013819636955284986,-0.009531621482880004,0.13976558959494248
2013-02-05,1594844,380063,113259,571240,852228,067651,"CRUDE OIL, LIGHT SWEET - NEW YORK MERCANTILE EXCHANGE ",96.63999938964844,0.17618525699065238,-280988,-0.3383675455512102,266804,-0.07627269193041356,0.046554611694818566,0.007100838803053584,-0.009531621482880004,0.009002511921323952,0.14021188887729283
2013-02-12,1653440,391902,119027,571616,857279,067651,"CRUDE OIL, LIGHT SWEET - NEW YORK MERCANTILE EXCHANGE ",97.51000213623048,0.1727688939423263,-285663,-0.29313211825106406,272875,0.38066419035341387,0.0037980397439979843,0.03446075677833906,0.009002511921323952,-0.0087170388216542,0.14076681083453574
2013-02-19,1650211,380355,122437,577086,847034,067651,"CRUDE OIL, LIGHT SWEET - NEW YORK MERCANTILE EXCHANGE ",96.66000366210938,0.16358392957021858,-269948,0.9504427133733306,257918,-0.9045988968453649,0.011034884700727467,0.029747887794555204,-0.0087170388216542,-0.041692595241139885,0.14130687322900295
2013-02-26,1654089,374809,138711,585293,833573,067651,"CRUDE OIL, LIGHT SWEET - NEW YORK MERCANTILE EXCHANGE ",92.62999725341795,0.1501007503223829,-248280,1.3130442107100242,236098,-1.3222551540378775,0.015271350501033924,0.042491042218414085,-0.041692595241139885,-0.019540080020103323,0.14119417136307005
2013-03-05,1710526,380407,144667,610227,840541,067651,"CRUDE OIL, LIGHT SWEET - NEW YORK MERCANTILE EXCHANGE ",90.81999969482422,0.13464513254987062,-230314,1.086156790837736,235740,-0.021643333581203912,0.02198973233487367,0.022004517458491565,-0.019540080020103323,0.018938573293137084,0.1402925688431348
2013-03-12,1720024,376467,148272,600968,826255,067651,"CRUDE OIL, LIGHT SWEET - NEW YORK MERCANTILE EXCHANGE ",92.54000091552734,0.1309789863397255,-225287,0.29388620810206917,228195,-0.4410923891247488,0.016497071585869903,0.014378576778169718,0.018938573293137084,-0.004106302676232243,0.1391174905948511
2013-03-19,1647391,358086,134365,579870,801723,067651,"CRUDE OIL, LIGHT SWEET - NEW YORK MERCANTILE EXCHANGE ",92.16000366210938,0.1346693043727931,-221853,0.1996483769993907,223721,-0.26011264959093594,0.033027092638714874,0.06556591417217145,-0.004106302676232243,0.045355821502639726,0.1383871433208778
2013-03-26,1693684,364846,120239,605459,849358,067651,"CRUDE OIL, LIGHT SWEET - NEW YORK MERCANTILE EXCHANGE ",96.33999633789062,0.14400502100746065,-243899,-1.338237249080516,244607,1.2678228787215664,0.05033210362540443,0.04305637156374656,0.045355821502639726,0.008822982518438272,0.13776330051459335
2013-04-02,1731930,369816,120966,604305,860779,067651,"CRUDE OIL, LIGHT SWEET - NEW YORK MERCANTILE EXCHANGE ",97.19000244140624,0.14808566166069068,-256474,-0.7424643558066322,248850,0.25051898701292563,0.008583125609180089,0.01160800518356419,0.008822982518438272,-0.03076453768963161,0.1372845998461666
2013-04-09,1768185,349203,125805,641239,872511,067651,"CRUDE OIL, LIGHT SWEET - NEW YORK MERCANTILE EXCHANGE ",94.1999969482422,0.13079626849000528,-231272,1.4551396419023863,223398,-1.4695744054320903,0.032149298100743184,0.0535822554567502,-0.03076453768963161,-0.05817405419397237,0.13655057553456773
2013-04-16,1764368,348044,137341,657442,864094,067651,"CRUDE OIL, LIGHT SWEET - NEW YORK MERCANTILE EXCHANGE ",88.72000122070312,0.11712522557652372,-206652,1.3923882399183343,210703,-0.7179678596979389,0.016181017077479598,0.02615449591561338,-0.05817405419397237,0.005184840826685022,0.13579554325056603
2013-04-23,1718878,366860,155285,636281,835468,067651,"CRUDE OIL, LIGHT SWEET - NEW YORK MERCANTILE EXCHANGE ",89.18000030517578,0.11588198813412005,-199187,0.4230976757683204,211575,0.04942279615136978,0.03382845852112011,0.07040189985540415,0.005184840826685022,0.04799280965071362,0.13525448017823216
2013-04-30,1771193,366605,156664,672928,873352,067651,"CRUDE OIL, LIGHT SWEET - NEW YORK MERCANTILE EXCHANGE ",93.45999908447266,0.1131576287846666,-200424,-0.0719655496201592,209941,-0.09506201138184328,0.04820019660087436,0.0031226768640985805,0.04799280965071362,0.023111530957293347,0.13459441323802138
2013-05-07,1770442,361677,141051,671362,887913,067651,"CRUDE OIL, LIGHT SWEET - NEW YORK MERCANTILE EXCHANGE ",95.62000274658205,0.12231465362886781,-216551,-0.9105162452651969,220626,0.6032657084801035,0.01034262718250469,0.040859072898267054,0.023111530957293347,-0.01474590694006006,0.13404209489922858
2013-05-14,1758686,360341,127751,662748,897183,067651,"CRUDE OIL, LIGHT SWEET - NEW YORK MERCANTILE EXCHANGE ",94.20999908447266,0.13330122602897845,-234435,-1.010143229769741,232590,0.6757634534201064,0.01146460965260643,0.02998615015202052,-0.01474590694006006,0.020698488446945662,0.1335869746513506
2013-05-21,1742051,386105,117161,643047,910857,067651,"CRUDE OIL, LIGHT SWEET - NEW YORK MERCANTILE EXCHANGE ",96.16000366210938,0.15373258303000314,-267810,-1.8977236414004548,268944,2.067111468448603,0.021478160813023197,0.07223615344569273,0.020698488446945662,-0.011959250021659873,0.13407720877853857
2013-05-28,1744717,379881,122742,660254,918821,067651,"CRUDE OIL, LIGHT SWEET - NEW YORK MERCANTILE EXCHANGE ",95.01000213623048,0.14819996595436394,-258567,0.5305814812539931,257139,-0.6776495062429286,0.01594034482212688,0.023486788308533433,-0.011959250021659873,-0.017892901162123498,0.13443854841666256
2013-06-04,1740663,379736,123902,652751,900169,067651,"CRUDE OIL, LIGHT SWEET - NEW YORK MERCANTILE EXCHANGE ",93.30999755859376,0.1421400925969013,-247418,0.639014808705366,255834,-0.0747972307256707,0.016842464518455554,0.0025911468157684687,-0.017892901162123498,0.022184114767813012,0.13464656206829342
2013-06-11,1815904,389767,119936,663235,931101,067651,"CRUDE OIL, LIGHT SWEET - NEW YORK MERCANTILE EXCHANGE ",95.37999725341795,0.14751110190847094,-267866,-1.174724803135357,269831,0.8041188903308683,0.025976958432852297,0.027461090085795063,0.022184114767813012,0.03208225284236543,0.13503401685779198
2013-06-18,1868964,411697,112962,672143,966572,067651,"CRUDE OIL, LIGHT SWEET - NEW YORK MERCANTILE EXCHANGE ",98.44000244140624,0.15753593969707283,-294429,-1.4627975928242902,298735,1.5917140994237582,0.02708158526650455,0.05509102102508486,0.03208225284236543,-0.03169446027227718,0.13603483636021677
2013-06-25,1809371,387757,113283,686619,961205,067651,"CRUDE OIL, LIGHT SWEET - NEW YORK MERCANTILE EXCHANGE ",95.31999969482422,0.15175771027611254,-274586,1.0617111940090873,274474,-1.298098839785036,0.012041941372379574,0.048421283729841925,-0.03169446027227718,0.044901372146450846,0.13714291283467264
2013-07-02,1769805,405049,115454,679935,971725,067651,"CRUDE OIL, LIGHT SWEET - NEW YORK MERCANTILE EXCHANGE ",99.5999984741211,0.16487127112874017,-291790,-0.9508276633150415,289595,0.8357047835960674,0.010416187350907572,0.03739267593078234,0.044901372146450846,0.03945783499381195,0.1385969430671398
2013-07-09,1818204,424926,119534,685510,1001694,067651,"CRUDE OIL, LIGHT SWEET - NEW YORK MERCANTILE EXCHANGE ",103.52999877929688,0.17389907843124314,-316184,-1.3783439418467005,305392,0.8925842112549123,0.021066806385001458,0.0440013958784851,0.03945783499381195,0.02385783106178363,0.1403046577504197
2013-07-16,1880612,443242,113793,702809,1042970,067651,"CRUDE OIL, LIGHT SWEET - NEW YORK MERCANTILE EXCHANGE ",106.0,0.18087782062434996,-340161,-1.3187189116292781,329449,1.3231188579499331,0.033552356856165644,0.043187591443984666,0.02385783106178363,0.011603805254090549,0.14198532798864671
2013-07-23,1865700,476061,114995,700234,1072649,067651,"CRUDE OIL, LIGHT SWEET - NEW YORK MERCANTILE EXCHANGE ",107.2300033569336,0.1996114059066302,-372415,-1.7150799846007578,361066,1.6812080322788538,0.018192965920480933,0.0575596897755881,0.011603805254090549,-0.038701868842295206,0.14388516952464722
2013-07-30,1837823,478424,115483,670771,1042692,067651,"CRUDE OIL, LIGHT SWEET - NEW YORK MERCANTILE EXCHANGE ",103.08000183105467,0.20237041325524818,-371921,0.026477997534437473,362941,0.10049847242321916,0.034678309365302896,0.004800414879770738,-0.038701868842295206,0.0215366820068712,0.14549991943711138
2013-08-06,1879218,478249,120723,700317,1063141,067651,"CRUDE OIL, LIGHT SWEET - NEW YORK MERCANTILE EXCHANGE ",105.3000030517578,0.19307179901427082,-362824,0.4949878198281336,357526,-0.2946420846838896,0.028350547617238403,0.009040489371790333,0.0215366820068712,0.014529902516193127,0.14658422274973068
2013-08-13,1934417,474557,124082,719958,1073769,067651,"CRUDE OIL, LIGHT SWEET - NEW YORK MERCANTILE EXCHANGE ",106.83000183105467,0.18290316927529068,-353811,0.47961439279530105,350475,-0.3752092625762418,0.016874920208036118,0.011778383967633248,0.014529902516193127,-0.017410845066660463,0.14764395243591802
2013-08-20,1835367,470147,124770,653883,1010155,067651,"CRUDE OIL, LIGHT SWEET - NEW YORK MERCANTILE EXCHANGE ",104.97000122070312,0.19411485550301383,-356272,-0.1272217934395738,345377,-0.2635419353738103,0.0779363211657426,0.008569262603018572,-0.017410845066660463,0.038487195089510484,0.14866783288807714
2013-08-27,1855284,471493,126363,660743,1026734,067651,"CRUDE OIL, LIGHT SWEET - NEW YORK MERCANTILE EXCHANGE ",109.01000213623048,0.19726952854657293,-365991,-0.5295398685930388,345130,-0.013457798903434572,0.013889967092884821,0.004915899480811433,0.038487195089510484,-0.004311542165789328,0.1498760725320501
2013-09-03,1856725,464921,125573,658035,1020417,067651,"CRUDE OIL, LIGHT SWEET - NEW YORK MERCANTILE EXCHANGE ",108.54000091552734,0.19517268308446323,-362382,0.19452547426701247,339348,-0.3116503996153689,0.005376978310967486,0.012467527189099296,-0.004311542165789328,-0.010595186255562217,0.15059847688234168
2013-09-10,1901643,460222,125397,684577,1039453,067651,"CRUDE OIL, LIGHT SWEET - NEW YORK MERCANTILE EXCHANGE ",107.38999938964844,0.1866154688340556,-354876,0.4042601893118259,334825,-0.24360096406306803,0.026436894949623847,0.00832452498979712,-0.010595186255562217,-0.018344363831824362,0.15096565062683812
2013-09-17,1926402,448359,121528,710214,1054191,067651,"CRUDE OIL, LIGHT SWEET - NEW YORK MERCANTILE EXCHANGE ",105.41999816894533,0.1785593038213208,-343977,0.5731359671610287,326831,-0.42037332979954706,0.02288306822979985,0.02760547266387898,-0.018344363831824362,-0.021722642338291798,0.15127033094335648
2013-09-24,1881081,431586,110828,718257,1058400,067651,"CRUDE OIL, LIGHT SWEET - NEW YORK MERCANTILE EXCHANGE ",103.12999725341795,0.18082315434582563,-340143,0.19902387975095542,320758,-0.3152509185517872,0.00689609755850454,0.05064950388448676,-0.021722642338291798,-0.010569149296224656,0.15159851206897162
2013-10-01,1856649,424081,108643,707802,1041475,067651,"CRUDE OIL, LIGHT SWEET - NEW YORK MERCANTILE EXCHANGE ",102.04000091552734,0.17971786805152723,-333673,0.34395116425076855,315438,-0.2828161041443723,0.01565218087244044,0.018189531539784202,-0.010569149296224656,0.014210083645947114,0.15172161776998483
2013-10-08,1871940,427951,112357,695078,1026195,067651,"CRUDE OIL, LIGHT SWEET - NEW YORK MERCANTILE EXCHANGE ",103.48999786376952,0.17688440868831265,-331117,0.13766737816356242,315594,0.008402234348010853,0.01626935413499195,0.014036438475832302,0.014210083645947114,-0.022031102776697065,0.1520983182639702
2013-10-15,1824929,416914,113982,680942,998327,067651,"CRUDE OIL, LIGHT SWEET - NEW YORK MERCANTILE EXCHANGE ",101.20999908447266,0.1739163551020341,-317385,0.7335705204226631,302932,-0.6764105687148092,0.025013264700295187,0.0238502456224948,-0.022031102776697065,-0.033692283999220085,0.1526786389609882
2013-10-22,1785295,425724,126528,666611,983338,067651,"CRUDE OIL, LIGHT SWEET - NEW YORK MERCANTILE EXCHANGE ",97.8000030517578,0.1774087755805063,-316727,0.03605619725479731,299196,-0.20472029322784613,0.017770246231853228,0.03867075175825529,-0.033692283999220085,0.004089917014345357,0.1533853504808321
2013-10-29,1774386,422864,120648,707570,1014052,067651,"CRUDE OIL, LIGHT SWEET - NEW YORK MERCANTILE EXCHANGE ",98.1999969482422,0.17272566397615852,-306482,0.5738547410932087,302216,0.16915971870195123,0.04163108975140885,0.016080601716245455,0.004089917014345357,-0.04918527853117838,0.15415951731854097
2013-11-05,1736874,436733,137219,659906,971150,067651,"CRUDE OIL, LIGHT SWEET - NEW YORK MERCANTILE EXCHANGE ",93.37000274658205,0.17919780018585113,-311244,-0.268374525046974,299514,-0.15227802744160515,0.05552599052393051,0.05303579393398751,-0.04918527853117838,-0.0035343453073506392,0.1552277439900397
2013-11-12,1735933,454010,148444,649309,959227,067651,"CRUDE OIL, LIGHT SWEET - NEW YORK MERCANTILE EXCHANGE ",93.04000091552734,0.17853108386095545,-309918,0.07634405259103424,305566,0.3484420861847204,0.014000308354926468,0.047309836103669324,-0.0035343453073506392,0.0032243703720042927,0.15655619608970806
2013-11-19,1620641,431042,117882,608850,924539,067651,"CRUDE OIL, LIGHT SWEET - NEW YORK MERCANTILE EXCHANGE ",93.33999633789062,0.19479267771209047,-315689,-0.3324437060646926,313160,0.43745927982243554,0.04900713387144423,0.09751805350103111,0.0032243703720042927,0.00364263960386646,0.15835051284631402
2013-11-26,1636454,439091,131552,599534,909832,067651,"CRUDE OIL, LIGHT SWEET - NEW YORK MERCANTILE EXCHANGE ",93.68000030517578,0.1896160845339985,-310298,0.332646156675044,307539,-0.3468380720961644,0.015915954115834064,0.03806057377379553,0.00364263960386646,0.02519214990033647,0.15971608227439257
2013-12-03,1645686,457545,136697,588764,913508,067651,"CRUDE OIL, LIGHT SWEET - NEW YORK MERCANTILE EXCHANGE ",96.04000091552734,0.19733047495087155,-324744,-0.8827623630117314,320848,0.813282866490595,0.00961610147829421,0.0397127769494583,0.02519214990033647,0.025718463110757872,0.16115034982725038
2013-12-10,1661416,460410,111407,571251,920974,067651,"CRUDE OIL, LIGHT SWEET - NEW YORK MERCANTILE EXCHANGE ",98.51000213623048,0.2104969495899883,-349723,-1.5178472685554838,349003,1.7108366966723905,0.01673943272629798,0.04923778061862449,0.025718463110757872,-0.013095126256757128,0.16285147168628555
2013-12-17,1629694,456968,110268,572411,922386,067651,"CRUDE OIL, LIGHT SWEET - NEW YORK MERCANTILE EXCHANGE ",97.22000122070312,0.21474890378193698,-349975,-0.015167784588567825,346700,-0.13861669804552262,0.0017206349758529084,0.008076003638697121,-0.013095126256757128,0.020571898527955268,0.1645394286720907
2013-12-24,1598935,458206,105441,560983,925531,067651,"CRUDE OIL, LIGHT SWEET - NEW YORK MERCANTILE EXCHANGE ",99.22000122070312,0.22799425867843284,-364548,-0.8942169511577021,352765,0.372155754393156,0.00980347309207986,0.010760280814055606,0.020571898527955268,-0.0080629212045491,0.16672794734183383
2013-12-31,1615844,462028,106739,557217,927085,067651,"CRUDE OIL, LIGHT SWEET - NEW YORK MERCANTILE EXCHANGE ",98.41999816894533,0.22890080973163252,-369868,-0.33272146772695577,355289,0.15785507228248802,0.0035841762660159455,0.009001928733558734,-0.0080629212045491,-0.0482625491604487,0.16876181952235159
2014-01-07,1619796,454829,123818,571328,916651,067651,"CRUDE OIL, LIGHT SWEET - NEW YORK MERCANTILE EXCHANGE ",93.66999816894533,0.21318919172537776,-345323,1.5190204004842052,331011,-1.5024965281301907,0.016495528498722094,0.04195649506521247,-0.0482625491604487,-0.01152985856908828,0.1700195293946479
2014-01-14,1623027,463186,135835,560092,897400,067651,"CRUDE OIL, LIGHT SWEET - NEW YORK MERCANTILE EXCHANGE ",92.58999633789062,0.20782648717488988,-337308,0.49481539650672063,327351,-0.22595437944037394,0.020917438997949903,0.03401216317958803,-0.01152985856908828,0.025920743285489767,0.1709342255280079
2014-01-21,1613293,473506,133457,558910,898363,067651,"CRUDE OIL, LIGHT SWEET - NEW YORK MERCANTILE EXCHANGE ",94.98999786376952,0.21041001231642362,-339453,-0.13216046313462437,340049,0.7823652964491657,0.0014719273602132202,0.020920550346561487,0.025920743285489767,0.025476427547777458,0.17172691778548524
2014-01-28,1591971,471470,120324,541757,895719,067651,"CRUDE OIL, LIGHT SWEET - NEW YORK MERCANTILE EXCHANGE ",97.41000366210938,0.2223419898980572,-353962,-0.8993406653348153,351146,0.6878477747067644,0.013772056020413558,0.02563223013413451,0.025476427547777458,-0.0022585074677368144,0.17258975131100532
2014-02-04,1561179,471978,111761,522777,886824,067651,"CRUDE OIL, LIGHT SWEET - NEW YORK MERCANTILE EXCHANGE ",97.19000244140624,0.23318722580818727,-364047,-0.6334914392284784,360217,0.5697968116253374,0.01977509947850491,0.015539479116522967,-0.0022585074677368144,0.028295091376892456,0.17368594301903487
2014-02-11,1646415,486742,104408,533806,923570,067651,"CRUDE OIL, LIGHT SWEET - NEW YORK MERCANTILE EXCHANGE ",99.94000244140624,0.23673496657890022,-389764,-1.6472806769755421,382334,1.416685722777465,0.03278151966273631,0.03741351602808086,0.028295091376892456,0.02491492698561215,0.17491605980050745
2014-02-18,1650294,512044,95603,518891,942843,067651,"CRUDE OIL, LIGHT SWEET - NEW YORK MERCANTILE EXCHANGE ",102.43000030517578,0.2568948320723459,-423952,-2.0765116935887975,416441,2.071591913338982,0.023388660317130203,0.05612962789250996,0.02491492698561215,-0.005857643974748528,0.17671050023324067
2014-02-25,1643886,514502,98064,508679,941900,067651,"CRUDE OIL, LIGHT SWEET - NEW YORK MERCANTILE EXCHANGE ",101.83000183105467,0.26353469766151666,-433221,-0.5616574986032792,416438,-0.00018178579089544046,0.007690032738651256,0.008030155117979124,-0.005857643974748528,0.014730432809857419,0.17889192229745474
2014-03-04,1687807,521727,95909,523812,969607,067651,"CRUDE OIL, LIGHT SWEET - NEW YORK MERCANTILE EXCHANGE ",103.33000183105467,0.26412676330883805,-445795,-0.7648948893049762,425818,0.570599177801867,0.0286858544052272,0.015186938585186096,0.014730432809857419,-0.03193654304926197,0.18138195365820411
2014-03-11,1697240,511076,104244,544030,974801,067651,"CRUDE OIL, LIGHT SWEET - NEW YORK MERCANTILE EXCHANGE ",100.02999877929688,0.25380676863613866,-430771,0.890149169899165,406832,-1.1248916493414236,0.01673128873455967,0.030855489826431777,-0.03193654304926197,-0.003299028642225421,0.1837440263946736
2014-03-18,1623266,492620,108335,549137,951136,067651,"CRUDE OIL, LIGHT SWEET - NEW YORK MERCANTILE EXCHANGE ",99.6999969482422,0.24764825974301194,-401999,1.6952228323631309,384285,-1.3284508967500177,0.019177842965913537,0.037518616202544285,-0.003299028642225421,-0.005115291097759211,0.18591669861333168
2014-03-25,1604566,498080,106906,534991,944681,067651,"CRUDE OIL, LIGHT SWEET - NEW YORK MERCANTILE EXCHANGE ",99.19000244140624,0.25532760883628347,-409690,-0.47379788648317644,391174,0.42439131972209115,0.013922680161549317,0.011387040361264558,-0.005115291097759211,0.005544867515132612,0.1880575176100398
2014-04-01,1644507,502389,110606,561769,972062,067651,"CRUDE OIL, LIGHT SWEET - NEW YORK MERCANTILE EXCHANGE ",99.73999786376952,0.2494930091510708,-410293,-0.03758025534630548,391783,0.03795418823532345,0.035309626679862385,0.013065359423812593,0.005544867515132612,0.028273508674784287,0.19000765890793175
2014-04-08,1655472,512035,112248,559083,981623,067651,"CRUDE OIL, LIGHT SWEET - NEW YORK MERCANTILE EXCHANGE ",102.55999755859376,0.25523838518561476,-422540,-0.7447216703851063,399787,0.4867112149720251,0.007948953272071376,0.01808154314629743,0.028273508674784287,0.011602988199433062,0.19240077653669344
2014-04-15,1674276,523490,113939,569608,998745,067651,"CRUDE OIL, LIGHT SWEET - NEW YORK MERCANTILE EXCHANGE ",103.75,0.25631198201491273,-429137,-0.3984966221113978,409551,0.5898015792474895,0.017628046747128995,0.02062347335938591,0.011602988199433062,-0.015614484304405263,0.19507744492973939
2014-04-22,1619737,517023,106898,536742,968841,067651,"CRUDE OIL, LIGHT SWEET - NEW YORK MERCANTILE EXCHANGE ",102.12999725341795,0.2667710869110232,-432099,-0.1769122892521902,410125,0.03428347536487413,0.04169149093739767,0.021650176865340324,-0.015614484304405263,-0.008322711220797863,0.19797915836775676
2014-04-29,1651521,522018,119691,549699,975264,067651,"CRUDE OIL, LIGHT SWEET - NEW YORK MERCANTILE EXCHANGE ",101.27999877929688,0.25768064711257077,-425565,0.4033988233892292,402327,-0.48143618377551417,0.012708505058811263,0.0277197296593939,-0.008322711220797863,-0.017575027653542352,0.2007584471817549
2014-05-06,1638412,492901,109808,548848,953775,067651,"CRUDE OIL, LIGHT SWEET - NEW YORK MERCANTILE EXCHANGE ",99.5,0.24714601699694583,-404927,1.2496359416562066,383093,-1.1646233986731018,0.014867335319637727,0.06470784408396092,-0.017575027653542352,0.022110522092886553,0.20315905032344872
2014-05-13,1627403,495080,107341,533186,940551,067651,"CRUDE OIL, LIGHT SWEET - NEW YORK MERCANTILE EXCHANGE ",101.6999969482422,0.25031599425587886,-407365,-0.1488026210745527,387739,0.28356725902886454,0.019600512167367717,0.007712214547633631,0.022110522092886553,0.007276357083281448,0.2054093343278122
2014-05-20,1607523,507592,97384,491241,920424,067651,"CRUDE OIL, LIGHT SWEET - NEW YORK MERCANTILE EXCHANGE ",102.44000244140624,0.266984049372855,-429183,-1.3406636217335228,410208,1.380666005900198,0.043970772102446404,0.0371403163100685,0.007276357083281448,0.016302207430154425,0.2075872471420978
2014-05-27,1635600,526135,102999,478111,923603,067651,"CRUDE OIL, LIGHT SWEET - NEW YORK MERCANTILE EXCHANGE ",104.11000061035156,0.272372218146246,-445492,-1.0145422491622205,423136,0.8042186643674771,0.011635041099682246,0.038398814878865234,0.016302207430154425,-0.01392754720719902,0.20997517506886476
2014-06-03,1664043,520556,103971,503713,945287,067651,"CRUDE OIL, LIGHT SWEET - NEW YORK MERCANTILE EXCHANGE ",102.66000366210938,0.2653621330698786,-441574,0.23954512105649303,416585,-0.40052580092932255,0.032633540372670806,0.010489538482723725,-0.01392754720719902,0.016462056806213488,0.21234482969334512
2014-06-10,1676336,520876,102865,502563,949345,067651,"CRUDE OIL, LIGHT SWEET - NEW YORK MERCANTILE EXCHANGE ",104.3499984741211,0.2665229405083468,-446782,-0.3129726815953674,418011,0.08569490091301728,0.003587004135248239,0.0022862053320208226,0.016462056806213488,0.019262119459723337,0.21463351889718887
2014-06-17,1721703,545061,87905,491334,979110,067651,"CRUDE OIL, LIGHT SWEET - NEW YORK MERCANTILE EXCHANGE ",106.36000061035156,0.2833101876456044,-487776,-2.4454524629907133,457156,2.3351523799524676,0.027878654338417512,0.06184376412003172,0.019262119459723337,-0.003102687374585855,0.21705225443466064
2014-06-24,1720856,548016,89047,500890,993470,067651,"CRUDE OIL, LIGHT SWEET - NEW YORK MERCANTILE EXCHANGE ",106.02999877929688,0.286241265974608,-492580,-0.2790260573397386,458969,0.10530271481202043,0.016004175700634386,0.0064310751056018,-0.003102687374585855,-0.0065076152914280705,0.21963847665963168
2014-07-01,1759554,535712,89872,525102,1006484,067651,"CRUDE OIL, LIGHT SWEET - NEW YORK MERCANTILE EXCHANGE ",105.33999633789062,0.2735818281223537,-481382,0.6507226636046246,445840,-0.7629342606237826,0.02430552381648827,0.020986789943476816,-0.0065076152914280705,-0.01841650730449007,0.22172906429412426
2014-07-08,1742131,514431,89544,529159,991789,067651,"CRUDE OIL, LIGHT SWEET - NEW YORK MERCANTILE EXCHANGE ",103.4000015258789,0.26555408290191723,-462630,1.065724609759064,424887,-1.1908131265081947,0.01232915260745272,0.0357779709425059,-0.01841650730449007,-0.03326888192110222,0.22349166053394492
2014-07-15,1721704,489729,90126,555328,982263,067651,"CRUDE OIL, LIGHT SWEET - NEW YORK MERCANTILE EXCHANGE ",99.95999908447266,0.2479723576178019,-426935,2.0489274342744603,399603,-1.4513259909846044,0.0232148861433242,0.04360400444938821,-0.03326888192110222,0.044617838388570696,0.22478194009151128
2014-07-22,1642836,467574,96130,515037,919302,067651,"CRUDE OIL, LIGHT SWEET - NEW YORK MERCANTILE EXCHANGE ",104.41999816894533,0.24607751473671138,-404265,1.316718785575221,371444,-1.6355308461849423,0.07198577184333689,0.04995352170642749,0.044617838388570696,-0.03303961893066032,0.22567551910747438
2014-07-29,1628926,470115,105376,499084,901473,067651,"CRUDE OIL, LIGHT SWEET - NEW YORK MERCANTILE EXCHANGE ",100.97000122070312,0.24702718232749676,-402389,0.11419277395917792,364739,-0.4081356873114541,0.024120403525168914,0.020481640894470982,-0.03303961893066032,-0.03555515424267486,0.22653430312809453
2014-08-05,1587187,450544,103340,507949,888645,067651,"CRUDE OIL, LIGHT SWEET - NEW YORK MERCANTILE EXCHANGE ",97.37999725341795,0.23985579518985475,-380696,1.3317363710813137,347204,-1.0764761566823786,0.015532789056805342,0.03900997320738638,-0.03555515424267486,-0.00010263408418365039,0.22743399536224043
2014-08-12,1583609,433331,109265,497574,851593,067651,"CRUDE OIL, LIGHT SWEET - NEW YORK MERCANTILE EXCHANGE ",97.37000274658205,0.22355202578414243,-354019,1.6807723349548604,324066,-1.4577992385270293,0.03515280169171051,0.04264314517615316,-0.00010263408418365039,-0.029680592668463235,0.22821570414125678
2014-08-19,1542337,429288,105815,472925,824648,067651,"CRUDE OIL, LIGHT SWEET - NEW YORK MERCANTILE EXCHANGE ",94.4800033569336,0.2280454920033689,-351723,0.1449852836148317,323473,-0.037446112013760975,0.03976192476261451,0.014002911588983803,-0.029680592668463235,-0.006562264231085413,0.22886821638164825
2014-08-26,1550253,424250,106523,476824,817401,067651,"CRUDE OIL, LIGHT SWEET - NEW YORK MERCANTILE EXCHANGE ",93.86000061035156,0.21969123749478311,-340577,0.7226695592467794,317727,-0.3725515240832581,0.008612103768664645,0.010825720223146242,-0.006562264231085413,-0.010441118160673946,0.22929940309219074
2014-09-02,1559353,421058,118494,473149,797786,067651,"CRUDE OIL, LIGHT SWEET - NEW YORK MERCANTILE EXCHANGE ",92.87999725341795,0.2081869852432387,-324637,1.0282192648554784,302564,-0.9780984136137779,0.0183250913697396,0.028102944665203723,-0.010441118160673946,-0.0013996259395149258,0.22954967813370566
2014-09-09,1553516,426580,126598,481142,799772,067651,"CRUDE OIL, LIGHT SWEET - NEW YORK MERCANTILE EXCHANGE ",92.75,0.20510249009343964,-318630,0.3852238716955045,299982,-0.1655814943761932,0.007790530824083428,0.02463221603172939,-0.0013996259395149258,0.022964929955988644,0.2299051977733092
2014-09-16,1528614,434417,137136,474589,784472,067651,"CRUDE OIL, LIGHT SWEET - NEW YORK MERCANTILE EXCHANGE ",94.87999725341795,0.2027215503717747,-309883,0.5630453757798439,297281,-0.17386367440052114,0.01735658558243008,0.03214924950092118,0.022964929955988644,-0.03499156609329046,0.2303698563608179
2014-09-23,1480629,423239,127187,463661,777661,067651,"CRUDE OIL, LIGHT SWEET - NEW YORK MERCANTILE EXCHANGE ",91.55999755859376,0.21207203154875395,-314000,-0.26932894766108384,296052,-0.08039962999161332,0.014290409740583024,0.03838299789617496,-0.03499156609329046,-0.004368653420162127,0.23097079630702805
2014-09-30,1485856,426689,130743,463442,777653,067651,"CRUDE OIL, LIGHT SWEET - NEW YORK MERCANTILE EXCHANGE ",91.16000366210938,0.21146800228285917,-314211,-0.01425070020916786,295946,-0.00715911953635921,0.00018290300097897422,0.012568349143931457,-0.004368653420162127,-0.02534011732327779,0.23158137581147675
2014-10-07,1503764,435642,141959,478317,792221,067651,"CRUDE OIL, LIGHT SWEET - NEW YORK MERCANTILE EXCHANGE ",88.8499984741211,0.20874552123870502,-313904,0.020661490750113067,293683,-0.152302780350182,0.023173647698848835,0.034918568354279166,-0.02534011732327779,-0.07889704284319421,0.2321940895143689
2014-10-14,1537452,441625,162845,502768,796168,067651,"CRUDE OIL, LIGHT SWEET - NEW YORK MERCANTILE EXCHANGE ",81.83999633789062,0.19083522607535064,-293400,1.3635118276538074,278780,-0.9910464673978098,0.02186250900737219,0.0444505103644515,-0.07889704284319421,0.011852410363000443,0.23251945241770194
2014-10-21,1459981,430349,150248,489718,776972,067651,"CRUDE OIL, LIGHT SWEET - NEW YORK MERCANTILE EXCHANGE ",82.80999755859375,0.19675187553810633,-287254,0.39975231747072426,280101,0.08592138161061288,0.025456899478167507,0.04111802162257125,0.011852410363000443,-0.016785405514170182,0.23289143510919424
2014-10-28,1476289,428086,160782,506560,784767,067651,"CRUDE OIL, LIGHT SWEET - NEW YORK MERCANTILE EXCHANGE ",81.41999816894531,0.1884502289185925,-278207,0.6196655983879242,267304,-0.8765182560594966,0.01907882356676504,0.021731525571095728,-0.016785405514170182,-0.051952785834775916,0.23319383058885645
2014-11-04,1498736,435649,167117,505734,785187,067651,"CRUDE OIL, LIGHT SWEET - NEW YORK MERCANTILE EXCHANGE ",77.19000244140625,0.18645912288755326,-279453,-0.08440081853891752,268532,0.08318154507687858,0.0009652023632739726,0.023057040377194468,-0.051952785834775916,0.00971628418549808,0.23333347141004301
2014-11-11,1509371,442119,165287,500755,790156,067651,"CRUDE OIL, LIGHT SWEET - NEW YORK MERCANTILE EXCHANGE ",77.94000244140625,0.1917361602945863,-289401,-0.6637593278602769,276832,0.5538000021351326,0.0077061857866266535,0.013664665808371996,0.00971628418549808,-0.04272519536496189,0.23358741518761286
2014-11-18,1459175,403713,148350,487153,761936,067651,"CRUDE OIL, LIGHT SWEET - NEW YORK MERCANTILE EXCHANGE ",74.61000061035156,0.18831394452344646,-274783,0.9684828978428763,255363,-1.4223805810499872,0.033482001682826446,0.10024761666693838,-0.04272519536496189,-0.006969632330880771,0.23346282416475433
2014-11-25,1386635,400621,147620,441995,712053,067651,"CRUDE OIL, LIGHT SWEET - NEW YORK MERCANTILE EXCHANGE ",74.08999633789062,0.19475781297890216,-270058,0.3238131135744513,253001,-0.16187229084928126,0.08235446012644188,0.0069713866711902245,-0.006969632330880771,-0.09731406992640601,0.23356170355792555
2014-12-02,1439654,408718,143722,458206,728152,067651,"CRUDE OIL, LIGHT SWEET - NEW YORK MERCANTILE EXCHANGE ",66.87999725341797,0.18750755389836724,-269946,0.008077107530099846,264996,0.8650437930673898,0.02723461214911519,0.021712765187169646,-0.09731406992640601,-0.04575355389144198,0.23337280122999274
2014-12-09,1445093,413755,151979,464774,732606,067651,"CRUDE OIL, LIGHT SWEET - NEW YORK MERCANTILE EXCHANGE ",63.81999969482422,0.18533893666359189,-267832,0.14684083814583226,261776,-0.22366485280491005,0.00920509779685647,0.023498676056238444,-0.04575355389144198,-0.12362894746751796,0.23288899328910054
2014-12-16,1475862,435032,150953,453797,752236,067651,"CRUDE OIL, LIGHT SWEET - NEW YORK MERCANTILE EXCHANGE ",55.93000030517578,0.20221335057071732,-298439,-2.117995174013022,284079,1.5433608771200191,0.02537824421056472,0.038060701212488376,-0.12362894746751796,0.021276571074841488,0.2326479249581155
2014-12-23,1428829,412781,131132,474099,763506,067651,"CRUDE OIL, LIGHT SWEET - NEW YORK MERCANTILE EXCHANGE ",57.119998931884766,0.20254838052699098,-289407,0.6119813370084737,281649,-0.1646495404041841,0.02551056274013114,0.07735060570348566,0.021276571074841488,-0.05252100938547777,0.23215858114751084
2014-12-30,1457729,421184,148700,483055,763632,067651,"CRUDE OIL, LIGHT SWEET - NEW YORK MERCANTILE EXCHANGE ",54.119998931884766,0.19247541895647272,-280577,0.6179885766596283,272484,-0.6414343493868055,0.007284907919951038,0.045572432284464906,-0.05252100938547777,-0.11437543881883094,0.23145809286337318
2015-01-06,1505101,440821,172021,490464,770342,067651,"CRUDE OIL, LIGHT SWEET - NEW YORK MERCANTILE EXCHANGE",47.93000030517578,0.18595296926917196,-279878,0.04795129958997866,268800,-0.25272187080040254,0.011198392139631315,0.07009637067955525,-0.11437543881883094,-0.042562088515301966,0.23093431935460002
2015-01-13,1627535,485464,209984,524442,808229,067651,"CRUDE OIL, LIGHT SWEET - NEW YORK MERCANTILE EXCHANGE",45.88999938964844,0.17436614266359862,-283787,-0.2597167897702546,275480,0.4438240357291637,0.053925537510758466,0.118780987219749,-0.042562088515301966,0.010895620105690895,0.2302908511909213
2015-01-20,1591022,480508,199239,523019,809270,067651,"CRUDE OIL, LIGHT SWEET - NEW YORK MERCANTILE EXCHANGE",46.38999938964844,0.1799164310738632,-286251,-0.15139459366465235,281269,0.3556912754564418,0.0018494485806007555,0.023098299808605262,0.010895620105690895,-0.0034490159413067545,0.22970443616702593
2015-01-27,1668047,496281,222010,568519,855154,067651,"CRUDE OIL, LIGHT SWEET - NEW YORK MERCANTILE EXCHANGE",46.22999954223633,0.17183868320257162,-286635,-0.024135429931201453,274271,-0.4398430694233015,0.06418889730998621,0.05366070297414279,-0.0034490159413067545,0.1475232481582307,0.22873321873057428
2015-02-03,1721471,488256,216060,606100,879692,067651,"CRUDE OIL, LIGHT SWEET - NEW YORK MERCANTILE EXCHANGE",53.04999923706055,0.158929194857189,-273592,0.7819324035833523,272196,-0.12439697442578057,0.04180867846912623,0.019841945944717995,0.1475232481582307,-0.057115906180449594,0.2273051796738243
2015-02-10,1717593,478989,207462,601733,875752,067651,"CRUDE OIL, LIGHT SWEET - NEW YORK MERCANTILE EXCHANGE",50.02000045776367,0.1595366306220391,-274019,-0.02480436789234323,271527,-0.03886211269315603,0.005622392105503609,0.02602516421419737,-0.057115906180449594,0.07017189702940962,0.2258205962900385
2015-02-17,1689966,478741,179351,580414,877046,067651,"CRUDE OIL, LIGHT SWEET - NEW YORK MERCANTILE EXCHANGE",53.52999877929688,0.1755254247718593,-296632,-1.3165517092815353,299390,1.62221201413839,0.01551534862020227,0.04309275906712132,0.07017189702940962,-0.0793947337365477,0.22425579999579837
2015-02-24,1695437,490905,221068,606080,886414,067651,"CRUDE OIL, LIGHT SWEET - NEW YORK MERCANTILE EXCHANGE",49.27999877929688,0.1653461614911082,-280334,0.9643981003168111,269837,-1.7487334064708995,0.02347346119984402,0.0756784316259184,-0.0793947337365477,0.025162372345425732,0.2223675589155982
2015-03-03,1687908,497948,235659,603558,873958,067651,"CRUDE OIL, LIGHT SWEET - NEW YORK MERCANTILE EXCHANGE",50.52000045776367,0.16019830464693574,-270400,0.5859256345119283,262289,-0.4451949556368063,0.01013728446933908,0.02948990399491826,0.025162372345425732,-0.0441409248224508,0.22036893471056165
2015-03-10,1670894,495142,234483,566050,829530,067651,"CRUDE OIL, LIGHT SWEET - NEW YORK MERCANTILE EXCHANGE",48.290000915527344,0.15768804005520398,-263480,0.40997495124141836,260659,-0.0965692442953052,0.058711073532151506,0.005457598081206099,-0.0441409248224508,-0.10002074424276164,0.21852049762246675
2015-03-17,1760721,516956,273468,592777,843911,067651,"CRUDE OIL, LIGHT SWEET - NEW YORK MERCANTILE EXCHANGE",43.459999084472656,0.14263134250116855,-251134,0.7388858898290376,243488,-1.027653459764653,0.02861303219627365,0.07691947612926733,-0.10002074424276164,0.09318912384670353,0.21650094152166205
2015-03-24,1748067,513586,306699,595063,796768,067651,"CRUDE OIL, LIGHT SWEET - NEW YORK MERCANTILE EXCHANGE",47.5099983215332,0.11538745368455557,-201705,2.8073158666250926,206887,-2.0787506936079025,0.035513650723399605,0.0446198577323735,0.09318912384670353,0.0018943413127230357,0.2138097846918212
2015-03-31,1740134,516028,289333,578627,804973,067651,"CRUDE OIL, LIGHT SWEET - NEW YORK MERCANTILE EXCHANGE",47.59999847412109,0.1300738908612785,-226346,-1.4096141623862242,226695,1.133137345422115,0.017809337958947673,0.024595181539707037,0.0018943413127230357,0.13403364018139374,0.21151326318624822
2015-04-07,1743733,520929,268886,566266,810094,067651,"CRUDE OIL, LIGHT SWEET - NEW YORK MERCANTILE EXCHANGE",53.97999954223633,0.1398310406467045,-243828,-1.0046352752144374,252043,1.4566694289060498,0.012701618762533059,0.03209359153725873,0.13403364018139374,-0.012782486709157936,0.20929389117588454
2015-04-14,1774773,527985,245825,610009,889504,067651,"CRUDE OIL, LIGHT SWEET - NEW YORK MERCANTILE EXCHANGE",53.290000915527344,0.1574821117968326,-279495,-2.045439296039015,282160,1.727156623175681,0.08212866443972143,0.03892040681821119,-0.012782486709157936,0.03696748681105477,0.20739331674861378
2015-04-21,1723025,519353,196261,578434,903278,067651,"CRUDE OIL, LIGHT SWEET - NEW YORK MERCANTILE EXCHANGE",55.2599983215332,0.18853121690050928,-324844,-2.5552000171289513,323092,2.3063231185058597,0.03060581273553835,0.08132317143040801,0.03696748681105477,0.03257334611710272,0.20588870386379624
2015-04-28,1717417,521704,206860,574587,895204,067651,"CRUDE OIL, LIGHT SWEET - NEW YORK MERCANTILE EXCHANGE",57.060001373291016,0.18668558655236323,-320617,0.24532435687236112,314844,-0.4786929963291305,0.00811067696019366,0.017774691036065465,0.03257334611710272,0.05853487683495384,0.2045234142376384
2015-05-05,1750082,530764,205058,597211,925721,067651,"CRUDE OIL, LIGHT SWEET - NEW YORK MERCANTILE EXCHANGE",60.400001525878906,0.18771120438928005,-328510,-0.45958552873297515,325706,0.6324614231721242,0.03489387576070369,0.014761722264351976,0.05853487683495384,0.005794676577468794,0.20338043707210632
2015-05-12,1731678,512443,192231,604581,926687,067651,"CRUDE OIL, LIGHT SWEET - NEW YORK MERCANTILE EXCHANGE",60.75,0.18600802227665883,-322106,0.36592571090954595,320212,-0.31392814736680913,0.005443854374283273,0.0442019997899738,0.005794676577468794,-0.05744858729986502,0.2021437453032752
2015-05-19,1621198,504615,161184,542015,892555,067651,"CRUDE OIL, LIGHT SWEET - NEW YORK MERCANTILE EXCHANGE",57.2599983215332,0.21622281794080675,-350540,-1.641991178498543,343431,1.340838192781799,0.06740556403661027,0.058388492623149026,-0.05744858729986502,0.013447441151497763,0.2011675677757358
2015-05-26,1614397,502001,154010,534528,880746,067651,"CRUDE OIL, LIGHT SWEET - NEW YORK MERCANTILE EXCHANGE",58.02999877929688,0.21445654321706495,-346218,0.2665929763051768,347991,0.2812734780082384,0.013634109013519644,0.014920481516316038,0.013447441151497763,0.05566085835226087,0.20005380479632845
2015-06-02,1651499,494450,154932,541163,881118,067651,"CRUDE OIL, LIGHT SWEET - NEW YORK MERCANTILE EXCHANGE",61.2599983215332,0.20584632506589468,-339955,0.387946707036745,339518,-0.5248399247520902,0.00492659326813759,0.013047790052696255,0.05566085835226087,-0.01828271241546997,0.19890927002702108
2015-06-09,1641774,483798,157943,536555,861689,067651,"CRUDE OIL, LIGHT SWEET - NEW YORK MERCANTILE EXCHANGE",60.13999938964844,0.1980382196331529,-325134,0.8974271252964732,325855,-0.8273090083614947,0.017190847949284962,0.02129052063059708,-0.01828271241546997,-0.0028267071943897104,0.19759225616403658
2015-06-16,1652013,484932,157799,550591,881477,067651,"CRUDE OIL, LIGHT SWEET - NEW YORK MERCANTILE EXCHANGE",59.970001220703125,0.20029261270946416,-330886,-0.3503527282074147,327133,0.07784262632981154,0.023618990159685153,0.0019883901663370835,-0.0028267071943897104,0.017341955638831008,0.1959957643383416
2015-06-23,1650025,480001,152568,570430,905389,067651,"CRUDE OIL, LIGHT SWEET - NEW YORK MERCANTILE EXCHANGE",61.0099983215332,0.2030023787518371,-334959,-0.24654769665856138,327433,0.018159663392479358,0.029645234273308584,0.016064650654711184,0.017341955638831008,-0.02524171682015186,0.19439501650713445
2015-06-30,1670091,483021,154842,583581,915252,067651,"CRUDE OIL, LIGHT SWEET - NEW YORK MERCANTILE EXCHANGE",59.470001220703125,0.19859456760140615,-331671,0.19926970803472674,328179,0.045211436190360756,0.01535461255523464,0.008299587842530449,-0.02524171682015186,-0.12006052199579931,0.19295295380480854
2015-07-07,1691891,485862,189702,584819,875695,067651,"CRUDE OIL, LIGHT SWEET - NEW YORK MERCANTILE EXCHANGE",52.33000183105469,0.1719236050076512,-290876,2.442681267068681,296160,-1.9172009189918393,0.02793194724596957,0.05580670373199283,-0.12006052199579931,0.01356772519834526,0.19115236769145724
2015-07-14,1733695,468034,203647,629452,886354,067651,"CRUDE OIL, LIGHT SWEET - NEW YORK MERCANTILE EXCHANGE",53.040000915527344,0.14818177361069854,-256902,2.008048981878856,264387,-1.8779578589873696,0.036476963410885035,0.047303705181477515,0.01356772519834526,-0.050527908350605166,0.18923331799901297
2015-07-21,1668737,464330,210647,590689,847827,067651,"CRUDE OIL, LIGHT SWEET - NEW YORK MERCANTILE EXCHANGE",50.36000061035156,0.1540913876782261,-257138,-0.0136125443056593,253683,-0.6174096366431234,0.05372898181181162,0.01585831813528461,-0.050527908350605166,-0.047259750581218674,0.18746435401711903
2015-07-28,1694436,475975,232556,594197,837805,067651,"CRUDE OIL, LIGHT SWEET - NEW YORK MERCANTILE EXCHANGE",47.97999954223633,0.1437693722276911,-243608,0.8107928331426703,243419,-0.6150759526516162,0.009448310826381527,0.047357137514096065,-0.047259750581218674,-0.04668607513840606,0.18547862689981504
2015-08-04,1736523,478684,231591,611685,853973,067651,"CRUDE OIL, LIGHT SWEET - NEW YORK MERCANTILE EXCHANGE",45.7400016784668,0.1395247860235655,-242288,0.07790202757731776,247093,0.21682731009020112,0.022963065053375344,0.005172644398296435,-0.04668607513840606,-0.05815478246176731,0.18354918441584797
2015-08-11,1676233,478863,253020,562096,794521,067651,"CRUDE OIL, LIGHT SWEET - NEW YORK MERCANTILE EXCHANGE",43.08000183105469,0.1386591243580099,-232425,0.5679740492927534,225843,-1.2237096773264737,0.08037714402812289,0.02952384465823089,-0.05815478246176731,-0.010677875571451945,0.18191662861919156
2015-08-18,1688731,473198,262634,594104,807933,067651,"CRUDE OIL, LIGHT SWEET - NEW YORK MERCANTILE EXCHANGE",42.619998931884766,0.12662111372385537,-213829,1.1093923100189533,210564,-0.9115081256603349,0.032395721368266316,0.02076425053544831,-0.010677875571451945,-0.07766301364492723,0.179966159806124
2015-08-25,1677151,474160,258597,570710,787559,067651,"CRUDE OIL, LIGHT SWEET - NEW YORK MERCANTILE EXCHANGE",39.310001373291016,0.12929605026619548,-216849,-0.17883250796011915,215563,0.2960210951300118,0.03222336665270281,0.006822179794938841,-0.07766301364492723,0.15517675555884636,0.17822779082095888
2015-09-01,1688806,487177,266835,575960,795030,067651,"CRUDE OIL, LIGHT SWEET - NEW YORK MERCANTILE EXCHANGE",45.40999984741211,0.12971886646541994,-219070,-0.13242695499689652,220342,0.28494750919863504,0.00927869641645818,0.028189206537826986,0.15517675555884636,0.011671411166654488,0.17671878853677
2015-09-08,1704251,490149,258719,589357,815763,067651,"CRUDE OIL, LIGHT SWEET - NEW YORK MERCANTILE EXCHANGE",45.93999862670898,0.132847802348363,-226406,-0.4343897404438402,231430,0.6565585389914532,0.024289740378046005,0.01480634771414989,0.011671411166654488,-0.029386123519303142,0.17532927531090317
2015-09-15,1702949,485819,246433,588064,827022,067651,"CRUDE OIL, LIGHT SWEET - NEW YORK MERCANTILE EXCHANGE",44.59000015258789,0.14032011528237193,-238958,-0.7365112298599209,239386,0.4668326437831047,0.008870132274646204,0.022691641675270262,-0.029386123519303142,0.027808963315171242,0.17412924771303004
2015-09-22,1606217,489204,229775,548373,798144,067651,"CRUDE OIL, LIGHT SWEET - NEW YORK MERCANTILE EXCHANGE",45.83000183105469,0.1555026500155334,-249771,-0.6349573592632546,259429,1.176958323472987,0.050923233795043064,0.027877031178935686,0.027808963315171242,-0.013091910644694615,0.1730413749912373
2015-09-29,1617902,481485,229757,560375,810124,067651,"CRUDE OIL, LIGHT SWEET - NEW YORK MERCANTILE EXCHANGE",45.22999954223633,0.15436596283334839,-249749,0.001369677945134437,251728,-0.47944953888546815,0.017498735861901395,0.010878153989781257,-0.013091910644694615,0.07296040836743711,0.1719432588479775
2015-10-06,1675676,491100,232839,588749,841962,067651,"CRUDE OIL, LIGHT SWEET - NEW YORK MERCANTILE EXCHANGE",48.52999877929688,0.1511109546236862,-253213,-0.21410443895860196,258261,0.4037945437980793,0.04208536874323326,0.017538770531771324,0.07296040836743711,-0.03853284522814626,0.1708349017976887
2015-10-13,1645951,487740,222748,592561,867428,067651,"CRUDE OIL, LIGHT SWEET - NEW YORK MERCANTILE EXCHANGE",46.65999984741211,0.16699585832142025,-274867,-1.292254588595886,264992,0.40168863193123255,0.020053575746118636,0.018932057965792524,-0.03853284522814626,-0.02378912588901616,0.1703764524178054
2015-10-20,1613562,485090,233939,570449,833815,067651,"CRUDE OIL, LIGHT SWEET - NEW YORK MERCANTILE EXCHANGE",45.54999923706055,0.16322025431932582,-263366,0.6987449808651655,251151,-0.8409120320106735,0.0396827092341611,0.019249571296846162,-0.02378912588901616,-0.0515916248843552,0.1697316135482135
2015-10-27,1676033,499628,263053,589108,830691,067651,"CRUDE OIL, LIGHT SWEET - NEW YORK MERCANTILE EXCHANGE",43.20000076293945,0.14413976335788137,-241583,1.3499946082022258,236575,-0.9033430385693267,0.015342312538605817,0.05723493832939328,-0.0515916248843552,0.10879631203551976,0.1688794892105075
2015-11-03,1676897,493384,247193,588480,832852,067651,"CRUDE OIL, LIGHT SWEET - NEW YORK MERCANTILE EXCHANGE",47.900001525878906,0.14572868816629764,-244372,-0.1664048380908968,246191,0.5737357200007398,0.0019622438670205133,0.029846997678836907,0.10879631203551976,-0.07703553912023686,0.16809621161971414
2015-11-10,1671590,498945,260623,593266,839338,067651,"CRUDE OIL, LIGHT SWEET - NEW YORK MERCANTILE EXCHANGE",44.209999084472656,0.14720834654430812,-246072,-0.10137772325909106,238322,-0.46925959077987495,0.007868189674187703,0.025002369768078698,-0.07703553912023686,-0.08007240418085992,0.16723990750913187
2015-11-17,1662829,494099,265544,570121,806942,067651,"CRUDE OIL, LIGHT SWEET - NEW YORK MERCANTILE EXCHANGE",40.66999816894531,0.14242053752971592,-236821,0.5534251820123356,228555,-0.5842939955371831,0.0403329404682284,0.012857355362979715,-0.08007240418085992,0.05409394792201705,0.16635734199002167
2015-11-24,1632471,472273,260248,565152,778625,067651,"CRUDE OIL, LIGHT SWEET - NEW YORK MERCANTILE EXCHANGE",42.869998931884766,0.13076679463218643,-213473,1.404113110849041,212025,-0.9940889893067777,0.024770479030374833,0.037025559676787424,0.05409394792201705,-0.023792873412111226,0.16512674548335404
2015-12-01,1661176,475582,267104,572148,785020,067651,"CRUDE OIL, LIGHT SWEET - NEW YORK MERCANTILE EXCHANGE",41.84999847412109,0.12814536208083913,-212872,0.03681535537231596,208478,-0.2172779792106567,0.009866869834832533,0.01368680707593788,-0.023792873412111226,-0.10370371113087673,0.16398516487147852
2015-12-08,1713573,480088,282214,576108,780931,067651,"CRUDE OIL, LIGHT SWEET - NEW YORK MERCANTILE EXCHANGE",37.5099983215332,0.11952977783846967,-204823,0.4845362562425655,197874,-0.6383429570376649,0.005931296005494315,0.02573258367418687,-0.10370371113087673,-0.0042655253151602235,0.16271960412484152
2015-12-15,1678527,472228,261717,568272,776411,067651,"CRUDE OIL, LIGHT SWEET - NEW YORK MERCANTILE EXCHANGE",37.34999847412109,0.12400098419626256,-208139,-0.19351378669014976,210511,0.7374649343798018,0.009188782783749032,0.03863641008522437,-0.0042655253151602235,-0.03239622848474888,0.16121552015610202
2015-12-22,1646306,453681,260769,558814,755495,067651,"CRUDE OIL, LIGHT SWEET - NEW YORK MERCANTILE EXCHANGE",36.13999938964844,0.11946806972701308,-196681,0.6826223230248902,192912,-1.0484788150562963,0.02311024272069962,0.0272867240534677,-0.03239622848474888,0.047869384932304415,0.15961782187148707
2015-12-29,1648904,448632,252281,570892,763508,067651,"CRUDE OIL, LIGHT SWEET - NEW YORK MERCANTILE EXCHANGE",37.869998931884766,0.11681456288540752,-192616,0.24691642987391166,196351,0.20889190709382097,0.015056205035971224,0.019313381261297766,0.047869384932304415,-0.050171580796690485,0.15816280540858196
2016-01-05,1703201,460417,276240,576069,764634,067651,"CRUDE OIL, LIGHT SWEET - NEW YORK MERCANTILE EXCHANGE",35.970001220703125,0.11071212381862153,-188565,0.24567834149228823,184177,-0.7383085977109644,0.0047012649333968825,0.04852190368108903,-0.050171580796690485,-0.15373924100571412,0.15671586607299448
2016-01-12,1756232,499795,336291,590227,768467,067651,"CRUDE OIL, LIGHT SWEET - NEW YORK MERCANTILE EXCHANGE",30.440000534057617,0.10149000815382023,-178240,0.6062114806179658,163504,-1.2137733596915457,0.013241392101532795,0.11892197692581864,-0.15373924100571412,-0.06504603859548719,0.15531440194780638
2016-01-19,1686382,482774,303402,572363,763410,067651,"CRUDE OIL, LIGHT SWEET - NEW YORK MERCANTILE EXCHANGE",28.459999084472656,0.11328809249624344,-191047,-0.7292316732641245,179372,0.9035252745650917,0.017159352674443937,0.06348451237381961,-0.06504603859548719,0.10505979531454357,0.15403308774439065
2016-01-26,1761883,523710,318000,596459,805509,067651,"CRUDE OIL, LIGHT SWEET - NEW YORK MERCANTILE EXCHANGE",31.450000762939453,0.11865146550593882,-209050,-1.0675517172265832,205710,1.5618050951682358,0.04721577097337457,0.06597759323282365,0.10505979531454357,-0.049920558476517884,0.15301025663484003
2016-02-02,1855603,545820,348947,628739,834525,067651,"CRUDE OIL, LIGHT SWEET - NEW YORK MERCANTILE EXCHANGE",29.8799991607666,0.11089979914884811,-205786,0.18525634222022688,196873,-0.5015656544730837,0.04188991186826164,0.05929700134224888,-0.049920558476517884,-0.06492632801865217,0.1520866144096796
2016-02-09,1854379,544800,356923,622695,823581,067651,"CRUDE OIL, LIGHT SWEET - NEW YORK MERCANTILE EXCHANGE",27.940000534057617,0.10833060555582219,-200886,0.2640651044431379,187877,-0.4848019754225446,0.01174602911200905,0.009976456184438015,-0.06492632801865217,0.039370091640795524,0.15110188315840622
2016-02-16,1840051,517940,358953,639559,808554,067651,"CRUDE OIL, LIGHT SWEET - NEW YORK MERCANTILE EXCHANGE",29.040000915527344,0.09184256305939346,-168995,1.7197671026257306,158987,-1.5579339498559897,0.022022452667713088,0.03294586682753768,0.039370091640795524,0.09745178493410056,0.1494925973562434
2016-02-23,1776696,533268,327412,601482,814711,067651,"CRUDE OIL, LIGHT SWEET - NEW YORK MERCANTILE EXCHANGE",31.8700008392334,0.12001434122663641,-213229,-2.4039551077660346,205856,2.5471576603039807,0.031234443327992724,0.054455779151368684,0.09745178493410056,0.07938502102362555,0.14862083158192665
2016-03-01,1800298,529761,317243,607281,820159,067651,"CRUDE OIL, LIGHT SWEET - NEW YORK MERCANTILE EXCHANGE",34.400001525878906,0.11824597927676418,-212878,0.019755771386888922,212518,0.374965666608131,0.007879140279101048,0.01614632280367035,0.07938502102362555,0.061046464563127456,0.14781405609403872
2016-03-08,1816474,535589,291337,612412,853501,067651,"CRUDE OIL, LIGHT SWEET - NEW YORK MERCANTILE EXCHANGE",36.5,0.132723617293724,-241089,-1.567018349184413,244252,1.7627081738689927,0.026245077299948905,0.03837586434578185,0.061046464563127456,-0.004383557463345511,0.14733397104093335
2016-03-15,1782857,544416,274560,581508,849245,067651,"CRUDE OIL, LIGHT SWEET - NEW YORK MERCANTILE EXCHANGE",36.34000015258789,0.15017300882796544,-267737,-1.4670179699792014,269856,1.4095439846647957,0.024574472323315066,0.03126343140702536,-0.004383557463345511,0.14061641686558057,0.14747900308567943
2016-03-22,1705631,527838,219861,552733,849662,067651,"CRUDE OIL, LIGHT SWEET - NEW YORK MERCANTILE EXCHANGE",41.45000076293945,0.17408747847570782,-296929,-1.6373719260714685,307977,2.1381972867145262,0.02081581865308989,0.09532846773902333,0.14061641686558057,-0.07647773040517958,0.14860784971627852
2016-03-29,1734511,534637,229126,559331,864381,067651,"CRUDE OIL, LIGHT SWEET - NEW YORK MERCANTILE EXCHANGE",38.27999877929688,0.1758708938715292,-305050,-0.47612877580203455,305511,-0.14457992379359896,0.014972831583915849,0.0210327025530171,-0.07647773040517958,-0.062434677791605275,0.1494885613126295
2016-04-05,1773774,541716,251586,573780,861607,067651,"CRUDE OIL, LIGHT SWEET - NEW YORK MERCANTILE EXCHANGE",35.88999938964844,0.16226813562494433,-287827,0.992959975462825,290130,-0.8867628974391053,0.011998854664282176,0.037235504259411925,-0.062434677791605275,0.17497907177753214,0.1499200439083649
2016-04-12,1803510,530256,241095,610370,889604,067651,"CRUDE OIL, LIGHT SWEET - NEW YORK MERCANTILE EXCHANGE",42.16999816894531,0.1548280852337941,-279234,0.4844472858436306,289161,-0.05462928197166043,0.04305874635160343,0.02845786159608272,0.17497907177753214,-0.02584767335117688,0.14986900493599872
2016-04-19,1714186,540048,205873,564810,890588,067651,"CRUDE OIL, LIGHT SWEET - NEW YORK MERCANTILE EXCHANGE",41.08000183105469,0.1900482211381962,-325778,-2.580745324395207,334175,2.495910751811745,0.03198025557270245,0.06034687319434632,-0.02584767335117688,0.07205450225260268,0.1498981780944158
2016-04-26,1714689,544282,210017,573706,898781,067651,"CRUDE OIL, LIGHT SWEET - NEW YORK MERCANTILE EXCHANGE",44.040000915527344,0.18958248405395964,-325075,0.04101071879014296,334265,0.0052503053927636795,0.011605535396916916,0.011107001335014363,0.07205450225260268,-0.008855571787940941,0.1499538876617542
2016-05-03,1748628,530023,211479,594804,910011,067651,"CRUDE OIL, LIGHT SWEET - NEW YORK MERCANTILE EXCHANGE",43.650001525878906,0.1802596092479361,-315207,0.5754979474411978,318544,-0.9168426461008381,0.02148303944338673,0.02120156115560039,-0.008855571787940941,0.023138563258340294,0.14981058775518988
2016-05-10,1724987,521799,229839,622408,914029,067651,"CRUDE OIL, LIGHT SWEET - NEW YORK MERCANTILE EXCHANGE",44.65999984741211,0.16905692622611068,-291621,1.3488289104372113,291960,-1.5202776119334702,0.020581384072370035,0.03536808942602689,0.023138563258340294,0.08172865065718105,0.1494846051388332
2016-05-17,1698980,554596,185827,585350,936779,067651,"CRUDE OIL, LIGHT SWEET - NEW YORK MERCANTILE EXCHANGE",48.310001373291016,0.20684704940611426,-351429,-3.467156564078454,368769,4.452729208973749,0.039292333304207464,0.10373664783508886,0.08172865065718105,0.006416840194195084,0.1493043018977814
2016-05-24,1657419,528230,180088,536824,878566,067651,"CRUDE OIL, LIGHT SWEET - NEW YORK MERCANTILE EXCHANGE",48.619998931884766,0.20618926173767768,-341742,0.5701656287890381,348142,-1.214081390010477,0.07541313701523962,0.045325687050166735,0.006416840194195084,0.009872471262469373,0.1491453157154855
2016-05-31,1709540,522661,175659,569242,908604,067651,"CRUDE OIL, LIGHT SWEET - NEW YORK MERCANTILE EXCHANGE",49.09999847412109,0.1985107104835219,-339362,0.1435967609880181,347002,-0.06878164181779019,0.042261507626640396,0.01431721846717837,0.009872471262469373,0.02566195876552979,0.149004246204286
2016-06-07,1748314,525508,200326,582024,902186,067651,"CRUDE OIL, LIGHT SWEET - NEW YORK MERCANTILE EXCHANGE",50.36000061035156,0.18312614324429136,-320162,1.123109140470536,325182,-1.276366741930578,0.012936174800061985,0.03790673900643949,0.02566195876552979,-0.0371326232966801,0.14871747550450024
2016-06-14,1774350,523352,210767,594703,912235,067651,"CRUDE OIL, LIGHT SWEET - NEW YORK MERCANTILE EXCHANGE",48.4900016784668,0.1789568010820864,-317532,0.1504306434656475,312585,-0.720522743626145,0.015082239614370333,0.017159343376210123,-0.0371326232966801,0.007424144837968827,0.14830717143474298
2016-06-21,1726381,515227,196632,587495,905076,067651,"CRUDE OIL, LIGHT SWEET - NEW YORK MERCANTILE EXCHANGE",48.84999847412109,0.18395765477029694,-317581,-0.0027615746611435173,318595,0.3387155859892355,0.009625672748566065,0.03127023750489914,0.007424144837968827,-0.02047082970800429,0.14794092674279027
2016-06-28,1720740,510395,206156,600141,907925,067651,"CRUDE OIL, LIGHT SWEET - NEW YORK MERCANTILE EXCHANGE",47.84999847412109,0.17886723153991888,-307784,0.5674877098392533,304239,-0.8315661490713812,0.010274749248375072,0.020034861440427827,-0.02047082970800429,-0.026123302818411687,0.14756155489545397
2016-07-05,1751823,519441,219769,596556,901593,067651,"CRUDE OIL, LIGHT SWEET - NEW YORK MERCANTILE EXCHANGE",46.59999847412109,0.1741254681551732,-305037,0.15964061973337051,299672,-0.265409068191592,0.006619501798552747,0.03065299441295437,-0.026123302818411687,0.0042918620061871415,0.1476038984175217
2016-07-12,1728765,516217,221422,589838,883190,067651,"CRUDE OIL, LIGHT SWEET - NEW YORK MERCANTILE EXCHANGE",46.79999923706055,0.16968876625799342,-293352,0.667019442032671,294795,-0.2783957055022111,0.01705398675381595,0.006611635230783622,0.0042918620061871415,-0.04594012278271742,0.14801749442996967
2016-07-19,1685116,525628,236047,555110,851112,067651,"CRUDE OIL, LIGHT SWEET - NEW YORK MERCANTILE EXCHANGE",44.650001525878906,0.17565675003975986,-296002,-0.15328861933229793,289581,-0.30160258913154764,0.04750743481470209,0.03155676633734861,-0.04594012278271742,-0.038745874531065594,0.14843221293692227
2016-07-26,1718306,539345,266046,564140,848481,067651,"CRUDE OIL, LIGHT SWEET - NEW YORK MERCANTILE EXCHANGE",42.91999816894531,0.1654775109904755,-284341,0.6919998385867798,273299,-0.9662242836694921,0.008254868078557518,0.05427922586669084,-0.038745874531065594,-0.07945013962930247,0.1488496771438989
2016-08-02,1792640,562532,295340,584462,864164,067651,"CRUDE OIL, LIGHT SWEET - NEW YORK MERCANTILE EXCHANGE",39.5099983215332,0.15602798107818636,-279702,0.26997519650167084,267192,-0.3554081752609838,0.02485458634595817,0.06117579312531473,-0.07945013962930247,0.08251081434376428,0.14916704627956465
2016-08-09,1829979,562028,303778,639378,897585,067651,"CRUDE OIL, LIGHT SWEET - NEW YORK MERCANTILE EXCHANGE",42.77000045776367,0.14109834047275951,-258207,1.199069528739736,258250,-0.4988173866476258,0.05747503355643565,0.010327948755263881,0.08251081434376428,0.08908116278963973,0.1492139542817714
2016-08-16,1852402,570209,262709,673303,965732,067651,"CRUDE OIL, LIGHT SWEET - NEW YORK MERCANTILE EXCHANGE",46.58000183105469,0.1578647615366427,-292429,-1.8700761046984693,307500,2.6912877142306004,0.062275668304825706,0.059129470127911754,0.08908116278963973,0.03263195756366466,0.14981479366278652
2016-08-23,1747499,555022,201278,614046,957594,067651,"CRUDE OIL, LIGHT SWEET - NEW YORK MERCANTILE EXCHANGE",48.09999847412109,0.19659410391651155,-343548,-2.7596061761971753,353744,2.496434359280545,0.04288195770023669,0.10130635991008859,0.03263195756366466,-0.03638253753670162,0.1511089870022157
2016-08-30,1787891,538363,197075,640120,976684,067651,"CRUDE OIL, LIGHT SWEET - NEW YORK MERCANTILE EXCHANGE",46.34999847412109,0.18824637519848805,-336564,0.3996568810625929,341288,-0.7127901074621501,0.0279341218849038,0.028366769190604782,-0.03638253753670162,-0.032793887661400234,0.15223451601631316
2016-09-06,1861718,534074,248279,676917,965584,067651,"CRUDE OIL, LIGHT SWEET - NEW YORK MERCANTILE EXCHANGE",44.83000183105469,0.15505409519594268,-288667,2.678966447059692,285795,-3.10382456201189,0.02916101725356636,0.07093089692248895,-0.032793887661400234,0.0015614475120482307,0.15266156010953583
2016-09-13,1829620,537965,224663,647463,956418,067651,"CRUDE OIL, LIGHT SWEET - NEW YORK MERCANTILE EXCHANGE",44.900001525878906,0.1688629332866934,-308955,-1.0897461377072144,313302,1.477506260346626,0.02407909314967881,0.036068699287201626,0.0015614475120482307,-0.0325167672506298,0.1532104604557728
2016-09-20,1811705,533133,254260,657846,943677,067651,"CRUDE OIL, LIGHT SWEET - NEW YORK MERCANTILE EXCHANGE",43.43999862670898,0.15776906284411646,-285831,1.2638690001202435,278873,-1.8817568675462666,0.014438756109028719,0.04372530616858417,-0.0325167672506298,0.028314907484368046,0.1532540453178609
2016-09-27,1830991,543799,252153,663872,960739,067651,"CRUDE OIL, LIGHT SWEET - NEW YORK MERCANTILE EXCHANGE",44.66999816894531,0.1621346036108315,-296867,-0.6091499443894011,291646,0.7050264805804477,0.014211401990999692,0.016047450097493317,0.028314907484368046,0.08999329801984146,0.15340344225588945
2016-10-04,1871665,571306,208330,642976,999197,067651,"CRUDE OIL, LIGHT SWEET - NEW YORK MERCANTILE EXCHANGE",48.68999862670898,0.19032305460646,-356221,-3.2416325366973404,362976,3.895704566543473,0.03614357318017042,0.09149141394189084,0.08999329801984146,0.04313005438587969,0.15415752110171205
2016-10-11,1880412,597569,183919,595974,1005305,067651,"CRUDE OIL, LIGHT SWEET - NEW YORK MERCANTILE EXCHANGE",50.790000915527344,0.21768155063890254,-409331,-2.8375804430814275,413650,2.707428946953648,0.03316723693997111,0.06484296623876502,0.04313005438587969,-0.00984445739293427,0.1551322459539713
2016-10-18,1811281,578530,170535,562360,971099,067651,"CRUDE OIL, LIGHT SWEET - NEW YORK MERCANTILE EXCHANGE",50.290000915527344,0.2256629424147882,-408739,0.03148246235399477,407995,-0.3007319672497304,0.0442268101070847,0.043284628169785,-0.00984445739293427,-0.006561977034142297,0.156333066878884
2016-10-25,1821737,571822,168236,557093,971594,067651,"CRUDE OIL, LIGHT SWEET - NEW YORK MERCANTILE EXCHANGE",49.959999084472656,0.22753064794753577,-414501,-0.3181173986808231,403586,-0.24341888420405228,0.0037692477269709234,0.012170667704423167,-0.006561977034142297,-0.06585270167768797,0.15793673773637737
2016-11-01,1854612,543096,188697,596233,971242,067651,"CRUDE OIL, LIGHT SWEET - NEW YORK MERCANTILE EXCHANGE",46.66999816894531,0.20220347975749106,-375009,2.167821150912563,354399,-2.7000055441592283,0.025194660201917095,0.0672143625314809,-0.06585270167768797,-0.0362116711595144,0.15902279142082343
2016-11-08,1973656,560814,283275,673039,972607,067651,"CRUDE OIL, LIGHT SWEET - NEW YORK MERCANTILE EXCHANGE",44.97999954223633,0.1517832894891511,-299568,4.067751098342942,277539,-4.144263058796126,0.047501710574449185,0.13303810380185027,-0.0362116711595144,0.018452686516266192,0.1591107710928396
2016-11-15,2027539,581416,305090,734484,1012058,067651,"CRUDE OIL, LIGHT SWEET - NEW YORK MERCANTILE EXCHANGE",45.810001373291016,0.13690192889014713,-277574,1.1143785948513825,276326,-0.0614595451284317,0.05776900870405636,0.04784739189582473,0.018452686516266192,0.048460976630753994,0.15900464400361713
2016-11-22,1995504,560573,284253,711031,992960,067651,"CRUDE OIL, LIGHT SWEET - NEW YORK MERCANTILE EXCHANGE",48.02999877929688,0.14128210216566842,-281929,-0.2147924158302257,276320,-0.0002959252571713787,0.02497137602252594,0.049335602834193075,0.048460976630753994,-0.05829688336922223,0.1592068614561841
2016-11-29,2020026,551697,263816,714264,1018949,067651,"CRUDE OIL, LIGHT SWEET - NEW YORK MERCANTILE EXCHANGE",45.22999954223633,0.15083221701106816,-304685,-1.1403635372316967,287881,0.5793523841595908,0.01686001662807745,0.03594424613709407,-0.05829688336922223,0.12602256954738023,0.15964314712791927
2016-12-06,2098290,589787,212161,691607,1090968,067651,"CRUDE OIL, LIGHT SWEET - NEW YORK MERCANTILE EXCHANGE",50.93000030517578,0.19032688522558847,-399361,-4.686870367015078,377626,4.442764598079431,0.05311193077430122,0.1119087521884212,0.12602256954738023,0.04025131012717109,0.16100462996228695
2016-12-13,2104703,614780,192013,685227,1133068,067651,"CRUDE OIL, LIGHT SWEET - NEW YORK MERCANTILE EXCHANGE",52.97999954223633,0.21278109072871565,-447841,-2.3104527972777835,422767,2.1513232203365598,0.026662340269318234,0.05595115475716819,0.04025131012717109,-0.014156285513028166,0.16271193970329564
2016-12-20,2029807,603704,167043,631244,1085341,067651,"CRUDE OIL, LIGHT SWEET - NEW YORK MERCANTILE EXCHANGE",52.22999954223633,0.22371437284431475,-454097,-0.2972390878903104,436661,0.6601406469226299,0.059251362443456045,0.04676761635140974,-0.014156285513028166,0.031973999584130164,0.1647166763017053
2016-12-27,2037834,608865,163933,609540,1068910,067651,"CRUDE OIL, LIGHT SWEET - NEW YORK MERCANTILE EXCHANGE",53.900001525878906,0.22542071630957183,-459370,-0.2597783927240373,444932,0.4074771640850583,0.02272036700527272,0.01070266744996752,0.031973999584130164,-0.029128008355814528,0.16680525617524694
2017-01-03,2089324,608117,168043,640178,1106942,067651,"CRUDE OIL, LIGHT SWEET - NEW YORK MERCANTILE EXCHANGE",52.33000183105469,0.22340431642004782,-466764,-0.36283622709209873,440074,-0.23839036938239325,0.03930468428041577,0.006259018759018759,-0.029128008355814528,-0.02885538091715434,0.16897241372527433
2017-01-10,2114656,604261,170699,671494,1136894,067651,"CRUDE OIL, LIGHT SWEET - NEW YORK MERCANTILE EXCHANGE",50.81999969482422,0.22008307734213034,-465400,0.06528427376510297,433562,-0.3116797586204916,0.03387989745563452,0.008403014349127698,-0.02885538091715434,0.0326643025852118,0.17125304967120342
2017-01-17,2179122,631537,166859,677537,1159908,067651,"CRUDE OIL, LIGHT SWEET - NEW YORK MERCANTILE EXCHANGE",52.47999954223633,0.22136025426754447,-482371,-0.8025418791519755,464678,1.4714450009836115,0.015813806671764324,0.038973141148001746,0.0326643025852118,0.013338429288210829,0.17333136047449765
2017-01-24,2151809,642401,159878,657946,1155886,067651,"CRUDE OIL, LIGHT SWEET - NEW YORK MERCANTILE EXCHANGE",53.18000030517578,0.23140529665969423,-497940,-0.7144620631612182,482523,0.8189077986455096,0.013018294968883556,0.022242885579704816,0.013338429288210829,-0.006957482695778672,0.1754997033813006
2017-01-31,2181656,656710,164018,677456,1186594,067651,"CRUDE OIL, LIGHT SWEET - NEW YORK MERCANTILE EXCHANGE",52.810001373291016,0.2333722640049577,-509138,-0.5203993477116231,492692,0.4725791183139396,0.02694026447788418,0.022478823678490314,-0.006957482695778672,-0.012118977233531947,0.17785494309007202
2017-02-07,2191158,661929,184939,683625,1188108,067651,"CRUDE OIL, LIGHT SWEET - NEW YORK MERCANTILE EXCHANGE",52.16999816894531,0.2302357931285649,-504483,0.2133700271720198,476990,-0.7197284998184865,0.004104752120094052,0.030866675798353463,-0.012118977233531947,0.019743197817615687,0.18019927362031704
2017-02-14,2183943,683254,174798,734170,1260587,067651,"CRUDE OIL, LIGHT SWEET - NEW YORK MERCANTILE EXCHANGE",53.20000076293945,0.24103971578012795,-526417,-1.0010232032559951,508456,1.436044319944066,0.06167367754568601,0.0366714371623165,0.019743197817615687,0.016165424774780446,0.18306844963417732
2017-02-21,2103278,712717,156110,659481,1231266,067651,"CRUDE OIL, LIGHT SWEET - NEW YORK MERCANTILE EXCHANGE",54.060001373291016,0.2718542199366893,-571785,-2.0773435936743767,556607,2.2047736593857987,0.05501000398255293,0.05542069940275797,0.016165424774780446,-0.0009249546890044424,0.18598844730167835
2017-02-28,2120334,690281,165027,677820,1223836,067651,"CRUDE OIL, LIGHT SWEET - NEW YORK MERCANTILE EXCHANGE",54.0099983215332,0.2575141463561873,-546016,1.2251827861081608,525254,-1.4906731302281486,0.013550820968671516,0.03665697035453895,-0.0009249546890044424,-0.016108108848763014,0.1886666812839749
2017-03-07,2137532,682176,173651,682956,1218455,067651,"CRUDE OIL, LIGHT SWEET - NEW YORK MERCANTILE EXCHANGE",53.13999938964844,0.2505220974469622,-535499,0.49600676119894316,508525,-0.7889794721020367,0.005531155547117378,0.019547174837905325,-0.016108108848763014,-0.1019946976138113,0.1909320366715372
2017-03-14,2240261,687026,253226,775342,1222748,067651,"CRUDE OIL, LIGHT SWEET - NEW YORK MERCANTILE EXCHANGE",47.720001220703125,0.19971155146654787,-447406,4.121248243301153,433800,-3.4958540971550365,0.04838570835147566,0.08978975849027708,-0.1019946976138113,-0.007963140368705046,0.1918847009530484
2017-03-21,2194206,659029,240512,776277,1209714,067651,"CRUDE OIL, LIGHT SWEET - NEW YORK MERCANTILE EXCHANGE",47.34000015258789,0.19753705896347015,-433437,0.6235434174857305,418517,-0.6821972975470268,0.007033768028153199,0.045257525782593566,-0.007963140368705046,0.021757473087810508,0.1923356544239669
2017-03-28,2222462,647981,249901,778335,1188424,067651,"CRUDE OIL, LIGHT SWEET - NEW YORK MERCANTILE EXCHANGE",48.369998931884766,0.18452014027686411,-410089,1.064075114187091,398080,-0.9314075342059953,0.011871307058973673,0.02276134280451106,0.021757473087810508,0.054992762169748355,0.19250198608560798
2017-04-04,2213064,649987,241605,748325,1154097,067651,"CRUDE OIL, LIGHT SWEET - NEW YORK MERCANTILE EXCHANGE",51.02999877929688,0.18335303452588808,-405772,0.19424404106796878,408382,0.46353998403572255,0.03381846929860988,0.011554612423619772,0.054992762169748355,0.04644332359936376,0.1929074649106261
2017-04-11,2193567,645953,208910,736046,1165444,067651,"CRUDE OIL, LIGHT SWEET - NEW YORK MERCANTILE EXCHANGE",53.400001525878906,0.19575330956382914,-429398,-1.0675696681162405,437043,1.2950822931465154,0.012424993031780341,0.04296477915174712,0.04644332359936376,-0.018539356744906033,0.19369448845543447
2017-04-18,2161434,637850,193967,728324,1173574,067651,"CRUDE OIL, LIGHT SWEET - NEW YORK MERCANTILE EXCHANGE",52.40999984741211,0.20599749980799784,-445250,-0.7226585739118067,443883,0.311820883519856,0.008334831836407632,0.027705613133658005,-0.018539356744906033,-0.05437890636173737,0.19400120535293064
2017-04-25,2188272,618756,206934,738168,1171793,067651,"CRUDE OIL, LIGHT SWEET - NEW YORK MERCANTILE EXCHANGE",49.560001373291016,0.19815863841423736,-433625,0.5378373801837114,411822,-1.4833207953608576,0.006086511714113534,0.03882934273153363,-0.05437890636173737,-0.03833739857204399,0.19416613139832062
2017-05-02,2215531,630692,257548,756754,1166614,067651,"CRUDE OIL, LIGHT SWEET - NEW YORK MERCANTILE EXCHANGE",47.65999984741211,0.18499402626277853,-409860,1.086016729181747,373144,-1.7675133621414523,0.012355929806464494,0.07042015671440151,-0.03833739857204399,-0.03734785532932661,0.19425717787937527
2017-05-09,2276413,655196,326445,832830,1172624,067651,"CRUDE OIL, LIGHT SWEET - NEW YORK MERCANTILE EXCHANGE",45.880001068115234,0.14926729025005567,-339794,3.1624924228097013,328751,-2.0037182959750957,0.04093138012639532,0.09514781880544924,-0.03734785532932661,0.0605928228983601,0.19387660795675882
2017-05-16,2337124,646041,317089,863704,1197211,067651,"CRUDE OIL, LIGHT SWEET - NEW YORK MERCANTILE EXCHANGE",48.65999984741211,0.14269974549916906,-333507,0.2761801131868426,328952,0.008829680730166274,0.02691086240820218,0.01921962767227685,0.0605928228983601,0.05774766506581597,0.19264300595854836
2017-05-23,2211099,595499,222510,816945,1185496,067651,"CRUDE OIL, LIGHT SWEET - NEW YORK MERCANTILE EXCHANGE",51.470001220703125,0.16668226976720626,-368551,-1.4994497510615612,372989,1.8842389192871238,0.0292013597404368,0.1774075835351445,0.05774766506581597,-0.035166142031544556,0.19188325611296236
2017-05-30,2198081,595577,221822,806439,1184204,067651,"CRUDE OIL, LIGHT SWEET - NEW YORK MERCANTILE EXCHANGE",49.65999984741211,0.17186127353814531,-377765,-0.4167158503531502,373755,0.03464340583574051,0.005926728197873752,0.0009371188367003141,-0.035166142031544556,-0.02960131343576189,0.19137076694093588
2017-06-06,2228585,624855,242386,794444,1185263,067651,"CRUDE OIL, LIGHT SWEET - NEW YORK MERCANTILE EXCHANGE",48.18999862670898,0.17536643206339447,-390819,-0.5938816631416222,382469,0.39643671002115033,0.006593905057667625,0.057471913804813195,-0.02960131343576189,-0.0358995557488454,0.19122154172591863
2017-06-13,2176740,639309,280310,788989,1164994,067651,"CRUDE OIL, LIGHT SWEET - NEW YORK MERCANTILE EXCHANGE",46.459999084472656,0.1727376719314204,-376005,0.6647267212154798,358999,-1.053134612321271,0.013164904710020508,0.05695619598986102,-0.0358995557488454,-0.06952216112539322,0.19110194308840583
2017-06-20,2118015,628548,299784,783406,1143120,067651,"CRUDE OIL, LIGHT SWEET - NEW YORK MERCANTILE EXCHANGE",43.22999954223633,0.1698354355375198,-359714,0.7484127640416403,328764,-1.389003739537106,0.014252078611967863,0.032569167065230976,-0.06952216112539322,0.023363454705653597,0.19083036194931396
2017-06-27,2143111,638878,311690,812438,1158776,067651,"CRUDE OIL, LIGHT SWEET - NEW YORK MERCANTILE EXCHANGE",44.2400016784668,0.1616052551641049,-346338,0.6315347152876633,327188,-0.07440929360745793,0.022670293534847053,0.023392329638700228,0.023363454705653597,0.018083164708602162,0.1904984008651637
2017-07-11,2133575,629009,270984,812144,1173515,067651,"CRUDE OIL, LIGHT SWEET - NEW YORK MERCANTILE EXCHANGE",45.040000915527344,0.1693734694116682,-361371,-0.7014569007391591,358025,1.4388895395525478,0.007570786323331448,0.05619488151574512,0.018083164708602162,0.03019539482031197,0.19040701627394246
2017-07-18,2140060,652015,255556,803854,1202174,067651,"CRUDE OIL, LIGHT SWEET - NEW YORK MERCANTILE EXCHANGE",46.400001525878906,0.18612562264609403,-398320,-1.731788195868437,396459,1.801389686324596,0.018418985178671483,0.04234820195885501,0.03019539482031197,0.03211202187005324,0.19072310966602132
2017-07-25,2149971,659050,235712,764804,1186870,067651,"CRUDE OIL, LIGHT SWEET - NEW YORK MERCANTILE EXCHANGE",47.88999938964844,0.19631241537676555,-422066,-1.1095950580824836,423338,1.2559928226311412,0.027849938053178962,0.030040390629016433,0.03211202187005324,0.026519116181867863,0.19112033399942524
2017-08-01,2219691,717912,231147,732709,1217844,067651,"CRUDE OIL, LIGHT SWEET - NEW YORK MERCANTILE EXCHANGE",49.15999984741211,0.21855970042677111,-485135,-2.93348142835415,486765,2.9501328157449564,0.03233390735857985,0.06683146147921257,0.026519116181867863,0.00020338327022439984,0.19214114533473864
2017-08-08,2215548,707536,226907,714874,1191616,067651,"CRUDE OIL, LIGHT SWEET - NEW YORK MERCANTILE EXCHANGE",49.16999816894531,0.21518017212897214,-476742,0.3781156926797469,480629,-0.2764348731422527,0.02311210654134037,0.015641403488495284,0.00020338327022439984,-0.03294689835697251,0.1932786874703307
2017-08-15,2311603,699351,235878,781560,1255059,067651,"CRUDE OIL, LIGHT SWEET - NEW YORK MERCANTILE EXCHANGE",47.54999923706055,0.20483577846195908,-473499,0.1463746215383282,463473,-0.7743456697846312,0.0638946214289467,0.018344170251350204,-0.03294689835697251,0.0018927477188630526,0.19450440743166142
2017-08-22,2236977,676829,231381,751249,1207115,067651,"CRUDE OIL, LIGHT SWEET - NEW YORK MERCANTILE EXCHANGE",47.63999938964844,0.20378662811463863,-455866,0.7628039935923253,445448,-0.7797619227869145,0.039959374253203186,0.02974972748593387,0.0018927477188630526,-0.025188933213970754,0.19538752025046907
2017-08-29,2247058,663313,297448,788228,1169408,067651,"CRUDE OIL, LIGHT SWEET - NEW YORK MERCANTILE EXCHANGE",46.43999862670898,0.16963514070397828,-381180,3.3387021860305226,365865,-3.5576136902614555,0.038151116959434746,0.08283329568956276,-0.025188933213970754,0.047803645270272366,0.194869078650228
2017-09-05,2326586,675605,293492,815931,1204660,067651,"CRUDE OIL, LIGHT SWEET - NEW YORK MERCANTILE EXCHANGE",48.65999984741211,0.16708129422252174,-388729,-0.33595038490328244,382113,0.7230787990341149,0.031156725928206154,0.016766123514983536,0.047803645270272366,-0.008836833261902433,0.19446205786222864
2017-09-12,2345125,662650,288170,857037,1236352,067651,"CRUDE OIL, LIGHT SWEET - NEW YORK MERCANTILE EXCHANGE",48.22999954223633,0.16174617557699483,-379315,0.40462720913819644,374480,-0.3280772771778047,0.03477518989542794,0.01922235544056709,-0.008836833261902433,0.02591747899365715,0.19459075171571044
2017-09-19,2377488,678156,260082,858264,1278201,067651,"CRUDE OIL, LIGHT SWEET - NEW YORK MERCANTILE EXCHANGE",49.47999954223633,0.17663054450748017,-419937,-1.7321891157187783,418074,1.8589201002078781,0.02016227740683793,0.046463690449544785,0.02591747899365715,0.048504477527940404,0.19474012885457176
2017-09-26,2411223,698180,244072,824910,1284235,067651,"CRUDE OIL, LIGHT SWEET - NEW YORK MERCANTILE EXCHANGE",51.880001068115234,0.1904946162175792,-459325,-1.6567065743339189,454108,1.515633307087144,0.018674865881672432,0.038242423470579,0.048504477527940404,-0.028141921147091464,0.19536946641944603
2017-10-03,2471226,687611,243295,848375,1300591,067651,"CRUDE OIL, LIGHT SWEET - NEW YORK MERCANTILE EXCHANGE",50.41999816894531,0.18299257129861857,-452216,0.2948296362468341,444316,-0.40610097033745945,0.018530307133756422,0.012188126405888457,-0.028141921147091464,0.009916700082467589,0.19577058118267268
2017-10-10,2437479,685322,268261,822776,1242946,067651,"CRUDE OIL, LIGHT SWEET - NEW YORK MERCANTILE EXCHANGE",50.91999816894531,0.17237892100813998,-420170,1.2967652493134985,417061,-1.102893867254553,0.040297774821587806,0.02858167563809338,0.009916700082467589,0.0188531605202491,0.1954255016903973
2017-10-17,2440472,701946,272421,802074,1233592,067651,"CRUDE OIL, LIGHT SWEET - NEW YORK MERCANTILE EXCHANGE",51.880001068115234,0.17681743531579136,-431518,-0.46556298536315593,429525,0.5113479952032407,0.014764701085541537,0.02133077167022282,0.0188531605202491,0.011372400548204542,0.194639653318799
2017-10-24,2371940,710682,263855,772710,1222299,067651,"CRUDE OIL, LIGHT SWEET - NEW YORK MERCANTILE EXCHANGE",52.470001220703125,0.18954484514785366,-449589,-0.7404715153462117,446827,0.7089612173382853,0.020379356684606435,0.017754071933646438,0.011372400548204542,0.036401749627908986,0.1939450745252041
2017-10-31,2509878,734763,231814,809563,1312437,067651,"CRUDE OIL, LIGHT SWEET - NEW YORK MERCANTILE EXCHANGE",54.380001068115234,0.2003579456850094,-502874,-2.2464733509279324,502949,2.3660800863428246,0.059844957587181905,0.05806262718852197,0.036401749627908986,0.05185729384763982,0.19342252255861708
2017-11-07,2601977,758743,213537,836669,1388076,067651,"CRUDE OIL, LIGHT SWEET - NEW YORK MERCANTILE EXCHANGE",57.20000076293945,0.21191847583587403,-551407,-1.9336796449867286,545206,1.6836276504276302,0.04618282095251366,0.04346175998683507,0.05185729384763982,-0.02622377587400082,0.1936093494062783
2017-11-14,2627570,778738,182272,793419,1407503,067651,"CRUDE OIL, LIGHT SWEET - NEW YORK MERCANTILE EXCHANGE",55.70000076293945,0.23370795069208433,-614084,-2.4088222148005154,596466,1.9700404730710532,0.028477610746768856,0.053339715507643,-0.02622377587400082,0.02028727204016656,0.19518482366018086
2017-11-21,2512147,742158,165080,748100,1331898,067651,"CRUDE OIL, LIGHT SWEET - NEW YORK MERCANTILE EXCHANGE",56.83000183105469,0.2323900631611128,-583798,1.1526239072603204,577078,-0.737868068215119,0.05813659436210997,0.05927000412240228,0.02028727204016656,0.02041175101244197,0.1970211339346225
2017-11-28,2489012,763786,153953,738304,1360100,067651,"CRUDE OIL, LIGHT SWEET - NEW YORK MERCANTILE EXCHANGE",57.9900016784668,0.24981639301056002,-621796,-1.5125707213789639,609833,1.303864781798199,0.018108047830637,0.035690975320870094,0.02041175101244197,-0.0063804575939411245,0.1991083318354858
2017-12-05,2554224,759978,148850,787163,1410423,067651,"CRUDE OIL, LIGHT SWEET - NEW YORK MERCANTILE EXCHANGE",57.619998931884766,0.24401148842074932,-623260,-0.058818519155391775,611128,0.0520286764386833,0.04513224965939899,0.009804935587371867,-0.0063804575939411245,-0.008330433029055673,0.2009002409010566
2017-12-12,2571686,761121,146624,781944,1411274,067651,"CRUDE OIL, LIGHT SWEET - NEW YORK MERCANTILE EXCHANGE",57.13999938964844,0.24471494575931899,-629330,-0.2376455628010699,614497,0.13189915997970422,0.00276762273517726,0.0037113947198827864,-0.008330433029055673,0.005600274732977972,0.20194616514208985
2017-12-19,2456059,749848,148009,752045,1372036,067651,"CRUDE OIL, LIGHT SWEET - NEW YORK MERCANTILE EXCHANGE",57.459999084472656,0.25243326809331534,-619991,0.36314697828584047,601839,-0.49220628023794505,0.03254913536724824,0.014098013380749942,0.005600274732977972,0.043682599655814114,0.202708707014486
2017-12-26,2460193,772893,140732,750189,1394458,067651,"CRUDE OIL, LIGHT SWEET - NEW YORK MERCANTILE EXCHANGE",59.970001220703125,0.26187742181202855,-644269,-0.9884941689104374,632161,1.2345794624640531,0.011320277882560627,0.03318867150088931,0.043682599655814114,,0.20344261180232667
