,Open_Interest_All,NonComm_Positions_Long_All,NonComm_Positions_Short_All,Comm_Positions_Long_All,Comm_Positions_Short_All,CFTC_Contract_Market_Code,Market_and_Exchange_Names,CT_Close,HP,NetLong_Comm,Q_Comm,NetLong_NonComm,Q_NonComm,PT_Comm,PT_NonComm,Ret,Ret_Lead,HP_Smooth_52w
2003-01-07,80764,32243,3761,30180,67047,033661,COTTON NO. 2 - NEW YORK COTTON EXCHANGE ,51.16999816894531,0.4564781338219999,-36867,,28482,,,,,0.0025405720689302136,
2003-01-14,85987,34553,3893,30599,69412,033661,COTTON NO. 2 - NEW YORK COTTON EXCHANGE ,51.29999923706055,0.4513821856792306,-38813,-2.4094893764548564,30660,2.6967460749839036,0.02783693793682695,0.06351766113509857,0.0025405720689302136,-0.026120861062700285,
2003-01-21,84554,31007,3844,32421,66753,033661,COTTON NO. 2 - NEW YORK COTTON EXCHANGE ,49.959999084472656,0.40603637911866974,-34332,5.211252863804994,27163,-4.066893832788677,0.045183213342206624,0.1031534245789217,-0.026120861062700285,0.00800643581283067,
2003-01-28,82276,27233,4182,34477,64305,033661,COTTON NO. 2 - NEW YORK COTTON EXCHANGE ,50.36000061035156,0.3625358549273178,-29828,5.326773422901341,23051,-4.863164368332663,0.04559535137980604,0.1308928855642209,0.00800643581283067,0.03216836600974493,
2003-02-04,90039,34909,4825,32413,69900,033661,COTTON NO. 2 - NEW YORK COTTON EXCHANGE ,51.97999954223633,0.4163418074389987,-37487,-9.308911468715058,30084,8.548057756818514,0.07485852237741049,0.20936729249509237,0.03216836600974493,0.024817255230622948,
2003-02-11,91631,37800,3616,32543,74292,033661,COTTON NO. 2 - NEW YORK COTTON EXCHANGE ,53.27000045776367,0.4556209143193897,-41749,-4.733504370328413,34184,4.553582336543053,0.042326952777647774,0.09899555727255167,0.024817255230622948,-0.08766664057653428,
2003-02-25,88952,40899,3427,28372,73466,033661,COTTON NO. 2 - NEW YORK COTTON EXCHANGE ,48.59999847412109,0.5069475672272686,-45094,-3.6505112898473224,37472,3.5883052678678613,0.04906812781083682,0.07417768352659838,-0.08766664057653428,0.001028869410035993,
2003-03-04,91838,41582,4066,28875,74652,033661,COTTON NO. 2 - NEW YORK COTTON EXCHANGE ,48.650001525878906,0.49845379908099047,-45777,-0.7678298408130227,37516,0.049464879935245974,0.016314584601118547,0.028960743077462322,0.001028869410035993,0.19342239573017372,
2003-03-11,92732,41054,4111,29302,74244,033661,COTTON NO. 2 - NEW YORK COTTON EXCHANGE ,58.060001373291016,0.4846439201138765,-44942,0.9092096953330865,36943,-0.6239247370369564,0.008064048828539972,0.012686815011624044,0.19342239573017372,0.025318590617224856,
2003-03-18,94492,44997,5326,28236,74790,033661,COTTON NO. 2 - NEW YORK COTTON EXCHANGE ,59.52999877929688,0.49267662870930873,-46554,-1.7383427511538627,39671,2.9418108096449984,0.015646535825908022,0.10249786379985296,0.025318590617224856,-0.0349403335966606,
2003-03-25,90759,41694,6026,28935,71339,033661,COTTON NO. 2 - NEW YORK COTTON EXCHANGE ,57.45000076293945,0.4672153725801298,-42404,4.391906193116878,35668,-4.2363374677221355,0.04138660071404352,0.08388516345347863,-0.0349403335966606,0.004699746809017302,
2003-04-01,83618,31405,5434,31799,62829,033661,COTTON NO. 2 - NEW YORK COTTON EXCHANGE ,57.720001220703125,0.37109234853739625,-31030,12.532090481384767,25971,-10.684339845084235,0.12019698186583253,0.29536632373300037,0.004699746809017302,-0.012993762718961799,
2003-04-08,81649,30915,5596,31827,61713,033661,COTTON NO. 2 - NEW YORK COTTON EXCHANGE ,56.970001220703125,0.366030202451959,-29886,1.3681264799445096,25319,-0.7797364203879548,0.012230062005559119,0.01785763194653666,-0.012993762718961799,0.018079669250955943,
2003-04-15,76623,30743,5048,30147,61097,033661,COTTON NO. 2 - NEW YORK COTTON EXCHANGE ,58.0,0.40392571421113765,-30950,-1.3031390464059571,25695,0.4605077833163909,0.025163298408662486,0.020116789136933867,0.018079669250955943,0.0065517425537109375,
2003-04-22,80737,35616,4718,28482,64027,033661,COTTON NO. 2 - NEW YORK COTTON EXCHANGE ,58.380001068115234,0.4402566357432156,-35545,-5.99689388303773,30898,6.7903893086932126,0.049670842836913164,0.12899786780383796,0.0065517425537109375,-0.06988697767056085,
2003-04-29,71545,26401,8048,30313,51536,033661,COTTON NO. 2 - NEW YORK COTTON EXCHANGE ,54.29999923706055,0.29663847927877557,-21223,17.73907873713415,18353,-15.538105205791645,0.17498075724810322,0.3641615141223258,-0.06988697767056085,-0.0755064186321901,
2003-05-06,73115,21648,15539,35440,41629,033661,COTTON NO. 2 - NEW YORK COTTON EXCHANGE ,50.20000076293945,0.08464747315872256,-6189,21.013348242364945,6109,-17.113704661401915,0.19507194851366957,0.32925484712399494,-0.0755064186321901,0.07589636455556614,
2003-05-13,73061,18313,18102,40064,39988,033661,COTTON NO. 2 - NEW YORK COTTON EXCHANGE ,54.0099983215332,-0.001040226659914318,76,8.568693154619435,211,-8.066744170142925,0.07826162994053865,0.16196622271042152,0.07589636455556614,-0.010553595862582643,
2003-05-20,73484,18770,16880,39142,40670,033661,COTTON NO. 2 - NEW YORK COTTON EXCHANGE ,53.43999862670898,0.020793642153393938,-1528,-2.1954257401349557,1890,2.298079686837027,0.02009722848694432,0.04709677419354839,-0.010553595862582643,-0.018525409603486254,
2003-05-27,72986,17610,16758,39310,39378,033661,COTTON NO. 2 - NEW YORK COTTON EXCHANGE ,52.45000076293945,0.0009316855287315375,-68,1.9868270643949704,852,-1.41255239235752,0.018554290361935746,0.03730214152700186,-0.018525409603486254,-0.07283126099634651,
2003-06-03,79626,17997,24280,44712,37142,033661,COTTON NO. 2 - NEW YORK COTTON EXCHANGE ,48.630001068115234,-0.0950694496772411,7570,10.46502068889924,-6283,-9.775847422793413,0.09331248320179833,0.18707571492773847,-0.07283126099634651,0.09376922596005355,
2003-06-10,79613,18655,25415,43722,35890,033661,COTTON NO. 2 - NEW YORK COTTON EXCHANGE ,53.18999862670898,-0.0983758933842463,7832,0.3290382538366865,-6760,-0.5990505613744255,0.028161583680852132,0.04068527342863626,0.09376922596005355,0.06410979386075422,
2003-06-17,69960,14153,12437,39187,39919,033661,COTTON NO. 2 - NEW YORK COTTON EXCHANGE ,56.59999847412109,0.0104631217838765,-732,-10.757037167296799,1716,10.646502455629106,0.10825980330189872,0.6573899962391877,0.06410979386075422,-0.054240278755977034,
2003-06-24,56343,13363,8764,32393,36748,033661,COTTON NO. 2 - NEW YORK COTTON EXCHANGE ,53.52999877929688,0.07729442876666134,-4355,-5.1786735277301315,4599,4.120926243567753,0.14412577197321416,0.2016992814208885,-0.054240278755977034,0.08537268445804047,
2003-07-01,59260,16396,12846,30349,40625,033661,COTTON NO. 2 - NEW YORK COTTON EXCHANGE ,58.09999847412109,0.17340533243334458,-10276,-10.508847594199812,3550,-1.861810695206148,0.0834249161664835,0.24331441077901647,0.08537268445804047,0.005507740158835928,
2003-07-08,61992,20373,2843,27474,47389,033661,COTTON NO. 2 - NEW YORK COTTON EXCHANGE ,58.41999816894531,0.32125112917795845,-19915,-16.265609179885253,17530,23.59095511306109,0.12875519281888248,0.602170916609235,0.005507740158835928,0.03046906281726569,0.28348373794311355
2003-07-15,64303,25586,2902,25533,50511,033661,COTTON NO. 2 - NEW YORK COTTON EXCHANGE ,60.20000076293945,0.38844221887003716,-24978,-8.167182862304813,22684,8.313975996902826,0.06657987480932091,0.18506037629879246,0.03046906281726569,-0.03803988183563478,0.28737108908855513
2003-07-22,63491,24293,3172,25829,49288,033661,COTTON NO. 2 - NEW YORK COTTON EXCHANGE ,57.90999984741211,0.36948543888110125,-23459,2.362253705114847,21121,-2.430679750555962,0.020221787345075015,0.056908793009284545,-0.03803988183563478,-0.0024175339322625167,0.29030374443828894
2003-07-29,62278,22772,2482,26587,48959,033661,COTTON NO. 2 - NEW YORK COTTON EXCHANGE ,57.77000045776367,0.3592279777770641,-22372,1.712053676899088,20290,-1.3088469231859634,0.014388584438620178,0.08755048705155619,-0.0024175339322625167,-0.03185044379449398,0.292680442139626
2003-08-05,61831,18464,7174,30054,42702,033661,COTTON NO. 2 - NEW YORK COTTON EXCHANGE ,55.93000030517578,0.20455758438323818,-12648,15.613860432255372,11290,-14.451331128167249,0.13365220737808567,0.35104142288790074,-0.03185044379449398,-0.020382610109568322,0.28974301354774645
2003-08-12,61329,16781,10026,32136,39743,033661,COTTON NO. 2 - NEW YORK COTTON EXCHANGE ,54.790000915527344,0.1240359373216586,-7607,8.152868302307905,6755,-7.334508579838592,0.07013174918961032,0.16917223113365912,-0.020382610109568322,0.006935521939556599,0.28439762399206614
2003-08-19,63711,17454,15554,34082,36831,033661,COTTON NO. 2 - NEW YORK COTTON EXCHANGE ,55.16999816894531,0.043147965029586725,-2749,7.921211824748488,1900,-7.916320174794958,0.06850647977098698,0.18786354823073195,0.006935521939556599,0.015044441881491455,0.27685857214948867
2003-08-26,64220,18298,16585,33866,37246,033661,COTTON NO. 2 - NEW YORK COTTON EXCHANGE ,56.0,0.05263157894736842,-3380,-0.9904098193404592,1713,-0.29351289416270343,0.008873326583417707,0.05375111085629103,0.015044441881491455,0.02678571428571419,0.27006381477972746
2003-09-02,64671,19301,11681,32758,42389,033661,COTTON NO. 2 - NEW YORK COTTON EXCHANGE ,57.5,0.14892301031374186,-9631,-9.733727810650887,7620,9.198069137340392,0.08318362675822055,0.19065909237621845,0.02678571428571419,0.011826092263926613,0.26650084994249257
2003-09-09,62848,18909,6492,31835,46573,033661,COTTON NO. 2 - NEW YORK COTTON EXCHANGE ,58.18000030517578,0.23450229124236252,-14738,-7.89689350713612,12417,7.417544185183466,0.06513365983062953,0.21971575922207787,0.011826092263926613,0.07597109222689524,0.26558660540820317
2003-09-16,82098,36823,4287,29936,65903,033661,COTTON NO. 2 - NEW YORK COTTON EXCHANGE ,62.59999847412109,0.43809837024044435,-35967,-33.77832230142566,32536,32.012156313645626,0.22150690220056554,0.489394307954269,0.07597109222689524,0.044728484345176955,0.27037859887576543
2003-09-23,91119,44690,5183,32117,75648,033661,COTTON NO. 2 - NEW YORK COTTON EXCHANGE ,65.4000015258789,0.4777379031815538,-43531,-9.213379132256572,39507,8.491071646081512,0.11066672852967105,0.1757062939867263,0.044728484345176955,0.020642178021768043,0.27598290439754347
2003-09-30,99434,49805,4986,33341,82646,033661,COTTON NO. 2 - NEW YORK COTTON EXCHANGE ,66.75,0.4958565480620311,-49305,-6.336768401760335,44819,5.829739132343419,0.07088725460611965,0.0969502290522166,0.020642178021768043,0.0014981044812147903,0.28176905291503
2003-10-07,99896,49400,5738,33559,81598,033661,COTTON NO. 2 - NEW YORK COTTON EXCHANGE ,66.8499984741211,0.48089012573076,-48039,1.2732063479292797,43662,-1.1635858961723355,0.010993686879651259,0.020983713591352607,0.0014981044812147903,0.07135384265277867,0.2868747214487667
2003-10-14,109423,55018,6029,35585,89004,033661,COTTON NO. 2 - NEW YORK COTTON EXCHANGE ,71.62000274658203,0.4881880409054769,-53419,-5.385601025066069,48989,5.3325458476815895,0.07570491776962653,0.0967942732648615,0.07135384265277867,0.05152184683751382,0.29190755443518446
2003-10-21,110013,53217,6655,37476,87168,033661,COTTON NO. 2 - NEW YORK COTTON EXCHANGE ,75.30999755859375,0.45169207275503803,-49692,3.4060480886102558,46562,-2.21799804428685,0.02990115849940631,0.040536477819347945,0.05152184683751382,0.08856733520871973,0.29580473780883937
2003-10-28,116395,48471,6080,43263,91548,033661,COTTON NO. 2 - NEW YORK COTTON EXCHANGE ,81.9800033569336,0.4148374071051162,-48285,1.2789397616645306,42391,-3.7913701108050866,0.07541669448338785,0.09754174992209125,0.08856733520871973,-0.05403757164888068,0.29863884898256027
2003-11-04,111493,44506,5812,40863,86243,033661,COTTON NO. 2 - NEW YORK COTTON EXCHANGE ,77.55000305175781,0.40702106858726556,-45380,2.495811675759268,38694,-3.176253275484342,0.060618696206315985,0.08412496522119321,-0.05403757164888068,-0.020631928311437453,0.3011593657175534
2003-11-11,104688,44976,2653,39177,87241,033661,COTTON NO. 2 - NEW YORK COTTON EXCHANGE ,75.94999694824219,0.45911661317438485,-48064,-2.4073260204676528,42323,3.2549128644847656,0.021231153791390466,0.07619307564718973,-0.020631928311437453,-0.062146066898793095,0.3047493031597541
2003-11-18,91659,40234,3722,35149,76763,033661,COTTON NO. 2 - NEW YORK COTTON EXCHANGE ,71.2300033569336,0.45400888074275303,-41614,6.1611646033929395,36512,-5.5507794589637784,0.12961970119379512,0.1322003822003822,-0.062146066898793095,-0.12129724550272225,0.3080661826615985
2003-11-25,84625,31169,5176,36585,66912,033661,COTTON NO. 2 - NEW YORK COTTON EXCHANGE ,62.59000015258789,0.35836927621861153,-30327,12.314120817377454,25993,-11.476232557632093,0.10905630114882557,0.2894208281744394,-0.12129724550272225,0.09442402672957573,0.3091597281737075
2003-12-02,80546,29740,4874,35973,64952,033661,COTTON NO. 2 - NEW YORK COTTON EXCHANGE ,68.5,0.35978198793236166,-28979,1.5929098966026587,24866,-1.3317577548005908,0.025484270497894475,0.0500086670133472,0.09442402672957573,0.025401428668168302,0.3102367975302746
2003-12-09,79270,26538,6602,37819,61343,033661,COTTON NO. 2 - NEW YORK COTTON EXCHANGE ,70.23999786376953,0.29675791598334805,-23524,6.772527499813771,19936,-6.120726044744618,0.0550109921139146,0.1487628243814122,0.025401428668168302,-0.004555804449835832,0.309955987498047
2003-12-16,78890,26098,7051,38215,60456,033661,COTTON NO. 2 - NEW YORK COTTON EXCHANGE ,69.91999816894531,0.28192419825072884,-22241,1.6185189857449225,19047,-1.1214835372776586,0.01300280730913845,0.026818305227910344,-0.004555804449835832,0.06364423189606394,0.3093839101664691
2003-12-30,82194,29075,6127,38404,66506,033661,COTTON NO. 2 - NEW YORK COTTON EXCHANGE ,74.37000274658203,0.34189843540891063,-28102,-7.4293319812397005,22948,4.94485993155026,0.05947002192355352,0.11081756718368274,0.06364423189606394,0.01748010453614013,0.3100342006713179
2004-01-06,89122,34549,4955,38726,74555,033661,COTTON NO. 2 - NEW YORK COTTON EXCHANGE ,75.66999816894531,0.40202194744283115,-35829,-9.400929508236612,29594,8.085748351461177,0.07389588721850972,0.1682361279870393,0.01748010453614013,-0.017972785030536786,0.3118378819805633
2004-01-13,91645,35965,4172,38728,76486,033661,COTTON NO. 2 - NEW YORK COTTON EXCHANGE ,74.30999755859375,0.4120028370342081,-37758,-2.1644487331971907,31793,2.4674042324005296,0.016777474959640323,0.05478735331489648,-0.017972785030536786,0.012918841555817462,0.31376413111621027
2004-01-20,94665,36285,4653,39452,77541,033661,COTTON NO. 2 - NEW YORK COTTON EXCHANGE ,75.2699966430664,0.40235567527597316,-38089,-0.36117627802935237,31632,-0.175677887500682,0.01520603796808356,0.01956617323757878,0.012918841555817462,-0.020061041240594157,0.3127233146057098
2004-01-27,99413,41857,4483,39059,82554,033661,COTTON NO. 2 - NEW YORK COTTON EXCHANGE ,73.76000213623047,0.43751823202196893,-43495,-5.710663920139439,37374,6.06559974647441,0.044452484520569345,0.1239102287440656,-0.020061041240594157,-0.06588937729930411,0.3124567001123009
2004-02-03,88074,26660,8167,44358,66828,033661,COTTON NO. 2 - NEW YORK COTTON EXCHANGE ,68.9000015258789,0.25512637100619934,-22470,21.149145483991028,18493,-18.99248589218714,0.18909754825247782,0.542136847847934,-0.06588937729930411,-0.05718435927648535,0.30955458457167645
2004-02-10,80124,17388,11327,46588,54574,033661,COTTON NO. 2 - NEW YORK COTTON EXCHANGE ,64.95999908447266,0.09967051070840198,-7986,16.44526193882417,6061,-14.115402956604672,0.14317629149285305,0.43294445411805677,-0.05718435927648535,0.03448272622135784,0.30449948179823577
2004-02-17,80036,19992,17751,46217,49384,033661,COTTON NO. 2 - NEW YORK COTTON EXCHANGE ,67.19999694824219,0.03956969363786296,-3167,6.014427637162399,2241,-4.767610204183516,0.05816884760619659,0.2391966722306123,0.03448272622135784,0.026785760915200463,0.297253864225137
2004-02-24,79676,21586,17762,44264,49865,033661,COTTON NO. 2 - NEW YORK COTTON EXCHANGE ,69.0,0.07029720367488328,-5601,-3.041131490829127,3824,1.9778599630166422,0.025858130862964655,0.04078987496187862,0.026785760915200463,0.013043500375056638,0.2898437928665888
2004-03-02,78350,22621,10678,42500,57134,033661,COTTON NO. 2 - NEW YORK COTTON EXCHANGE ,69.9000015258789,0.18677728142948308,-14634,-11.337165520357448,11943,10.19001957929615,0.09066182226950639,0.24382113576984293,0.013043500375056638,-0.10085841055593847,0.28368667198586217
2004-03-09,81527,19197,15478,47408,52948,033661,COTTON NO. 2 - NEW YORK COTTON EXCHANGE ,62.84999847412109,0.06795294810308242,-5540,11.606892150606255,3719,-10.496490108487556,0.09061740204870661,0.23717375630857968,-0.10085841055593847,0.04677808294007879,0.27540780946705623
2004-03-16,86529,18783,21736,50923,50589,033661,COTTON NO. 2 - NEW YORK COTTON EXCHANGE ,65.79000091552734,-0.003859977579770944,334,7.204975038944153,-2953,-8.183791872631154,0.05786507999054299,0.1646634912016585,0.04677808294007879,-0.014135891354825736,0.26601350374217836
2004-03-23,88352,18769,21544,51358,51198,033661,COTTON NO. 2 - NEW YORK COTTON EXCHANGE ,64.86000061035156,-0.0018109380659181455,160,-0.20108865235932463,-2775,0.20571137999976885,0.010179804204532157,0.005110014139359512,-0.014135891354825736,0.0037002445499703107,0.2565041274580394
2004-03-30,89832,18219,22839,53265,51659,033661,COTTON NO. 2 - NEW YORK COTTON EXCHANGE ,65.0999984741211,-0.017877816368331998,1606,1.636635277073524,-4620,-2.0882379572618617,0.022568716404254507,0.04493643138974134,0.0037002445499703107,-0.0519200819146195,0.2471754122859536
2004-04-06,91851,17414,28031,55078,45970,033661,COTTON NO. 2 - NEW YORK COTTON EXCHANGE ,61.720001220703125,-0.09916059705392428,9108,8.351144358357823,-10617,-6.675794816991718,0.0742419444224527,0.1319617119595115,-0.0519200819146195,-0.003564504477510111,0.23813208640919747
2004-04-20,86782,11950,36449,64035,40289,033661,COTTON NO. 2 - NEW YORK COTTON EXCHANGE ,61.5,-0.27362817174068355,23746,15.936680057919892,-24499,-15.113607908460441,0.14031287143897855,0.2868241079361144,-0.003564504477510111,0.05447151990440813,0.2258309638285697
2004-04-27,83546,11966,36252,61081,37423,033661,COTTON NO. 2 - NEW YORK COTTON EXCHANGE ,64.8499984741211,-0.28317334163215474,23658,-0.10140351685833468,-24286,0.2454426033048328,0.059083895070250955,0.004417437471483678,0.05447151990440813,-0.06553585350809232,0.21261752044696797
2004-05-04,84864,12832,40957,60618,32801,033661,COTTON NO. 2 - NEW YORK COTTON EXCHANGE ,60.59999847412109,-0.32778327677224733,27817,4.9780958992650755,-28125,-4.5950733727527355,0.054432181890193644,0.10357136217442228,-0.06553585350809232,0.058580909919887736,0.19784752212936288
2004-05-11,81694,11812,34362,59068,37012,033661,COTTON NO. 2 - NEW YORK COTTON EXCHANGE ,64.1500015258789,-0.2699831076945675,22056,-6.788508672699849,-22550,6.569334464555053,0.05996044962531224,0.16491965175206827,0.058580909919887736,-0.01886208683380619,0.18695095314910629
2004-05-18,80864,11744,34319,58321,36149,033661,COTTON NO. 2 - NEW YORK COTTON EXCHANGE ,62.93999862670898,-0.27418876137712705,22172,0.14199329204103117,-22575,-0.03060200259504982,0.01704244733777919,0.002409743177821679,-0.01886208683380619,0.011757256031346364,0.18005025633110916
2004-05-25,80999,10933,35379,59168,35478,033661,COTTON NO. 2 - NEW YORK COTTON EXCHANGE ,63.68000030517578,-0.29247274657711825,23690,1.877225959635932,-24446,-2.3137613771270282,0.016038712676711114,0.04039989635515633,0.011757256031346364,-0.08558418242495658,0.17444578479423983
2004-06-01,81883,11244,37569,59497,33243,033661,COTTON NO. 2 - NEW YORK COTTON EXCHANGE ,58.22999954223633,-0.32062821342647435,26254,3.1654711786565266,-26325,-2.319781725700317,0.02764718568039681,0.05123635097207711,-0.08558418242495658,-0.04362014314777718,0.1678799798792424
2004-06-08,86995,10554,40673,64557,35297,033661,COTTON NO. 2 - NEW YORK COTTON EXCHANGE ,55.68999862670898,-0.336341169032703,29260,3.671091679591612,-30119,-4.6334403966635325,0.07124401626374507,0.07406250610029867,-0.04362014314777718,-0.024600448297150912,0.16139396344536866
2004-06-15,81283,9601,36039,59292,32256,033661,COTTON NO. 2 - NEW YORK COTTON EXCHANGE ,54.31999969482422,-0.33261567609463233,27036,-2.5564687625725617,-26438,4.231277659635611,0.09072836107834141,0.12241454864154251,-0.024600448297150912,-0.10898376660906695,0.15682576678349577
2004-06-22,74987,9577,37281,55243,27344,033661,COTTON NO. 2 - NEW YORK COTTON EXCHANGE ,48.400001525878906,-0.37205115553362583,27899,1.061722623426793,-27704,-1.5575212529065119,0.10850375967161902,0.027017798454906313,-0.10898376660906695,0.02685948752223588,0.15156278097293077
2004-06-29,70975,8691,35752,51934,24317,033661,COTTON NO. 2 - NEW YORK COTTON EXCHANGE ,49.70000076293945,-0.38910884114124694,27617,-0.3760651846320029,-27061,0.857481963540347,0.08309399220993822,0.05433926602614585,0.02685948752223588,-0.06438633226995127,0.1438787047628322
2004-07-06,74601,10471,37908,52940,25583,033661,COTTON NO. 2 - NEW YORK COTTON EXCHANGE ,46.5,-0.3667109019986327,27357,-0.3663261711870377,-27437,-0.5297640014089469,0.028934197623626198,0.08135761384071602,-0.06438633226995127,0.0021505048198082743,0.1353401407096535
2004-07-13,77935,11074,39836,54784,26362,033661,COTTON NO. 2 - NEW YORK COTTON EXCHANGE ,46.59999847412109,-0.36468852248668765,28422,1.427594804359191,-28762,-1.776115601667538,0.032324452221920985,0.049715183657434686,0.0021505048198082743,0.04463523388761059,0.12499218196119134
2004-07-20,77178,11641,39356,52914,26234,033661,COTTON NO. 2 - NEW YORK COTTON EXCHANGE ,48.68000030517578,-0.34569436886159266,26680,-2.2351959966638866,-27715,1.343427214986848,0.02524384697023298,0.020530619448202836,0.04463523388761059,-0.09737061727098706,0.1121663069988923
2004-07-27,79015,11397,41196,56205,25531,033661,COTTON NO. 2 - NEW YORK COTTON EXCHANGE ,43.93999862670898,-0.388204771245966,30674,5.1750498846821635,-29799,-2.700251366969862,0.04886463736909073,0.03962504515810089,-0.09737061727098706,0.034592637807679516,0.0972307879581999
2004-08-03,78625,10799,40897,57303,26443,033661,COTTON NO. 2 - NEW YORK COTTON EXCHANGE ,45.459999084472656,-0.3924960254372019,30860,0.23539834208694552,-30098,-0.3784091628171866,0.02400114632340649,0.017351439182915505,0.034592637807679516,-0.009018914554975166,0.082577298259771
2004-08-10,78442,10199,41361,57192,24788,033661,COTTON NO. 2 - NEW YORK COTTON EXCHANGE ,45.04999923706055,-0.41309502562402795,32404,1.963751987281399,-31162,-1.3532591414944357,0.021541839473042206,0.020636152055857254,-0.009018914554975166,0.03440619896360464,0.06772493280975
2004-08-17,77719,9886,40620,56576,24996,033661,COTTON NO. 2 - NEW YORK COTTON EXCHANGE ,46.59999847412109,-0.4063356450803536,31580,-1.0504576629866653,-30734,0.545626067667831,0.010101505418525964,0.02086880766641587,0.03440619896360464,0.0933476916578464,0.05597698608929632
2004-08-24,70476,9372,32796,50621,27185,033661,COTTON NO. 2 - NEW YORK COTTON EXCHANGE ,50.95000076293945,-0.33253873659118,23436,-10.478776103655477,-23424,9.405679434887222,0.1046705909569956,0.19773287801176248,0.0933476916578464,0.05593716254061687,0.04719670389866481
2004-08-31,69292,9491,30748,48878,28131,033661,COTTON NO. 2 - NEW YORK COTTON EXCHANGE ,53.79999923706055,-0.2994140737747503,20747,-3.81548328508996,-21257,3.0748056075827233,0.03491799659780026,0.05385322696886106,0.05593716254061687,-0.02973974901135168,0.04060897238319679
2004-09-07,68390,9394,27629,48411,30751,033661,COTTON NO. 2 - NEW YORK COTTON EXCHANGE ,52.20000076293945,-0.25822488667933907,17660,-4.455059747156959,-18235,4.3612538243953125,0.03899598292109851,0.08686492180536423,-0.02973974901135168,-0.014367815881958346,0.03463096342883702
2004-09-14,67519,8640,27899,48873,30303,033661,COTTON NO. 2 - NEW YORK COTTON EXCHANGE ,51.45000076293945,-0.27503369421940493,18570,1.3306038894575232,-19259,-1.4972949261587951,0.01149338183287865,0.028024850160102904,-0.014367815881958346,-0.024295432098426772,0.026477949880122663
2004-09-21,70745,8150,31913,53077,28684,033661,COTTON NO. 2 - NEW YORK COTTON EXCHANGE ,50.20000076293945,-0.3448017527740476,24393,8.624239103067284,-23763,-6.670714909877219,0.07121977470921344,0.11242293387914036,-0.024295432098426772,-0.044820716450288955,0.015337487495191695
2004-09-28,70864,7787,31539,53684,28889,033661,COTTON NO. 2 - NEW YORK COTTON EXCHANGE ,47.95000076293945,-0.3498955746218108,24795,0.5682380380238886,-23752,0.01554880203547954,0.009833722887626706,0.018740782179728424,-0.044820716450288955,0.019186614271263558,0.00018375778630217528
2004-10-05,71859,6769,33020,53823,27387,033661,COTTON NO. 2 - NEW YORK COTTON EXCHANGE ,48.869998931884766,-0.3678871122615121,26436,2.3157033190336422,-26251,-3.5264732445247233,0.020206871074990765,0.06280630324964186,0.019186614271263558,-0.0834867629533641,-0.016078261741449093
2004-10-12,75572,7061,35712,55652,26556,033661,COTTON NO. 2 - NEW YORK COTTON EXCHANGE ,44.790000915527344,-0.3850103212830149,29096,3.701693594400145,-28651,-3.3398739197595293,0.03235694822888283,0.06976363593855937,-0.0834867629533641,0.061397632145318015,-0.033018009228853826
2004-10-19,78191,7760,39236,59276,27195,033661,COTTON NO. 2 - NEW YORK COTTON EXCHANGE ,47.540000915527344,-0.410290186850149,32081,3.9498756153072563,-31476,-3.738156989361139,0.049299765239213145,0.08985871137969188,0.061397632145318015,-0.019352165879788386,-0.050156092163102066
2004-10-26,80534,8463,38239,59322,29108,033661,COTTON NO. 2 - NEW YORK COTTON EXCHANGE ,46.619998931884766,-0.37517073534159484,30214,-2.3877428348531162,-29776,2.1741632668721462,0.02215311545855479,0.03640101066335489,-0.019352165879788386,-0.031531476612722265,-0.06675914555246884
2004-11-02,84823,9310,42534,62209,28791,033661,COTTON NO. 2 - NEW YORK COTTON EXCHANGE ,45.150001525878906,-0.3939733327045731,33418,3.978443887053915,-33224,-4.281421511411329,0.03520879120879121,0.09918216187022606,-0.031531476612722265,-0.02458473029542063,-0.08302194181130752
2004-11-09,88752,10727,44321,63937,30835,033661,COTTON NO. 2 - NEW YORK COTTON EXCHANGE ,44.040000915527344,-0.37297187669010273,33102,-0.3725404666187237,-33594,-0.4362024450915436,0.03980078504199552,0.058203749455021075,-0.02458473029542063,0.05790188882946823,-0.09817212034583095
2004-11-16,88395,12299,43347,62502,33171,033661,COTTON NO. 2 - NEW YORK COTTON EXCHANGE ,46.59000015258789,-0.3318174104870185,29331,-4.248918334234721,-31048,2.868667748332432,0.03941550907779624,0.04575351328037954,0.05790188882946823,0.05172783514743662,-0.11238055263572103
2004-11-23,81787,12822,40966,57337,29979,033661,COTTON NO. 2 - NEW YORK COTTON EXCHANGE ,49.0,-0.3345030383801827,27358,-2.2320266983426666,-28144,3.2852536908196166,0.09570983553987815,0.05398973748791552,0.05172783514743662,-0.007142826002471292,-0.1276424690117704
2004-11-30,80690,12648,38780,56533,31966,033661,COTTON NO. 2 - NEW YORK COTTON EXCHANGE ,48.650001525878906,-0.30446151939521626,24567,-3.412522772567767,-26132,2.460048662990451,0.03153707951502277,0.045889398771097455,-0.007142826002471292,-0.05508736322958141,-0.14222843824519288
2004-12-07,86480,13190,44279,60461,31587,033661,COTTON NO. 2 - NEW YORK COTTON EXCHANGE ,45.970001220703125,-0.33388066604995376,28874,5.337712231999008,-31089,-6.143264345024167,0.046790804797496956,0.10511754163114027,-0.05508736322958141,-0.07265608144216629,-0.155540937134973
2004-12-14,85552,12735,44425,59925,31249,033661,COTTON NO. 2 - NEW YORK COTTON EXCHANGE ,42.630001068115234,-0.3351879558631008,28676,-0.22895467160037003,-31690,-0.6949583718778909,0.009586066203084213,0.010514345696291113,-0.07265608144216629,0.023223031643552883,-0.1689057437464242
2004-12-21,83271,13906,40738,56019,32667,033661,COTTON NO. 2 - NEW YORK COTTON EXCHANGE ,43.619998931884766,-0.280433764455813,23352,-6.22311576585001,-26832,5.678417804376286,0.06003202309270911,0.08890271576019325,0.023223031643552883,0.01329669521451371,-0.1800055837548696
2004-12-28,83450,13466,42423,56342,31550,033661,COTTON NO. 2 - NEW YORK COTTON EXCHANGE ,44.20000076293945,-0.2970880766926303,24792,1.7292935115466368,-28957,-2.5519088278031967,0.01638374368543212,0.03802179319723022,0.01329669521451371,0.006561106572887221,-0.19114043519608806
2005-01-04,82705,15899,37177,52205,36057,033661,COTTON NO. 2 - NEW YORK BOARD OF TRADE ,44.4900016784668,-0.1952481712109304,16148,-10.35829838226483,-21278,9.201917315757939,0.09793569146405022,0.14467932775642475,0.006561106572887221,0.03843558147808057,-0.201470177631085
2005-01-11,92056,27287,25567,45140,53355,033661,COTTON NO. 2 - NEW YORK BOARD OF TRADE ,46.20000076293945,0.08923915877292084,-8215,-29.457711142010762,1720,27.807266791608733,0.24735265749530433,0.4351231694857532,0.03843558147808057,0.01103892452621591,-0.2074852312593525
2005-01-18,94731,27894,24880,46941,56870,033661,COTTON NO. 2 - NEW YORK BOARD OF TRADE ,46.709999084472656,0.10481257455320855,-9929,-1.8619101416529071,3014,1.4056661162770487,0.05120844611842676,0.024519649827566603,0.01103892452621591,0.0014986019309835008,-0.21339273630706404
2005-01-25,98269,30012,20857,44422,61929,033661,COTTON NO. 2 - NEW YORK BOARD OF TRADE ,46.77999877929688,0.17815384302272333,-17507,-7.999493302086962,9155,6.482566424929537,0.07125461913851304,0.1207218541744481,0.0014986019309835008,-0.06199225709396727,-0.2177043100042419
2005-02-01,90430,18624,28115,50152,46039,033661,COTTON NO. 2 - NEW YORK BOARD OF TRADE ,43.880001068115234,-0.04548269379630653,4113,22.000834444229614,-9491,-18.97444768950534,0.22476115229075486,0.3989387877361518,-0.06199225709396727,-0.026891528633831596,-0.226992789346901
2005-02-08,92684,18611,32020,53232,43833,033661,COTTON NO. 2 - NEW YORK BOARD OF TRADE ,42.70000076293945,-0.10140908894739113,9399,5.845405285856463,-13409,-4.332632975782373,0.05445835265028589,0.0773834212241512,-0.026891528633831596,0.08384070146117217,-0.23384924049985473
2005-02-15,92047,19961,25301,48754,47575,033661,COTTON NO. 2 - NEW YORK BOARD OF TRADE ,46.27999877929688,-0.012808673829673971,1179,-8.868844676535325,-5340,8.705925510336195,0.08533255821196109,0.17827316512748,0.08384070146117217,0.04256701107745897,-0.23601230174097157
2005-02-22,95191,27346,18358,46937,62132,033661,COTTON NO. 2 - NEW YORK BOARD OF TRADE ,48.25,0.15962643527224213,-15195,-17.7887383619238,8988,15.565960867817527,0.15012515013431865,0.31349553649571155,0.04256701107745897,0.02694298936913042,-0.2337035182480027
2005-03-01,108045,40194,21521,47093,73881,033661,COTTON NO. 2 - NEW YORK BOARD OF TRADE ,49.54999923706055,0.24793373131565552,-26788,-12.178672353478795,18673,10.174281182044522,0.09840957561128838,0.25943449728591106,0.02694298936913042,0.017558000913833638,-0.23028743117798792
2005-03-08,116075,45192,22852,47630,80628,033661,COTTON NO. 2 - NEW YORK BOARD OF TRADE ,50.41999816894531,0.2842817144087874,-32998,-5.747605164514785,22340,3.39395622194456,0.0567917790703114,0.09301334430662513,0.017558000913833638,0.06366527202983963,-0.22841234592838586
2005-03-15,124394,51117,23512,48566,87212,033661,COTTON NO. 2 - NEW YORK BOARD OF TRADE ,53.630001068115234,0.3106741482708169,-38646,-4.8658195132457465,27605,4.535860435063537,0.05538452473891205,0.0882364764367739,0.06366527202983963,-0.04195412931546061,-0.2237446305405448
2005-03-22,117769,45584,21155,49651,83432,033661,COTTON NO. 2 - NEW YORK BOARD OF TRADE ,51.380001068115234,0.28684118910749007,-33781,3.91096033570751,24429,-2.553177806003505,0.036556134141851326,0.11822172942357542,-0.04195412931546061,0.042818231163967546,-0.21815422348886673
2005-03-29,120245,45040,19769,49573,85287,033661,COTTON NO. 2 - NEW YORK BOARD OF TRADE ,53.58000183105469,0.2970102706973263,-35714,-1.641348742028887,25271,0.714958945053452,0.014333382767314252,0.029779814531932295,0.042818231163967546,-0.028555478568635606,-0.21240766178188125
2005-04-05,118626,43375,18214,49623,85021,033661,COTTON NO. 2 - NEW YORK BOARD OF TRADE ,52.04999923706055,0.2984000134877683,-35398,0.2627967898873134,25161,-0.0914798952139382,0.0023469296812334748,0.052282063355469324,-0.028555478568635606,0.018251696001237105,-0.20632539582311007
2005-04-12,124290,44731,18318,55743,92080,033661,COTTON NO. 2 - NEW YORK BOARD OF TRADE ,53.0,0.29235658540510095,-36337,-0.7915634009407719,26413,1.055417867921029,0.08915392056716478,0.023156592491554186,0.018251696001237105,0.022264156701429894,-0.1987962192373596
2005-04-19,124829,42922,8154,60641,104712,033661,COTTON NO. 2 - NEW YORK BOARD OF TRADE ,54.18000030517578,0.35305097373206545,-44071,-6.222544050205165,34768,6.722181993724355,0.10601561507804515,0.23441538100086146,0.022264156701429894,0.07973421318736196,-0.18674469720903752
2005-04-26,119196,46222,11053,51799,98725,033661,COTTON NO. 2 - NEW YORK BOARD OF TRADE ,58.5,0.39368770764119604,-46926,-2.287128792187713,35169,0.32123945557522693,0.09851585129281709,0.10823221300742034,0.07973421318736196,-0.05128205128205132,-0.1737281385691654
2005-05-03,118694,44245,13121,54118,95464,033661,COTTON NO. 2 - NEW YORK BOARD OF TRADE ,55.5,0.34834111244039295,-41346,4.681365146481426,31124,-3.3935702540353705,0.037303953684266825,0.07051215005403898,-0.05128205128205132,0.007747753246410527,-0.1607257464689223
2005-05-10,107372,34144,11506,55401,85717,033661,COTTON NO. 2 - NEW YORK BOARD OF TRADE ,55.93000030517578,0.2823454904444362,-30316,9.292803343050196,22638,-7.149476805904258,0.07816153857055798,0.2566484118291347,0.007747753246410527,-0.06919361542586355,-0.15010404265855684
2005-05-17,100051,28844,13546,54624,75591,033661,COTTON NO. 2 - NEW YORK BOARD OF TRADE ,52.060001373291016,0.20956312280736825,-20967,8.707111723726856,15298,-6.836046641582535,0.08373075298544715,0.17315404576551074,-0.06919361542586355,-0.038033029005107744,-0.140801121808855
2005-05-24,95876,23599,14628,54949,69295,033661,COTTON NO. 2 - NEW YORK BOARD OF TRADE ,50.08000183105469,0.14963077308189746,-14346,6.617625011244266,8971,-6.323774874813845,0.053290299732783875,0.1655112878332069,-0.038033029005107744,-0.028754041309026146,-0.13229913104618163
2005-05-31,97413,23090,16505,57357,66181,033661,COTTON NO. 2 - NEW YORK BOARD OF TRADE ,48.63999938964844,0.09058339236036259,-8824,5.759522716842588,6585,-2.488631148566899,0.04469879713124707,0.06026013385528476,-0.028754041309026146,-0.03495067401874297,-0.1243912155502809
2005-06-07,96381,20413,18790,56950,60372,033661,COTTON NO. 2 - NEW YORK BOARD OF TRADE ,46.93999862670898,0.03550492316950436,-3422,5.545461078090193,1623,-5.093775984724831,0.052982390344521915,0.12657194602453894,-0.03495067401874297,0.014060499930150572,-0.11724032916177694
2005-06-14,95290,19144,27661,58629,52165,033661,COTTON NO. 2 - NEW YORK BOARD OF TRADE ,47.59999847412109,-0.06783502990869976,6464,10.25720837094448,-8517,-10.52074579014536,0.08922865859162049,0.21664352099134707,0.014060499930150572,0.023739518998715736,-0.11214839365820131
2005-06-21,93953,18646,29022,58733,51594,033661,COTTON NO. 2 - NEW YORK BOARD OF TRADE ,48.72999954223633,-0.07598480091109384,7139,0.7083639416517998,-10376,-1.950886766712142,0.006118175967804798,0.038998909121423175,0.023739518998715736,0.012723146679847197,-0.1064548099154603
2005-06-28,88242,18593,20275,55369,57012,033661,COTTON NO. 2 - NEW YORK BOARD OF TRADE ,49.34999847412109,0.018619251603544797,-1643,-9.347226804891807,-1682,9.25356295168861,0.07814488214199909,0.22640732736441288,0.012723146679847197,0.058763963840843036,-0.09861388505498356
2005-07-05,91929,21910,14997,55137,66271,033661,COTTON NO. 2 - NEW YORK BOARD OF TRADE ,52.25,0.12111520847610656,-11134,-10.75564923732463,6913,9.740259740259742,0.07817442013705851,0.2328826509876175,0.058763963840843036,-0.04019135835638454,-0.08923261369970012
2005-07-12,90231,20255,15417,55213,63373,033661,COTTON NO. 2 - NEW YORK BOARD OF TRADE ,50.150001525878906,0.09043455131828307,-8160,3.2351053530441973,4838,-2.2571767342187994,0.02507884573221122,0.058168871944382146,-0.04019135835638454,-0.033898319266495,-0.08048024689575836
2005-07-19,92001,20603,23421,57148,56575,033661,COTTON NO. 2 - NEW YORK BOARD OF TRADE ,48.45000076293945,-0.00622819317181335,573,9.67849187086478,-2818,-8.484888785450677,0.07679185389059381,0.18971470107214247,-0.033898319266495,0.042311645093484396,-0.07395205120941645
2005-07-26,93888,21362,27176,58760,54154,033661,COTTON NO. 2 - NEW YORK BOARD OF TRADE ,50.5,-0.049058452624403545,4606,4.383648003826045,-5814,-3.256486342539755,0.035717448677754754,0.09299929951790349,0.042311645093484396,0.00891090619682089,-0.06743000662054024
2005-08-02,94139,20114,26280,59378,53972,033661,COTTON NO. 2 - NEW YORK BOARD OF TRADE ,50.95000076293945,-0.057425721539425746,5406,0.8520790729379687,-6166,-0.37491479209270623,0.0070577856197618,0.04621287235418373,0.00891090619682089,-0.035328738176778396,-0.0609863469301984
2005-08-09,94924,20017,29715,61482,51393,033661,COTTON NO. 2 - NEW YORK BOARD OF TRADE ,49.150001525878906,-0.10628502802241793,10089,4.9745588969502545,-9698,-3.7518987879624808,0.04148837209302326,0.07102067079546369,-0.035328738176778396,-0.05900308109557173,-0.05508615466862898
2005-08-16,101777,20615,40353,66236,45404,033661,COTTON NO. 2 - NEW YORK BOARD OF TRADE ,46.25,-0.2046827868771923,20832,11.317475032657704,-19738,-10.576882558678522,0.09622895019706199,0.18429339981629708,-0.05900308109557173,0.030702663112331052,-0.05120821508779894
2005-08-23,104475,20562,43371,67011,45092,033661,COTTON NO. 2 - NEW YORK BOARD OF TRADE ,47.66999816894531,-0.20980138789184016,21919,1.0680212621712175,-22809,-3.0173811371920967,0.0096964398811807,0.048034661286033814,0.030702663112331052,0.022655797619859364,-0.04884788145896549
2005-08-30,104379,20011,43617,67875,45540,033661,COTTON NO. 2 - NEW YORK BOARD OF TRADE ,48.75,-0.2139798235277211,22335,0.39818138310600626,-23606,-0.7628619286910744,0.011568134726447118,0.012525931979631609,0.022655797619859364,0.034871810521834856,-0.04720491510806109
2005-09-06,107098,21111,41986,68509,48237,033661,COTTON NO. 2 - NEW YORK BOARD OF TRADE ,50.45000076293945,-0.18928458047769334,20272,-1.9764512018701081,-20875,2.6164266758639187,0.028532026793209188,0.043282564939696025,0.034871810521834856,-0.041228975215053976,-0.04587913998879867
2005-09-13,104571,20454,34577,67469,53731,033661,COTTON NO. 2 - NEW YORK BOARD OF TRADE ,48.369998931884766,-0.13137485536142907,13738,-6.10095426618611,-14123,6.304506153242824,0.05391089108910891,0.14657193218367828,-0.041228975215053976,0.013024624395845175,-0.04311647001076066
2005-09-20,104347,20329,34348,67747,54903,033661,COTTON NO. 2 - NEW YORK BOARD OF TRADE ,49.0,-0.12308930779035333,12844,-0.8549215365636744,-14019,0.09945395951076302,0.011822258459029759,0.006474385939243192,0.013024624395845175,0.061224489795918435,-0.03885276914568962
2005-09-27,107674,21760,31310,67071,60353,033661,COTTON NO. 2 - NEW YORK BOARD OF TRADE ,52.0,-0.062392035217415535,6718,-5.870796477138778,-9550,4.282825572369115,0.048075715720743345,0.0842095345769738,0.061224489795918435,-0.008653860825758697,-0.033323854926374324
2005-10-04,110391,23572,25796,65880,68011,033661,COTTON NO. 2 - NEW YORK BOARD OF TRADE ,51.54999923706055,0.019304109936498448,-2131,-8.218325686795326,-2224,6.803870943774728,0.06609107408264932,0.1483957219251337,-0.008653860825758697,0.07022306470340856,-0.025877869884104895
2005-10-11,115657,26005,23562,66836,75406,033661,COTTON NO. 2 - NEW YORK BOARD OF TRADE ,55.16999816894531,0.07409841168282076,-8570,-5.832903044632261,2443,4.2276997218976184,0.05870980441782315,0.09415538563963928,0.07022306470340856,0.003625172549888367,-0.017048855788608052
2005-10-18,122932,34110,22802,66998,84224,033661,COTTON NO. 2 - NEW YORK BOARD OF TRADE ,55.369998931884766,0.14012624865779455,-17226,-7.484198967637065,11308,7.6649057125811675,0.05938289402335639,0.155766797863368,0.003625172549888367,-0.002528434031950466,-0.0064639243365322155
2005-10-25,122819,31133,23046,68205,83039,033661,COTTON NO. 2 - NEW YORK BOARD OF TRADE ,55.22999954223633,0.12077935824261718,-14834,1.9457911691016172,8087,-2.620147723944945,0.015815503424929253,0.05945107883128149,-0.002528434031950466,-0.056491018608442856,0.0030735774631641686
2005-11-01,116387,24917,24994,70759,74888,033661,COTTON NO. 2 - NEW YORK BOARD OF TRADE ,52.11000061035156,0.03547647073985926,-4129,8.716078131233767,-77,-6.647179996580334,0.07349962580760332,0.16357115665885275,-0.056491018608442856,-0.022068729848574553,0.011332227529403252
2005-11-08,114822,23645,28454,73216,70836,033661,COTTON NO. 2 - NEW YORK BOARD OF TRADE ,50.959999084472656,-0.020727735103029037,2380,5.592548996021892,-4809,-4.065746174400921,0.04518507205731264,0.09082707921457225,-0.022068729848574553,-0.01334380528634993,0.01810615332915467
2005-11-15,102344,17765,23913,69577,65091,033661,COTTON NO. 2 - NEW YORK BOARD OF TRADE ,50.27999877929688,-0.043832564683811456,4486,1.8341432826461828,-6148,-1.166152827855289,0.06968247839130305,0.2500359902106627,-0.01334380528634993,-0.007557622566499389,0.023644323440754806
2005-11-22,89118,15161,28934,60833,48045,033661,COTTON NO. 2 - NEW YORK BOARD OF TRADE ,49.900001525878906,-0.1434951412733679,12788,8.111858047369655,-13773,-7.450363480028141,0.236870625838094,0.17292210001133915,-0.007557622566499389,-0.018436912936073746,0.027317552231270473
2005-11-29,90574,14594,31739,61642,45777,033661,COTTON NO. 2 - NEW YORK BOARD OF TRADE ,48.97999954223633,-0.17516064212687968,15865,3.4527255997666018,-17145,-3.7837473910994417,0.02864483936733725,0.07277750199641723,-0.018436912936073746,0.0024499577992294075,0.02980410756335387
2005-12-06,97435,14909,39971,66951,42663,033661,COTTON NO. 2 - NEW YORK BOARD OF TRADE ,49.09999847412109,-0.24927387489095296,24288,9.29957824541259,-25062,-8.740919027535496,0.0768423741492875,0.15573979591836734,0.0024499577992294075,0.09348269440389334,0.031431161239488505
2005-12-13,100063,18332,36972,64213,48663,033661,COTTON NO. 2 - NEW YORK BOARD OF TRADE ,53.68999862670898,-0.15540209667909216,15550,-8.968029968697081,-18640,6.591060707138093,0.07741238172862255,0.116121799508173,0.09348269440389334,-0.008753909816120675,0.034888581608411746
2005-12-20,100664,18141,34746,64643,51201,033661,COTTON NO. 2 - NEW YORK BOARD OF TRADE ,53.220001220703125,-0.13353333863148692,13442,-2.1066727961384326,-16605,2.0337187571829745,0.025620662269949242,0.045701212018076275,-0.008753909816120675,0.01089812106452559,0.03771358979734109
2005-12-27,104251,19048,31447,64909,57158,033661,COTTON NO. 2 - NEW YORK BOARD OF TRADE ,53.79999923706055,-0.07434940672031923,7751,-5.653461018834936,-12399,4.178256377652388,0.05098019939869088,0.08329537577978018,0.01089812106452559,0.02676584501537116,0.04199702575834707
2006-01-03,109473,21761,26228,64035,65474,033661,COTTON NO. 2 - NEW YORK BOARD OF TRADE ,55.2400016784668,0.013144793693422122,-1439,-8.81526316294328,-4467,7.6085601097351585,0.07096031936004447,0.16528787847214987,0.02676584501537116,0.0063359605989572465,0.04600458277573846
2006-01-10,111950,25747,20145,61806,72499,033661,COTTON NO. 2 - NEW YORK BOARD OF TRADE ,55.59000015258789,0.09551585529254131,-10693,-8.453225909585012,5602,9.197701716404959,0.06890287033245225,0.2194064324936808,0.0063359605989572465,0.0071955661950162675,0.046125288478038866
2006-01-17,116552,27416,16951,63762,80860,033661,COTTON NO. 2 - NEW YORK BOARD OF TRADE ,55.9900016784668,0.14669846935273526,-17098,-5.721304153640018,10465,4.343903528360875,0.07133769412675803,0.10960849279870173,0.0071955661950162675,0.01089474508604793,0.04693078645495284
2006-01-24,125246,32867,15126,63737,88661,033661,COTTON NO. 2 - NEW YORK BOARD OF TRADE ,56.59999847412109,0.19900036727719847,-24924,-6.7145994920722085,17741,6.242707117852976,0.05135237995249282,0.1516054424603588,0.01089474508604793,-0.01554765507317668,0.04733168115215428
2006-01-31,128666,31681,15309,65752,88997,033661,COTTON NO. 2 - NEW YORK BOARD OF TRADE ,55.720001220703125,0.18066155783190588,-23245,1.340561774427926,16372,-1.0930488798045446,0.015192343730815709,0.029133858267716535,-0.01554765507317668,-0.011127112939683048,0.051680609068081446
2006-02-07,131823,36632,13854,68015,98304,033661,COTTON NO. 2 - NEW YORK BOARD OF TRADE ,55.09999847412109,0.2297702221918785,-30289,-5.474639764972875,22778,4.978782273483282,0.06956511282535369,0.1268866616487739,-0.011127112939683048,0.035208756717433065,0.05804944197460586
2006-02-14,135359,34062,12376,75398,104641,033661,COTTON NO. 2 - NEW YORK BOARD OF TRADE ,57.040000915527344,0.21604030762638612,-29243,0.7934882380161277,21686,-0.8283835142577547,0.07620571098484218,0.0871699900943193,0.035208756717433065,-0.006311371047919567,0.062450383925683944
2006-02-21,124431,32142,13316,72345,96396,033661,COTTON NO. 2 - NEW YORK BOARD OF TRADE ,56.68000030517578,0.19328784627624948,-24051,3.8357257367445086,18826,-2.1128997702406194,0.0669546820274859,0.0629152184433983,-0.006311371047919567,-0.011997182454384858,0.06309771875268408
2006-02-28,122363,26763,16566,73541,88004,033661,COTTON NO. 2 - NEW YORK BOARD OF TRADE ,56.0,0.1181974943406095,-14463,7.705475323673361,10197,-6.934767059655552,0.05935188337614906,0.19915068429919916,-0.011997182454384858,-0.03928572790963314,0.06060279111854858
2006-03-07,123559,22510,24343,76092,77393,033661,COTTON NO. 2 - NEW YORK BOARD OF TRADE ,53.79999923706055,0.010529382724042765,-1301,10.756519536134288,-1833,-9.831403283672351,0.0857543082385901,0.2567605062642734,-0.03928572790963314,0.00557619407648402,0.05533832320153426
2006-03-14,126520,23763,29081,75515,72969,033661,COTTON NO. 2 - NEW YORK BOARD OF TRADE ,54.09999847412109,-0.020123300663926653,2546,3.113492339691969,-5318,-2.820514895717835,0.033680396541041456,0.1133714328968284,0.00557619407648402,-0.016451005817942232,0.048976833798943034
2006-03-21,132487,24297,35765,77739,69147,033661,COTTON NO. 2 - NEW YORK BOARD OF TRADE ,53.209999084472656,-0.06485164582185422,8592,4.778691116029086,-11468,-4.860891558646855,0.04116117261005133,0.12017581832106823,-0.016451005817942232,-0.005638023721524332,0.0422135100503018
2006-03-28,136230,24168,46727,83286,63381,033661,COTTON NO. 2 - NEW YORK BOARD OF TRADE ,52.90999984741211,-0.14611319092710856,19905,8.538950991418027,-22559,-8.371387381403459,0.07713391560473726,0.15644262641935255,-0.005638023721524332,-0.001889973056312222,0.03369190501906267
2006-04-04,137879,26672,49919,83862,63868,033661,COTTON NO. 2 - NEW YORK BOARD OF TRADE ,52.810001373291016,-0.1450112054772663,19994,0.06533069074359539,-23247,-0.5050282610291419,0.0071955594665944625,0.07436905119400451,-0.001889973056312222,-0.009467903559890467,0.025164766192812008
2006-04-11,141881,25418,48472,86591,67457,033661,COTTON NO. 2 - NEW YORK BOARD OF TRADE ,52.310001373291016,-0.13485949492884883,19134,-0.6237353041434882,-23054,0.13997780662755024,0.04101319069380972,0.036554337528758966,-0.009467903559890467,0.003632166349091248,0.01694907234023605
2006-04-18,140710,27543,50175,87414,69312,033661,COTTON NO. 2 - NEW YORK BOARD OF TRADE ,52.5,-0.1286475730225286,18102,-0.7273701200301661,-22632,0.2974323552836532,0.017087145719280782,0.049254998841967115,0.003632166349091248,-0.05714285714285716,0.0076856387488015475
2006-04-25,142195,25617,59224,92626,61190,033661,COTTON NO. 2 - NEW YORK BOARD OF TRADE ,49.5,-0.22107669046028341,31436,9.47622770236657,-33607,-7.799729941013432,0.08668799084620586,0.12935962565269152,-0.05714285714285716,-0.005050505050505083,-0.004136753522380751
2006-05-02,149879,27854,60146,97453,67424,033661,COTTON NO. 2 - NEW YORK BOARD OF TRADE ,49.25,-0.2003549529954163,30029,-0.9894862688561483,-32292,0.9247863848939836,0.06708637347841118,0.035897727272727276,-0.005050505050505083,0.03817261052010634,-0.01468860093460785
2006-05-09,154475,27109,60728,99797,70346,033661,COTTON NO. 2 - NEW YORK BOARD OF TRADE ,51.130001068115234,-0.19065220909532288,29451,-0.3856444198319978,-33619,-0.88538087390495,0.030950435809877573,0.015107528717966234,0.03817261052010634,0.005085044320394916,-0.023784710541141677
2006-05-16,171867,38537,61352,102558,85456,033661,COTTON NO. 2 - NEW YORK BOARD OF TRADE ,51.38999938964844,-0.0995071770613323,17102,-7.994173814533095,-22815,6.994011976047903,0.09505143234014489,0.12065392585770204,0.005085044320394916,-0.011870025639160176,-0.029728370154001302
2006-05-23,173682,37670,63625,106151,85401,033661,COTTON NO. 2 - NEW YORK BOARD OF TRADE ,50.77999877929688,-0.11947121751246531,20750,2.1225715233290856,-25955,-1.8269941291812857,0.019044437019712663,0.03099856853744015,-0.011870025639160176,0.017132783920757566,-0.03490340843466212
2006-05-30,176377,38469,61502,105867,88555,033661,COTTON NO. 2 - NEW YORK BOARD OF TRADE ,51.650001525878906,-0.09815338734642272,17312,-1.9794797388330398,-23033,1.6823850485369816,0.017683184001810494,0.029228476258114852,0.017132783920757566,0.004453040376409145,-0.038532961890561844
2006-06-06,176991,39303,49175,105715,101871,033661,COTTON NO. 2 - NEW YORK BOARD OF TRADE ,51.880001068115234,-0.021718618460825692,3844,-7.635916247583302,-9872,7.461857271639727,0.064879134431031,0.14874884151992585,0.004453040376409145,-0.0025058031117722868,-0.03963341461422203
2006-06-13,176555,39050,46675,103664,102339,033661,COTTON NO. 2 - NEW YORK BOARD OF TRADE ,51.75,-0.007504743564328396,1325,-1.4232362097507782,-7625,1.2695560791226672,0.01222797726246705,0.0321143190434529,-0.0025058031117722868,-0.012560415959012805,-0.0384732167999072
2006-06-20,166340,38095,43704,100465,100733,033661,COTTON NO. 2 - NEW YORK BOARD OF TRADE ,51.09999847412109,0.0016111578694240711,-268,-0.9022684149415197,-5609,1.1418538132593243,0.023881947136651458,0.047995696768909156,-0.012560415959012805,-0.061643792666195685,-0.036980986823358784
2006-06-27,159009,38627,52769,95600,84151,033661,COTTON NO. 2 - NEW YORK BOARD OF TRADE ,47.95000076293945,-0.07200221371117359,11449,7.044006252254419,-14142,-5.129854514849104,0.11931505248927683,0.10500459538710666,-0.061643792666195685,0.05693429611676559,-0.038723707310180294
2006-07-11,161577,38203,59186,95469,76636,033661,COTTON NO. 2 - NEW YORK BOARD OF TRADE ,50.68000030517578,-0.11655743082245616,18833,4.643762302762737,-20983,-4.30227219842902,0.044426367624415326,0.07024407273922106,0.05693429611676559,0.03393846113547605,-0.04329433498899881
2006-07-18,161267,36922,56880,95690,78923,033661,COTTON NO. 2 - NEW YORK BOARD OF TRADE ,52.400001525878906,-0.10397043412477444,16767,-1.2786473322316914,-19958,0.6343724663782593,0.014363191744028222,0.03824012281188034,0.03393846113547605,0.01908396890992692,-0.04703289240136529
2006-07-25,161696,34793,50781,97072,84092,033661,COTTON NO. 2 - NEW YORK BOARD OF TRADE ,53.400001525878906,-0.08027409459726895,12980,-2.348279561224553,-15988,2.4617559699132494,0.036160605859883864,0.09615069997896557,0.01908396890992692,0.024906329182647458,-0.04845685204416251
2006-08-01,164571,35079,47170,98147,90253,033661,COTTON NO. 2 - NEW YORK BOARD OF TRADE ,54.72999954223633,-0.04796713880331285,7894,-3.145408668117949,-12091,2.4100781713833364,0.03840764331210191,0.04738051526462328,0.024906329182647458,0.0003654386612634841,-0.04843586523991077
2006-08-08,163582,33228,38826,97203,97692,033661,COTTON NO. 2 - NEW YORK BOARD OF TRADE ,54.75,0.0029893264540108325,-489,-5.093850070790115,-5598,3.9454095800596702,0.04301290438441212,0.1414911038943015,0.0003654386612634841,-0.025570804125642277,-0.047274037393883146
2006-08-15,166261,34588,39318,98685,97249,033661,COTTON NO. 2 - NEW YORK BOARD OF TRADE ,53.34999847412109,-0.008637022512796145,1436,1.1767798413028328,-4730,0.5306207284420046,0.009824736901201425,0.025058858550050064,-0.025570804125642277,-0.0018743856978663542,-0.045396191134082726
2006-08-22,169024,35372,39896,99293,98476,033661,COTTON NO. 2 - NEW YORK BOARD OF TRADE ,53.25,-0.00483363309352518,817,-0.37230619327442993,-4524,0.12390157643704777,0.009278501686310796,0.018095339320826912,-0.0018743856978663542,0.001877905617297504,-0.04155293817670451
2006-08-29,170183,35306,40981,100663,98778,033661,COTTON NO. 2 - NEW YORK BOARD OF TRADE ,53.34999847412109,-0.011076311970055763,1885,0.6318629307080651,-5675,-0.6809683831881863,0.00838343169157796,0.015087760693171838,0.001877905617297504,-0.031864985883116925,-0.037731302101285585
2006-09-05,173161,36360,47177,102537,94943,033661,COTTON NO. 2 - NEW YORK BOARD OF TRADE ,51.650001525878906,-0.04385514059170367,7594,3.3546241398964645,-10817,-3.0214533766592435,0.02890925663358315,0.0867878903958725,-0.031864985883116925,-0.012003925039022034,-0.03445967358328525
2006-09-12,175873,37012,52765,104009,89870,033661,COTTON NO. 2 - NEW YORK BOARD OF TRADE ,51.02999877929688,-0.08039323830263884,14139,3.7797194518396173,-15753,-2.850526388736494,0.033758168754738783,0.06950555264711451,-0.012003925039022034,-0.032725812441579905,-0.03236560931068805
2006-09-19,181639,36668,55472,107528,90376,033661,COTTON NO. 2 - NEW YORK BOARD OF TRADE ,49.36000061035156,-0.09442905983847082,17152,1.7131680246541536,-18804,-1.7347745247991448,0.020338143746462933,0.03311265465595833,-0.032725812441579905,0.02410856183132659,-0.031655113242938855
2006-09-26,182367,36492,54297,107929,91758,033661,COTTON NO. 2 - NEW YORK BOARD OF TRADE ,50.54999923706055,-0.0886728410293529,16171,-0.540082251058418,-17805,0.5499920171328845,0.008928973844065963,0.01488065734835718,0.02410856183132659,-0.04253210175333455,-0.03099325811291961
2006-10-03,184683,32826,58406,110604,86951,033661,COTTON NO. 2 - NEW YORK BOARD OF TRADE ,48.400001525878906,-0.12807350974372303,23653,4.102715951899192,-25580,-4.2633809844982915,0.037872997393131026,0.08522229042441248,-0.04253210175333455,0.006198331148814962,-0.03225636339227168
2006-10-10,184270,30918,62755,111111,81668,033661,COTTON NO. 2 - NEW YORK BOARD OF TRADE ,48.70000076293945,-0.1597818418624844,29443,3.1351017689771123,-31837,-3.3879674902400327,0.030034391712790293,0.06679619527505258,0.006198331148814962,0.01026694029090236,-0.03570032400379058
2006-10-17,184505,30803,61782,110800,83236,033661,COTTON NO. 2 - NEW YORK BOARD OF TRADE ,49.20000076293945,-0.1493943253570364,27564,-1.0196993542084984,-30979,0.46562109947359853,0.009683770022057763,0.01175136361181617,0.01026694029090236,0.0075203033769761785,-0.03999826125455706
2006-10-24,183770,30568,64191,109097,79897,033661,COTTON NO. 2 - NEW YORK BOARD OF TRADE ,49.56999969482422,-0.15889427001142734,29200,0.886696837484079,-33623,-1.4330234952982304,0.026678095600918546,0.027902362836247745,0.0075203033769761785,-0.00585033119452727,-0.0457486558443498
2006-10-31,185353,32175,62025,109747,84878,033661,COTTON NO. 2 - NEW YORK BOARD OF TRADE ,49.27999877929688,-0.13417101422690758,24869,-2.356750285683191,-29850,2.0531098655928606,0.02893256262042389,0.04005307855626327,-0.00585033119452727,0.012378259445246176,-0.050651547622609885
2006-11-07,183796,32677,59700,106375,84022,033661,COTTON NO. 2 - NEW YORK BOARD OF TRADE ,49.88999938964844,-0.12161853359159068,22353,-1.3574099151349046,-27023,1.525197865694108,0.022206232241054218,0.030602855689186702,0.012378259445246176,-0.026658609593677052,-0.05367260539821469
2006-11-14,172689,32827,69136,105352,72716,033661,COTTON NO. 2 - NEW YORK BOARD OF TRADE ,48.560001373291016,-0.1889871387291605,32636,5.59478987573179,-36309,-5.052340638534027,0.0692375946267718,0.0940144954542334,-0.026658609593677052,-0.03624386504236188,-0.05690836316025568
2006-11-21,154878,33279,67341,95177,64156,033661,COTTON NO. 2 - NEW YORK BOARD OF TRADE ,46.79999923706055,-0.20029313395059337,31021,-0.9352072222318734,-34062,1.3011830516130152,0.11758392799984937,0.02233154442456768,-0.03624386504236188,0.040811963216862424,-0.05991722026153994
2006-11-28,158274,35606,63566,95727,71628,033661,COTTON NO. 2 - NEW YORK BOARD OF TRADE ,48.709999084472656,-0.1522612684332234,24099,-4.469324242306848,-27960,3.9398752566536244,0.04793403244599803,0.06152946396160207,0.040811963216862424,0.0059536218636428995,-0.06008579962999871
2006-12-05,160164,40261,58714,90655,79102,033661,COTTON NO. 2 - NEW YORK BOARD OF TRADE ,49.0,-0.0721323143777628,11553,-7.926759922665756,-18453,6.006671973918647,0.07390564159357199,0.09605455923212933,0.0059536218636428995,0.11183672535176181,-0.058104485634823386
2006-12-12,162068,39467,53528,91006,84150,033661,COTTON NO. 2 - NEW YORK BOARD OF TRADE ,54.47999954223633,-0.04230323074265123,6856,-2.9326190654579056,-14061,2.7421892560125873,0.030823951220626186,0.0643045325017474,0.11183672535176181,0.010095433951576194,-0.05412428093966373
2006-12-19,166083,42236,43560,90118,97141,033661,COTTON NO. 2 - NEW YORK BOARD OF TRADE ,55.02999877929688,0.04228608587272629,-7023,-8.563689315595923,-1324,7.859046819853395,0.07411659786712521,0.14845680451303092,0.010095433951576194,0.028711645758733084,-0.05032258512135953
2006-12-26,168819,43894,40902,91076,104274,033661,COTTON NO. 2 - NEW YORK BOARD OF TRADE ,56.61000061035156,0.07817840408958707,-13198,-3.71802050781838,2992,2.598700649675162,0.041417967750191964,0.05089862729374027,0.028711645758733084,-0.04433849336103879,-0.046251205453646575
2007-01-09,170473,43007,42037,93775,102348,033661,COTTON NO. 2 - NEW YORK BOARD OF TRADE ,54.09999847412109,0.05028948865802796,-8573,2.739620540342023,970,-1.1977324827181774,0.02358213977962809,0.023775927755044446,-0.04433849336103879,0.015157111237562804,-0.04385430361944758
2007-01-16,177524,42362,45510,98469,102083,033661,COTTON NO. 2 - NEW YORK BOARD OF TRADE ,54.91999816894531,0.020357810774881142,-3614,2.9089650560499316,-3148,-2.4156318009303526,0.024726754158522476,0.046863619810633646,0.015157111237562804,-0.0018208025756569768,-0.043715591752496445
2007-01-23,182429,42238,45049,100489,105135,033661,COTTON NO. 2 - NEW YORK BOARD OF TRADE ,54.81999969482422,0.02546744212817041,-4646,-0.5813298483585319,-2811,0.18983348730312521,0.024666381356261913,0.006702028939017265,-0.0018208025756569768,-0.026815053427333813,-0.04506267662104205
2007-01-30,184037,40713,49449,103372,101870,033661,COTTON NO. 2 - NEW YORK BOARD OF TRADE ,53.34999847412109,-0.008161402326706042,1502,3.3700782222124768,-8736,-3.2478388852649522,0.029954882528917082,0.06571504625008319,-0.026815053427333813,0.005998120037050247,-0.048040751076415915
2007-02-06,195478,45053,52645,108323,110145,033661,COTTON NO. 2 - NEW YORK BOARD OF TRADE ,53.66999816894531,0.00932074197607915,-1822,-1.8061585442057846,-7592,0.6216141319408597,0.060539758683193876,0.07713566296137075,0.005998120037050247,-0.020122937454883916,-0.051688436178360525
2007-02-13,208355,40701,69455,129043,108072,033661,COTTON NO. 2 - NEW YORK BOARD OF TRADE ,52.59000015258789,-0.100650332365434,20971,11.660135667440837,-28754,-10.825770674960864,0.09612635219197437,0.19210937216311413,-0.020122937454883916,0.03841035276483584,-0.057098280220617054
2007-02-20,195138,40804,74037,118989,94746,033661,COTTON NO. 2 - NEW YORK BOARD OF TRADE ,54.61000061035156,-0.12423515665836485,24243,1.5703966787454104,-33233,-2.1496964315711167,0.10938779329543594,0.0407955346957968,0.03841035276483584,0.008057107156039578,-0.06390607596773712
2007-02-27,201348,42475,71284,119796,102627,033661,COTTON NO. 2 - NEW YORK BOARD OF TRADE ,55.04999923706055,-0.0852702783240956,17169,-3.62512683331796,-28809,2.2671135299121645,0.03906070864973497,0.038889230742183034,0.008057107156039578,-0.009990903627302483,-0.0697005103129387
2007-03-06,205721,46877,67933,119857,110081,033661,COTTON NO. 2 - NEW YORK BOARD OF TRADE ,54.5,-0.04752067120031499,9776,-3.6717523888988217,-21056,3.8505473111230306,0.03268272316885421,0.06752896089190837,-0.009990903627302483,-0.017247681224018097,-0.07433144334133417
2007-03-13,213092,50535,61714,119012,119688,033661,COTTON NO. 2 - NEW YORK BOARD OF TRADE ,53.560001373291016,0.00317233870816361,-676,-5.080667505991124,-11179,4.801162739827242,0.04378718056137411,0.0879918752060152,-0.017247681224018097,-0.004854408692381518,-0.07654346556503504
2007-03-20,214731,51694,61101,115674,118779,033661,COTTON NO. 2 - NEW YORK BOARD OF TRADE ,53.29999923706055,0.014459952219288318,-3105,-1.1398832429185517,-9407,0.8315657087079759,0.018114504826127198,0.01570991621969059,-0.004854408692381518,0.0016885582340742111,-0.07646787769012647
2007-03-27,224796,53239,61620,119453,124354,033661,COTTON NO. 2 - NEW YORK BOARD OF TRADE ,53.38999938964844,0.021801989359241266,-4901,-0.8363953038918461,-8381,0.4778071168112662,0.03836641277731977,0.017969858696314612,0.0016885582340742111,-0.006368236682426587,-0.07566162211275786
2007-04-03,236275,55030,64492,126033,128272,033661,COTTON NO. 2 - NEW YORK BOARD OF TRADE ,53.04999923706055,0.009476245899904772,-2239,1.1841847719710314,-9462,-0.48088044271250374,0.04128113879003559,0.03901373805659209,-0.006368236682426587,-0.025636204145342956,-0.07423223957964711
2007-04-10,223607,55491,68973,120538,115605,033661,COTTON NO. 2 - NEW YORK BOARD OF TRADE ,51.68999862670898,-0.022061026712043897,4933,3.0354459845518993,-13482,-1.7014072584911648,0.07691102425225393,0.03970626044478725,-0.025636204145342956,-0.0379183427460934,-0.07184662103704972
2007-04-17,225002,53383,73062,123718,112299,033661,COTTON NO. 2 - NEW YORK BOARD OF TRADE ,49.72999954223633,-0.05075065999413338,11419,2.9006247568278276,-19679,-2.7713801446287456,0.027481071278763817,0.04900945074933766,-0.0379183427460934,-0.02111400053741741,-0.07003391823929717
2007-04-24,220971,54181,74221,123167,111220,033661,COTTON NO. 2 - NEW YORK BOARD OF TRADE ,48.68000030517578,-0.054065918152155716,11947,0.23466458075928212,-20040,-0.16044301828428192,0.006954310605963641,0.015241195620005919,-0.02111400053741741,-0.04991783668738836,-0.06848019560897614
2007-05-01,221467,54590,76385,126339,109218,033661,COTTON NO. 2 - NEW YORK BOARD OF TRADE ,46.25,-0.07730722861645302,17121,2.3414837241085933,-21795,-0.794221866217739,0.02196495964883234,0.019644970414201185,-0.04991783668738836,0.009729746225717983,-0.0674928812934747
2007-05-08,222770,54080,79641,128934,110145,033661,COTTON NO. 2 - NEW YORK BOARD OF TRADE ,46.70000076293945,-0.08434259550208735,18789,0.7531596129445922,-25561,-1.7004790781470829,0.014731532255028672,0.028163115740983093,0.009729746225717983,0.0224839233384726,-0.06486337946735553
2007-05-15,223779,55156,81057,128046,108999,033661,COTTON NO. 2 - NEW YORK BOARD OF TRADE ,47.75,-0.08511522528923625,19047,0.11581451721506487,-25901,-0.15262378237644209,0.008580649243814466,0.01829487640680405,0.0224839233384726,0.05382198313768005,-0.06264723085762129
2007-05-22,225427,57028,65023,124159,124398,033661,COTTON NO. 2 - NEW YORK BOARD OF TRADE ,50.31999969482422,0.0010602101789049226,-239,-8.618324328913793,-7995,8.001644479598175,0.07759186021717353,0.1467091625631908,0.05382198313768005,-0.005763134286289828,-0.05896045356388614
2007-05-29,226261,56837,60090,121675,128028,033661,COTTON NO. 2 - NEW YORK BOARD OF TRADE ,50.02999877929688,0.02807819288343992,-6353,-2.712186206621212,-3253,2.1035634595678423,0.02448508828488244,0.0438222138599297,-0.005763134286289828,0.034379397614834106,-0.05650688875725591
2007-06-05,223817,55824,54997,117638,127881,033661,COTTON NO. 2 - NEW YORK BOARD OF TRADE ,51.75,0.045765066996698196,-10243,-1.7192534285625893,827,1.8032272464101193,0.017041450967134927,0.055097860513801535,0.034379397614834106,-0.0028985802102206026,-0.05332926790131046
2007-06-12,217281,58375,49947,117146,134365,033661,COTTON NO. 2 - NEW YORK BOARD OF TRADE ,51.59999847412109,0.07924761023743447,-17219,-3.116832054759022,8428,3.396078045903573,0.027736361431507966,0.07017041782832666,-0.0028985802102206026,0.052325597728333006,-0.04991771025546705
2007-06-19,204269,63892,36566,104744,144321,033661,COTTON NO. 2 - NEW YORK BOARD OF TRADE ,54.29999923706055,0.1937494186587294,-39577,-10.289901095816017,27326,8.697493108003,0.08976773131511855,0.18811841764717593,0.052325597728333006,0.03130756513490285,-0.04577409415701406
2007-06-26,202007,67012,29601,100701,150132,033661,COTTON NO. 2 - NEW YORK BOARD OF TRADE ,56.0,0.24469944110847644,-49431,-4.824031057086489,37411,4.937117232668687,0.03928510204000271,0.10438553817809197,0.03130756513490285,0.05803571428571419,-0.04092401368253706
2007-07-03,208627,68607,25844,103146,159353,033661,COTTON NO. 2 - NEW YORK BOARD OF TRADE ,59.25,0.2694138342592282,-56207,-3.3543392060671167,42763,2.6494131391486433,0.04444207406504406,0.05666430212491133,0.05803571428571419,0.09974689725079111,-0.03577396221350236
2007-07-10,215039,70596,22278,105279,167506,033661,COTTON NO. 2 - NEW YORK BOARD OF TRADE ,65.16000366210938,0.2893754156222825,-62227,-2.88553255331285,48318,2.6626467331649306,0.037707351943838556,0.05981221870491203,0.09974689725079111,-0.023787645252376532,-0.028824392418628202
2007-07-17,220635,72543,18544,104023,171547,033661,COTTON NO. 2 - NEW YORK BOARD OF TRADE ,63.61000061035156,0.30604391868923786,-67524,-2.4632741037672234,53999,2.641846362752803,0.01922197626737308,0.06236894397663772,-0.023787645252376532,-0.027668638882925256,-0.020697443389557164
2007-07-24,212708,68304,20820,102388,164947,033661,COTTON NO. 2 - NEW YORK BOARD OF TRADE ,61.84999847412109,0.2941074148598078,-62559,2.2503229315385136,47484,-2.9528406644458043,0.03080404735631324,0.07310039944347202,-0.027668638882925256,0.018593396188361977,-0.013042100139853659
2007-07-31,213491,67331,19066,104014,167708,033661,COTTON NO. 2 - NEW YORK BOARD OF TRADE ,63.0,0.2983451293028746,-63694,-0.5335953513737143,48265,0.3671700171126615,0.016145177792008008,0.03156359595819299,0.018593396188361977,-0.03809526231553828,-0.005760961218697055
2007-08-07,214503,68508,18684,106642,169107,033661,COTTON NO. 2 - NEW YORK BOARD OF TRADE ,60.59999847412109,0.2912080483722838,-62465,0.5756682951506152,49824,0.7302415558501295,0.01460386075742795,0.017880080741352417,-0.03809526231553828,-0.03712871380617033,0.0007616385346798051
2007-08-14,207566,61059,19248,105729,158598,033661,COTTON NO. 2 - NEW YORK BOARD OF TRADE ,58.34999847412109,0.2547093454612027,-52869,4.4735971058679835,41811,-3.7356120893414078,0.04321162802135234,0.09977959580111323,-0.03712871380617033,-0.03427592206171215,0.005602408130971957
2007-08-21,199120,52389,25613,110249,146562,033661,COTTON NO. 2 - NEW YORK BOARD OF TRADE ,56.34999847412109,0.182367416633186,-36313,7.976258154032934,26776,-7.243479182525077,0.06446764351994268,0.1927514679110792,-0.03427592206171215,-0.014729335205547422,0.009275570422240843
2007-08-28,198641,52265,29478,111151,141889,033661,COTTON NO. 2 - NEW YORK BOARD OF TRADE ,55.52000045776367,0.15474146827694182,-30738,2.799819204499799,22787,-2.0033145841703495,0.022032089788175783,0.04879928556573652,-0.014729335205547422,0.0707853075067153,0.012344322371672902
2007-09-04,205006,54569,22851,113691,154441,033661,COTTON NO. 2 - ICE FUTURES U.S. ,59.45000076293945,0.19877467000965826,-40750,-5.040248488479216,31718,4.496050664263672,0.0562857100234213,0.11535778868509429,0.0707853075067153,-0.005046244461069271,0.016379918178975095
2007-09-11,205561,57331,23441,108772,152521,033661,COTTON NO. 2 - ICE FUTURES U.S. ,59.150001525878906,0.21282733592461606,-43749,-1.4628840131508347,33890,1.0594811859165099,0.026173682417822138,0.041499529539939586,-0.005046244461069271,0.052409102183451406,0.02131611965044278
2007-09-18,215529,62899,19485,107695,163629,033661,COTTON NO. 2 - ICE FUTURES U.S. ,62.25,0.2595196006105907,-55934,-5.9276808343995215,43414,4.633174580781374,0.04490940720319618,0.11560497183919208,0.052409102183451406,0.01333336274786645,0.027852905014158737
2007-09-25,226842,70866,20692,108126,172535,033661,COTTON NO. 2 - ICE FUTURES U.S. ,63.08000183105469,0.28393771876460266,-64409,-3.932185459961304,50174,3.1364688742582207,0.03326789258215427,0.10019878110050459,0.01333336274786645,-0.044071060768827164,0.035129189218063996
2007-10-02,232612,75378,22238,107561,173507,033661,COTTON NO. 2 - ICE FUTURES U.S. ,60.29999923706055,0.2835021409041666,-65946,-0.677564119519313,53140,1.307518008129006,0.005468427569129178,0.06205949844287822,-0.044071060768827164,-0.013598668411263337,0.04228640040909322
2007-10-09,232745,75016,23414,106151,170784,033661,COTTON NO. 2 - ICE FUTURES U.S. ,59.47999954223633,0.2776987690390771,-64633,0.5644592712327825,51602,-0.6611868691211115,0.014924079657681406,0.015625317484506757,-0.013598668411263337,0.06674514544816113,0.0500897134626086
2007-10-16,235532,74641,23498,106089,170216,033661,COTTON NO. 2 - ICE FUTURES U.S. ,63.45000076293945,0.2722644906000034,-64127,0.21740531482953449,51143,-0.19721154052718642,0.002280089032047918,0.004677039708984196,0.06674514544816113,0.02852642003982786,0.058398296779194905
2007-10-23,245742,78906,24043,107047,176878,033661,COTTON NO. 2 - ICE FUTURES U.S. ,65.26000213623047,0.2841638791903704,-69831,-2.4217516091231763,54863,1.579403223341202,0.026838073434885975,0.046722163401295785,0.02852642003982786,-0.02129946611776179,0.06673595455895273
2007-10-30,248750,77379,22698,112073,177372,033661,COTTON NO. 2 - ICE FUTURES U.S. ,63.869998931884766,0.2625085427135678,-65299,1.844210594851511,54681,-0.07406141400330428,0.019070980669902746,0.028697902614986462,-0.02129946611776179,0.02035383214029718,0.07483985480366417
2007-11-06,250060,79827,25432,112438,181560,033661,COTTON NO. 2 - ICE FUTURES U.S. ,65.16999816894531,0.27642165880188757,-69122,-1.5368844221105527,54395,-0.1149748743718593,0.015486499908162641,0.04923094462231258,0.02035383214029718,-0.031149283970123065,0.08273586774652562
2007-11-13,236528,76020,18816,111289,181432,033661,COTTON NO. 2 - ICE FUTURES U.S. ,63.13999938964844,0.2965526280186701,-70143,-0.4083020075181957,57204,1.123330400703831,0.004362515842730791,0.10990552111012696,-0.031149283970123065,-0.048780456859845556,0.09077762085441525
2007-11-20,218535,66123,25412,110447,161213,033661,COTTON NO. 2 - ICE FUTURES U.S. ,60.060001373291016,0.23230146200837395,-50766,8.192264763579788,40711,-6.9729588040316575,0.07752705587867187,0.180182443873928,-0.048780456859845556,-0.028138568144585485,0.09887932471475244
2007-11-27,209170,63325,28019,111679,154450,033661,COTTON NO. 2 - ICE FUTURES U.S. ,58.369998931884766,0.20447960988669503,-42771,3.6584528794014686,35306,-2.4732880316654082,0.03004182182325113,0.05917192152741286,-0.028138568144585485,-0.0003426496167494575,0.1066634159423926
2007-12-04,210401,59505,32299,112784,146988,033661,COTTON NO. 2 - ICE FUTURES U.S. ,58.34999847412109,0.16256576727296923,-34204,4.095711622125544,27206,-3.872448247836688,0.03297891997597893,0.08823144961003877,-0.0003426496167494575,0.09905739383798573,0.11271778201366554
2007-12-11,213025,62436,36013,109432,144552,033661,COTTON NO. 2 - ICE FUTURES U.S. ,64.12999725341797,0.1648632789578688,-35120,-0.4353591475325687,26423,-0.3721465202161587,0.02278883709210029,0.06749687655537384,0.09905739383798573,0.02479345135478561,0.1172753895778123
2007-12-18,220048,64321,36603,110947,145810,033661,COTTON NO. 2 - ICE FUTURES U.S. ,65.72000122070312,0.15843361448411256,-34863,0.12064311700504635,27718,0.6079098697335994,0.010800095031488918,0.02452340374935595,0.02479345135478561,0.05645159792395038,0.12113571352448084
2008-01-08,259197,88035,21132,117269,201363,033661,COTTON NO. 2 - ICE FUTURES U.S. ,69.43000030517578,0.32444048349325033,-84094,-22.37284592452556,66903,17.807478368355994,0.1941895352632504,0.35894546886879736,0.05645159792395038,0.03255080118531972,0.12656175963256786
2008-01-15,275922,95612,22545,115797,208413,033661,COTTON NO. 2 - ICE FUTURES U.S. ,71.69000244140625,0.3356600778480875,-92616,-3.28784669575651,73067,2.3781139442200336,0.026285432281545913,0.07608520866305,0.03255080118531972,-0.025945048779594915,0.13151333028176976
2008-01-22,280898,93887,20366,119554,210998,033661,COTTON NO. 2 - ICE FUTURES U.S. ,69.83000183105469,0.32554165568996574,-91444,0.42475772138502915,73521,0.16453925384710172,0.01918608872431569,0.03416978109983983,-0.025945048779594915,-0.022769639490085924,0.13680664118623012
2008-01-29,267384,78572,17860,122204,199514,033661,COTTON NO. 2 - ICE FUTURES U.S. ,68.23999786376953,0.2891347275828023,-77310,5.031719698965461,60712,-4.56001822725687,0.0439328853219279,0.18480379956860793,-0.022769639490085924,-0.00205157376950571,0.1419754280479209
2008-02-05,279027,80971,16839,132712,214062,033661,COTTON NO. 2 - ICE FUTURES U.S. ,68.0999984741211,0.291548846527397,-81350,-1.510935583280974,64132,1.2790593304012208,0.07225455195602899,0.03496574992332072,-0.00205157376950571,-0.015859058080083588,0.1470923781325214
2008-02-12,266923,76175,18210,138606,213115,033661,COTTON NO. 2 - ICE FUTURES U.S. ,67.0199966430664,0.27914042626525254,-74509,2.45173406157827,57965,-2.210180376809413,0.019450075485967572,0.06533877205064365,-0.015859058080083588,0.03610871261644877,0.1526174132977514
2008-02-19,259289,77005,18062,131229,210889,033661,COTTON NO. 2 - ICE FUTURES U.S. ,69.44000244140625,0.30722475693145485,-79660,-1.929770008579253,58943,0.3663978001146398,0.028069262652067415,0.010287481460443688,0.03610871261644877,0.1300403004293731,0.15834633666227788
2008-02-26,290439,93879,25431,151027,239993,033661,COTTON NO. 2 - ICE FUTURES U.S. ,78.47000122070312,0.3063156118840789,-88966,-3.5890454280744652,68448,3.665793766800751,0.12506265664160401,0.20319336183052553,0.1300403004293731,0.13419139308639005,0.16617260482092233
2008-03-04,299206,93156,34138,154412,232650,033661,COTTON NO. 2 - ICE FUTURES U.S. ,89.0,0.2614853980200932,-78238,3.6937188187536796,59018,-3.2468091406457122,0.027716489864672844,0.07408047512058699,0.13419139308639005,-0.0867415867494733,0.17359030779550808
2008-03-11,293606,78152,39716,155600,212009,033661,COTTON NO. 2 - ICE FUTURES U.S. ,81.27999877929688,0.19212482033745903,-56409,7.295642467062827,38436,-6.878872749878011,0.05938102712392787,0.17461906539518784,-0.0867415867494733,-0.07701774397448657,0.1789248289236149
2008-03-18,290193,70360,37089,155014,205771,033661,COTTON NO. 2 - ICE FUTURES U.S. ,75.0199966430664,0.17490773381852767,-50757,1.9250287800658024,33271,-1.7591602351450581,0.018914311847776377,0.09696693314968031,-0.07701774397448657,-0.011863495460855855,0.18320229825090031
2008-03-25,272330,63857,32884,155354,201746,033661,COTTON NO. 2 - ICE FUTURES U.S. ,74.12999725341797,0.17035214629310028,-46392,1.5041713618178247,30973,-0.7918867787989373,0.012223466816017922,0.11068729907691671,-0.011863495460855855,-0.049642525853541786,0.18641729455061062
2008-04-01,271427,61293,41319,155281,190213,033661,COTTON NO. 2 - ICE FUTURES U.S. ,70.44999694824219,0.12869758719655747,-34932,4.208129842470532,19974,-4.038849924723681,0.033592479174746885,0.10719019218025182,-0.049642525853541786,0.02114983048556729,0.18861417214632736
2008-04-08,266878,60679,40133,154116,191011,033661,COTTON NO. 2 - ICE FUTURES U.S. ,71.94000244140625,0.13824668949857238,-36895,-0.7232147133483404,20546,0.21073806216772833,0.005687761316848581,0.017855017259850017,0.02114983048556729,0.0457325660811172,0.19085349330285295
2008-04-15,261891,61874,34803,156295,199384,033661,COTTON NO. 2 - ICE FUTURES U.S. ,75.2300033569336,0.16453028168207384,-43089,-2.320910678287457,27071,2.444937387120707,0.029667199919028112,0.06749278525399009,0.0457325660811172,-0.058886084108721315,0.19383530168327925
2008-04-22,253186,62005,31684,151598,195652,033661,COTTON NO. 2 - ICE FUTURES U.S. ,70.80000305175781,0.17399856232177136,-44054,-0.3684739070834813,30321,1.240974298467683,0.0242735781137509,0.0346892377973935,-0.058886084108721315,-0.037005686915955294,0.19760567839546805
2008-04-29,246090,60216,32602,146700,185828,033661,COTTON NO. 2 - ICE FUTURES U.S. ,68.18000030517578,0.15899874029826486,-39128,1.9456052072389467,27614,-1.0691744409248538,0.04427296347976712,0.02916460169363701,-0.037005686915955294,-0.001026689564548211,0.20163932070878338
2008-05-06,247979,60718,32087,144339,183331,033661,COTTON NO. 2 - ICE FUTURES U.S. ,68.11000061035156,0.15723912105460544,-38992,0.05526433418667967,28631,0.41326344020480316,0.014825891903439437,0.010958461289801196,-0.001026689564548211,0.040963160923879194,0.20570287915506721
2008-05-13,253305,60168,32770,148315,185254,033661,COTTON NO. 2 - ICE FUTURES U.S. ,70.9000015258789,0.14582815183277076,-36939,0.8278926844611842,27398,-0.4972195226208671,0.01768449706057817,0.013266909122210506,0.040963160923879194,-0.0018336372357488084,0.20999394416370618
2008-05-20,264285,64189,34037,152409,193593,033661,COTTON NO. 2 - ICE FUTURES U.S. ,70.7699966430664,0.1558317725183041,-41184,-1.6758453248060639,30152,1.0872268608989164,0.03593331830451847,0.053835033494186876,-0.0018336372357488084,-0.06386882658569759,0.2146126820102522
2008-05-27,268743,61670,39629,161809,191745,033661,COTTON NO. 2 - ICE FUTURES U.S. ,66.25,0.11139266883230448,-29936,4.2560115027337915,22041,-3.069035321717086,0.03181409346238481,0.08006989210160022,-0.06386882658569759,-0.03079246664946933,0.21839167997412795
2008-06-03,273104,58809,44301,171710,190636,033661,COTTON NO. 2 - ICE FUTURES U.S. ,64.20999908447266,0.06929960747554045,-18926,4.096850894720979,14508,-2.803049753854054,0.030385322316239173,0.07305789933081175,-0.03079246664946933,0.03177076693060821,0.21970397607598635
2008-06-10,266100,61249,44071,160308,181718,033661,COTTON NO. 2 - ICE FUTURES U.S. ,66.25,0.08045847425779783,-21410,-0.9095436170836019,17178,0.9776495401019393,0.05941068807634507,0.025351310292442083,0.03177076693060821,0.09901883107311327,0.22071128917933935
2008-06-17,221739,55743,34092,133079,162728,033661,COTTON NO. 2 - ICE FUTURES U.S. ,72.80999755859375,0.1337112551242677,-29649,-3.096204434423149,21651,1.6809470124013528,0.15624714763342315,0.17237157010074025,0.09901883107311327,-0.008515247053655806,0.22240256202794648
2008-06-24,214012,54903,32587,128460,160091,033661,COTTON NO. 2 - ICE FUTURES U.S. ,72.19000244140625,0.14780012335756873,-31631,-0.893843663045292,22316,0.2999021371973356,0.025146334616757523,0.02680306320722368,-0.008515247053655806,-0.04723650847466221,0.22372087958794903
2008-07-01,217590,56934,31779,129906,161501,033661,COTTON NO. 2 - ICE FUTURES U.S. ,68.77999877929688,0.14520428328507745,-31595,0.016821486645608657,25155,1.326561127413416,0.00980072544585408,0.032002074104133554,-0.04723650847466221,-0.055830130939846456,0.2227873192923019
2008-07-08,218245,56644,39511,129482,151777,033661,COTTON NO. 2 - ICE FUTURES U.S. ,64.94000244140625,0.102155834039726,-22295,4.274093478560595,17133,-3.686750310216462,0.03608062319783545,0.0834277988664136,-0.055830130939846456,0.09146896502461987,0.22004609607944128
2008-07-15,222265,55917,42324,133281,153150,033661,COTTON NO. 2 - ICE FUTURES U.S. ,70.87999725341797,0.08939329179133017,-19869,1.111594767348622,13593,-1.6220302870627048,0.018056704756119275,0.03603383516047271,0.09146896502461987,-0.029909638816828066,0.21658416257044324
2008-07-22,218566,52164,45185,133013,146184,033661,COTTON NO. 2 - ICE FUTURES U.S. ,68.76000213623047,0.060260973801963706,-13171,3.0135198974197466,6979,-2.97572717251929,0.025910020523143156,0.06794111906645163,-0.029909638816828066,0.04217570441800289,0.21217811561236022
2008-07-29,220067,54237,43328,132577,149268,033661,COTTON NO. 2 - ICE FUTURES U.S. ,71.66000366210938,0.07584508354273925,-16691,-1.610497515624571,10909,1.7980838739785694,0.012489134098529333,0.04028083841541536,0.04217570441800289,-0.06544797937103808,0.20775121493646598
2008-08-05,217812,52197,48011,132852,140407,033661,COTTON NO. 2 - ICE FUTURES U.S. ,66.97000122070312,0.034685875892971924,-7555,4.151462963552009,4186,-3.054978711028914,0.03343348252024636,0.06709045186013093,-0.06544797937103808,0.004628901790999507,0.20276233918710376
2008-08-12,214066,53007,48018,129723,136896,033661,COTTON NO. 2 - ICE FUTURES U.S. ,67.27999877929688,0.03350835723561892,-7173,0.17538060345619158,4989,0.3686665564799001,0.024904451670736145,0.008087107151695125,0.004628901790999507,-0.034631419044728995,0.1976693243396566
2008-08-19,213927,51032,46870,128867,132618,033661,COTTON NO. 2 - ICE FUTURES U.S. ,64.94999694824219,0.01753401861382621,-3751,1.5985724029037771,4162,-0.38632944979585737,0.01963401342333212,0.03189924618496047,-0.034631419044728995,0.03571978142928933,0.192406362228917
2008-08-26,215217,51322,46569,128569,137053,033661,COTTON NO. 2 - ICE FUTURES U.S. ,67.2699966430664,0.039420677734565576,-8484,-2.212436952792308,4753,0.2762624633636708,0.01781855418602375,0.006037327231308292,0.03571978142928933,0.009514004028257084,0.18826619554186627
2008-09-02,215379,54808,44112,124819,139213,033661,COTTON NO. 2 - ICE FUTURES U.S. ,67.91000366210938,0.06683102809466104,-14394,-2.7460655989071494,10696,2.7613989601193216,0.022383650466610106,0.0600788515972503,0.009514004028257084,-0.09203362505757717,0.1860443419161254
2008-09-09,218631,51383,49090,129888,135615,033661,COTTON NO. 2 - ICE FUTURES U.S. ,61.65999984741211,0.02619482141141924,-5727,4.024069198946973,2293,-3.9014945746799827,0.0326436989412549,0.08363440924427458,-0.09203362505757717,-0.05416802077283933,0.18357229101486536
2008-09-16,215450,47215,47540,129641,129431,033661,COTTON NO. 2 - ICE FUTURES U.S. ,58.31999969482422,-0.0009747041076815967,210,2.7155343935672436,-325,-1.1974514135689815,0.024823215167984188,0.06034510052239987,-0.05416802077283933,0.017489719874847598,0.17973095689722424
2008-09-23,206277,47445,45634,123950,125674,033661,COTTON NO. 2 - ICE FUTURES U.S. ,59.34000015258789,0.008357693780692952,-1724,-0.8976560686934323,1811,0.9914133209561382,0.03784892478287344,0.022948248262228858,0.017489719874847598,-0.06471183253646184,0.17579884839445642
2008-09-30,195316,43141,43327,119207,119362,033661,COTTON NO. 2 - ICE FUTURES U.S. ,55.5,0.0007935857789428413,-155,0.7606276996465917,-186,-0.9681156890976697,0.04633879506557851,0.07645602997640746,-0.06471183253646184,-0.07099096624700874,0.17082334810923247
2008-10-07,185485,39286,40584,113917,114212,033661,COTTON NO. 2 - ICE FUTURES U.S. ,51.560001373291016,0.00159042510176025,-295,-0.07167871551741793,-1298,-0.5693337975383481,0.0457635811317281,0.08260924001502441,-0.07099096624700874,-0.026958944284779407,0.1653935924618701
2008-10-14,175560,35934,35408,107312,108928,033661,COTTON NO. 2 - ICE FUTURES U.S. ,50.16999816894531,0.009204830257461837,-1616,-0.7121869692967085,526,0.9833679273256598,0.05498057713651498,0.11953687869698074,-0.026958944284779407,0.008570865474775813,0.1601186441802027
2008-10-21,169152,36613,34316,103415,106003,033661,COTTON NO. 2 - ICE FUTURES U.S. ,50.59999847412109,0.015299848656829361,-2588,-0.5536568694463432,2297,1.0087719298245614,0.032575996332693466,0.024968630602433418,0.008570865474775813,-0.0776679925629985,0.15507251109592873
2008-10-28,171963,35235,35080,106910,107323,033661,COTTON NO. 2 - ICE FUTURES U.S. ,46.66999816894531,0.002401679431040398,-413,1.2858257661748014,155,-1.2663166855845631,0.02247552898012911,0.0304629168740667,-0.0776679925629985,-0.007499431923140398,0.14988284165037172
2008-11-04,169015,34773,33617,105479,107514,033661,COTTON NO. 2 - ICE FUTURES U.S. ,46.31999969482422,0.012040351448096323,-2035,-0.9432261591156238,1156,0.5821019637945372,0.007615273741390562,0.028147389969293755,-0.007499431923140398,-0.15500864318827,0.14464969688609725
2008-11-11,153268,26504,33087,100100,94391,033661,COTTON NO. 2 - ICE FUTURES U.S. ,39.13999938964844,-0.0372484797870397,5709,4.581841848356655,-6583,-4.57888353104754,0.09513036592952888,0.1476565253142253,-0.15500864318827,0.006387327641760754,0.13888513876108555
2008-11-18,138808,27268,31032,88673,84014,033661,COTTON NO. 2 - ICE FUTURES U.S. ,39.38999938964844,-0.0335643478762031,4659,-0.6850745100086123,-3764,1.8392619463945505,0.12626312345457388,0.04835334476843911,0.006387327641760754,0.07565370876901967,0.1329238694018915
2008-11-25,128157,24662,31664,82343,75280,033661,COTTON NO. 2 - ICE FUTURES U.S. ,42.369998931884766,-0.05511208907823997,7063,1.7318886519508963,-7002,-2.3327185752982538,0.09556980897457858,0.05748677342612648,0.07565370876901967,0.06348837642716898,0.12616108638079707
2008-12-02,126805,24843,28318,81281,77095,033661,COTTON NO. 2 - ICE FUTURES U.S. ,45.060001373291016,-0.0330113165884626,4186,-2.2449027364872776,-3475,2.7520931357631655,0.018165631156235793,0.0663456293147232,0.06348837642716898,-0.04682646573557914,0.12105891756162714
2008-12-09,130017,23828,27092,80164,76256,033661,COTTON NO. 2 - ICE FUTURES U.S. ,42.95000076293945,-0.030057607851280987,3908,-0.219234257324238,-3264,0.1663972240842238,0.012504794783275796,0.0440102120974077,-0.04682646573557914,0.02770660315647322,0.11654858645128144
2008-12-16,127864,24630,25896,78374,76525,033661,COTTON NO. 2 - ICE FUTURES U.S. ,44.13999938964844,-0.01446067696927986,1849,-1.5836390625841235,-1266,1.5367221209534139,0.013292532553470326,0.03954399714998219,0.02770660315647322,0.08676941286847617,0.11314423175431512
2008-12-30,125564,25537,24011,75961,79570,033661,COTTON NO. 2 - ICE FUTURES U.S. ,47.970001220703125,0.02874231467618107,-3609,-4.268597885253081,1526,2.183570043170869,0.03509268248773557,0.056349398563009606,0.08676941286847617,0.04815504481573374,0.11052652090274419
2009-01-06,130182,25834,21513,76999,84827,033661,COTTON NO. 2 - ICE FUTURES U.S. ,50.27999877929688,0.06013120093407691,-7828,-3.3600395017680222,4321,2.225956484342646,0.038899805964430934,0.05903225125139924,0.04815504481573374,-0.08054891279607923,0.10863608987293581
2009-01-13,129553,25935,21562,78974,84211,033661,COTTON NO. 2 - ICE FUTURES U.S. ,46.22999954223633,0.04042361041427061,-5237,1.9902905163540274,4373,0.039944078290393446,0.01587768483622882,0.0031580941954228686,-0.08054891279607923,0.012546005554786799,0.10317422692910928
2009-01-20,130358,23611,21210,80411,84537,033661,COTTON NO. 2 - ICE FUTURES U.S. ,46.810001373291016,0.031651298731186425,-4126,0.8575640857409708,2401,-1.5221569550685818,0.010688216892596455,0.059704156533767656,0.012546005554786799,0.0969877583344938,0.09732790425378425
2009-01-27,131102,25313,18855,77376,86501,033661,COTTON NO. 2 - ICE FUTURES U.S. ,51.34999847412109,0.06960229439672927,-9125,-3.8348240997867413,6458,3.112198714309824,0.030504585756390465,0.0918538308277486,0.0969877583344938,-0.038364118102139244,0.09240599345968356
2009-02-03,128412,26629,21754,75095,85246,033661,COTTON NO. 2 - ICE FUTURES U.S. ,49.380001068115234,0.07905024452543376,-10151,-0.7825967567237724,4875,-1.207456789370109,0.022052999544720314,0.08711737593782941,-0.038364118102139244,-0.04860270299646863,0.08836590724704187
2009-02-10,123430,27458,23705,72420,77717,033661,COTTON NO. 2 - ICE FUTURES U.S. ,46.97999954223633,0.04291501255772503,-5297,3.780020558826278,3753,-0.8737501168115129,0.06796459233899704,0.054336141352149016,-0.04860270299646863,-0.07343552142519283,0.0835844873630097
2009-02-17,117984,25370,32376,71438,63570,033661,COTTON NO. 2 - ICE FUTURES U.S. ,43.52999877929688,-0.06668700840791972,7868,10.665964514299603,-7006,-8.716681519889816,0.11206002607252903,0.18631593530287813,-0.07343552142519283,-0.017229497381853975,0.07693395977314102
2009-02-24,115564,24856,35345,71257,57814,033661,COTTON NO. 2 - ICE FUTURES U.S. ,42.77999877929688,-0.11632515316188433,13443,4.725216978573366,-10489,-2.9520951993490643,0.045997939118779585,0.05785618179100015,-0.017229497381853975,-0.052828386770009006,0.06878876919442295
2009-03-03,116082,25783,38117,71247,55196,033661,COTTON NO. 2 - ICE FUTURES U.S. ,40.52000045776367,-0.13827294498716425,16051,2.256758159980617,-12334,-1.5965179467654287,0.020784068710802496,0.05788732394366197,-0.052828386770009006,0.03158930811541061,0.06023898925459134
2009-03-10,121487,25995,38545,74010,59111,033661,COTTON NO. 2 - ICE FUTURES U.S. ,41.79999923706055,-0.12263863623268333,14899,-0.9924019227787253,-12550,-0.186075360521011,0.05016488758347669,0.009916330957545709,0.03158930811541061,0.025119599431226547,0.0528519885958841
2009-03-17,128065,26358,37658,78684,66535,033661,COTTON NO. 2 - ICE FUTURES U.S. ,42.84999847412109,-0.09486588841603873,12149,-2.2636166832665223,-11300,1.0289166742120557,0.0833086579579807,0.019526368407898027,0.025119599431226547,0.0340724142627844,0.04733293650447069
2009-03-24,137552,28099,34214,83544,78746,033661,COTTON NO. 2 - ICE FUTURES U.S. ,44.310001373291016,-0.03488135396068396,4798,-5.7400538788896265,-6115,4.04872525670558,0.10518824326822356,0.08320896121194614,0.0340724142627844,0.048747456115271204,0.04329853097025508
2009-03-31,140318,27706,28725,85393,86815,033661,COTTON NO. 2 - ICE FUTURES U.S. ,46.470001220703125,0.010134123918527915,-1422,-4.52192625334419,-1019,3.704780737466558,0.05759314317569451,0.10423348868529708,0.048747456115271204,0.01312676122934553,0.04021741515535947
2009-04-07,139492,28310,24353,85563,93254,033661,COTTON NO. 2 - ICE FUTURES U.S. ,47.08000183105469,0.05513577839589367,-7691,-4.467709060847504,3957,3.546230704542539,0.036959573194942315,0.0944875909082278,0.01312676122934553,0.0008495560593562157,0.03880276498611593
2009-04-14,131453,29585,22687,76556,89107,033661,COTTON NO. 2 - ICE FUTURES U.S. ,47.119998931884766,0.09547899249161297,-12551,-3.4840707710836463,6898,2.1083646373985605,0.07940215980635386,0.05626339149066422,0.0008495560593562157,0.05751279627759365,0.03798030927444363
2009-04-21,121776,29857,21588,69573,84561,033661,COTTON NO. 2 - ICE FUTURES U.S. ,49.83000183105469,0.12307843910130074,-14988,-1.8538945478612128,8269,1.0429583197036203,0.07479855190937755,0.026649820196326175,0.05751279627759365,0.04455142132108714,0.03718315845558261
2009-04-28,119982,28428,19156,72885,89012,033661,COTTON NO. 2 - ICE FUTURES U.S. ,52.04999923706055,0.1344118284409328,-16127,-0.9353238733412166,9272,0.8236434108527133,0.04795023996738667,0.08114071956960323,0.04455142132108714,0.10701248369775729,0.03642187511172033
2009-05-05,127475,35289,16043,71517,99723,033661,COTTON NO. 2 - ICE FUTURES U.S. ,57.619998931884766,0.22126691508138852,-28206,-10.06734343484856,19246,8.312913603707223,0.07053842560149498,0.19430374814930257,0.10701248369775729,0.0468587437172856,0.03761934001139578
2009-05-12,137523,39352,17356,73648,104291,033661,COTTON NO. 2 - ICE FUTURES U.S. ,60.31999969482422,0.22282090995687995,-30643,-1.911747401451265,21996,2.1572857423024123,0.03764773321194342,0.09480143895041264,0.0468587437172856,-0.06797079732864941,0.03888052825951645
2009-05-19,137287,41165,17927,73594,103890,033661,COTTON NO. 2 - ICE FUTURES U.S. ,56.220001220703125,0.22067639324917873,-30296,0.2523214298699127,23238,0.9031216596496586,0.0025636113677852653,0.040343870574697085,-0.06797079732864941,-0.020633223447617755,0.04031991751752429
2009-05-26,135230,38422,17687,74524,101197,033661,COTTON NO. 2 - ICE FUTURES U.S. ,55.060001373291016,0.1972417363011166,-26673,2.638997137383729,20735,-1.8231879201963768,0.02061791134810296,0.05316437648149138,-0.020633223447617755,0.0652015994015096,0.04111626297488607
2009-06-02,135433,37567,18588,73648,101431,033661,COTTON NO. 2 - ICE FUTURES U.S. ,58.650001525878906,0.20514202594640893,-27783,-0.820823781705243,18979,-1.298528433040006,0.006339995087931733,0.031270590330335676,0.0652015994015096,-0.06462064478983909,0.042919135227080386
2009-06-09,132890,34166,18209,75493,97425,033661,COTTON NO. 2 - ICE FUTURES U.S. ,54.86000061035156,0.1650387538565731,-21932,4.32021737685793,15957,-2.2313616326892265,0.03383684752310344,0.07217183770883055,-0.06462064478983909,-0.04429457306125628,0.04476027265748486
2009-06-16,117917,29674,13759,70253,89561,033661,COTTON NO. 2 - ICE FUTURES U.S. ,52.43000030517578,0.16374229330800477,-19308,1.9745654300549327,15915,-0.031605086913989014,0.08199531955898733,0.2058803214145926,-0.04429457306125628,-0.025367190984421972,0.046361884562296535
2009-06-23,106194,25410,16355,67750,77564,033661,COTTON NO. 2 - ICE FUTURES U.S. ,51.09999847412109,0.09241576736915456,-9814,8.051426003036035,9055,-5.817651398865303,0.09978391620903698,0.16425236441996888,-0.025367190984421972,0.04305285378929358,0.04556774056700589
2009-06-30,108256,27421,18112,66894,77730,033661,COTTON NO. 2 - ICE FUTURES U.S. ,53.29999923706055,0.10009606857818504,-10836,-0.9623895888656608,9309,0.23918488803510557,0.007066600287642439,0.08275316803197681,0.04305285378929358,0.038649182040862984,0.04465035489817159
2009-07-07,113267,28920,15455,68968,86398,033661,COTTON NO. 2 - ICE FUTURES U.S. ,55.36000061035156,0.1538841851554292,-17430,-6.091117351463198,13465,3.839048182086905,0.06913996627318718,0.09365633802816901,0.038649182040862984,0.1125361176580515,0.04481727608798605
2009-07-14,122656,34353,15022,70054,97824,033661,COTTON NO. 2 - ICE FUTURES U.S. ,61.59000015258789,0.22640555700495696,-27770,-9.128872487132174,19331,5.178913540572276,0.0745303136801725,0.11880506329113924,0.1125361176580515,-0.025653544847219822,0.04720669383731742
2009-07-21,130139,37387,14732,73262,104662,033661,COTTON NO. 2 - ICE FUTURES U.S. ,60.0099983215332,0.24128047702840807,-31400,-2.959496477954605,22655,2.7100182624576052,0.056462309750230436,0.06377712542450929,-0.025653544847219822,-0.05065817673484663,0.05012760124572276
2009-07-28,124662,34999,15616,73051,98417,033661,COTTON NO. 2 - ICE FUTURES U.S. ,56.970001220703125,0.20347820506649983,-25366,4.636580886590492,19383,-2.5142347797355136,0.037651340191755894,0.06464486812209819,-0.05065817673484663,0.06459540506097894,0.05288177877004076
2009-08-04,126456,34707,15827,74376,99926,033661,COTTON NO. 2 - ICE FUTURES U.S. ,60.650001525878906,0.20204656164990195,-25550,-0.14759910798799955,18880,-0.4034910397715422,0.016259136441348923,0.00995369454228836,0.06459540506097894,0.026215995261095637,0.055308730272101585
2009-08-11,128105,34910,15386,74491,101485,033661,COTTON NO. 2 - ICE FUTURES U.S. ,62.2400016784668,0.21071777057882207,-26994,-1.14189915860062,19524,0.5092680458024925,0.009512660817384189,0.012804199141084778,0.026215995261095637,-0.08884965367710396,0.05869395901606024
2009-08-18,127307,34772,13314,73863,100671,033661,COTTON NO. 2 - ICE FUTURES U.S. ,56.709999084472656,0.21057758018019435,-26808,0.14519339604230905,21458,1.5096990749775574,0.008262000527117926,0.04595932287984029,-0.08884965367710396,-0.013048807542163088,0.062099136380379
2009-08-25,125604,32727,16993,75137,94008,033661,COTTON NO. 2 - ICE FUTURES U.S. ,55.970001220703125,0.15024203050858254,-18871,6.234535414391982,15734,-4.496217804205582,0.04692423660173224,0.11512469831053902,-0.013048807542163088,0.007146644674963509,0.06465121353220124
2009-09-01,123988,30401,20196,76113,88150,033661,COTTON NO. 2 - ICE FUTURES U.S. ,56.369998931884766,0.09708197567506532,-12037,5.440909525174358,10205,-4.40192987484475,0.04160401307659059,0.1092752534735261,0.007146644674963509,0.0427532356408995,0.06576008464644162
2009-09-08,126311,31860,17725,75633,92509,033661,COTTON NO. 2 - ICE FUTURES U.S. ,58.77999877929688,0.13360673258861064,-16876,-3.9027970448753107,14135,3.169661580152918,0.028779246113404145,0.0792578400726026,0.0427532356408995,0.04491322634355477,0.0670442328097868
2009-09-15,134494,37740,16277,75571,104349,033661,COTTON NO. 2 - ICE FUTURES U.S. ,61.41999816894531,0.2139723705146698,-28778,-9.422773946845485,21463,5.801553308896295,0.06615162294353046,0.13566099561249237,0.04491322634355477,0.01579292168057367,0.07065533952331085
2009-09-22,145645,46069,17109,77935,114319,033661,COTTON NO. 2 - ICE FUTURES U.S. ,62.38999938964844,0.24981290123244876,-36384,-5.655270867101878,28960,5.574226359540202,0.06415471199558917,0.14500300737598532,0.01579292168057367,-0.037506013391244486,0.07547817808754412
2009-09-29,147191,44771,15515,80003,117006,033661,COTTON NO. 2 - ICE FUTURES U.S. ,60.04999923706055,0.2513944466713318,-37003,-0.4250060077585911,29256,0.2032338906244636,0.02413595317980397,0.04797133662873636,-0.037506013391244486,0.03363864252169724,0.08015196179697948
2009-10-06,146430,41901,15225,81509,116814,033661,COTTON NO. 2 - ICE FUTURES U.S. ,62.06999969482422,0.2411049648296114,-35305,1.153603141496423,26676,-1.7528245612843176,0.008561790614300914,0.0553163183139026,0.03363864252169724,0.061382271263511035,0.0847733344710308
2009-10-13,156335,46646,14881,81254,123636,033661,COTTON NO. 2 - ICE FUTURES U.S. ,65.87999725341797,0.2710973230562574,-42382,-4.833026019258348,31765,3.4753807279928974,0.03454048513836693,0.08271165504575227,0.061382271263511035,0.020491896778966234,0.08995615943169422
2009-10-20,173639,57547,19135,85070,135593,033661,COTTON NO. 2 - ICE FUTURES U.S. ,67.2300033569336,0.29096573926364466,-50523,-5.207407170499248,38412,4.2517670387309305,0.07148003969854484,0.197634386166245,0.020491896778966234,-0.0026773805769446657,0.09537463845104388
2009-10-27,185149,60024,19858,91404,143452,033661,COTTON NO. 2 - ICE FUTURES U.S. ,67.05000305175781,0.28111412970094357,-52048,-0.8782589164876554,40166,1.010141730832359,0.06043277582859284,0.04005908715355149,-0.0026773805769446657,0.005965605940026597,0.10048645154804607
2009-11-03,189413,63048,18632,94375,151193,033661,COTTON NO. 2 - ICE FUTURES U.S. ,67.44999694824219,0.2999688511348218,-56818,-2.5763034096862527,44416,2.2954485306428873,0.04362131873859786,0.05203232125367287,0.005965605940026597,0.006523387121038615,0.10620889715773418
2009-11-17,170527,56854,17561,84909,137087,033661,COTTON NO. 2 - ICE FUTURES U.S. ,67.88999938964844,0.30598087106440625,-52178,2.4496734648624963,39293,-2.7046718018298637,0.10618209337105174,0.09762816636430827,0.006523387121038615,0.053468806688065085,0.11186159945804784
2009-11-24,175703,63901,19432,84206,142040,033661,COTTON NO. 2 - ICE FUTURES U.S. ,71.5199966430664,0.3291577263905568,-57834,-3.3167768154016666,44469,3.0352964633166595,0.024999337004853125,0.10701642806571227,0.053468806688065085,-0.026146465393728335,0.11890787265377084
2009-12-01,175964,63143,20105,85651,141499,033661,COTTON NO. 2 - ICE FUTURES U.S. ,69.6500015258789,0.3173831010888591,-55848,1.1303165000028457,43038,-0.814442553627428,0.008743121285494166,0.017189602152604268,-0.026146465393728335,0.009332397869903808,0.12565686205694512
2009-12-08,178407,64213,20657,85391,142359,033661,COTTON NO. 2 - ICE FUTURES U.S. ,70.30000305175781,0.3193148250909437,-56968,-0.6364938282830579,43556,0.2943783955809143,0.004917672886937431,0.019111582420172028,0.009332397869903808,0.06514927457809883,0.13285737963712171
2009-12-15,184632,66820,22337,87698,146501,033661,COTTON NO. 2 - ICE FUTURES U.S. ,74.87999725341797,0.3184875861172494,-58803,-1.0285470861569332,44483,0.5195984462493064,0.02753641134249079,0.048083717487129446,0.06514927457809883,-0.014423000017015353,0.1396169739199239
2009-12-22,184215,64818,21308,90964,147095,033661,COTTON NO. 2 - ICE FUTURES U.S. ,73.80000305175781,0.3047037429091008,-56131,1.4472030850556783,43510,-0.52699423718532,0.016214467842005552,0.035192624759073914,-0.014423000017015353,0.017208625888209372,0.14605469220377737
2009-12-29,186395,66417,20962,91487,149610,033661,COTTON NO. 2 - ICE FUTURES U.S. ,75.06999969482422,0.31182703398696315,-58123,-1.0813451673316505,45455,1.05583150123497,0.012600737462515088,0.02225935293377127,0.017208625888209372,-0.025975715414537692,0.15232945587601282
2010-01-05,186899,62543,21511,93855,146678,033661,COTTON NO. 2 - ICE FUTURES U.S. ,73.12000274658203,0.28262858549269926,-52823,2.8434239115856115,41032,-2.372917728479841,0.022034398606428224,0.05262093416137245,-0.025975715414537692,-0.004513153975094886,0.15721188416094586
2010-01-12,181280,58306,22113,92521,140173,033661,COTTON NO. 2 - ICE FUTURES U.S. ,72.79000091552734,0.26286407766990294,-47652,2.7667349745049465,36193,-2.5890989250878818,0.033688019459032034,0.06017234733085465,-0.004513153975094886,-0.015798894235672267,0.16111059332894254
2010-01-19,177032,55605,18473,89398,136152,033661,COTTON NO. 2 - ICE FUTURES U.S. ,71.63999938964844,0.2640991459171223,-46754,0.4953662842012357,37132,0.5179832303618711,0.03167368654400355,0.0855989632549475,-0.015798894235672267,-0.025404797743300955,0.16541204593476658
2010-01-26,171297,48929,19348,89894,127033,033661,COTTON NO. 2 - ICE FUTURES U.S. ,69.81999969482422,0.21681056877820393,-37139,5.431221474083781,29581,-4.265330561706358,0.044323666486882685,0.11059361131859924,-0.025404797743300955,-0.008020589530814082,0.16897280112797844
2010-02-02,171616,46652,23714,92458,121917,033661,COTTON NO. 2 - ICE FUTURES U.S. ,69.26000213623047,0.17165648890546337,-29459,4.483441040998967,22938,-3.8780597441869973,0.035825072886297375,0.09440638944945001,-0.008020589530814082,0.04187123067329357,0.17093538179160797
2010-02-09,164093,43142,26425,96126,117883,033661,COTTON NO. 2 - ICE FUTURES U.S. ,72.16000366210938,0.132589446228663,-21757,4.487926533656536,16717,-3.6249533842998325,0.035989140643617794,0.08942458349504794,0.04187123067329357,0.04406863240572467,0.17196498182436237
2010-02-16,163991,44847,23374,93292,124433,033661,COTTON NO. 2 - ICE FUTURES U.S. ,75.33999633789062,0.18989456738479552,-31141,-5.718708293467729,21473,2.8983564198350935,0.04310024112986566,0.06971460400756366,0.04406863240572467,0.06185298498303382,0.17479151172488297
2010-02-23,167690,54750,25184,86997,128566,033661,COTTON NO. 2 - ICE FUTURES U.S. ,80.0,0.24789194346711194,-41569,-6.358885548597179,29566,4.935026922209146,0.048375648882229325,0.14653339004678861,0.06185298498303382,0.023750019073486284,0.18084110695324895
2010-03-02,180177,59700,24911,92567,138107,033661,COTTON NO. 2 - ICE FUTURES U.S. ,81.9000015258789,0.2527514610632878,-45540,-2.368060110918958,34789,3.114675890035184,0.06550803298161041,0.06172956235004905,0.023750019073486284,-0.02649570364488496,0.18793873414988688
2010-03-09,186855,64298,25795,92816,142155,033661,COTTON NO. 2 - ICE FUTURES U.S. ,79.7300033569336,0.264049664178106,-49339,-2.1084822147110898,38503,2.0613063820576434,0.018287363121406473,0.06084823460202236,-0.02649570364488496,0.026464227920712124,0.1956757074030651
2010-03-16,185387,64108,25406,91820,141050,033661,COTTON NO. 2 - ICE FUTURES U.S. ,81.83999633789062,0.26555260077567466,-49230,0.05833400230124963,38702,0.1064996922747585,0.009022201228153047,0.006468261947851732,0.026464227920712124,0.012829949886882908,0.20314092349937976
2010-03-23,189777,64391,24930,95010,145412,033661,COTTON NO. 2 - ICE FUTURES U.S. ,82.88999938964844,0.26558539759823374,-50402,-0.6321910382065625,39461,0.4094138208180725,0.03141143489364534,0.008497441810996294,0.012829949886882908,-0.040414989730829354,0.2100726789996542
2010-03-30,187461,59799,23403,97580,143314,033661,COTTON NO. 2 - ICE FUTURES U.S. ,79.54000091552734,0.2439654114722529,-45734,2.459729050411799,36396,-1.6150534574790412,0.019377817629330742,0.07354390519458667,-0.040414989730829354,0.03457379894828683,0.21543511679644142
2010-04-06,201581,64450,25059,103102,153136,033661,COTTON NO. 2 - ICE FUTURES U.S. ,82.29000091552734,0.24820791642069442,-50034,-2.293810445906082,39391,1.5976656477880733,0.05988182861246185,0.07046218815984985,0.03457379894828683,-0.02746387302329012,0.22001345895994465
2010-04-13,190025,55902,21638,95146,137320,033661,COTTON NO. 2 - ICE FUTURES U.S. ,80.02999877929688,0.22193921852387843,-42174,3.899177005769393,34264,-2.543394466740417,0.10226011545774435,0.15435904049522828,-0.02746387302329012,0.03523678292937493,0.22322121742394435
2010-04-20,182707,61228,19401,86113,139290,033661,COTTON NO. 2 - ICE FUTURES U.S. ,82.8499984741211,0.29105069865960254,-53177,-5.790290751216945,41827,3.9800026312327326,0.048814789510343695,0.09379999751950291,0.03523678292937493,0.002414056503563966,0.22698221177332878
2010-04-27,189849,67981,25983,89369,143578,033661,COTTON NO. 2 - ICE FUTURES U.S. ,83.05000305175781,0.285537453449847,-54209,-0.564838785596611,41998,0.09359247319478728,0.032385048959634594,0.1419160529564514,0.002414056503563966,-0.04166172891903286,0.2301064235877239
2010-05-04,184165,66853,26455,84993,135491,033661,COTTON NO. 2 - ICE FUTURES U.S. ,79.58999633789062,0.27419976651372413,-50498,1.9547113758829386,40398,-0.8427750475377801,0.056525643584114944,0.017147511467398294,-0.04166172891903286,0.011810560179140728,0.23279465316604678
2010-05-11,177015,58145,25542,86264,127268,033661,COTTON NO. 2 - ICE FUTURES U.S. ,80.52999877929688,0.23164138632319295,-41004,5.155159775201586,32603,-4.232617489751038,0.04446172002322837,0.11496409239188882,0.011810560179140728,0.020737590888609825,0.2329941622283892
2010-05-18,184262,57998,27589,91351,130024,033661,COTTON NO. 2 - ICE FUTURES U.S. ,82.19999694824219,0.209880496249905,-38673,1.3168375561393102,30409,-1.2394429850577635,0.03542857142857143,0.025634734247023498,0.020737590888609825,-0.001581475161122281,0.23274530811863967
2010-05-25,189973,61027,29801,96207,135785,033661,COTTON NO. 2 - ICE FUTURES U.S. ,82.06999969482422,0.20833486863922768,-39578,-0.49114847336944134,31226,0.44339038977108686,0.045764509121004174,0.05770247060377857,-0.001581475161122281,-0.03655416121792909,0.23250797110690985
2010-06-01,185460,54124,30886,98777,127412,033661,COTTON NO. 2 - ICE FUTURES U.S. ,79.06999969482422,0.1543998705920414,-28635,5.760292252056871,23238,-4.204808051670501,0.048379894689839026,0.09396541583343136,-0.03655416121792909,-0.009485266256414215,0.231684089074043
2010-06-08,176221,47362,36080,98823,113106,033661,COTTON NO. 2 - ICE FUTURES U.S. ,78.31999969482422,0.08105163402772655,-14283,7.738595923649304,11282,-6.446673137064596,0.0677207932845434,0.14328515615637208,-0.009485266256414215,0.04660369688586852,0.22929773538329912
2010-06-15,172128,53854,31497,92390,122092,033661,COTTON NO. 2 - ICE FUTURES U.S. ,81.97000122070312,0.17255763153002418,-29702,-8.749808479125644,22357,6.284722025184286,0.07188948256730168,0.12975829222856206,0.04660369688586852,0.005977770604763233,0.22944232918471164
2010-06-22,165148,55929,30869,86360,119267,033661,COTTON NO. 2 - ICE FUTURES U.S. ,82.45999908447266,0.19925763557536272,-32907,-1.8619864287042203,25060,1.5703430005577244,0.0430634109333891,0.031141270536187468,0.005977770604763233,0.014795067114339311,0.230125316536007
2010-06-29,163979,57251,31615,86376,118072,033661,COTTON NO. 2 - ICE FUTURES U.S. ,83.68000030517578,0.19329304362143934,-31696,0.73328166250878,25636,0.3487780657349771,0.005923266551886054,0.023270992280512232,0.014795067114339311,-0.024856618349295534,0.2320652641562432
2010-07-06,159524,49128,33570,88785,110258,033661,COTTON NO. 2 - ICE FUTURES U.S. ,81.5999984741211,0.13460670494721796,-21473,6.234334884344946,15558,-6.14590892736265,0.05136076124254558,0.1218650995187308,-0.024856618349295534,-0.04240195035751104,0.23272893024026312
2010-07-13,153514,46228,32437,84995,103354,033661,COTTON NO. 2 - ICE FUTURES U.S. ,78.13999938964844,0.11959169847701187,-18359,1.9520573706777664,13791,-1.107670319199619,0.056777577794413565,0.051268035339731774,-0.04240195035751104,-0.004607123280823244,0.23206945934260123
2010-07-20,157763,43125,33345,89570,102540,033661,COTTON NO. 2 - ICE FUTURES U.S. ,77.77999877929688,0.08221192548316145,-12970,3.510429016246075,9780,-2.612791015803119,0.028051637082921244,0.05245194193801491,-0.004607123280823244,0.04718434336003319,0.22929650489025905
2010-07-27,164498,44418,31610,96268,115861,033661,COTTON NO. 2 - ICE FUTURES U.S. ,81.44999694824219,0.11910783109825043,-19593,-4.198069255782408,12808,1.9193346982499064,0.09437182092028908,0.039827431998737305,0.04718434336003319,0.03756912587649053,0.22694703093006366
2010-08-03,179080,56340,32803,95775,129841,033661,COTTON NO. 2 - ICE FUTURES U.S. ,84.51000213623047,0.19022783113692204,-34066,-8.798283261802576,23537,6.522267747936144,0.06414881923267854,0.1471231616615999,0.03756912587649053,-0.0015383372325908917,0.22669221604680256
2010-08-10,192181,68249,33917,95861,141776,033661,COTTON NO. 2 - ICE FUTURES U.S. ,84.37999725341797,0.23891539746384918,-45915,-6.616595934777752,34332,6.028032164395801,0.05058555696293086,0.12746902100503102,-0.0015383372325908917,0.039701424657013984,0.2274012321201477
2010-08-17,208543,78551,36171,99117,154310,033661,COTTON NO. 2 - ICE FUTURES U.S. ,87.7300033569336,0.2646600461295752,-55193,-4.82774051545158,42380,4.187718869191023,0.06230591057779952,0.1094471853698506,0.039701424657013984,0.00786498102826294,0.22843858357304678
2010-08-24,212799,82110,34511,101068,160111,033661,COTTON NO. 2 - ICE FUTURES U.S. ,88.41999816894531,0.27745901061565137,-59043,-1.8461420426482789,47599,2.5026013819691864,0.029680793631953563,0.044751802848543576,0.00786498102826294,0.007464416147671571,0.22972476492757482
2010-08-31,219593,85183,31990,102373,167812,033661,COTTON NO. 2 - ICE FUTURES U.S. ,89.08000183105469,0.2980013024094575,-65439,-3.005653222054615,53193,2.628771751746954,0.03333271647204693,0.04774137386599302,0.007464416147671571,0.02514591173917813,0.23256628938720703
2010-09-07,226242,85769,30910,106413,175400,033661,COTTON NO. 2 - ICE FUTURES U.S. ,91.31999969482422,0.30492569903024197,-68987,-1.615716347971019,54859,0.7586762783877445,0.041261403838715745,0.014278490559569416,0.02514591173917813,0.027047757653936078,0.23656328406711427
2010-09-14,230714,86478,30539,111614,181471,033661,COTTON NO. 2 - ICE FUTURES U.S. ,93.79000091552734,0.30278613348127986,-69857,-0.38454398387567296,55939,0.47736494550083536,0.03845983247180852,0.009229428202739772,0.027047757653936078,0.08423074366951,0.239816734084281
2010-09-21,234920,81840,33705,120661,182836,033661,COTTON NO. 2 - ICE FUTURES U.S. ,101.69000244140624,0.264664566660991,-62175,3.329663566146831,48135,-3.3825428885980044,0.03430676415252869,0.06754078497555065,0.08423074366951,0.06342803415663889,0.24079158401017178
2010-09-28,239607,78804,35544,126862,182549,033661,COTTON NO. 2 - ICE FUTURES U.S. ,108.13999938964844,0.23240973761200634,-55687,2.7617912480844544,43260,-2.075174527498723,0.02096887311698679,0.04263301500682128,0.06342803415663889,-0.06204918737141185,0.2404569077867017
2010-10-05,232633,71387,35512,127208,174732,033661,COTTON NO. 2 - ICE FUTURES U.S. ,101.43000030517578,0.20428743987310485,-47524,3.4068286819667204,35875,-3.0821303217351748,0.027035172550837913,0.06968259759211966,-0.06204918737141185,0.08035099577400873,0.23955100380981273
2010-10-12,235370,73894,38874,126101,173086,033661,COTTON NO. 2 - ICE FUTURES U.S. ,109.58000183105467,0.19962187194629732,-46985,0.23169541724518877,35020,-0.3675316915484905,0.009201603010826006,0.052044906356413165,0.08035099577400873,0.006205514636002718,0.23875325202359518
2010-10-19,232933,71533,36171,128271,173824,033661,COTTON NO. 2 - ICE FUTURES U.S. ,110.26000213623048,0.19556267252815188,-45553,0.6084037897777967,35362,0.14530313973743467,0.009626110991575497,0.04701775235831538,0.006205514636002718,0.17531284080492937,0.23730066259036237
2010-10-26,240675,74758,35150,130916,178111,033661,COTTON NO. 2 - ICE FUTURES U.S. ,129.58999633789062,0.19609431806377894,-47195,-0.7049237334340777,39608,1.822841761364856,0.022431696906742776,0.03863231065982458,0.17531284080492937,0.03603671811803166,0.23547621218267267
2010-11-02,243838,73755,35182,132912,179771,033661,COTTON NO. 2 - ICE FUTURES U.S. ,134.25999450683594,0.19217267201994767,-46859,0.13960735431598628,38573,-0.43004051106263635,0.011692352958107732,0.009500904192331348,0.03603671811803166,0.12639655828258722,0.23376579953496118
2010-11-09,239032,72757,35751,129641,178972,033661,COTTON NO. 2 - ICE FUTURES U.S. ,151.22999572753906,0.2063782255095552,-49331,-1.013787842748054,37006,-0.642639785431311,0.013188038093016172,0.014441331514727025,0.12639655828258722,-0.11558550698521208,0.23196597981139833
2010-11-16,205785,57021,18479,119337,166901,033661,COTTON NO. 2 - ICE FUTURES U.S. ,133.75,0.23113443642636733,-47564,0.7392315673215302,38542,0.642591786873724,0.0781692158273884,0.4371920529801325,-0.11558550698521208,-0.15446731709988315,0.23052662529912837
2010-11-23,194995,54629,17517,113878,160556,033661,COTTON NO. 2 - ICE FUTURES U.S. ,113.08999633789062,0.23938049693581887,-46678,0.4305464441042836,37112,-0.6949000170080424,0.04301216321592805,0.04648906384276329,-0.15446731709988315,0.11619071044783857,0.2288001401173065
2010-11-30,194575,56048,16983,111365,159703,033661,COTTON NO. 2 - ICE FUTURES U.S. ,126.2300033569336,0.24842862649363998,-48338,-0.8513038795866561,39065,1.001564142670325,0.012417548364248085,0.026742068436691267,0.11619071044783857,0.09316328783559769,0.2274740925289369
2010-12-07,199654,56634,20136,115929,161080,033661,COTTON NO. 2 - ICE FUTURES U.S. ,137.99000549316406,0.2261462329830607,-45151,1.63792881922138,36498,-1.3192856225106,0.021446956597078074,0.04870392080239677,0.09316328783559769,0.04710486079603782,0.22568238883455455
2010-12-14,204519,57256,24592,119163,160394,033661,COTTON NO. 2 - ICE FUTURES U.S. ,144.49000549316406,0.2015998513585535,-41231,1.9633966762499122,32664,-1.9203221573321847,0.014022185099997496,0.06204183364285016,0.04710486079603782,0.10125260618607701,0.22343454778150268
2010-12-21,202337,57316,25544,115850,157176,033661,COTTON NO. 2 - ICE FUTURES U.S. ,159.1199951171875,0.20424341568768936,-41326,-0.04645045203624113,31772,-0.43614529701396937,0.023920798751767232,0.012213371952691286,0.10125260618607701,-0.09282296045065974,0.22150261841186017
2010-12-28,201812,55245,27388,116850,154450,033661,COTTON NO. 2 - ICE FUTURES U.S. ,144.35000610351562,0.18631201316076348,-37600,1.8414822795633028,27857,-1.934890800990427,0.013733873940287505,0.04737816610797139,-0.09282296045065974,-0.0039487862841515176,0.2190888680113563
2011-01-04,207895,53896,26567,121861,159311,033661,COTTON NO. 2 - ICE FUTURES U.S. ,143.77999877929688,0.1801390124822627,-37450,0.07432660099498543,27329,-0.26162963550234875,0.03511018166816041,0.026968917390601893,-0.0039487862841515176,0.024134102449323347,0.21711791468423253
2011-01-11,203598,52886,27073,116251,152642,033661,COTTON NO. 2 - ICE FUTURES U.S. ,147.25,0.17873947681214944,-36391,0.5093917602635947,25813,-0.7292142668173838,0.045665004295388875,0.01895971685488813,0.024134102449323347,-0.012292003793505923,0.21550013389850653
2011-01-18,198387,53144,24661,110494,149766,033661,COTTON NO. 2 - ICE FUTURES U.S. ,145.44000244140625,0.1979565193283834,-39272,-1.4150433697776992,28483,1.3114077741431645,0.033170675478367787,0.034316560632350106,-0.012292003793505923,0.11269251316364293,0.21422816031026154
2011-01-25,206509,55964,24412,112249,155354,033661,COTTON NO. 2 - ICE FUTURES U.S. ,161.8300018310547,0.2087318228261238,-43105,-1.9320822432921512,31552,1.5469763643787142,0.02743990164534777,0.038183039713347265,0.11269251316364293,0.06420317167452838,0.21407279981118307
2011-02-01,211690,60035,25291,112041,158826,033661,COTTON NO. 2 - ICE FUTURES U.S. ,172.22000122070312,0.22100713307194483,-46785,-1.7820046583926126,34744,1.5456953449970703,0.013586003462954143,0.05801279797482596,0.06420317167452838,0.01782599026634224,0.21502185066053847
2011-02-08,220694,56854,30761,122867,162058,033661,COTTON NO. 2 - ICE FUTURES U.S. ,175.2899932861328,0.17758072262952324,-39191,3.5873210827152913,26093,-4.08663611885304,0.049339299815740985,0.09873880043371569,0.01782599026634224,0.08403224114615448,0.21588706751440118
2011-02-15,195668,55576,23230,103787,147282,033661,COTTON NO. 2 - ICE FUTURES U.S. ,190.0200042724609,0.22228979700308688,-43495,-1.9502116052090224,32346,2.833334843720264,0.13484739254945852,0.11178082887089816,0.08403224114615448,-0.010946225577767255,0.21651005269936835
2011-02-22,178652,52800,23899,91686,133566,033661,COTTON NO. 2 - ICE FUTURES U.S. ,187.94000244140625,0.23442222869041487,-41880,0.8253776805609502,28901,-1.760635361939612,0.11461385470495268,0.044915839841458166,-0.010946225577767255,0.04219427781615348,0.2162510197228934
2011-03-01,175406,49148,22440,93509,129899,033661,COTTON NO. 2 - ICE FUTURES U.S. ,195.8699951171875,0.2074615463553128,-36390,3.0730134563285048,26708,-1.2275261402055393,0.024573873809353292,0.07139464714756663,0.04219427781615348,0.05702761243375942,0.2153800598246631
2011-03-08,173688,49770,24417,92043,128029,033661,COTTON NO. 2 - ICE FUTURES U.S. ,207.0399932861328,0.20718760075537745,-35986,0.2303227939751206,25353,-0.7724935292977435,0.015158675342615145,0.035033092051167995,0.05702761243375942,-0.07776270946104646,0.21428655860499526
2011-03-15,174801,47064,24138,95281,124967,033661,COTTON NO. 2 - ICE FUTURES U.S. ,190.94000244140625,0.16982740373338825,-29686,3.627193588503524,22926,-1.3973331490949288,0.028604118993135013,0.041922979691581694,-0.07776270946104646,0.0786634758584448,0.21244568943110512
2011-03-22,176065,43426,22656,97833,127241,033661,COTTON NO. 2 - ICE FUTURES U.S. ,205.9600067138672,0.16702922216226962,-29408,0.15903799177350242,20770,-1.2334025549052923,0.02144183690697282,0.07747949517266427,0.0786634758584448,-0.053796860894686827,0.2105503783650289
2011-03-29,182719,43608,23541,102462,129555,033661,COTTON NO. 2 - ICE FUTURES U.S. ,194.8800048828125,0.14827686228580497,-27093,1.3148553091187913,20067,-0.3992843552097237,0.02992453139209627,0.015890035592488347,-0.053796860894686827,0.03171178428232002,0.2087102139575972
2011-04-05,195689,44727,23681,112842,141000,033661,COTTON NO. 2 - ICE FUTURES U.S. ,201.05999755859372,0.14389158307314157,-28158,-0.582862209184595,21046,0.5357954016823647,0.08597867965112156,0.018404280201146064,0.03171178428232002,-0.006614950001016973,0.2067041306239904
2011-04-12,198223,46084,21787,118029,151310,033661,COTTON NO. 2 - ICE FUTURES U.S. ,199.72999572753903,0.1678967627369175,-33281,-2.6179294697198103,24297,1.6613095268512794,0.05753715577766309,0.047899692062884,-0.006614950001016973,-0.049616925926534106,0.2056648526280873
2011-04-19,172140,43802,24054,97953,124937,033661,COTTON NO. 2 - ICE FUTURES U.S. ,189.82000732421875,0.15675612873242709,-26984,3.1767252034324978,19748,-2.294890098525398,0.20839427520301493,0.06703902381513793,-0.049616925926534106,-0.04203988346021914,0.20308226474487243
2011-04-26,154952,42234,21301,82827,111073,033661,COTTON NO. 2 - ICE FUTURES U.S. ,181.83999633789065,0.1822887087614229,-28246,-0.7331242012315557,20933,0.688393168351342,0.14951005673027334,0.0680097584008814,-0.04203988346021914,-0.0144632076385246,0.2010967119624027
2011-05-03,149384,42733,17759,77992,108982,033661,COTTON NO. 2 - ICE FUTURES U.S. ,179.2100067138672,0.20745193595030256,-30990,-1.7708709794000723,24974,2.6079043832928908,0.03704258346080204,0.06680222178139258,-0.0144632076385246,-0.1551811381927195,0.19981309983618306
2011-05-10,150102,42498,14713,76386,109531,033661,COTTON NO. 2 - ICE FUTURES U.S. ,151.39999389648438,0.22081651143888822,-33145,-1.44259090665667,27785,1.8817276281261717,0.011591193919867468,0.05734911118491199,-0.1551811381927195,0.024042269064668442,0.19960492916533104
2011-05-17,150026,43778,14542,76426,111021,033661,COTTON NO. 2 - ICE FUTURES U.S. ,155.0399932861328,0.2305933638169384,-34595,-0.9660097800162556,29236,0.9666759936576461,0.008162307212171973,0.02487997256515775,0.024042269064668442,-0.0074818656704886966,0.20000325354162013
2011-05-24,153975,44255,14964,79569,114334,033661,COTTON NO. 2 - ICE FUTURES U.S. ,153.8800048828125,0.2257834063971424,-34765,-0.11331369229333584,29291,0.036660312212549825,0.03329499801447115,0.015180938550127494,-0.0074818656704886966,0.031128107188329146,0.20033880234465698
2011-05-31,155142,45276,14762,79303,115561,033661,COTTON NO. 2 - ICE FUTURES U.S. ,158.6699981689453,0.23370847352747806,-36258,-0.9696379282351031,30514,0.7942847864913135,0.0076617538385745955,0.020370432059695527,0.031128107188329146,-0.06327594001383074,0.20186396778572308
2011-06-07,159300,44004,16799,83758,118516,033661,COTTON NO. 2 - ICE FUTURES U.S. ,148.6300048828125,0.21819209039548024,-34758,0.96685617047608,27205,-2.1328847120702323,0.03663347736238963,0.054421656826143444,-0.06327594001383074,0.04649120753759317,0.20450128425433373
2011-06-14,151844,46862,15023,80110,116862,033661,COTTON NO. 2 - ICE FUTURES U.S. ,155.5399932861328,0.24203788098311424,-36752,-1.2517263025737602,31839,2.9089767733835528,0.026917531425786408,0.0748808273410358,0.04649120753759317,-0.0052076481519687245,0.20583744289766237
2011-06-21,146074,43869,17267,81720,112577,033661,COTTON NO. 2 - ICE FUTURES U.S. ,154.72999572753906,0.211242247080247,-30857,3.882273912699876,26602,-3.448934432707252,0.03034014935897106,0.08566147605338917,-0.0052076481519687245,0.03994059397153071,0.20606791619583323
2011-06-28,135984,44250,18912,74146,102178,033661,COTTON NO. 2 - ICE FUTURES U.S. ,160.91000366210938,0.20614189904694669,-28032,1.9339512849651546,25338,-0.865314840423347,0.10193167124157801,0.03207624837718882,0.03994059397153071,-0.011870011923684642,0.2063150095694007
2011-07-05,138997,46016,19673,75985,103808,033661,COTTON NO. 2 - ICE FUTURES U.S. ,159.0,0.20016978783714756,-27823,0.1536945523002706,26343,0.7390575361807271,0.019294410794636053,0.03846915008601136,-0.011870011923684642,-0.3296226645415684,0.2075758380865147
2011-07-12,137983,46012,20329,74516,102641,033661,COTTON NO. 2 - ICE FUTURES U.S. ,106.58999633789062,0.20382945725198032,-28125,-0.2172708763498493,25683,-0.4748303920228494,0.014879457204626405,0.00994859890565412,-0.3296226645415684,-0.04353128388277272,0.20919579498603336
2011-07-19,135510,49265,20872,68030,100005,033661,COTTON NO. 2 - ICE FUTURES U.S. ,101.9499969482422,0.23596044572356284,-31975,-2.7901987926048863,28393,1.9640100592101928,0.05428630939982742,0.054122645679170765,-0.04353128388277272,-0.008435513841046793,0.2121524972983487
2011-07-26,138911,51683,19918,67707,103349,033661,COTTON NO. 2 - ICE FUTURES U.S. ,101.08999633789062,0.25658155221688705,-35642,-2.706073352520109,31765,2.4883772415319902,0.021437424001496588,0.04709431432521892,-0.008435513841046793,0.060144446051144884,0.21479622270447637
2011-08-02,144447,52682,22025,71609,105213,033661,COTTON NO. 2 - ICE FUTURES U.S. ,107.16999816894533,0.23263896100299764,-33604,1.4671264334717913,30657,-0.7976330168237216,0.03260906448292633,0.041575755953257396,0.060144446051144884,-0.09246987218468072,0.21561182135574702
2011-08-09,142543,52309,21760,71455,103923,033661,COTTON NO. 2 - ICE FUTURES U.S. ,97.26000213623048,0.2277768813621153,-32468,0.7864476243881838,30549,-0.07476790795239777,0.008233643900603268,0.008613590030917119,-0.09246987218468072,0.07567345721463714,0.21539761912302138
2011-08-16,141177,50072,21390,71037,102632,033661,COTTON NO. 2 - ICE FUTURES U.S. ,104.62000274658205,0.2237970774276263,-31595,0.6124467704482156,28682,-1.3097802066744773,0.009840558764085704,0.03648092692619854,0.07567345721463714,0.0049703367369045015,0.21461179280183007
2011-08-23,145796,55516,21845,69890,106540,033661,COTTON NO. 2 - ICE FUTURES U.S. ,105.13999938964844,0.25137863864577903,-36650,-3.5806115727066024,33671,3.533861748018445,0.028651589865669104,0.0762528922842259,0.0049703367369045015,-0.002187518821326062,0.21411024718702482
2011-08-30,147646,55246,22322,70304,106674,033661,COTTON NO. 2 - ICE FUTURES U.S. ,104.91000366210938,0.2463324438183222,-36370,0.19204916458613405,32924,-0.5123597355208648,0.003096430064753811,0.009630259900990099,-0.002187518821326062,0.012677477411436877,0.21311661529104148
2011-09-06,147827,54183,22512,70726,105339,033661,COTTON NO. 2 - ICE FUTURES U.S. ,106.23999786376952,0.23414531851420917,-34613,1.1900085339257414,31671,-0.8486515042737359,0.009979269019964218,0.016337440511115457,0.012677477411436877,0.050075299339200185,0.2117554541272716
2011-09-13,154302,53990,20710,73756,113899,033661,COTTON NO. 2 - ICE FUTURES U.S. ,111.55999755859376,0.2601586499202862,-40143,-3.740859247634059,33280,1.088434453787197,0.06176227651807839,0.026706827309236948,0.050075299339200185,-0.0694693453711267,0.21093569482802174
2011-09-20,150007,48901,20332,75823,108742,033661,COTTON NO. 2 - ICE FUTURES U.S. ,103.80999755859376,0.21944975901124614,-32919,4.68172803981802,28569,-3.0531036538735727,0.039140682144501934,0.07896523334248119,-0.0694693453711267,-0.04777958964571871,0.21006617929629587
2011-09-27,147661,43489,22389,81089,102196,033661,COTTON NO. 2 - ICE FUTURES U.S. ,98.8499984741211,0.14294227995205233,-21107,7.8742991993706966,21100,-4.97910097528782,0.06444608123959954,0.11337624093020432,-0.04777958964571871,0.020940816659356543,0.20834565126437368
2011-10-04,151858,44740,23815,83894,102591,033661,COTTON NO. 2 - ICE FUTURES U.S. ,100.91999816894533,0.12312160044251867,-18697,1.6321168080942159,20925,-0.11851470598194513,0.017159557068933157,0.03904893880825615,0.020940816659356543,0.025267569342291907,0.20678476973686238
2011-10-11,153794,45792,23360,83321,103386,033661,COTTON NO. 2 - ICE FUTURES U.S. ,103.47000122070312,0.13046672822086688,-20065,-0.9008415756825455,22432,0.9923744550830381,0.0073269882757475615,0.021792572882924573,0.025267569342291907,-0.03179666450867935,0.20545486312675795
2011-10-18,151550,47228,24760,81371,99855,033661,COTTON NO. 2 - ICE FUTURES U.S. ,100.18000030517578,0.1219663477400198,-18484,1.0279984914886147,22468,0.023407935290063332,0.030244004723384062,0.039395454798021895,-0.03179666450867935,-0.004991016155688421,0.20403954918852468
2011-10-25,159357,46290,28412,84884,97650,033661,COTTON NO. 2 - ICE FUTURES U.S. ,99.68000030517578,0.08010943981124143,-12766,3.773012207192346,17878,-3.02870339821841,0.03132567083392683,0.061444138041819495,-0.004991016155688421,-0.0014044882546129234,0.2018090707605912
2011-11-01,164914,47467,26094,89112,107622,033661,COTTON NO. 2 - ICE FUTURES U.S. ,99.54000091552734,0.11224031919667221,-18510,-3.60448552620845,21373,2.1931888778026694,0.07217867780861467,0.047511589021356423,-0.0014044882546129234,-0.01928870957691342,0.2002719101293744
2011-11-08,165589,47042,25714,92142,108552,033661,COTTON NO. 2 - ICE FUTURES U.S. ,97.62000274658205,0.09910078568020822,-16410,1.2733909795408516,21328,-0.027286949561589675,0.019731531585398667,0.011064379570069822,-0.01928870957691342,0.051628772523301336,0.1982088824403485
2011-11-15,143259,41316,21408,79312,96268,033661,COTTON NO. 2 - ICE FUTURES U.S. ,102.66000366210938,0.1183590559755408,-16956,-0.32973204741860873,19908,-0.8575448852278835,0.14303451418156965,0.15993877941457815,0.051628772523301336,-0.12380680168004221,0.19604012512398644
2011-11-22,137106,40583,27729,78203,85416,033661,COTTON NO. 2 - ICE FUTURES U.S. ,89.94999694824219,0.05260893031668928,-7213,6.800968874555874,12854,-4.923948931655254,0.07310275701477212,0.10326150603115118,-0.12380680168004221,0.030461429528904516,0.1924483642274647
2011-11-29,138214,42742,29928,77805,80566,033661,COTTON NO. 2 - ICE FUTURES U.S. ,92.69000244140624,0.019976268684793148,-2761,3.247122664216008,12814,-0.02917450731550771,0.03313737994961199,0.059969726159350485,0.030461429528904516,0.006688910355563404,0.18805504965421765
2011-12-06,139821,47284,31469,73742,82034,033661,COTTON NO. 2 - ICE FUTURES U.S. ,93.30999755859376,0.05930439633531444,-8292,-4.001765378326364,15815,2.171270638285557,0.03550611133935908,0.0772415019110383,0.006688910355563404,-0.06430179141556969,0.1848465527956072
2011-12-13,149446,47000,36405,83263,86637,033661,COTTON NO. 2 - ICE FUTURES U.S. ,87.30999755859375,0.022576716673581094,-3374,3.517354331609701,10595,-3.7333447765357137,0.08313125367863448,0.06258617588873569,-0.06430179141556969,-0.005841192544916551,0.18140380020551156
2011-12-20,150186,47804,40092,82949,85101,033661,COTTON NO. 2 - ICE FUTURES U.S. ,86.80000305175781,0.014328898832114844,-2152,0.8176866560496768,7712,-1.9291249013021423,0.011008628384409401,0.051094475288977884,-0.005841192544916551,0.012788025015271876,0.17775159795828893
2011-12-27,151348,47833,41694,82185,84820,033661,COTTON NO. 2 - ICE FUTURES U.S. ,87.91000366210938,0.017410206940296536,-2635,-0.3216012144940274,6139,-1.0473679304329298,0.006257297685698033,0.018217967763914798,0.012788025015271876,0.08975087090172806,0.17450348630020304
2012-01-03,152079,50844,35491,75945,92212,033661,COTTON NO. 2 - ICE FUTURES U.S. ,95.8000030517578,0.10696414363587346,-16267,-9.007056584824378,15353,6.0879562333165955,0.08106709800959817,0.10672380842068686,0.08975087090172806,0.012108517701070909,0.17309627728392635
2012-01-10,147317,47988,29317,71595,90680,033661,COTTON NO. 2 - ICE FUTURES U.S. ,96.95999908447266,0.12955056103504686,-19085,-1.8529843042103118,18671,2.1817607953760874,0.03624711138499461,0.11681003816053295,0.012108517701070909,0.012685678305978332,0.17215033659590515
2012-01-17,155162,47212,29951,78210,97891,033661,COTTON NO. 2 - ICE FUTURES U.S. ,98.19000244140624,0.1268416235934056,-19681,-0.40456973736907487,17261,-0.9571196806885831,0.07851176313592768,0.018273006492749117,0.012685678305978332,-0.0001018651184617747,0.17078274244715555
2012-01-24,165008,49588,25371,81504,107744,033661,COTTON NO. 2 - ICE FUTURES U.S. ,98.18000030517578,0.15902259284398332,-26240,-4.227194802851213,24217,4.483056418452971,0.06946969056476159,0.092797395909764,-0.0001018651184617747,-0.05021389580211566,0.16982679571672976
2012-01-31,172686,48651,24657,91284,116377,033661,COTTON NO. 2 - ICE FUTURES U.S. ,93.25,0.14530998459631933,-25093,0.6951178124696984,23994,-0.13514496266847667,0.08866855114826569,0.022521416489332678,-0.05021389580211566,0.014155492705889783,0.16837108132296777
2012-02-07,189435,47524,27451,101248,124757,033661,COTTON NO. 2 - ICE FUTURES U.S. ,94.56999969482422,0.1241006149866709,-23509,0.9172718112643758,20073,-2.270595184322991,0.0811663458773036,0.052297432477492495,0.014155492705889783,-0.024532089481979713,0.16734261771445136
2012-02-14,189670,47373,32810,105563,120206,033661,COTTON NO. 2 - ICE FUTURES U.S. ,92.25,0.07720250962197502,-14643,4.68023332541505,14563,-2.9086494048090374,0.039270227533452336,0.06871780801416759,-0.024532089481979713,-0.010840108401083959,0.16455247757250688
2012-02-21,172437,47832,34619,93657,107408,033661,COTTON NO. 2 - ICE FUTURES U.S. ,91.25,0.07974506631407413,-13751,0.47029050456055255,13213,-0.7117625349290874,0.12286573993484694,0.027507246728359875,-0.010840108401083959,0.004493190817636883,0.16157791675757727
2012-02-28,171632,48555,42865,91069,98151,033661,COTTON NO. 2 - ICE FUTURES U.S. ,91.66000366210938,0.041262701594108324,-7082,3.8674994345761062,5690,-4.36275277347669,0.06259909100517916,0.09810763509078976,0.004493190817636883,0.0077460075944353335,0.1583817851275541
2012-03-06,176384,52210,43843,92077,101628,033661,COTTON NO. 2 - ICE FUTURES U.S. ,92.37000274658205,0.05414890239477504,-9551,-1.4385429290575185,8367,1.559732450825021,0.02315376474536021,0.048233787596431134,0.0077460075944353335,-0.046876709995712584,0.15543873323600405
2012-03-13,182548,54284,49973,92805,99559,033661,COTTON NO. 2 - ICE FUTURES U.S. ,88.04000091552734,0.03699848806889147,-6754,1.5857447387518142,4311,-2.2995283018867925,0.014540142646233182,0.0786901598933405,-0.046876709995712584,-0.0015901793297657951,0.1528843310116868
2012-03-20,188724,54548,51240,94951,100896,033661,COTTON NO. 2 - ICE FUTURES U.S. ,87.9000015258789,0.0315010279561688,-5945,0.44317111115980456,3308,-0.549444529657953,0.017784290798429386,0.014472340908231558,-0.0015901793297657951,0.05335602651418525,0.15027801958464643
2012-03-27,189215,56279,46898,90332,104521,033661,COTTON NO. 2 - ICE FUTURES U.S. ,92.58999633789062,0.07498876938931903,-14189,-4.368283843072423,9381,3.2179267077849136,0.04230881741620606,0.05886001725190692,0.05335602651418525,0.0005400481016906156,0.1488686331827909
2012-04-03,191444,59550,42803,92572,113760,033661,COTTON NO. 2 - ICE FUTURES U.S. ,92.63999938964844,0.11067466204216377,-21188,-3.6989667838173506,16747,3.8929260365193037,0.0556336389895896,0.07196662530653718,0.0005400481016906156,-0.03141187448064686,0.1482298462398875
2012-04-10,186779,57026,48355,88573,101820,033661,COTTON NO. 2 - ICE FUTURES U.S. ,89.7300033569336,0.07092339074521226,-13247,4.147949269760347,8671,-4.218465974384154,0.08371631309974631,0.07663620576764313,-0.03141187448064686,-0.0033433973089741498,0.14636497370158547
2012-04-17,188096,56717,54965,98927,102562,033661,COTTON NO. 2 - ICE FUTURES U.S. ,89.43000030517578,0.019325238176250426,-3635,5.146188811376011,1752,-3.7043779011559113,0.05507000382154857,0.0619526870937125,-0.0033433973089741498,-0.0007827316849530197,0.14372207196012055
2012-04-24,182843,58416,50044,92411,103560,033661,COTTON NO. 2 - ICE FUTURES U.S. ,89.36000061035156,0.06097580984779292,-11149,-3.994768628785301,8372,3.5194794147669275,0.03834240780523649,0.06103632675640789,-0.0007827316849530197,-0.020702758073915972,0.1413891315963969
2012-05-01,180785,60674,51682,90202,99153,033661,COTTON NO. 2 - ICE FUTURES U.S. ,87.51000213623047,0.04951185109384075,-8951,1.2021242267956662,8992,0.33908872639368204,0.0349396635948351,0.034675495745665565,-0.020702758073915972,-0.034281795529267356,0.13835182227223417
2012-05-08,184858,63789,60010,92491,93587,033661,COTTON NO. 2 - ICE FUTURES U.S. ,84.51000213623047,0.0059288751365913295,-1096,4.3449401222446555,3779,-2.8835356915673316,0.04221348036844764,0.09243208749666798,-0.034281795529267356,-0.06330609796337328,0.13421936772795923
2012-05-15,188609,59589,63211,100103,93052,033661,COTTON NO. 2 - ICE FUTURES U.S. ,79.16000366210938,-0.037384218144415164,7051,4.407166581916931,-3622,-4.003613584481061,0.04217856125909244,0.06026872964169381,-0.06330609796337328,-0.05861554831210736,0.12906595269024088
2012-05-22,190015,55128,62602,102770,93013,033661,COTTON NO. 2 - ICE FUTURES U.S. ,74.5199966430664,-0.051348577743862325,9757,1.4347141440758393,-7474,-2.04232035586849,0.013821424740656748,0.04306463942920241,-0.05861554831210736,-0.02308096710668095,0.12373649145676001
2012-05-29,191976,57232,64947,101853,92211,033661,COTTON NO. 2 - ICE FUTURES U.S. ,72.80000305175781,-0.050225028128516064,9642,-0.06052153777333369,-7715,-0.1268320922032471,0.008857902547613159,0.036413786329893026,-0.02308096710668095,-0.08118136558191635,0.11827623180952937
2012-06-05,201644,58258,68864,109357,96006,033661,COTTON NO. 2 - ICE FUTURES U.S. ,66.88999938964844,-0.06621074765428181,13351,1.9320123348751927,-10606,-1.5059174063424596,0.05501964813525319,0.03888390679819386,-0.08118136558191635,0.12976529203734843,0.11280694646241854
2012-06-12,194240,55369,64506,103497,91247,033661,COTTON NO. 2 - ICE FUTURES U.S. ,75.56999969482422,-0.0630663097199341,12250,-0.546011783142568,-9137,0.7285116343655155,0.054527995727724606,0.06045464025026069,0.12976529203734843,0.16421865438963779,0.10693955817966763
2012-06-19,180227,60544,66455,93972,88027,033661,COTTON NO. 2 - ICE FUTURES U.S. ,87.9800033569336,-0.03298617854150599,5945,-3.2459843492586486,-5911,1.660831960461285,0.0700278572959192,0.05609492988133765,0.16421865438963779,-0.22357359681539124,0.10224285768694161
2012-06-26,166771,59538,67355,82633,75349,033661,COTTON NO. 2 - ICE FUTURES U.S. ,68.30999755859375,-0.04367665841183419,7284,0.7429519439373679,-7817,-1.0575551942827657,0.15202364826372625,0.015020529107200555,-0.22357359681539124,0.06499784219136862,0.09743865465888814
2012-07-03,165480,60507,65211,80547,75767,033661,COTTON NO. 2 - ICE FUTURES U.S. ,72.75,-0.028885665941503505,4780,-1.5014600859861726,-4704,1.8666314886880813,0.01601903860178871,0.024761768402297206,0.06499784219136862,-0.03683849216736468,0.09303374208622175
2012-07-10,167494,62228,66643,81468,77785,033661,COTTON NO. 2 - ICE FUTURES U.S. ,70.06999969482422,-0.02198884736169654,3683,-0.6629199903311579,-4415,0.17464346144549192,0.01845491136744677,0.02446632679190819,-0.03683849216736468,0.0005708707820972769,0.0886910823821126
2012-07-17,171735,64740,67805,84147,81445,033661,COTTON NO. 2 - ICE FUTURES U.S. ,70.11000061035156,-0.015733542958628118,2702,-0.5856926218252594,-3065,0.8059990208604487,0.03828083482293831,0.02771888792485571,0.0005708707820972769,0.002567398425456613,0.08385081336899354
2012-07-24,174180,61484,67886,90387,83039,033661,COTTON NO. 2 - ICE FUTURES U.S. ,70.29000091552734,-0.04218624411528304,7348,2.705330887704894,-6402,-1.9431100241651382,0.04517200419775581,0.025794233593568833,0.002567398425456613,0.004125777660408003,0.07810527882414411
2012-07-31,176814,59352,70906,93554,82712,033661,COTTON NO. 2 - ICE FUTURES U.S. ,70.58000183105469,-0.06131867386066714,10842,2.0059708347686303,-11554,-2.957859685382937,0.019822314002700465,0.03955227318091787,0.004125777660408003,0.062057199486934556,0.07245224738445825
2012-08-07,181424,61165,67317,91493,89255,033661,COTTON NO. 2 - ICE FUTURES U.S. ,74.95999908447266,-0.012335743892759503,2238,-4.866130510027487,-6152,3.0551879376067506,0.047602186469559826,0.042044800049812425,0.062057199486934556,-0.04495734775535898,0.06783469689878757
2012-08-14,178919,59780,65082,91102,87369,033661,COTTON NO. 2 - ICE FUTURES U.S. ,71.58999633789062,-0.020864189940699423,3733,0.8240365111561867,-5302,0.46851574212893554,0.012758375310274498,0.028992007175922218,-0.04495734775535898,0.06788658833579664,0.06312967252631978
2012-08-21,180247,62801,65446,88531,88726,033661,COTTON NO. 2 - ICE FUTURES U.S. ,76.44999694824219,0.0010818487963738647,-195,-2.1954068600875254,-2645,1.4850295385062515,0.022159914700124676,0.02639437959562407,0.06788658833579664,-0.021713487233213202,0.05831627272152352
2012-08-28,179797,61224,60723,88660,91835,033661,COTTON NO. 2 - ICE FUTURES U.S. ,74.79000091552734,0.017658804095730184,-3175,-1.6532868785610857,501,1.7453827248165017,0.01793955511232998,0.051661787497847424,-0.021713487233213202,0.003208956556112419,0.05391870272685829
2012-09-04,182616,63670,58590,89817,96917,033661,COTTON NO. 2 - ICE FUTURES U.S. ,75.02999877929688,0.03887939720506418,-7100,-2.183017514196566,5080,2.5467610694282996,0.033411162402133515,0.037452969082283655,0.003208956556112419,-0.009996001761990558,0.05016358885552858
2012-09-11,180705,63759,57961,86726,96283,033661,COTTON NO. 2 - ICE FUTURES U.S. ,74.27999877929688,0.05288730250961512,-9557,-1.345446182152714,5798,0.3931747492005082,0.02035419023108153,0.005898784094643444,-0.009996001761990558,0.009423863612553207,0.04617760140532337
2012-09-18,181782,63994,61368,88888,95956,033661,COTTON NO. 2 - ICE FUTURES U.S. ,74.9800033569336,0.038881737465755684,-7068,1.3773830275863976,2626,-1.7553471126974904,0.01346540866893164,0.029051865796652893,0.009423863612553207,-0.05561490546338088,0.04270513945252547
2012-09-25,185703,64632,69136,94554,90784,033661,COTTON NO. 2 - ICE FUTURES U.S. ,70.80999755859375,-0.02030123369035503,3770,5.962086455204585,-4504,-3.9222805338262314,0.0584769448251303,0.06284014113988398,-0.05561490546338088,-0.0072022952184672695,0.03956584111324841
2012-10-02,189437,64029,80743,98605,81370,033661,COTTON NO. 2 - ICE FUTURES U.S. ,70.30000305175781,-0.09098011476110791,17235,7.250825242457042,-16714,-6.5750149432157805,0.07481594665925823,0.08433951316552925,-0.0072022952184672695,0.0027026287875384636,0.03544850043625559
2012-10-09,192283,66094,84144,97375,79041,033661,COTTON NO. 2 - ICE FUTURES U.S. ,70.48999786376953,-0.09534904281709772,18334,0.5801400993470125,-18050,-0.7052476548931835,0.020173907128605114,0.03638227345944435,0.0027026287875384636,0.06199465000733273,0.03110588945475627
2012-10-16,200535,68309,79148,100266,92867,033661,COTTON NO. 2 - ICE FUTURES U.S. ,74.86000061035156,-0.036896302391103794,7399,-5.686930201837916,-10839,3.750201525875922,0.08655693226947234,0.048902391883735595,0.06199465000733273,-0.007881431505139092,0.028050838490696204
2012-10-23,204929,70652,63247,100352,117631,033661,COTTON NO. 2 - ICE FUTURES U.S. ,74.2699966430664,0.08431700735376643,-17279,-12.306081232702521,7405,9.097663749470167,0.11399971557415028,0.136251951097469,-0.007881431505139092,-0.02490909597063784,0.028131753251129377
2012-10-30,205784,67385,67281,104801,111262,033661,COTTON NO. 2 - ICE FUTURES U.S. ,72.41999816894531,0.03139699879485285,-6461,5.278901473193154,104,-3.5626973244391955,0.050068729953763484,0.05421561492878678,-0.02490909597063784,-0.03203534594701307,0.02657707401263285
2012-11-06,202043,62970,76092,106151,95270,033661,COTTON NO. 2 - ICE FUTURES U.S. ,70.0999984741211,-0.0538548724776409,10881,8.42728297632469,-13122,-6.427127473467325,0.08609827177901014,0.09510865657045059,-0.03203534594701307,0.010128375177280047,0.023635619048058828
2012-11-13,185915,57206,64989,93815,87086,033661,COTTON NO. 2 - ICE FUTURES U.S. ,70.80999755859375,-0.036193959605195926,6729,-2.05500809233678,-7783,2.6425067931083976,0.11343220877717647,0.13803347109128852,0.010128375177280047,0.023866720797551366,0.0206634456715062
2012-11-20,166361,56597,56645,82364,82036,033661,COTTON NO. 2 - ICE FUTURES U.S. ,72.5,-0.001971615943640637,328,-3.4429712503025574,-48,4.1605034558803755,0.10037104622871046,0.07906077250490101,0.023866720797551366,-0.02013791840651935,0.01961381978188447
2012-11-27,161178,56940,57190,78632,78607,033661,COTTON NO. 2 - ICE FUTURES U.S. ,71.04000091552734,-0.00015510801722319424,25,-0.18213403381802226,-250,-0.12142268921201482,0.04554213649285482,0.007780601068956453,-0.02013791840651935,0.012246660126265185,0.01922667792223031
2012-12-04,160987,59679,49648,73981,86090,033661,COTTON NO. 2 - ICE FUTURES U.S. ,71.91000366210938,0.0752172535670582,-12109,-7.528322723944955,10031,6.378662100286639,0.07580386203622143,0.09403898396553459,0.012246660126265185,0.04157972064386106,0.01953269440745615
2012-12-11,164076,61706,44418,76594,94239,033661,COTTON NO. 2 - ICE FUTURES U.S. ,74.9000015258789,0.10754162705087886,-17645,-3.4387869827998534,17288,4.507817401405082,0.06299719609208994,0.06838226979759526,0.04157972064386106,0.014018630186549474,0.021166634991634955
2012-12-18,166847,64895,34983,71367,106316,033661,COTTON NO. 2 - ICE FUTURES U.S. ,75.94999694824219,0.20946735632046126,-34949,-10.546332187522856,29912,7.693995465515981,0.09738691940140587,0.12639420092512865,0.014018630186549474,-0.01092816635958227,0.024919297635641616
2013-01-08,170768,65711,28609,73491,116095,033661,COTTON NO. 2 - ICE FUTURES U.S. ,75.12000274658203,0.24948468097067367,-42604,-4.58803574532356,37102,4.309337297044598,0.06278417182703364,0.07622985581000848,-0.01092816635958227,0.014510067865249443,0.029382268290071942
2013-01-15,174938,68287,27590,75415,122379,033661,COTTON NO. 2 - ICE FUTURES U.S. ,76.20999908447266,0.2684608261212544,-46964,-2.553171554389581,40697,2.1051953527592993,0.041497719849944895,0.03749595836331967,0.014510067865249443,0.04881250840299578,0.03248797372248312
2013-01-22,194103,79189,23115,76383,142230,033661,COTTON NO. 2 - ICE FUTURES U.S. ,79.93000030517578,0.3392374151867823,-65847,-10.7941099132264,56074,8.789971304119174,0.09523221400374177,0.1503069283703472,0.04881250840299578,0.030776918241965268,0.03652041322540111
2013-01-29,205039,86844,20447,70816,153238,033661,COTTON NO. 2 - ICE FUTURES U.S. ,82.38999938964844,0.4019820619491902,-82422,-8.539280691179425,66397,5.3183103816015205,0.07397770180402939,0.09621496677260907,0.030776918241965268,-0.010680874619942382,0.04181157550147389
2013-02-05,212738,91952,22306,72252,159513,033661,COTTON NO. 2 - ICE FUTURES U.S. ,81.51000213623047,0.4101805977305418,-87261,-2.3600388218826662,69646,1.5845765927457702,0.033270769960951824,0.060976036688897055,-0.010680874619942382,0.0036804737394300346,0.0466415371339077
2013-02-12,206491,94315,21265,72733,161928,033661,COTTON NO. 2 - ICE FUTURES U.S. ,81.80999755859375,0.4319558721687628,-89195,-0.9090994556684748,73050,1.6000902518590943,0.01234120710301243,0.02945146219069043,0.0036804737394300346,0.004522708197332914,0.05215395804876239
2013-02-19,197060,94488,19121,68677,158898,033661,COTTON NO. 2 - ICE FUTURES U.S. ,82.18000030517578,0.45783517710342025,-90221,-0.49687395576562654,75367,1.122082802640309,0.03113698780621773,0.020394510998248377,0.004522708197332914,-0.022511541339147234,0.058571930397161416
2013-02-26,185155,88458,16796,67350,151033,033661,COTTON NO. 2 - ICE FUTURES U.S. ,80.33000183105469,0.45196186978477493,-83683,3.3177712371866437,71662,-1.8801380290266925,0.04209118841668079,0.07937940600832273,-0.022511541339147234,0.07021037297509536,0.06577884116952294
2013-03-05,196405,93474,15285,68772,163098,033661,COTTON NO. 2 - ICE FUTURES U.S. ,85.97000122070312,0.4802627224357832,-94326,-5.748156949582782,78189,3.5251546001998326,0.05816621382671325,0.06001342417639,0.07021037297509536,0.015819478783769547,0.07348110378724812
2013-03-12,203814,100442,17537,69417,167441,033661,COTTON NO. 2 - ICE FUTURES U.S. ,87.33000183105469,0.4809483156211055,-98024,-1.8828441231129553,82905,2.4011608665767166,0.02105903114946508,0.07814950118241382,0.015819478783769547,0.04351305785741988,0.08193659636469038
2013-03-19,212739,105658,22941,73629,172681,033661,COTTON NO. 2 - ICE FUTURES U.S. ,91.12999725341795,0.46560339194976,-99052,-0.504381445828059,82717,-0.09224096480124035,0.03837440623604401,0.08258229068655278,0.04351305785741988,-0.03390756535740724,0.08984918270228624
2013-03-26,208993,101469,22676,71643,166062,033661,COTTON NO. 2 - ICE FUTURES U.S. ,88.04000091552734,0.45178068164962465,-94419,2.177785925476758,78793,-1.8445136998857754,0.03620033234471298,0.035877401425752145,-0.03390756535740724,0.009427553639521857,0.09782576334806957
2013-04-02,210835,102262,24857,72233,164677,033661,COTTON NO. 2 - ICE FUTURES U.S. ,88.87000274658203,0.4384660990822207,-92444,0.9450077275315442,77405,-0.6641370763614093,0.008336499092482377,0.02339540115954342,0.009427553639521857,-0.047597650795574875,0.10565201471587825
2013-04-09,203288,96019,27663,74656,154060,033661,COTTON NO. 2 - ICE FUTURES U.S. ,84.63999938964844,0.39059855967887924,-79404,6.184931344416249,68356,-4.291981881566153,0.05701393868378251,0.07316343526139617,-0.047597650795574875,-0.015241031720578113,0.11172143375990827
2013-04-16,184661,79918,25808,75029,139597,033661,COTTON NO. 2 - ICE FUTURES U.S. ,83.3499984741211,0.34965693893133903,-64568,7.298020542284838,54110,-7.007791901145173,0.06912489633129257,0.16983523447401774,-0.015241031720578113,-0.008038370500430658,0.11631724677700779
2013-04-23,170556,75745,23248,70245,130794,033661,COTTON NO. 2 - ICE FUTURES U.S. ,82.68000030517578,0.35500949834658413,-60549,2.1764205760826596,52497,-0.8734925078928415,0.06758390163102682,0.06801491014516178,-0.008038370500430658,0.03447022815193046,0.12178044115395724
2013-04-30,165665,69511,19033,72615,130869,033661,COTTON NO. 2 - ICE FUTURES U.S. ,85.52999877929688,0.35163734041589956,-58254,1.3455990994160276,50478,-1.183775416871878,0.01201568673704075,0.11800912540657751,0.03447022815193046,0.0056121052704818375,0.12817105850471971
2013-05-07,173006,70810,19677,76353,137263,033661,COTTON NO. 2 - ICE FUTURES U.S. ,86.01000213623047,0.3520687143798481,-60910,-1.6032354450245978,51133,0.39537621102827997,0.04743090405213093,0.021472697735586327,0.0056121052704818375,0.010580118708443997,0.13376899897649003
2013-05-14,183272,78854,19084,77884,148267,033661,COTTON NO. 2 - ICE FUTURES U.S. ,86.91999816894531,0.38403575014186564,-70383,-5.475532640486457,59770,4.992312405350104,0.05542756830613174,0.08818844575139374,0.010580118708443997,-0.035204758663778035,0.14020215088125973
2013-05-21,190994,79998,15763,83714,156859,033661,COTTON NO. 2 - ICE FUTURES U.S. ,83.86000061035156,0.38297014565902593,-73145,-1.50704963114933,64235,2.4362695883713825,0.059948539528542275,0.0466264972170299,-0.035204758663778035,-0.029096141469680092,0.1474529445451527
2013-05-28,186279,73170,16354,84804,145128,033661,COTTON NO. 2 - ICE FUTURES U.S. ,81.41999816894531,0.3238368254070507,-60324,6.712776317580657,56816,-3.884415217231955,0.0557599638153889,0.08287163218801662,-0.029096141469680092,0.03856545640216047,0.15439950307498856
2013-06-04,180736,67799,19037,85495,137668,033661,COTTON NO. 2 - ICE FUTURES U.S. ,84.55999755859375,0.28866966182719545,-52173,4.37569452273203,48762,-4.3236220937411085,0.03652487195458028,0.09274955087751624,0.03856545640216047,0.041390729671849424,0.160938315374432
2013-06-11,186875,70946,22285,87471,143649,033661,COTTON NO. 2 - ICE FUTURES U.S. ,88.05999755859375,0.3006180602006689,-56178,-2.2159392705382435,48661,-0.05588261331444759,0.034428002769124263,0.06859306453861913,0.041390729671849424,-0.03497608774756977,0.16768529784230093
2013-06-18,175996,82690,15747,70661,146367,033661,COTTON NO. 2 - ICE FUTURES U.S. ,84.9800033569336,0.4301575035796268,-75706,-10.449765886287626,66943,9.783010033444818,0.08997917319424222,0.1857228481160539,-0.03497608774756977,0.0012943395694517967,0.17723084113526072
2013-06-25,157041,75727,14070,62672,132380,033661,COTTON NO. 2 - ICE FUTURES U.S. ,85.08999633789062,0.44388408122719547,-69708,3.4080320007272893,61657,-3.0034773517579945,0.11266739125976663,0.0962170228404067,0.0012943395694517967,-0.021976674082365588,0.1869798871150132
2013-07-02,156695,76074,13426,61026,131990,033661,COTTON NO. 2 - ICE FUTURES U.S. ,83.22000122070312,0.4528797983343438,-70964,-0.7997911373462981,62648,0.6310453957883609,0.01054834832345505,0.011072625698324023,-0.021976674082365588,0.008171116260529576,0.19632346359339495
2013-07-09,159794,79129,13357,60337,134709,033661,COTTON NO. 2 - ICE FUTURES U.S. ,83.9000015258789,0.4654242337008899,-74372,-2.1749258112894476,65772,1.9936819936819936,0.017472801287901317,0.033778085331834004,0.008171116260529576,0.009177552193832872,0.2061138653647935
2013-07-16,160793,79402,15116,60269,131609,033661,COTTON NO. 2 - ICE FUTURES U.S. ,84.66999816894531,0.44367603067297706,-71340,1.8974429578081782,64286,-0.9299473071579659,0.016510491041182417,0.021498550540637762,0.009177552193832872,0.015826195774935492,0.21520159029968736
2013-07-23,164460,81685,17488,60558,132934,033661,COTTON NO. 2 - ICE FUTURES U.S. ,86.01000213623047,0.440082694880214,-72376,-0.64430665514046,64197,-0.055350668250483535,0.008341430136646476,0.046938178738164624,0.015826195774935492,-0.006162059831802069,0.22408758149664718
2013-07-30,169378,84414,19012,61182,134635,033661,COTTON NO. 2 - ICE FUTURES U.S. ,85.4800033569336,0.43366316758965157,-73453,-0.6548704852243706,65402,0.732700960719932,0.011873330711838093,0.04112118809583664,-0.006162059831802069,0.003977495607609294,0.23272982593026795
2013-08-06,175035,86981,19158,62877,139497,033661,COTTON NO. 2 - ICE FUTURES U.S. ,85.81999969482422,0.43774102322392666,-76620,-1.8697823802382836,67823,1.4293473768730296,0.03240040716692856,0.02556082118731098,0.003977495607609294,0.06723370617087521,0.24195919645602199
2013-08-13,203810,105443,24460,68780,162455,033661,COTTON NO. 2 - ICE FUTURES U.S. ,91.58999633789062,0.45961925322604386,-93675,-9.743765532607764,80983,7.5184963007398515,0.12481242026509827,0.18293649877216075,0.06723370617087521,-0.03089850764072355,0.25197723351538176
2013-08-20,209987,109793,26244,71622,166962,033661,COTTON NO. 2 - ICE FUTURES U.S. ,88.76000213623047,0.45402810650183106,-95340,-0.8169373436043373,83549,1.259015749963201,0.030802568487409046,0.045090673860787876,-0.03089850764072355,-0.04799461507101066,0.26094576909989314
2013-08-27,183526,81380,19978,76604,147153,033661,COTTON NO. 2 - ICE FUTURES U.S. ,84.5,0.3844087486241731,-70549,11.805968940934438,61402,-10.546843376018515,0.11079429917276332,0.3421436887073541,-0.04799461507101066,-0.019881660416281477,0.2687394794569099
2013-09-03,173847,68938,19852,79947,136074,033661,COTTON NO. 2 - ICE FUTURES U.S. ,82.81999969482422,0.32285285337106767,-56127,7.85828710918344,49086,-6.710765777056111,0.06676202776581906,0.14154747156211286,-0.019881660416281477,0.024510973035221317,0.27492738339103867
2013-09-10,169296,62798,18762,80480,130124,033661,COTTON NO. 2 - ICE FUTURES U.S. ,84.8499984741211,0.29323787921746525,-49644,3.729141141348427,44036,-2.90485311797155,0.030782891113179237,0.0886463952918097,0.024510973035221317,-0.0009428619032808561,0.2802269809895335
2013-09-17,176496,63302,17298,85723,136467,033661,COTTON NO. 2 - ICE FUTURES U.S. ,84.7699966430664,0.2875079321910978,-50744,-0.6497495510821284,46004,1.1624610150269352,0.052144560961339396,0.024416873449131515,-0.0009428619032808561,-0.015807436486435567,0.2850082989700342
2013-09-24,182453,63874,18093,91522,142732,033661,COTTON NO. 2 - ICE FUTURES U.S. ,83.43000030517578,0.28067502315664855,-51210,-0.2640286465415647,45781,-0.1263484724866286,0.05149965422148608,0.01667744336135274,-0.015807436486435567,0.01821882581213541,0.2893888320594002
2013-10-01,203616,75048,20196,98475,162432,033661,COTTON NO. 2 - ICE FUTURES U.S. ,84.94999694824219,0.31410596416784536,-63957,-6.986456786131223,54852,4.971691339687482,0.10215517406585488,0.13939985720885306,0.01821882581213541,-0.032489636327091675,0.29468160564982504
2013-10-08,207395,76317,21934,105890,165812,033661,COTTON NO. 2 - ICE FUTURES U.S. ,82.19000244140625,0.2889269268786615,-59922,1.9816713814238565,54383,-0.23033553355335531,0.03973102884778176,0.030605286460188702,-0.032489636327091675,0.018493692637982617,0.300628301045383
2013-10-15,203818,68320,21585,108926,157753,033661,COTTON NO. 2 - ICE FUTURES U.S. ,83.70999908447266,0.23956176588917563,-48827,5.3496950263989005,46735,-3.6876491718701025,0.04160432579993175,0.09283132195094822,0.018493692637982617,-0.015051990801708048,0.3069848756732731
2013-10-22,202364,62108,23617,112424,152259,033661,COTTON NO. 2 - ICE FUTURES U.S. ,82.44999694824219,0.19684825364195213,-39835,4.411779136288257,38491,-4.044785053331894,0.03397271453021161,0.09616797900262467,-0.015051990801708048,-0.04984840221318143,0.31260405445133177
2013-10-29,202160,55068,38373,119377,132387,033661,COTTON NO. 2 - ICE FUTURES U.S. ,78.33999633789062,0.06435496636327662,-13010,13.255816251902514,16695,-10.770690439010892,0.10654819592952129,0.23325948994552712,-0.04984840221318143,-0.030635614101038322,0.31455119423506983
2013-11-05,195950,55561,42859,111815,119172,033661,COTTON NO. 2 - ICE FUTURES U.S. ,75.94000244140625,0.037545292166368975,-7357,2.796299960427384,12702,-1.975168183616937,0.08994878499655824,0.0505893111156269,-0.030635614101038322,0.025546414928134586,0.3136517381737738
2013-11-12,173674,48379,43194,103108,104159,033661,COTTON NO. 2 - ICE FUTURES U.S. ,77.87999725341797,0.00605156788005113,-1051,3.2181678999744836,5185,-3.836182699668283,0.1144417586977184,0.08208751487883983,0.025546414928134586,-0.02568053506078194,0.3131643260407968
2013-11-19,159731,46382,41836,92312,91549,033661,COTTON NO. 2 - ICE FUTURES U.S. ,75.87999725341797,-0.004776780962994034,763,1.0444856455197669,4546,-0.3679307207757062,0.1273026906195441,0.038030787367657394,-0.02568053506078194,0.025962062361756244,0.3141081354930015
2013-11-26,156590,49532,42376,87339,88856,033661,COTTON NO. 2 - ICE FUTURES U.S. ,77.8499984741211,0.009687719522319433,-1517,-1.42739981594055,7156,1.6339971577214192,0.043508612616703086,0.04014884449667058,0.025962062361756244,-0.005651828139187187,0.314990475476223
2013-12-03,156967,48288,40570,87328,90175,033661,COTTON NO. 2 - ICE FUTURES U.S. ,77.41000366210938,0.018137570317327847,-2847,-0.8493518104604381,7718,0.35889903569832043,0.007492831107079881,0.034324427738639175,-0.005651828139187187,0.04237176881703686,0.3153771905966262
2013-12-10,160936,53077,35797,85348,100038,033661,COTTON NO. 2 - ICE FUTURES U.S. ,80.69000244140625,0.09127852065417309,-14690,-7.544897972185237,17280,6.091726286416891,0.06388292535574423,0.10759052141233656,0.04237176881703686,0.028008358389591814,0.31713552960953767
2013-12-17,165164,58655,25614,82589,115271,033661,COTTON NO. 2 - ICE FUTURES U.S. ,82.94999694824219,0.19787605047104695,-32682,-11.179599343838545,33041,9.793333996122684,0.09093298291721419,0.18703200465176992,0.028008358389591814,0.002772795242863113,0.31949435262692205
2013-12-24,169272,59845,23837,83879,120065,033661,COTTON NO. 2 - ICE FUTURES U.S. ,83.18000030517578,0.21377428044803629,-36186,-2.1215276936862755,36008,1.7963963091230533,0.029831718510963796,0.035455653545565353,0.002772795242863113,0.01755228515407703,0.32153728826917516
2013-12-31,172171,63664,23037,82015,125901,033661,COTTON NO. 2 - ICE FUTURES U.S. ,84.63999938964844,0.25489774700733575,-43886,-4.548891724561653,40627,2.7287442695779576,0.03703418688316436,0.05327504873069515,0.01755228515407703,0.00035442792430528947,0.32241094962853806
2014-01-07,175572,63793,23238,83170,127099,033661,COTTON NO. 2 - ICE FUTURES U.S. ,84.66999816894531,0.2502050440844782,-43929,-0.024975170034442502,40555,-0.041818889359996746,0.011190427500011889,0.0037917523641001483,0.00035442792430528947,-0.011101864088104874,0.322424802765342
2014-01-14,177023,62434,23840,83658,124510,033661,COTTON NO. 2 - ICE FUTURES U.S. ,83.7300033569336,0.23077227252955831,-40852,1.7525573553869638,38594,-1.116920693504659,0.014781330463856115,0.022729907040359786,-0.011101864088104874,0.05254978765171647,0.32170002288857863
2014-01-21,185828,69709,22825,79895,133209,033661,COTTON NO. 2 - ICE FUTURES U.S. ,88.12999725341797,0.28689971371375683,-53314,-7.03976319461313,46884,4.683007292837654,0.05847848937607929,0.08958869172412302,0.05254978765171647,-0.04289117096449557,0.3206935286294819
2014-01-28,184638,70503,26180,78607,127415,033661,COTTON NO. 2 - ICE FUTURES U.S. ,84.3499984741211,0.2643442844918164,-48808,2.424822954560131,44323,-1.378156144391588,0.034374969663434,0.04291343876379508,-0.04289117096449557,0.012448169184969826,0.3180466482937633
2014-02-04,176175,69933,25825,68559,117995,033661,COTTON NO. 2 - ICE FUTURES U.S. ,85.4000015258789,0.28060735064566483,-49436,-0.3401250013540008,44108,-0.11644406893488882,0.10435584334830665,0.00965976733014474,0.012448169184969826,0.038290358133957314,0.31555485508059256
2014-02-11,178951,72430,22152,67479,126777,033661,COTTON NO. 2 - ICE FUTURES U.S. ,88.66999816894531,0.3313644517214209,-59298,-5.597843053781751,50278,3.502199517525188,0.05076805864426324,0.06523439978008501,0.038290358133957314,-0.008571044575730102,0.31362040468737445
2014-02-18,171549,78695,22455,58345,122584,033661,COTTON NO. 2 - ICE FUTURES U.S. ,87.91000366210938,0.3744644387317909,-64239,-2.761091024917435,56240,3.3316382696939386,0.07365872800932963,0.0649332674246169,-0.008571044575730102,-0.019224233545728664,0.31201712125715075
2014-02-25,164131,73772,21217,56706,117389,033661,COTTON NO. 2 - ICE FUTURES U.S. ,86.22000122070312,0.36972296519243775,-60683,2.072877137144489,52555,-2.148074311129765,0.039254430052557514,0.06486014170061796,-0.019224233545728664,0.024356279800386238,0.31043560386114427
2014-03-04,164258,72791,20990,57008,116539,033661,COTTON NO. 2 - ICE FUTURES U.S. ,88.31999969482422,0.3624237480061854,-59531,0.7018783776373749,51801,-0.4593891464744625,0.006637971270030597,0.012881073991533466,0.024356279800386238,0.03770382521015603,0.3081694697374982
2014-03-11,175385,80051,16941,58002,130739,033661,COTTON NO. 2 - ICE FUTURES U.S. ,91.6500015258789,0.41472759928158054,-72737,-8.039791060404973,63110,6.884900583228823,0.08050185174392421,0.11659724513361927,0.03770382521015603,0.013966162116598069,0.3068959944232766
2014-03-18,182248,84625,18889,59160,134357,033661,COTTON NO. 2 - ICE FUTURES U.S. ,92.93000030517578,0.4126080944646855,-75197,-1.4026285030076688,65736,1.4972774182512758,0.024680002273702054,0.06300597020692854,0.013966162116598069,0.012697732716030696,0.30587685408702514
2014-03-25,183310,85845,20573,58323,131855,033661,COTTON NO. 2 - ICE FUTURES U.S. ,94.11000061035156,0.40113468986961975,-73532,0.913590272595584,65272,-0.2545981300206312,0.017557235852727445,0.02728861658741942,0.012697732716030696,-0.02167677082453401,0.3049028927066404
2014-04-01,183893,84600,20515,60131,132260,033661,COTTON NO. 2 - ICE FUTURES U.S. ,92.06999969482422,0.3922335271054363,-72129,0.7653701380175659,64085,-0.647536959249359,0.011502617066286884,0.012395947295818865,-0.02167677082453401,-0.0030411510831428457,0.30401380478400997
2014-04-08,184168,82089,20735,62707,131807,033661,COTTON NO. 2 - ICE FUTURES U.S. ,91.79000091552734,0.37520090352287044,-69100,1.6471535077463524,61354,-1.485102749968732,0.015572143907379418,0.026559947094063643,-0.0030411510831428457,-0.020372619325965124,0.303717696011779
2014-04-15,176327,75800,23472,66139,125614,033661,COTTON NO. 2 - ICE FUTURES U.S. ,89.91999816894531,0.33729944931859557,-59475,5.226206507102211,52328,-4.900959993049824,0.05019478182870672,0.09092191151583529,-0.020372619325965124,0.012121930488001365,0.30348005198076466
2014-04-22,174835,77894,22563,64428,127445,033661,COTTON NO. 2 - ICE FUTURES U.S. ,91.01000213623048,0.3604369834415306,-63017,-2.008767800733864,55331,1.7030857441004497,0.018460127271684917,0.02989338722040276,0.012121930488001365,0.035710360660525575,0.3035844266941291
2014-04-29,180134,83566,24834,63903,130079,033661,COTTON NO. 2 - ICE FUTURES U.S. ,94.26000213623048,0.3673709571763243,-66176,-1.8068464552292163,58732,1.9452626762375955,0.01628501613551773,0.0732749077490775,0.035710360660525575,-0.005941069120483644,0.30388699624721416
2014-05-06,195428,89507,26356,70505,142274,033661,COTTON NO. 2 - ICE FUTURES U.S. ,93.6999969482422,0.3672401088892073,-71769,-3.1049107886351273,63151,2.453173748431723,0.08834048472828615,0.06441228002036889,-0.005941069120483644,-0.02956239843419106,0.3041787538339326
2014-05-13,190813,85350,25390,72081,136966,033661,COTTON NO. 2 - ICE FUTURES U.S. ,90.93000030517578,0.3400449654897727,-64885,3.522524919663508,59960,-1.6328264117731337,0.03293039364353471,0.0462615134549395,-0.02956239843419106,-0.021225121507735478,0.30333277720600776
2014-05-20,189224,78229,27082,77545,132149,033661,COTTON NO. 2 - ICE FUTURES U.S. ,89.0,0.2885680463366169,-54604,5.387997673114516,51147,-4.618658057889138,0.04902858450885576,0.08368546495617742,-0.021225121507735478,-0.045280885160638995,0.30151735221903836
2014-05-27,187446,70028,28767,82023,125399,033661,COTTON NO. 2 - ICE FUTURES U.S. ,84.97000122070312,0.23140531139634882,-43376,5.933708197691625,41261,-5.224495835623388,0.05413119148402773,0.10006579280327951,-0.045280885160638995,0.02812756685080653,0.29973982310344793
2014-06-03,188245,66841,29381,82317,122256,033661,COTTON NO. 2 - ICE FUTURES U.S. ,87.36000061035156,0.2121649977423039,-39939,1.833594741952349,37460,-2.0277840017925164,0.016800848596833406,0.03950240069838498,0.02812756685080653,-0.012133671602426066,0.29826857956335384
2014-06-10,182769,62813,35257,81342,110281,033661,COTTON NO. 2 - ICE FUTURES U.S. ,86.30000305175781,0.15833647938107667,-28939,5.843448697176552,27556,-5.261228717894233,0.06758061401815023,0.10098908942592026,-0.012133671602426066,0.04356888034616757,0.29553239531682324
2014-06-17,173633,60793,39487,85648,107700,033661,COTTON NO. 2 - ICE FUTURES U.S. ,90.05999755859375,0.1270035073977873,-22052,3.7681444883979234,21306,-3.4196171123111685,0.03561971160808491,0.06232548863183087,0.04356888034616757,-0.09160559875245922,0.2897025107748648
2014-06-24,145458,58719,38144,69124,90776,033661,COTTON NO. 2 - ICE FUTURES U.S. ,81.80999755859375,0.14885396471833795,-21652,0.23037095483001502,20575,-0.42100291995185246,0.20918073796122577,0.03527662781454219,-0.09160559875245922,-0.05781684230159467,0.284028854688156
2014-07-01,146236,57805,45671,70830,81225,033661,COTTON NO. 2 - ICE FUTURES U.S. ,77.08000183105469,0.0710837276730764,-10395,7.739003698662157,12134,-5.803049677570158,0.07403242247870837,0.08157447137500483,-0.05781684230159467,-0.02698497381478626,0.2766866225600547
2014-07-08,145672,54502,49335,72677,75964,033661,COTTON NO. 2 - ICE FUTURES U.S. ,75.0,0.02256439123510352,-3287,4.860636231844416,5167,-4.764216745534616,0.04781991509744956,0.06709554397758025,-0.02698497381478626,-0.08999999999999997,0.2681700871280203
2014-07-15,149928,55107,53693,73906,73071,033661,COTTON NO. 2 - ICE FUTURES U.S. ,68.25,-0.005569339949842591,835,2.8296446812016036,1414,-2.5763358778625953,0.028045204351701287,0.04561580882352941,-0.08999999999999997,0.008058652773008212,0.2595307530775815
2014-07-22,153458,55525,56447,75498,73410,033661,COTTON NO. 2 - ICE FUTURES U.S. ,68.80000305175781,-0.013606328767480353,2088,0.8357344858865589,-922,-1.5580812123152445,0.012967738469390496,0.028328510699103346,0.008058652773008212,-0.06337209908365204,0.2508059641612797
2014-07-29,161212,57130,63942,81042,72193,033661,COTTON NO. 2 - ICE FUTURES U.S. ,64.44000244140625,-0.05489045480485324,8849,4.40576574697963,-6812,-3.838183737569889,0.04412177374620681,0.07516188714153561,-0.06337209908365204,-0.015207996893306874,0.2414107021921546
2014-08-05,163411,55106,63901,83564,71317,033661,COTTON NO. 2 - ICE FUTURES U.S. ,63.459999084472656,-0.07494599506765151,12247,2.1077835396868716,-8795,-1.2300573158325683,0.021939424461360657,0.01735192047526616,-0.015207996893306874,-0.006775926747231598,0.2315513364557781
2014-08-12,164588,55700,67060,82537,67935,033661,COTTON NO. 2 - ICE FUTURES U.S. ,63.02999877929688,-0.08871849709577855,14602,1.4411514524725997,-11360,-1.569661773075252,0.0293011324365995,0.030571847507331378,-0.006775926747231598,0.006980841661554438,0.22100637971881998
2014-08-19,164976,54357,67221,83351,68223,033661,COTTON NO. 2 - ICE FUTURES U.S. ,63.470001220703125,-0.09169818640287072,15128,0.3195858750334168,-12864,-0.9137968746202639,0.0072703761858894005,0.012370659165309513,0.006980841661554438,0.07546873835516643,0.2105116433168065
2014-08-26,172740,55492,64550,89608,77975,033661,COTTON NO. 2 - ICE FUTURES U.S. ,68.26000213623047,-0.06734398518003937,11633,-2.1184899621763167,-9058,2.3070022306274853,0.09552878275242715,0.031705569717265625,0.07546873835516643,-0.028127830914918217,0.20182409074364854
2014-09-02,176853,54693,67074,93080,77536,033661,COTTON NO. 2 - ICE FUTURES U.S. ,66.33999633789062,-0.08789220426003518,15544,2.2640963297441243,-12381,-1.9237003589209216,0.022922820837436114,0.027289824008146706,-0.028127830914918217,0.021706399169391988,0.19392514732766578
2014-09-09,180450,56695,68940,94762,79756,033661,COTTON NO. 2 - ICE FUTURES U.S. ,67.77999877929688,-0.08315876974231089,15006,-0.30420744912441405,-12245,0.07690002431397827,0.02235872517448057,0.03078759899709476,0.021706399169391988,0.0073768074506475045,0.18668675023228548
2014-09-16,181284,57405,69387,96350,83163,033661,COTTON NO. 2 - ICE FUTURES U.S. ,68.27999877929688,-0.07274221663246619,13187,-1.0080354668883347,-11982,0.1457467442504849,0.027825282848595922,0.009125181399457378,0.0073768074506475045,-0.07835381619460813,0.17975886275490924
2014-09-23,182761,55012,73828,100558,76163,033661,COTTON NO. 2 - ICE FUTURES U.S. ,62.93000030517578,-0.13348033770881096,24395,6.182564374131197,-18816,-3.7697756007149,0.06342200417607415,0.05304253337472835,-0.07835381619460813,-0.015413971333213983,0.17179433658441964
2014-09-30,182378,52364,78332,100719,69523,033661,COTTON NO. 2 - ICE FUTURES U.S. ,61.959999084472656,-0.1710513329458597,31196,3.7212534402854,-25968,-3.913307543731978,0.03994901375688725,0.05472240925506519,-0.015413971333213983,0.06245969663921236,0.16246438856300222
2014-10-07,185877,55429,78651,99330,73188,033661,COTTON NO. 2 - ICE FUTURES U.S. ,65.83000183105469,-0.14064139188818411,26142,-2.7711675750364626,-23222,1.5056640603581573,0.02929549380354514,0.025238663484486872,0.06245969663921236,-0.025368344561666256,0.1542034593559475
2014-10-14,189272,59076,74576,97630,79024,033661,COTTON NO. 2 - ICE FUTURES U.S. ,64.16000366210938,-0.09830297138509658,18606,-4.054293968592133,-15500,4.154360141383819,0.042659662390888406,0.05777691317750576,-0.025368344561666256,-0.021352909419971033,0.14770606056221153
2014-10-21,190283,58194,72760,96552,78897,033661,COTTON NO. 2 - ICE FUTURES U.S. ,62.790000915527344,-0.0927828550106946,17655,-0.5024514983727123,-14566,0.49346971554165436,0.006868092722101579,0.02060265436718237,-0.021352909419971033,0.02675585731294894,0.14213623154966062
2014-10-28,195959,64339,71953,94445,84547,033661,COTTON NO. 2 - ICE FUTURES U.S. ,64.47000122070312,-0.05051056598574191,9898,-4.076559650625647,-7614,3.6535055680223665,0.04333713238580495,0.051008129604085344,0.02675585731294894,-0.0259035512955178,0.13992727900448718
2014-11-04,191364,66000,68899,90183,85923,033661,COTTON NO. 2 - ICE FUTURES U.S. ,62.79999923706055,-0.022261240358688154,4260,-2.877132461382228,-2899,2.406115564990636,0.03201480926260321,0.03495207525630287,-0.0259035512955178,0.007961783536215794,0.1387771533790053
2014-11-11,183992,64384,62338,90056,88588,033661,COTTON NO. 2 - ICE FUTURES U.S. ,63.29999923706055,-0.007978607765555024,1468,-1.458999602851111,2046,2.5840806003218995,0.015628848435995612,0.06452707501459888,0.007961783536215794,-0.05260660436797904,0.1385073423088975
2014-11-18,177107,61704,74006,90231,72070,033661,COTTON NO. 2 - ICE FUTURES U.S. ,59.970001220703125,-0.10254253078647371,18161,9.072677072916214,-12302,-7.79816513761468,0.10285210812009785,0.10572544396138825,-0.05260660436797904,-0.005169274086724518,0.13662723173536906
2014-11-25,172323,61483,74506,86452,67786,033661,COTTON NO. 2 - ICE FUTURES U.S. ,59.65999984741211,-0.10831984122839088,18666,0.2851383626847047,-13023,-0.4070985336547962,0.052276352131122035,0.005301899418335306,-0.005169274086724518,0.018270200391815372,0.13435785556708615
2014-12-02,177019,62044,73566,88900,73370,033661,COTTON NO. 2 - ICE FUTURES U.S. ,60.75,-0.08773069557505127,15530,-1.819838326862926,-11522,0.8710386889736135,0.04949775066247612,0.011068505272472532,0.018270200391815372,-0.014320970072177253,0.1323219273768481
2014-12-09,173720,60071,70387,86497,71986,033661,COTTON NO. 2 - ICE FUTURES U.S. ,59.880001068115234,-0.08353096937600737,14511,-0.5756444223501432,-10316,0.6812828001513962,0.023895307383126264,0.03949163715525303,-0.014320970072177253,-0.0016700448736565177,0.12896020641472924
2014-12-16,173902,62409,68878,85626,74216,033661,COTTON NO. 2 - ICE FUTURES U.S. ,59.77999877929688,-0.06561166634081264,11410,-1.785056412618006,-6469,2.214483076214598,0.01940040790280402,0.029302215756320124,-0.0016700448736565177,0.03412514147179668,0.1238931349375781
2014-12-23,175995,64021,61193,84842,86403,033661,COTTON NO. 2 - ICE FUTURES U.S. ,61.81999969482422,0.008869570158243132,-1561,-7.458798633713242,2828,5.346114478269371,0.07574527723437181,0.07424888590732666,0.03412514147179668,0.002588156716304635,0.11995265973969746
2014-12-30,176193,64775,59016,84013,88997,033661,COTTON NO. 2 - ICE FUTURES U.S. ,61.97999954223633,0.02828716237307952,-4984,-1.9449416176595926,5759,1.6653882212562858,0.01978498352696376,0.023677003982518922,0.002588156716304635,-0.028718922111057643,0.11559476388134637
2015-01-06,180431,64644,64404,89287,86341,033661,COTTON NO. 2 - ICE FUTURES U.S.,60.20000076293945,-0.01632757120450477,2946,4.500746340660525,240,-3.1323605364571807,0.04515225362698431,0.042767032422044514,-0.028718922111057643,-0.0008305521001144012,0.11046913666425054
2015-01-13,186260,66425,67313,90549,84948,033661,COTTON NO. 2 - ICE FUTURES U.S.,60.150001525878906,-0.030070868678191774,5601,1.4714766309558778,-888,-0.6251697324739097,0.01512846373442281,0.03506856689946014,-0.0008305521001144012,-0.03923525437212494,0.10545292241025536
2015-01-20,204578,66581,80393,106050,85577,033661,COTTON NO. 2 - ICE FUTURES U.S.,57.790000915527344,-0.10007429928926864,20473,7.984537742939976,-13812,-6.9386878556856,0.0841739420854055,0.09005674473036047,-0.03923525437212494,0.017130954284230615,0.09801111446788947
2015-01-27,216715,69082,84654,111332,88856,033661,COTTON NO. 2 - ICE FUTURES U.S.,58.77999877929688,-0.10371224880603558,22476,0.9790886605597866,-15572,-0.860307559952683,0.04276480108697824,0.04398449289691419,0.017130954284230615,0.04542364816419453,0.09093310421216155
2015-02-03,207847,73880,70337,94733,97637,033661,COTTON NO. 2 - ICE FUTURES U.S.,61.45000076293945,0.01397181580681944,-2904,-11.711233647878549,3543,8.820340077982603,0.13193325362582523,0.13254332013562894,0.04542364816419453,0.017249756638457736,0.08580549777295299
2015-02-10,197547,72227,48478,90609,117304,033661,COTTON NO. 2 - ICE FUTURES U.S.,62.5099983215332,0.13513239887216713,-26695,-11.44640047727415,23749,9.721574042444683,0.1144276692655101,0.19478894826229237,0.017249756638457736,0.020636713328513467,0.0820318044489289
2015-02-17,180535,75998,41182,74979,114470,033661,COTTON NO. 2 - ICE FUTURES U.S.,63.79999923706055,0.21874428781122773,-39491,-6.477445873640198,34816,5.602211119379186,0.09746158596772746,0.09444444444444444,0.020636713328513467,0.015047067565045813,0.07903718616199497
2015-02-24,183230,83707,37130,72388,125912,033661,COTTON NO. 2 - ICE FUTURES U.S.,64.76000213623047,0.29211373683348796,-53524,-7.773008003988147,46577,6.514526269144487,0.07076651538073626,0.09732946034741015,0.015047067565045813,-0.01590491908612679,0.07754470100124593
2015-03-03,185872,87345,33997,72953,132268,033661,COTTON NO. 2 - ICE FUTURES U.S.,63.72999954223633,0.31911745717483,-59315,-3.1605086503301862,53348,3.6953555640451894,0.033724618825558786,0.055800959272139905,-0.01590491908612679,-0.04487683400116971,0.07671188771602756
2015-03-10,181414,83640,40306,71733,117052,033661,COTTON NO. 2 - ICE FUTURES U.S.,60.869998931884766,0.24980982724596779,-45319,7.529913058448826,43334,-5.38757854867866,0.08706200174802023,0.08079324867280913,-0.04487683400116971,-0.010842777377911061,0.07354039209995808
2015-03-17,181641,81479,52211,71331,100208,033661,COTTON NO. 2 - ICE FUTURES U.S.,60.209999084472656,0.15897842447465055,-28877,9.063247599413495,29268,-7.753536110774251,0.10053690414424708,0.1052135537437355,-0.010842777377911061,0.06145159972097769,0.06866289844630356
2015-03-24,184204,75430,42261,72878,110596,033661,COTTON NO. 2 - ICE FUTURES U.S.,63.90999984741211,0.20476211157195284,-37718,-4.867293177201183,33169,2.147642877984596,0.0650500888409257,0.13594072613878716,0.06145159972097769,-0.012674094433186345,0.06488650270980997
2015-03-31,182346,74471,40517,73162,110248,033661,COTTON NO. 2 - ICE FUTURES U.S.,63.09999847412109,0.20338258036918824,-37086,0.3430978697530998,33954,0.4261579553104167,0.0034458317430892537,0.023506800709639265,-0.012674094433186345,0.05261489342485226,0.06125475373411289
2015-04-07,188850,79032,39032,71589,118323,033661,COTTON NO. 2 - ICE FUTURES U.S.,66.41999816894531,0.24746624305003972,-46734,-5.291040110559047,40000,3.3156745966459367,0.050802476936686464,0.05120951348421195,0.05261489342485226,-0.0260463079679506,0.05879831795578923
2015-04-14,183305,85036,31794,66305,124996,033661,COTTON NO. 2 - ICE FUTURES U.S.,64.69000244140625,0.3201822099779057,-58691,-6.331480010590415,53242,7.011914217633041,0.06250359381289172,0.11334417529744073,-0.0260463079679506,-0.03184419996207122,0.058469140276160576
2015-04-21,167666,75478,37610,66221,107735,033661,COTTON NO. 2 - ICE FUTURES U.S.,62.630001068115234,0.24759939403337589,-41514,9.37072092959821,37868,-8.387114372221163,0.09970912184690381,0.13594722693831351,-0.03184419996207122,0.06370751413731157,0.056299186633696055
2015-04-28,182497,86566,33014,66951,126351,033661,COTTON NO. 2 - ICE FUTURES U.S.,66.62000274658203,0.32548480248990397,-59400,-10.667636849450695,53552,9.35431154795844,0.10008173738502447,0.13115905669844455,0.06370751413731157,0.005553814198941742,0.05549368365895721
2015-05-05,197716,98029,38220,69088,135757,033661,COTTON NO. 2 - ICE FUTURES U.S.,66.98999786376953,0.3371957757591697,-66669,-3.9830791739042284,59809,3.4285495104029104,0.05634992311259733,0.1223421823279437,0.005553814198941742,-0.029407393394896175,0.054915908021841105
2015-05-12,191406,92022,39380,69230,128318,033661,COTTON NO. 2 - ICE FUTURES U.S.,65.0199966430664,0.30870505626782857,-59088,3.834287563980659,52642,-3.624896315927897,0.038375483426812726,0.05454254881965267,-0.029407393394896175,-0.010304494056241342,0.05431321745988064
2015-05-19,187619,87161,38130,68793,123065,033661,COTTON NO. 2 - ICE FUTURES U.S.,64.3499984741211,0.2892670784941824,-54272,2.5161175720719307,49031,-1.886565729391973,0.02965735074899144,0.04877445307324548,-0.010304494056241342,-0.016161571491696614,0.054326660385987664
2015-05-26,188719,82081,46138,71589,112702,033661,COTTON NO. 2 - ICE FUTURES U.S.,63.310001373291016,0.21785299837324276,-41113,7.0136819831680155,35943,-6.9758393339693745,0.07140337835271392,0.10207535544654069,-0.016161571491696614,0.004580589078180264,0.054066038981697165
2015-06-02,187675,72881,42636,77336,113652,033661,COTTON NO. 2 - ICE FUTURES U.S.,63.59999847412109,0.19350472891967496,-36316,2.541874427058219,30245,-3.019303832682454,0.03506503026368149,0.10995784170295281,0.004580589078180264,0.014937179252029198,0.053707187658185065
2015-06-09,185185,72437,34308,77625,122653,033661,COTTON NO. 2 - ICE FUTURES U.S.,64.55000305175781,0.24315144315144316,-45028,-4.642067403756494,38129,4.20087917943253,0.04638552412147116,0.08217715115462082,0.014937179252029198,-0.0018590664741845453,0.05533824465376905
2015-06-16,169445,66436,35953,75468,110051,033661,COTTON NO. 2 - ICE FUTURES U.S.,64.43000030517578,0.20409572427631384,-34583,5.64030564030564,30483,-4.128844128844129,0.07955519380764234,0.07467599058492612,-0.0018590664741845453,-0.013192588391976345,0.0568207872860484
2015-06-23,163466,68947,39447,73687,106279,033661,COTTON NO. 2 - ICE FUTURES U.S.,63.58000183105469,0.19938091101513464,-32592,1.1750125409424887,29500,-0.5801292454778837,0.030855828323127703,0.05539974537336015,-0.013192588391976345,0.06181189355134986,0.05779245933021756
2015-06-30,181083,85323,32465,71871,132825,033661,COTTON NO. 2 - ICE FUTURES U.S.,67.51000213623047,0.3366080747502527,-60954,-17.350397024457685,52858,14.289209988621487,0.13855668894360418,0.1983054300947465,0.06181189355134986,-0.02932903709494905,0.06289869677400942
2015-07-07,178723,83805,26955,70877,136173,033661,COTTON NO. 2 - ICE FUTURES U.S.,65.52999877929688,0.36534749304790093,-65296,-2.3977954860478343,56850,2.2045139521655814,0.020970780004829753,0.06345250993138317,-0.02932903709494905,0.009766510019387331,0.0694906795011786
2015-07-14,178155,82776,26895,71355,136170,033661,COTTON NO. 2 - ICE FUTURES U.S.,66.16999816894531,0.3638124105413825,-64815,0.2691315611309121,55881,-0.5421797977876379,0.002317793036983496,0.00992969882649014,0.009766510019387331,-0.011636642955625498,0.07659417470293292
2015-07-21,175767,79326,25188,73648,134132,033661,COTTON NO. 2 - ICE FUTURES U.S.,65.4000015258789,0.3441146517833268,-60484,2.4310291600011227,54138,-0.9783615391092025,0.020844162094523052,0.049342671795166194,-0.011636642955625498,-0.01559639523949119,0.08347342432890999
2015-07-28,177413,80391,28252,73364,130240,033661,COTTON NO. 2 - ICE FUTURES U.S.,64.37999725341797,0.32058530096441634,-56876,2.05271751807791,52139,-1.137301086096935,0.020510402546118935,0.03800520972359011,-0.01559639523949119,0.008232470197305997,0.09069411193985746
2015-08-04,179806,81597,33695,72563,124329,033661,COTTON NO. 2 - ICE FUTURES U.S.,64.91000366210938,0.2878991802275786,-51766,2.8802849847530902,47902,-2.388212814168071,0.034089754789427704,0.05767095722166325,0.008232470197305997,-0.03389315134056836,0.09767190377245806
2015-08-11,184427,77649,43212,79868,112678,033661,COTTON NO. 2 - ICE FUTURES U.S.,62.709999084472656,0.177902367874552,-32810,10.542473554831318,34437,-7.488626630924442,0.0984492017491924,0.11140897394527598,-0.03389315134056836,0.08324033323093483,0.10279922809881058
2015-08-18,190906,88060,33186,76717,135920,033661,COTTON NO. 2 - ICE FUTURES U.S.,67.93000030517578,0.31011597330623447,-59203,-14.31081132372158,54874,11.081349260140868,0.12412233054454305,0.16855813800042888,0.08324033323093483,-0.061386750550696756,0.11052642347783181
2015-08-25,183346,83581,29261,74919,131830,033661,COTTON NO. 2 - ICE FUTURES U.S.,63.7599983215332,0.3104021903941182,-56911,1.2005908667092704,54320,-0.290195174588541,0.028478976923709425,0.07447581574236543,-0.061386750550696756,-0.002823031606287385,0.11779077300810409
2015-09-01,178810,73935,30482,77864,122648,033661,COTTON NO. 2 - ICE FUTURES U.S.,63.58000183105469,0.25045579106313964,-44784,6.614270286780186,43453,-5.927045040524473,0.06048017076284711,0.1040730915463957,-0.002823031606287385,-0.004561197030128028,0.12429746522585744
2015-09-08,179675,72115,32520,79166,120179,033661,COTTON NO. 2 - ICE FUTURES U.S.,63.290000915527344,0.2282621399749548,-41013,2.1089424528829483,39595,-2.157597449807058,0.018916953021144246,0.036871027858747074,-0.004561197030128028,-0.007426152850438905,0.1302863288742664
2015-09-15,177418,70503,31089,78686,118019,033661,COTTON NO. 2 - ICE FUTURES U.S.,62.81999969482422,0.22169678386634953,-39333,0.9350215667176847,39414,-0.10073744260470294,0.013421112833939148,0.02995314591700134,-0.007426152850438905,-0.06510665667712301,0.13594861734539748
2015-09-22,182136,67277,41556,85100,107338,033661,COTTON NO. 2 - ICE FUTURES U.S.,58.72999954223633,0.1220955769315237,-22238,9.635437216066013,25721,-7.717931664205436,0.08883380621291014,0.12581661812134187,-0.06510665667712301,0.022475731399843157,0.14086353878078853
2015-09-29,186023,68773,41932,87024,109569,033661,COTTON NO. 2 - ICE FUTURES U.S.,60.04999923706055,0.12119469097907248,-22545,-0.16855536522159265,26841,0.614925110906136,0.0211350353267919,0.016909805338512263,0.022475731399843157,0.018151543154644845,0.14648365462549875
2015-10-06,189761,70219,35928,87768,119510,033661,COTTON NO. 2 - ICE FUTURES U.S.,61.13999938964844,0.16727357043860436,-31742,-4.944012299554356,34291,4.004881116851142,0.05154912725904341,0.07018568588843774,0.018151543154644845,0.04448808059955023,0.15240509620870624
2015-10-13,188209,73392,29589,82034,124794,033661,COTTON NO. 2 - ICE FUTURES U.S.,63.86000061035156,0.22719423619486848,-42760,-5.806251021021179,43803,5.012621139222496,0.05327131722977547,0.09236655305347588,0.04448808059955023,-0.0012527690305363937,0.15866465789293635
2015-10-20,193661,78845,26971,83005,134485,033661,COTTON NO. 2 - ICE FUTURES U.S.,63.77999877929688,0.2658253339598577,-51480,-4.6331471927484875,51874,4.28831777438911,0.04902294358361304,0.07627390942768579,-0.0012527690305363937,-0.02257758943664978,0.16556096921929309
2015-10-27,198356,78164,28190,85378,136088,033661,COTTON NO. 2 - ICE FUTURES U.S.,62.34000015258789,0.2556514549597693,-50710,0.3976019952391034,49974,-0.9810958324081772,0.017953094380175737,0.01786486638960453,-0.02257758943664978,0.003689437627099279,0.17144870039132215
2015-11-03,199327,76761,24635,85862,139183,033661,COTTON NO. 2 - ICE FUTURES U.S.,62.56999969482422,0.26750515484605697,-53321,-1.3163201516465346,52126,1.0849180261751599,0.01590348596947277,0.04889739240206714,0.003689437627099279,-0.010228534325874006,0.1770211310683365
2015-11-10,192453,71924,28936,85801,130100,033661,COTTON NO. 2 - ICE FUTURES U.S.,61.93000030517578,0.2301808753306002,-44299,4.5262307665293715,42988,-4.584426595493837,0.042352745008128724,0.09060083283759666,-0.010228534325874006,-0.006458929822505843,0.18160112112787793
2015-11-17,176397,72360,29008,78768,123956,033661,COTTON NO. 2 - ICE FUTURES U.S.,61.52999877929688,0.25617215712285357,-45188,-0.46193096496287406,43352,0.1891370880162949,0.06499970403109646,0.0050114434535553625,-0.006458929822505843,-0.015114583514159174,0.1884994805107496
2015-11-24,170519,69688,31728,79884,116788,033661,COTTON NO. 2 - ICE FUTURES U.S.,60.59999847412109,0.21642163043414517,-36904,4.696224992488535,37960,-3.0567413278003595,0.042120891636836966,0.053167153111935,-0.015114583514159174,0.02640267869811308,0.19474450881195227
2015-12-01,180779,80685,26138,78560,134559,033661,COTTON NO. 2 - ICE FUTURES U.S.,62.20000076293945,0.30976496163824335,-55999,-11.198165600314335,54547,9.727361760273048,0.08959783032014977,0.1552755492730966,0.02640267869811308,0.0011253970090934207,0.20238865606605405
2015-12-08,191781,95008,26305,72816,146361,033661,COTTON NO. 2 - ICE FUTURES U.S.,62.27000045776367,0.38348428676459084,-73545,-9.705773347568025,68703,7.830555540189955,0.08005402026672506,0.11944309348544674,0.0011253970090934207,0.01670147595763627,0.21136971868414248
2015-12-15,191929,94482,23514,72655,147150,033661,COTTON NO. 2 - ICE FUTURES U.S.,63.310001373291016,0.3881383219836502,-74495,-0.4953566828830802,70968,1.1810346176107123,0.004322012693068857,0.028111122410929185,0.01670147595763627,-0.00236931800071305,0.22009567999807444
2015-12-22,184432,86416,20873,73262,143340,033661,COTTON NO. 2 - ICE FUTURES U.S.,63.15999984741211,0.37996660015615513,-70078,2.301371861469606,65543,-2.826566073912749,0.020392240145520355,0.09979587842183262,-0.00236931800071305,0.011241277488726054,0.22723216134418814
2015-12-29,183390,85083,20554,72790,142632,033661,COTTON NO. 2 - ICE FUTURES U.S.,63.869998931884766,0.3808386498718578,-69842,0.12796044070443308,64529,-0.5497961308232845,0.005477620670126543,0.01563846000927705,0.011241277488726054,-0.018631574238447635,0.23401199764224156
2016-01-05,185123,81007,27006,76065,132208,033661,COTTON NO. 2 - ICE FUTURES U.S.,62.68000030517578,0.3032740394224381,-56143,7.469872948361416,54001,-5.740771034407547,0.06577424822228517,0.09746974901169304,-0.018631574238447635,-0.017389919388655195,0.24015818246199047
2016-01-12,182594,74780,38773,79604,114290,033661,COTTON NO. 2 - ICE FUTURES U.S.,61.59000015258789,0.18996243030986779,-34686,11.590672147707199,36007,-9.720023984053846,0.11066355843914716,0.15846344878602944,-0.017389919388655195,0.014288051078666264,0.2443895920579147
2016-01-19,187347,78179,38920,78446,116940,033661,COTTON NO. 2 - ICE FUTURES U.S.,62.470001220703125,0.20546899603409716,-38494,-2.0855011665224485,39259,1.7810004709902845,0.019489625664070098,0.03028206901852279,0.014288051078666264,-0.0169681663611001,0.2502654246602871
2016-01-26,193281,79863,44605,80260,113332,033661,COTTON NO. 2 - ICE FUTURES U.S.,61.40999984741211,0.17110838623558447,-33072,2.8940949147837967,35258,-2.1356093238749487,0.028007355675854374,0.05920397210528007,-0.0169681663611001,0.014492743720238677,0.25555043687262596
2016-02-02,197632,79332,47934,83833,113084,033661,COTTON NO. 2 - ICE FUTURES U.S.,62.29999923706055,0.14800740770725387,-29251,1.976914440633068,31398,-1.9970923163683965,0.019404114423843547,0.030330174594942874,0.014492743720238677,-0.05874799184965118,0.2581280444091728
2016-02-09,200208,78697,68979,86427,93578,033661,COTTON NO. 2 - ICE FUTURES U.S.,58.63999938964844,0.03571785343243027,-7151,11.182399611398964,9718,-10.969883419689118,0.12277436737868393,0.14680787670305262,-0.05874799184965118,0.020634363865396743,0.2562162262276394
2016-02-16,188677,69751,73718,88945,81057,033661,COTTON NO. 2 - ICE FUTURES U.S.,59.84999847412109,-0.041806897502080276,7888,7.511687844641572,-3967,-6.835391193159114,0.08846366513335137,0.09538645979270784,0.020634363865396743,-0.028070181253257664,0.2512056265100758
2016-02-23,187997,71410,77481,87474,75771,033661,COTTON NO. 2 - ICE FUTURES U.S.,58.16999816894531,-0.062250993366915426,11703,2.0219740614913317,-6071,-1.115133270085914,0.041391773101779536,0.03641590156557482,-0.028070181253257664,0.0013753108745566678,0.244390920160068
2016-03-01,202863,73131,87303,95738,76570,033661,COTTON NO. 2 - ICE FUTURES U.S.,58.25,-0.09448741268738016,19168,3.9708080448092256,-14172,-4.3091113156061,0.05259767393272512,0.07194858945111385,0.0013753108745566678,-0.0006867109961775641,0.2364369803550255
2016-03-08,208512,68608,91884,101634,74205,033661,COTTON NO. 2 - ICE FUTURES U.S.,58.209999084472656,-0.1315463858195212,27429,4.0722063658725345,-23276,-4.487757747839675,0.046980476458578585,0.0567255688757072,-0.0006867109961775641,0.0005154199358532452,0.22910320702684303
2016-03-15,212253,64964,92668,109891,77749,033661,COTTON NO. 2 - ICE FUTURES U.S.,58.2400016784668,-0.15143248858673375,32142,2.2603015653775325,-27704,-2.123618784530387,0.06289170752504797,0.02809074299634592,0.0005154199358532452,0.0022320956330952324,0.22313376639104718
2016-03-22,211732,64003,90040,108403,78227,033661,COTTON NO. 2 - ICE FUTURES U.S.,58.369998931884766,-0.14251978916743807,30176,-0.9262531036074874,-26037,0.7853834810344259,0.01053421207737234,0.023298689327006097,0.0022320956330952324,-0.016960731229836323,0.21645526829990505
2016-03-29,216510,64315,92813,110934,77895,033661,COTTON NO. 2 - ICE FUTURES U.S.,57.380001068115234,-0.15259803242344464,33039,1.3521810590746794,-28498,-1.1623184025088318,0.015161866026934423,0.01963367445649407,-0.016960731229836323,0.02649007370981571,0.20960948728466214
2016-04-05,222515,64888,87744,114231,88116,033661,COTTON NO. 2 - ICE FUTURES U.S.,58.900001525878906,-0.11736287441296092,26115,-3.1980047110987946,-22856,2.605884254768833,0.06680603122359116,0.036964725614550026,0.02649007370981571,0.044312338336825796,0.20259354271806596
2016-04-12,211884,68284,72515,102606,98386,033661,COTTON NO. 2 - ICE FUTURES U.S.,61.5099983215332,-0.01991655811670537,4220,-9.839786081837179,-4231,8.370222232209064,0.1089346839675211,0.13228076903955283,0.044312338336825796,0.01918387802593524,0.19605318179316958
2016-04-19,193438,70187,49953,90501,113336,033661,COTTON NO. 2 - ICE FUTURES U.S.,62.68999862670898,0.11804816013399642,-22835,-12.768779143304826,20234,11.546412187800872,0.13272860177494764,0.20363742300649243,0.01918387802593524,0.01228266828252278,0.1935618119104892
2016-04-26,191716,78482,45714,81712,118724,033661,COTTON NO. 2 - ICE FUTURES U.S.,63.459999084472656,0.19305639591896348,-37012,-7.328963285393769,32768,6.479595529316887,0.07073080684108643,0.10092112467390255,0.01228266828252278,-0.0064607603738908725,0.19101511178412495
2016-05-03,193424,78042,44096,83797,122267,033661,COTTON NO. 2 - ICE FUTURES U.S.,63.04999923706055,0.19888948630986847,-38470,-0.7604999061111226,33946,0.6144505414258591,0.02731190309806662,0.01684979285725982,-0.0064607603738908725,-0.03409988480884674,0.18835537544856149
2016-05-10,186343,72961,44782,83112,115249,033661,COTTON NO. 2 - ICE FUTURES U.S.,60.900001525878906,0.17246153598471636,-32137,3.2741541897592854,28179,-2.9815327984117794,0.03883323838859453,0.048979557171126946,-0.03409988480884674,0.021346456559744542,0.18573530775080932
2016-05-17,190763,73173,44491,83861,117206,033661,COTTON NO. 2 - ICE FUTURES U.S.,62.20000076293945,0.17479804783946573,-33345,-0.6482669056524796,28682,0.26993232909205067,0.013458200500330735,0.004274884416644004,0.021346456559744542,0.013022468627948536,0.1835339802382186
2016-05-24,193936,75247,43500,84896,121802,033661,COTTON NO. 2 - ICE FUTURES U.S.,63.0099983215332,0.1902998927481231,-36906,-1.8667141951007271,31747,1.6067057028878766,0.027242643857221648,0.02581117838766453,0.013022468627948536,0.01475956721074767,0.18300411282235093
2016-05-31,202777,81548,41255,84674,131356,033661,COTTON NO. 2 - ICE FUTURES U.S.,63.93999862670898,0.2302134857503563,-46682,-5.0408382146687565,40293,4.406608365646399,0.045252974123964264,0.06959113376709038,0.01475956721074767,0.02987175302525369,0.18371005045371017
2016-06-07,211393,90214,43678,85937,142019,033661,COTTON NO. 2 - ICE FUTURES U.S.,65.8499984741211,0.2652973371871349,-56082,-4.635634218870976,46536,3.0787515349373944,0.05231711382898454,0.0828204821796672,0.02987175302525369,-0.042672704991756016,0.18413593303131967
2016-06-14,200824,87955,41239,83046,137761,033661,COTTON NO. 2 - ICE FUTURES U.S.,63.040000915527344,0.2724524957176433,-54715,0.6466628507093423,46716,0.08514946095660689,0.03237669095635555,0.03636391782900135,-0.042672704991756016,-0.0030139980749819273,0.18545048632826827
2016-06-21,189263,85977,40752,79429,132607,033661,COTTON NO. 2 - ICE FUTURES U.S.,62.84999847412109,0.2809740942498005,-53178,0.7653467713022347,45225,-0.7424411424929291,0.0413656171593503,0.019450954398756402,-0.0030139980749819273,0.028798810372820727,0.18701958600585802
2016-06-28,184257,84783,39584,75651,129123,033661,COTTON NO. 2 - ICE FUTURES U.S.,64.66000366210938,0.2902033572672951,-53472,-0.15533939544443445,45199,-0.013737497556310532,0.035463486575444146,0.018992176381194367,0.028798810372820727,-0.014073671675998267,0.18612718759272423
2016-07-05,183962,85931,38822,74213,128051,033661,COTTON NO. 2 - ICE FUTURES U.S.,63.75,0.29265826638110043,-53838,-0.1986356013611423,47109,1.0365956245895678,0.012409524186212079,0.015310253060046653,-0.014073671675998267,0.11592155905330892,0.18472931784913188
2016-07-12,209897,105240,39492,77369,155442,033661,COTTON NO. 2 - ICE FUTURES U.S.,71.13999938964844,0.37195862732673646,-78073,-13.173916352290146,65748,10.13198377925876,0.13120943598025867,0.138041345383191,0.11592155905330892,0.025583352691018524,0.18488597586423486
2016-07-19,231269,118607,42064,81802,170290,033661,COTTON NO. 2 - ICE FUTURES U.S.,72.95999908447266,0.38261937397575985,-88488,-4.96195753155119,76543,5.142998708890551,0.07648398203830348,0.09920271859887596,0.025583352691018524,0.009183089053627747,0.18562645129101238
2016-07-26,236323,117132,41249,85059,174114,033661,COTTON NO. 2 - ICE FUTURES U.S.,73.62999725341797,0.37683594064056397,-89055,-0.24516904557030988,75883,-0.28538195780670994,0.027321518831051075,0.01445880503343204,0.009183089053627747,0.0005432692790909854,0.18670819436170755
2016-08-02,237053,118994,37553,86226,178776,033661,COTTON NO. 2 - ICE FUTURES U.S.,73.66999816894531,0.3904190202191071,-92550,-1.4789081045856731,81441,2.3518658784798774,0.021996060407091268,0.0355037145394035,0.0005432692790909854,-0.00828017680891846,0.18867972974616004
2016-08-09,244954,122629,38449,88699,185389,033661,COTTON NO. 2 - ICE FUTURES U.S.,73.05999755859375,0.39472717326518447,-96690,-1.7464448878520837,84180,1.155437813484748,0.0331499372464318,0.028129229317473522,-0.00828017680891846,-0.06912120984281733,0.19284943754213374
2016-08-16,235463,110750,37986,93484,176864,033661,COTTON NO. 2 - ICE FUTURES U.S.,68.01000213623047,0.35411083694678147,-83380,5.433673261102085,72764,-4.660466863166145,0.049232840635033366,0.08297923838209983,-0.06912120984281733,0.0016174181281631839,0.19369549261214425
2016-08-23,228356,102587,33198,94432,174561,033661,COTTON NO. 2 - ICE FUTURES U.S.,68.12000274658203,0.3508950936257423,-80129,1.3806840140489165,69389,-1.4333462157536427,0.01208581635953352,0.09537872371764186,0.0016174181281631839,-0.03156197062817623,0.19447420228967546
2016-08-30,228192,98712,31968,100083,175394,033661,COTTON NO. 2 - ICE FUTURES U.S.,65.97000122070312,0.33003348057775905,-75311,2.109863546392475,66744,-1.1582791781253832,0.023537355205697753,0.03906489133761861,-0.03156197062817623,0.04683941610904352,0.19600454247264892
2016-09-06,230647,100512,30197,100526,180649,033661,COTTON NO. 2 - ICE FUTURES U.S.,69.05999755859375,0.3473836642141454,-80123,-2.1087505258729493,70315,1.5649102510166875,0.020264959544767494,0.02732023043554767,0.04683941610904352,-0.026933111440866297,0.19829534101571028
2016-09-13,230433,98887,30031,101742,178550,033661,COTTON NO. 2 - ICE FUTURES U.S.,67.19999694824219,0.333320314364696,-76808,1.4372612693856848,68856,-0.6325683837205773,0.011826951893025845,0.013892551854667309,-0.026933111440866297,0.05386909093716441,0.20044194737144774
2016-09-20,239422,105367,31010,101620,185463,033661,COTTON NO. 2 - ICE FUTURES U.S.,70.81999969482422,0.3501892056703227,-83843,-3.052948145447918,74357,2.3872448824604113,0.024505108278790454,0.054693973323947584,0.05386909093716441,-0.0201920405441669,0.2048283633087323
2016-09-27,253355,114550,33008,102777,194047,033661,COTTON NO. 2 - ICE FUTURES U.S.,69.38999938964844,0.36024550531862404,-91270,-3.1020541136570574,81542,3.00097735379372,0.03281742716222408,0.07577359411214574,-0.0201920405441669,0.007061505520673528,0.2094254943537237
2016-10-04,248637,107954,34500,105808,187439,033661,COTTON NO. 2 - ICE FUTURES U.S.,69.87999725341797,0.3283139677521849,-81631,3.8045430325037985,73454,-3.1923585482820545,0.032869901482368104,0.0567762224998947,0.007061505520673528,-0.03921004538441808,0.21252242507129254
2016-10-11,242564,102520,37168,106314,180428,033661,COTTON NO. 2 - ICE FUTURES U.S.,67.13999938964844,0.3055441038241454,-74114,3.0232829385811444,65352,-3.2585657001974764,0.026215203911530226,0.05800068724586221,-0.03921004538441808,0.059725978145432235,0.21402915329493247
2016-10-18,252761,110629,33201,102972,189850,033661,COTTON NO. 2 - ICE FUTURES U.S.,71.1500015258789,0.343716000490582,-86878,-5.262116389901221,77428,4.978479906333998,0.04358962099842225,0.08396023082806091,0.059725978145432235,-0.0373858553065789,0.21552705072821565
2016-10-25,260503,110658,35954,103536,186527,033661,COTTON NO. 2 - ICE FUTURES U.S.,68.48999786376953,0.3185798244166094,-82991,1.5378163561625409,74704,-1.0776979043444201,0.013400537124693601,0.018975254413008485,-0.0373858553065789,-0.004234208272340334,0.21673721167930873
2016-11-01,257262,109447,33913,100955,185110,033661,COTTON NO. 2 - ICE FUTURES U.S.,68.19999694824219,0.32711787982679136,-84155,-0.4468278676253249,75534,0.31861437296307527,0.013975844650691276,0.022684151785714285,-0.004234208272340334,0.008064561237080659,0.21788361023663055
2016-11-08,248911,104721,28857,102787,187651,033661,COTTON NO. 2 - ICE FUTURES U.S.,68.75,0.34094113960411554,-84864,-0.2755945300899472,75864,0.12827389975977796,0.015056569732610747,0.07323062180898052,0.008064561237080659,0.028218217329545547,0.22001361531881353
2016-11-15,239196,103551,23887,101776,189519,033661,COTTON NO. 2 - ICE FUTURES U.S.,70.69000244140625,0.3668246960651516,-87743,-1.1566383165067033,79664,1.52665008778238,0.009883451483890901,0.048180291592774524,0.028218217329545547,0.04286318679658252,0.2221415487600116
2016-11-22,251793,125357,22545,91455,204521,033661,COTTON NO. 2 - ICE FUTURES U.S.,73.72000122070312,0.449043460302709,-113066,-10.586715496914664,102812,9.67741935483871,0.08555761277941455,0.15650903976957714,0.04286318679658252,-0.018176939027353622,0.22661504548825315
2016-11-29,255483,126896,22532,91005,206984,033661,COTTON NO. 2 - ICE FUTURES U.S.,72.37999725341797,0.45395975466077976,-115979,-1.1569026938794964,104364,0.6163793274634323,0.009775528626895624,0.010386272987659609,-0.018176939027353622,0.0001381892319702871,0.22938802227714813
2016-12-06,251402,127452,20680,85278,202910,033661,COTTON NO. 2 - ICE FUTURES U.S.,72.38999938964844,0.4679039943994081,-117632,-0.6470097814727399,106772,0.9425284656904764,0.03400904964814635,0.016255771879134826,0.0001381892319702871,-0.004834900912723872,0.23101147819320228
2016-12-13,252798,129216,20912,85838,205705,033661,COTTON NO. 2 - ICE FUTURES U.S.,72.04000091552734,0.47416118798408213,-119867,-0.8890144072043977,108304,0.6093825824774664,0.011507736423100538,0.013295321325801981,-0.004834900912723872,-0.037479241300991784,0.23266576407782597
2016-12-20,243889,121505,21486,87091,194490,033661,COTTON NO. 2 - ICE FUTURES U.S.,69.33999633789062,0.44036016384502785,-107399,4.932001044312059,100019,-3.27732023196386,0.0442785557264162,0.057940709555146824,-0.037479241300991784,0.0057686983992575325,0.23382717876415043
2016-12-27,243809,120473,20207,86826,194865,033661,COTTON NO. 2 - ICE FUTURES U.S.,69.73999786376953,0.4431296629738853,-108039,-0.2624144590366929,100266,0.10127558028447368,0.0022719930704211354,0.01642735285754905,0.0057686983992575325,0.029251519615935306,0.23502508286226637
2017-01-03,247158,124424,18402,86600,202190,033661,COTTON NO. 2 - ICE FUTURES U.S.,71.77999877929688,0.4676765469861384,-115590,-3.097096497668257,106022,2.3608644471697104,0.026147027251636135,0.040300785571254535,0.029251519615935306,0.019643406047480383,0.23818666954618367
2017-01-10,264089,138819,21345,82880,212305,033661,COTTON NO. 2 - ICE FUTURES U.S.,73.19000244140625,0.4900809954219979,-129425,-5.597633902200212,117474,4.633473324755824,0.046868912715754524,0.10825154216927649,0.019643406047480383,-0.014756138748858616,0.24395818041372466
2017-01-17,261756,134746,22815,83730,205736,033661,COTTON NO. 2 - ICE FUTURES U.S.,72.11000061035156,0.4661058390256575,-122006,2.8092802047794496,111931,-2.0989136238162134,0.025629953086027373,0.03518002551392794,-0.014756138748858616,0.020246832230134126,0.24897042739433156
2017-01-24,264328,132523,24328,84249,203684,033661,COTTON NO. 2 - ICE FUTURES U.S.,73.56999969482422,0.451843921188826,-119435,0.9822124421216706,108195,-1.4272834242577057,0.008929160603334804,0.023818783431409425,0.020246832230134126,0.018621758220265683,0.2543691876818939
2017-01-31,276602,137516,26085,88212,210119,033661,COTTON NO. 2 - ICE FUTURES U.S.,74.94000244140625,0.44073072501283433,-121907,-0.9352017190762991,111431,1.224236554583699,0.034853903885281784,0.04125891651029028,0.018621758220265683,0.002001519770454374,0.25999848224546274
2017-02-07,283531,142052,25565,91994,220071,033661,COTTON NO. 2 - ICE FUTURES U.S.,75.08999633789062,0.4517213285319771,-128077,-2.230641860868685,116487,1.8278971229419887,0.044010062006312786,0.03016400484437736,0.002001519770454374,0.01638038909202777,0.2679985490743002
2017-02-14,282058,144606,19394,89911,225379,033661,COTTON NO. 2 - ICE FUTURES U.S.,76.31999969482422,0.480284196867311,-135468,-2.606769630128628,125212,3.0772649198853035,0.02344191062196708,0.05320121951219512,0.01638038909202777,-0.03668767116029881,0.27803876242755776
2017-02-21,261594,135847,18413,83139,208056,033661,COTTON NO. 2 - ICE FUTURES U.S.,73.5199966430664,0.4775224202389963,-124917,3.7407199937601483,117434,-2.757588864701586,0.08274523944435859,0.06314015298846104,-0.03668767116029881,0.024619222941150376,0.28841902038151757
2017-02-28,266379,137727,18788,83751,211456,033661,COTTON NO. 2 - ICE FUTURES U.S.,75.33000183105469,0.47941091452404283,-127705,-1.0657736798244608,118939,0.5753190057875945,0.013590463640767325,0.014407564770149825,0.024619222941150376,0.025886060013851075,0.2994555266740449
2017-03-07,273357,143307,16640,85011,220064,033661,COTTON NO. 2 - ICE FUTURES U.S.,77.27999877929688,0.49405356365485426,-135053,-2.7584757056674887,126667,2.901129593549041,0.03234614439072359,0.048316004676549104,0.025886060013851075,-0.0016821591028906013,0.31148629493316754
2017-03-14,274706,141400,16197,83317,216451,033661,COTTON NO. 2 - ICE FUTURES U.S.,77.1500015258789,0.4846417624660546,-133134,0.7020123867323683,125203,-0.5355633841460069,0.01770369085426063,0.014911451360114724,-0.0016821591028906013,-0.004018213633920631,0.32371849206879805
2017-03-21,278130,140559,19766,85006,212164,033661,COTTON NO. 2 - ICE FUTURES U.S.,76.83999633789062,0.4571890842411822,-127158,2.1754166272305664,120793,-1.605352631540629,0.02010970151764983,0.02750662716357399,-0.004018213633920631,0.0005205741467171343,0.3352513550189639
2017-03-28,281653,139043,22163,87808,211059,033661,COTTON NO. 2 - ICE FUTURES U.S.,76.87999725341797,0.437598747394844,-123251,1.4047387912127423,116880,-1.406896055801244,0.013072704580967454,0.02427329007605176,0.0005205741467171343,-0.026404771745834332,0.3466012930923925
2017-04-04,277475,126710,25230,96443,200572,033661,COTTON NO. 2 - ICE FUTURES U.S.,74.8499984741211,0.37527344805838364,-104129,6.789205156699911,101480,-5.46772091900317,0.06438058683904853,0.10135579834145057,-0.026404771745834332,0.002137657519988956,0.3560750685245337
2017-04-11,250988,110730,22574,89554,180853,033661,COTTON NO. 2 - ICE FUTURES U.S.,75.01000213623047,0.3637584266976907,-91299,4.623839985584286,88156,-4.80187404270655,0.09839981953129912,0.1398007561663566,0.002137657519988956,0.024130082749584503,0.3634534336171183
2017-04-18,239278,110272,20627,84921,180523,033661,COTTON NO. 2 - ICE FUTURES U.S.,76.81999969482422,0.3995436270781267,-95602,-1.7144245940044944,89645,0.5932554544440372,0.018696975633278583,0.018372944025546414,0.024130082749584503,0.05063784698127938,0.36886680798142846
2017-04-25,247883,124980,23993,82078,187549,033661,COTTON NO. 2 - ICE FUTURES U.S.,80.70999908447266,0.4254870241202503,-105471,-4.124491177626025,100987,4.740093113449627,0.03660241741368631,0.12132399830841831,0.05063784698127938,0.0014868386562170155,0.3733366277545302
2017-05-02,260058,132618,27755,85620,194604,033661,COTTON NO. 2 - ICE FUTURES U.S.,80.83000183105469,0.41907574464157993,-108984,-1.4172008568558554,104863,1.5636409112363494,0.037816175630923834,0.07108428476115057,0.0014868386562170155,-0.04206360817590171,0.3775709788762938
2017-05-09,257824,129604,25668,86419,193263,033661,COTTON NO. 2 - ICE FUTURES U.S.,77.43000030517578,0.4144067270696289,-106844,0.8228933545593675,103936,-0.35645894377408116,0.007651547114222582,0.03285202740996445,-0.04206360817590171,0.050238917400448724,0.3822237710125421
2017-05-16,264211,136728,26709,86746,202044,033661,COTTON NO. 2 - ICE FUTURES U.S.,81.31999969482422,0.4363860702241769,-115298,-3.278981010301601,110019,2.3593614248479584,0.0315384881747983,0.0499580878258901,0.050238917400448724,-0.050418082753412086,0.3872543099045558
2017-05-23,246477,125055,25105,88483,195261,033661,COTTON NO. 2 - ICE FUTURES U.S.,77.22000122070312,0.43321689244838263,-106778,3.224695413892684,99950,-3.8109692632025163,0.030027066651629637,0.08841901971230687,-0.050418082753412086,0.0005180123659027647,0.3919257906680223
2017-05-30,241493,115458,23628,91025,190064,033661,COTTON NO. 2 - ICE FUTURES U.S.,77.26000213623047,0.4101112661650648,-99039,3.139846719977929,91830,-3.294425037630286,0.02753220510229856,0.0796198035747667,0.0005180123659027647,-0.01604977295985044,0.39538536336830526
2017-06-06,234798,108710,23118,92700,184276,033661,COTTON NO. 2 - ICE FUTURES U.S.,76.0199966430664,0.3900203579246842,-91576,3.0903587267539843,85592,-2.5830976467226794,0.026944572814973138,0.05505658888855175,-0.01604977295985044,-0.020257739465097346,0.3977838829978735
2017-06-13,234543,102081,26537,96424,174350,033661,COTTON NO. 2 - ICE FUTURES U.S.,74.4800033569336,0.33224611265311693,-77926,5.813507781156568,75544,-4.279423163740748,0.05041104389638591,0.0781228132920742,-0.020257739465097346,-0.04202476828327262,0.3989337602466326
2017-06-20,206774,85737,34941,93422,144913,033661,COTTON NO. 2 - ICE FUTURES U.S.,71.3499984741211,0.24902066991014343,-51491,11.27085438491023,50796,-10.55158329176313,0.13610674051230412,0.2050746614958816,-0.04202476828327262,0.04330769493156916,0.39831927131702377
2017-06-27,200457,77201,39660,95902,132236,033661,COTTON NO. 2 - ICE FUTURES U.S.,74.44000244140625,0.18125583042747323,-36334,7.330225270101656,37541,-6.410380415332682,0.06643785778783018,0.1134253514859534,0.04330769493156916,-0.08449759147278879,0.39622412657010414
2017-07-11,210783,74212,44834,106208,134336,033661,COTTON NO. 2 - ICE FUTURES U.S.,68.1500015258789,0.13344529682184997,-28128,4.093646018846934,29378,-4.072195034346518,0.051574763868564584,0.06857013255380273,-0.08449759147278879,0.010418181490473577,0.39316233869396466
2017-07-18,216102,74998,50522,110212,133921,033661,COTTON NO. 2 - ICE FUTURES U.S.,68.86000061035156,0.10971208040647472,-23709,2.0964688803176723,24476,-2.325614494527547,0.018100789323852163,0.0515774378585086,0.010418181490473577,0.010020366472412112,0.38811913586857505
2017-07-25,216584,75574,48643,110709,135150,033661,COTTON NO. 2 - ICE FUTURES U.S.,69.55000305175781,0.11284767111143944,-24441,-0.3387289335591526,26931,1.1360376118684696,0.007020283983909477,0.019763800445993705,0.010020366472412112,0.023292524027381134,0.38293121850579964
2017-08-01,216622,75238,45963,110639,138115,033661,COTTON NO. 2 - ICE FUTURES U.S.,71.16999816894531,0.12683845592783743,-27476,-1.4013038820965538,29275,1.0822590773094964,0.012200808831214775,0.024884283132977452,0.023292524027381134,0.010397716906039856,0.37812357456901646
2017-08-08,219092,77792,39205,109429,146939,033661,COTTON NO. 2 - ICE FUTURES U.S.,71.91000366210938,0.17120661639859056,-37510,-4.632031834255062,38587,4.298732354054528,0.039139050115459026,0.07959178440472833,0.010397716906039856,-0.05882357309852926,0.3739079514186219
2017-08-15,218749,73528,41321,113524,143422,033661,COTTON NO. 2 - ICE FUTURES U.S.,67.68000030517578,0.13667719623861138,-29898,3.474339546857028,32207,-2.9120186953425957,0.02962490173032466,0.05555120201307804,-0.05882357309852926,0.01773045128296813,0.36894545186041855
2017-08-22,226101,73823,46589,119158,145093,033661,COTTON NO. 2 - ICE FUTURES U.S.,68.87999725341797,0.11470537503151247,-25935,1.8116654247562276,27234,-2.2733818211740395,0.027644171639842424,0.046199714314187956,0.01773045128296813,0.024390249305540124,0.3643415006697403
2017-08-29,224967,76607,39456,116069,153459,033661,COTTON NO. 2 - ICE FUTURES U.S.,70.55999755859375,0.16620215409371153,-37390,-5.066319918974264,37151,4.38609294076541,0.042500222611379895,0.08544497385040883,0.024390249305540124,0.06661004450480301,0.3607897133710474
2017-09-05,234800,92628,35274,110393,170329,033661,COTTON NO. 2 - ICE FUTURES U.S.,75.26000213623047,0.2552640545144804,-59936,-10.021914325212142,57354,8.980428240586397,0.08031433232878078,0.15795687323106752,0.06661004450480301,-0.060457120948810394,0.35935183979290747
2017-09-12,243886,102489,33603,111392,184006,033661,COTTON NO. 2 - ICE FUTURES U.S.,70.70999908447266,0.2977374675053099,-72614,-5.399488926746167,68886,4.911413969335605,0.049682123778766275,0.08473679569702848,-0.060457120948810394,-0.01032379772296399,0.3583971052408144
2017-09-19,238750,97011,33395,112390,178644,033661,COTTON NO. 2 - ICE FUTURES U.S.,69.9800033569336,0.27750366492146594,-66254,2.607775764086499,63616,-2.160845640996203,0.021853116817966287,0.043602288238271246,-0.01032379772296399,-0.008573965057636412,0.357323708136137
2017-09-26,234444,91372,32105,114009,175572,033661,COTTON NO. 2 - ICE FUTURES U.S.,69.37999725341797,0.26259149306444185,-61563,1.9648167539267014,59267,-1.8215706806282723,0.016199267217117144,0.056115713857641504,-0.008573965057636412,-0.01772839112469793,0.35563913673987
2017-10-03,229503,86618,33106,114123,169389,033661,COTTON NO. 2 - ICE FUTURES U.S.,68.1500015258789,0.24080730970836983,-55266,2.6859292624251423,53512,-2.454743990036,0.02221070007618725,0.04806889178443754,-0.01772839112469793,0.011738744012492752,0.35334224836274974
2017-10-10,229474,86544,31884,112842,170039,033661,COTTON NO. 2 - ICE FUTURES U.S.,68.94999694824219,0.24925263864315783,-57197,-0.8413833370369886,54660,0.5002113262136008,0.00682619193229662,0.010943357989664606,0.011738744012492752,-0.017113855799900324,0.3518218381875761
2017-10-17,229812,84000,34024,115178,167613,033661,COTTON NO. 2 - ICE FUTURES U.S.,67.7699966430664,0.22816476076096984,-52435,2.075180630485371,49976,-2.0411898515735984,0.016839291207994597,0.03968684335389412,-0.017113855799900324,0.02611781555462156,0.35033377389789966
2017-10-24,233822,83680,33185,119003,171057,033661,COTTON NO. 2 - ICE FUTURES U.S.,69.54000091552734,0.222622336649246,-52054,0.16578768732703253,50495,0.2258367709258002,0.025060332345032063,0.009917426089932829,0.02611781555462156,-0.016681099321791404,0.3480050495932586
2017-10-31,234118,83481,31061,117501,171251,033661,COTTON NO. 2 - ICE FUTURES U.S.,68.37999725341797,0.22958508102751604,-53750,-0.7253380776830238,52420,0.823275825200366,0.00587355239097911,0.020280770372439805,-0.016681099321791404,-0.0045334538029431215,0.3462936122203914
2017-11-07,235937,82611,34613,120532,169159,033661,COTTON NO. 2 - ICE FUTURES U.S.,68.06999969482422,0.20610162882464386,-48627,2.1882127815887715,47998,-1.8887911224254434,0.017684360232109387,0.03772265065174367,-0.0045334538029431215,0.007786084643352398,0.3439663766241963
2017-11-14,226636,79717,28574,113827,166115,033661,COTTON NO. 2 - ICE FUTURES U.S.,68.5999984741211,0.23071356712967048,-52288,-1.5516854075452347,51143,1.3329829573148764,0.034825070907545136,0.08249069636442548,0.007786084643352398,0.033527742025030394,0.34184661561507235
2017-11-21,224240,86616,27453,106799,169056,033661,COTTON NO. 2 - ICE FUTURES U.S.,70.9000015258789,0.27763556903317876,-62257,-4.398683351276937,59163,3.538714061314178,0.036138551050370664,0.0703083221558881,0.033527742025030394,0.04442879348499229,0.3401314400952267
2017-11-28,237373,100572,26687,102683,181340,033661,COTTON NO. 2 - ICE FUTURES U.S.,74.05000305175781,0.3313645612601265,-78657,-7.313592579379237,73885,6.5652871922939715,0.05774180260049362,0.11568533463252108,0.04442879348499229,0.01228893984080992,0.3378683843444078
2017-12-05,249201,109496,28188,104845,191147,033661,COTTON NO. 2 - ICE FUTURES U.S.,74.95999908447266,0.34631482217166065,-86302,-3.2206695791012456,81308,3.127145884325513,0.0404369037001,0.07571685889427965,0.01228893984080992,-0.027347858156363314,0.3357982894888478
2017-12-12,254060,115383,26532,103646,198829,033661,COTTON NO. 2 - ICE FUTURES U.S.,72.91000366210938,0.37464772101078486,-95183,-3.5637898724322934,88851,3.0268738889490816,0.029361104223489545,0.053151534369164644,-0.027347858156363314,0.029076875746876896,0.33400489961598967
2017-12-19,265088,123768,26238,104707,210630,033661,COTTON NO. 2 - ICE FUTURES U.S.,75.02999877929688,0.3995767443264124,-105923,-4.227347870581752,97530,3.4161221758639693,0.04078810922917387,0.0578576856925723,0.029076875746876896,0.03198722597528736,0.33257058339180373
2017-12-26,274603,131206,26384,106955,217891,033661,COTTON NO. 2 - ICE FUTURES U.S.,77.43000030517578,0.40398684646562494,-110936,-1.8910701352003862,104822,2.750784645098986,0.02927233212045092,0.04812488102036931,0.03198722597528736,,0.33187109651912294
