,Open_Interest_All,NonComm_Positions_Long_All,NonComm_Positions_Short_All,Comm_Positions_Long_All,Comm_Positions_Short_All,CFTC_Contract_Market_Code,Market_and_Exchange_Names,GC_Close,HP,NetLong_Comm,Q_Comm,NetLong_NonComm,Q_NonComm,PT_Comm,PT_NonComm,Ret,Ret_Lead,HP_Smooth_52w
2003-01-07,215299,93664,30101,40513,149899,088691,GOLD - COMMODITY EXCHANGE INC. ,347.29998779296875,0.5080655274757431,-109386,,63563,,,,,0.013533004239070223,
2003-01-14,214684,93046,32384,38005,142982,088691,GOLD - COMMODITY EXCHANGE INC. ,352.0,0.4889838087607833,-104977,2.0478497345552,60662,-1.3474284599556896,0.052075563438258,0.02312843817268596,0.013533004239070223,0.015056783502752191,
2003-01-21,218286,95013,33331,35901,144173,088691,GOLD - COMMODITY EXCHANGE INC. ,357.29998779296875,0.4960098219766728,-108272,-1.5348139591213132,61682,0.4751169160254141,0.01829803303086509,0.022704606370379604,0.015056783502752191,0.035544395860405364,
2003-01-28,229819,91912,35045,36327,149177,088691,GOLD - COMMODITY EXCHANGE INC. ,370.0,0.49103859994169324,-112850,-2.0972485638107807,56867,-2.2058217201286383,0.029271606003105053,0.03792622699024079,0.035544395860405364,0.024324324324324298,
2003-02-04,241161,105154,38340,35779,162286,088691,GOLD - COMMODITY EXCHANGE INC. ,379.0,0.5245748690708697,-126507,-5.942502578115821,66814,4.328188705024389,0.06895211168050892,0.11524523673463699,0.024324324324324298,-0.04353562005277045,
2003-02-11,216608,89620,39511,45786,140146,088691,GOLD - COMMODITY EXCHANGE INC. ,362.5,0.43562564632885215,-94360,13.330098979519905,50109,-6.926907750423991,0.172896542822107,0.12936475362229055,-0.04353562005277045,-0.02813796470905172,
2003-02-25,196138,60864,33899,57629,126289,088691,GOLD - COMMODITY EXCHANGE INC. ,352.29998779296875,0.35005965187775956,-68660,11.86475107105924,26965,-10.684739252474516,0.1397361867788906,0.3626731952344269,-0.02813796470905172,0.0025547103186145392,
2003-03-04,189928,60149,29173,56069,127232,088691,GOLD - COMMODITY EXCHANGE INC. ,353.20001220703125,0.37468409081336085,-71163,-1.2761423079668397,30976,2.0449887324230898,0.013655135542086513,0.06091444436980811,0.0025547103186145392,-0.007644428408027926,
2003-03-11,193841,62022,28473,56078,130668,088691,GOLD - COMMODITY EXCHANGE INC. ,350.5,0.38479991333102903,-74590,-1.8043679710205973,33549,1.3547238953708773,0.018447516948154177,0.028432510083430024,-0.007644428408027926,-0.03680454749353601,
2003-03-18,189983,51897,30476,65053,121895,088691,GOLD - COMMODITY EXCHANGE INC. ,337.6000061035156,0.2991951911486817,-56842,9.155957717923453,21421,-6.256674284594074,0.09493549008280378,0.14723270974712588,-0.03680454749353601,-0.027251220499712625,
2003-03-25,182966,45220,15690,73435,130380,088691,GOLD - COMMODITY EXCHANGE INC. ,328.3999938964844,0.31123268804040094,-56945,-0.05421537716532532,29530,4.268276635277894,0.08275642126438192,0.35237235265145295,-0.027251220499712625,0.01796587699798846,
2003-04-01,171558,40659,16292,69948,119919,088691,GOLD - COMMODITY EXCHANGE INC. ,334.29998779296875,0.29127758542300564,-49971,3.811637134768208,24367,-2.8218357509045395,0.07346194968056587,0.09065688047619884,0.01796587699798846,-0.03619496269150624,
2003-04-08,173293,45496,19799,66333,118940,088691,GOLD - COMMODITY EXCHANGE INC. ,322.20001220703125,0.30357256207694483,-52607,-1.5365066041805104,25697,0.7752480210774199,0.024795841811812838,0.12778926410904357,-0.03619496269150624,0.008379831120919556,
2003-04-15,180817,47667,26362,67965,116587,088691,GOLD - COMMODITY EXCHANGE INC. ,324.8999938964844,0.2689017072509775,-48622,2.299573554615593,21305,-2.534435897583861,0.021592830205037064,0.11798079131151305,0.008379831120919556,0.029239766631164565,
2003-04-22,177869,50301,25224,62217,114835,088691,GOLD - COMMODITY EXCHANGE INC. ,334.3999938964844,0.29582445507648886,-52618,-2.209969195374329,25077,2.0860870382762684,0.04236043648193751,0.04994372724263489,0.029239766631164565,-0.002093246717192798,
2003-04-29,176123,49345,24578,61323,114157,088691,GOLD - COMMODITY EXCHANGE INC. ,333.70001220703125,0.2999835342345974,-52834,-0.121437687286711,24767,-0.17428556971703896,0.008958285844540689,0.021671198409155473,-0.002093246717192798,0.026370954363373444,
2003-05-06,178933,53877,14586,59479,129288,088691,GOLD - COMMODITY EXCHANGE INC. ,342.5,0.3901404436297385,-69809,-9.638150610652781,39291,8.246509541627159,0.08992567556829319,0.2121437856944627,0.026370954363373444,0.021897810218978186,
2003-05-13,183957,58093,15673,57917,131631,088691,GOLD - COMMODITY EXCHANGE INC. ,350.0,0.40071321015237255,-73714,-2.1823811147189174,42420,1.7486992337914193,0.020601641800493807,0.0718894883821815,0.021897810218978186,0.046571393694196495,
2003-05-20,196238,79694,13953,45003,143069,088691,GOLD - COMMODITY EXCHANGE INC. ,366.2999877929688,0.49972991979127385,-98066,-13.237876242817615,65741,12.677419179482161,0.12948232591773362,0.24903093532093928,0.046571393694196495,0.004095004231471133,
2003-05-27,206318,78295,9546,44032,141663,088691,GOLD - COMMODITY EXCHANGE INC. ,367.7999877929688,0.4732064095231633,-97631,0.22166960527522703,68749,1.5328325808457077,0.012800560058159886,0.06609669744196901,0.004095004231471133,-0.007068993127321677,
2003-06-03,205219,94155,9108,47320,160932,088691,GOLD - COMMODITY EXCHANGE INC. ,365.2000122070313,0.5536134568436646,-113612,-7.745809866322862,85047,7.899456179296038,0.10831588652209823,0.1578300068756476,-0.007068993127321677,-0.035596931997445735,
2003-06-10,201381,79118,13519,51645,145025,088691,GOLD - COMMODITY EXCHANGE INC. ,352.20001220703125,0.4636981641763622,-93380,9.858736276855456,65599,-9.47670537328415,0.10287283266385315,0.2099377138724268,-0.035596931997445735,0.03123225331841839,
2003-06-17,199642,81499,17324,51869,146075,088691,GOLD - COMMODITY EXCHANGE INC. ,363.2000122070313,0.4718746556335841,-94206,-0.4101677914003804,64175,-0.7071173546660311,0.006436163763488664,0.06259676391123524,0.03123225331841839,-0.04653090265985238,
2003-06-24,192790,65690,16806,59389,136408,088691,GOLD - COMMODITY EXCHANGE INC. ,346.29998779296875,0.399496861870429,-77019,8.608909948808368,48884,-7.659209985874716,0.08777969018932874,0.1979126260667184,-0.04653090265985238,0.014727133362085532,
2003-07-01,187164,59522,14308,60916,132919,088691,GOLD - COMMODITY EXCHANGE INC. ,351.3999938964844,0.38470539206257615,-72003,2.601794698895171,45214,-1.9036257067275273,0.025877679469652023,0.1173777597182717,0.014727133362085532,-0.02077401229300868,
2003-07-08,187327,56977,15649,63710,132545,088691,GOLD - COMMODITY EXCHANGE INC. ,344.1000061035156,0.36745904220961206,-68835,1.6926331986920562,41328,-2.076253980466329,0.016142263891365825,0.053507008509349266,-0.02077401229300868,-0.0058122637736842675,0.4049410464892552
2003-07-15,186983,51045,23530,66125,119797,088691,GOLD - COMMODITY EXCHANGE INC. ,342.1000061035156,0.28704213752052327,-53672,8.094401768031304,27515,-7.373736834519316,0.08155570615634514,0.18522292993630574,-0.0058122637736842675,0.02484653565726047,0.4005744202311541
2003-07-22,192848,60068,20659,62487,130912,088691,GOLD - COMMODITY EXCHANGE INC. ,350.6000061035156,0.35481311706629054,-68425,-7.8900220875694576,39409,6.3610060807667015,0.07628271087234163,0.1473360833426239,0.02484653565726047,0.03166002826662351,0.3989400879752661
2003-07-29,238119,93311,17864,57122,167454,088691,GOLD - COMMODITY EXCHANGE INC. ,361.7000122070313,0.4633481578538462,-110332,-21.730585746287232,75447,18.687256284742386,0.18660498005129666,0.32415561052394876,0.03166002826662351,-0.0334531537051479,0.4011610559021137
2003-08-05,200599,75623,17812,52412,145598,088691,GOLD - COMMODITY EXCHANGE INC. ,349.6000061035156,0.4645387065738114,-93186,7.2006013799822775,57811,-7.406380843191849,0.13416494116458766,0.1898646117621876,-0.0334531537051479,0.02545764800086725,0.40327364425783696
2003-08-12,209187,84578,18065,49254,151016,088691,GOLD - COMMODITY EXCHANGE INC. ,358.5,0.4864642640317037,-101762,-4.275195788613104,66513,4.338007667037223,0.04282219004344135,0.08970899135839755,0.02545764800086725,0.008647157889862367,0.4059572126376391
2003-08-19,229142,104223,14225,48481,174211,088691,GOLD - COMMODITY EXCHANGE INC. ,361.6000061035156,0.548699059971546,-125730,-11.457690965499769,89998,11.226797076300153,0.10762847340721714,0.19827265973254085,0.008647157889862367,0.011614993414161834,0.4104178953668237
2003-08-26,243009,117340,17113,47524,184612,088691,GOLD - COMMODITY EXCHANGE INC. ,365.7999877929688,0.5641272545461279,-137088,-4.9567517085475385,100227,4.464044129840885,0.04892821449495124,0.11903787940767406,0.011614993414161834,0.020229701096246888,0.41507575473589353
2003-09-02,274981,146230,23383,45994,209840,088691,GOLD - COMMODITY EXCHANGE INC. ,373.2000122070313,0.5958448038228096,-163846,-11.011114814677645,122847,9.30829722355962,0.10459125839411493,0.20729543136434117,0.020229701096246888,0.02277599068052716,0.42039249147374397
2003-09-09,283325,151530,36438,46865,204805,088691,GOLD - COMMODITY EXCHANGE INC. ,381.7000122070313,0.557451689755581,-157940,2.14778475603769,115092,-2.8201948498259877,0.023467238844518616,0.09764959993190331,0.02277599068052716,-0.021482871220301902,0.42430846856751075
2003-09-16,283175,144818,39002,52270,200273,088691,GOLD - COMMODITY EXCHANGE INC. ,373.5,0.522655601659751,-148003,3.507279625871349,105816,-3.2739786464307774,0.03934775463980392,0.050462408878250466,-0.021482871220301902,0.033199448183358404,0.4270403333756285
2003-09-23,291738,146587,38919,53760,204257,088691,GOLD - COMMODITY EXCHANGE INC. ,385.8999938964844,0.5158635488006362,-150497,-0.880727465348283,107668,0.6540125364174098,0.021215656332722262,0.009983504576671375,0.033199448183358404,-0.0012956724744963566,0.4294409608195477
2003-09-30,277922,136571,41383,56237,193254,088691,GOLD - COMMODITY EXCHANGE INC. ,385.3999938964844,0.4930052316837098,-137017,4.6205842228300735,95188,-4.277810912531107,0.05403000509036398,0.07013048315856907,-0.0012956724744963566,-0.02127654857113337,0.4311137047896572
2003-10-07,255935,110811,30046,66122,182162,088691,GOLD - COMMODITY EXCHANGE INC. ,377.2000122070313,0.45339637017211404,-116040,7.547801181626499,80765,-5.189585567173523,0.08448792511801002,0.2633663928665242,-0.02127654857113337,-0.003976670072790678,0.4316850551840791
2003-10-14,246133,108615,31723,60855,174060,088691,GOLD - COMMODITY EXCHANGE INC. ,375.7000122070313,0.4599342631829133,-113205,1.1077031277472795,76892,-1.513274854943638,0.05690994615073537,0.02759765708503755,-0.003976670072790678,0.015970188461675194,0.43239128538405003
2003-10-21,252897,115942,35078,58549,177380,088691,GOLD - COMMODITY EXCHANGE INC. ,381.7000122070313,0.46987904166518385,-118831,-2.2857560749675985,80864,1.6137616654410418,0.023846157106587152,0.07073235333068467,0.015970188461675194,0.003929787665782003,0.4333056209031021
2003-10-28,261514,126193,35580,55341,183200,088691,GOLD - COMMODITY EXCHANGE INC. ,383.2000122070313,0.48891837530686694,-127859,-3.569832777771188,90613,3.8549290818001007,0.037846743327142926,0.0664696828271714,0.003929787665782003,-0.008611738531897672,0.4346297341031917
2003-11-04,262696,119702,35092,60871,184866,088691,GOLD - COMMODITY EXCHANGE INC. ,379.8999938964844,0.4720094710235405,-123995,1.4775499590844086,84610,-2.2954794007204202,0.02928333950524341,0.0450857268369575,-0.008611738531897672,0.021584660012565315,0.4354990303106417
2003-11-11,270895,124456,41878,63501,186704,088691,GOLD - COMMODITY EXCHANGE INC. ,388.1000061035156,0.45479983019251,-123203,0.30148917379785,82578,-0.7735176782288272,0.017857356967286825,0.06937847944497216,0.021584660012565315,0.02447822687605461,0.4359376848534114
2003-11-18,285620,136229,43069,60181,194784,088691,GOLD - COMMODITY EXCHANGE INC. ,397.6000061035156,0.47126601778586935,-134603,-4.208272577936101,93160,3.9063105631333173,0.04471201929676622,0.07230420863590224,0.02447822687605461,-0.016348088280229378,0.43672275891857715
2003-11-25,285510,134093,26065,67023,217576,088691,GOLD - COMMODITY EXCHANGE INC. ,391.1000061035156,0.5273125284578474,-150553,-5.584342833134935,108028,5.205517820880891,0.10412545370855134,0.11950698685048515,-0.016348088280229378,0.03221683944484699,0.43869210173464823
2003-12-02,278759,142642,29787,56851,215807,088691,GOLD - COMMODITY EXCHANGE INC. ,403.7000122070313,0.5702273289831001,-158956,-2.943154355364085,112855,1.6906588210570557,0.043794790543464704,0.07116552320085369,0.03221683944484699,0.011146890918824814,0.44149072359099834
2003-12-09,276302,140647,33619,53459,206979,088691,GOLD - COMMODITY EXCHANGE INC. ,408.2000122070313,0.5556239187555646,-153520,1.9500715671960367,107028,-2.0903360967717632,0.04692095623526521,0.033437388819391047,0.011146890918824814,-0.001224889723291822,0.4438684984902601
2003-12-16,278928,148033,31925,49454,211647,088691,GOLD - COMMODITY EXCHANGE INC. ,407.7000122070313,0.5814869787185224,-162193,-3.138956648884192,116108,3.286259238080072,0.033217030957368984,0.05045621756187555,-0.001224889723291822,0.022565566382130253,0.44667703890308175
2003-12-30,278641,146647,34047,48694,208608,088691,GOLD - COMMODITY EXCHANGE INC. ,416.8999938964844,0.5739069268341701,-159914,0.8170567314862617,112600,-1.2576722308265933,0.0147647511484559,0.019414036990713583,0.022565566382130253,0.014152060405041356,0.44922163666170356
2004-01-06,284500,151691,35706,49723,210164,088691,GOLD - COMMODITY EXCHANGE INC. ,422.7999877929688,0.5639402460456941,-160441,-0.18913225261178362,115985,1.2148248104191415,0.00994663065101371,0.03576898242768027,0.014152060405041356,0.002128723841172908,0.45147102115942883
2004-01-13,300273,147745,40513,61098,218408,088691,GOLD - COMMODITY EXCHANGE INC. ,423.7000122070313,0.5238899268332484,-157310,1.1005272407732865,107232,-3.0766256590509666,0.0701916953482215,0.046494704076320795,0.002128723841172908,-0.02596176465207445,0.4528636924223869
2004-01-20,277381,125320,40285,68541,196700,088691,GOLD - COMMODITY EXCHANGE INC. ,412.7000122070313,0.46203236703307005,-128159,9.708165569331909,85035,-7.392273031541298,0.10990382331539995,0.13678934814770086,-0.02596176465207445,-0.00654231191463317,0.45197843933695087
2004-01-27,275490,118100,32044,66120,199090,088691,GOLD - COMMODITY EXCHANGE INC. ,410.0,0.48266724744999817,-132970,-1.7344374704828376,86056,0.36808577371918044,0.018140341616077825,0.10297447783461211,-0.00654231191463317,-0.02634143364138708,0.4518569670040512
2004-02-03,236512,95128,27564,66869,176314,088691,GOLD - COMMODITY EXCHANGE INC. ,399.2000122070313,0.4627460763090245,-109445,8.53932992123126,67564,-6.712403354023739,0.0967378476291517,0.22374726958562904,-0.02634143364138708,0.018036025724666116,0.45121727958736557
2004-02-10,237396,95652,35366,62967,169358,088691,GOLD - COMMODITY EXCHANGE INC. ,406.3999938964844,0.44815835144652816,-106391,1.2912664050872684,60286,-3.077222297388716,0.04673625309372646,0.06354852005068005,0.018036025724666116,0.023622062617355555,0.4503926594239971
2004-02-17,241858,106632,36327,58109,177706,088691,GOLD - COMMODITY EXCHANGE INC. ,416.0,0.49449263617494565,-119597,-5.5628569984329985,70305,4.220374395524777,0.05600152662044399,0.08352744493176366,0.023622062617355555,-0.027644230769230727,0.44981415494522925
2004-02-24,241721,95788,32730,64021,168520,088691,GOLD - COMMODITY EXCHANGE INC. ,404.5,0.4323124594056785,-104499,6.24250593323355,63058,-2.996386309321999,0.06492618505983891,0.11236558303117074,-0.027644230769230727,-0.027194066749072876,0.4497504398120913
2004-03-02,237352,83802,39923,70486,160877,088691,GOLD - COMMODITY EXCHANGE INC. ,393.5,0.38083100205601805,-90391,5.836480901535241,43879,-7.934354069360958,0.06097777086223813,0.15501313396645788,-0.027194066749072876,0.027191898874285414,0.45034219654628865
2004-03-09,230009,95130,34591,58037,164459,088691,GOLD - COMMODITY EXCHANGE INC. ,404.2000122070313,0.4626862427122417,-106422,-6.754103609828441,60539,7.019110856449492,0.07205073349633252,0.12842947556679335,0.027191898874285414,-0.004453286136035461,0.45203454562126716
2004-03-16,245495,98116,35637,65943,176447,088691,GOLD - COMMODITY EXCHANGE INC. ,402.3999938964844,0.45012729383490496,-110504,-1.7747131633979538,62479,0.8434452564899634,0.08207434300094889,0.030145118240338536,-0.004453286136035461,0.043240542148120564,0.45329084140018777
2004-03-23,281839,144353,41842,49762,204617,088691,GOLD - COMMODITY EXCHANGE INC. ,419.7999877929688,0.5494448958447908,-154855,-18.065948389987575,102511,16.30664575653272,0.17435008392988416,0.28165095732968126,0.043240542148120564,0.004526023033139204,0.4581033357212668
2004-03-30,295044,159753,34615,53537,231882,088691,GOLD - COMMODITY EXCHANGE INC. ,421.7000122070313,0.6044691639213134,-178345,-8.334545609372727,125138,8.028342422446858,0.10875239560085348,0.11641319558775107,0.004526023033139204,-0.00663983454942918,0.4637424987189766
2004-04-06,305661,176285,32032,47013,243320,088691,GOLD - COMMODITY EXCHANGE INC. ,418.8999938964844,0.6422376423554199,-196307,-6.087905532734101,144253,6.478694703162918,0.06186689077714211,0.0917591939208034,-0.00663983454942918,-0.05060869419513969,0.47049173058306154
2004-04-20,255395,109438,36162,60461,182891,088691,GOLD - COMMODITY EXCHANGE INC. ,397.7000122070313,0.47937508565163767,-122430,24.169586568126128,73276,-23.22082306869375,0.30358082119727803,0.4874793956043956,-0.05060869419513969,0.0022629969043497233,0.47387254834411335
2004-04-27,246504,98229,40425,68224,169845,088691,GOLD - COMMODITY EXCHANGE INC. ,398.6000061035156,0.4122488884561711,-101621,8.147771099669141,57804,-6.058066915953718,0.08740743229903936,0.11158711613080041,0.0022629969043497233,-0.018063251622634002,0.47662922490575166
2004-05-04,246863,91845,37182,72166,161564,088691,GOLD - COMMODITY EXCHANGE INC. ,391.3999938964844,0.36213608357672067,-89398,4.958540226527764,54663,-1.2742186739363255,0.05229538356222992,0.07461229045083587,-0.018063251622634002,-0.03704650032221235,0.47790444853075614
2004-05-11,254742,86776,48760,83705,153147,088691,GOLD - COMMODITY EXCHANGE INC. ,376.8999938964844,0.27259737302839737,-69442,8.083835973799234,38016,-6.743416388847255,0.0842551466738723,0.12282345649864243,-0.03704650032221235,-0.0029185622746857875,0.477377791584483
2004-05-18,253647,82288,54775,87190,144769,088691,GOLD - COMMODITY EXCHANGE INC. ,375.7999877929688,0.2270044589527966,-57579,4.656868517951496,27513,-4.122995030265916,0.05114265883194875,0.07662899542546128,-0.0029185622746857875,0.03326237468343485,0.4742405611099265
2004-05-25,252665,76713,54504,88917,138156,088691,GOLD - COMMODITY EXCHANGE INC. ,388.2999877929688,0.19487859418597747,-49239,3.2880341577073646,22209,-2.091095104613893,0.03672827680966033,0.04455215406540311,0.03326237468343485,0.016224616298226247,0.47028220311057267
2004-06-01,228721,78293,46310,76601,136960,088691,GOLD - COMMODITY EXCHANGE INC. ,394.6000061035156,0.2638979367876146,-60359,-4.401084439870975,31983,3.8683632477786793,0.06326997906921207,0.0784411290257859,0.016224616298226247,-0.009123178022889422,0.4657469726681947
2004-06-08,225921,78878,48547,74331,134807,088691,GOLD - COMMODITY EXCHANGE INC. ,391.0,0.2676864921808951,-60476,-0.05115402608418117,30331,-0.7222773597527118,0.021148715202402243,0.022146360604277025,-0.009123178022889422,-0.0074168641853820105,0.46179466656545876
2004-06-15,223243,80534,51418,70809,127617,088691,GOLD - COMMODITY EXCHANGE INC. ,388.1000061035156,0.2544671053515676,-56808,1.623576382894906,29116,-0.537798611018896,0.053984860854928284,0.034307930156420516,-0.0074168641853820105,0.01777890695174067,0.45604185211368764
2004-06-22,219524,83340,43442,64397,134977,088691,GOLD - COMMODITY EXCHANGE INC. ,395.0,0.321513820812303,-70580,-6.169062411811345,39898,4.829714705500284,0.06907620853270738,0.0850436181792368,0.01777890695174067,-0.006329113924050667,0.4533075378182249
2004-06-29,226773,86673,46506,68603,140786,088691,GOLD - COMMODITY EXCHANGE INC. ,392.5,0.31830508923019935,-72183,-0.7302162861463894,40167,0.12253785463092874,0.047829637660049,0.048033098311295326,-0.006329113924050667,0.00025479262042193973,0.45035427692585217
2004-07-06,226957,82019,50616,73312,136553,088691,GOLD - COMMODITY EXCHANGE INC. ,392.6000061035156,0.2786474971029754,-63241,3.9431501986568063,31403,-3.864657609151001,0.04260834345889024,0.06607607343461379,0.00025479262042193973,0.023942928554122167,0.44803025068032426
2004-07-13,247735,112049,41615,63996,170313,088691,GOLD - COMMODITY EXCHANGE INC. ,402.0,0.429156154762145,-106317,-18.979806747533672,70434,17.197530809800977,0.18384270343862166,0.25400223865056226,0.023942928554122167,-0.0002487714017801457,0.4488850730399313
2004-07-20,256572,114160,43702,71997,177908,088691,GOLD - COMMODITY EXCHANGE INC. ,401.8999938964844,0.4127925104843865,-105911,0.1638847962540618,70458,0.009687771207136658,0.06240771493167404,0.026592846916927444,-0.0002487714017801457,-0.0370738843562215,0.4497568705067539
2004-07-27,232007,78464,45149,70511,137016,088691,GOLD - COMMODITY EXCHANGE INC. ,387.0,0.2866508338110488,-66505,15.358651762468234,33315,-14.476638136663391,0.20420475408019198,0.30047810505367556,-0.0370738843562215,0.01808785529715773,0.44974934543541784
2004-08-03,217814,81545,47091,71215,134926,088691,GOLD - COMMODITY EXCHANGE INC. ,394.0,0.29250185938461254,-63711,1.204274008973867,34454,0.49093346321447195,0.01355382966028107,0.039048166920613206,0.01808785529715773,0.015228426395939021,0.4485510520184625
2004-08-10,219062,85056,38949,68536,146879,088691,GOLD - COMMODITY EXCHANGE INC. ,400.0,0.3576293469428746,-78343,-6.717658185424261,46107,5.349977503741725,0.06792470347933059,0.09397201725736866,0.015228426395939021,0.010999984741211,0.44651799796248226
2004-08-17,227948,91881,38091,68688,155438,088691,GOLD - COMMODITY EXCHANGE INC. ,404.3999938964844,0.3805692526365662,-86750,-3.8377263057947064,53790,3.5072262647104475,0.03886653043377386,0.059112731973040344,0.010999984741211,-0.003461903851667114,0.4449032007713814
2004-08-24,259849,126481,41720,64326,184274,088691,GOLD - COMMODITY EXCHANGE INC. ,403.0,0.46160654841850457,-119948,-14.563847895133977,84761,13.586870689806446,0.13353982300884956,0.22728164517452334,-0.003461903851667114,0.018362267733211812,0.4444251677788199
2004-08-31,269575,130720,50223,66831,184906,088691,GOLD - COMMODITY EXCHANGE INC. ,410.3999938964844,0.43800426597421865,-118075,0.7208032357253636,80497,-1.6409530150202616,0.012461418067268618,0.07041996650879007,0.018362267733211812,-0.03167641372645591,0.44229642174040973
2004-09-07,256711,111967,49824,72594,171923,088691,GOLD - COMMODITY EXCHANGE INC. ,397.3999938964844,0.38692927065844473,-99329,6.953908930724288,62143,-6.808494853009367,0.07666542612579084,0.11837494050966989,-0.03167641372645591,0.020885803819888693,0.43888876820410816
2004-09-14,249885,101047,46191,76180,170130,088691,GOLD - COMMODITY EXCHANGE INC. ,405.7000122070313,0.3759729475558757,-93950,2.0953523612155305,54856,-2.838600605349985,0.02183833380699119,0.09883997337643814,0.020885803819888693,0.006408615991390976,0.4346604632758979
2004-09-21,256086,108228,43901,76546,179508,088691,GOLD - COMMODITY EXCHANGE INC. ,408.2999877929688,0.4020602453863155,-102962,-3.6064589711267185,64327,3.790143465994358,0.0380544728846259,0.06225637452425244,0.006408615991390976,0.01028658420915951,0.4316721662687967
2004-09-28,266565,124815,42697,69397,191559,088691,GOLD - COMMODITY EXCHANGE INC. ,412.5,0.45828222009641173,-122162,-7.497481314870785,82118,6.947275524628445,0.07357562194392925,0.10620731649075887,0.01028658420915951,0.013818211410985048,0.4304342166233478
2004-10-05,296592,162941,48849,61921,216187,088691,GOLD - COMMODITY EXCHANGE INC. ,418.2000122070313,0.5201286615957275,-154266,-12.043591619304859,114092,11.994823026278768,0.1154371682943317,0.20906558383304216,0.013818211410985048,-0.0074127355643907045,0.4305162380232534
2004-10-12,302197,165529,50392,59577,217073,088691,GOLD - COMMODITY EXCHANGE INC. ,415.1000061035156,0.5211699652875442,-157496,-1.0890381399363436,115137,0.3523358688029347,0.011675402132658594,0.019131997350882963,-0.0074127355643907045,0.012527057607791159,0.4310578675156348
2004-10-19,305225,172649,51735,60297,219891,088691,GOLD - COMMODITY EXCHANGE INC. ,420.2999877929688,0.5228732901957572,-159594,-0.694249115643107,120914,1.911666892788479,0.012627235998686596,0.037716592983456934,0.012527057607791159,0.015465144393965069,0.4323939621314742
2004-10-26,321849,185342,57447,60217,223855,088691,GOLD - COMMODITY EXCHANGE INC. ,426.7999877929688,0.508430972288247,-163638,-1.3249242362191826,127895,2.287165205995577,0.014235827536680842,0.07580656454781724,0.015465144393965069,-0.01593249294155863,0.4333265911527305
2004-11-02,313532,176069,64632,63188,213245,088691,GOLD - COMMODITY EXCHANGE INC. ,420.0,0.4786018652003623,-150057,4.219680657699729,111437,-5.11357810650336,0.04912944547141622,0.06837528718202251,-0.01593249294155863,0.037380981445312544,0.4334943377591763
2004-11-09,342146,187528,69675,69495,231763,088691,GOLD - COMMODITY EXCHANGE INC. ,435.7000122070313,0.47426537209261543,-162268,-3.894658280494495,117853,2.0463620938213642,0.08240445067018967,0.06415943826471697,0.037380981445312544,0.01032820719284655,0.43321254923582525
2004-11-16,362336,196371,73370,73269,239496,088691,GOLD - COMMODITY EXCHANGE INC. ,440.2000122070313,0.4587647928994083,-166227,-1.1571083689419137,123001,1.5046208343806444,0.03679120106149985,0.04648162496617125,0.01032820719284655,0.017264823660120943,0.43295784388728425
2004-11-23,352638,202921,64289,60802,237632,088691,GOLD - COMMODITY EXCHANGE INC. ,447.7999877929688,0.5014490780914138,-176830,-2.9262894109334985,138632,4.313951691247903,0.04802066788636684,0.05849706223569477,0.017264823660120943,0.00781598949399287,0.4338549448084171
2004-11-30,345646,201218,72765,66242,234572,088691,GOLD - COMMODITY EXCHANGE INC. ,451.2999877929688,0.487001151467108,-168330,2.4104038702578845,128453,-2.886529528865295,0.028256663586136283,0.03715194008387382,0.00781598949399287,0.0015511017637170887,0.4341575435330563
2004-12-07,353244,211208,78861,67132,236389,088691,GOLD - COMMODITY EXCHANGE INC. ,452.0,0.47915038896626694,-169257,-0.2681934696192058,132347,1.1265861604068903,0.008918658017072954,0.05545577086831064,0.0015511017637170887,-0.03561948252990188,0.43323134854283357
2004-12-14,316029,160002,72208,84079,206877,088691,GOLD - COMMODITY EXCHANGE INC. ,435.8999938964844,0.3885656063209389,-122798,13.15209883253502,87794,-12.612528450589394,0.15967706457333755,0.24916670255372292,-0.03561948252990188,0.013535200686159099,0.4297378538762535
2004-12-21,319955,162396,72143,84261,210579,088691,GOLD - COMMODITY EXCHANGE INC. ,441.7999877929688,0.3947992686471535,-126318,-1.1138218328064828,90253,0.7780931496793017,0.01317324650657984,0.010484397051236681,0.013535200686159099,0.005658669237382341,0.4266450721433994
2004-12-28,330965,169514,70761,85507,223002,088691,GOLD - COMMODITY EXCHANGE INC. ,444.2999877929688,0.4154366775943076,-137495,-3.493303745839259,98753,2.6566235876920192,0.0443066490766882,0.035376131515971285,0.005658669237382341,-0.03556153100848414,0.42345179712177994
2005-01-04,302298,140471,67228,89301,195043,088691,GOLD - COMMODITY EXCHANGE INC. ,428.5,0.3497939119676611,-105742,9.594065837777409,73243,-7.707763660810056,0.11167107447317334,0.1568423535982359,-0.03556153100848414,-0.015402581338426202,0.41914193145127016
2005-01-11,275461,109497,72710,94433,164780,088691,GOLD - COMMODITY EXCHANGE INC. ,421.8999938964844,0.25537916438261676,-70347,11.70864511177712,36787,-12.059623285632059,0.13654793548163094,0.20008012864489289,-0.015402581338426202,0.00308134233077495,0.413208064496211
2005-01-18,275630,107825,78259,93319,156259,088691,GOLD - COMMODITY EXCHANGE INC. ,423.2000122070313,0.22834959910024308,-62940,2.688946892663571,29566,-2.6214237224144252,0.038605165519396745,0.038805055781260075,0.00308134233077495,-0.002835567515164117,0.4075245966551916
2005-01-25,273430,107378,79033,86831,146415,088691,GOLD - COMMODITY EXCHANGE INC. ,422.0,0.21791317704714186,-59584,1.2175742843667234,28345,-0.4429851612669158,0.07002049338466683,0.006550042647697829,-0.002835567515164117,-0.0028436308223488416,0.40282999684777
2005-02-01,253116,102388,74270,87665,145237,088691,GOLD - COMMODITY EXCHANGE INC. ,420.7999877929688,0.22745302549028903,-57572,0.735837325823794,28118,-0.08301941996123323,0.008638826630943487,0.0552083687124274,-0.0028436308223488416,-0.0194866490668425,0.3979220310408525
2005-02-08,255424,97630,86455,95269,133451,088691,GOLD - COMMODITY EXCHANGE INC. ,412.6000061035156,0.1494847782510649,-38182,7.660519287599361,11175,-6.693768864868281,0.08477614550542148,0.0920390037211071,-0.0194866490668425,0.032234579729094825,0.39189777530896863
2005-02-15,262589,109421,87714,88032,139509,088691,GOLD - COMMODITY EXCHANGE INC. ,425.8999938964844,0.19603639147108218,-51477,-5.205070784264596,21707,4.1233400150338255,0.05842903037254824,0.06619829051157836,0.032234579729094825,0.020192548078800554,0.38704927607867157
2005-02-22,267860,119318,80413,77524,151123,088691,GOLD - COMMODITY EXCHANGE INC. ,434.5,0.274766669155529,-73599,-8.424572240269015,38905,6.549398489654935,0.09675176144887097,0.08610581231756713,0.020192548078800554,-0.0036824076030279596,0.3828237767129136
2005-03-01,287761,135741,79060,78389,169645,088691,GOLD - COMMODITY EXCHANGE INC. ,432.8999938964844,0.3171242802186537,-91256,-6.591876353318899,56681,6.636302546106175,0.07816267124668393,0.08275566687305926,-0.0036824076030279596,0.017094003235892608,0.38060861942085544
2005-03-08,296335,143930,73453,75163,184237,088691,GOLD - COMMODITY EXCHANGE INC. ,440.2999877929688,0.36807666998498323,-109074,-6.191944009090877,70477,4.794256344674921,0.06868928296067849,0.06346402432572924,0.017094003235892608,0.0013627211450155663,0.3803633438041047
2005-03-15,335503,178724,67602,78689,226180,088691,GOLD - COMMODITY EXCHANGE INC. ,440.8999938964844,0.4396115683019228,-147491,-12.964044071743128,111122,13.715895861103144,0.1491427465567178,0.16500491218953744,0.0013627211450155663,-0.02177365896214889,0.3799196000654448
2005-03-22,299531,148089,56328,74842,200820,088691,GOLD - COMMODITY EXCHANGE INC. ,431.2999877929688,0.42058417993463115,-125978,6.412163229538931,91761,-5.7707382646354874,0.10595221684526702,0.2050171952430571,-0.02177365896214889,-0.012288402371837925,0.3793514632596703
2005-03-29,281601,139491,37970,70361,204216,088691,GOLD - COMMODITY EXCHANGE INC. ,426.0,0.4753356699727629,-133855,-2.6297778860952623,101521,3.2584273414104046,0.028687763359640465,0.15189816354015812,-0.012288402371837925,-0.0035211267605633756,0.3779262858390543
2005-04-05,272946,143487,37223,66117,201057,088691,GOLD - COMMODITY EXCHANGE INC. ,424.5,0.49438350442944756,-134940,-0.38529692721261644,106264,1.6842979961008662,0.02770853451308885,0.026246472248353716,-0.0035211267605633756,0.0073027234476221725,0.3758092539257492
2005-04-12,279545,150611,37267,64126,206155,088691,GOLD - COMMODITY EXCHANGE INC. ,427.6000061035156,0.5080720456456027,-142029,-2.597217031940384,113344,2.5939196764195116,0.026228258738128098,0.03815241805852734,0.0073027234476221725,0.012394732734605451,0.37322914629671433
2005-04-19,280432,152815,38423,61372,204959,088691,GOLD - COMMODITY EXCHANGE INC. ,432.8999938964844,0.5120207394305928,-143587,-0.5573342395678692,114392,0.3748949185283228,0.014831168733643475,0.01756972986540332,0.012394732734605451,0.011550011712856634,0.373856947330925
2005-04-26,302084,173826,36049,57612,226901,088691,GOLD - COMMODITY EXCHANGE INC. ,437.8999938964844,0.5604037287641848,-169289,-9.165145204541563,137777,8.338919952073944,0.09033682116458651,0.11142346634901727,0.011550011712856634,-0.02557657420771886,0.3767060788753099
2005-05-03,290539,153914,46186,67838,205533,088691,GOLD - COMMODITY EXCHANGE INC. ,426.7000122070313,0.4739294896726429,-137695,10.458680367050224,107728,-9.947233219899102,0.11557187850942492,0.15016991504247876,-0.02557657420771886,0.0011717834208953004,0.37885595206946215
2005-05-10,282478,134719,54341,79372,187921,088691,GOLD - COMMODITY EXCHANGE INC. ,427.2000122070313,0.384274173563959,-108549,10.031699702965867,80378,-9.413538285737886,0.10904138903749817,0.14466306992489156,0.0011717834208953004,-0.01825846930633246,0.3810035828489922
2005-05-17,274382,124569,68625,81363,161224,088691,GOLD - COMMODITY EXCHANGE INC. ,419.3999938964844,0.2910577224453499,-79861,10.155835144683834,55944,-8.649877158575181,0.11825860412965246,0.12647390705715497,-0.01825846930633246,-0.004530266867274535,0.38223537637769517
2005-05-24,272748,114965,75456,91915,152378,088691,GOLD - COMMODITY EXCHANGE INC. ,417.5,0.2216808189244284,-60463,7.06970573871464,39509,-5.989824405391024,0.07940464933501984,0.08630875796261966,-0.004530266867274535,-0.002874280735404078,0.3827508037765115
2005-05-31,255995,113002,80037,80741,133737,088691,GOLD - COMMODITY EXCHANGE INC. ,416.2999877929688,0.2070196683528975,-52996,2.737691935412909,32965,-2.3992843210582664,0.13901192663116962,0.03389988551536218,-0.002874280735404078,0.02041796841038379,0.38165699092199773
2005-06-07,252151,111796,72689,71621,138673,088691,GOLD - COMMODITY EXCHANGE INC. ,424.7999877929688,0.26592002411253574,-67052,-5.490732240864079,39107,2.399265610656458,0.0668397576725917,0.046366913299184215,0.02041796841038379,0.006355961121983444,0.38162302038222157
2005-06-14,257034,119458,62597,65549,153639,088691,GOLD - COMMODITY EXCHANGE INC. ,427.5,0.3427173058817121,-88090,-8.343413272205941,56861,7.041019071905326,0.09598153183568443,0.09751998022575595,0.006355961121983444,0.026666652389437218,0.38332013962318595
2005-06-21,289771,162238,53728,51923,195985,088691,GOLD - COMMODITY EXCHANGE INC. ,438.8999938964844,0.4971581007071101,-144062,-21.776107441038928,108510,20.09422877907203,0.22577730448392144,0.23915338525508645,0.026666652389437218,-0.005696058406848947,0.38669791423654765
2005-06-28,303385,175520,45589,49769,215343,088691,GOLD - COMMODITY EXCHANGE INC. ,436.3999938964844,0.5457553933121282,-165574,-7.423793271238323,129931,7.392389162476576,0.08114306406349014,0.09687981945556264,-0.005696058406848947,-0.03093492252248342,0.39107195854581545
2005-07-05,281186,146733,41859,54747,195088,088691,GOLD - COMMODITY EXCHANGE INC. ,422.8999938964844,0.4991037960638154,-140341,8.317154770341316,104874,-8.259142673500667,0.1009986591150159,0.1724198269279715,-0.03093492252248342,0.008039711386982562,0.3953115027566008
2005-07-12,269891,124585,50863,66138,177046,088691,GOLD - COMMODITY EXCHANGE INC. ,426.2999877929688,0.41093626686328927,-110908,10.467448592746438,73722,-11.078787706358069,0.12103181130337522,0.17755688295107383,0.008039711386982562,-0.01548199806457129,0.3949611202970074
2005-07-19,270001,116572,62461,75991,160039,088691,GOLD - COMMODITY EXCHANGE INC. ,419.7000122070313,0.31128773597134823,-84048,9.952165874371506,54111,-7.2662667521332684,0.11379909333559293,0.10953846497573073,-0.01548199806457129,0.008815776940287456,0.393009105402526
2005-07-26,256886,110685,61663,68301,151110,088691,GOLD - COMMODITY EXCHANGE INC. ,423.3999938964844,0.32235699882438124,-82809,0.45888718930670624,49022,-1.8848078340450591,0.07574369562145927,0.03878780142502379,0.008815776940287456,0.020075578938430816,0.3936957624220131
2005-08-02,244488,118941,53372,55334,155141,088691,GOLD - COMMODITY EXCHANGE INC. ,431.8999938964844,0.40822862471777754,-99807,-6.616942924098628,65569,6.441378666023061,0.0807601852951657,0.09602873840046891,0.020075578938430816,0.005325349254573508,0.3959212771399586
2005-08-09,287839,168613,50914,48576,199406,088691,GOLD - COMMODITY EXCHANGE INC. ,434.2000122070313,0.5240082129245863,-150830,-20.869326919930632,117699,21.32210987860345,0.20575283689945237,0.23746509540967625,0.005325349254573508,0.027406710184085137,0.39912087071652996
2005-08-16,331633,208558,50951,46115,239481,088691,GOLD - COMMODITY EXCHANGE INC. ,446.1000061035156,0.5830722515551829,-193366,-14.777705592362397,157607,13.864695194188418,0.1489376601913192,0.1540678743319114,0.027406710184085137,-0.01501908118216111,0.40301515915727265
2005-08-23,331804,206898,47211,48371,242245,088691,GOLD - COMMODITY EXCHANGE INC. ,439.3999938964844,0.5843027811599619,-193874,-0.1531813782102505,159687,0.6271993438529941,0.017273653205604648,0.021250723114883772,-0.01501908118216111,-0.018661770148738044,0.40537470209460835
2005-08-30,291894,158841,49008,58835,198485,088691,GOLD - COMMODITY EXCHANGE INC. ,431.2000122070313,0.4784271002487204,-139650,16.342177912261455,109833,-15.02513532085207,0.21072594434944816,0.23985681913312068,-0.018661770148738044,0.03061220156718214,0.4061520642921949
2005-09-06,299192,159922,44670,56461,205078,088691,GOLD - COMMODITY EXCHANGE INC. ,444.3999938964844,0.4967278536859274,-148617,-3.072005591070731,115252,1.856495851233667,0.03428551764746367,0.02648686165636975,0.03061220156718214,0.0038254100593602125,0.4082635755042619
2005-09-13,321200,175285,48487,63202,221991,088691,GOLD - COMMODITY EXCHANGE INC. ,446.1000061035156,0.49436176836861767,-158789,-3.3998235246931734,126798,3.859060402684564,0.08294032462227334,0.0857122428185832,0.0038254100593602125,0.045057175136759664,0.4105402835968146
2005-09-20,363315,219963,61837,58120,245197,088691,GOLD - COMMODITY EXCHANGE INC. ,466.2000122070313,0.5149168077288303,-187077,-8.806973848069738,158126,9.753424657534246,0.09326216466600949,0.20591909155429383,0.045057175136759664,-0.007722020611867775,0.41271060210340144
2005-09-27,366819,219648,53548,53912,248026,088691,GOLD - COMMODITY EXCHANGE INC. ,462.6000061035156,0.5291819671282022,-194114,-1.9368867236420186,166100,2.1947896453490774,0.023306109201226742,0.03149387253107659,-0.007722020611867775,0.007565931590620911,0.41407405877708975
2005-10-04,363529,229464,57966,51172,253896,088691,GOLD - COMMODITY EXCHANGE INC. ,466.1000061035156,0.5576556478300219,-202724,-2.34720666050559,171498,1.4715704475504268,0.028223215807623218,0.04952162265595102,0.007565931590620911,0.023600085509454027,0.4147957315892877
2005-10-11,370844,234060,56650,49551,262265,088691,GOLD - COMMODITY EXCHANGE INC. ,477.1000061035156,0.5735942876249852,-212714,-2.7480613651180508,177410,1.6262801592170089,0.03203812504810529,0.020336417735888,0.023600085509454027,-0.010479983097956946,0.4158038916342385
2005-10-18,362699,224424,54000,51648,251155,088691,GOLD - COMMODITY EXCHANGE INC. ,472.1000061035156,0.5500621727658471,-199507,3.5613357638252205,170424,-1.8838109825155591,0.04361581622374944,0.04412694307961957,-0.010479983097956946,0.001482697903841368,0.41632675476058634
2005-10-25,339388,206809,53457,54314,235105,088691,GOLD - COMMODITY EXCHANGE INC. ,472.7999877929688,0.5326970900562188,-180791,5.160201709957843,153352,-4.706933297307134,0.06466748900383182,0.06976708444437614,0.001482697903841368,-0.029610829867724897,0.4167934108715089
2005-11-01,334470,180554,49986,69529,229860,088691,GOLD - COMMODITY EXCHANGE INC. ,458.7999877929688,0.4793583878972703,-160331,6.028498355864085,130568,-6.713260339198793,0.06833918413836179,0.12894074780949077,-0.029610829867724897,0.004577171227962529,0.41680795938491094
2005-11-08,317076,167250,44139,67808,218224,088691,GOLD - COMMODITY EXCHANGE INC. ,460.8999938964844,0.4743846901058421,-150416,2.9643914252399317,123111,-2.2294974138188777,0.04669757229960284,0.0905960101992062,0.004577171227962529,0.015621636585762877,0.4168102539620885
2005-11-15,324719,177421,47735,67453,221732,088691,GOLD - COMMODITY EXCHANGE INC. ,468.1000061035156,0.4751154074753864,-154279,-1.2183198980686019,129686,2.0736353429461705,0.01335823089026056,0.06114427330384267,0.015621636585762877,0.052339243068888264,0.4171246888577803
2005-11-22,350603,201765,38783,56380,236621,088691,GOLD - COMMODITY EXCHANGE INC. ,492.6000061035156,0.5140885845243766,-180241,-7.995220482940635,162982,10.253788660349409,0.08860720611875045,0.1384172805427607,0.052339243068888264,0.013195290132891557,0.41736775628918343
2005-11-29,350225,199521,40616,70700,251219,088691,GOLD - COMMODITY EXCHANGE INC. ,499.1000061035156,0.5154372189306874,-180519,-0.07929196270425524,158905,-1.1628537120332685,0.0898300504164091,0.01697780850098069,0.013195290132891557,0.022240044014772975,0.41791460374040607
2005-12-06,341011,208466,41053,52222,242514,088691,GOLD - COMMODITY EXCHANGE INC. ,510.2000122070313,0.5580230549747662,-190292,-2.7904918266828465,167413,2.429295452923121,0.09222829922371206,0.03760034306004753,0.022240044014772975,0.021168144912913522,0.41943138577903105
2005-12-13,337574,189931,33600,56475,237205,088691,GOLD - COMMODITY EXCHANGE INC. ,521.0,0.5353789095131735,-180730,2.8040151197468703,156331,-3.249748541835894,0.03255924816126396,0.11626127919617413,0.021168144912913522,-0.05067177331378958,0.4222547185327279
2005-12-20,324429,182723,26553,55214,244745,088691,GOLD - COMMODITY EXCHANGE INC. ,494.6000061035156,0.584198699869617,-189531,-2.6071320658581523,156170,-0.04769324651780054,0.02934067655912975,0.06811578967487911,-0.05067177331378958,0.02709258740623599,0.4258970152870061
2005-12-27,320115,179324,24802,53560,242794,088691,GOLD - COMMODITY EXCHANGE INC. ,508.0,0.5911438076941099,-189234,0.09154545370481676,154522,-0.5079693862139327,0.01216450596246381,0.025229515103416516,0.02709258740623599,0.044685063399667824,0.4292759985581561
2006-01-03,325524,180688,29726,51741,239049,088691,GOLD - COMMODITY EXCHANGE INC. ,530.7000122070312,0.5754045784642607,-187308,0.6016587788763413,150962,-1.1121003389406932,0.019134083015234362,0.02988394308363512,0.044685063399667824,0.025626484403832972,0.43361466522155223
2006-01-10,343419,184408,38602,59932,240141,088691,GOLD - COMMODITY EXCHANGE INC. ,544.2999877929688,0.5247496498446504,-180209,2.1807915852594584,145806,-1.583907791745002,0.030935805620632313,0.05648177211784225,0.025626484403832972,0.016718788949440677,0.43879486686505287
2006-01-17,361704,191650,43171,66156,248147,088691,GOLD - COMMODITY EXCHANGE INC. ,553.4000244140625,0.5031489836993785,-181991,-0.5188996531933294,148479,0.7783494797899941,0.045274782614228945,0.05029788647523007,0.016718788949440677,0.007770125773885805,0.44407947041503626
2006-01-24,356080,188928,46079,63004,238009,088691,GOLD - COMMODITY EXCHANGE INC. ,557.7000122070312,0.49147663446416534,-175005,1.9314135315064251,142849,-1.5565213544776946,0.04415091707002688,0.023956733203691804,0.007770125773885805,0.023489286891165584,0.4493403061345944
2006-01-31,339645,187406,48156,63986,231268,088691,GOLD - COMMODITY EXCHANGE INC. ,570.7999877929688,0.4925201313135774,-167282,2.16889463042013,139250,-1.0107279263086946,0.02615713927669058,0.015278355592158328,0.023489286891165584,-0.0346881363286754,0.45443775047734997
2006-02-07,341727,180971,53622,67909,222347,088691,GOLD - COMMODITY EXCHANGE INC. ,551.0,0.45193385363170013,-154438,3.781595489408059,127349,-3.503952656450117,0.04425059258034287,0.0507304139509704,-0.0346881363286754,-0.009255854057962809,0.4602540788500545
2006-02-14,338143,167910,48996,71566,220771,088691,GOLD - COMMODITY EXCHANGE INC. ,545.9000244140625,0.4412482292994384,-149205,1.5313393439792582,118914,-2.4683446142681147,0.017900573653010052,0.08154223488515762,-0.009255854057962809,0.014654698007362743,0.46496969111598435
2006-02-21,333410,163886,45202,69049,219002,088691,GOLD - COMMODITY EXCHANGE INC. ,553.9000244140625,0.4497555562220689,-149953,-0.2212081870687845,118684,-0.0680185601949471,0.014879309566708673,0.037390955004591366,0.014654698007362743,0.01390133748417921,0.46833486202111013
2006-02-28,339859,169963,42593,69177,226038,088691,GOLD - COMMODITY EXCHANGE INC. ,561.5999755859375,0.461547288728561,-156861,-2.071923457604751,127370,2.605200803815123,0.02426705960063005,0.040864525113381886,0.01390133748417921,-0.015847513828006532,0.4711122275693776
2006-03-07,338325,167144,46255,71482,221233,088691,GOLD - COMMODITY EXCHANGE INC. ,552.7000122070312,0.4426246951895367,-149751,2.0920440535633897,120889,-1.9069673011454749,0.02428983823855969,0.030370339129986552,-0.015847513828006532,-0.001809299761016514,0.472545843438696
2006-03-14,322360,143697,47757,78233,208569,088691,GOLD - COMMODITY EXCHANGE INC. ,551.7000122070312,0.40431815361707407,-130336,5.73856498928545,95940,-7.374270302224192,0.06769478594988877,0.13031328674250733,-0.001809299761016514,0.0012688276083789862,0.47186712392552577
2006-03-21,319618,149946,45682,72080,207882,088691,GOLD - COMMODITY EXCHANGE INC. ,552.4000244140625,0.42488846059984103,-135802,-1.695619803945899,104264,2.5822062290606773,0.02443188718468935,0.04255014619584108,0.0012688276083789862,0.025705920608778188,0.47194989855370295
2006-03-28,334042,163056,42470,66109,215821,088691,GOLD - COMMODITY EXCHANGE INC. ,566.5999755859375,0.44818316259632024,-149712,-4.352070283901408,120586,5.106721148370868,0.04933848827723194,0.07941574302034779,0.025705920608778188,0.0342393668372476,0.47142773495030976
2006-04-04,342721,178040,45832,60499,231414,088691,GOLD - COMMODITY EXCHANGE INC. ,586.0,0.4987001088348832,-170915,-6.347405416085403,132208,3.479203213967106,0.0726346548457931,0.08194861349342482,0.0342393668372476,0.015699679534183053,0.47151074657349124
2006-04-11,342632,175000,50668,62155,228104,088691,GOLD - COMMODITY EXCHANGE INC. ,595.2000122070312,0.4843359639496603,-165949,1.4489920372547933,124332,-2.298079195613925,0.01710885795100238,0.034900827764680856,0.015699679534183053,0.04166664530299524,0.47105428346395384
2006-04-18,353757,177870,47576,58342,230866,088691,GOLD - COMMODITY EXCHANGE INC. ,620.0,0.4876907029401538,-172524,-1.9189684559527422,130294,1.7400593056106843,0.022734502503388564,0.026445357203055277,0.04166664530299524,0.01774193548387104,0.47058639814683
2006-04-25,354108,175346,45968,62298,229153,088691,GOLD - COMMODITY EXCHANGE INC. ,631.0,0.47119805257153186,-166855,1.6025124591174167,129378,-0.2589348055303499,0.01945095401971515,0.018670305538736817,0.01774193548387104,0.05340730936138072,0.46887090437389445
2006-05-02,359539,177709,47421,60931,232651,088691,GOLD - COMMODITY EXCHANGE INC. ,664.7000122070312,0.47761160819827614,-171720,-1.37387463711636,130288,0.25698374507212485,0.016571179431981525,0.01695020654732821,0.05340730936138072,0.05220401921133622,0.4689417143455412
2006-05-09,351933,175709,41773,61535,232868,088691,GOLD - COMMODITY EXCHANGE INC. ,699.4000244140625,0.4868341417258399,-171333,0.10763783622917125,133936,1.014632626780405,0.002788694408684694,0.03516612869111007,0.05220401921133622,-0.011295430566621634,0.47091402142557737
2006-05-16,338720,163773,37616,62710,225860,088691,GOLD - COMMODITY EXCHANGE INC. ,691.5,0.48166627302786963,-163150,2.3251584818701287,126157,-2.210363904493185,0.02835707107460928,0.07991002487722765,-0.011295430566621634,-0.026753434562545197,0.47457957047524124
2006-05-23,316143,144247,33149,61059,210062,088691,GOLD - COMMODITY EXCHANGE INC. ,673.0,0.4713151959714433,-149003,4.176606046291923,111098,-4.445854983467171,0.06435871806315262,0.13525107668718572,-0.026753434562545197,-0.028380350053399006,0.47938023157229925
2006-05-30,314494,133475,31988,78942,218251,088691,GOLD - COMMODITY EXCHANGE INC. ,653.9000244140625,0.4429623458635141,-139309,3.0663339058590573,101487,-3.040079963813844,0.08772750367606236,0.0721188422789385,-0.028380350053399006,-0.03746750127736054,0.4839175907551957
2006-06-06,283161,134649,38753,51439,180808,088691,GOLD - COMMODITY EXCHANGE INC. ,629.4000244140625,0.4568743576975643,-129369,3.1606326352808,95896,-1.777776364572933,0.2796419329420832,0.045783785654144704,-0.03746750127736054,-0.10629174105346251,0.4875897894779847
2006-06-13,288981,138766,39479,51699,186100,088691,GOLD - COMMODITY EXCHANGE INC. ,562.5,0.46508593990608377,-134401,-1.7770808833137333,99287,1.1975519227577245,0.0233474488959163,0.027170467614799854,-0.10629174105346251,0.025600043402777883,0.48994303243999177
2006-06-20,288148,131864,41643,58813,181084,088691,GOLD - COMMODITY EXCHANGE INC. ,576.9000244140625,0.4243340227938421,-122271,4.197507794630097,90221,-3.137230475359972,0.05056336677824233,0.05225149417602748,0.025600043402777883,0.008146907562794015,0.4885425694031982
2006-06-27,292789,128310,42686,61095,177336,088691,GOLD - COMMODITY EXCHANGE INC. ,581.5999755859375,0.39701286592050933,-116241,2.092674597776143,85624,-1.5953607174091091,0.025290335568780905,0.02688366979344546,0.008146907562794015,0.10247599574097155,0.4856821361841286
2006-07-11,312684,142194,40265,64408,196455,088691,GOLD - COMMODITY EXCHANGE INC. ,641.2000122070312,0.4223017487303476,-132047,-5.398426853467856,101929,5.568856753498253,0.08599149745268589,0.08936254172170187,0.10247599574097155,-0.020118565453017045,0.4842051737354081
2006-07-18,324276,143202,35828,63969,204060,088691,GOLD - COMMODITY EXCHANGE INC. ,628.2999877929688,0.43201161973133995,-140091,-2.5725652735669238,107374,1.7413746785892465,0.030011677840830656,0.03041389711221583,-0.020118565453017045,-0.017030100930953695,0.48461046898287063
2006-07-25,315635,132268,30713,65461,204950,088691,GOLD - COMMODITY EXCHANGE INC. ,617.5999755859375,0.44193134474947326,-139489,0.18564432767148972,101555,-1.7944590410637853,0.008808813250940236,0.0984716009841638,-0.017030100930953695,0.04647022885615004,0.4871228460747576
2006-08-01,304907,132781,30020,59866,198299,088691,GOLD - COMMODITY EXCHANGE INC. ,646.2999877929688,0.4540171265336644,-138433,0.33456365738907284,102761,0.3820869041772934,0.04743478008250537,0.007407816905301565,0.04647022885615004,-0.0009283236844647158,0.4896547716076285
2006-08-08,309097,138971,32873,60258,202183,088691,GOLD - COMMODITY EXCHANGE INC. ,645.7000122070312,0.45916006949274824,-141925,-1.1452672454223747,106098,1.0944320727303736,0.016293185897020664,0.05262330951327949,-0.0009283236844647158,-0.035930016677144794,0.49063422246868554
2006-08-15,313327,132019,31475,61402,196531,088691,GOLD - COMMODITY EXCHANGE INC. ,622.5,0.43127148314699976,-135129,2.1986625557672834,100544,-1.7968469444866821,0.026347927562584084,0.051072210601000645,-0.035930016677144794,0.003373454756526062,0.4888508238191166
2006-08-22,306171,128897,32949,64509,192582,088691,GOLD - COMMODITY EXCHANGE INC. ,624.5999755859375,0.4183054567545587,-128073,2.251960411965774,95948,-1.4668381594947133,0.027445534849527987,0.028397365396735166,0.003373454756526062,-0.022254184953924616,0.48568223161141233
2006-08-29,307583,124421,36705,70804,188049,088691,GOLD - COMMODITY EXCHANGE INC. ,610.7000122070312,0.38118166478641535,-117245,3.5365857641644705,87716,-2.6886935731992905,0.04183069155080296,0.05109045095142931,-0.022254184953924616,0.045521511768931155,0.48177605629653636
2006-09-05,319998,133991,35657,66731,197996,088691,GOLD - COMMODITY EXCHANGE INC. ,638.5,0.4102056887855549,-131265,-4.558119271871332,98334,3.4520763501233813,0.05296021939583042,0.06258841837215882,0.045521511768931155,-0.08081437053396634,0.4804641060760909
2006-09-12,310510,121455,37233,76201,186896,088691,GOLD - COMMODITY EXCHANGE INC. ,586.9000244140625,0.3564941547776239,-110695,6.42816517603235,84222,-4.4100275626722665,0.07818409179884225,0.08892921960072596,-0.08081437053396634,-0.017209126258219576,0.47776730417400814
2006-09-19,325852,116119,38251,86123,188048,088691,GOLD - COMMODITY EXCHANGE INC. ,576.7999877929688,0.3127953794974406,-101925,2.824385688061576,77868,-2.0463109078612605,0.0403908509652735,0.04116084731489279,-0.017209126258219576,0.024965368791288967,0.4742756428495624
2006-09-26,322937,108117,36873,88639,184004,088691,GOLD - COMMODITY EXCHANGE INC. ,591.2000122070312,0.29530527626131414,-95365,2.013183899439009,71244,-2.0328247179701213,0.024060768110679535,0.06469411683564384,0.024965368791288967,-0.02520301777132694,0.4700523441674948
2006-10-03,330065,107570,38136,88721,180715,088691,GOLD - COMMODITY EXCHANGE INC. ,576.2999877929688,0.2787147986002757,-91994,1.0438568513363289,69434,-0.5604808368195654,0.012511319942398194,0.012422274992107395,-0.02520301777132694,-0.007634848988556486,0.46523566784965004
2006-10-10,334329,106211,43762,95161,177763,088691,GOLD - COMMODITY EXCHANGE INC. ,571.9000244140625,0.24706800786052063,-82602,2.8455001287625166,62449,-2.116249829579022,0.0344125104424675,0.04657505017569829,-0.007634848988556486,0.031124299760619145,0.4592628286194674
2006-10-17,329875,107993,46734,92428,175566,088691,GOLD - COMMODITY EXCHANGE INC. ,589.7000122070312,0.25202879878741946,-83138,-0.16032112081213415,61259,-0.35593681672843214,0.018395934237333673,0.030725083534224797,0.031124299760619145,-0.008987599937691715,0.45307887691105264
2006-10-24,331598,104099,48049,93641,174150,088691,GOLD - COMMODITY EXCHANGE INC. ,584.4000244140625,0.24279096978872008,-80509,0.7969685486926866,56050,-1.5790829859795377,0.00981735756616167,0.03423640139863817,-0.008987599937691715,0.0337097028557225,0.4471698153153386
2006-10-31,323481,107472,42756,84097,175993,088691,GOLD - COMMODITY EXCHANGE INC. ,604.0999755859375,0.2840846912183405,-91896,-3.433977285749613,64716,2.6134053884522825,0.043780998885001345,0.05768565114359507,0.0337097028557225,0.03575573165707069,0.44238880764537947
2006-11-07,335036,121406,40240,78904,193360,088691,GOLD - COMMODITY EXCHANGE INC. ,625.7000122070312,0.3416229897682637,-114456,-6.974134493215985,81166,5.085306401303322,0.08286075279875416,0.10176558652858717,0.03575573165707069,-0.003036637968665712,0.4397400499890524
2006-11-14,356575,126907,38073,87908,211429,088691,GOLD - COMMODITY EXCHANGE INC. ,623.7999877929688,0.34640959125008763,-123521,-2.705679389677527,88834,2.288709273033346,0.0904432128336958,0.046478361013456176,-0.003036637968665712,0.007053582077854781,0.4372789903956725
2006-11-21,355430,123021,38728,87188,206164,088691,GOLD - COMMODITY EXCHANGE INC. ,628.2000122070312,0.33473820442843877,-118976,1.27462665638365,84293,-1.2735048727476688,0.02040211077476888,0.028074362128977612,0.007053582077854781,0.01432664728607791,0.43457942879861583
2006-11-28,349517,120078,40212,79380,197104,088691,GOLD - COMMODITY EXCHANGE INC. ,637.2000122070312,0.336819096066858,-117724,0.35224938806516054,79866,-1.2455335790451003,0.061008955310253035,0.027618691122340756,0.01432664728607791,0.008003728010413935,0.43117040017443276
2006-12-05,330530,122145,38506,70965,191133,088691,GOLD - COMMODITY EXCHANGE INC. ,642.2999877929688,0.36356155265785256,-120168,-0.6992506802244239,83639,1.0794896957801767,0.05488786637059421,0.02348569258828143,0.008003728010413935,-0.023820626006146428,0.4282497142845706
2006-12-12,333101,120128,38299,76784,193066,088691,GOLD - COMMODITY EXCHANGE INC. ,627.0,0.3490893152527312,-116282,1.1756875321453424,81829,-0.5476053610867395,0.028727070594774876,0.01403801119758627,-0.023820626006146428,-0.00861247912928631,0.4242317577514545
2006-12-19,337096,109682,39789,89467,191199,088691,GOLD - COMMODITY EXCHANGE INC. ,621.5999755859375,0.30178940123881626,-101732,4.368044527035344,69893,-3.583297558398203,0.05184097824460391,0.07985495514180008,-0.00861247912928631,0.0033784374253138516,0.41973965182310147
2006-12-26,340473,110486,42394,89611,192679,088691,GOLD - COMMODITY EXCHANGE INC. ,623.7000122070312,0.3027200394744958,-103068,-0.396326269074685,68092,-0.5342691696134039,0.005752949094902406,0.0222985347985348,0.0033784374253138516,-0.016995408711929283,0.4143266006616568
2007-01-09,347491,105157,52289,95765,177439,088691,GOLD - COMMODITY EXCHANGE INC. ,613.0999755859375,0.23503918087087147,-81674,6.2836113289453195,52868,-4.471426515465249,0.07830778465908259,0.09669346950700558,-0.016995408711929283,0.01875713661382794,0.4074784347612099
2007-01-16,344685,109386,46436,94910,187019,088691,GOLD - COMMODITY EXCHANGE INC. ,624.5999755859375,0.26722659819835504,-92109,-3.0029554722280576,62950,2.9013701074272427,0.03701286494117313,0.06470203180552168,0.01875713661382794,0.03298116782948779,0.40155193514071175
2007-01-23,361114,128463,43962,90640,209217,088691,GOLD - COMMODITY EXCHANGE INC. ,645.2000122070312,0.3283644500074769,-118577,-7.6788952231747825,84501,6.252375357210206,0.08826874143341659,0.12498767580107294,0.03298116782948779,-0.0015499069762557882,0.3977752966823046
2007-01-30,348035,143964,43619,75716,211327,088691,GOLD - COMMODITY EXCHANGE INC. ,644.2000122070312,0.38964759291450574,-135611,-4.717069955748046,100345,4.387534130496187,0.05934302526102361,0.08446394396080668,-0.0015499069762557882,0.014591684571227947,0.39559257762874933
2007-02-06,360936,151891,43345,75896,222560,088691,GOLD - COMMODITY EXCHANGE INC. ,653.5999755859375,0.4063435068821065,-146664,-3.175830017095982,108546,2.3563722039450057,0.038240142600584344,0.042005572742731874,0.014591684571227947,0.015758949224089713,0.3939554020983251
2007-02-13,383169,167479,42729,75344,240808,088691,GOLD - COMMODITY EXCHANGE INC. ,663.9000244140625,0.43183034118104546,-165464,-5.208679655118913,124750,4.4894385708269615,0.0594650674359169,0.07708555335667529,0.015758949224089713,-0.010242579572318111,0.39278829074962257
2007-02-20,396115,168838,38905,81923,250073,088691,GOLD - COMMODITY EXCHANGE INC. ,657.0999755859375,0.4244979362053949,-168150,-0.7009961661825461,129933,1.3526668389144216,0.04772346654778973,0.02494909575773913,-0.010242579572318111,0.040785344428338144,0.3922606769529629
2007-02-27,415155,182456,40364,82029,265779,088691,GOLD - COMMODITY EXCHANGE INC. ,683.9000244140625,0.44260577374715465,-183750,-3.9382502556075885,142092,3.0695631319187613,0.04546186401692888,0.06766448254196213,0.040785344428338144,-0.058634354715003556,0.39228678357695745
2007-03-06,382550,136421,34723,97335,234646,088691,GOLD - COMMODITY EXCHANGE INC. ,643.7999877929688,0.35893608678604105,-137311,11.1859425997519,101698,-9.729859931832689,0.1398845114630054,0.3019445613050998,-0.058634354715003556,0.0059024353293257725,0.3905402553185723
2007-03-13,394090,129078,32736,112843,243759,088691,GOLD - COMMODITY EXCHANGE INC. ,647.5999755859375,0.3321982288309777,-130916,1.6716769049797413,96342,-1.4000784211214221,0.0690433592632683,0.05765879342949312,0.0059024353293257725,0.01590495555347382,0.3880527733974649
2007-03-20,359726,125201,31777,96485,226379,088691,GOLD - COMMODITY EXCHANGE INC. ,657.9000244140625,0.36109149741747887,-129894,0.25933162475576643,93424,-0.7404400010149966,0.10449601070419744,0.030806864656193863,0.01590495555347382,0.0063838744733526465,0.3864848272864637
2007-03-27,359434,126413,31290,91430,229954,088691,GOLD - COMMODITY EXCHANGE INC. ,662.0999755859375,0.3853948151816467,-138524,-2.3990481644362656,95123,0.4723039202059345,0.026852612451148783,0.010773415851315447,0.0063838744733526465,0.002869694130982259,0.38612091693193634
2007-04-03,347817,131858,37913,90718,220216,088691,GOLD - COMMODITY EXCHANGE INC. ,664.0,0.37231647676795554,-129498,2.5111703400346097,93945,-0.3277374984002626,0.033608418506821384,0.07108398960953284,0.002869694130982259,0.018825301204819178,0.38510991724286153
2007-04-10,369536,150573,37617,87446,240650,088691,GOLD - COMMODITY EXCHANGE INC. ,676.5,0.41458477658469,-153204,-6.815653058936165,112956,5.46580529416331,0.07225324295328196,0.10102024549657261,0.018825301204819178,0.017294918266121506,0.38446379443494566
2007-04-17,380800,170601,35243,79882,254480,088691,GOLD - COMMODITY EXCHANGE INC. ,688.2000122070312,0.4585031512605042,-174598,-5.789422410807067,135358,6.062196917215102,0.06398454369814752,0.10882998775771943,0.017294918266121506,-0.0058122637736842675,0.38369077602005375
2007-04-24,403388,169703,35861,90211,261984,088691,GOLD - COMMODITY EXCHANGE INC. ,684.2000122070312,0.4258257558479677,-171773,0.7418592436974789,133842,-0.398109243697479,0.050633881798435525,0.007374832169056838,-0.0058122637736842675,-0.014323279184630278,0.38256557971040583
2007-05-01,396276,163823,33378,92693,258846,088691,GOLD - COMMODITY EXCHANGE INC. ,674.4000244140625,0.41928605315487183,-166153,1.39319959939314,130445,-0.8421172667506222,0.01598684640964445,0.04240850705625225,-0.014323279184630278,0.015865881946210525,0.3812501056760735
2007-05-08,411273,168350,32064,97353,269817,088691,GOLD - COMMODITY EXCHANGE INC. ,685.0999755859375,0.41934189698813196,-172464,-1.5925768908538493,136286,1.4739726857039033,0.042571560857368525,0.029144670531998762,0.015865881946210525,-0.01766162022643325,0.38025287191485424
2007-05-15,408936,149772,35874,108784,256077,088691,GOLD - COMMODITY EXCHANGE INC. ,673.0,0.3601859459670951,-147293,6.120265614324305,113898,-5.443586133784615,0.06898791594607262,0.12059511112547537,-0.01766162022643325,-0.020653825280924965,0.37799468610271614
2007-05-22,416813,141294,45479,117506,241722,088691,GOLD - COMMODITY EXCHANGE INC. ,659.0999755859375,0.29801373757536354,-124216,5.643181329107733,95815,-4.421963339006592,0.06424053804269154,0.09681806256793006,-0.020653825280924965,-0.003034441016663725,0.37436352448443777
2007-05-29,425688,134404,39507,125989,244684,088691,GOLD - COMMODITY EXCHANGE INC. ,657.0999755859375,0.27883097479844393,-118695,1.3245748093269643,94897,-0.22024265078104568,0.030876270998966743,0.07395736899908574,-0.003034441016663725,0.019022980466334216,0.3704628456723334
2007-06-05,385046,143052,35435,106068,242464,088691,GOLD - COMMODITY EXCHANGE INC. ,669.5999755859375,0.35423300073238,-136396,-4.158209768656857,107617,2.9881039634662003,0.06352644807363456,0.07126569442032193,0.019022980466334216,-0.031511314747993846,0.36821126499465906
2007-06-12,412150,125076,49180,133800,231805,088691,GOLD - COMMODITY EXCHANGE INC. ,648.5,0.23778963969428607,-98005,9.970497031523507,75896,-8.238236470447687,0.10500676960107219,0.18203677348269212,-0.031511314747993846,0.018812663387866246,0.3642656360298663
2007-06-19,410324,126207,44602,127209,236429,088691,GOLD - COMMODITY EXCHANGE INC. ,660.7000122070312,0.266179896861992,-109220,-2.721096688098993,81605,1.3851753002547615,0.030841111214999533,0.03342329736723475,0.018812663387866246,-0.028152014949964,0.3605984348599514
2007-06-26,407640,119068,55991,133598,217182,088691,GOLD - COMMODITY EXCHANGE INC. ,642.0999755859375,0.2050436659797861,-83584,6.247745683898578,63077,-4.515456078611049,0.07308284394777353,0.10583860298527925,-0.028152014949964,0.016819886682396534,0.35559762189983035
2007-07-03,375642,109652,43990,115835,207067,088691,GOLD - COMMODITY EXCHANGE INC. ,652.9000244140625,0.24286954067968972,-91232,-1.8761652438426064,65662,0.6341379648709646,0.08633579228372695,0.13939547779903932,0.016819886682396534,0.014703592015566036,0.352107920320712
2007-07-10,387916,113510,41290,115881,219066,088691,GOLD - COMMODITY EXCHANGE INC. ,662.5,0.26599830891223875,-103185,-3.1820190500529764,72220,1.7458111712747777,0.03596091321910631,0.04236434108527132,0.014703592015566036,0.003320773142688749,0.34958840960901444
2007-07-17,385595,114788,35069,111437,223945,088691,GOLD - COMMODITY EXCHANGE INC. ,664.7000122070312,0.2917776423449474,-112508,-2.403355365594613,79719,1.9331504758762206,0.027798152554400653,0.05004103912396485,0.003320773142688749,0.02933654226250626,0.3470783306400645
2007-07-24,401603,154251,31321,91670,253272,088691,GOLD - COMMODITY EXCHANGE INC. ,684.2000122070312,0.40239241240727786,-161602,-12.732011566540022,122930,11.206317509303803,0.14232537644009718,0.23285301661888647,0.02933654226250626,-0.025284986092245165,0.3465087304992171
2007-07-31,351185,113706,32817,96154,208798,088691,GOLD - COMMODITY EXCHANGE INC. ,666.9000244140625,0.32075401853723823,-112644,12.190645986210262,80889,-10.468298294584452,0.16054329861748734,0.2869242371504815,-0.025284986092245165,0.005547984759973312,0.34417839730282795
2007-08-07,352908,123391,34020,90267,211513,088691,GOLD - COMMODITY EXCHANGE INC. ,670.5999755859375,0.343562628220386,-121246,-2.4494212452126374,89371,2.415251220866495,0.028504208363708664,0.06916924484311769,0.005547984759973312,-0.0029824039260551993,0.3420542723352649
2007-08-14,347973,118978,24767,88846,214740,088691,GOLD - COMMODITY EXCHANGE INC. ,668.5999755859375,0.3617924379190339,-125894,-1.3170571367041835,94211,1.371462250784907,0.015310323927980868,0.09507113290897075,-0.0029824039260551993,-0.017798330561525244,0.3401818178819243
2007-08-21,330204,102578,33648,99513,191507,088691,GOLD - COMMODITY EXCHANGE INC. ,656.7000122070312,0.2785974730772492,-91994,9.742135165659406,68930,-7.265218853186885,0.11648683939248161,0.1855813134056641,-0.017798330561525244,0.011725311502817082,0.33724577922673676
2007-08-28,325767,103844,26633,96677,195541,088691,GOLD - COMMODITY EXCHANGE INC. ,664.4000244140625,0.3034807086046162,-98864,-2.080532034742159,77211,2.507843636055287,0.023509845389401065,0.06346712447404523,0.011725311502817082,0.02724258717765693,0.33503761099308405
2007-09-04,339439,126346,29366,83446,207800,088691,GOLD - COMMODITY EXCHANGE INC. ,682.5,0.3663515388626528,-124354,-7.824610841491005,96980,6.068447694210893,0.08752051530321446,0.16206201191944103,0.02724258717765693,0.04351650140224361,0.33475241626378094
2007-09-11,373686,155317,28648,83992,244914,088691,GOLD - COMMODITY EXCHANGE INC. ,712.2000122070312,0.43063427583586217,-160922,-10.773069682623387,126669,8.74649053290871,0.11450079962056028,0.16138395890522653,0.04351650140224361,0.005054725532482873,0.335145273707056
2007-09-18,392748,168140,26490,84176,259440,088691,GOLD - COMMODITY EXCHANGE INC. ,715.7999877929688,0.4462505219631927,-175264,-3.837981620933083,141650,4.008980802063765,0.04280941516111007,0.07697168987309254,0.005054725532482873,0.02207318812855097,0.33687135769139387
2007-09-25,440945,201188,27143,88400,296412,088691,GOLD - COMMODITY EXCHANGE INC. ,731.5999755859375,0.4717413736407035,-208012,-8.338171040972837,174045,8.24829152535468,0.10705487354864193,0.14759712872978265,0.02207318812855097,-0.002460344249638813,0.33992801142491824
2007-10-02,439865,210766,34871,80388,292419,088691,GOLD - COMMODITY EXCHANGE INC. ,729.7999877929688,0.4820365339365487,-212031,-0.9114515415754799,175895,0.4195534590481806,0.032201648574195225,0.07045355544970831,-0.002460344249638813,0.010413862357106174,0.3435189971494419
2007-10-09,458936,221749,31053,79580,306601,088691,GOLD - COMMODITY EXCHANGE INC. ,737.4000244140625,0.4946681018704133,-227021,-3.4078637763859367,190696,3.3648960476509835,0.03881599560827695,0.05854779629907991,0.010413862357106174,0.026579841249004144,0.34767194528925227
2007-10-16,483872,238432,36573,77405,316501,088691,GOLD - COMMODITY EXCHANGE INC. ,757.0,0.4941306791878844,-239096,-2.6310858158871824,201859,2.432365297122039,0.030654521637141857,0.0807367138779295,0.026579841249004144,0.0026420079260238705,0.35242315050708617
2007-10-23,489471,226875,40571,83708,306477,088691,GOLD - COMMODITY EXCHANGE INC. ,759.0,0.45512195819568474,-222769,3.3742394682891343,186304,-3.2146931419879636,0.04184425336699258,0.05816127367767699,0.0026420079260238705,0.03333331725028832,0.35632878818801433
2007-10-30,516163,232622,34016,91655,326788,088691,GOLD - COMMODITY EXCHANGE INC. ,784.2999877929688,0.4555402072601097,-235133,-2.5259923468397516,198606,2.5133256107103383,0.06753130055945493,0.04613745977692602,0.03333331725028832,0.04653831514483575,0.36042011967784876
2007-11-06,556856,241475,39350,96082,336091,088691,GOLD - COMMODITY EXCHANGE INC. ,820.7999877929688,0.43100729811656874,-240009,-0.9446628293775415,202125,0.6817613815790748,0.03176968482528987,0.05051900649870916,0.04653831514483575,-0.028752407330554397,0.3632455544258916
2007-11-13,552546,228360,37575,111704,338121,088691,GOLD - COMMODITY EXCHANGE INC. ,797.2000122070312,0.40977040825560224,-226417,2.4408464665910037,190785,-2.0364331173588863,0.03924192741621742,0.05599112565100495,-0.028752407330554397,-0.008655324019576915,0.3645560817044943
2007-11-20,512430,213234,40844,114599,324224,088691,GOLD - COMMODITY EXCHANGE INC. ,790.2999877929688,0.40908026462150926,-209625,3.0390229953705212,172390,-3.329134587889515,0.038265997908040375,0.0723990270704272,-0.008655324019576915,0.02960904058648728,0.365761286961637
2007-11-27,520782,206498,31417,132752,338076,088691,GOLD - COMMODITY EXCHANGE INC. ,813.7000122070312,0.39426093835808457,-205324,0.8393341529574772,175081,0.525144897839705,0.06797599123246706,0.06793602757287266,0.02960904058648728,-0.015239061359271,0.3669059549218225
2007-12-04,486709,190888,23364,119700,324598,088691,GOLD - COMMODITY EXCHANGE INC. ,801.2999877929688,0.4209866675980925,-204898,0.08180006221413182,167524,-1.451087019136606,0.059712175161715786,0.11044470996770159,-0.015239061359271,0.012604563552924164,0.3685245620666539
2007-12-11,486198,196529,24755,110559,321302,088691,GOLD - COMMODITY EXCHANGE INC. ,811.4000244140625,0.43345098087610395,-210743,-1.2009229334160658,171774,0.8732117137755825,0.02879861807387099,0.03177816742285931,0.012604563552924164,-0.010352506977219345,0.3698685895323895
2007-12-18,495001,197789,27516,111220,320827,088691,GOLD - COMMODITY EXCHANGE INC. ,803.0,0.4234476293987285,-209607,0.23364966536267118,170273,-0.30872196101176885,0.0026293435667878724,0.01784691862142429,-0.010352506977219345,0.09339975093399744,0.3712985571121203
2008-01-08,558309,238089,32685,119844,366534,088691,GOLD - COMMODITY EXCHANGE INC. ,878.0,0.4418520926583666,-246690,-7.491500017171683,205404,7.097157379480041,0.11170529917060393,0.1679223263681151,0.09339975093399744,0.026195899772209597,0.37399207040865
2008-01-15,593953,247106,35059,139606,390720,088691,GOLD - COMMODITY EXCHANGE INC. ,901.0,0.42278429438019505,-251114,-0.7923927430867136,212047,1.1898429006159672,0.08286978198315753,0.04036999627877306,0.026195899772209597,-0.012652635309725269,0.3763009983876059
2008-01-22,560173,241183,36108,119585,362612,088691,GOLD - COMMODITY EXCHANGE INC. ,889.5999755859375,0.4338427592904335,-243027,1.3615555439571818,205075,-1.1738302525620714,0.09981190260412239,0.025143261050665187,-0.012652635309725269,0.03990557663473182,0.3801241441264436
2008-01-29,522142,237252,31472,121716,366717,088691,GOLD - COMMODITY EXCHANGE INC. ,925.0999755859376,0.4692229316929111,-245001,-0.3523911363096758,205780,0.12585397725345562,0.012767360108755961,0.03188029353537458,0.03990557663473182,-0.04237374576412323,0.3840086890013389
2008-02-05,495139,234852,31110,113952,355533,088691,GOLD - COMMODITY EXCHANGE INC. ,885.9000244140625,0.4879054164588126,-241581,0.6549942352846544,203742,-0.390315278219335,0.04035911690469344,0.010384942209789368,-0.04237374576412323,0.024269104196289026,0.38707678451001837
2008-02-12,475749,240806,34210,103713,347313,088691,GOLD - COMMODITY EXCHANGE INC. ,907.4000244140624,0.5120347073772095,-243600,-0.4077642843726711,206596,0.5764037977214479,0.040926687153290495,0.032921720918055675,0.024269104196289026,0.02115930202258176,0.38943038286507037
2008-02-19,489789,251717,39458,104482,357222,088691,GOLD - COMMODITY EXCHANGE INC. ,926.5999755859376,0.5160181220893079,-252740,-1.921181127022863,212259,1.190333558241846,0.023127371649368428,0.055495835837554734,0.02115930202258176,0.021044680027828777,0.3915395100805935
2008-02-26,495102,250270,40907,104099,356374,088691,GOLD - COMMODITY EXCHANGE INC. ,946.0999755859376,0.5095414682227096,-252275,0.09493884101112929,209363,-0.5912750184263019,0.0026733380675957115,0.009945840502512217,0.021044680027828777,0.018814130945411733,0.39303395483139475
2008-03-04,486992,240597,44817,100312,340421,088691,GOLD - COMMODITY EXCHANGE INC. ,963.9000244140624,0.4930450602884647,-240109,2.457271430937463,195780,-2.7434750819023153,0.04478902192483885,0.047590517634033366,0.018814130945411733,0.010685742848932867,0.3943521687560692
2008-03-11,482035,239048,42705,102839,346097,088691,GOLD - COMMODITY EXCHANGE INC. ,974.2000122070312,0.5046480027383904,-243258,-0.6466225317869698,196343,0.11560764858560306,0.018272092235864356,0.012993650466898312,0.010685742848932867,0.029768014408356525,0.3955452885443621
2008-03-18,489055,232427,40418,110087,349215,088691,GOLD - COMMODITY EXCHANGE INC. ,1003.2000122070312,0.4889593195039413,-239128,0.8567842584044727,192009,-0.8991048367857105,0.022569028656526643,0.032648573365830415,0.029768014408356525,-0.0683812158954964,0.3980457353273987
2008-03-25,452193,214651,38909,104994,311119,088691,GOLD - COMMODITY EXCHANGE INC. ,934.5999755859376,0.45583412392496125,-206125,6.748320741020948,175742,-3.326210753391745,0.10379151816934343,0.0760569490455908,-0.0683812158954964,-0.05531773220886549,0.40042334869459073
2008-04-01,399393,190958,29680,94901,287969,088691,GOLD - COMMODITY EXCHANGE INC. ,882.9000244140625,0.48340356490975056,-193068,2.887483884093739,161278,-3.198634211498188,0.0868258155509703,0.149212737606396,-0.05531773220886549,0.03522479864758976,0.40277550383867283
2008-04-08,407212,196823,31430,94076,288648,088691,GOLD - COMMODITY EXCHANGE INC. ,914.0,0.4778149956288125,-194572,-0.37657144717108215,165393,1.030313500737369,0.0039297248147490095,0.03336210257915559,0.03522479864758976,0.016083164340296774,0.4045528150011183
2008-04-15,422699,202910,30933,96173,301285,088691,GOLD - COMMODITY EXCHANGE INC. ,928.7000122070312,0.48524363672495086,-205112,-2.5883323674154983,171977,1.6168482264766266,0.03707058355851436,0.028155642888604747,0.016083164340296774,-0.006891379702744893,0.4067244911541375
2008-04-22,424218,201865,34242,101648,301247,088691,GOLD - COMMODITY EXCHANGE INC. ,922.2999877929688,0.4705104451013394,-199599,1.3042377673001355,167623,-1.030047385964954,0.013683465915437025,0.01844079167496093,-0.006891379702744893,-0.05215220234474793,0.40779998477945767
2008-04-29,429670,194844,34196,107519,293001,088691,GOLD - COMMODITY EXCHANGE INC. ,874.2000122070312,0.431684781343822,-185482,3.3277701559104047,160648,-1.644201801903738,0.03524667931688805,0.03085487251135173,-0.05215220234474793,0.002059011402235633,0.4072842468964446
2008-05-06,433741,192719,36752,114554,297282,088691,GOLD - COMMODITY EXCHANGE INC. ,876.0,0.4212836692865097,-182728,0.6409570135220053,155967,-1.0894407335862406,0.027476956846900224,0.02039909182423923,0.002059011402235633,-0.008561643835616417,0.407196899077955
2008-05-13,439636,197809,44871,121605,299202,088691,GOLD - COMMODITY EXCHANGE INC. ,868.5,0.4039637336341883,-177597,1.1829640269192905,152938,-0.6983430203739098,0.021318561715941035,0.054429701664743695,-0.008561643835616417,0.058721934369602824,0.40690223908717255
2008-05-20,453084,216324,34205,108853,324034,088691,GOLD - COMMODITY EXCHANGE INC. ,919.5,0.4749251794369256,-215181,-8.548890445732377,182119,6.637536507474365,0.08682173407840846,0.11647753353903141,0.058721934369602824,-0.012833048170710959,0.40797114836503395
2008-05-27,430961,220954,29442,92239,310524,088691,GOLD - COMMODITY EXCHANGE INC. ,907.7000122070312,0.5065075494070229,-218285,-0.6850826778257453,191512,2.0731255131498796,0.07479336483242006,0.03751258007316411,-0.012833048170710959,-0.0287540335684614,0.41078502535426337
2008-06-03,398441,200544,30333,92556,294727,088691,GOLD - COMMODITY EXCHANGE INC. ,881.5999755859375,0.5074051114217664,-202171,3.7390854392856894,170211,-4.94267462717044,0.04160781650627577,0.09226124733082984,-0.0287540335684614,-0.015539872449258585,0.41481178254361734
2008-06-10,396392,189175,37927,94287,277368,088691,GOLD - COMMODITY EXCHANGE INC. ,867.9000244140625,0.4618685543603302,-183081,4.791173599102502,151248,-4.759299369291814,0.05136484104882216,0.083499925143768,-0.015539872449258585,0.018896143469955717,0.41833173599673046
2008-06-17,390471,180637,29447,96068,279508,088691,GOLD - COMMODITY EXCHANGE INC. ,884.2999877929688,0.4697916106445805,-183440,-0.09056691356031404,151190,-0.014631980463783325,0.010439964214965812,0.08100569296091087,0.018896143469955717,0.005541133644355156,0.4205540169565805
2008-06-24,401226,190218,36680,95832,282588,088691,GOLD - COMMODITY EXCHANGE INC. ,889.2000122070312,0.4654633548174844,-186756,-0.8492308007508881,153538,0.6013250663941753,0.008762750383172136,0.07410378231628309,0.005541133644355156,0.05994150591684755,0.4249323576320266
2008-07-01,434024,223539,35860,89674,316701,088691,GOLD - COMMODITY EXCHANGE INC. ,942.5,0.5230747608427184,-227027,-10.03698663596078,187679,8.509169395801868,0.09909812365426023,0.13161577338386038,0.05994150591684755,-0.021856738022214994,0.4298726434778098
2008-07-08,443202,225045,35443,97573,326233,088691,GOLD - COMMODITY EXCHANGE INC. ,921.9000244140624,0.5159272746964139,-228660,-0.37624647484931706,189602,0.44306305642084304,0.04112966781970996,0.0073822978409754,-0.021856738022214994,0.0605271573004178,0.43585117441466803
2008-07-15,483920,240934,38151,112225,358802,088691,GOLD - COMMODITY EXCHANGE INC. ,977.7000122070312,0.5095408331955695,-246577,-4.042626161434289,202783,2.974038925817122,0.10025115333091308,0.06663561280613434,0.0605271573004178,-0.03037742849157521,0.4409794685015119
2008-07-22,475606,231170,36517,114261,351322,088691,GOLD - COMMODITY EXCHANGE INC. ,948.0,0.49843988511499016,-237061,1.9664407340056207,194653,-1.6800297569846256,0.020438890595232215,0.04257957988247468,-0.03037742849157521,-0.033333307580103,0.4454494988131033
2008-07-29,446013,212285,29966,110651,330322,088691,GOLD - COMMODITY EXCHANGE INC. ,916.4000244140624,0.4925215184310771,-219671,3.656387850447639,182319,-2.593323044705071,0.05580840550328478,0.10499853457777264,-0.033333307580103,-0.041248415343827505,0.4493099579686057
2008-08-05,408430,192528,28800,98643,297560,088691,GOLD - COMMODITY EXCHANGE INC. ,878.5999755859375,0.4870283769556595,-198917,4.653227596505034,163728,-4.1682641537354295,0.1129976300028016,0.09453390443143209,-0.041248415343827505,-0.08012743607459882,0.45093757267145923
2008-08-12,365611,159313,28653,97743,253556,088691,GOLD - COMMODITY EXCHANGE INC. ,808.2000122070312,0.42617153203814984,-155813,10.553583233357001,130660,-8.096369022843572,0.12782273789563875,0.1774895459817201,-0.08012743607459882,0.003588175371325608,0.4529648325464768
2008-08-19,372968,144104,31738,118611,248765,088691,GOLD - COMMODITY EXCHANGE INC. ,811.0999755859375,0.3489682760987538,-130154,7.018114881663845,112366,-5.003678773341065,0.0698439745655677,0.10403657829187567,0.003588175371325608,0.013685164536067385,0.4530687873133684
2008-08-26,380766,147240,41961,127926,249845,088691,GOLD - COMMODITY EXCHANGE INC. ,822.2000122070312,0.3201940299291428,-121919,2.207964222131657,105279,-1.9001630166663093,0.027516670152023314,0.07060744922067008,0.013685164536067385,-0.020919498846589946,0.45226881792894746
2008-09-02,382329,139251,46060,136887,244918,088691,GOLD - COMMODITY EXCHANGE INC. ,805.0,0.2825603080069783,-108031,3.647384482858238,93191,-3.174653199077649,0.036374589122719715,0.06523088213867498,-0.020919498846589946,-0.022236055172748403,0.45234502629298073
2008-09-09,392592,133946,51291,150444,244428,088691,GOLD - COMMODITY EXCHANGE INC. ,787.0999755859375,0.23939356889595306,-93984,3.674060821962237,82655,-2.755741782600849,0.03557355294880366,0.05687848539978514,-0.022236055172748403,-0.0134671273214646,0.45111258129858334
2008-09-16,393814,147720,57429,135086,238108,088691,GOLD - COMMODITY EXCHANGE INC. ,776.5,0.26160065411590244,-103022,-2.3021355503932837,90291,1.9450218038064964,0.05808775060692294,0.09706116042486193,-0.0134671273214646,0.14037347070186734,0.4490981412072997
2008-09-23,368254,156812,35796,102529,243805,088691,GOLD - COMMODITY EXCHANGE INC. ,885.5,0.38363738072091547,-141276,-9.713722721894094,121016,7.8019064837715275,0.11045407034827652,0.15952089217477985,0.14037347070186734,-0.012761138106119452,0.4481943547627815
2008-09-30,336598,141026,23240,92860,233698,088691,GOLD - COMMODITY EXCHANGE INC. ,874.2000122070312,0.4184160333691822,-140838,0.11893964491899614,117786,-0.8771119933524144,0.060558920620532954,0.17253722620627518,-0.012761138106119452,0.004804406484081092,0.44765907613597367
2008-10-07,329480,137672,26059,90270,221577,088691,GOLD - COMMODITY EXCHANGE INC. ,878.4000244140625,0.3985279834891344,-131307,2.831567626664448,111613,-1.8339384072394966,0.0471737743188166,0.03770208451667675,0.004804406484081092,-0.04792809136039888,0.44625112632536645
2008-10-14,323496,131093,24268,90552,216295,088691,GOLD - COMMODITY EXCHANGE INC. ,836.2999877929688,0.388700323960729,-125743,1.688721621949739,106825,-1.453198980211242,0.018132815377044587,0.05387452449456427,-0.04792809136039888,-0.08394118525852434,0.44445619921044693
2008-10-21,319472,125951,26749,98664,207457,088691,GOLD - COMMODITY EXCHANGE INC. ,766.0999755859375,0.3405400160264436,-108793,5.239632020179538,99202,-2.3564433563320724,0.05537026208590721,0.049921414538310414,-0.08394118525852434,-0.03498236346042338,0.4414921975596014
2008-10-28,313709,117638,39323,108336,193412,088691,GOLD - COMMODITY EXCHANGE INC. ,739.2999877929688,0.27119400463486865,-85076,7.423811789452597,78315,-6.53797515901237,0.07859869825152113,0.13307127248169928,-0.03498236346042338,0.02258895236409475,0.4372049538181972
2008-11-04,303908,118166,49971,102401,178807,088691,GOLD - COMMODITY EXCHANGE INC. ,756.0,0.2514116114087158,-76406,2.7637077673895236,68195,-3.2259195623969985,0.07304201871923985,0.0664696051434247,0.02258895236409475,-0.031746031746031744,0.4332874471492171
2008-11-11,293831,116351,52392,98118,167614,088691,GOLD - COMMODITY EXCHANGE INC. ,732.0,0.23651690937988162,-69496,2.2737144135725287,63959,-1.3938428735011912,0.05823912814414523,0.025103263542783995,-0.031746031746031744,0.0008196387786032489,0.4290754606515203
2008-11-18,289700,111063,46234,95697,166813,088691,GOLD - COMMODITY EXCHANGE INC. ,732.5999755859375,0.24548153261995168,-71116,-0.5513373333650976,64829,0.29608856791829313,0.012273818140261324,0.07276680419842718,0.0008196387786032489,0.11711718767053148,0.4255076574688931
2008-11-25,276567,115014,33142,88357,181592,088691,GOLD - COMMODITY EXCHANGE INC. ,818.4000244140625,0.33711541868697276,-93235,-7.635139799792889,81872,5.882982395581636,0.08193769934320927,0.11503415318988093,0.11711718767053148,-0.045332399211077345,0.42411044613103477
2008-12-02,264796,111592,27223,83482,177770,088691,GOLD - COMMODITY EXCHANGE INC. ,781.2999877929688,0.35607788637290594,-94288,-0.3807395676273742,84369,0.9028553659691865,0.0332896973037527,0.06729099881136764,-0.045332399211077345,-0.011391224264634903,0.4230911696262539
2008-12-09,261001,111284,28129,83274,178146,088691,GOLD - COMMODITY EXCHANGE INC. ,772.4000244140625,0.36349286018061233,-94872,-0.2205471381742927,83155,-0.4584661399719029,0.002233953025782266,0.008707939718677598,-0.011391224264634903,0.08972033350923225,0.42249947581514874
2008-12-16,282915,132674,24425,78482,201593,088691,GOLD - COMMODITY EXCHANGE INC. ,841.7000122070312,0.43515190074757437,-123111,-10.819498775866759,108249,9.614522549722032,0.10082656431313042,0.1597336711245775,0.08972033350923225,0.03279075108192919,0.4227718841449465
2008-12-30,300448,146292,20331,78765,221538,088691,GOLD - COMMODITY EXCHANGE INC. ,869.2999877929688,0.47520036745127275,-142773,-6.949790573140342,125961,6.26053761730555,0.06735863444587634,0.10629985056084694,0.03279075108192919,-0.00448632627823653,0.42357475696369973
2009-01-06,320391,152569,18965,85948,235430,088691,GOLD - COMMODITY EXCHANGE INC. ,865.4000244140625,0.46656117056971014,-149482,-2.2329987219086167,133604,2.5438678240494195,0.06557698411216697,0.044556764256648826,-0.00448632627823653,-0.05234579102166814,0.4244038635246801
2009-01-13,318185,146167,18549,90615,232178,088691,GOLD - COMMODITY EXCHANGE INC. ,820.0999755859375,0.4449078366359194,-141563,2.4716674313573104,127618,-1.8683421194727692,0.024532750090615348,0.04139245732047889,-0.05234579102166814,0.0420680417352175,0.4244626278319407
2009-01-20,331507,146910,22973,99813,238744,088691,GOLD - COMMODITY EXCHANGE INC. ,854.5999755859375,0.41908918967020303,-138931,0.8271917280827191,123937,-1.1568741455442588,0.04656232185422248,0.030415050358187694,0.0420680417352175,0.05218820254530754,0.4243915681259794
2009-01-27,354191,165652,24538,102080,260456,088691,GOLD - COMMODITY EXCHANGE INC. ,899.2000122070312,0.4471485723804388,-158376,-5.8656378296687555,141114,5.181489380314744,0.06614239689299821,0.10677217519322782,0.05218820254530754,-0.00800713090445726,0.4246474491469411
2009-02-03,346288,181020,25714,95920,273509,088691,GOLD - COMMODITY EXCHANGE INC. ,892.0,0.5128361363951393,-177589,-5.424474365525945,155306,4.006877645112382,0.05200728692116753,0.0800255400659785,-0.00800713090445726,0.024327367945102374,0.42548616462198385
2009-02-10,350858,188898,25276,94052,282764,088691,GOLD - COMMODITY EXCHANGE INC. ,913.7000122070312,0.5378586208665614,-188712,-3.212066256988403,163622,2.4014692972323615,0.029518385631183388,0.03882824245706762,0.024327367945102374,0.05833423123659953,0.42644680316828676
2009-02-17,361619,195966,30045,90051,286411,088691,GOLD - COMMODITY EXCHANGE INC. ,967.0,0.5430024417964764,-196360,-2.1797992350181556,165921,0.6552508422210694,0.020315463446509873,0.05237355703925915,0.05833423123659953,0.0021716396959023943,0.4270423365225034
2009-02-24,372697,199830,37965,97256,288192,088691,GOLD - COMMODITY EXCHANGE INC. ,969.0999755859376,0.5123089265542787,-190936,1.499921187769448,161865,-1.1216224811196314,0.023313131732425645,0.04955528921970605,0.0021716396959023943,-0.05799190237095564,0.42697100583913744
2009-03-03,365271,189580,30287,99652,288053,088691,GOLD - COMMODITY EXCHANGE INC. ,912.9000244140624,0.5157841712043935,-188401,0.6801771948794866,159293,-0.6901048304654988,0.006538476418926761,0.08154020385050963,-0.05799190237095564,-0.01895064997859841,0.4270910578195544
2009-03-10,371321,178160,33372,107448,280299,088691,GOLD - COMMODITY EXCHANGE INC. ,895.5999755859375,0.465502893722682,-172851,4.257113211834501,144788,-3.971024253225687,0.04010346953038966,0.06857118544711911,-0.01895064997859841,0.023224709016451905,0.42656140077021243
2009-03-17,376237,175190,24795,118398,294082,088691,GOLD - COMMODITY EXCHANGE INC. ,916.4000244140624,0.4669503531019012,-175684,-0.7629517317900146,150395,1.5100142464336785,0.059961695112490304,0.057739330449783736,0.023224709016451905,0.0075294229540403546,0.42583644596951076
2009-03-24,387177,178635,26708,128889,310178,088691,GOLD - COMMODITY EXCHANGE INC. ,923.2999877929688,0.4682328754032393,-181289,-1.489752469852779,151927,0.40719014876261506,0.060553400733828776,0.026092927443350882,0.0075294229540403546,-0.0007581633448349168,0.42543786050603577
2009-03-31,368618,182986,28127,108489,290415,088691,GOLD - COMMODITY EXCHANGE INC. ,922.5999755859376,0.4935353129798328,-181926,-0.16452423568548752,154859,0.7572763878019614,0.10068337244048693,0.02733133440385007,-0.0007581633448349168,-0.04378925259915445,0.42616288337247554
2009-04-07,344929,165377,37565,100993,254216,088691,GOLD - COMMODITY EXCHANGE INC. ,882.2000122070312,0.44421605605791337,-153223,7.786651764156932,127812,-7.337406203712245,0.12301208584241953,0.13327453163958175,-0.04378925259915445,0.009861723063533168,0.42540927743301715
2009-04-14,336930,165866,35971,92383,245892,088691,GOLD - COMMODITY EXCHANGE INC. ,890.9000244140625,0.45561095776570804,-153509,-0.08291561451777033,129895,0.603892395246558,0.05005986253787599,0.01032020888142412,0.009861723063533168,-0.009877706349725068,0.42498227670488053
2009-04-21,339226,164328,35961,93836,243444,088691,GOLD - COMMODITY EXCHANGE INC. ,882.0999755859375,0.44102751557958414,-149608,1.1578072596681803,128367,-0.4535066631050961,0.011566057874762808,0.007728831837994099,-0.009877706349725068,0.012130158148937475,0.4241319666828542
2009-04-28,343037,166821,37721,92061,245480,088691,GOLD - COMMODITY EXCHANGE INC. ,892.7999877929688,0.44723747001052366,-153419,-1.1234398306733564,129100,0.21608013536698248,0.011290480267582309,0.02079279561165922,0.012130158148937475,0.012208808874435206,0.4236844094695693
2009-05-05,341461,171493,41502,81437,241882,088691,GOLD - COMMODITY EXCHANGE INC. ,903.7000122070312,0.4698779655656136,-160445,-2.0481755612368344,129991,0.2597387453831511,0.04398751697240187,0.039686377614497996,0.012208808874435206,0.021909912056560454,0.42441889378152686
2009-05-12,359517,184509,45632,84161,255341,088691,GOLD - COMMODITY EXCHANGE INC. ,923.5,0.47613881958294046,-171180,-3.1438436600373105,138877,2.6023469737393143,0.04766687677834004,0.07450215302792636,0.021909912056560454,0.0030319304742487674,0.42547380051799666
2009-05-19,367931,185932,36348,85018,268083,088691,GOLD - COMMODITY EXCHANGE INC. ,926.2999877929688,0.4975525302298529,-183065,-3.3058242030279517,149584,2.9781623678435234,0.03851306000266213,0.04816897606622278,0.0030319304742487674,0.02893229854922419,0.42727358506791335
2009-05-26,396965,209733,32425,82709,290845,088691,GOLD - COMMODITY EXCHANGE INC. ,953.0999755859376,0.5243182648344312,-208136,-6.814049373387945,177308,7.535108485014853,0.06711479464816332,0.11448723560650484,0.02893229854922419,0.031581195459153166,0.4282234520947884
2009-06-02,391057,215968,28628,80715,307236,088691,GOLD - COMMODITY EXCHANGE INC. ,983.2000122070312,0.579253152353749,-226521,-4.631390676759916,187340,2.5271749398561587,0.04739000543883119,0.04101457096600108,0.031581195459153166,-0.02969895427633762,0.42962240599761004
2009-06-09,387181,215785,26111,78765,303812,088691,GOLD - COMMODITY EXCHANGE INC. ,954.0,0.5812449474535166,-225047,0.3769271487276791,189674,0.5968439383516981,0.014046845471630548,0.011161821609286636,-0.02969895427633762,-0.023480109448702713,0.43104240284437445
2009-06-16,371997,202687,27144,80885,288253,088691,GOLD - COMMODITY EXCHANGE INC. ,931.5999755859376,0.5574453557421162,-207368,4.566081496767661,175543,-3.6497142163484266,0.04789265803033012,0.061484308035034435,-0.023480109448702713,-0.008265297739013189,0.43288041825556267
2009-06-23,370347,195654,29360,84584,279014,088691,GOLD - COMMODITY EXCHANGE INC. ,923.9000244140624,0.5249941271294218,-194430,3.4779850375137435,166294,-2.486310373470754,0.03558325403330051,0.04110410907765739,-0.008265297739013189,0.003463525367806586,0.4339420051110404
2009-06-30,379199,194005,29819,88241,286059,088691,GOLD - COMMODITY EXCHANGE INC. ,927.0999755859376,0.5216733166490418,-197818,-0.9148177249984475,164186,-0.5691959162623161,0.028592038471814053,0.009418114232611338,0.003463525367806586,0.0018336881154124018,0.43502296591549344
2009-07-07,372985,190386,26242,93002,284309,088691,GOLD - COMMODITY EXCHANGE INC. ,928.7999877929688,0.512908025791922,-191307,1.7170403930390112,164144,-0.01107597857589287,0.017256321708086962,0.03321823586978599,0.0018336881154124018,-0.0067829326827822944,0.43482745177990123
2009-07-14,370509,185704,26900,94110,276397,088691,GOLD - COMMODITY EXCHANGE INC. ,922.5,0.49199074786307484,-182287,2.4183278147914793,158804,-1.4316929635240023,0.02434501912244573,0.025117119151097815,-0.0067829326827822944,0.026124634781504286,0.4343671339561831
2009-07-21,390939,201269,27967,90227,294453,088691,GOLD - COMMODITY EXCHANGE INC. ,946.5999755859376,0.5223986350811763,-204226,-5.921313652299944,173302,3.912995365834568,0.05703181865446605,0.07255404910223526,0.026124634781504286,-0.008028708833668907,0.4346143993770602
2009-07-28,386340,199452,26681,91473,293994,088691,GOLD - COMMODITY EXCHANGE INC. ,939.0,0.5242040689548066,-202521,0.43612942172564,172771,-0.1358268169714457,0.004423206136971517,0.013722013151552404,-0.008028708833668907,0.030351437699680517,0.43510986445090283
2009-08-04,392834,217009,23495,82256,310449,088691,GOLD - COMMODITY EXCHANGE INC. ,967.5,0.5808891287414022,-228193,-6.644924160066262,193514,5.369104933478283,0.06537222597114882,0.08624804577054851,0.030351437699680517,-0.02242895318556204,0.4368092415722552
2009-08-11,385002,211989,21903,79855,302760,088691,GOLD - COMMODITY EXCHANGE INC. ,945.7999877929688,0.5789710183323723,-222905,1.3461156620862755,190086,-0.8726332242117536,0.02637115638435503,0.028269457698424913,-0.02242895318556204,-0.008564152770649591,0.4385773692910382
2009-08-18,373810,203467,25937,81498,286043,088691,GOLD - COMMODITY EXCHANGE INC. ,937.7000122070312,0.5471897488028677,-204545,4.768806395810931,177530,-3.261281759575275,0.04995361061759096,0.05473313455737476,-0.008564152770649591,0.007251773173132303,0.4409046426903596
2009-08-25,379629,205472,22490,82177,293519,088691,GOLD - COMMODITY EXCHANGE INC. ,944.5,0.5567066794159561,-211342,-1.8183034161739922,182982,1.4584949573312644,0.02170637962608066,0.023916266746212087,0.007251773173132303,0.0107993776675821,0.44489961198492123
2009-09-01,384703,206799,22298,82154,298862,088691,GOLD - COMMODITY EXCHANGE INC. ,954.7000122070312,0.5633124774176442,-216708,-1.4134852711463035,184501,0.4001274928943785,0.014083398072521888,0.006630379271662222,0.0107993776675821,0.045249828904017075,0.4495749667443155
2009-09-08,451713,251708,27032,84842,355639,088691,GOLD - COMMODITY EXCHANGE INC. ,997.9000244140624,0.5994890561042078,-270797,-14.059937146318068,224676,10.443121057023209,0.1350001475659563,0.17809786898184687,0.045249828904017075,0.007114916737382071,0.4556697503615699
2009-09-15,467892,263329,27682,81382,366043,088691,GOLD - COMMODITY EXCHANGE INC. ,1005.0,0.608390397784104,-284661,-3.0692054468213223,235647,2.4287545410470806,0.030986198804268873,0.042166790946046716,0.007114916737382071,0.009154241002021113,0.4627658432248036
2009-09-22,467145,265925,29176,80338,367948,088691,GOLD - COMMODITY EXCHANGE INC. ,1014.2000122070312,0.6156760748803904,-287610,-0.6302736528942576,236749,0.23552443726330008,0.006578389688725501,0.01385966160738188,0.009154241002021113,-0.02080461089245822,0.46957498593181296
2009-09-29,454585,252994,21608,84923,360157,088691,GOLD - COMMODITY EXCHANGE INC. ,993.0999755859376,0.6054621247951428,-275234,2.6492844834045104,231386,-1.1480375472283766,0.027806237080974208,0.0746498568837809,-0.02080461089245822,0.04581613243234095,0.47384084639477886
2009-10-06,484307,269879,30211,81578,363442,088691,GOLD - COMMODITY EXCHANGE INC. ,1038.5999755859375,0.5819944787087529,-281864,-1.458473112839183,239668,1.821881496309821,0.014898206822165297,0.08493451964410677,0.04581613243234095,0.024648542449170474,0.47698658572823216
2009-10-13,504187,288214,34259,86071,381997,088691,GOLD - COMMODITY EXCHANGE INC. ,1064.199951171875,0.5869369896486819,-295926,-2.9035301988201696,253955,2.9499883338460933,0.04924070861498757,0.06941046227125992,0.024648542449170474,-0.006013815671296108,0.480609835846685
2009-10-20,509678,286864,36757,86225,383718,088691,GOLD - COMMODITY EXCHANGE INC. ,1057.800048828125,0.5836881325071908,-297493,-0.31079738271712676,250107,-0.7632088887654779,0.003989845577016787,0.011890452102922864,-0.006013815671296108,-0.02183786782940811,0.4843596013956554
2009-10-27,497479,272946,31169,89306,372785,088691,GOLD - COMMODITY EXCHANGE INC. ,1034.699951171875,0.5698310883474478,-283479,2.749579146049074,241777,-1.6343652266725268,0.03032735976247103,0.06414021011788304,-0.02183786782940811,0.04793669662405442,0.48876904509413627
2009-11-03,493991,279524,38205,91788,375640,088691,GOLD - COMMODITY EXCHANGE INC. ,1084.300048828125,0.5746096588804249,-283852,-0.07497803927401961,241319,-0.09206418763405089,0.0114178012442558,0.04284783573422634,0.04793669662405442,0.050262840123360464,0.4946039615219354
2009-11-17,533119,284390,48693,99935,381481,088691,GOLD - COMMODITY EXCHANGE INC. ,1138.800048828125,0.528110984601937,-281546,0.4668101240710863,235697,-1.1380774143658487,0.02905595160941888,0.04609661856053896,0.050262840123360464,0.023445688467743198,0.4999251033141127
2009-11-24,521253,294780,32449,100243,406347,088691,GOLD - COMMODITY EXCHANGE INC. ,1165.5,0.5872465002599505,-306104,-4.606476227633981,262331,4.995882720368248,0.0496930456582246,0.08139254161458795,0.023445688467743198,0.028828807881542184,0.5066699031387295
2009-12-01,521433,297316,38252,96699,404930,088691,GOLD - COMMODITY EXCHANGE INC. ,1199.0999755859375,0.5911229247094065,-308231,-0.4080552054376666,259064,-0.626758982682114,0.0098897790996932,0.024850402898965337,0.028828807881542184,-0.04695182045208668,0.5133168529866036
2009-12-08,505652,290956,36527,87110,386296,088691,GOLD - COMMODITY EXCHANGE INC. ,1142.800048828125,0.5916836084896332,-299186,1.7346428016638764,254429,-0.8888965600566132,0.05961690388376996,0.024688304431069705,-0.04695182045208668,-0.017850913145288638,0.5182123950981932
2009-12-15,504368,288482,32374,87400,391191,088691,GOLD - COMMODITY EXCHANGE INC. ,1122.4000244140625,0.6023201313326777,-303791,-0.9107053863131166,256108,0.33204654584575954,0.010833885300810087,0.02065412521504974,-0.017850913145288638,-0.032430527104687745,0.5229478228858812
2009-12-22,499233,273487,35411,92637,378302,088691,GOLD - COMMODITY EXCHANGE INC. ,1086.0,0.5722077667141395,-285665,3.593804523681122,238076,-3.5751673381340607,0.03848906121599613,0.05837525655718069,-0.032430527104687745,0.01012891344383049,0.526961571088449
2009-12-29,491712,263631,33141,94841,373783,088691,GOLD - COMMODITY EXCHANGE INC. ,1097.0,0.5672873551997918,-278942,1.3466657853146726,230490,-1.5195309604933969,0.014346256273686367,0.04085964983219441,0.01012891344383049,0.019234253040963933,0.5295026375202224
2010-01-05,507643,263008,35241,98195,376746,088691,GOLD - COMMODITY EXCHANGE INC. ,1118.0999755859375,0.5487143524090748,-278551,0.07951809189118833,227767,-0.55377944813224,0.013300599442878168,0.009129955171685404,0.019234253040963933,0.009659287240808112,0.5309163680001802
2010-01-12,523266,271260,41918,100451,382939,088691,GOLD - COMMODITY EXCHANGE INC. ,1128.9000244140625,0.5398554463695329,-282488,-0.7755450188419815,229342,0.3102574053025453,0.017478640435259315,0.04766937652070069,0.009659287240808112,0.009566769885949844,0.5323258733040228
2010-01-19,528924,261276,39807,109197,382844,088691,GOLD - COMMODITY EXCHANGE INC. ,1139.699951171875,0.5173654438066717,-273647,1.6895804428340462,221469,-1.5045884884552025,0.01796801486055024,0.040171647020921145,0.009566769885949844,-0.03667625563625976,0.5337192888265373
2010-01-26,507565,246223,34299,111492,360110,088691,GOLD - COMMODITY EXCHANGE INC. ,1097.9000244140625,0.48982494852875985,-248618,4.732059804433151,211924,-1.8046070891092103,0.05307229401062761,0.07329549910523951,-0.03667625563625976,0.017761180040420266,0.5350795918815096
2010-02-02,480860,246048,35879,103361,347940,088691,GOLD - COMMODITY EXCHANGE INC. ,1117.4000244140625,0.5086282909786632,-244579,0.7957601489464403,210169,-0.3457685222582329,0.044983281667889057,0.006225015695552395,0.017761180040420266,-0.036423905810749946,0.5362618941622446
2010-02-09,466905,222775,41256,110759,324186,088691,GOLD - COMMODITY EXCHANGE INC. ,1076.699951171875,0.45711011876077573,-213427,6.478392879424365,181519,-5.958075115418209,0.07162284886594857,0.10850998556987626,-0.036423905810749946,0.039565431028286246,0.5351902399769685
2010-02-16,466509,224715,35857,105334,325212,088691,GOLD - COMMODITY EXCHANGE INC. ,1119.300048828125,0.4713263838425411,-219878,-1.381651513691222,188858,1.5718400959509964,0.014983300274535125,0.02816496016456104,0.039565431028286246,-0.014830784358161875,0.5339107738803527
2010-02-23,466572,233106,32484,97536,335580,088691,GOLD - COMMODITY EXCHANGE INC. ,1102.699951171875,0.5101977829788329,-238044,-3.894029911534397,200622,2.5217091202956428,0.041942574275713664,0.044293836364320945,-0.014830784358161875,0.031014849693102864,0.5332799150569364
2010-03-02,482786,239765,32393,101700,353237,088691,GOLD - COMMODITY EXCHANGE INC. ,1136.9000244140625,0.5210113797831751,-251537,-2.8919437943125605,207372,1.4467220493300068,0.047964883049740954,0.024801769560328927,0.031014849693102864,-0.01310583524856701,0.5334472699267229
2010-03-09,493909,240868,32674,112952,364739,088691,GOLD - COMMODITY EXCHANGE INC. ,1122.0,0.5097841910149441,-251787,-0.0517827774624782,208194,0.1702617722966283,0.04763330269986246,0.005059552098032477,-0.01310583524856701,0.00017820960060155322,0.5333318856923104
2010-03-16,496481,239065,38719,109825,352120,088691,GOLD - COMMODITY EXCHANGE INC. ,1122.199951171875,0.48802471796503794,-242295,1.921811507787872,200346,-1.5889566701558384,0.034086308976176816,0.028252167151455808,0.00017820960060155322,-0.016663653524799482,0.533764997696971
2010-03-23,495143,221472,37600,124504,348327,088691,GOLD - COMMODITY EXCHANGE INC. ,1103.5,0.4520370882755083,-223823,3.720585480612551,183872,-3.318153161953831,0.03906681245519012,0.0722270256916996,-0.016663653524799482,0.0009062075215224841,0.5334782041426174
2010-03-30,466678,209874,36108,135472,343163,088691,GOLD - COMMODITY EXCHANGE INC. ,1104.5,0.44504133471044277,-207691,3.2580486849253654,173766,-2.0410265317292176,0.033704179594053925,0.05321527591449781,0.0009062075215224841,0.027704821716557193,0.5330322129754482
2010-04-06,497388,242302,38856,126670,371576,088691,GOLD - COMMODITY EXCHANGE INC. ,1135.0999755859375,0.4923842151398908,-244906,-7.974449191948195,203446,6.359845546608153,0.07469201960477355,0.1251111474686831,0.027704821716557193,0.01559340465411485,0.5330100764785263
2010-04-13,528856,262599,41857,135469,398953,088691,GOLD - COMMODITY EXCHANGE INC. ,1152.800048828125,0.4982150150513561,-263484,-3.7351122262700347,220742,3.477365758723572,0.0676918240641291,0.07652337283548362,0.01559340465411485,-0.012317897849347337,0.534048517997631
2010-04-20,521338,251244,40593,139961,397357,088691,GOLD - COMMODITY EXCHANGE INC. ,1138.5999755859375,0.493721923205291,-257396,1.151164021964391,210651,-1.9080808386403862,0.011330348136485284,0.04323989076093847,-0.012317897849347337,0.020288052065037032,0.5347814211791614
2010-04-27,538591,263472,37804,145584,411106,088691,GOLD - COMMODITY EXCHANGE INC. ,1161.699951171875,0.4929937559298243,-265522,-1.558681699780181,225668,2.8804729369430198,0.03479854137850509,0.049844660709781066,0.020288052065037032,0.005939592583353415,0.5357807719551275
2010-05-04,551616,271511,40964,151675,423261,088691,GOLD - COMMODITY EXCHANGE INC. ,1168.5999755859375,0.49234612484046875,-271586,-1.1259007298673762,230547,0.9058822000367626,0.03173570623512878,0.03583966717337387,0.005939592583353415,0.04389872488436697,0.5366482460864727
2010-05-11,583504,282375,46550,168306,450950,088691,GOLD - COMMODITY EXCHANGE INC. ,1219.9000244140625,0.48439085250486713,-282644,-2.004655412460842,235825,0.9568250377073907,0.07156975467334996,0.05001140077525272,0.04389872488436697,-0.004590520103175844,0.5369273400660737
2010-05-18,579758,281985,50315,170172,449916,088691,GOLD - COMMODITY EXCHANGE INC. ,1214.300048828125,0.482518568092204,-279744,0.49699744988894684,231670,-0.7120773807891634,0.0046767555572757415,0.012503761661149564,-0.004590520103175844,-0.01358807488801761,0.5370500275374057
2010-05-25,591360,271184,43493,167088,435467,088691,GOLD - COMMODITY EXCHANGE INC. ,1197.800048828125,0.45383353625541123,-268379,1.9603006771790987,227691,-0.68632084421431,0.02909775871082308,0.056003457513577416,-0.01358807488801761,0.022541324845007038,0.5362092776532817
2010-06-01,553950,266569,42023,172487,440110,088691,GOLD - COMMODITY EXCHANGE INC. ,1224.800048828125,0.48311760989258956,-267623,0.1278409090909091,224546,-0.5318249458874459,0.016392506003130934,0.01971859283455177,0.022541324845007038,0.015675988248241346,0.5354169573659386
2010-06-08,564792,270729,43331,175948,449525,088691,GOLD - COMMODITY EXCHANGE INC. ,1244.0,0.48438540205951924,-273577,-1.0748262478563047,227398,0.5148479104612329,0.020586020499685838,0.01741068585620582,0.015675988248241346,-0.008681711276627868,0.5335925775525882
2010-06-15,569204,273657,43406,178313,457257,088691,GOLD - COMMODITY EXCHANGE INC. ,1233.199951171875,0.49005980281234846,-278944,-0.9502613351463901,230251,0.505141715888327,0.015886527054455056,0.00947130381028376,-0.008681711276627868,0.005433079393021956,0.5318390170787194
2010-06-22,602411,283920,45286,186762,475678,088691,GOLD - COMMODITY EXCHANGE INC. ,1239.9000244140625,0.479599476105184,-288916,-1.751920225437629,238634,1.4727584486405578,0.04056216412052412,0.036885718972315205,0.005433079393021956,0.001693665250897869,0.5303419809318555
2010-06-29,601138,279992,35267,192020,481976,088691,GOLD - COMMODITY EXCHANGE INC. ,1242.0,0.4823451520283196,-289956,-0.1726396098344818,244725,1.0111037149056044,0.01714550234719494,0.044239815516765583,0.001693665250897869,-0.038003181297806,0.5295218083337573
2010-07-06,577732,251273,42231,203285,452427,088691,GOLD - COMMODITY EXCHANGE INC. ,1194.800048828125,0.43124147528611884,-249142,6.789455998456262,209042,-5.935908227395373,0.0622437899565663,0.12157585586567815,-0.038003181297806,0.015483762340104512,0.5277827344613933
2010-07-13,568078,243867,38946,198305,446653,088691,GOLD - COMMODITY EXCHANGE INC. ,1213.300048828125,0.43717236013364363,-248348,0.13743396592191534,204921,-0.7133065158239461,0.016673953962893708,0.037802364106317606,0.015483762340104512,-0.017967566101378396,0.5263262793525804
2010-07-20,559473,227963,49656,208787,424451,088691,GOLD - COMMODITY EXCHANGE INC. ,1191.5,0.3854770471497284,-215664,5.7534352676921126,178307,-4.684920028587623,0.05161408506754175,0.09586519654634588,-0.017967566101378396,-0.02811582039446081,0.5242779389542467
2010-07-27,560066,228251,39350,193521,421076,088691,GOLD - COMMODITY EXCHANGE INC. ,1158.0,0.40630032888980944,-227555,-2.1253930037731936,188901,1.8935676967431851,0.030330444177241348,0.03958879077432446,-0.02811582039446081,0.0234887315819301,0.5220452792197974
2010-08-03,518643,222704,37189,179968,401997,088691,GOLD - COMMODITY EXCHANGE INC. ,1185.199951171875,0.4280960120930968,-222029,0.9866694282459567,185515,-0.60457160406095,0.05607210055587535,0.0296583594017538,0.0234887315819301,0.009281134368191335,0.5201970473570722
2010-08-10,523078,224485,33798,174249,405229,088691,GOLD - COMMODITY EXCHANGE INC. ,1196.199951171875,0.4415785026324946,-230980,-1.7258499584492608,190687,0.9972177393698555,0.015446660615243375,0.02002454671813476,0.009281134368191335,0.02541383184665791,0.5175179968549778
2010-08-17,543674,240954,36726,172331,421901,088691,GOLD - COMMODITY EXCHANGE INC. ,1226.5999755859375,0.4590434709035194,-249570,-3.5539632712520883,204228,2.588715258527409,0.031284077599321475,0.06985378853356382,0.02541383184665791,0.004239420630758994,0.5152116978659614
2010-08-24,556464,256244,35053,172529,436829,088691,GOLD - COMMODITY EXCHANGE INC. ,1231.800048828125,0.47496333994651946,-264300,-2.7093442025919945,221191,3.1200682762096403,0.024822846339918405,0.05823266288358617,0.004239420630758994,0.013395031130009505,0.5138227284648779
2010-08-31,577352,272509,34432,171275,455836,088691,GOLD - COMMODITY EXCHANGE INC. ,1248.300048828125,0.4928726322936441,-284561,-3.641026193967624,238077,3.0345179562379596,0.03230847489519399,0.05501383001944999,0.013395031130009505,0.0072098050532394264,0.5125951506356026
2010-09-07,585564,275367,35670,171591,459271,088691,GOLD - COMMODITY EXCHANGE INC. ,1257.300048828125,0.4912870326727736,-287680,-0.5402250273663207,239697,0.28059138965483793,0.005945832844584077,0.013168851294219016,0.0072098050532394264,0.009862325508781522,0.5112100459289703
2010-09-14,594058,286237,41976,171449,464388,088691,GOLD - COMMODITY EXCHANGE INC. ,1269.699951171875,0.49311515037252257,-292939,-0.8981084902760416,244261,0.77941949983264,0.008270987690241366,0.052331869852809,0.009862325508781522,0.0021265443380504845,0.5091643938956688
2010-09-21,597592,286568,42555,173670,465978,088691,GOLD - COMMODITY EXCHANGE INC. ,1272.4000244140625,0.4891430942850641,-292308,0.10621858471731717,244013,-0.04174676546734494,0.0059579643804092254,0.00276492375191038,0.0021265443380504845,0.02687830125406032,0.5068711765206872
2010-09-28,619408,297272,39623,182276,485016,088691,GOLD - COMMODITY EXCHANGE INC. ,1306.5999755859375,0.48875700669025907,-302740,-1.7456726328331036,257649,2.2818243885460316,0.041427141341421746,0.04047551907864468,0.02687830125406032,0.024720686844984963,0.5044304252093386
2010-10-05,617204,300571,40951,179071,478569,088691,GOLD - COMMODITY EXCHANGE INC. ,1338.9000244140625,0.48524960952942625,-299498,0.5234029912432516,259620,0.31820706222715883,0.014676722827078645,0.013548175520171468,0.024720686844984963,0.005078741230726491,0.5021186460696133
2010-10-12,616382,304564,48690,177524,477546,088691,GOLD - COMMODITY EXCHANGE INC. ,1345.699951171875,0.4867468550347025,-300022,-0.0848989961179772,255874,-0.6069306096525622,0.003923244844062467,0.03321123044608129,0.005078741230726491,-0.007876923512337708,0.5002869609989584
2010-10-19,630626,299275,49523,177820,470902,088691,GOLD - COMMODITY EXCHANGE INC. ,1335.0999755859375,0.4647477268618801,-293082,1.125925156802113,249752,-0.9932152463894143,0.010697956906039875,0.017551706145104044,-0.007876923512337708,0.0021721402644694354,0.49793716748382766
2010-10-26,607582,283153,44067,174257,456692,088691,GOLD - COMMODITY EXCHANGE INC. ,1338.0,0.46485083494902746,-282435,1.688322397110173,239086,-1.6913352763761724,0.028168679243488776,0.06594340199254324,0.0021721402644694354,0.013751886707072059,0.4956518348384783
2010-11-02,618381,282707,52479,184286,460898,088691,GOLD - COMMODITY EXCHANGE INC. ,1356.4000244140625,0.44731646024053134,-276612,0.9583891557024401,230228,-1.4579102080048454,0.022063473365737527,0.02642711807772401,0.013751886707072059,0.03936893501393901,0.49329578429796067
2010-11-09,650764,298005,51826,181532,472485,088691,GOLD - COMMODITY EXCHANGE INC. ,1409.800048828125,0.44709449201246537,-290953,-2.3191204128199283,246179,2.579477700640867,0.021927564574009545,0.045596302214497855,0.03936893501393901,-0.05071641191914644,0.49084356955049996
2010-11-16,637435,267157,48678,189737,454645,088691,GOLD - COMMODITY EXCHANGE INC. ,1338.300048828125,0.41558433408896595,-264908,4.002218930364925,218479,-4.256535395319962,0.04041857159262673,0.10763848211882787,-0.05071641191914644,0.029290853875556744,0.4886795955021736
2010-11-23,622712,261969,40640,191319,455212,088691,GOLD - COMMODITY EXCHANGE INC. ,1377.5,0.42378017446267296,-263893,0.1592319216861327,221329,0.4471044106457913,0.0033238932085236437,0.0437065652376499,0.029290853875556744,0.005444646098003547,0.48553601231376436
2010-11-30,600158,265824,38217,183793,454262,088691,GOLD - COMMODITY EXCHANGE INC. ,1385.0,0.4506629920787526,-270469,-1.0560258996133043,227607,1.0081707113400737,0.013284121274811732,0.020648530954706767,0.005444646098003547,0.016823139948104693,0.4828348597631749
2010-12-07,603632,269504,36753,181151,459824,088691,GOLD - COMMODITY EXCHANGE INC. ,1408.300048828125,0.4616604156174623,-278673,-1.3669733636808974,232751,0.8571076283245412,0.012799251140840127,0.016796350777288357,0.016823139948104693,-0.0033374089890138015,0.48033441374640246
2010-12-14,594652,259917,39722,184736,452871,088691,GOLD - COMMODITY EXCHANGE INC. ,1403.5999755859375,0.4509107847951407,-268135,1.7457656320407138,220195,-2.0800752776526097,0.016527422064061405,0.041903757521550934,-0.0033374089890138015,-0.010971804418587028,0.47742269554375744
2010-12-21,582133,251722,45298,194090,445898,088691,GOLD - COMMODITY EXCHANGE INC. ,1388.199951171875,0.43256094397672007,-251808,2.7456394664442394,206424,-2.315808237422896,0.025511415839046984,0.046363881220119856,-0.010971804418587028,0.012246074483469815,0.474737179721884
2010-12-28,594490,258145,42357,190440,450210,088691,GOLD - COMMODITY EXCHANGE INC. ,1405.199951171875,0.436962774815388,-259770,-1.3677286805592537,215788,1.6085671143879492,0.012428002809646453,0.031161190274939934,0.012246074483469815,-0.019000819883041142,0.4722309377914147
2011-01-04,592613,250305,47987,193319,447901,088691,GOLD - COMMODITY EXCHANGE INC. ,1378.5,0.42959233091410415,-254582,0.8726807852108529,202318,-2.2658076670759812,0.008090826861295655,0.04515709439073123,-0.019000819883041142,0.0039898440333696605,0.46994012968574217
2011-01-11,588179,234333,56961,201336,426400,088691,GOLD - COMMODITY EXCHANGE INC. ,1384.0,0.38264541916661426,-225064,4.98099096712357,177372,-4.2094925356008055,0.047022952323906866,0.08563856447437984,0.0039898440333696605,-0.011488456946576964,0.4669168599318399
2011-01-18,587832,237404,72411,201589,408060,088691,GOLD - COMMODITY EXCHANGE INC. ,1368.0999755859375,0.3512415111800651,-206471,3.161112518468017,164993,-2.1046314132262456,0.03049787664705429,0.05978083695108371,-0.011488456946576964,-0.02616762473260037,0.4637221689197898
2011-01-25,506047,232725,72136,181815,379298,088691,GOLD - COMMODITY EXCHANGE INC. ,1332.300048828125,0.39024636051592043,-197483,1.5290082880823093,160589,-0.749193647164496,0.08649951079372604,0.016250028701604993,-0.02616762473260037,0.005479191240917114,0.461807196073389
2011-02-01,462907,212265,61071,159816,353013,088691,GOLD - COMMODITY EXCHANGE INC. ,1339.5999755859375,0.41735596998965235,-193197,0.8469569032125474,151194,-1.8565469215310042,0.09415224178039854,0.11533424064155472,0.005479191240917114,0.017766534235501785,0.46005195913129265
2011-02-08,469779,226799,59706,154774,364685,088691,GOLD - COMMODITY EXCHANGE INC. ,1363.4000244140625,0.44682925375548926,-209911,-3.610660456635998,167093,3.434599174348195,0.03217578288180588,0.0554929233346713,0.017766534235501785,0.007481260810640267,0.45985425018888326
2011-02-15,473345,230943,58099,153168,371794,088691,GOLD - COMMODITY EXCHANGE INC. ,1373.5999755859375,0.4618745312615534,-218626,-1.855127623840146,172844,1.2241926522896935,0.016601201610783257,0.01989676240823133,0.007481260810640267,0.01958359412651256,0.45967248379309505
2011-02-22,502119,246967,66543,157951,389757,088691,GOLD - COMMODITY EXCHANGE INC. ,1400.5,0.4616555039741575,-231806,-2.784438411729288,180424,1.601368980342034,0.04152942808941991,0.07804535740486747,0.01958359412651256,0.02156369237549094,0.4587389784276205
2011-03-01,515784,257754,60501,155830,406426,088691,GOLD - COMMODITY EXCHANGE INC. ,1430.699951171875,0.48585454376250525,-250596,-3.7421408072588367,197253,3.3515959364214463,0.033418940838336984,0.052878980691583796,0.02156369237549094,-0.0026559913940725766,0.45806288542722307
2011-03-08,515214,253434,62494,152903,400367,088691,GOLD - COMMODITY EXCHANGE INC. ,1426.9000244140625,0.4803130349718758,-247464,0.6072309338792983,190940,-1.223961968575993,0.016241618016519962,0.019982401053404573,-0.0026559913940725766,-0.024038158414223743,0.4574961324263948
2011-03-15,507760,240661,66090,168330,388484,088691,GOLD - COMMODITY EXCHANGE INC. ,1392.5999755859375,0.433578856152513,-220154,5.300709996234574,174571,-3.177126397962788,0.04904689896446569,0.053362499225756393,-0.024038158414223743,0.025061054880011868,0.4564490966223078
2011-03-22,509131,231512,56675,162616,387415,088691,GOLD - COMMODITY EXCHANGE INC. ,1427.5,0.4415346934286068,-224799,-0.914802268788404,174837,0.05238695446667717,0.012332032194549035,0.06441650733724977,0.025061054880011868,-0.008056042031523658,0.4562471274906366
2011-03-29,492087,242343,49222,158429,399198,088691,GOLD - COMMODITY EXCHANGE INC. ,1416.0,0.48928136691276136,-240769,-3.136717269229334,193121,3.591217191646158,0.028639215819893944,0.06270985886509012,-0.008056042031523658,0.025282520358845373,0.4570978973406812
2011-04-05,508956,259792,55086,157327,415992,088691,GOLD - COMMODITY EXCHANGE INC. ,1451.800048828125,0.5082266443464661,-258665,-3.6367552892069903,204706,2.354258494940935,0.03121473385671851,0.07403819892148705,0.025282520358845373,0.0007576632793375726,0.45740255944080765
2011-04-12,514871,261335,59590,157498,411186,088691,GOLD - COMMODITY EXCHANGE INC. ,1452.9000244140625,0.4927214778070623,-253688,0.9778841392969136,201745,-0.5817791714804423,0.00875178482250248,0.018842408662460078,0.0007576632793375726,0.028632373106824316,0.457296914493802
2011-04-19,537946,274208,59282,157793,424341,088691,GOLD - COMMODITY EXCHANGE INC. ,1494.5,0.4954921125912266,-266548,-2.4977130193776693,214926,2.560058733158403,0.023104646009338058,0.03952442352094516,0.028632373106824316,0.005687520910003352,0.45733095659737766
2011-04-26,530132,260607,59341,167035,416029,088691,GOLD - COMMODITY EXCHANGE INC. ,1503.0,0.46968302234160547,-248994,3.263152807159083,201266,-2.5392883300554328,0.03010647201679404,0.04269443784615,0.005687520910003352,0.02468394915897365,0.45688267325914267
2011-05-03,522323,259440,66784,161934,402036,088691,GOLD - COMMODITY EXCHANGE INC. ,1540.0999755859375,0.4596810785663277,-240102,1.6773181019066952,192656,-1.6241238031282776,0.03385641080199302,0.02639290794055618,0.02468394915897365,-0.015258749673740746,0.4562544992923323
2011-05-10,510151,240975,64636,178418,399999,088691,GOLD - COMMODITY EXCHANGE INC. ,1516.5999755859375,0.434343949144469,-221581,3.545890186723541,176339,-3.123929063051024,0.03202015155156228,0.06744848843791618,-0.015258749673740746,-0.024264754945413247,0.45529205884309387
2011-05-17,509164,227421,62818,189113,396062,088691,GOLD - COMMODITY EXCHANGE INC. ,1479.800048828125,0.40644860987815323,-206949,2.868170404448879,164603,-2.300495343535541,0.025004485837569958,0.052963247530483495,-0.024264754945413247,0.029328220645835845,0.4538291750312852
2011-05-24,531180,240461,68067,185259,402496,088691,GOLD - COMMODITY EXCHANGE INC. ,1523.199951171875,0.4089705937723559,-217237,-2.0205670471596577,172394,1.5301553134157166,0.017503891927759016,0.05927825027226054,0.029328220645835845,0.00833775843573048,0.45296642613738036
2011-05-31,501400,247185,55411,170783,411291,088691,GOLD - COMMODITY EXCHANGE INC. ,1535.9000244140625,0.47967291583566013,-240508,-4.381000790692421,191774,3.6484807409917543,0.03997945278435388,0.06404579042683975,0.00833775843573048,0.004818037825662147,0.4529001820209009
2011-06-07,502251,251837,53129,168869,416553,088691,GOLD - COMMODITY EXCHANGE INC. ,1543.300048828125,0.49314784838656367,-247684,-1.4311926605504586,198708,1.3829278021539688,0.012257824270355402,0.022736960841536435,0.004818037825662147,-0.012635261700929101,0.45306869060411326
2011-06-14,497780,247713,56018,171824,409253,088691,GOLD - COMMODITY EXCHANGE INC. ,1523.800048828125,0.4769757724295874,-237429,2.0418077813682802,191695,-1.3963137952935885,0.017648263483152835,0.02308951012573626,-0.012635261700929101,0.01456880854476128,0.45281707463521403
2011-06-21,515016,262254,59027,167811,419058,088691,GOLD - COMMODITY EXCHANGE INC. ,1546.0,0.48784309613681903,-251247,-2.775925107477199,203227,2.316686086222829,0.02354528864192861,0.054625078980705365,0.01456880854476128,-0.029948285141089936,0.4529756057896685
2011-06-28,495761,225982,60080,177824,386579,088691,GOLD - COMMODITY EXCHANGE INC. ,1499.699951171875,0.42107991552381085,-208755,8.25061745654504,165902,-7.247347655218479,0.07528663029785455,0.1304787074130783,-0.029948285141089936,0.008401745726806409,0.4517974281645818
2011-07-05,489782,219889,62114,177118,379120,088691,GOLD - COMMODITY EXCHANGE INC. ,1512.300048828125,0.41243246995602123,-202002,1.362148293230004,157775,-1.6392979681741808,0.014678968355272383,0.028818842352740928,0.008401745726806409,0.032797708116436564,0.45143571652361847
2011-07-12,520202,262515,64918,167806,412055,088691,GOLD - COMMODITY EXCHANGE INC. ,1561.9000244140625,0.46952722211756204,-244249,-8.625674279577444,197597,8.130556043300897,0.07285711575705212,0.13874594191788855,0.032797708116436564,0.024969587931615855,0.4520579254079245
2011-07-19,542342,277492,58195,162395,426209,088691,GOLD - COMMODITY EXCHANGE INC. ,1600.9000244140625,0.48643475887908366,-263814,-3.761038981011223,219297,4.171456472677922,0.03323966537774123,0.0646435518801741,0.024969587931615855,0.009806952921761258,0.4539994198642583
2011-07-26,536454,278473,42856,158260,441233,088691,GOLD - COMMODITY EXCHANGE INC. ,1616.5999755859375,0.5274879113586626,-282973,-3.5326417647904824,235617,3.009171334692869,0.031958671744290595,0.050789066657537914,0.009806952921761258,0.01565016034282385,0.45632995029635165
2011-08-02,529403,291974,44799,155014,442648,088691,GOLD - COMMODITY EXCHANGE INC. ,1641.9000244140625,0.5433176615923975,-287634,-0.868853620254486,247175,2.154518374362014,0.007798722354775777,0.04585878321599415,0.01565016034282385,0.05974783733921063,0.45854575124826125
2011-08-09,510223,259388,55815,163472,412678,088691,GOLD - COMMODITY EXCHANGE INC. ,1740.0,0.48842564917692854,-249206,7.258742394735202,203573,-8.23606968604258,0.06669790853076456,0.13832990168240786,0.05974783733921063,0.024367830123024348,0.45944665791257727
2011-08-16,514107,263954,63868,160562,409409,088691,GOLD - COMMODITY EXCHANGE INC. ,1782.4000244140625,0.48403736965262095,-248847,0.07036139099962173,200086,-0.6834266585395014,0.010840902431878113,0.03849345071410704,0.024367830123024348,0.04258304722533501,0.45992730981159846
2011-08-23,528520,258641,70960,175150,405586,088691,GOLD - COMMODITY EXCHANGE INC. ,1858.300048828125,0.4360024218572618,-230436,3.5811611201559206,187681,-2.4129218236670575,0.03170287359488649,0.037636414938061476,0.04258304722533501,-0.017004841428152284,0.459178061386805
2011-08-30,509326,237230,60283,176476,393831,088691,GOLD - COMMODITY EXCHANGE INC. ,1826.699951171875,0.4267502542575875,-217355,2.475024596987815,176947,-2.0309543631272233,0.02293676914363667,0.10785411057668068,-0.017004841428152284,0.023649244209194675,0.45790647719380395
2011-09-06,523294,248457,64086,174101,401815,088691,GOLD - COMMODITY EXCHANGE INC. ,1869.9000244140625,0.43515499891074616,-227714,-2.033864361921441,184371,1.4576126096056357,0.01798699810389015,0.04808938290091284,0.023649244209194675,-0.023049347571104994,0.4568270150060727
2011-09-13,512068,235395,66548,183452,393920,088691,GOLD - COMMODITY EXCHANGE INC. ,1826.800048828125,0.4110157244740933,-210468,3.295661712154162,168847,-2.9665923935684337,0.02986982396098183,0.051413677415936124,-0.023049347571104994,-0.011057626835047407,0.4552481798926413
2011-09-20,499356,212809,62280,187257,384885,088691,GOLD - COMMODITY EXCHANGE INC. ,1806.5999755859373,0.3957657462812102,-197628,2.507479475382176,150529,-3.57725927025317,0.022441981186488668,0.09761931593048068,-0.011057626835047407,-0.08635005098425519,0.45345246166179803
2011-09-27,465414,181723,53922,192457,359140,088691,GOLD - COMMODITY EXCHANGE INC. ,1650.5999755859375,0.3581392050948188,-166683,6.196981712445631,127801,-4.5514622834210465,0.05610074021432314,0.1673873835642598,-0.08635005098425519,-0.021749681900557705,0.4509405808618857
2011-10-04,436920,180635,47479,180289,345040,088691,GOLD - COMMODITY EXCHANGE INC. ,1614.699951171875,0.377073606152156,-164751,0.41511428534595,133156,1.1505885082958398,0.050002950531952355,0.03301419465705743,-0.021749681900557705,0.02786895482801066,0.4488602731046305
2011-10-11,438090,179125,44623,179749,348227,088691,GOLD - COMMODITY EXCHANGE INC. ,1659.699951171875,0.3845739459928325,-168478,-0.8530165705392291,134502,0.3080655497573927,0.007059032986347864,0.01951302358009904,0.02786895482801066,-0.004820148361365795,0.4468954094692099
2011-10-18,437739,175224,48246,182341,341494,088691,GOLD - COMMODITY EXCHANGE INC. ,1651.699951171875,0.3635796673360153,-159153,2.1285580588463557,126978,-1.717455317400534,0.017801406931571964,0.03366894885219492,-0.004820148361365795,0.029000439444269333,0.4449498698629433
2011-10-25,443723,182146,52425,175677,343791,088691,GOLD - COMMODITY EXCHANGE INC. ,1699.5999755859375,0.37887150316751667,-168114,-2.0471102643355974,129721,0.6266291100404578,0.01725034073321167,0.04732469060540306,0.029000439444269333,0.006707475039902988,0.44329642117483736
2011-11-01,442435,183149,43204,170316,352716,088691,GOLD - COMMODITY EXCHANGE INC. ,1711.0,0.4122639483765977,-182400,-3.219576177029363,139945,2.304140195572463,0.027313816363052357,0.04516838743025275,0.006707475039902988,0.05108125331038127,0.44262233440822324
2011-11-08,464982,200186,44479,170248,367183,088691,GOLD - COMMODITY EXCHANGE INC. ,1798.4000244140625,0.4235325238396325,-196935,-3.285228338626013,155707,3.562557211793823,0.027045332331034122,0.07484519649316412,0.05108125331038127,-0.009286072628712616,0.4421692196356687
2011-11-15,470490,205417,46203,170594,374757,088691,GOLD - COMMODITY EXCHANGE INC. ,1781.699951171875,0.4339369593402623,-204163,-1.5544687751353816,159214,0.7542227441062235,0.014522756903352153,0.027640887051903665,-0.009286072628712616,-0.04462030767173264,0.44252215473665524
2011-11-22,457070,194066,33096,170098,362511,088691,GOLD - COMMODITY EXCHANGE INC. ,1702.199951171875,0.42097052967816745,-192413,2.4973963314841976,160970,0.3732279113264894,0.023923741431331427,0.10766765568184819,-0.04462030767173264,0.006579763578583586,0.4424681231061839
2011-11-29,423176,186031,31238,151929,345474,088691,GOLD - COMMODITY EXCHANGE INC. ,1713.4000244140625,0.45736289392593155,-193545,-0.2476644715251493,154793,-1.351434134815236,0.07077962939507804,0.045533417100460716,0.006579763578583586,0.008462705610710275,0.4425969673724758
2011-12-06,422956,192752,33041,142443,343943,088691,GOLD - COMMODITY EXCHANGE INC. ,1727.9000244140625,0.476408893596497,-201500,-1.8798325046789042,159711,1.162164205909598,0.022650734190540023,0.03775139176148065,0.008462705610710275,-0.03935412873384214,0.4428805919489957
2011-12-13,427699,184468,33965,152357,338574,088691,GOLD - COMMODITY EXCHANGE INC. ,1659.9000244140625,0.43539264763303165,-186217,3.613378223739585,150503,-2.177058606569005,0.031130647687760603,0.04215480261682072,-0.03935412873384214,-0.02668838374393223,0.4425821662343398
2011-12-20,423465,172973,39037,159783,324337,088691,GOLD - COMMODITY EXCHANGE INC. ,1615.5999755859375,0.388589375745339,-164554,5.06501067339414,133936,-3.8735185258791813,0.04474717012310997,0.07814254044620536,-0.02668838374393223,-0.013245868245511216,0.4417365591529671
2011-12-27,418945,167413,36625,162522,326454,088691,GOLD - COMMODITY EXCHANGE INC. ,1594.199951171875,0.3912971869815847,-163932,0.1468834496357432,130788,-0.7433908351339544,0.009930957756617911,0.03907115341259961,-0.013245868245511216,0.003450006378407533,0.44085837477154777
2012-01-03,423275,169339,38368,164117,325960,088691,GOLD - COMMODITY EXCHANGE INC. ,1599.699951171875,0.3823589864745142,-161843,0.49863347217415177,130971,0.04368115146379596,0.004262595469691498,0.017664305969466606,0.003450006378407533,0.019566199777149462,0.43995004122463255
2012-01-10,417923,166262,33502,160949,327523,088691,GOLD - COMMODITY EXCHANGE INC. ,1631.0,0.39857581420500904,-166574,-1.1177130706987182,132760,0.42265666528852397,0.009685304377733012,0.0397619190644961,0.019566199777149462,0.014837493054491002,0.44025639497537095
2012-01-17,432838,167373,31344,172691,345667,088691,GOLD - COMMODITY EXCHANGE INC. ,1655.199951171875,0.39963219495515645,-172976,-1.5318611323138474,136029,0.7822015060190514,0.05765513409651245,0.01645053015091814,0.014837493054491002,0.005437409536912963,0.4411869850479689
2012-01-24,427032,173479,31256,164048,343816,088691,GOLD - COMMODITY EXCHANGE INC. ,1664.199951171875,0.42097079375784485,-179768,-1.5691783068954204,142223,1.4310203817594573,0.020663012144983697,0.030253742642928665,0.005437409536912963,0.044225513649620796,0.4417778395333905
2012-01-31,425133,197478,26119,147555,357417,088691,GOLD - COMMODITY EXCHANGE INC. ,1737.800048828125,0.49363846137561657,-209862,-7.0472470447179605,171359,6.822907885123364,0.05959538350641223,0.13030586277991207,0.044225513649620796,0.00494877163327101,0.44324481052158216
2012-02-07,436061,207620,30113,143085,364157,088691,GOLD - COMMODITY EXCHANGE INC. ,1746.4000244140625,0.5069749415792745,-221072,-2.6368218886795427,177507,1.4461356798931158,0.02209990497632294,0.05946166497709615,0.00494877163327101,-0.017464498152554242,0.4444014583643472
2012-02-14,431164,200332,32912,146818,356226,088691,GOLD - COMMODITY EXCHANGE INC. ,1715.9000244140625,0.48568062268649514,-209408,2.6748551234804303,167420,-2.3132084731264664,0.023186838527047334,0.043246557253348424,-0.017464498152554242,0.02401069443771564,0.4448592678148268
2012-02-21,456676,214343,33382,146004,375306,088691,GOLD - COMMODITY EXCHANGE INC. ,1757.0999755859375,0.5021109057625099,-229302,-4.614021578796003,180961,3.1405683220305964,0.03816155454528016,0.05845594913714805,0.02401069443771564,0.017016689334419688,0.44563725631075674
2012-02-28,479044,231050,37830,145061,390412,088691,GOLD - COMMODITY EXCHANGE INC. ,1787.0,0.5121679845692672,-245351,-3.514307736776183,193220,2.684397691142079,0.029971632556636842,0.07867822076762868,0.017016689334419688,-0.06468940995295891,0.446143284018579
2012-03-06,443249,198112,34847,152969,353177,088691,GOLD - COMMODITY EXCHANGE INC. ,1671.4000244140625,0.45168291411824957,-200208,9.423560257512879,163265,-6.253079049106136,0.08918968044793399,0.15419451491464164,-0.06468940995295891,0.013342064396361542,0.44559270477139395
2012-03-13,442319,190477,39571,151435,343123,088691,GOLD - COMMODITY EXCHANGE INC. ,1693.699951171875,0.4333704860067056,-191688,1.9221701571802756,150906,-2.7882747620412003,0.02343102325713061,0.053723570733064406,0.013342064396361542,-0.02774989747592571,0.44558869765320536
2012-03-20,431039,175009,43546,166859,332997,088691,GOLD - COMMODITY EXCHANGE INC. ,1646.699951171875,0.3854361206294558,-166138,5.776374064871733,131463,-4.3956963187202,0.05111472103965942,0.08896158861613782,-0.02774989747592571,0.023137243448107192,0.44450987894552935
2012-03-27,417304,182369,34548,152335,337411,088691,GOLD - COMMODITY EXCHANGE INC. ,1684.800048828125,0.4435040162567337,-185076,-4.393569955386868,147821,3.7950162282299282,0.03866902435139848,0.07541133244512878,0.023137243448107192,-0.008784454178060619,0.44362954527906734
2012-04-03,407761,175592,33827,155751,333215,088691,GOLD - COMMODITY EXCHANGE INC. ,1670.0,0.43521572685960647,-177464,1.8240898721315872,141765,-1.4512202135613366,0.015567544573651337,0.03580381913770957,-0.008784454178060619,-0.006287425149700598,0.44222548917355076
2012-04-10,403989,170996,34343,148103,319152,088691,GOLD - COMMODITY EXCHANGE INC. ,1659.5,0.4234001420830765,-171049,1.573225492384019,136653,-1.2536755599481069,0.046464992348931526,0.024895416847262333,-0.006287425149700598,-0.00554380908217833,0.44089238656347407
2012-04-17,398526,168700,26695,145730,321821,088691,GOLD - COMMODITY EXCHANGE INC. ,1650.300048828125,0.44185573839598924,-176091,-1.248053783642624,142005,1.3247885462227933,0.010783850317933231,0.05089178331072955,-0.00554380908217833,-0.00442346761930279,0.4398609178289503
2012-04-24,395389,165003,30009,148994,316231,088691,GOLD - COMMODITY EXCHANGE INC. ,1643.0,0.42296826669431875,-167237,2.221686916286516,134994,-1.7592327727676487,0.01903165135149659,0.035951633745615656,-0.00442346761930279,0.011381589270770043,0.4389625571434256
2012-05-01,411972,169568,29175,153584,331587,088691,GOLD - COMMODITY EXCHANGE INC. ,1661.699951171875,0.43207548085792236,-178003,-2.722888092486134,140393,1.3654906939747944,0.04111127829157143,0.027165736654875896,0.011381589270770043,-0.034723447594244394,0.43843168026441776
2012-05-08,417798,166130,42827,161037,312492,088691,GOLD - COMMODITY EXCHANGE INC. ,1604.0,0.36250771904125917,-151455,6.444127270785394,123303,-4.14834017845873,0.05606414813031514,0.08178716195198055,-0.034723447594244394,-0.029426403473737484,0.4370502143008945
2012-05-15,422091,164051,49909,170616,309533,088691,GOLD - COMMODITY EXCHANGE INC. ,1556.800048828125,0.3291162332293273,-138917,3.000971761473248,114142,-2.1926864178382854,0.02611272750750288,0.04281641428304356,-0.029426403473737484,0.01252569333786857,0.43556305321149397
2012-05-22,435706,169551,54400,172750,308348,088691,GOLD - COMMODITY EXCHANGE INC. ,1576.300048828125,0.3112144427664526,-135598,0.7863233283817944,115151,0.23904797780573384,0.006898802323019426,0.04461243754214091,0.01252569333786857,-0.017572842976678604,0.4336831272306112
2012-05-29,419991,167439,56727,170208,300917,088691,GOLD - COMMODITY EXCHANGE INC. ,1548.5999755859375,0.3112185737313419,-130709,1.1220869118166836,110712,-1.0188062592665696,0.02116847970283895,0.01980228937483829,-0.017572842976678604,0.04300657150710485,0.430443620651682
2012-06-05,423941,183962,55098,154597,310719,088691,GOLD - COMMODITY EXCHANGE INC. ,1615.199951171875,0.3682635083655509,-156122,-6.050843946655999,128864,4.3219973761342505,0.054614498534329356,0.07593072868735883,0.04300657150710485,-0.001547795985373912,0.428041998728201
2012-06-12,412244,181259,48944,147076,305866,088691,GOLD - COMMODITY EXCHANGE INC. ,1612.699951171875,0.3851845023820844,-158790,-0.6293328552793903,132315,0.8140283671548636,0.027319171108000584,0.03847473751428088,-0.001547795985373912,0.005890742411876815,0.42627678199651825
2012-06-19,418492,184393,47989,150812,314503,088691,GOLD - COMMODITY EXCHANGE INC. ,1622.199951171875,0.3911448725423664,-163691,-1.1888590252374809,136404,0.9918882991626318,0.026590589170776786,0.01759602723102478,0.005890742411876815,-0.029712706585310555,0.42441720077354805
2012-06-26,413618,174589,51970,155729,299889,088691,GOLD - COMMODITY EXCHANGE INC. ,1574.0,0.34853415470313187,-144160,4.666994829052886,122619,-3.293969777200042,0.042867050906680595,0.06084507788258246,-0.029712706585310555,0.030050856942900328,0.42302208998853497
2012-07-03,425068,187263,50048,154926,321563,088691,GOLD - COMMODITY EXCHANGE INC. ,1621.300048828125,0.3920243349299406,-166637,-5.43424125642501,137215,3.528859962574163,0.047172127793086514,0.06150578776373619,0.030050856942900328,-0.025905137072164797,0.422629625853418
2012-07-10,429854,182156,55921,163399,316165,088691,GOLD - COMMODITY EXCHANGE INC. ,1579.300048828125,0.355390434891847,-152766,3.263242587068422,126235,-2.583116113186596,0.028924189472103828,0.04611953275620913,-0.025905137072164797,0.006205234252404601,0.4204346876375389
2012-07-17,431317,180474,51515,162570,321389,088691,GOLD - COMMODITY EXCHANGE INC. ,1589.0999755859375,0.36821873471252003,-158819,-1.4081525355120577,128959,0.6337035365496192,0.012507257846222511,0.026242623572669394,0.006205234252404601,-0.008243644696493857,0.4181613025574127
2012-07-24,420296,166085,53108,166448,302693,088691,GOLD - COMMODITY EXCHANGE INC. ,1576.0,0.3241643984239679,-136245,5.233737599028093,112977,-3.705395335681181,0.04811773006409587,0.07291291236490216,-0.008243644696493857,0.021890862944162537,0.4142512350009762
2012-07-31,403403,171331,45267,155355,311367,088691,GOLD - COMMODITY EXCHANGE INC. ,1610.5,0.38673981105742894,-156012,-4.7031139958505435,126064,3.1137579229876087,0.04235283530667078,0.0604206871716267,0.021890862944162537,-0.0004967704614250446,0.4112401224906884
2012-08-07,388254,163082,47582,149011,295429,088691,GOLD - COMMODITY EXCHANGE INC. ,1609.699951171875,0.3771191024432459,-146418,2.3782668943959266,115500,-2.6187212291430657,0.0501350013500135,0.050146204382333956,-0.0004967704614250446,-0.006398662527332566,0.4090996119765791
2012-08-14,388187,161435,47131,147418,291358,088691,GOLD - COMMODITY EXCHANGE INC. ,1599.4000244140625,0.3708006708107175,-143940,0.6382419756139023,114304,-0.30804576385562027,0.01290863675314967,0.010059165923496639,-0.006398662527332566,0.025321995361877736,0.40692198315269634
2012-08-21,398747,170780,40096,137903,309125,088691,GOLD - COMMODITY EXCHANGE INC. ,1639.9000244140625,0.4294000958000938,-171222,-7.02805606576212,130684,4.219615803723463,0.06102973415535492,0.07767598019689297,0.025321995361877736,0.016220486121061972,0.40679501534390466
2012-08-28,426559,194680,36189,139050,342674,088691,GOLD - COMMODITY EXCHANGE INC. ,1666.5,0.4773642098748356,-203624,-8.125954552636133,158491,6.973594785666099,0.0720246448173643,0.12044492764294903,0.016220486121061972,0.015841598808318258,0.4077683606442364
2012-09-04,444489,204945,34481,139746,359132,088691,GOLD - COMMODITY EXCHANGE INC. ,1692.9000244140625,0.4935690197057745,-219386,-3.695151198310199,170464,2.8068801736688243,0.03438516029971256,0.05000710031491985,0.015841598808318258,0.02297833531399851,0.4088917071979869
2012-09-11,460531,214403,32387,143148,380239,088691,GOLD - COMMODITY EXCHANGE INC. ,1731.800048828125,0.5148209349642043,-237091,-3.983225681625417,182016,2.5989394563195036,0.046827682002036734,0.046809027918473196,0.02297833531399851,0.021134065454440965,0.4108879612458737
2012-09-18,478609,224988,33873,148802,398435,088691,GOLD - COMMODITY EXCHANGE INC. ,1768.4000244140625,0.5215802460881429,-249633,-2.7233780136407755,191115,1.9757627608130615,0.04358257939430265,0.046631203618930625,0.021134065454440965,-0.0026012076014654273,0.41330747085754543
2012-09-25,489516,233994,30098,144506,406861,088691,GOLD - COMMODITY EXCHANGE INC. ,1763.800048828125,0.5359477524738722,-262355,-2.658119675977677,203896,2.670447066394489,0.023073560804328153,0.04839601351044333,-0.0026012076014654273,0.005045868067450776,0.4167268659994503
2012-10-02,480908,239434,31108,136250,405520,088691,GOLD - COMMODITY EXCHANGE INC. ,1772.699951171875,0.5599199846956174,-269270,-1.4126198122226854,208326,0.9049755268469264,0.017714159145024642,0.02384103022820856,0.005045868067450776,-0.005471851660774685,0.42024314250990147
2012-10-09,484359,247401,35452,131714,398702,088691,GOLD - COMMODITY EXCHANGE INC. ,1763.0,0.5512192402742594,-266988,0.4745190348257879,211949,0.7533665482795047,0.021405839944496394,0.0435243748519549,-0.005471851660774685,-0.010380061728942125,0.4234478597076212
2012-10-16,462826,232988,38968,129500,376883,088691,GOLD - COMMODITY EXCHANGE INC. ,1744.699951171875,0.5345054080799264,-247383,4.047617572915957,194020,-3.7015932397250797,0.047460124056297306,0.06592610569356808,-0.010380061728942125,-0.02086313025875941,0.42673489318346564
2012-10-23,455836,222095,40052,132859,365524,088691,GOLD - COMMODITY EXCHANGE INC. ,1708.300048828125,0.510413833045218,-232665,3.1800287797141906,182043,-2.5877975740343024,0.029531504886803926,0.0456881062915082,-0.02086313025875941,0.0015219665817611805,0.4292645533734214
2012-10-30,454742,207532,37310,144346,367110,088691,GOLD - COMMODITY EXCHANGE INC. ,1710.9000244140625,0.48986898065276574,-222764,2.172053106819119,170222,-2.593257224089365,0.02556036100857161,0.07067823330964458,0.0015219665817611805,0.0018703320627813103,0.43075695784027085
2012-11-06,447154,196504,36331,144788,352530,088691,GOLD - COMMODITY EXCHANGE INC. ,1714.0999755859375,0.46458714447371596,-207742,3.3034116048220747,160173,-2.2098244718983513,0.030206025118736903,0.05156870745377628,0.0018703320627813103,0.005892290840553205,0.43154646977554173
2012-11-13,459761,207847,36253,144488,369283,088691,GOLD - COMMODITY EXCHANGE INC. ,1724.199951171875,0.4889388182120711,-224795,-3.813674930784473,171594,2.5541536025619807,0.03319183060157152,0.04678820155673904,0.005892290840553205,-0.0005799791371762231,0.43260419783076876
2012-11-20,474129,217433,36618,145098,381162,088691,GOLD - COMMODITY EXCHANGE INC. ,1723.199951171875,0.4978898147972387,-236064,-2.4510560921870277,180815,2.0056072611639526,0.023731615551248433,0.039169300652231245,-0.0005799791371762231,0.011025998455419517,0.4340834148522894
2012-11-27,479373,228431,28024,141117,399829,088691,GOLD - COMMODITY EXCHANGE INC. ,1742.199951171875,0.5396883011767455,-258712,-4.776759067679893,200407,4.132208744877449,0.04186739526681037,0.07639546899066113,0.011025998455419517,-0.027436533175001165,0.4356665957609589
2012-12-04,434416,202177,36441,135887,353483,088691,GOLD - COMMODITY EXCHANGE INC. ,1694.4000244140625,0.5008931531066996,-217596,8.577037088029572,165736,-7.232572547890682,0.105392647689887,0.14529918111793746,-0.027436533175001165,0.008144432577298133,0.4361374469053858
2012-12-11,433586,201955,38256,135772,350652,088691,GOLD - COMMODITY EXCHANGE INC. ,1708.199951171875,0.49558795717573906,-214880,0.6252071746896983,163699,-0.46890538101727375,0.00605644458332648,0.008480044627431717,0.008144432577298133,-0.022655398828062112,0.4372950490119764
2012-12-18,435742,202641,44860,137780,339914,088691,GOLD - COMMODITY EXCHANGE INC. ,1669.5,0.4638845922587219,-202134,2.9396705613188616,157781,-1.3648964680593931,0.026682353138201442,0.02945442644676183,-0.022655398828062112,-0.0047918538484575945,0.43874303394492603
2013-01-08,441304,193869,51061,152103,330575,088691,GOLD - COMMODITY EXCHANGE INC. ,1661.5,0.40441962909921503,-178472,5.430277549559142,142808,-3.436207664168246,0.04902232958618375,0.0611317519291226,-0.0047918538484575945,0.013180875362059918,0.4389953886010343
2013-01-15,447773,192955,47839,156010,341123,088691,GOLD - COMMODITY EXCHANGE INC. ,1683.4000244140625,0.4134081331388896,-185113,-1.5048583289523776,145116,0.5229954861048166,0.029076725946577675,0.017176507720292035,0.013180875362059918,0.005583951691657152,0.43959248757534924
2013-01-22,461369,195795,43898,153048,348998,088691,GOLD - COMMODITY EXCHANGE INC. ,1692.800048828125,0.4247142742576983,-195950,-2.420199520739303,151897,1.514383404090912,0.02158567143249822,0.028290354745445216,0.005583951691657152,-0.018962722548638844,0.4400951502686702
2013-01-29,430718,181103,54155,159776,326873,088691,GOLD - COMMODITY EXCHANGE INC. ,1660.699951171875,0.38794988832600447,-167097,6.253779512711084,126948,-5.407602157925652,0.05928913857831825,0.10604952860264051,-0.018962722548638844,0.007045266204729783,0.4398704905258019
2013-02-05,423982,192806,55341,145291,319898,088691,GOLD - COMMODITY EXCHANGE INC. ,1672.4000244140625,0.41182644546230734,-174607,-1.7436002210262862,137465,2.441736820843336,0.04613178729505642,0.051940986592624534,0.007045266204729783,-0.014171294484697783,0.4396946376739646
2013-02-12,435088,193941,67106,154573,315226,088691,GOLD - COMMODITY EXCHANGE INC. ,1648.699951171875,0.36924254403706835,-160653,3.2911774556467024,126835,-2.5071819086659337,0.02970206407421046,0.04941638861967385,-0.014171294484697783,-0.027354871669572733,0.4373024084943772
2013-02-19,447290,195870,92219,158900,290982,088691,GOLD - COMMODITY EXCHANGE INC. ,1603.5999755859375,0.2952938809273626,-132082,6.56671753760159,103651,-5.328577207369543,0.06350776425818326,0.0938668258767256,-0.027354871669572733,0.0072337090063243625,0.4332316188664558
2013-02-26,433858,201956,85357,151145,288765,088691,GOLD - COMMODITY EXCHANGE INC. ,1615.199951171875,0.3172005587081487,-137620,-1.2381229180173936,116599,2.894766259026582,0.022668273055852332,0.04506583412515271,0.0072337090063243625,-0.025136191687277543,0.429991617636103
2013-03-05,434586,195248,87661,150453,284251,088691,GOLD - COMMODITY EXCHANGE INC. ,1574.5999755859375,0.3078746209035726,-133798,0.8809333929534547,107587,-2.077177325299983,0.011975965254518018,0.03185476602016903,-0.025136191687277543,0.010732900213448637,0.42625630446573876
2013-03-12,445651,201617,87110,149550,291671,088691,GOLD - COMMODITY EXCHANGE INC. ,1591.5,0.3189064985829719,-142121,-1.915156033558375,114507,1.59232004712531,0.01886356270440437,0.023967277047176053,0.010732900213448637,0.01244112398876851,0.4225397374275408
2013-03-19,440712,208895,73285,136677,299041,088691,GOLD - COMMODITY EXCHANGE INC. ,1611.300048828125,0.36841293180126705,-162364,-4.54234367251504,135610,4.735319790598473,0.04645894821880207,0.07478559784534694,0.01244112398876851,-0.009619561552966505,0.4209383916137526
2013-03-26,419727,200389,67943,139588,298061,088691,GOLD - COMMODITY EXCHANGE INC. ,1595.800048828125,0.37756208201997965,-158473,0.8828895060719926,132446,-0.7179291691626277,0.008890686371955609,0.05160770985197442,-0.009619561552966505,-0.012971595819531778,0.4198651530755464
2013-04-02,417176,202634,82428,137205,279727,088691,GOLD - COMMODITY EXCHANGE INC. ,1575.0999755859375,0.34163518514967306,-142522,3.8003273556383075,120206,-2.9161812320865703,0.04968915794422112,0.05868898695722334,-0.012971595819531778,0.007047156217374839,0.41902282739324287
2013-04-09,416513,203812,84453,135855,279657,088691,GOLD - COMMODITY EXCHANGE INC. ,1586.199951171875,0.3452521289851697,-143802,-0.3068249371967707,119359,-0.20303181391067557,0.0034174704942336203,0.011111303835012923,0.007047156217374839,-0.12570918451764834,0.41713336802263584
2013-04-16,413083,204677,75795,144522,286451,088691,GOLD - COMMODITY EXCHANGE INC. ,1386.800048828125,0.34358470331628266,-141929,0.4496858441393186,128882,2.2863632107521252,0.03587463715824425,0.03395347842208848,-0.12570918451764834,0.01571958897480119,0.4153712329544951
2013-04-23,415074,197188,92933,156131,260519,088691,GOLD - COMMODITY EXCHANGE INC. ,1408.5999755859375,0.2514925049509244,-104388,9.088004105712413,104255,-5.961755869885713,0.09010200408016321,0.08488527200719699,0.01571958897480119,0.04515119742173912,0.41206531685579983
2013-04-30,421087,193310,96258,170211,265774,088691,GOLD - COMMODITY EXCHANGE INC. ,1472.199951171875,0.22694360072859052,-95563,2.1261269074911944,97052,-1.735353214125674,0.04434785600422033,0.02487498618631893,0.04515119742173912,-0.0157586957895276,0.40793239113142676
2013-05-07,437931,189343,99920,186671,274390,088691,GOLD - COMMODITY EXCHANGE INC. ,1449.0,0.20030324411836567,-87719,1.8627979491174032,89423,-1.8117396167537825,0.05438759730274302,0.026373922693189243,-0.0157586957895276,-0.0167702200332126,0.40365037146650457
2013-05-14,443806,186921,103195,190502,274648,088691,GOLD - COMMODITY EXCHANGE INC. ,1424.699951171875,0.18960086163774262,-84146,0.815881954006453,83726,-1.3008898662118005,0.008790712673331183,0.01963697279708806,-0.0167702200332126,-0.032919143645069204,0.3989873980199627
2013-05-21,446087,189401,109142,192147,276269,088691,GOLD - COMMODITY EXCHANGE INC. ,1377.800048828125,0.1885775644661243,-84122,0.005407768259104203,80259,-0.7811971897630947,0.006972434758846837,0.02822708956498729,-0.032919143645069204,0.0009434799765888346,0.39564258735505625
2013-05-28,411001,172565,115686,171995,231216,088691,GOLD - COMMODITY EXCHANGE INC. ,1379.0999755859375,0.14408967374775244,-59221,5.582094972505363,56879,-5.241130093457106,0.16171433815049688,0.08110986605423745,0.0009434799765888346,0.013051990659598278,0.3920843842881029
2013-06-04,373061,170971,109771,147497,209149,088691,GOLD - COMMODITY EXCHANGE INC. ,1397.0999755859375,0.16525983686314036,-61652,-0.5914827457840734,61200,1.0513356415191204,0.13056364013615743,0.026746977652079132,0.013051990659598278,-0.014386927161392005,0.3892775649438084
2013-06-11,373844,174015,115010,146470,204792,088691,GOLD - COMMODITY EXCHANGE INC. ,1377.0,0.15600624859567092,-58322,0.892615416781706,59005,-0.5883756275783316,0.015327590231792794,0.028658420551855374,-0.014386927161392005,-0.007552668419798514,0.38629271253735326
2013-06-18,377106,166771,123079,155303,199418,088691,GOLD - COMMODITY EXCHANGE INC. ,1366.5999755859375,0.11698302334091741,-44115,3.8002482318828177,43692,-4.096093557740662,0.04005119516465053,0.05283077453855443,-0.007552668419798514,-0.06717395609381072,0.38146039551764876
2013-06-25,390647,164901,130749,164958,200166,088691,GOLD - COMMODITY EXCHANGE INC. ,1274.800048828125,0.09012740402460534,-35208,2.361935370956707,34152,-2.5297926842850553,0.028491690494188277,0.032267884322678846,-0.06717395609381072,-0.02447448387758422,0.3757862205492356
2013-07-02,410399,158712,137961,186385,209161,088691,GOLD - COMMODITY EXCHANGE INC. ,1243.5999755859375,0.055497211250514746,-22776,3.18241276651299,20751,-3.4304627963353105,0.07691140853402638,0.04517094578879777,-0.02447448387758422,0.0018495085825660507,0.36933145783208465
2013-07-09,431574,160214,143657,202617,221658,088691,GOLD - COMMODITY EXCHANGE INC. ,1245.9000244140625,0.044119896008564,-19041,0.9100899368663179,16557,-1.0219323146498895,0.06771315773967355,0.023687683260330866,0.0018495085825660507,0.03603822420276348,0.3634773374725737
2013-07-16,440283,156571,133109,222746,247353,088691,GOLD - COMMODITY EXCHANGE INC. ,1290.800048828125,0.05588905317716105,-24607,-1.289697711168884,23462,1.59995736536492,0.0974773398794722,0.04898853907760287,0.03603822420276348,0.03431974363343948,0.3570131974388664
2013-07-23,434750,161197,127006,210233,244929,088691,GOLD - COMMODITY EXCHANGE INC. ,1335.0999755859375,0.07980678550891317,-34696,-2.2914807067272642,34191,2.436841758596176,0.032816887174236864,0.037227232193974384,0.03431974363343948,-0.00831396583695243,0.35171351187381006
2013-07-30,397035,154519,126153,188832,214606,088691,GOLD - COMMODITY EXCHANGE INC. ,1324.0,0.06491619126777236,-25774,2.052213916043703,28366,-1.339850488786659,0.1282080517948235,0.026832031695359707,-0.00831396583695243,-0.030815746849036985,0.34588077065371875
2013-08-06,396062,153812,102177,187636,241795,088691,GOLD - COMMODITY EXCHANGE INC. ,1283.199951171875,0.1367437421413819,-54159,-7.149243769440981,51635,5.860692382283678,0.06609909391729987,0.09642211188762018,-0.030815746849036985,0.029613467461011567,0.342276527263669
2013-08-13,390547,148524,94598,184321,245195,088691,GOLD - COMMODITY EXCHANGE INC. ,1321.199951171875,0.15586856383482653,-60874,-1.695441622776232,53926,0.578444788947185,0.015633876270034177,0.0529240463635541,0.029613467461011567,0.03928249041186249,0.3378366955863112
2013-08-20,385410,151348,90952,176610,244275,088691,GOLD - COMMODITY EXCHANGE INC. ,1373.0999755859375,0.1755662800653849,-67665,-1.7388432122126145,60396,1.6566508000317504,0.02050678926547632,0.026702434997936442,0.03928249041186249,0.03459325675082803,0.33396067977135235
2013-08-27,384102,150074,71785,175698,263336,088691,GOLD - COMMODITY EXCHANGE INC. ,1420.5999755859375,0.2281633524428407,-87638,-5.182273423107859,78289,4.642588412340105,0.04549305976302519,0.09213509481247098,0.03459325675082803,-0.0060537630112167395,0.331217654418124
2013-09-03,388584,151951,73760,177861,270322,088691,GOLD - COMMODITY EXCHANGE INC. ,1412.0,0.23794340477219855,-92461,-1.255656049695133,78191,-0.025514056162165257,0.020413536434893784,0.017066071214960725,-0.0060537630112167395,-0.03392353003828785,0.32753579497527985
2013-09-10,384164,141506,72782,184972,265196,088691,GOLD - COMMODITY EXCHANGE INC. ,1364.0999755859375,0.20882747993044637,-80224,3.149126057686369,68724,-2.4362814732464537,0.027183184944287467,0.053306764727842904,-0.03392353003828785,-0.040026373845864605,0.3223716270917339
2013-09-17,384592,138956,80160,188729,254066,088691,GOLD - COMMODITY EXCHANGE INC. ,1309.5,0.16988652910096935,-65337,3.8751678970439705,58796,-2.5843129496777415,0.033620524170327126,0.045309333868818344,-0.040026373845864605,0.004963726613211206,0.3161469638108723
2013-09-24,378216,140468,73329,183688,255215,088691,GOLD - COMMODITY EXCHANGE INC. ,1316.0,0.18911680098144976,-71527,-1.609497857469734,67139,2.1693118941631653,0.014103344019065716,0.03902299845180241,0.004963726613211206,-0.022796352583586588,0.30988342277274233
2013-10-01,374151,141541,68494,179659,257787,088691,GOLD - COMMODITY EXCHANGE INC. ,1286.0,0.2088140884295378,-78128,-1.745298982591958,73047,1.5620703513336296,0.015089862520173919,0.028128645225795702,-0.022796352583586588,0.029704472139871596,0.30386868897161534
2013-10-08,370406,140207,57890,176330,266746,088691,GOLD - COMMODITY EXCHANGE INC. ,1324.199951171875,0.2440997176071662,-90416,-3.284235509192813,82317,2.477609307472117,0.027733391111231482,0.060263406311049636,0.029704472139871596,-0.03866481880365924,0.2982562267626402
2013-10-15,381727,139663,77730,188890,253714,088691,GOLD - COMMODITY EXCHANGE INC. ,1273.0,0.16981769694048365,-64824,6.909175337332549,61933,-5.503150596912577,0.05782143857714797,0.09376566862778471,-0.03866481880365924,0.05459544383346415,0.2907542596904261
2013-10-22,390369,147835,71170,183393,265541,088691,GOLD - COMMODITY EXCHANGE INC. ,1342.5,0.2104367918559107,-82148,-4.538321889727475,76665,3.8593025905948495,0.03858919128424223,0.06726787059656172,0.05459544383346415,0.0020111368133146623,0.2842007510669963
2013-10-29,387166,153409,53173,174866,281653,088691,GOLD - COMMODITY EXCHANGE INC. ,1345.199951171875,0.2758170913768254,-106787,-6.311720449113531,100236,6.0381331509418015,0.05397146668594297,0.11409996998770464,0.0020111368133146623,-0.02765384516961078,0.27922597574578284
2013-11-05,386796,149031,57895,178714,272614,088691,GOLD - COMMODITY EXCHANGE INC. ,1308.0,0.24276362733844198,-93900,3.3285464116167223,91136,-2.350413001141629,0.028553513187748156,0.04397707392981066,-0.02765384516961078,-0.02821102783949736,0.2740788564052679
2013-11-12,403840,144062,82710,190317,256102,088691,GOLD - COMMODITY EXCHANGE INC. ,1271.0999755859375,0.16289867274167988,-65785,7.268689438360272,61352,-7.7001830422238084,0.06297895026869377,0.13133896600991304,-0.02821102783949736,0.001809494825192548,0.26779096586851625
2013-11-19,397590,140853,92733,190106,241621,088691,GOLD - COMMODITY EXCHANGE INC. ,1273.4000244140625,0.12956814809225584,-51515,3.5335776545166406,48120,-3.276545166402536,0.03403076481202241,0.05664723057032527,0.001809494825192548,-0.025129573886041312,0.2613482928611805
2013-11-26,394432,133414,106859,196011,224247,088691,GOLD - COMMODITY EXCHANGE INC. ,1241.4000244140625,0.0715864838552653,-28236,5.855026534872607,26555,-5.423929173268945,0.05539216386124714,0.08975207368285242,-0.025129573886041312,-0.015869238645686234,0.25332228643124194
2013-12-03,386436,134546,111855,190092,212391,088691,GOLD - COMMODITY EXCHANGE INC. ,1221.699951171875,0.05770425115672453,-22299,1.50520241765374,22691,-0.9796365406457894,0.0441633559678297,0.024870028936570875,-0.015869238645686234,0.03331429554625687,0.2448571794381551
2013-12-10,377313,133866,107486,183319,212281,088691,GOLD - COMMODITY EXCHANGE INC. ,1262.4000244140625,0.07675855324359351,-28962,-1.7242182405365962,26380,0.9546212050637104,0.017398887765419615,0.02091965262355398,0.03331429554625687,-0.024714886437576578,0.23595468428559446
2013-12-17,385432,133068,107164,191045,218144,088691,GOLD - COMMODITY EXCHANGE INC. ,1231.199951171875,0.07030812179580315,-27099,0.4937545221076401,25904,-0.12615520801032565,0.03320959263323305,0.004662159912084985,-0.024714886437576578,-0.02119881142059432,0.2276742029142311
2013-12-24,384974,135390,108051,188511,215029,088691,GOLD - COMMODITY EXCHANGE INC. ,1205.0999755859375,0.06888257388810673,-26518,0.15073994894040973,27339,0.37230951244318067,0.013998612281310403,0.013181838720675645,-0.02119881142059432,-0.0026553408320493244,0.21946833015869968
2013-12-31,379550,137182,104959,182101,215122,088691,GOLD - COMMODITY EXCHANGE INC. ,1201.9000244140625,0.08700039520484784,-33021,-1.6892049852717326,32223,1.268657104116122,0.01637115675577698,0.02017006620109771,-0.0026553408320493244,0.02288043883966684,0.2122205571384329
2014-01-07,383021,139244,100357,179334,221218,088691,GOLD - COMMODITY EXCHANGE INC. ,1229.4000244140625,0.10935170656439203,-41884,-2.3351337109735213,38887,1.7557634040310897,0.022126964788591743,0.02781290562226368,0.02288043883966684,0.012851737794085993,0.2065461740127632
2014-01-14,415426,145857,101844,199650,244905,088691,GOLD - COMMODITY EXCHANGE INC. ,1245.199951171875,0.10893636893213232,-45255,-0.8801084013670268,44013,1.3383078212421773,0.09898212819561134,0.03270071578233435,0.012851737794085993,-0.002328864806829478,0.2006909477780179
2014-01-21,410959,146018,99435,200101,246192,088691,GOLD - COMMODITY EXCHANGE INC. ,1242.300048828125,0.11215474049722722,-46091,-0.20123920987131283,46583,0.6186420686235334,0.0038943026218201944,0.010470436295339638,-0.002328864806829478,0.00700309975845359,0.19468018751339347
2014-01-28,382739,150158,83817,176630,241609,088691,GOLD - COMMODITY EXCHANGE INC. ,1251.0,0.16977365776678102,-64979,-4.596078927581583,66341,4.807778878184928,0.06707648019433865,0.08444491932898814,0.00700309975845359,0.0005595133268385677,0.19048449077186994
2014-02-04,368279,147754,82815,165354,231136,088691,GOLD - COMMODITY EXCHANGE INC. ,1251.699951171875,0.17862001363097,-65782,-0.2098035475872592,64939,-0.36630706565048243,0.05485384246765366,0.0147721506360352,0.0005595133268385677,0.03067829824400925,0.18599975169819033
2014-02-11,376973,156786,85585,162156,234810,088691,GOLD - COMMODITY EXCHANGE INC. ,1290.0999755859375,0.19272998331445487,-72654,-1.8659766101243893,71201,1.7003413173164912,0.017311306257966678,0.048693944407540504,0.03067829824400925,0.02681960796892735,0.18260527937660165
2014-02-18,390535,164478,79847,159449,251200,088691,GOLD - COMMODITY EXCHANGE INC. ,1324.699951171875,0.2349366894132408,-91751,-5.0658800497648375,84631,3.56258936316394,0.04650443566159908,0.054967768341348616,0.02681960796892735,0.013814485923349107,0.18144456415517624
2014-02-25,387503,169870,60406,155969,272632,088691,GOLD - COMMODITY EXCHANGE INC. ,1343.0,0.301063475637608,-116663,-6.378941708169562,109464,6.35871304748614,0.05812398944472831,0.10784015702895655,0.013814485923349107,-0.0038718921607409085,0.18113423563458889
2014-03-04,393266,171404,56238,157838,278987,088691,GOLD - COMMODITY EXCHANGE INC. ,1337.800048828125,0.30805866767022827,-121149,-1.1576684567603348,115166,1.4714724789227438,0.018826761288845646,0.025048101844123666,-0.0038718921607409085,0.0065031774961406,0.1811377749954861
2014-03-11,415340,170482,51592,163920,289287,088691,GOLD - COMMODITY EXCHANGE INC. ,1346.5,0.30184186449655703,-125367,-1.0725564884836218,118890,0.9469417646071615,0.0361468379791133,0.025072723506578888,0.0065031774961406,0.009283327144448572,0.18080960895536274
2014-03-18,420626,183324,46510,164293,310227,088691,GOLD - COMMODITY EXCHANGE INC. ,1359.0,0.3469447918103018,-145934,-4.951846679828574,136814,4.315500553763182,0.04491486133355812,0.07798672085070094,0.009283327144448572,-0.035025736266326324,0.18039676010938266
2014-03-25,398264,169083,51766,159979,287600,088691,GOLD - COMMODITY EXCHANGE INC. ,1311.4000244140625,0.32044322359038224,-127621,4.353748936109513,117317,-4.635234151003504,0.06019272575344241,0.08828203885913,-0.035025736266326324,-0.024248931093571846,0.17929832052419808
2014-04-01,363451,158152,58007,143575,257604,088691,GOLD - COMMODITY EXCHANGE INC. ,1279.5999755859375,0.31373967880126896,-114029,3.4128116023542177,100145,-4.31171283369825,0.11565909481802387,0.07944152221281557,-0.024248931093571846,0.02274146306748115,0.17876186847903647
2014-04-08,365400,149693,61094,151954,253697,088691,GOLD - COMMODITY EXCHANGE INC. ,1308.699951171875,0.27844280240831965,-101743,3.380373145210771,88599,-3.1767693581803327,0.030287118730139947,0.0547756740216427,0.02274146306748115,-0.00664778138341382,0.17747707373717397
2014-04-15,369577,147432,68140,157917,245522,088691,GOLD - COMMODITY EXCHANGE INC. ,1300.0,0.23704126609610446,-87605,3.8691844553913524,79292,-2.547071702244116,0.03504371168875592,0.04317351047445865,-0.00664778138341382,-0.014923095703125,0.17542816148293977
2014-04-22,372593,146880,65047,162799,253325,088691,GOLD - COMMODITY EXCHANGE INC. ,1280.5999755859375,0.24296215978292668,-90526,-0.7903630366608312,81833,0.6875427854006066,0.03048370197345022,0.017199318633302978,-0.014923095703125,0.012025632287722132,0.1752641163835552
2014-04-29,378092,147769,62542,162815,259986,088691,GOLD - COMMODITY EXCHANGE INC. ,1296.0,0.2570035864286999,-97171,-1.78344735408341,85227,0.9109135168937688,0.015792299450568942,0.016138005144761804,0.012025632287722132,0.009490778416763046,0.17584219303163423
2014-05-06,404700,160982,63026,167794,278265,088691,GOLD - COMMODITY EXCHANGE INC. ,1308.300048828125,0.2729701013096121,-110471,-3.517662367889297,97956,3.366640923373147,0.05214108447537209,0.06114513767365451,0.009490778416763046,-0.010471659963980695,0.17723963259300435
2014-05-13,397029,157176,65542,164941,267262,088691,GOLD - COMMODITY EXCHANGE INC. ,1294.5999755859375,0.2577166907203252,-102321,2.013837410427477,91634,-1.5621447986162589,0.032059009308126045,0.028385671566734615,-0.010471659963980695,-7.722507942442558e-05,0.178549552383054
2014-05-20,399371,157398,60907,164289,270299,088691,GOLD - COMMODITY EXCHANGE INC. ,1294.5,0.26544240818687387,-106010,-0.9291512710658416,96491,1.223336330595498,0.008488499452354874,0.02224868876113694,-7.722507942442558e-05,-0.022479703040507948,0.1800277224546069
2014-05-27,397695,155615,82224,162078,240716,088691,GOLD - COMMODITY EXCHANGE INC. ,1265.4000244140625,0.19773444473780158,-78638,6.85377756522131,73391,-5.784095490158274,0.0789336484654687,0.09712452541425082,-0.022479703040507948,-0.016674549690883556,0.18105935266595402
2014-06-03,382141,157332,98181,159545,222989,088691,GOLD - COMMODITY EXCHANGE INC. ,1244.300048828125,0.16602248908125536,-63444,3.8205157218471437,59151,-3.580633399967312,0.05296261247366247,0.06917064885152614,-0.016674549690883556,0.012456802532956335,0.1810740190547639
2014-06-10,378689,159567,98440,156553,219703,088691,GOLD - COMMODITY EXCHANGE INC. ,1259.800048828125,0.1667595309079482,-63150,0.07693495332874516,61127,0.5170866250938789,0.016685448205477123,0.009666404399880623,0.012456802532956335,0.009445865917229845,0.18128081294538462
2014-06-17,379843,162052,83757,157023,235348,088691,GOLD - COMMODITY EXCHANGE INC. ,1271.699951171875,0.20620361570438311,-78325,-4.007246051509286,78295,4.533535434089715,0.04107082327694962,0.06984284546131346,0.009445865917229845,0.03868842897795943,0.18299659356775896
2014-06-24,392388,183433,62574,142864,274471,088691,GOLD - COMMODITY EXCHANGE INC. ,1320.9000244140625,0.3354001651426649,-131607,-14.027374467872253,120859,11.205682347706816,0.1276720140894006,0.17301946692573789,0.03868842897795943,0.004163827616279869,0.18771337743541394
2014-07-01,401813,201287,55262,135444,295899,088691,GOLD - COMMODITY EXCHANGE INC. ,1326.4000244140625,0.3993275478891922,-160455,-7.3519067861402485,146025,6.41354985371622,0.0668794903359971,0.0980943211628188,0.004163827616279869,-0.007840790276415044,0.19432549929385007
2014-07-08,410992,203464,53443,135998,302001,088691,GOLD - COMMODITY EXCHANGE INC. ,1316.0,0.4039081052672558,-166003,-1.3807417878465853,150021,0.994492462911852,0.01519638172689892,0.015554266719085117,-0.007840790276415044,-0.014513659259830947,0.20124450331805566
2014-07-15,408368,199950,57492,138542,295448,088691,GOLD - COMMODITY EXCHANGE INC. ,1296.9000244140625,0.3842269717509697,-156906,2.213425078833651,142458,-1.8401818040253826,0.02096131247263762,0.02937749085230848,-0.014513659259830947,0.00709380137149096,0.20755869405985966
2014-07-22,405617,197835,51689,134809,295000,088691,GOLD - COMMODITY EXCHANGE INC. ,1306.0999755859375,0.3949316719959962,-160191,-0.8044215021745093,146146,0.9031070015280335,0.009727576667775687,0.03173241852487135,0.00709380137149096,-0.005971921677981329,0.21361878803076512
2014-07-29,374467,188980,49827,126297,275229,088691,GOLD - COMMODITY EXCHANGE INC. ,1298.300048828125,0.39771728883987106,-148932,2.7757712324680672,139153,-1.724040165969375,0.07043877606929563,0.044877243966885395,-0.005971921677981329,-0.011014440645698564,0.22001880913792088
2014-08-05,360342,176386,54923,123492,255134,088691,GOLD - COMMODITY EXCHANGE INC. ,1284.0,0.365325163317071,-131642,4.617229288562143,121463,-4.724047779911181,0.060481847522357156,0.07647778512725402,-0.011014440645698564,0.019314679772683085,0.2244146056989918
2014-08-12,368114,191325,43644,113862,274549,088691,GOLD - COMMODITY EXCHANGE INC. ,1308.800048828125,0.4365142320042161,-160687,-8.060398177287134,147681,7.275865705357688,0.07477903560918718,0.1115806765998919,0.019314679772683085,-0.010467659482786718,0.22981163777917238
2014-08-19,366401,183846,45870,122377,270039,088691,GOLD - COMMODITY EXCHANGE INC. ,1295.0999755859375,0.40300654201271285,-147662,3.538306068228864,137976,-2.636411546423119,0.03319181684742722,0.04224781904612652,-0.010467659482786718,-0.008725138576811453,0.23418548897046715
2014-08-26,363608,172022,58853,127433,250981,088691,GOLD - COMMODITY EXCHANGE INC. ,1283.800048828125,0.33978350311324285,-123548,6.581313915627959,113169,-6.770450954009405,0.06372385799679715,0.10744775311315646,-0.008725138576811453,-0.015656719809753694,0.23633203032951336
2014-09-02,371515,172522,75643,134701,238408,088691,GOLD - COMMODITY EXCHANGE INC. ,1263.699951171875,0.2791461986730011,-103707,5.456700622648566,96879,-4.480099447756925,0.05317748968800002,0.06967138798783068,-0.015656719809753694,-0.013373350476177603,0.23712439175068264
2014-09-09,384341,177555,82414,141921,239876,088691,GOLD - COMMODITY EXCHANGE INC. ,1246.800048828125,0.25486482056298965,-97955,1.5482551175591834,95141,-0.46781422015261837,0.0227555481054068,0.04540541372240536,-0.013373350476177603,-0.009303895734647294,0.23800972522438538
2014-09-16,386080,170749,98562,145480,221723,088691,GOLD - COMMODITY EXCHANGE INC. ,1235.199951171875,0.19747979693327808,-76243,5.649150103683969,72187,-5.972300639276059,0.059128057232647885,0.08523231505582765,-0.009303895734647294,-0.011496074913541765,0.23854036499039133
2014-09-23,385788,170382,106498,148615,212934,088691,GOLD - COMMODITY EXCHANGE INC. ,1221.0,0.16672110070816096,-64319,3.0884790716949855,63884,-2.1505905511811023,0.03298031525464045,0.029987720312048542,-0.011496074913541765,-0.008599508599508643,0.23810967844667422
2014-09-30,379874,171075,106205,145396,206125,088691,GOLD - COMMODITY EXCHANGE INC. ,1210.5,0.15986616614982863,-60729,0.9305628998309952,64870,0.255580785301772,0.02852745639663064,0.0035559723023658395,-0.008599508599508643,0.0009912855612350668,0.2371683722489875
2014-10-07,380087,174075,107628,143466,206873,088691,GOLD - COMMODITY EXCHANGE INC. ,1211.699951171875,0.16682233278170525,-63407,-0.7049705955132491,66447,0.4151376509053002,0.007644024787420185,0.015700933252397027,0.0009912855612350668,0.01807380151569893,0.23568226869465173
2014-10-14,397855,193580,108165,140637,219460,088691,GOLD - COMMODITY EXCHANGE INC. ,1233.5999755859375,0.19811991806059998,-78823,-4.055913514537461,85415,4.990436400087348,0.042810687120414775,0.06642032179489304,0.01807380151569893,0.014105078435817653,0.23622654217773087
2014-10-21,411057,207129,99145,139429,244327,088691,GOLD - COMMODITY EXCHANGE INC. ,1251.0,0.2551908859355272,-104898,-6.5538952633497125,107984,5.672669691219163,0.0679468203754469,0.07368891907246453,0.014105078435817653,-0.0174260981839528,0.23708719783310814
2014-10-28,414410,195885,95146,146345,245209,088691,GOLD - COMMODITY EXCHANGE INC. ,1229.199951171875,0.238565671677807,-98864,1.4679229401275249,100739,-1.762529284259847,0.019915516122935788,0.052375863739601625,-0.0174260981839528,-0.050276545080313984,0.23637082437735776
2014-11-04,417377,176899,113674,161667,216974,088691,GOLD - COMMODITY EXCHANGE INC. ,1167.4000244140625,0.13251089542547864,-55307,10.510605439057938,63225,-9.052387731956275,0.11503508600494929,0.1291035299219129,-0.050276545080313984,-0.003940359336763177,0.2342505795328777
2014-11-11,443422,177268,121225,184326,234350,088691,GOLD - COMMODITY EXCHANGE INC. ,1162.800048828125,0.1128135275200599,-50024,1.265762128722953,56043,-1.7207464714155307,0.09562286828000649,0.0265332855376843,-0.003940359336763177,0.029153681561945533,0.23328740366323114
2014-11-18,459657,187955,106533,193668,264665,088691,GOLD - COMMODITY EXCHANGE INC. ,1196.699951171875,0.15445647515429983,-70997,-4.729805918515545,81422,5.723441777809852,0.08652442656321932,0.08618008204069436,0.029153681561945533,0.00033427294257903917,0.23376602533750124
2014-11-25,388145,167394,91187,156334,224819,088691,GOLD - COMMODITY EXCHANGE INC. ,1197.0999755859375,0.17644179365958598,-68485,0.5464944512973804,76207,-1.134541625603439,0.20249086324914142,0.13886171064386013,0.00033427294257903917,0.0017542190533499369,0.23578247360296894
2014-12-02,368121,170635,81305,135777,225185,088691,GOLD - COMMODITY EXCHANGE INC. ,1199.199951171875,0.24287666283640433,-89408,-5.390511278001778,89330,3.38095299437066,0.05796455028507156,0.052087798682225926,0.0017542190533499369,0.026934664896009153,0.23934348151988588
2014-12-09,375323,186861,71999,125091,241692,088691,GOLD - COMMODITY EXCHANGE INC. ,1231.5,0.3106684109420419,-116601,-7.386973304973093,114862,6.935762969241092,0.0741392049249829,0.09863246542532643,0.026934664896009153,-0.03053185187652252,0.2438417480140868
2014-12-16,371743,182147,63739,132868,247959,088691,GOLD - COMMODITY EXCHANGE INC. ,1193.9000244140625,0.3095982977487135,-115091,0.4023201349237856,118408,0.9447862241322806,0.036877637352393605,0.05276428914212277,-0.03053185187652252,-0.013401457134446737,0.2484434821670274
2014-12-23,375212,180980,70070,134796,240021,088691,GOLD - COMMODITY EXCHANGE INC. ,1177.9000244140625,0.2804414570962549,-105225,2.6539840696395087,110910,-2.016984852438378,0.02632217855646889,0.029866560446126268,-0.013401457134446737,0.018931935050179982,0.25251192222872254
2014-12-30,373982,182897,67060,125818,238952,088691,GOLD - COMMODITY EXCHANGE INC. ,1200.199951171875,0.3025118855987721,-113134,-2.10787501465838,115837,1.3131243137213096,0.027543383501932726,0.01971139035914177,0.018931935050179982,0.015914096345030382,0.2566563739670672
2015-01-06,394021,187705,65527,130427,253099,088691,GOLD - COMMODITY EXCHANGE INC.,1219.300048828125,0.3113336598810723,-122672,-2.550390125727976,122178,1.6955361487986054,0.04890411601820998,0.02504027926960258,0.015914096345030382,0.012302140079807788,0.26054064230008034
2015-01-13,402108,192959,62733,129436,267112,088691,GOLD - COMMODITY EXCHANGE INC.,1234.300048828125,0.3423856277418007,-137676,-3.8079188672684956,130226,2.0425307280576415,0.037836529247405104,0.03147536880309122,0.012302140079807788,0.04852944986968155,0.26503005112334316
2015-01-20,430128,223257,60802,120946,298756,088691,GOLD - COMMODITY EXCHANGE INC.,1294.199951171875,0.4133885727039393,-177810,-9.980900653555763,162455,8.01501089259602,0.09562499106508904,0.11345882369507743,0.04852944986968155,-0.0019316953286362404,0.2708230094350107
2015-01-27,438279,238407,49482,117326,323486,088691,GOLD - COMMODITY EXCHANGE INC.,1291.699951171875,0.47038530251278293,-206160,-6.591061265483764,188925,6.153982070453447,0.0643131312214731,0.09194515941908166,-0.0019316953286362404,-0.024773555167334704,0.27660400260320306
2015-02-03,419524,229006,43991,117174,320447,088691,GOLD - COMMODITY EXCHANGE INC.,1259.699951171875,0.4845324701328172,-203273,0.6587128290426874,185015,-0.8921257920183263,0.007291697610489442,0.05455005000054946,-0.024773555167334704,-0.022306879951687453,0.28248693445900785
2015-02-10,393232,199036,43762,120702,291293,088691,GOLD - COMMODITY EXCHANGE INC.,1231.5999755859375,0.4338176954062742,-170591,7.7902575299625285,155274,-7.089224931112403,0.07932620541511426,0.12437911350175866,-0.022306879951687453,-0.019080870790712523,0.28712323661461975
2015-02-17,389530,188121,56387,125433,269068,088691,GOLD - COMMODITY EXCHANGE INC.,1208.0999755859375,0.3687392498652222,-143635,6.854986369369737,131734,-5.986287992838833,0.06832935784700166,0.09627496850818787,-0.019080870790712523,-0.009270715502202487,0.2896963627771578
2015-02-24,399307,184416,58245,133432,269126,088691,GOLD - COMMODITY EXCHANGE INC.,1196.9000244140625,0.33982374463758463,-135694,2.0386106333273433,126171,-1.4281313377660259,0.02001450722628789,0.02292498588565942,-0.009270715502202487,0.005931970457944802,0.2904417525656189
2015-03-03,405124,180561,64741,140080,263467,088691,GOLD - COMMODITY EXCHANGE INC.,1204.0,0.30456600941933826,-123387,3.0820897204406634,115820,-2.5922410576323482,0.030497067256106476,0.04219696537329496,0.005931970457944802,-0.036461814297394146,0.29037458606079414
2015-03-10,410918,171821,89929,154578,243920,088691,GOLD - COMMODITY EXCHANGE INC.,1160.0999755859375,0.21742050725448872,-89342,8.403599885467166,81892,-8.37471983886415,0.08543330204919472,0.12961986628462274,-0.036461814297394146,-0.01017147401615337,0.2887510984215236
2015-03-17,429738,162268,109175,180464,236954,088691,GOLD - COMMODITY EXCHANGE INC.,1148.300048828125,0.131452187146587,-56490,7.994782414009608,53093,-7.0084542414788356,0.07870288296144393,0.10609593911060518,-0.01017147401615337,0.037794914654964096,0.2846070098702983
2015-03-24,433767,168234,113953,178058,230983,088691,GOLD - COMMODITY EXCHANGE INC.,1191.699951171875,0.1220125090198194,-52925,0.8295752295584751,54281,0.2764475098781118,0.020479609623485176,0.03807404309907969,0.037794914654964096,-0.007216561163303381,0.28079103459009513
2015-03-31,387585,172818,92799,144197,225312,088691,GOLD - COMMODITY EXCHANGE INC.,1183.0999755859375,0.20928312499193724,-81115,-6.4988807355100775,80019,5.933600296933608,0.10698521551572492,0.09689891836742377,-0.007216561163303381,0.023244020427251266,0.2787822547091464
2015-04-07,390571,183130,82373,133199,241488,088691,GOLD - COMMODITY EXCHANGE INC.,1210.5999755859375,0.2772581681691677,-108289,-7.011107240992298,100757,5.350568262445657,0.07252453381088748,0.07810834529176695,0.023244020427251266,-0.014703392629094703,0.2787594732814705
2015-04-14,395089,184741,86344,130960,234553,088691,GOLD - COMMODITY EXCHANGE INC.,1192.800048828125,0.2622016811401988,-103593,1.2023422117873575,98397,-0.6042435306256737,0.025098970488053776,0.020591327443421806,-0.014703392629094703,0.008467450681160171,0.2792433274169338
2015-04-21,397379,184567,83322,126107,231113,088691,GOLD - COMMODITY EXCHANGE INC.,1202.9000244140625,0.26424647502761844,-105006,-0.3576409365990954,101245,0.7208502388069524,0.023215385476737026,0.011930314421271496,0.008467450681160171,0.009227679242374665,0.2796526411716394
2015-04-28,403575,189929,88672,125733,232605,088691,GOLD - COMMODITY EXCHANGE INC.,1214.0,0.26481323174131205,-106872,-0.4695769026546445,101257,0.0030197871553353348,0.005207374043500829,0.0384492517973733,0.009227679242374665,-0.017133483383958037,0.27980282665842043
2015-05-05,399988,173105,100665,138096,212258,088691,GOLD - COMMODITY EXCHANGE INC.,1193.199951171875,0.1854105623168695,-74162,8.10506101715914,72440,-7.14043238555411,0.09336271314156538,0.10525988968842459,-0.017133483383958037,-0.0005028290399679003,0.2781189893700985
2015-05-12,405612,179257,101817,144829,222331,088691,GOLD - COMMODITY EXCHANGE INC.,1192.5999755859375,0.19107422857311915,-77502,-0.8350250507515226,77440,1.2500375011250338,0.04577296001743109,0.02598603926368145,-0.0005028290399679003,0.011990649942030362,0.27683740355957526
2015-05-19,428597,202190,79569,140751,273085,088691,GOLD - COMMODITY EXCHANGE INC.,1206.9000244140625,0.3087609105990009,-132334,-13.518337721763658,122621,11.138970247428578,0.13249693115147063,0.16035335162319572,0.011990649942030362,-0.01632287086227513,0.2776704516828854
2015-05-26,411961,191951,87257,144540,254260,088691,GOLD - COMMODITY EXCHANGE INC.,1187.199951171875,0.26633589101881006,-109720,5.276285181650828,104694,-4.182717097879827,0.056705115346038115,0.06420661299103178,-0.01632287086227513,0.00581201541261156,0.27898971026521246
2015-06-02,398724,194299,89889,138423,246573,088691,GOLD - COMMODITY EXCHANGE INC.,1194.0999755859375,0.27124025641797334,-108150,0.3811040365471489,104410,-0.06893856457286004,0.03585491797317375,0.017523611130659984,0.00581201541261156,-0.014069112386983273,0.2810131288678417
2015-06-09,406069,186813,111723,150277,228866,088691,GOLD - COMMODITY EXCHANGE INC.,1177.300048828125,0.193536073918472,-78589,7.413900342091272,75090,-7.353457529519167,0.07796794349361587,0.0982126108744004,-0.014069112386983273,0.002718042163559087,0.2815280623872748
2015-06-16,415718,191053,115330,153712,230349,088691,GOLD - COMMODITY EXCHANGE INC.,1180.5,0.18434852472108496,-76637,0.48070648091826756,75723,0.15588483730597508,0.012805257498157845,0.02561173433251845,0.002718042163559087,-0.003642565716327817,0.28110777217605754
2015-06-23,430978,202944,107830,150444,251332,088691,GOLD - COMMODITY EXCHANGE INC.,1176.199951171875,0.23409083526305288,-100888,-5.833521762348515,95114,4.664460042625048,0.060359503803114174,0.06239582461853308,-0.003642565716327817,-0.00399587771381249,0.2791595158322189
2015-06-30,442301,194476,127321,163797,238566,088691,GOLD - COMMODITY EXCHANGE INC.,1171.5,0.16904551425386785,-74769,6.060402155098404,67155,-6.4873381007847275,0.06491402042434319,0.08688396722157136,-0.00399587771381249,-0.01630386306951559,0.2747310151853857
2015-07-07,452145,193776,143328,172552,225141,088691,GOLD - COMMODITY EXCHANGE INC.,1152.4000244140625,0.11631003328578221,-52589,5.014684570010016,50448,-3.7772919346779683,0.055771663066737406,0.04956037305994589,-0.01630386306951559,0.0007809999956569502,0.2692002830318958
2015-07-14,462664,191014,143190,183945,232414,088691,GOLD - COMMODITY EXCHANGE INC.,1153.300048828125,0.10476069026334446,-48469,0.9112121111590309,47824,-0.5803448008935187,0.04483150358224513,0.008677334801498486,0.0007809999956569502,-0.04326716578635903,0.26382593146482614
2015-07-21,459760,187720,159441,189676,211260,088691,GOLD - COMMODITY EXCHANGE INC.,1103.4000244140625,0.04694623281712198,-21584,5.810912454826829,28279,-4.224447979527259,0.06705558991958817,0.056299526732553486,-0.04326716578635903,-0.0064346342476363505,0.2571339037883093
2015-07-28,438282,182977,158512,176720,191986,088691,GOLD - COMMODITY EXCHANGE INC.,1096.300048828125,0.03483145554688534,-15266,1.3741952322951105,24465,-0.8295632503915086,0.08741382022532858,0.01660961260831242,-0.0064346342476363505,-0.0051081797015662955,0.2501553300711365
2015-08-04,434273,184792,154892,170826,185646,088691,GOLD - COMMODITY EXCHANGE INC.,1090.699951171875,0.0341259990835258,-14820,0.10176096668355077,29900,1.2400691792042566,0.03431966606072847,0.016000164859104344,-0.0051081797015662955,0.015494659549498246,0.24378611537433756
2015-08-11,435489,187778,155336,166020,190478,088691,GOLD - COMMODITY EXCHANGE INC.,1107.5999755859375,0.056162153349453146,-24458,-2.2193412899259224,32442,0.5853460841452266,0.027035214783813655,0.009996677489114406,0.015494659549498246,0.008577103836585387,0.2364716523232844
2015-08-18,432728,185712,144053,166062,196010,088691,GOLD - COMMODITY EXCHANGE INC.,1117.0999755859375,0.06920744671017359,-29948,-1.2606518189896876,41659,2.1164713689668395,0.015394728120373848,0.040480342061771264,0.008577103836585387,0.018888171199601178,0.23005243895208174
2015-08-25,432154,189893,119160,156659,219295,088691,GOLD - COMMODITY EXCHANGE INC.,1138.199951171875,0.14493907264539957,-62636,-7.5539368841396906,70733,6.718770220554251,0.08694680732217239,0.09407447913464681,0.018888171199601178,0.0004392901260321658,0.22630543067385395
2015-09-01,410274,182753,110068,146865,215953,088691,GOLD - COMMODITY EXCHANGE INC.,1138.699951171875,0.16839478007380435,-69088,-1.4929862965516922,72685,0.4516908324347339,0.036205480433716075,0.05543318272938075,0.0004392901260321658,-0.016070894478373732,0.22417559570079248
2015-09-08,421732,183615,124322,155620,211599,088691,GOLD - COMMODITY EXCHANGE INC.,1120.4000244140625,0.13273595553574308,-55979,3.195181756582186,59293,-3.2641600491378933,0.03569804394652782,0.04908796279758522,-0.016070894478373732,-0.015708653340258394,0.22182696368103774
2015-09-15,413333,174225,134678,154988,187967,088691,GOLD - COMMODITY EXCHANGE INC.,1102.800048828125,0.07978796757094159,-32979,5.45370045431696,39547,-4.682120398736638,0.07074980682596842,0.06392297905815095,-0.015708653340258394,0.02013053154600919,0.2195636592702236
2015-09-22,419304,182080,120955,149092,206320,088691,GOLD - COMMODITY EXCHANGE INC.,1125.0,0.13648331520805906,-57228,-5.866698279595386,61125,5.220488081038775,0.06822785949827243,0.07120629630240731,0.02013053154600919,0.001866644965277775,0.21898216339522164
2015-09-29,415700,182792,106147,149535,222678,088691,GOLD - COMMODITY EXCHANGE INC.,1127.0999755859375,0.17595140726485448,-73143,-3.7955755251559724,76645,3.7013717970732456,0.04513813327315274,0.05371375965169119,0.001866644965277775,0.017478549967979706,0.21929149495512595
2015-10-06,430228,191000,104181,148424,236893,088691,GOLD - COMMODITY EXCHANGE INC.,1146.800048828125,0.20563282724508866,-88469,-3.686793360596584,86819,2.447438056290594,0.039775042367712815,0.03446698805139897,0.017478549967979706,0.016567840243306042,0.22003785061788333
2015-10-13,435928,203299,86140,144242,262736,088691,GOLD - COMMODITY EXCHANGE INC.,1165.800048828125,0.2718201170835551,-118494,-6.978857721952081,117159,7.052074713872644,0.07377548663564124,0.10482346884835837,0.016567840243306042,0.010464874473232744,0.22145516213755556
2015-10-20,467792,233227,81926,134966,298266,088691,GOLD - COMMODITY EXCHANGE INC.,1178.0,0.3490867736087834,-163300,-10.278302839000936,151301,7.8320273072617494,0.10342264652657236,0.1083346818846719,0.010464874473232744,-0.009507598617890523,0.22326085228511816
2015-10-27,466780,225985,68551,138770,304618,088691,GOLD - COMMODITY EXCHANGE INC.,1166.800048828125,0.3553022837310939,-165848,-0.5446865273454868,157434,1.3110527755925712,0.02290544624572609,0.06999823451123123,-0.009507598617890523,-0.045080644030722206,0.22550578713229677
2015-11-03,443900,194784,78442,146369,271357,088691,GOLD - COMMODITY EXCHANGE INC.,1114.199951171875,0.281567920702861,-124988,8.753588414242255,116342,-8.80329062941857,0.09781531434480975,0.15039564316719492,-0.045080644030722206,-0.023335129365832485,0.22837226838763103
2015-11-10,436426,174561,106172,155946,227840,088691,GOLD - COMMODITY EXCHANGE INC.,1088.199951171875,0.16473354016488476,-71894,11.960801982428475,68389,-10.802658256364046,0.13834272224625183,0.17081354881684732,-0.023335129365832485,-0.017919500895952623,0.2293707301692623
2015-11-17,435376,173395,138996,170494,198967,088691,GOLD - COMMODITY EXCHANGE INC.,1068.699951171875,0.06539864393076329,-28473,9.949223923414278,34399,-7.788261927566185,0.11752525977031406,0.10880595151588875,-0.017919500895952623,0.005240102846556072,0.22765807956880968
2015-11-24,397705,159440,143138,155709,167692,088691,GOLD - COMMODITY EXCHANGE INC.,1074.300048828125,0.030130373015174565,-11983,3.7875307779941934,16302,-4.156637021792657,0.1424238020290599,0.059809371467852916,0.005240102846556072,-0.009773805755155296,0.224844398402571
2015-12-01,390940,158792,149042,155554,158465,088691,GOLD - COMMODITY EXCHANGE INC.,1063.800048828125,0.007446155420269095,-2911,2.281087740913491,9750,-1.64745225732641,0.02987717303730029,0.021284198626532483,-0.009773805755155296,0.011750328469875448,0.2203168886445684
2015-12-08,394128,162764,143141,149617,163614,088691,GOLD - COMMODITY EXCHANGE INC.,1076.300048828125,0.0355138432184468,-13997,-2.835729267918351,19623,2.52545147592981,0.03539241007435407,0.03227472581356957,0.011750328469875448,-0.012450082510590321,0.21502545464988387
2015-12-15,390944,155934,142278,151012,159278,088691,GOLD - COMMODITY EXCHANGE INC.,1062.9000244140625,0.021143693214373413,-8266,1.4540961312061056,13656,-1.513975155279503,0.01846981855683393,0.02579708395369737,-0.012450082510590321,0.011195807828325632,0.20947825071653117
2015-12-22,405294,154276,127849,151272,173523,088691,GOLD - COMMODITY EXCHANGE INC.,1074.800048828125,0.05490088676368266,-22251,-3.577238683801261,26427,3.2667082753540146,0.04465893871518958,0.057020824102791315,0.011195807828325632,0.0025120497294532917,0.20514093205628942
2015-12-29,401880,150229,131127,147179,162514,088691,GOLD - COMMODITY EXCHANGE INC.,1077.5,0.0381581566636807,-15335,1.706415589670708,19102,-1.8073299876139297,0.048764421540041264,0.026034632280811498,0.0025120497294532917,0.0008352894794083632,0.20005720649984535
2016-01-05,413688,153532,126972,147674,166949,088691,GOLD - COMMODITY EXCHANGE INC.,1078.4000244140625,0.04659308464349945,-19275,-0.9803921568627451,26560,1.8557778441325767,0.01566954736303449,0.02658785614465391,0.0008352894794083632,0.006676512434045101,0.19496604159143047
2016-01-12,397565,158655,113937,142221,185806,088691,GOLD - COMMODITY EXCHANGE INC.,1085.5999755859375,0.10962987184485556,-43585,-5.876409274622421,44718,4.389298215079964,0.07410975316056301,0.06661237307037624,0.006676512434045101,0.003960988324271275,0.1904899693626431
2016-01-19,408835,158320,114626,140723,180866,088691,GOLD - COMMODITY EXCHANGE INC.,1089.9000244140625,0.09818875585505155,-40143,0.8657703771710287,43694,-0.2575679448643618,0.02001934145757473,0.0037516578370813273,0.003960988324271275,0.029176920860157107,0.1844284344232414
2016-01-26,385350,170471,111431,115343,175176,088691,GOLD - COMMODITY EXCHANGE INC.,1121.699951171875,0.15526923575969898,-59833,-4.816123864150574,59040,3.7535925251018134,0.10694653361742261,0.05443735766330143,0.029176920860157107,0.004992509494539332,0.17836851006260518
2016-02-02,379185,176968,104146,116469,193824,088691,GOLD - COMMODITY EXCHANGE INC.,1127.300048828125,0.2040033229162546,-77355,-4.547035162838978,72822,3.5764889061891783,0.06372686460861186,0.049026373642010006,0.004992509494539332,0.06333708795450965,0.17297371876997894
2016-02-09,410833,201754,103326,121357,226280,088691,GOLD - COMMODITY EXCHANGE INC.,1198.699951171875,0.25539087658488974,-104923,-7.270329786252093,98428,6.752904255178871,0.1074223975008414,0.08393208338796382,0.06333708795450965,0.007675042643651819,0.16954243379264464
2016-02-16,428912,209101,91741,127800,259784,088691,GOLD - COMMODITY EXCHANGE INC.,1207.9000244140625,0.30771813332338566,-131984,-6.586861328082214,117360,4.608198465069749,0.10306669005944517,0.06293004301261126,0.007675042643651819,0.01192153665287643,0.16836895078222472
2016-02-23,445290,227381,82403,120854,284003,088691,GOLD - COMMODITY EXCHANGE INC.,1222.300048828125,0.366388196456242,-163149,-7.266059238258664,144978,6.439083075316149,0.07697779709872869,0.08915244170131446,0.01192153665287643,0.0065450377815741145,0.16887980562489122
2016-03-01,450555,223186,70773,115571,287002,088691,GOLD - COMMODITY EXCHANGE INC.,1230.300048828125,0.38048850861714995,-171431,-1.859911518336365,152413,1.6696983987962901,0.020572666323871697,0.05383403808014043,0.0065450377815741145,0.025847293746027455,0.17033985368638757
2016-03-08,499110,252895,78085,116493,311865,088691,GOLD - COMMODITY EXCHANGE INC.,1262.0999755859375,0.3914407645609184,-195372,-5.313668697495311,174810,4.970980235487343,0.0601949770985951,0.11185267992023687,0.025847293746027455,-0.025116830508738475,0.1736863970961266
2016-03-15,493086,247659,78147,118610,304141,088691,GOLD - COMMODITY EXCHANGE INC.,1230.4000244140625,0.376264992313714,-185531,1.9717096431648335,169512,-1.0614894512231772,0.023278478347774457,0.016261210659103884,-0.025116830508738475,0.014466780237824883,0.1783943356570329
2016-03-22,510579,258646,79815,127081,327075,088691,GOLD - COMMODITY EXCHANGE INC.,1248.199951171875,0.39170040287595065,-199994,-2.9331597327849503,178831,1.889934007455089,0.06915024793242851,0.0373898322110967,0.014466780237824883,-0.0100945169675003,0.18358064130811233
2016-03-29,480461,262082,72276,123227,331191,088691,GOLD - COMMODITY EXCHANGE INC.,1235.5999755859375,0.43284262406313934,-207964,-1.5609729346487027,189806,2.149520446395171,0.017538917912582688,0.03282409872053308,-0.0100945169675003,-0.005827089117949158,0.187879862444097
2016-04-05,474094,263781,73381,118103,325348,088691,GOLD - COMMODITY EXCHANGE INC.,1228.4000244140625,0.437139048374373,-207245,0.14964794228876016,190400,0.12363126247499796,0.024731030034885478,0.008316476945800535,-0.005827089117949158,0.025236078951387908,0.19095449475573553
2016-04-12,504523,286341,72534,122181,353968,088691,GOLD - COMMODITY EXCHANGE INC.,1259.4000244140625,0.45941810383272913,-231787,-5.176610545588005,213807,4.937206545537383,0.06867178131215229,0.06522326715430164,0.025236078951387908,-0.005081804263931233,0.19474711826905347
2016-04-19,503331,291143,74306,117743,357864,088691,GOLD - COMMODITY EXCHANGE INC.,1253.0,0.4770638009580177,-240121,-1.6518572988743823,216837,0.6005672684892464,0.01752287077355884,0.017988830178766395,-0.005081804263931233,-0.008619352616221043,0.19883975915233035
2016-04-26,497884,288173,67316,116445,356553,088691,GOLD - COMMODITY EXCHANGE INC.,1242.199951171875,0.48225691124840325,-240108,0.002582793430168219,220857,0.7986791991750956,0.005515879559744439,0.02801774457156199,-0.008619352616221043,0.03904363380005438,0.20302136837362056
2016-05-03,565774,338476,66828,116644,411545,088691,GOLD - COMMODITY EXCHANGE INC.,1290.699951171875,0.5212346272539918,-294901,-11.005173895927566,271648,10.201372207180789,0.10449100606033068,0.12531581232852376,0.03904363380005438,-0.020763870590899014,0.20947952346856522
2016-05-10,579777,337251,72353,123211,408207,088691,GOLD - COMMODITY EXCHANGE INC.,1263.9000244140625,0.4915614106803133,-284996,1.75069904237381,264898,-1.1930558845051205,0.018638811632274405,0.0164793312565307,-0.020763870590899014,0.009731724440400047,0.21525812312447282
2016-05-17,595077,340748,74460,122477,412720,088691,GOLD - COMMODITY EXCHANGE INC.,1276.199951171875,0.48774024201910005,-290243,-0.9050031305139735,266288,0.23974735113673015,0.009803866613602094,0.0134968497716807,0.009731724440400047,-0.037063100272319516,0.21870003334409008
2016-05-24,542958,291266,84634,146205,371418,088691,GOLD - COMMODITY EXCHANGE INC.,1228.9000244140625,0.4147889892035848,-225213,10.927997553257814,206632,-10.02492114465859,0.12563197539522009,0.15870178238893323,-0.037063100272319516,-0.011473655550344963,0.22155490061687425
2016-05-31,494321,274589,77454,133624,347662,088691,GOLD - COMMODITY EXCHANGE INC.,1214.800048828125,0.43299394522992146,-214038,2.058170245212337,197135,-1.7491223998909677,0.07549980676770153,0.0677672897913039,-0.011473655550344963,0.024366129730148955,0.22466554847864245
2016-06-07,496330,295688,67069,112940,356632,088691,GOLD - COMMODITY EXCHANGE INC.,1244.4000244140625,0.4909878508250559,-243692,-5.998935914112489,228619,6.369140700071411,0.06315112485412248,0.08679088205051867,0.024366129730148955,0.0331082854094884,0.23038577495761522
2016-06-14,545357,347557,67695,113281,411358,088691,GOLD - COMMODITY EXCHANGE INC.,1285.5999755859375,0.546572245336541,-298077,-10.957427517981987,279862,10.324380956218643,0.10496169747197596,0.1264172117172223,0.0331082854094884,-0.01174546972051349,0.2373516157386817
2016-06-21,571517,358825,66096,119782,431919,088691,GOLD - COMMODITY EXCHANGE INC.,1270.5,0.5461552324777741,-312137,-2.5781277218409224,292729,2.3593719343475925,0.04905193211540309,0.03028092280682762,-0.01174546972051349,0.0352617464211924,0.24335285414665708
2016-06-28,613792,373128,71208,127169,453490,088691,GOLD - COMMODITY EXCHANGE INC.,1315.300048828125,0.5316475288045461,-326321,-2.4818159389834427,301920,1.6081761347431487,0.04987092252079103,0.04369441143639048,0.0352617464211924,0.031247604394568196,0.25032596981109323
2016-07-05,652971,389590,73627,123735,463942,088691,GOLD - COMMODITY EXCHANGE INC.,1356.4000244140625,0.5210139500835412,-340207,-2.2623299098065797,315963,2.2879086074761483,0.02362862592886909,0.040760593846944304,0.031247604394568196,-0.01644061370299532,0.2581087374418194
2016-07-12,633020,378081,80618,123258,448710,088691,GOLD - COMMODITY EXCHANGE INC.,1334.0999755859375,0.5141259359893843,-325452,2.2596715627493413,297463,-2.8332039248297396,0.027464823206892693,0.040331459192193574,-0.01644061370299532,-0.0019488611299880443,0.26598114601347395
2016-07-19,617069,366871,80960,119433,434910,088691,GOLD - COMMODITY EXCHANGE INC.,1331.5,0.5112507677423432,-315477,1.5757795962212884,285911,-1.8249028466715111,0.03179439444531635,0.025795445156766728,-0.0019488611299880443,-0.00811118950666545,0.2749100793774205
2016-07-26,576325,347426,68471,117420,426443,088691,GOLD - COMMODITY EXCHANGE INC.,1320.699951171875,0.5361957228994058,-309023,1.0459122075489127,278955,-1.1272645360567457,0.019269558694009335,0.07678343435994969,-0.00811118950666545,0.033088570347422186,0.28455169990343054
2016-08-02,582211,365801,71618,113911,437938,088691,GOLD - COMMODITY EXCHANGE INC.,1364.4000244140625,0.5565456509753337,-324027,-2.6033921832299485,294183,2.642259141977183,0.027188596880668443,0.049202252302712045,0.033088570347422186,-0.01861625913189968,0.2945982316705807
2016-08-09,575399,356471,70024,116251,429192,088691,GOLD - COMMODITY EXCHANGE INC.,1339.0,0.543867820416789,-312941,1.9041206710282013,286447,-1.3287279010530546,0.02032476354082828,0.025613430403638966,-0.01861625913189968,0.008588498879761097,0.303977186806491
2016-08-16,572496,351535,67684,116128,427121,088691,GOLD - COMMODITY EXCHANGE INC.,1350.5,0.5432230094184064,-310993,0.3385476860404693,283851,-0.4511651914584488,0.004038663669882503,0.01735608357445631,0.008588498879761097,-0.007330636367317678,0.31309287070472624
2016-08-23,572973,359785,65176,108571,426046,088691,GOLD - COMMODITY EXCHANGE INC.,1340.5999755859375,0.5540837002790707,-317475,-1.1322349850479303,294609,1.8791397669154022,0.016146138263467117,0.02531526422424646,-0.007330636367317678,-0.02155753016587303,0.3209610366207584
2016-08-30,558398,340586,64245,109854,411067,088691,GOLD - COMMODITY EXCHANGE INC.,1311.699951171875,0.5394234936371549,-301213,2.838179111406646,276341,-3.1882828684772235,0.03121778542235771,0.049724452919860385,-0.02155753016587303,0.02874138495507772,0.3280962041892843
2016-09-06,590656,370375,62515,110470,440443,088691,GOLD - COMMODITY EXCHANGE INC.,1349.4000244140625,0.5586551224401344,-329973,-5.150448246591141,307860,5.6445402741413835,0.054440537798164136,0.07281064473653814,0.02874138495507772,-0.02252854888398481,0.3362869573989842
2016-09-13,575002,351776,66363,116841,428212,088691,GOLD - COMMODITY EXCHANGE INC.,1319.0,0.5415128990855684,-311371,3.1493796727706145,285413,-3.800350796402644,0.03412879114508131,0.053683105378833355,-0.02252854888398481,-0.004018232621777917,0.3451662830050347
2016-09-20,558791,326326,70147,120314,410929,088691,GOLD - COMMODITY EXCHANGE INC.,1313.699951171875,0.5200781687607711,-290615,3.6097265748640877,256179,-5.084156229021812,0.0390706324600983,0.0737351597712833,-0.004018232621777917,0.0092868034525726,0.35254310711181763
2016-09-27,583161,358972,67068,123156,437750,088691,GOLD - COMMODITY EXCHANGE INC.,1325.9000244140625,0.539463372893592,-314594,-4.291228742052038,291904,6.393266892272782,0.05288408396415799,0.0838536287672519,0.0092868034525726,-0.04495058035184496,0.35953372183544724
2016-10-04,544824,324136,78628,111864,383106,088691,GOLD - COMMODITY EXCHANGE INC.,1266.300048828125,0.49785251751024184,-271242,7.4339676350098856,245508,-7.955950415065479,0.1332121138654868,0.11519400939508,-0.04495058035184496,-0.010503078508472985,0.36515333126362315
2016-10-11,500328,283386,88167,112362,333561,088691,GOLD - COMMODITY EXCHANGE INC.,1253.0,0.44210797716697847,-221199,9.185168054270736,195219,-9.230320250209243,0.1122234107682268,0.1353481199182889,-0.010503078508472985,0.006225098825319186,0.36842809780368907
2016-10-18,497061,274345,94727,115441,318112,088691,GOLD - COMMODITY EXCHANGE INC.,1260.800048828125,0.4077386880081117,-202671,3.703170720007675,179618,-3.1181544906541308,0.0427352595876398,0.04227088481380327,0.006225098825319186,0.00880391430524985,0.36955601923444537
2016-10-25,507617,285376,88396,114700,332299,088691,GOLD - COMMODITY EXCHANGE INC.,1271.9000244140625,0.4286676766144554,-217599,-3.0032531218502356,196980,3.492931451069386,0.033396047865878895,0.046450777479318944,0.00880391430524985,0.0114002670977853,0.37096689217451
2016-11-01,521506,288308,73177,115398,354649,088691,GOLD - COMMODITY EXCHANGE INC.,1286.4000244140625,0.4587694101314271,-239251,-4.265420582841,215131,3.5757273692567426,0.04903339453288714,0.0502123186300953,0.0114002670977853,-0.010105721201242424,0.3743746131250593
2016-11-08,528203,289860,72622,114915,360501,088691,GOLD - COMMODITY EXCHANGE INC.,1273.4000244140625,0.46494624225913145,-245586,-1.214751124627521,217238,0.4040221972518053,0.01332517205983812,0.0058127024238444945,-0.010105721201242424,-0.03879379885891965,0.3801479343191794
2016-11-15,479237,245750,68090,115191,315157,088691,GOLD - COMMODITY EXCHANGE INC.,1224.0,0.4172591014466746,-199966,8.636830915386698,177660,-7.492952520148504,0.10600723135694833,0.1549898037216416,-0.03879379885891965,-0.0106209150326797,0.3869144815791008
2016-11-22,461062,241646,74561,97975,290147,088691,GOLD - COMMODITY EXCHANGE INC.,1211.0,0.4168029462415033,-192172,1.6263351953208955,167085,-2.2066326264457876,0.10879568795378773,0.03344328240677784,-0.0106209150326797,-0.019075124348420736,0.3943504926026841
2016-11-29,405661,229731,78161,92628,260451,088691,GOLD - COMMODITY EXCHANGE INC.,1187.9000244140625,0.41370257431697893,-167823,5.281068489704205,151570,-3.365057194043317,0.09924974297536812,0.05039104621100905,-0.019075124348420736,-0.01708902130727552,0.4021631160430055
2016-12-06,393524,227675,91295,86237,241181,088691,GOLD - COMMODITY EXCHANGE INC.,1167.5999755859375,0.3937345625679755,-154944,3.1748183828369005,136380,-3.7445058805258578,0.07837382184241551,0.047622033420070854,-0.01708902130727552,-0.00933540993660309,0.4090519760304963
2016-12-13,397034,229755,100444,86143,236029,088691,GOLD - COMMODITY EXCHANGE INC.,1156.699951171875,0.37751426829944035,-149886,1.2853091552230613,129311,-1.7963326252020209,0.01628322759271445,0.03400676561709757,-0.00933540993660309,-0.021786074380261256,0.41590525632059383
2016-12-20,398661,219067,104233,87960,221982,088691,GOLD - COMMODITY EXCHANGE INC.,1131.5,0.33618036376771243,-134022,3.9956275784945374,114834,-3.6462872197343303,0.0511837698666202,0.044778843179709246,-0.021786074380261256,0.005125982172448085,0.4213144770322098
2016-12-27,401513,206538,108195,89975,210942,088691,GOLD - COMMODITY EXCHANGE INC.,1137.300048828125,0.3012779162816646,-120967,3.2747120987505673,98343,-4.136597259325592,0.04338405606861693,0.05239679347256246,0.005125982172448085,0.020311241180143824,0.4263744724094787
2017-01-03,424673,208855,112305,97410,215022,088691,GOLD - COMMODITY EXCHANGE INC.,1160.4000244140625,0.2769472040840835,-117612,0.8355893831582041,96550,-0.4465608834583189,0.03685601986992369,0.0200118321086063,0.020311241180143824,0.020510105357702146,0.43080435932179767
2017-01-10,444001,214000,104518,96763,222579,088691,GOLD - COMMODITY EXCHANGE INC.,1184.199951171875,0.2833687311515064,-125816,-1.9318393210776292,109482,3.0451665163549366,0.025690325732287016,0.04060053121016709,0.020510105357702146,0.023475806429998913,0.4341454912315409
2017-01-17,467937,218144,111103,101399,224510,088691,GOLD - COMMODITY EXCHANGE INC.,1212.0,0.26309310868770797,-123111,0.6092328620881484,107041,-0.5497735365460888,0.020149796415563855,0.032586477629257066,0.023475806429998913,-0.001402599976794594,0.4373167287860151
2017-01-24,482374,209854,100447,109000,235374,088691,GOLD - COMMODITY EXCHANGE INC.,1210.300048828125,0.26198344023517023,-126374,-0.6973160916961043,109407,0.5056236202736694,0.053619030472683765,0.06105684480552754,-0.001402599976794594,-0.0014046708862266444,0.43936892502592795
2017-01-31,398433,212414,93259,101784,233587,088691,GOLD - COMMODITY EXCHANGE INC.,1208.5999755859375,0.3308034224072805,-131803,-1.1254752536413655,119155,2.020838602412236,0.026844897143760194,0.0318902879874899,-0.0014046708862266444,0.021181512579070194,0.4418073884776784
2017-02-07,415543,216408,99259,106024,240170,088691,GOLD - COMMODITY EXCHANGE INC.,1234.199951171875,0.32282098362864975,-134146,-0.5880537003712042,117149,-0.5034723529426528,0.03126281795756137,0.03165994544884324,0.021181512579070194,-0.0083454279414229,0.4431041213054431
2017-02-14,415128,212259,102507,105674,233462,088691,GOLD - COMMODITY EXCHANGE INC.,1223.9000244140625,0.3078279470428398,-127788,1.5300462286694758,109752,-1.780080521149436,0.020811709756557842,0.023499996823036797,-0.0083454279414229,0.011111998786378363,0.44310623310774033
2017-02-21,427168,219673,95910,103861,243425,088691,GOLD - COMMODITY EXCHANGE INC.,1237.5,0.3267192299048618,-139564,-2.8367154227129947,123763,3.3751035825094906,0.0339086516588633,0.044397195032685535,0.011111998786378363,0.012202000473484853,0.4423433683663677
2017-02-28,446081,247494,83696,100180,280087,088691,GOLD - COMMODITY EXCHANGE INC.,1252.5999755859375,0.4033056776684055,-179907,-9.444293580043448,163798,9.372190800809049,0.10609124641370406,0.1208822730154896,0.012202000473484853,-0.02993773010610057,0.4427821600788917
2017-03-07,434401,229969,96284,99484,252132,088691,GOLD - COMMODITY EXCHANGE INC.,1215.0999755859375,0.3513988227467248,-152648,6.110773603897051,133685,-6.750567722005645,0.0814837777575537,0.09229953441041155,-0.02993773010610057,-0.010863263465633599,0.4420121227363111
2017-03-14,426170,210315,104277,102535,225822,088691,GOLD - COMMODITY EXCHANGE INC.,1201.9000244140625,0.2892906586573433,-123287,6.758962341246913,106038,-6.364396030395879,0.08941792012961503,0.087882082188994,-0.010863263465633599,0.03677506470924885,0.4403395393967655
2017-03-21,446880,219719,103467,101282,230279,088691,GOLD - COMMODITY EXCHANGE INC.,1246.0999755859375,0.2886613856068743,-128997,-1.3398409085576177,116252,2.396696154116902,0.017221567072122475,0.031604091761400555,0.03677506470924885,0.007383093991203626,0.43835801983389866
2017-03-28,449418,227839,90019,104760,256874,088691,GOLD - COMMODITY EXCHANGE INC.,1255.300048828125,0.3384688641754447,-152114,-5.172977085571071,137820,4.826351593268886,0.08315866317879403,0.06785419904485651,0.007383093991203626,-0.00023902558468402724,0.43654313983605836
2017-04-04,427808,239061,83625,96115,267131,088691,GOLD - COMMODITY EXCHANGE INC.,1255.0,0.39974942030069566,-171016,-4.20588405448825,155436,3.9197361921418366,0.05203636103356954,0.054591770327810936,-0.00023902558468402724,0.012908327626992122,0.43582410852694914
2017-04-11,456131,253004,80338,98119,285483,088691,GOLD - COMMODITY EXCHANGE INC.,1271.199951171875,0.41076795920470216,-187364,-3.8213404143915026,172666,4.027507666990799,0.053065416760079455,0.05168865609494153,0.012908327626992122,0.016126495270159413,0.43488852882256407
2017-04-18,472263,279311,83543,97769,308833,088691,GOLD - COMMODITY EXCHANGE INC.,1291.699951171875,0.44692046592682466,-211064,-5.195875746222028,195768,5.064773058616932,0.05828795726533564,0.08133298792351745,0.016126495270159413,-0.020205912032634776,0.4343088493027334
2017-04-25,475985,287468,86791,100335,314915,088691,GOLD - COMMODITY EXCHANGE INC.,1265.5999755859375,0.45081252560479845,-214580,-0.7445004160817172,200677,1.039463180473592,0.020826008428657436,0.030473549066288318,-0.020205912032634776,-0.008296460337034017,0.433704149578818
2017-05-02,461905,276032,86398,99054,303040,088691,GOLD - COMMODITY EXCHANGE INC.,1255.0999755859375,0.44161894761909914,-203986,2.2257003897181638,189634,-2.320031093416809,0.03271871751381518,0.03263802665342273,-0.008296460337034017,-0.03250731220735248,0.43217307881660844
2017-05-09,433033,236115,86109,104960,269382,088691,GOLD - COMMODITY EXCHANGE INC.,1214.300048828125,0.3796985449145908,-164422,8.565397646702245,150006,-8.579253309663242,0.10568944975450256,0.1247765529569492,-0.03250731220735248,0.017046817375863332,0.4300218698595754
2017-05-16,435021,221532,94808,113719,256578,088691,GOLD - COMMODITY EXCHANGE INC.,1235.0,0.32839564067022053,-142859,4.979528119104087,126724,-5.376495555765957,0.058231635687029604,0.07359802743883163,0.017046817375863332,0.016032428200910998,0.42695755060286616
2017-05-23,462572,241752,81985,112114,286405,088691,GOLD - COMMODITY EXCHANGE INC.,1254.800048828125,0.37678674887368885,-174291,-7.2253983141043765,159767,7.5957252638378385,0.0788720236676294,0.10206741892338535,0.016032428200910998,0.005817601588898658,0.4262267382888296
2017-05-30,434246,250542,83452,103751,286970,088691,GOLD - COMMODITY EXCHANGE INC.,1262.0999755859375,0.42192443914279004,-183219,-1.9300779121952907,167090,1.583104900426312,0.022850064368180874,0.03071013251735061,0.005817601588898658,0.025592306039883717,0.4260138631717695
2017-06-06,494041,312240,107775,108298,324652,088691,GOLD - COMMODITY EXCHANGE INC.,1294.4000244140625,0.43792721656704603,-216354,-7.630467523016908,204465,8.606872602165593,0.09753782191939023,0.20480459031225076,0.025592306039883717,-0.022095159955581645,0.4249934663591154
2017-06-13,471134,297178,106904,105193,308804,088691,GOLD - COMMODITY EXCHANGE INC.,1265.800048828125,0.4321721633335739,-203611,2.5793405810448933,190274,-2.8724336644124677,0.045780524979649614,0.039430115669591814,-0.022095159955581645,-0.01959239048148631,0.42279346478213525
2017-06-20,445841,252620,101945,110287,275303,088691,GOLD - COMMODITY EXCHANGE INC.,1241.0,0.37012298106275554,-165016,8.191936901178858,150675,-8.40503975514397,0.10009336341710107,0.13965563436887454,-0.01959239048148631,0.004351349245819813,0.41940822917800025
2017-06-27,453144,236586,104914,117497,267360,088691,GOLD - COMMODITY EXCHANGE INC.,1246.4000244140625,0.33071827057182707,-149863,3.398745292604314,131672,-4.262281844872947,0.03937306584003929,0.055645680819912155,0.004351349245819813,-0.026315828133543606,0.41554420498121725
2017-07-11,475669,217637,157377,147818,221734,088691,GOLD - COMMODITY EXCHANGE INC.,1213.5999755859375,0.15539377171940993,-73916,16.760014476634357,60260,-15.759228854403897,0.20551099709919038,0.19042489080407665,-0.026315828133543606,0.02265985543277771,0.408513047704984
2017-07-18,484204,217232,157094,153064,226699,088691,GOLD - COMMODITY EXCHANGE INC.,1241.0999755859375,0.15207433230621803,-73635,0.05907469269597136,60138,-0.025648087220314968,0.026887822141704168,0.0018379701116139407,0.02265985543277771,0.008540791067966236,0.40155051686492305
2017-07-25,463827,220299,129468,148926,252269,088691,GOLD - COMMODITY EXCHANGE INC.,1251.699951171875,0.22280505447074017,-103343,-6.135430521020066,90831,6.338857175901066,0.07404877927192513,0.08775270394291057,0.008540791067966236,0.016697311839387163,0.3960034839173922
2017-08-01,448709,239766,110094,126891,270276,088691,GOLD - COMMODITY EXCHANGE INC.,1272.5999755859375,0.31955008702744986,-143385,-8.632960133843007,129672,8.374027385210434,0.10081905092819897,0.11101869319156234,0.016697311839387163,-0.01272980628843412,0.3918372216890854
2017-08-08,448727,246377,97540,125168,284679,088691,GOLD - COMMODITY EXCHANGE INC.,1256.4000244140625,0.35547448671463944,-159511,-3.5938659576696703,148837,4.2711423216383,0.039346390238308444,0.05572565473646258,-0.01272980628843412,0.013769441596342302,0.3879704685302258
2017-08-15,477921,277730,89996,122138,318769,088691,GOLD - COMMODITY EXCHANGE INC.,1273.699951171875,0.41142992251857524,-196631,-8.27229027894466,187734,8.668299433731422,0.08419008997362255,0.10577712753517565,0.013769441596342302,0.008950321779924497,0.38542358587833714
2017-08-22,500443,295711,87273,125036,344954,088691,GOLD - COMMODITY EXCHANGE INC.,1285.0999755859375,0.43944665026786267,-219918,-4.872562620181997,208438,4.332096727283379,0.06188004000085108,0.05405969962191632,0.008950321779924497,0.021788188103601502,0.38342788666390365
2017-08-29,538875,318883,87836,119030,367059,088691,GOLD - COMMODITY EXCHANGE INC.,1313.0999755859375,0.4602718626768731,-248029,-5.617223140297696,231047,4.5177972316527555,0.057830973340273074,0.058357244190706606,0.021788188103601502,0.01987660960414761,0.3816238128638613
2017-09-05,566817,336073,90775,125145,386952,088691,GOLD - COMMODITY EXCHANGE INC.,1339.199951171875,0.46188981628991366,-261807,-2.556808165158896,245298,2.64458362328926,0.05078725319617182,0.047157301896693905,0.01987660960414761,-0.008363165755848834,0.38013278060718364
2017-09-12,580606,351492,96732,123298,395396,088691,GOLD - COMMODITY EXCHANGE INC.,1328.0,0.46864482971240395,-272098,-1.8155771615883083,254760,1.6693218446165163,0.01984021407612195,0.04769044049403869,-0.008363165755848834,-0.01641569941876886,0.3784018134393427
2017-09-19,570096,330646,94557,129222,382263,088691,GOLD - COMMODITY EXCHANGE INC.,1306.199951171875,0.4438568241138335,-253041,3.2822602591085865,236089,-3.2157779974716068,0.03725817961426044,0.05414119843933368,-0.01641569941876886,-0.007043294683651724,0.37652381199757856
2017-09-26,549637,303255,90661,134501,367972,088691,GOLD - COMMODITY EXCHANGE INC.,1297.0,0.4247730775038798,-233471,3.4327551850916334,212594,-4.121235721703012,0.03894736632615086,0.07942556281034535,-0.007043294683651724,-0.01966075558982272,0.37469102178109986
2017-10-03,525127,287296,83441,126749,351172,088691,GOLD - COMMODITY EXCHANGE INC.,1271.5,0.42736899835658804,-224423,1.6461773861657787,203855,-1.5899584634949977,0.05137250717168737,0.06252141005618538,-0.01966075558982272,0.015021608797434194,0.3725353607323113
2017-10-10,520005,279227,79115,124178,347175,088691,GOLD - COMMODITY EXCHANGE INC.,1290.5999755859375,0.42883626118979623,-222997,0.27155335756874055,200112,-0.7127799560868133,0.013934354931442041,0.03458986108242963,0.015021608797434194,-0.005888715116771248,0.37120812503384126
2017-10-17,528800,284617,83893,126678,348302,088691,GOLD - COMMODITY EXCHANGE INC.,1283.0,0.41910741301059,-221624,0.2640359227315122,200724,0.11769117604638417,0.007636110994147122,0.027592195598491222,-0.005888715116771248,-0.00623538581449723,0.37076580649237223
2017-10-24,526674,275521,84136,125468,336121,088691,GOLD - COMMODITY EXCHANGE INC.,1275.0,0.3999684814515241,-210653,2.0746974281391832,191385,-1.7660741301059002,0.02901065666642836,0.02596640688211268,-0.00623538581449723,-0.006274509803921524,0.370616379443207
2017-10-31,531918,268710,75615,128371,339019,088691,GOLD - COMMODITY EXCHANGE INC.,1267.0,0.39601592726698476,-210648,0.0009493538697562439,193095,0.3246790234566354,0.012411476497143713,0.04452769912146954,-0.006274509803921524,0.005288043545284227,0.36998846118652495
2017-11-07,536843,272571,76781,123149,338436,088691,GOLD - COMMODITY EXCHANGE INC.,1273.699951171875,0.40102413554800936,-215287,-0.8721269067788645,195790,0.5066570411228799,0.012576231896617092,0.01438949827108475,0.005288043545284227,0.0061239295965651586,0.36887797513684384
2017-11-14,533054,271496,76412,122703,338494,088691,GOLD - COMMODITY EXCHANGE INC.,1281.5,0.40482014955332857,-215791,-0.09388219647084903,195084,-0.1315095847389274,0.0010928084961524035,0.004150522551939018,0.0061239295965651586,-0.0003121532688743489,0.3677217041232707
2017-11-21,531612,272934,71107,124856,349912,088691,GOLD - COMMODITY EXCHANGE INC.,1281.0999755859375,0.42334635034574086,-225056,-1.7380978287378015,201827,1.2649750306723146,0.02858448758130287,0.019599408210067986,-0.0003121532688743489,0.010615858125918143,0.3678387666020989
2017-11-28,503810,287384,62967,116831,363372,088691,GOLD - COMMODITY EXCHANGE INC.,1294.699951171875,0.48935312915583257,-246541,-4.041481381157686,224417,4.249339744023837,0.04474149474284834,0.06447819472471893,0.010615858125918143,-0.02556575023887009,0.3692339624273745
2017-12-05,472795,251234,77905,132509,322399,088691,GOLD - COMMODITY EXCHANGE INC.,1261.5999755859375,0.4016328429869182,-189890,11.244516782120243,173329,-10.14033068021675,0.12453287258082953,0.15521709672813006,-0.02556575023887009,-0.018310063437666835,0.36900185220948867
2017-12-12,446618,201912,94844,155730,275193,088691,GOLD - COMMODITY EXCHANGE INC.,1238.5,0.26748362134978887,-119463,14.89588510876807,107068,-14.014742118677228,0.16343291028791687,0.22328444917710172,-0.018310063437666835,0.01792486973909968,0.3665739494937543
2017-12-19,453595,197473,83678,156226,284443,088691,GOLD - COMMODITY EXCHANGE INC.,1260.699951171875,0.28266845974933585,-128217,-1.9600643055138842,113795,1.5062088854457276,0.022116373060051875,0.055503981846054255,0.01792486973909968,0.01856113692422312,0.3647499916370215
2017-12-26,456470,202590,66642,155469,304938,088691,GOLD - COMMODITY EXCHANGE INC.,1284.0999755859375,0.3274453961925209,-149469,-4.685236830211973,135948,4.883872176721525,0.04615915917872665,0.082282195281393,0.01856113692422312,,0.3645820114913448
