,Open_Interest_All,NonComm_Positions_Long_All,NonComm_Positions_Short_All,Comm_Positions_Long_All,Comm_Positions_Short_All,CFTC_Contract_Market_Code,Market_and_Exchange_Names,GF_Close,HP,NetLong_Comm,Q_Comm,NetLong_NonComm,Q_NonComm,PT_Comm,PT_NonComm,Ret,Ret_Lead,HP_Smooth_52w
2003-01-07,13609,4684,3069,3341,3798,061641,FEEDER CATTLE - CHICAGO MERCANTILE EXCHANGE ,81.6500015258789,0.0335807186420751,-457,,1615,,,,,-0.02204535233459004,
2003-01-14,13522,3848,2710,3886,3527,061641,FEEDER CATTLE - CHICAGO MERCANTILE EXCHANGE ,79.8499984741211,-0.026549327022629788,359,5.996032037622162,1138,-3.5050334337570725,0.11007689194658034,0.18222018908203721,-0.02204535233459004,-0.014715033748486372,
2003-01-21,13545,3729,2983,3825,3290,061641,FEEDER CATTLE - CHICAGO MERCANTILE EXCHANGE ,78.67500305175781,-0.03949796973052787,535,1.3015826061233546,746,-2.898979440911108,0.041883345045678144,0.058402860548271755,-0.014715033748486372,-0.0015888146825716598,
2003-01-28,13226,3178,2966,4049,2799,061641,FEEDER CATTLE - CHICAGO MERCANTILE EXCHANGE ,78.55000305175781,-0.09451081203689703,1250,5.278700627537837,212,-3.9424141749723147,0.10441004672897196,0.09244791666666667,-0.0015888146825716598,0.006683563031034456,
2003-02-04,12727,3354,2530,3772,2724,061641,FEEDER CATTLE - CHICAGO MERCANTILE EXCHANGE ,79.07499694824219,-0.08234462167046437,1048,-1.5272947225162559,824,4.627249357326478,0.054187192118226604,0.10401087695445276,0.006683563031034456,-0.01517542832189589,
2003-02-11,13901,3020,4338,4637,2176,061641,FEEDER CATTLE - CHICAGO MERCANTILE EXCHANGE ,77.875,-0.17703762319257607,2461,11.102380765302113,-1318,-16.83036065058537,0.2073976221928666,0.2911117151399837,-0.01517542832189589,-0.012841091492776902,
2003-02-18,14855,2889,4566,5311,2306,061641,FEEDER CATTLE - CHICAGO MERCANTILE EXCHANGE ,76.875,-0.2022887916526422,3005,3.91338752607726,-1677,-2.5825480181281923,0.10555336746750689,0.048155600268276325,-0.012841091492776902,0.0013007931592987632,
2003-02-25,14946,3416,4654,5098,1793,061641,FEEDER CATTLE - CHICAGO MERCANTILE EXCHANGE ,76.9749984741211,-0.22112939917034657,3305,2.019522046449007,-1238,2.9552339279703803,0.10535481062255116,0.0762081784386617,0.0013007931592987632,-0.01006822398495355,
2003-03-04,15187,3256,5144,5151,1748,061641,FEEDER CATTLE - CHICAGO MERCANTILE EXCHANGE ,76.19999694824219,-0.2240732205175479,3403,0.6556938311253847,-1888,-4.348989696239797,0.014204957240179736,0.07738095238095238,-0.01006822398495355,-0.025918616183968957,
2003-03-11,15198,3075,5376,5182,1680,061641,FEEDER CATTLE - CHICAGO MERCANTILE EXCHANGE ,74.2249984741211,-0.23042505592841164,3502,0.6518733127016527,-2301,-2.719431092381642,0.0144272806761877,0.04886995621819903,-0.025918616183968957,0.02930283727140992,
2003-03-18,14448,3134,5018,4898,1640,061641,FEEDER CATTLE - CHICAGO MERCANTILE EXCHANGE ,76.4000015258789,-0.22549833887043189,3258,-1.6054744045269114,-1884,2.743782076589025,0.04955643927806669,0.051153091265947005,0.02930283727140992,0.020287897793277665,
2003-03-25,13731,3140,4468,4552,1664,061641,FEEDER CATTLE - CHICAGO MERCANTILE EXCHANGE ,77.94999694824219,-0.2103269973053674,2888,-2.560908084163898,-1328,3.84828349944629,0.05952380952380952,0.07308096740273397,0.020287897793277665,0.003527922214820567,
2003-04-01,12334,3186,3733,4124,1446,061641,FEEDER CATTLE - CHICAGO MERCANTILE EXCHANGE ,78.2249984741211,-0.2171233987352035,2678,-1.529386060738475,-547,5.687859587794042,0.11597845601436266,0.11287758346581876,0.003527922214820567,0.006072208160901926,
2003-04-08,12280,3970,3471,4009,2118,061641,FEEDER CATTLE - CHICAGO MERCANTILE EXCHANGE ,78.69999694824219,-0.1539902280130293,1891,-6.3807361764228965,499,8.480622669044918,0.12844785376203688,0.14057250369573981,0.006072208160901926,0.007941550498547612,
2003-04-15,13334,4285,3830,4277,2061,061641,FEEDER CATTLE - CHICAGO MERCANTILE EXCHANGE ,79.32499694824219,-0.16619169041547924,2216,2.6465798045602607,455,-0.3583061889250814,0.051278005680025246,0.08305606900800985,0.007941550498547612,-0.004727387512472037,
2003-04-22,13021,4198,3701,4144,2110,061641,FEEDER CATTLE - CHICAGO MERCANTILE EXCHANGE ,78.94999694824219,-0.1562092005222333,2034,-1.3649317534123293,497,0.3149842507874606,0.02910137511992325,0.02734523357387011,-0.004727387512472037,0.009499683711092333,
2003-04-29,13975,4256,3486,4009,2464,061641,FEEDER CATTLE - CHICAGO MERCANTILE EXCHANGE ,79.69999694824219,-0.11055456171735241,1545,-3.7554719299592962,770,2.096613163351509,0.07554456975127452,0.0352622061482821,0.009499683711092333,0.007841907452090346,
2003-05-06,16328,6519,3286,3803,3467,061641,FEEDER CATTLE - CHICAGO MERCANTILE EXCHANGE ,80.32499694824219,-0.020578147966683,336,-8.651162790697674,3233,17.62432915921288,0.16629986244841816,0.25119836817950025,0.007841907452090346,-0.0003111596319198551,
2003-05-13,17151,7351,3503,3741,3471,061641,FEEDER CATTLE - CHICAGO MERCANTILE EXCHANGE ,80.30000305175781,-0.015742522301906595,270,-0.4042136207741303,3848,3.7665360117589417,0.009151414309484194,0.09664639764142252,-0.0003111596319198551,0.0006226079758808734,
2003-05-20,16308,6018,2894,4314,3386,061641,FEEDER CATTLE - CHICAGO MERCANTILE EXCHANGE ,80.3499984741211,-0.05690458670591121,928,3.8365109906127923,3124,-4.221328202437176,0.08545454545454545,0.2179084380610413,0.0006226079758808734,0.05942752478603741,
2003-05-27,12958,4486,2920,3922,2398,061641,FEEDER CATTLE - CHICAGO MERCANTILE EXCHANGE ,85.125,-0.11761074239851829,1524,3.6546480255089526,1566,-9.553593328427766,0.21835443037974683,0.21036997029435592,0.05942752478603741,0.008223165324430903,
2003-06-03,14742,6346,3254,4140,2874,061641,FEEDER CATTLE - CHICAGO MERCANTILE EXCHANGE ,85.82499694824219,-0.08587708587708588,1266,-1.9910480012347587,3092,11.776508720481555,0.09894496720844026,0.22854166666666667,0.008223165324430903,-0.0072822606725744254,
2003-06-10,15288,6221,3491,4649,2873,061641,FEEDER CATTLE - CHICAGO MERCANTILE EXCHANGE ,85.19999694824219,-0.11616954474097331,1776,3.4595034595034595,2730,-2.455569122235789,0.06780111672427545,0.03727347611202636,-0.0072822606725744254,-0.010856754172481997,
2003-06-17,15449,5398,3714,5055,2700,061641,FEEDER CATTLE - CHICAGO MERCANTILE EXCHANGE ,84.2750015258789,-0.15243705094180854,2355,3.7872841444270016,1684,-6.84196755625327,0.0746615087040619,0.11479367866549604,-0.010856754172481997,0.010679341555426047,
2003-06-24,16066,5231,3605,5200,2788,061641,FEEDER CATTLE - CHICAGO MERCANTILE EXCHANGE ,85.17500305175781,-0.15013071081787627,2412,0.3689559194769888,1626,-0.3754288303450062,0.029168753129694542,0.03123585332729742,0.010679341555426047,0.013795073440141525,
2003-07-01,17548,6321,3342,5080,2744,061641,FEEDER CATTLE - CHICAGO MERCANTILE EXCHANGE ,86.3499984741211,-0.133120583542284,2336,-0.4730486742188473,2979,8.421511266027636,0.020961145194274028,0.14001862775535548,0.013795073440141525,0.017371164174942555,-0.12895159589046587
2003-07-08,19488,7868,3355,5332,3333,061641,FEEDER CATTLE - CHICAGO MERCANTILE EXCHANGE ,87.8499984741211,-0.10257594417077176,1999,-1.9204467745612037,4513,8.741736950079781,0.09705712637045585,0.13900026730820636,0.017371164174942555,-0.004837739666990193,-0.12797471990084755
2003-07-15,21022,8838,3348,5310,4018,061641,FEEDER CATTLE - CHICAGO MERCANTILE EXCHANGE ,87.42500305175781,-0.061459423461135955,1292,-3.6278735632183907,5490,5.013341543513957,0.07579331046312178,0.08017397012965698,-0.004837739666990193,0.025164390865845654,-0.1255991735994293
2003-07-22,22420,10638,3457,5303,4123,061641,FEEDER CATTLE - CHICAGO MERCANTILE EXCHANGE ,89.625,-0.05263157894736842,1180,-0.5327751878983922,7181,8.043953953001617,0.011882028431996604,0.1354380986165307,0.025164390865845654,0.008089243783777844,-0.12308304964590996
2003-07-29,23856,11606,3718,5546,4515,061641,FEEDER CATTLE - CHICAGO MERCANTILE EXCHANGE ,90.3499984741211,-0.0432176391683434,1031,-0.664585191793042,7888,3.153434433541481,0.06311499850909452,0.08020099190811798,0.008089243783777844,0.005257315795718087,-0.12042086929665774
2003-08-05,24246,12055,3548,5284,4224,061641,FEEDER CATTLE - CHICAGO MERCANTILE EXCHANGE ,90.8249969482422,-0.043718551513651734,1060,0.1215627095908786,8507,2.5947350771294433,0.058161548169962135,0.03967185797603025,0.005257315795718087,0.001376273098816938,-0.1179466009810769
2003-08-12,24036,12655,3266,5700,4350,061641,FEEDER CATTLE - CHICAGO MERCANTILE EXCHANGE ,90.9499969482422,-0.05616575137294059,1350,1.1960735791470758,9389,3.637713437268003,0.05393034825870647,0.055398530243075186,0.001376273098816938,0.032710348579875204,-0.11601594943082263
2003-08-19,24289,10955,3449,6195,3824,061641,FEEDER CATTLE - CHICAGO MERCANTILE EXCHANGE ,93.9250030517578,-0.09761620486640042,2371,4.247794974205359,7506,-7.834082210018306,0.10190637788202415,0.13072757567342405,0.032710348579875204,0.03114181876311961,-0.11545838141371893
2003-08-26,24488,11064,2705,6112,3644,061641,FEEDER CATTLE - CHICAGO MERCANTILE EXCHANGE ,96.8499984741211,-0.10078405749754982,2468,0.39935773395364155,8359,3.51187780476759,0.026957769577695776,0.06195075895126734,0.03114181876311961,-0.0043881820243586445,-0.11502678365147867
2003-09-02,22108,10188,3152,5589,2830,061641,FEEDER CATTLE - CHICAGO MERCANTILE EXCHANGE ,96.4250030517578,-0.12479645377239008,2759,1.1883371447239464,7036,-5.402646194054231,0.1588074593182088,0.09917541229385307,-0.0043881820243586445,0.02463054109238838,-0.11530591708350471
2003-09-09,21438,9277,3365,5819,2946,061641,FEEDER CATTLE - CHICAGO MERCANTILE EXCHANGE ,98.8000030517578,-0.13401436701184813,2873,0.5156504432784512,5912,-5.084132440745432,0.039475185396463205,0.08890998259769024,0.02463054109238838,0.018977732207333675,-0.11582559624818092
2003-09-16,21465,9496,3257,6193,3417,061641,FEEDER CATTLE - CHICAGO MERCANTILE EXCHANGE ,100.6750030517578,-0.12932681108781738,2776,-0.452467580931057,6239,1.5253288553036664,0.08792924037460978,0.02564102564102564,0.018977732207333675,0.011422834483483246,-0.11619049394654947
2003-09-23,21670,9488,3432,5830,3120,061641,FEEDER CATTLE - CHICAGO MERCANTILE EXCHANGE ,101.8249969482422,-0.12505768343331794,2710,-0.3074772886093641,6056,-0.8525506638714186,0.07374301675977654,0.014164086687306501,0.011422834483483246,-0.024060859530273704,-0.11642384103830654
2003-09-30,20916,8734,3053,5980,2724,061641,FEEDER CATTLE - CHICAGO MERCANTILE EXCHANGE ,99.375,-0.1556703002486135,3256,2.5196123673281035,5681,-1.7305029995385326,0.0627297794117647,0.09612284720454738,-0.024060859530273704,0.049559779137185345,-0.11743016050523747
2003-10-07,20046,7467,3347,6193,2572,061641,FEEDER CATTLE - CHICAGO MERCANTILE EXCHANGE ,104.3000030517578,-0.18063454055671954,3621,1.745075540256263,4120,-7.4631860776439085,0.04164289788933257,0.1443499167745515,0.049559779137185345,0.028763182284005095,-0.11901027000652453
2003-10-14,20076,5855,3657,6826,2993,061641,FEEDER CATTLE - CHICAGO MERCANTILE EXCHANGE ,107.3000030517578,-0.19092448694959155,3833,1.057567594532575,2198,-9.587947720243442,0.10734290660963439,0.2020605550883095,0.028763182284005095,-0.03937563824185164,-0.12076427529781886
2003-10-21,19876,5951,4149,7043,2709,061641,FEEDER CATTLE - CHICAGO MERCANTILE EXCHANGE ,103.0749969482422,-0.21805192191587844,4334,2.4955170352659892,1802,-1.972504482964734,0.0513740771123872,0.05821782178217822,-0.03937563824185164,0.03177299658348165,-0.12308064783634406
2003-10-28,19955,5580,4752,7146,2952,061641,FEEDER CATTLE - CHICAGO MERCANTILE EXCHANGE ,106.3499984741211,-0.21017288900025055,4194,-0.7043670758703965,828,-4.900382370698329,0.03426421073479897,0.09427022841656987,0.03177299658348165,-0.04137284051724344,-0.12510604879364423
2003-11-04,18167,5525,5150,6167,2424,061641,FEEDER CATTLE - CHICAGO MERCANTILE EXCHANGE ,101.9499969482422,-0.20603291682721417,3743,-2.260085191681283,375,-2.270107742420446,0.17541613316261204,0.04243559718969555,-0.04137284051724344,0.008827872023731365,-0.12694529579440716
2003-11-11,18712,5535,5598,6967,2803,061641,FEEDER CATTLE - CHICAGO MERCANTILE EXCHANGE ,102.8499984741211,-0.2225309961522018,4164,2.3173886717674903,-63,-2.410964936423185,0.12067553735926305,0.041138956256175335,0.008827872023731365,0.002430724391920158,-0.12906942246902484
2003-11-18,18445,5334,5385,6850,2787,061641,FEEDER CATTLE - CHICAGO MERCANTILE EXCHANGE ,103.0999984741211,-0.22027649769585253,4063,-0.539760581445062,-51,0.06412997007268063,0.013800975407284425,0.038623005877413935,0.002430724391920158,-0.051891353572269816,-0.13105218497395588
2003-11-25,16942,4857,5363,5893,2678,061641,FEEDER CATTLE - CHICAGO MERCANTILE EXCHANGE ,97.75,-0.18976508086412466,3215,-4.5974518839793985,-506,-2.4667931688804554,0.12437288531093221,0.04882583170254403,-0.051891353572269816,0.04194371840533084,-0.13230139552481052
2003-12-02,18246,5436,5117,6012,2883,061641,FEEDER CATTLE - CHICAGO MERCANTILE EXCHANGE ,101.8499984741211,-0.17148964156527458,3129,-0.5076142131979695,319,4.869554952189824,0.03642495784148398,0.0781768217568464,0.04194371840533084,-0.0530191615785931,-0.1331178173173202
2003-12-09,18120,5277,5340,6614,2694,061641,FEEDER CATTLE - CHICAGO MERCANTILE EXCHANGE ,96.4499969482422,-0.2163355408388521,3920,4.33519675545325,-63,-2.0936095582593444,0.08498066179630426,0.03598003202411227,-0.0530191615785931,-0.018144116696438006,-0.13481613820551472
2003-12-16,16743,4505,5476,6789,2307,061641,FEEDER CATTLE - CHICAGO MERCANTILE EXCHANGE ,94.6999969482422,-0.26769396165561726,4482,3.1015452538631347,-971,-5.011037527593818,0.06178540017590149,0.09097284841198276,-0.018144116696438006,-0.14757126636190998,-0.13747369467451678
2003-12-30,14745,3469,4570,6210,1591,061641,FEEDER CATTLE - CHICAGO MERCANTILE EXCHANGE ,80.7249984741211,-0.3132587317734825,4619,0.8182524039897271,-1101,-0.7764438869975512,0.16600435841558775,0.24157233486752083,-0.14757126636190998,0.016723425204571374,-0.14092046010782983
2004-01-06,14276,2694,4881,6218,1465,061641,FEEDER CATTLE - CHICAGO MERCANTILE EXCHANGE ,82.07499694824219,-0.33293639674978986,4753,0.9087826381824347,-2187,-7.365208545269583,0.017441103735519978,0.14336633663366335,0.016723425204571374,0.0621383648266447,-0.14461307427402137
2004-01-13,13690,2489,3758,6058,1196,061641,FEEDER CATTLE - CHICAGO MERCANTILE EXCHANGE ,87.17500305175781,-0.35514974433893354,4862,0.7635191930512749,-1269,6.430372653404315,0.05913978494623656,0.21258203937890188,0.0621383648266447,0.035847432068853546,-0.15208866010057923
2004-01-20,13767,2289,2993,6374,1668,061641,FEEDER CATTLE - CHICAGO MERCANTILE EXCHANGE ,90.3000030517578,-0.34183191690273845,4706,-1.139517896274653,-704,4.127100073046019,0.09798557572743098,0.18269594850435442,0.035847432068853546,-0.011627940379536406,-0.15815178682904285
2004-01-27,14616,2457,2846,6975,1993,061641,FEEDER CATTLE - CHICAGO MERCANTILE EXCHANGE ,89.25,-0.34085933223864257,4982,2.004794072782741,-389,2.288080191762911,0.10325602140945585,0.05940033943051103,-0.011627940379536406,-0.06190477900144431,-0.1639471976465066
2004-02-03,14199,2585,2599,6897,2136,061641,FEEDER CATTLE - CHICAGO MERCANTILE EXCHANGE ,83.7249984741211,-0.3353053031903655,4761,-1.5120415982484947,-14,2.5656814449917897,0.02446584744824532,0.07233796296296297,-0.06190477900144431,-0.021200376927179576,-0.16857786093791946
2004-02-10,16080,3161,2952,7601,2658,061641,FEEDER CATTLE - CHICAGO MERCANTILE EXCHANGE ,81.94999694824219,-0.3074004975124378,4943,1.2817804070709204,209,1.5705331361363477,0.1195048250316795,0.15197120889906757,-0.021200376927179576,0.03538745129802123,-0.17290585855026508
2004-02-17,16156,3215,2695,7156,2824,061641,FEEDER CATTLE - CHICAGO MERCANTILE EXCHANGE ,84.8499984741211,-0.26813567714780884,4332,-3.7997512437810945,520,1.93407960199005,0.061222444889779556,0.052622673434856174,0.03538745129802123,0.010606971621259342,-0.17465774420325036
2004-02-24,15270,2967,2483,6681,2547,061641,FEEDER CATTLE - CHICAGO MERCANTILE EXCHANGE ,85.75,-0.27072691552062866,4134,-1.2255508789304284,484,-0.22282743253280515,0.08149111400086692,0.08440366972477065,0.010606971621259342,0.020408163265306145,-0.17597386196994236
2004-03-02,15410,3210,2313,6627,3068,061641,FEEDER CATTLE - CHICAGO MERCANTILE EXCHANGE ,87.5,-0.2309539260220636,3559,-3.765553372626064,897,2.704649639816634,0.0593089221248066,0.07477820025348543,0.020408163265306145,0.005142822265624902,-0.17616279517862926
2004-03-09,14729,2795,2665,6345,2776,061641,FEEDER CATTLE - CHICAGO MERCANTILE EXCHANGE ,87.94999694824219,-0.24231108697128115,3569,0.06489292667099286,130,-4.977287475665153,0.06293169608595549,0.14047619047619048,0.005142822265624902,0.02899378215167503,-0.1765135233796626
2004-03-16,14818,3280,2772,6721,3307,061641,FEEDER CATTLE - CHICAGO MERCANTILE EXCHANGE ,90.5,-0.23039546497503036,3414,-1.0523457125398874,508,2.5663656731617897,0.09044674910251296,0.09781890284203569,0.02899378215167503,0.00027625995446300955,-0.17651295432286676
2004-03-23,14410,2828,2866,6498,2833,061641,FEEDER CATTLE - CHICAGO MERCANTILE EXCHANGE ,90.5250015258789,-0.2543372657876475,3665,1.6938858145498719,-38,-3.6847077878256176,0.07469724574000643,0.0958904109589041,0.00027625995446300955,-0.008837371314808662,-0.17706754907127478
2004-03-30,13589,3212,2362,5738,3068,061641,FEEDER CATTLE - CHICAGO MERCANTILE EXCHANGE ,89.7249984741211,-0.19648244903966444,2670,-6.904927133934767,850,6.162387231089521,0.11299114240290711,0.15931108719052745,-0.008837371314808662,0.011145165973877713,-0.17680130775847283
2004-04-06,13600,3073,2407,5882,2837,061641,FEEDER CATTLE - CHICAGO MERCANTILE EXCHANGE ,90.7249984741211,-0.22389705882352942,3045,2.7595849584222534,666,-1.354036352932519,0.04300951944030279,0.033576642335766425,0.011145165973877713,0.03968033656289327,-0.17693157045247906
2004-04-20,14843,4721,2810,5635,3586,061641,FEEDER CATTLE - CHICAGO MERCANTILE EXCHANGE ,94.3249969482422,-0.13804486963551843,2049,-7.3235294117647065,1911,9.154411764705882,0.10801431515020063,0.27234099057230116,0.03968033656289327,0.013252054497132848,-0.17662492894521928
2004-04-27,15431,4529,2636,5743,3457,061641,FEEDER CATTLE - CHICAGO MERCANTILE EXCHANGE ,95.5749969482422,-0.14814334780636382,2286,1.5967122549349861,1893,-0.12126928518493567,0.025760869565217392,0.05108164689462666,0.013252054497132848,0.04760662513253133,-0.1762778454335055
2004-05-04,15830,5467,2766,5322,3645,061641,FEEDER CATTLE - CHICAGO MERCANTILE EXCHANGE ,100.125,-0.10593809222994315,1677,-3.9466009979910575,2701,5.236212818352667,0.06791569086651054,0.12972185108708856,0.04760662513253133,0.032709128847729474,-0.17531109335096143
2004-05-11,15866,5372,2875,5032,3459,061641,FEEDER CATTLE - CHICAGO MERCANTILE EXCHANGE ,103.4000015258789,-0.0991428211269381,1573,-0.65698041692988,2497,-1.288692356285534,0.05605935696619951,0.024736267733721354,0.032709128847729474,-0.0007253827517393896,-0.1750916368011458
2004-05-18,15790,5998,2942,4826,3558,061641,FEEDER CATTLE - CHICAGO MERCANTILE EXCHANGE ,103.3249969482422,-0.08030398986700443,1268,-1.9223496785579226,3056,3.523257279717635,0.03637881679389313,0.07751677852348993,-0.0007253827517393896,0.022985725334109475,-0.17624021068384427
2004-05-25,15362,5520,2914,4972,3281,061641,FEEDER CATTLE - CHICAGO MERCANTILE EXCHANGE ,105.6999969482422,-0.11007681291498503,1691,2.6789107029765677,2606,-2.8499050031665614,0.05125408942202835,0.059995257291913684,0.022985725334109475,-0.009224205319499967,-0.17805433165717274
2004-06-01,14482,5448,2804,4763,2884,061641,FEEDER CATTLE - CHICAGO MERCANTILE EXCHANGE ,104.7249984741211,-0.12974727247617732,1879,1.2237989845072257,2644,0.24736362452805624,0.07924676343664182,0.022055259331071254,-0.009224205319499967,0.03604680430538987,-0.17945515253737016
2004-06-08,15754,6252,2913,4916,3278,061641,FEEDER CATTLE - CHICAGO MERCANTILE EXCHANGE ,108.5,-0.10397359400787101,1638,-1.6641347880127055,3339,4.799060903190167,0.06675616304613131,0.09961811238406983,0.03604680430538987,-0.014055313602570618,-0.17919289968370383
2004-06-15,15805,6208,2741,4815,3149,061641,FEEDER CATTLE - CHICAGO MERCANTILE EXCHANGE ,106.9749984741211,-0.10540968048086048,1666,0.17773263932969405,3467,0.8124920655071729,0.028879959819186337,0.024136775058665773,-0.014055313602570618,0.04346811490727731,-0.17956852650300717
2004-06-22,16606,6446,2869,4758,3241,061641,FEEDER CATTLE - CHICAGO MERCANTILE EXCHANGE ,111.625,-0.09135252318439119,1517,-0.9427396393546346,3577,0.6959822840873141,0.018627328416052007,0.0392914653784219,0.04346811490727731,0.0035834403214236588,-0.17909127608845757
2004-06-29,17108,6705,3184,5265,2851,061641,FEEDER CATTLE - CHICAGO MERCANTILE EXCHANGE ,112.0250015258789,-0.14110357727379003,2414,5.401662049861495,3521,-0.33722750812959174,0.11052242483982257,0.05804429163717262,0.0035834403214236588,-0.0055791117294081705,-0.17887332467176487
2004-07-06,16152,5795,2886,5056,2768,061641,FEEDER CATTLE - CHICAGO MERCANTILE EXCHANGE ,111.4000015258789,-0.141654284299158,2288,-0.7364975450081833,2909,-3.5772737900397478,0.037321063394683024,0.1391544752908651,-0.0055791117294081705,0.01907540368844929,-0.17871031646948182
2004-07-13,17357,5194,3014,5687,3321,061641,FEEDER CATTLE - CHICAGO MERCANTILE EXCHANGE ,113.5250015258789,-0.13631387912657716,2366,0.48291233283803864,2180,-4.513372956909361,0.13143872113676733,0.08881578947368421,0.01907540368844929,-0.038537766493688896,-0.178771725999949
2004-07-20,18062,5185,2929,6463,3678,061641,FEEDER CATTLE - CHICAGO MERCANTILE EXCHANGE ,109.1500015258789,-0.15419111947735578,2785,2.414011637955868,2256,0.43786368612087345,0.11172468198402524,0.011584914961794429,-0.038537766493688896,0.05748970625887817,-0.17976432552507565
2004-07-27,20510,4992,3221,6889,3851,061641,FEEDER CATTLE - CHICAGO MERCANTILE EXCHANGE ,115.4250030517578,-0.14812286689419796,3038,1.4007308160779537,1771,-2.6851954379359984,0.05577281191806331,0.05905272129550712,0.05748970625887817,-0.03357158239157598,-0.18143093020648066
2004-08-03,20814,4601,2974,8192,4900,061641,FEEDER CATTLE - CHICAGO MERCANTILE EXCHANGE ,111.5500030517578,-0.15816277505525128,3292,1.2384202827888835,1627,-0.7020965382740126,0.17965169569202566,0.08422442244224422,-0.03357158239157598,0.03137606368666823,-0.1834603762854784
2004-08-10,21363,5499,3015,7650,5012,061641,FEEDER CATTLE - CHICAGO MERCANTILE EXCHANGE ,115.0500030517578,-0.12348452932640547,2638,-3.1421158835399248,2484,4.117420966657058,0.051650608118780604,0.11028893587033121,0.03137606368666823,0.019339403868769534,-0.18500397032697957
2004-08-17,22370,5344,3133,8035,4972,061641,FEEDER CATTLE - CHICAGO MERCANTILE EXCHANGE ,117.2750015258789,-0.1369244523915959,3063,1.9894209614754483,2211,-1.277910405841876,0.032674713615745365,0.03220478943022296,0.019339403868769534,0.009592837223299844,-0.1867963914977093
2004-08-24,20598,4662,2993,7835,4766,061641,FEEDER CATTLE - CHICAGO MERCANTILE EXCHANGE ,118.4000015258789,-0.14899504806291872,3069,0.026821636119803306,1669,-2.4228877961555653,0.03221966510594397,0.10738079686479425,0.009592837223299844,-0.0506756750225934,-0.1885815702802089
2004-08-31,16511,3604,2301,6391,3451,061641,FEEDER CATTLE - CHICAGO MERCANTILE EXCHANGE ,112.4000015258789,-0.17806310944219006,2940,-0.6262743955723856,1303,-1.7768715409263034,0.280329201381833,0.29635901778154106,-0.0506756750225934,-0.02557829146771018,-0.1901286261374356
2004-09-07,15669,3451,2076,6199,3275,061641,FEEDER CATTLE - CHICAGO MERCANTILE EXCHANGE ,109.5250015258789,-0.1866105048184313,2924,-0.09690509357398099,1375,0.4360729210829144,0.038843149672788686,0.06839153247693143,-0.02557829146771018,0.036749613967618666,-0.19177913473976027
2004-09-14,16822,4356,2650,6300,3562,061641,FEEDER CATTLE - CHICAGO MERCANTILE EXCHANGE ,113.5500030517578,-0.1627630483890144,2738,-1.187057246793031,1706,2.1124513370349094,0.03934293246805922,0.21110476734227804,0.036749613967618666,0.014530989450808773,-0.19250926155931072
2004-09-21,18107,4780,2991,6555,3640,061641,FEEDER CATTLE - CHICAGO MERCANTILE EXCHANGE ,115.1999969482422,-0.16098746341194015,2915,1.0521935560575437,1789,0.4934014980382832,0.03266307013241785,0.09844292883798739,0.014530989450808773,-0.0028211541393374784,-0.1930279749516202
2004-09-28,18545,5390,3312,6551,3786,061641,FEEDER CATTLE - CHICAGO MERCANTILE EXCHANGE ,114.875,-0.14909679158802913,2765,-0.8284089026343403,2078,1.5960678190754956,0.014510979974847635,0.10698689956331878,-0.0028211541393374784,-0.01436345180308074,-0.19340816688431656
2004-10-05,18779,5725,3106,5850,4019,061641,FEEDER CATTLE - CHICAGO MERCANTILE EXCHANGE ,113.2249984741211,-0.09750252942116194,1831,-5.03639795093017,2619,2.9172283634402807,0.0946397811328402,0.06126146529271883,-0.01436345180308074,0.0090527846296522,-0.1928782600763905
2004-10-12,19501,6792,3956,6051,4390,061641,FEEDER CATTLE - CHICAGO MERCANTILE EXCHANGE ,114.25,-0.08517511922465515,1661,-0.9052665211140103,2836,1.155546088716119,0.05478402451872426,0.17835876442128767,0.0090527846296522,-0.007439811589681322,-0.19152258351823742
2004-10-19,18654,7345,4304,5716,3957,061641,FEEDER CATTLE - CHICAGO MERCANTILE EXCHANGE ,113.4000015258789,-0.09429612951645759,1759,0.5025383313676222,3041,1.0512281421465566,0.0793962576243151,0.07734569490943428,-0.007439811589681322,0.0050705197575413585,-0.18986222945977088
2004-10-26,18338,6834,4575,6108,3737,061641,FEEDER CATTLE - CHICAGO MERCANTILE EXCHANGE ,113.9749984741211,-0.129294361435271,2371,3.280797684142811,2259,-4.192130374182481,0.062163534789233116,0.06854237882373565,0.0050705197575413585,-0.05110767296535479,-0.1886770347383416
2004-11-02,15608,4817,3719,5866,2719,061641,FEEDER CATTLE - CHICAGO MERCANTILE EXCHANGE ,108.1500015258789,-0.20162737057919017,3147,4.231650125422619,1098,-6.331115715999563,0.14676761793826443,0.33657450796626054,-0.05110767296535479,-0.0069348126622128525,-0.18836117798186686
2004-11-09,14458,4077,3748,5290,2033,061641,FEEDER CATTLE - CHICAGO MERCANTILE EXCHANGE ,107.4000015258789,-0.22527320514593996,3257,0.7047667862634547,329,-4.92696053305997,0.17233374300150212,0.09827476038338658,-0.0069348126622128525,0.008147113478291335,-0.18865156867697627
2004-11-16,15600,3774,4414,6074,2070,061641,FEEDER CATTLE - CHICAGO MERCANTILE EXCHANGE ,108.2750015258789,-0.25666666666666665,4004,5.166689721953244,-640,-6.702171807995573,0.10081041257367387,0.11834391792867612,0.008147113478291335,-0.07896562393226347,-0.18962529463542727
2004-11-23,15017,3436,4182,6984,2217,061641,FEEDER CATTLE - CHICAGO MERCANTILE EXCHANGE ,99.7249984741211,-0.3174402344010122,4767,4.891025641025641,-746,-0.6794871794871795,0.1148788175198348,0.07482278813336833,-0.07896562393226347,0.042366493244093695,-0.19145047229405823
2004-11-30,15084,2130,3841,7611,2505,061641,FEEDER CATTLE - CHICAGO MERCANTILE EXCHANGE ,103.9499969482422,-0.33850437549721557,5106,2.257441566224945,-1711,-6.426050476127056,0.09045077105575326,0.2758331937698878,0.042366493244093695,-0.028138484927706986,-0.19372408532869984
2004-12-07,15793,2175,3944,7571,2649,061641,FEEDER CATTLE - CHICAGO MERCANTILE EXCHANGE ,101.0250015258789,-0.31165706325587283,4922,-1.2198355873773536,-1769,-0.38451339167329623,0.018003913894324854,0.024186958653374734,-0.028138484927706986,-0.007176426262516689,-0.19606816191315654
2004-12-14,15645,2060,3424,7212,2726,061641,FEEDER CATTLE - CHICAGO MERCANTILE EXCHANGE ,100.3000030517578,-0.2867369766698626,4486,-2.7607167732539732,-1364,2.564427277907934,0.04387200643992755,0.11579139314369073,-0.007176426262516689,0.04985044713727338,-0.198284456819014
2004-12-21,15599,3225,2559,6550,2888,061641,FEEDER CATTLE - CHICAGO MERCANTILE EXCHANGE ,105.3000030517578,-0.23475863837425476,3662,-5.266858421220837,666,12.97539149888143,0.08730663276117821,0.35096818810511754,0.04985044713727338,-0.0033238945239494333,-0.19863874715623325
2004-12-28,16027,3668,2701,6521,2861,061641,FEEDER CATTLE - CHICAGO MERCANTILE EXCHANGE ,104.9499969482422,-0.22836463467897922,3660,-0.012821334700942369,967,1.9296108724918264,0.005968876572159454,0.09185115402731983,-0.0033238945239494333,-0.0016674171267446747,-0.19788241394514408
2005-01-04,16972,4590,3075,6750,3433,061641,FEEDER CATTLE - CHICAGO MERCANTILE EXCHANGE ,104.7750015258789,-0.1954395474899835,3317,-2.140138516253822,1515,3.41923004929182,0.078660512619071,0.1690802348336595,-0.0016674171267446747,0.00835122870204752,-0.19561666040123066
2005-01-11,18118,5424,2859,7019,3572,061641,FEEDER CATTLE - CHICAGO MERCANTILE EXCHANGE ,105.6500015258789,-0.19025278728336462,3447,0.7659674758425643,2565,6.186660381805327,0.038523274478330656,0.1267656646142702,0.00835122870204752,0.014671040226948096,-0.1928727448345686
2005-01-18,18877,5979,2792,6913,3593,061641,FEEDER CATTLE - CHICAGO MERCANTILE EXCHANGE ,107.1999969482422,-0.17587540393070933,3320,-0.7009603709018655,3187,3.433050005519373,0.012088330477822196,0.07091551704480675,0.014671040226948096,-0.02518653941329685,-0.1894251613651797
2005-01-25,19949,6463,3223,7495,3628,061641,FEEDER CATTLE - CHICAGO MERCANTILE EXCHANGE ,104.5,-0.19384430297258007,3867,2.8977062033162047,3240,0.28076495205806007,0.05547064640834307,0.09446623993392525,-0.02518653941329685,-0.03421049711236557,-0.18657924571267662
2005-02-01,19302,6358,2950,6996,3897,061641,FEEDER CATTLE - CHICAGO MERCANTILE EXCHANGE ,100.9250030517578,-0.1605533105377681,3099,-3.8498170334352597,3408,0.8421474760639631,0.07050399339025062,0.04061022776106575,-0.03421049711236557,-0.00024772380602322563,-0.18311182221842903
2005-02-08,21926,5904,3278,8022,4197,061641,FEEDER CATTLE - CHICAGO MERCANTILE EXCHANGE ,100.9000015258789,-0.17445042415397247,3825,3.761268262356233,2626,-4.051393637964978,0.1085195187822244,0.08516663036375517,-0.00024772380602322563,-0.006442036829030107,-0.18001845916003686
2005-02-15,24115,6673,3551,8956,4553,061641,FEEDER CATTLE - CHICAGO MERCANTILE EXCHANGE ,100.25,-0.1825834542815675,4403,2.6361397427711393,3122,2.262154519748244,0.09549189429269377,0.1019170579029734,-0.006442036829030107,-0.017456359102244412,-0.17761813140559707
2005-02-22,24132,6761,3742,9307,4386,061641,FEEDER CATTLE - CHICAGO MERCANTILE EXCHANGE ,98.5,-0.203920106083209,4921,2.1480406386066764,3019,-0.4271200497615592,0.037829547944205066,0.026563838903170524,-0.017456359102244412,0.014974603798183717,-0.17638321657743167
2005-03-01,23828,7061,3763,9028,4609,061641,FEEDER CATTLE - CHICAGO MERCANTILE EXCHANGE ,99.9749984741211,-0.18545408762800067,4419,-2.0802254268191613,3298,1.1561412232720039,0.0368116154579453,0.02965631929046563,0.014974603798183717,0.03950992386020569,-0.17474335450257344
2005-03-08,25016,8545,3160,8855,5792,061641,FEEDER CATTLE - CHICAGO MERCANTILE EXCHANGE ,103.9250030517578,-0.12244163735209466,3063,-5.6907839516535175,5385,8.758603323820715,0.09257868505496006,0.17829987184963692,0.03950992386020569,0.020687936813565955,-0.17265657972045867
2005-03-15,26118,10350,2749,7040,6059,061641,FEEDER CATTLE - CHICAGO MERCANTILE EXCHANGE ,106.0749969482422,-0.037560303239145415,981,-8.32267348896706,7601,8.858330668372242,0.15894343079624398,0.16917321932971982,0.020687936813565955,0.002356823070397862,-0.16871906464868683
2005-03-22,26889,10667,2785,6924,6440,061641,FEEDER CATTLE - CHICAGO MERCANTILE EXCHANGE ,106.3249969482422,-0.017999925620142066,484,-1.9029022130331572,7882,1.0758863618960104,0.03718946423226579,0.02624145108534047,0.002356823070397862,0.005407990539765706,-0.16463453504570824
2005-03-29,26454,9733,2354,6780,6442,061641,FEEDER CATTLE - CHICAGO MERCANTILE EXCHANGE ,106.9000015258789,-0.01277689574355485,338,-0.5429729629216409,7379,-1.8706534270519544,0.011042202389956134,0.1129312484487466,0.005407990539765706,0.01777363422599132,-0.15998914331409106
2005-04-05,28145,10454,2700,7427,6461,061641,FEEDER CATTLE - CHICAGO MERCANTILE EXCHANGE ,108.8000030517578,-0.03432225972641677,966,2.3739321085658123,7754,1.4175550011340439,0.04795506912442396,0.08111601033906037,0.01777363422599132,0.0034466910797934514,-0.15687067813499012
2005-04-12,27925,10383,2769,7719,6724,061641,FEEDER CATTLE - CHICAGO MERCANTILE EXCHANGE ,109.1750030517578,-0.03563115487914056,995,0.10303783975839403,7614,-0.4974240540060401,0.03842691961503843,0.010644768856447688,0.0034466910797934514,0.015342297921157044,-0.1532501799822134
2005-04-19,26898,10580,3007,8653,6857,061641,FEEDER CATTLE - CHICAGO MERCANTILE EXCHANGE ,110.8499984741211,-0.06677076362554837,1796,2.8683974932855865,7573,-0.14682184422560432,0.06879432624113475,0.03201589754912784,0.015342297921157044,0.00654035619396387,-0.1518795240974063
2005-04-26,27405,10368,3805,8760,6481,061641,FEEDER CATTLE - CHICAGO MERCANTILE EXCHANGE ,111.5749969482422,-0.08316000729793833,2279,1.7956725407093463,6563,-3.7549260168042236,0.031690833934781185,0.07126225922528752,0.00654035619396387,-0.013667882036257795,-0.15062984447224426
2005-05-03,24602,9876,3735,7878,5635,061641,FEEDER CATTLE - CHICAGO MERCANTILE EXCHANGE ,110.0500030517578,-0.09117144947565238,2243,-0.13136288998357964,6141,-1.5398649881408502,0.12787685932065418,0.041290132980677394,-0.013667882036257795,0.011812770434471487,-0.1503458705731233
2005-05-10,24847,10012,3461,7733,5119,061641,FEEDER CATTLE - CHICAGO MERCANTILE EXCHANGE ,111.3499984741211,-0.10520384754698757,2614,1.5080074790667426,6551,1.6665311763271278,0.05143168378462496,0.030431232836042457,0.011812770434471487,0.0051639388012236775,-0.15046242877350885
2005-05-17,24739,11466,4148,7344,5116,061641,FEEDER CATTLE - CHICAGO MERCANTILE EXCHANGE ,111.9250030517578,-0.0900602287885525,2228,-1.553507465690023,7318,3.086891777679398,0.03146067415730337,0.13712053285513,0.0051639388012236775,-0.005360787019484281,-0.15065004875276938
2005-05-24,24508,10855,4184,7357,4392,061641,FEEDER CATTLE - CHICAGO MERCANTILE EXCHANGE ,111.3249969482422,-0.12098090419454872,2965,2.9791018230324586,6671,-2.6153037713731355,0.06272874287173376,0.04302147749185451,-0.005360787019484281,0.012126711345370689,-0.15085974281583794
2005-05-31,21827,10334,4140,6116,3418,061641,FEEDER CATTLE - CHICAGO MERCANTILE EXCHANGE ,112.6750030517578,-0.12360837494845833,2698,-1.089440182797454,6194,-1.9463032479190467,0.23232641074050767,0.03903551195246649,0.012126711345370689,0.00754380697669621,-0.15074168709415103
2005-06-07,23298,9916,4512,7026,3305,061641,FEEDER CATTLE - CHICAGO MERCANTILE EXCHANGE ,113.5250015258789,-0.15971328010988067,3721,4.686855729142804,5404,-3.61937050442113,0.09902235988771659,0.05475464374826726,0.00754380697669621,-0.03765691670045379,-0.1518136041345743
2005-06-14,21853,8346,3726,7289,3729,061641,FEEDER CATTLE - CHICAGO MERCANTILE EXCHANGE ,109.25,-0.1629066947329886,3560,-0.6910464417546571,4620,-3.365095716370504,0.06235251406788891,0.19516235917826374,-0.03765691670045379,-0.00640729472075241,-0.15291931594711522
2005-06-21,21181,6922,4383,7745,3189,061641,FEEDER CATTLE - CHICAGO MERCANTILE EXCHANGE ,108.5500030517578,-0.21509843727869316,4556,4.557726627922939,2539,-9.52271999267835,0.09109200658496433,0.184077841662981,-0.00640729472075241,0.009672919326060736,-0.15529904506431333
2005-06-28,21238,7993,3634,7317,4035,061641,FEEDER CATTLE - CHICAGO MERCANTILE EXCHANGE ,109.5999984741211,-0.15453432526603259,3282,-6.014824606959067,4359,8.592606581370097,0.11222692036645525,0.15653220951234195,0.009672919326060736,0.010264598683052295,-0.15555732867954875
2005-07-05,22645,9018,3742,7452,4697,061641,FEEDER CATTLE - CHICAGO MERCANTILE EXCHANGE ,110.7249984741211,-0.1216604106866858,2755,-2.481401261889067,5276,4.317732366512854,0.06560210716931435,0.08879310344827586,0.010264598683052295,-0.009708710436274637,-0.15517283111007812
2005-07-12,23846,9950,3738,6923,4710,061641,FEEDER CATTLE - CHICAGO MERCANTILE EXCHANGE ,109.6500015258789,-0.09280382454080349,2213,-2.393464340914109,6212,4.133362773239126,0.04659159288231755,0.06838106370543542,-0.009708710436274637,-0.02006388095778977,-0.15433609929112094
2005-07-19,23722,7680,3956,7900,5206,061641,FEEDER CATTLE - CHICAGO MERCANTILE EXCHANGE ,107.4499969482422,-0.11356546665542534,2694,2.0171097878050825,3724,-10.433615700746458,0.11239127117350832,0.2138191818494328,-0.02006388095778977,-0.0018613025027682806,-0.15355483673685305
2005-07-26,23723,7273,4153,8158,4768,061641,FEEDER CATTLE - CHICAGO MERCANTILE EXCHANGE ,107.25,-0.14289929604181595,3390,2.93398533007335,3120,-2.5461596829946886,0.05384496363917685,0.05286189392613338,-0.0018613025027682806,0.021678293223703404,-0.15345438345123033
2005-08-02,25137,7477,3978,8748,5808,061641,FEEDER CATTLE - CHICAGO MERCANTILE EXCHANGE ,109.5749969482422,-0.11695906432748537,2940,-1.8968933102895924,3499,1.5976056991105678,0.11198131354767793,0.033085988651244,0.021678293223703404,-0.004334916608261241,-0.1526620043987733
2005-08-09,27793,9219,3918,9151,7334,061641,FEEDER CATTLE - CHICAGO MERCANTILE EXCHANGE ,109.0999984741211,-0.06537617385672652,1817,-4.4675180013525875,5301,7.168715439392131,0.1170154686078253,0.1371698256831849,-0.004334916608261241,0.007561911908114283,-0.15154453602435639
2005-08-16,29459,10634,5100,9020,7861,061641,FEEDER CATTLE - CHICAGO MERCANTILE EXCHANGE ,109.9250030517578,-0.03934281543840592,1159,-2.3675026085705033,5534,0.8383405893570324,0.038978733487352646,0.1650565653997712,0.007561911908114283,0.011143947601659931,-0.1496679660829489
2005-08-23,29559,11781,4993,8066,8442,061641,FEEDER CATTLE - CHICAGO MERCANTILE EXCHANGE ,111.1500015258789,0.012720322067728948,-376,-5.210631725448929,6788,4.256763637598017,0.09298521928761812,0.07475855490640276,0.011143947601659931,0.004048555484161831,-0.14655805511889797
2005-08-30,26935,11929,4907,6941,7747,061641,FEEDER CATTLE - CHICAGO MERCANTILE EXCHANGE ,111.5999984741211,0.029923890848338592,-806,-1.4547176832775128,7022,0.7916370648533442,0.12391067538126362,0.013898788310762652,0.004048555484161831,0.0020161153870739135,-0.14255830511331088
2005-09-06,26916,12415,4389,6749,8212,061641,FEEDER CATTLE - CHICAGO MERCANTILE EXCHANGE ,111.8249969482422,0.054354287412691334,-1463,-2.4392054947094857,8026,3.7274921106367183,0.04391417685983557,0.05974767912401809,0.0020161153870739135,0.02749836495913316,-0.13792436680117393
2005-09-13,28119,13306,3494,6540,8220,061641,FEEDER CATTLE - CHICAGO MERCANTILE EXCHANGE ,114.9000015258789,0.05974607916355489,-1680,-0.8062119185614505,9812,6.635458463367513,0.01470189701897019,0.10630952380952381,0.02749836495913316,-0.003698895092373755,-0.13364534511747067
2005-09-20,29063,12181,2945,7304,8818,061641,FEEDER CATTLE - CHICAGO MERCANTILE EXCHANGE ,114.4749984741211,0.052093727419743316,-1514,0.5903481631636971,9236,-2.0484369998933105,0.08448083364346855,0.11067036890122967,-0.003698895092373755,0.013321699464566183,-0.12954762990916907
2005-09-27,30350,12217,2985,7896,9814,061641,FEEDER CATTLE - CHICAGO MERCANTILE EXCHANGE ,116.0,0.06319604612850083,-1918,-1.390083611464749,9232,-0.013763204073908407,0.0896668548842462,0.004999342191816867,0.013321699464566183,0.013577559898639624,-0.12546507533769732
2005-10-04,30276,11765,2479,7611,10058,061641,FEEDER CATTLE - CHICAGO MERCANTILE EXCHANGE ,117.5749969482422,0.08082309420002642,-2447,-1.742998352553542,9286,0.17792421746293247,0.029939441960495784,0.06725638865487223,0.013577559898639624,0.009568360869235182,-0.12203573642190525
2005-10-11,28802,12166,2384,6967,9331,061641,FEEDER CATTLE - CHICAGO MERCANTILE EXCHANGE ,118.6999969482422,0.08207763349767377,-2364,0.27414453692693885,9782,1.638261329105562,0.08412075101239416,0.0340893470790378,0.009568360869235182,-0.01200501650378849,-0.11881933733109122
2005-10-18,27479,12134,3003,7250,8124,061641,FEEDER CATTLE - CHICAGO MERCANTILE EXCHANGE ,117.2750015258789,0.031806106481313004,-874,5.173251857509896,9131,-2.260259704187209,0.09691687264212306,0.043007200898460725,-0.01200501650378849,-0.013003636802702445,-0.1163942943311341
2005-10-25,27279,11726,3564,7436,7791,061641,FEEDER CATTLE - CHICAGO MERCANTILE EXCHANGE ,115.75,0.013013673521756662,-355,1.8887150187415844,8162,-3.5263291968412243,0.03408419255270244,0.06337475474166121,-0.013003636802702445,-0.0023758231177443134,-0.11365760135119125
2005-11-01,27532,11163,3373,7716,7804,061641,FEEDER CATTLE - CHICAGO MERCANTILE EXCHANGE ,115.4749984741211,0.003196280691558913,-88,0.9787748817771913,7790,-1.363686352139008,0.018878865979381442,0.051871216290588884,-0.0023758231177443134,0.0019484605074191474,-0.10971868498059993
2005-11-08,28240,11958,3863,7762,7219,061641,FEEDER CATTLE - CHICAGO MERCANTILE EXCHANGE ,115.6999969482422,-0.01922804532577904,543,2.291878541333721,8095,1.1078018305971233,0.0421200186903411,0.08122116174704506,0.0019484605074191474,0.005834080117216978,-0.10575627806098145
2005-11-15,27220,12508,3284,7474,7699,061641,FEEDER CATTLE - CHICAGO MERCANTILE EXCHANGE ,116.375,0.008265980896399705,-225,-2.7195467422096318,9224,3.9978753541076486,0.05061622619126079,0.0714918946301925,0.005834080117216978,-0.02749728849187716,-0.10066141945399941
2005-11-22,24242,10828,2860,6959,7014,061641,FEEDER CATTLE - CHICAGO MERCANTILE EXCHANGE ,113.1750030517578,0.002268789703819817,-55,0.6245407788390889,7968,-4.6142542248346805,0.08587991125742503,0.1537112799532437,-0.02749728849187716,0.03556433654031954,-0.09451316899044496
2005-11-29,27930,12821,3431,7051,7949,061641,FEEDER CATTLE - CHICAGO MERCANTILE EXCHANGE ,117.1999969482422,0.03215180809165771,-898,-3.477435855127465,9390,5.865852652421418,0.06846666666666666,0.157765198129461,0.03556433654031954,-0.01599829393193619,-0.08738516545988968
2005-12-06,30100,14520,3557,7673,8275,061641,FEEDER CATTLE - CHICAGO MERCANTILE EXCHANGE ,115.3249969482422,0.02,-602,1.0597923379878267,10963,5.6319369853204435,0.059443190368698266,0.10095701720418211,-0.01599829393193619,-0.0043355734943084645,-0.08100714501266136
2005-12-13,31053,14283,2901,8037,8551,061641,FEEDER CATTLE - CHICAGO MERCANTILE EXCHANGE ,114.8249969482422,0.016552345989115383,-514,0.29235880398671094,11382,1.3920265780730898,0.03858210754762479,0.051966945996275604,-0.0043355734943084645,0.001959556799439932,-0.07517465803845025
2005-12-20,31994,14657,2822,8708,9521,061641,FEEDER CATTLE - CHICAGO MERCANTILE EXCHANGE ,115.0500030517578,0.02541101456523098,-813,-0.9628699320516536,11835,1.4587962515698965,0.09002139448132097,0.02591681446306997,0.001959556799439932,-0.006736214735520218,-0.07017139548192168
2005-12-27,32042,14300,3001,9503,10186,061641,FEEDER CATTLE - CHICAGO MERCANTILE EXCHANGE ,114.2750015258789,0.021315773047874666,-683,0.406326186159905,11299,-1.675314121397762,0.07415308040022348,0.030980868157909947,-0.006736214735520218,0.0,-0.06536984917948217
2006-01-03,34174,14571,3163,9936,10850,061641,FEEDER CATTLE - CHICAGO MERCANTILE EXCHANGE ,114.2750015258789,0.026745479019137357,-914,-0.7209287809749704,11408,0.34017851569814617,0.0527759068603868,0.02441637532423593,0.0,-0.0032815576022117154,-0.061097060208152934
2006-01-10,34580,14903,3329,10292,10833,061641,FEEDER CATTLE - CHICAGO MERCANTILE EXCHANGE ,113.9000015258789,0.015644881434355117,-541,1.0914730496868965,11574,0.48574940012875284,0.01765680473372781,0.027314611671785873,-0.0032815576022117154,-0.014266900599038124,-0.05713748965588909
2006-01-17,33169,14553,3608,9777,10287,061641,FEEDER CATTLE - CHICAGO MERCANTILE EXCHANGE ,112.2750015258789,0.015375802707347222,-510,0.0896471949103528,10945,-1.8189705031810295,0.05288078149920255,0.03463465668190078,-0.014266900599038124,0.007793364400875191,-0.053459581835926466
2006-01-24,32987,14913,3654,9726,10142,061641,FEEDER CATTLE - CHICAGO MERCANTILE EXCHANGE ,113.1500015258789,0.01261102858701913,-416,0.28339714793934095,11259,0.9466670686484367,0.009865109724179585,0.021866752841062098,0.007793364400875191,-0.029385811160384634,-0.04948928699824186
2006-01-31,31548,12976,3739,10457,9749,061641,FEEDER CATTLE - CHICAGO MERCANTILE EXCHANGE ,109.8249969482422,-0.022441993153290225,708,3.4074029163003607,9237,-6.129687452632855,0.055627041472829854,0.12096918935088244,-0.029385811160384634,-0.016844967225384644,-0.04683330012546345
2006-02-07,33559,11973,3827,11483,9753,061641,FEEDER CATTLE - CHICAGO MERCANTILE EXCHANGE ,107.9749984741211,-0.05155099973181561,1730,3.2395080512235324,8146,-3.4582223912767844,0.04850254285176116,0.0690506329113924,-0.016844967225384644,0.006714503212471579,-0.04446984965580658
2006-02-14,34845,11917,4522,13263,10296,061641,FEEDER CATTLE - CHICAGO MERCANTILE EXCHANGE ,108.6999969482422,-0.08514851485148515,2967,3.6860454721535207,7395,-2.2378497571441343,0.09860350609109045,0.04568404404160837,0.006714503212471579,-0.009889576618424933,-0.04259610082061269
2006-02-21,35571,12351,5049,13441,10573,061641,FEEDER CATTLE - CHICAGO MERCANTILE EXCHANGE ,107.625,-0.08062747743948723,2868,-0.284115368058545,7302,-0.2668962548428756,0.018947280752894147,0.05522988505747126,-0.009889576618424933,-0.006968641114982632,-0.04022508873131035
2006-02-28,35758,13120,5667,13297,10328,061641,FEEDER CATTLE - CHICAGO MERCANTILE EXCHANGE ,106.875,-0.08303037082610884,2969,0.2839391639256698,7453,0.4245031064631301,0.016465608465608465,0.07382764677702666,-0.006968641114982632,-0.02035090574744136,-0.03825540186973551
2006-03-07,37178,14414,6025,13469,10190,061641,FEEDER CATTLE - CHICAGO MERCANTILE EXCHANGE ,104.6999969482422,-0.08819732099628813,3279,0.8669388668270037,8389,2.6175960624195986,0.013102836130013949,0.08082587210724596,-0.02035090574744136,-0.020296084641248657,-0.037596857324431535
2006-03-14,36320,13365,7316,14135,9453,061641,FEEDER CATTLE - CHICAGO MERCANTILE EXCHANGE ,102.5749969482422,-0.12890969162995594,4682,3.7737371563828073,6049,-6.294044865242886,0.05947939630320502,0.11314733330109762,-0.020296084641248657,0.024616150143811133,-0.039353576331947124
2006-03-21,36170,14324,6446,12580,8312,061641,FEEDER CATTLE - CHICAGO MERCANTILE EXCHANGE ,105.0999984741211,-0.11799834116671275,4268,-1.1398678414096917,7878,5.0357929515418505,0.12904461037717788,0.0880597014925373,0.024616150143811133,-0.013082778496315228,-0.041276622784765786
2006-03-28,37238,14843,7112,13686,9060,061641,FEEDER CATTLE - CHICAGO MERCANTILE EXCHANGE ,103.7249984741211,-0.12422793920189054,4626,0.9897705280619298,7731,-0.40641415537738457,0.08150883671854392,0.05397403780460032,-0.013082778496315228,-0.043624985224828494,-0.043419912082041476
2006-04-04,33499,12775,7507,12197,7611,061641,FEEDER CATTLE - CHICAGO MERCANTILE EXCHANGE ,99.1999969482422,-0.13689960894355055,4586,-0.10741715451957677,5268,-6.61421128954294,0.14832390953150243,0.12143772803471058,-0.043624985224828494,0.013104869876519043,-0.0453925534131402
2006-04-11,32117,12579,8202,11688,6459,061641,FEEDER CATTLE - CHICAGO MERCANTILE EXCHANGE ,100.5,-0.16281097238222747,5229,1.9194602823964895,4377,-2.6597808889817607,0.09153028048713285,0.04287570376786488,0.013104869876519043,0.032089537055931316,-0.04783831913435341
2006-04-18,32929,12410,8972,11668,6118,061641,FEEDER CATTLE - CHICAGO MERCANTILE EXCHANGE ,103.7249984741211,-0.16854444410701813,5550,0.9994706853068469,3438,-2.923685275710683,0.020296862701000788,0.04391544289589374,0.032089537055931316,-0.03012774206769131,-0.0497955052974586
2006-04-25,31661,12597,8381,12073,7028,061641,FEEDER CATTLE - CHICAGO MERCANTILE EXCHANGE ,100.5999984741211,-0.15934430371750735,5045,-1.533602599532327,4216,2.362659054329011,0.06884456311187896,0.037086471541615026,-0.03012774206769131,0.01540758524123187,-0.05126058792091185
2006-05-02,27825,11339,7383,10583,6264,061641,FEEDER CATTLE - CHICAGO MERCANTILE EXCHANGE ,102.1500015258789,-0.1552201257861635,4319,-2.2930419127633366,3956,-0.8211995830832887,0.13379236659345878,0.1204999465869031,0.01540758524123187,-0.017865928050665336,-0.05249229323457552
2006-05-09,27571,9819,7301,10703,5433,061641,FEEDER CATTLE - CHICAGO MERCANTILE EXCHANGE ,100.3249969482422,-0.19114286750571252,5270,3.417789757412399,2518,-5.168014375561546,0.05893653941497273,0.09357476635514018,-0.017865928050665336,0.0351358249001239,-0.054144966695320235
2006-05-16,28749,10721,7242,10414,5691,061641,FEEDER CATTLE - CHICAGO MERCANTILE EXCHANGE ,103.8499984741211,-0.1642839750947859,4723,-1.9839686627253272,3479,3.485546407457111,0.03396460726482459,0.05349885876523966,0.0351358249001239,-0.005055383087075538,-0.05557234643197857
2006-05-23,27086,10450,7646,9875,5272,061641,FEEDER CATTLE - CHICAGO MERCANTILE EXCHANGE ,103.3249969482422,-0.16994019050431958,4603,-0.41740582281122823,2804,-2.3479077533131587,0.06324684756057306,0.03730106100795756,-0.005055383087075538,0.0590370799291795,-0.056513871168704925
2006-05-30,24707,9713,6483,8748,4581,061641,FEEDER CATTLE - CHICAGO MERCANTILE EXCHANGE ,109.4250030517578,-0.16865665600841867,4167,-1.609687661522558,3230,1.5727682197445174,0.13639432815665092,0.11731291676957273,0.0590370799291795,0.003883896828974942,-0.057380184266011866
2006-06-06,25760,10426,5800,8720,5724,061641,FEEDER CATTLE - CHICAGO MERCANTILE EXCHANGE ,109.8499984741211,-0.11630434782608695,2996,-4.739547496660865,4626,5.650220585259238,0.08107172528385488,0.08603475902871933,0.003883896828974942,-0.00955844730949773,-0.05654539710670814
2006-06-13,26379,10683,5461,8406,5856,061641,FEEDER CATTLE - CHICAGO MERCANTILE EXCHANGE ,108.8000030517578,-0.09666780393494825,2550,-1.731366459627329,5222,2.313664596273292,0.03127191137287898,0.03691774033696729,-0.00955844730949773,0.036305117991247915,-0.0552715722836689
2006-06-20,25563,10705,4825,8467,6732,061641,FEEDER CATTLE - CHICAGO MERCANTILE EXCHANGE ,112.75,-0.06787153307514768,1735,-3.0895788316463855,5880,2.4944084309488606,0.06164879268372919,0.042369607211848036,0.036305117991247915,0.042572089150845205,-0.052440285664369944
2006-06-27,27473,11911,5104,8813,7216,061641,FEEDER CATTLE - CHICAGO MERCANTILE EXCHANGE ,117.5500030517578,-0.05812980016743712,1597,-0.5398427414622697,6807,3.6263349372139424,0.05178114667165762,0.08727593300029386,0.042572089150845205,-0.033177383450697984,-0.050586352489396955
2006-07-11,29898,12408,4705,9365,8349,061641,FEEDER CATTLE - CHICAGO MERCANTILE EXCHANGE ,113.6500015258789,-0.033982206167636635,1016,-2.1148036253776437,7703,3.2613839041968475,0.09512250197583833,0.052357856600245424,-0.033177383450697984,-0.0008798809747340153,-0.048900233171722936
2006-07-18,30695,12198,4779,9508,8817,061641,FEEDER CATTLE - CHICAGO MERCANTILE EXCHANGE ,113.5500030517578,-0.02251180974100016,691,-1.087029232724597,7419,-0.9498963141347248,0.03334242837653479,0.016728515049773223,-0.0008798809747340153,-0.0015411981246538087,-0.047548463656342105
2006-07-25,30944,12912,4229,9591,9785,061641,FEEDER CATTLE - CHICAGO MERCANTILE EXCHANGE ,113.375,0.0062693898655635984,-194,-2.8832057338328716,8683,4.1179345170223165,0.05424236168455822,0.07374132197654745,-0.0015411981246538087,0.009261327909660944,-0.045243947184784625
2006-08-01,31673,12755,4477,9686,9675,061641,FEEDER CATTLE - CHICAGO MERCANTILE EXCHANGE ,114.4250030517578,-0.0003472989612603795,11,0.6624870734229577,8278,-1.3088159255429161,0.010588296059087857,0.023502785515320333,0.009261327909660944,0.014856866094845156,-0.04250256262554317
2006-08-08,32151,12403,4807,9820,9421,061641,FEEDER CATTLE - CHICAGO MERCANTILE EXCHANGE ,116.125,-0.012410189418680601,399,1.225018154263884,7596,-2.153253559814353,0.020165272075255963,0.03962812318419524,0.014856866094845156,-0.0043057050592034685,-0.04049200733883539
2006-08-15,32759,13354,4515,8304,9233,061641,FEEDER CATTLE - CHICAGO MERCANTILE EXCHANGE ,115.625,0.028358619005464148,-929,-4.130509159901714,8839,3.8661316910827033,0.09716599190283401,0.0695618109575242,-0.0043057050592034685,0.0030270138302364025,-0.03868941516840864
2006-08-22,32397,13077,3918,8355,9665,061641,FEEDER CATTLE - CHICAGO MERCANTILE EXCHANGE ,115.9749984741211,0.040435842824952925,-1310,-1.1630391648096707,9159,0.9768307945907995,0.026803551609322976,0.05142689026184172,0.0030270138302364025,0.010347097162536123,-0.03715521020180558
2006-08-29,32307,12371,3512,8689,9451,061641,FEEDER CATTLE - CHICAGO MERCANTILE EXCHANGE ,117.1750030517578,0.023586219704707957,-762,1.691514646417878,8859,-0.9260116677470136,0.030209481808158765,0.07001196247560285,0.010347097162536123,0.004267121715193278,-0.03694625063186368
2006-09-05,29760,10268,3620,8366,8877,061641,FEEDER CATTLE - CHICAGO MERCANTILE EXCHANGE ,117.6750030517578,0.017170698924731182,-511,0.7769214102206952,6648,-6.8437180796731365,0.052021110015658525,0.15920218894009217,0.004267121715193278,0.01019755187696414,-0.03719150432270229
2006-09-12,29436,10565,3981,8587,8740,061641,FEEDER CATTLE - CHICAGO MERCANTILE EXCHANGE ,118.875,0.005197717081125153,-153,1.2029569892473118,6584,-0.21505376344086022,0.02066139550989785,0.04523580365736285,0.01019755187696414,-0.014090456797121287,-0.038136822982924715
2006-09-19,29044,9528,5074,8678,7464,061641,FEEDER CATTLE - CHICAGO MERCANTILE EXCHANGE ,117.1999969482422,-0.04179865032364688,1214,4.64397336594646,4454,-7.2360375050958,0.08468591252632883,0.14587042870839612,-0.014090456797121287,-0.011518758611549273,-0.040089606242293976
2006-09-26,26065,8623,5660,8074,5859,061641,FEEDER CATTLE - CHICAGO MERCANTILE EXCHANGE ,115.8499984741211,-0.08497985804718972,2215,3.446494973144195,2963,-5.133590414543451,0.15854446278619105,0.104389834068473,-0.011518758611549273,-0.021579629114612864,-0.042725636732042695
2006-10-03,24841,6809,6168,8399,5089,061641,FEEDER CATTLE - CHICAGO MERCANTILE EXCHANGE ,113.3499984741211,-0.13324745380620748,3310,4.2010358718588146,641,-8.908497985804718,0.08118327402135231,0.17893195653849117,-0.021579629114612864,-0.02867225446625843,-0.04650339634617169
2006-10-10,23665,7313,6812,8484,4859,061641,FEEDER CATTLE - CHICAGO MERCANTILE EXCHANGE ,110.0999984741211,-0.1531798013944644,3625,1.2680648927176845,501,-0.5635843967634153,0.023607884283894178,0.08127433628318584,-0.02867225446625843,-0.03042687121297738,-0.051003452030681136
2006-10-17,23282,6359,6180,8067,3381,061641,FEEDER CATTLE - CHICAGO MERCANTILE EXCHANGE ,106.75,-0.20127136843913754,4686,4.483414324952461,179,-1.3606592013522079,0.1655310971348707,0.12648536565914348,-0.03042687121297738,-0.00046841266283648153,-0.05645247129869673
2006-10-24,24056,7037,7536,8128,3381,061641,FEEDER CATTLE - CHICAGO MERCANTILE EXCHANGE ,106.6999969482422,-0.19733122713668108,4747,0.26200498238982906,-499,-2.9121209518082636,0.00530019984360066,0.13957318328415563,-0.00046841266283648153,-0.025538880525394436,-0.06085895848365816
2006-10-31,21523,5702,7698,7856,2156,061641,FEEDER CATTLE - CHICAGO MERCANTILE EXCHANGE ,103.9749984741211,-0.2648329693815918,5700,3.961589624210176,-1996,-6.222979714000665,0.14952057530962845,0.11171641791044776,-0.025538880525394436,-0.04183696598181519,-0.0662021631548764
2006-11-07,24889,6115,8961,9275,2601,061641,FEEDER CATTLE - CHICAGO MERCANTILE EXCHANGE ,99.625,-0.2681505886134437,6674,4.5253914417135155,-2846,-3.9492635784974217,0.15695520377231392,0.111170071637039,-0.04183696598181519,-0.024843146540738714,-0.0714203721799726
2006-11-14,25475,6475,9240,9691,2684,061641,FEEDER CATTLE - CHICAGO MERCANTILE EXCHANGE ,97.1500015258789,-0.275053974484789,7007,1.3379404556229662,-2765,0.3254449756920728,0.04032323232323232,0.040661788100540885,-0.024843146540738714,0.016726711008513195,-0.07634010158687664
2006-11-21,25204,6333,7894,9407,2739,061641,FEEDER CATTLE - CHICAGO MERCANTILE EXCHANGE ,98.7750015258789,-0.26456118076495794,6668,-1.3307163886162905,-1561,4.726202158979391,0.02791042318458752,0.10458986434244746,0.016726711008513195,-0.00202485015992937,-0.08158677777267198
2006-11-28,26298,6464,7684,9971,3001,061641,FEEDER CATTLE - CHICAGO MERCANTILE EXCHANGE ,98.5749969482422,-0.26503916647653813,6970,1.1982225043643866,-1220,1.3529598476432312,0.06367560900400863,0.02410234662143059,-0.00202485015992937,-0.003804210110165185,-0.08672731539152502
2006-12-05,27444,6688,8052,10800,3974,061641,FEEDER CATTLE - CHICAGO MERCANTILE EXCHANGE ,98.1999969482422,-0.24872467570325024,6826,-0.5475701574264202,-1364,-0.5475701574264202,0.1219710301881684,0.04016282225237449,-0.003804210110165185,0.0022913045876589155,-0.09212878623373479
2006-12-12,29020,6581,7667,11953,5117,061641,FEEDER CATTLE - CHICAGO MERCANTILE EXCHANGE ,98.4250030517578,-0.23556168159889732,6836,0.03643783704999271,-1086,1.0129718699897974,0.13450497949619214,0.034531162268388545,0.0022913045876589155,0.005841980496966048,-0.0970434339567905
2006-12-19,28287,6803,7838,11517,4808,061641,FEEDER CATTLE - CHICAGO MERCANTILE EXCHANGE ,99.0,-0.23717608795559797,6709,-0.4376292212267402,-1035,0.17574086836664368,0.04563552833078101,0.02684242879584728,0.005841980496966048,-0.016919222745028217,-0.10192282691726576
2006-12-26,27245,6887,7753,11677,4972,061641,FEEDER CATTLE - CHICAGO MERCANTILE EXCHANGE ,97.3249969482422,-0.2461002018719031,6705,-0.01414077137907873,-866,0.5974475907660763,0.01946062826596192,0.011543715846994535,-0.016919222745028217,0.008990496043532747,-0.10714419646413373
2007-01-09,28093,7344,8166,12196,5441,061641,FEEDER CATTLE - CHICAGO MERCANTILE EXCHANGE ,98.1999969482422,-0.24045135798953476,6755,0.18351991191044228,-822,0.1614975224811892,0.05601859726710892,0.05609284332688588,0.008990496043532747,-0.03971480669739691,-0.11217817975331469
2007-01-16,29384,7722,8324,12681,5654,061641,FEEDER CATTLE - CHICAGO MERCANTILE EXCHANGE ,94.3000030517578,-0.23914375170160632,7027,0.9682127220303991,-602,0.7831132310539992,0.038069266430324517,0.03340396360463667,-0.03971480669739691,0.0015906033046688695,-0.11729143419025206
2007-01-23,30903,8652,8853,13295,6099,061641,FEEDER CATTLE - CHICAGO MERCANTILE EXCHANGE ,94.4499969482422,-0.23285765136070932,7196,0.5751429349305744,-201,1.3646882657228423,0.05460451686088481,0.08334761496715225,0.0015906033046688695,0.004235061289605824,-0.1220703290516956
2007-01-30,31174,9466,8868,13536,6375,061641,FEEDER CATTLE - CHICAGO MERCANTILE EXCHANGE ,94.8499984741211,-0.22971065631616092,7161,-0.11325761252952789,598,2.5855094974597934,0.025965546682738185,0.04521653758045162,0.004235061289605824,0.0440169016227967,-0.12678353018676305
2007-02-06,33872,10242,9381,14514,7102,061641,FEEDER CATTLE - CHICAGO MERCANTILE EXCHANGE ,99.0250015258789,-0.21882380727444498,7412,0.8051581446076859,861,0.8436517610829537,0.07887675795706883,0.0656882230036182,0.0440169016227967,0.017167350891662547,-0.13123420010717585
2007-02-13,35734,11561,8706,13341,7725,061641,FEEDER CATTLE - CHICAGO MERCANTILE EXCHANGE ,100.7249984741211,-0.1571612469916606,5616,-5.302314596126594,2855,5.886868209730751,0.08525586252729517,0.0983865396950708,0.017167350891662547,-0.010920809042292645,-0.13382495498868294
2007-02-20,35924,10810,7712,14164,8961,061641,FEEDER CATTLE - CHICAGO MERCANTILE EXCHANGE ,99.625,-0.14483353746798797,5203,-1.1557620193653104,3098,0.6800246264062237,0.08903783783783784,0.09421228808983911,-0.010920809042292645,0.02132998745294845,-0.1356188499451478
2007-02-27,36499,10148,7298,13685,8827,061641,FEEDER CATTLE - CHICAGO MERCANTILE EXCHANGE ,101.75,-0.1330995369736157,4858,-0.9603607616078388,2850,-0.6903462866050551,0.02722992181947406,0.06167602888914364,0.02132998745294845,0.01597051597051591,-0.136540984985958
2007-03-06,35846,10100,6251,13585,9418,061641,FEEDER CATTLE - CHICAGO MERCANTILE EXCHANGE ,103.375,-0.11624728003124477,4167,-1.8932025534946162,3849,2.737061289350393,0.03003956005738382,0.06696838113876827,0.01597051597051591,0.02200726989967494,-0.13722598118964566
2007-03-13,34341,9681,6194,13128,9585,061641,FEEDER CATTLE - CHICAGO MERCANTILE EXCHANGE ,105.6500015258789,-0.1031711365423255,3543,-1.740780003347654,3487,-1.0098755788651455,0.027473253203011493,0.029984251968503937,0.02200726989967494,-0.013724605363886644,-0.1376133036072652
2007-03-20,33877,9814,5539,13197,10042,061641,FEEDER CATTLE - CHICAGO MERCANTILE EXCHANGE ,104.1999969482422,-0.09313103285414884,3155,-1.129844791939664,4275,2.294633237238287,0.022634364645638796,0.0513254738487592,-0.013724605363886644,0.008637250981167854,-0.13770818268145482
2007-03-27,33711,9155,6112,13387,9812,061641,FEEDER CATTLE - CHICAGO MERCANTILE EXCHANGE ,105.0999984741211,-0.10604847082554655,3575,1.2397792012279718,3043,-3.636685656935384,0.01810422863054442,0.08069692801467217,0.008637250981167854,0.05209323076697503,-0.13726854381983158
2007-04-03,31623,9386,5123,12314,9933,061641,FEEDER CATTLE - CHICAGO MERCANTILE EXCHANGE ,110.5749969482422,-0.07529329918097587,2381,-3.541870606033639,4263,3.6189967666340364,0.0536701577740819,0.08408573988558826,0.05209323076697503,0.003391363421656024,-0.13644729301241357
2007-04-10,29968,9907,4375,11524,9897,061641,FEEDER CATTLE - CHICAGO MERCANTILE EXCHANGE ,110.9499969482422,-0.05429124399359317,1627,-2.3843405116529106,5532,4.0129020017076185,0.038560291302927034,0.08885310180646969,0.003391363421656024,-0.027940500760601616,-0.13510235656610015
2007-04-17,26875,8667,3568,10565,9138,061641,FEEDER CATTLE - CHICAGO MERCANTILE EXCHANGE ,107.8499984741211,-0.05309767441860465,1427,-0.6673785371062467,5099,-1.444874532835024,0.08719484342485916,0.1673069064160196,-0.027940500760601616,-0.006954103019110924,-0.13349078090215888
2007-04-24,26853,8965,3906,10245,8809,061641,FEEDER CATTLE - CHICAGO MERCANTILE EXCHANGE ,107.0999984741211,-0.05347633411536886,1436,0.03348837209302326,5059,-0.14883720930232558,0.03406108953500577,0.049413409991453654,-0.006954103019110924,0.02474324522534177,-0.1313881917047193
2007-05-01,24283,8918,3504,8705,7162,061641,FEEDER CATTLE - CHICAGO MERCANTILE EXCHANGE ,109.75,-0.06354239591483754,1543,0.3984657207760771,5414,1.322012438088854,0.20085712485031826,0.0361455482208984,0.02474324522534177,-0.012984082476153014,-0.12936892154717736
2007-05-08,22075,8051,3376,7885,6429,061641,FEEDER CATTLE - CHICAGO MERCANTILE EXCHANGE ,108.3249969482422,-0.06595696489241223,1456,-0.3582753366552732,4675,-3.0432813079108842,0.10849517954450189,0.08707447274000175,-0.012984082476153014,0.009462280680872182,-0.12757301118515632
2007-05-15,22694,8291,2596,7787,6352,061641,FEEDER CATTLE - CHICAGO MERCANTILE EXCHANGE ,109.3499984741211,-0.06323257248611967,1435,-0.09513023782559457,5695,4.620611551528879,0.012377112949996464,0.09368972168641498,0.009462280680872182,-0.0064014353727480655,-0.1258040197755401
2007-05-22,23430,9063,2947,7498,6583,061641,FEEDER CATTLE - CHICAGO MERCANTILE EXCHANGE ,108.6500015258789,-0.03905249679897567,915,-2.2913545430510265,6116,1.8551158896624658,0.03692919536964704,0.09350541215653622,-0.0064014353727480655,0.026691223977462597,-0.12287920495425667
2007-05-29,21006,8192,3115,6817,5855,061641,FEEDER CATTLE - CHICAGO MERCANTILE EXCHANGE ,111.5500030517578,-0.045796439112634486,962,0.2005975245411865,5077,-4.434485702091336,0.11119002525252525,0.09188997965861856,0.026691223977462597,-0.006051125354470943,-0.12060059849306146
2007-06-05,21007,7993,3786,7611,5342,061641,FEEDER CATTLE - CHICAGO MERCANTILE EXCHANGE ,110.875,-0.10801161517589375,2269,6.22203180043797,4207,-4.141673807483577,0.10090326565274454,0.073860259784362,-0.006051125354470943,-0.0248027057497181,-0.11940966435213017
2007-06-12,21730,7853,4825,8237,4853,061641,FEEDER CATTLE - CHICAGO MERCANTILE EXCHANGE ,108.125,-0.1557294063506673,3384,5.307754558004475,3028,-5.612414909315942,0.08517952635599695,0.09299574065309986,-0.0248027057497181,0.003005752122471339,-0.11916106339717343
2007-06-19,22011,7897,5532,8470,4472,061641,FEEDER CATTLE - CHICAGO MERCANTILE EXCHANGE ,108.4499969482422,-0.18163645450002272,3998,2.825586746433502,2365,-3.0510814542107685,0.047442435481378456,0.055923747114453796,0.003005752122471339,-0.0073766292750113704,-0.12041745006397989
2007-06-26,22777,7988,5700,8682,4337,061641,FEEDER CATTLE - CHICAGO MERCANTILE EXCHANGE ,107.6500015258789,-0.19076261140624315,4345,1.576484485030212,2288,-0.3498250874562719,0.026653352792073124,0.018921683226183518,-0.0073766292750113704,0.036228532007417824,-0.12222696559227403
2007-07-03,23510,7972,5473,7748,4104,061641,FEEDER CATTLE - CHICAGO MERCANTILE EXCHANGE ,111.5500030517578,-0.15499787324542746,3644,-3.077666066646178,2499,0.9263730956666814,0.09846439419507257,0.01807363332093715,0.036228532007417824,0.022187345642408873,-0.12390247213401016
2007-07-10,25557,9185,5008,7817,4541,061641,FEEDER CATTLE - CHICAGO MERCANTILE EXCHANGE ,114.0250015258789,-0.12818405916187345,3276,-1.5652913653764355,4177,7.137388345384943,0.04094513675351999,0.11822729514549425,0.022187345642408873,0.015785971482357608,-0.1252496694223647
2007-07-17,29180,11078,4993,8309,5823,061641,FEEDER CATTLE - CHICAGO MERCANTILE EXCHANGE ,115.8249969482422,-0.08519533927347499,2486,-3.09112963180342,6085,7.46566498415307,0.12553071044438155,0.11872316595109203,0.015785971482357608,0.0058277838941747095,-0.12623453736670776
2007-07-24,31124,11254,4851,8575,5888,061641,FEEDER CATTLE - CHICAGO MERCANTILE EXCHANGE ,116.5,-0.08633209099087522,2687,0.6888279643591501,6403,1.089787525702536,0.022885984927055243,0.019745420676808446,0.0058277838941747095,0.0072961242413827065,-0.1274618504676669
2007-07-31,32197,12339,5194,8651,6205,061641,FEEDER CATTLE - CHICAGO MERCANTILE EXCHANGE ,117.3499984741211,-0.07596981085194272,2446,-0.77432206657242,7145,2.384012337745791,0.026453957996768983,0.08144641533108994,0.0072961242413827065,-0.022368981969598245,-0.12904337355838819
2007-08-07,30165,12677,4948,7909,5767,061641,FEEDER CATTLE - CHICAGO MERCANTILE EXCHANGE ,114.7249984741211,-0.07100944803580309,2142,-0.944187346647203,7729,1.8138335869801534,0.08628253875402164,0.03313475177304964,-0.022368981969598245,0.00849857038212165,-0.13040226104059094
2007-08-14,28245,11234,4601,7983,5107,061641,FEEDER CATTLE - CHICAGO MERCANTILE EXCHANGE ,115.6999969482422,-0.10182333156310852,2876,2.433283606829107,6633,-3.6333499088347425,0.0560733384262796,0.11304073255446795,0.00849857038212165,0.0032411409670802804,-0.1321217445433684
2007-08-21,27522,11219,3769,7724,5120,061641,FEEDER CATTLE - CHICAGO MERCANTILE EXCHANGE ,116.0749969482422,-0.09461521691737519,2604,-0.9630023012922642,7450,2.892547353513896,0.02117720336343818,0.05651187616760075,0.0032411409670802804,0.01658413183173435,-0.13448662600342295
2007-08-28,29356,11879,3276,8130,5449,061641,FEEDER CATTLE - CHICAGO MERCANTILE EXCHANGE ,118.0,-0.09132715628832266,2681,0.2797761790567546,8603,4.189375772109585,0.0541276971794683,0.07608050148465853,0.01658413183173435,0.007627131575244972,-0.13702052983252444
2007-09-04,29769,12350,2795,7670,5964,061641,FEEDER CATTLE - CHICAGO MERCANTILE EXCHANGE ,118.9000015258789,-0.05730793778763143,1706,-3.3212971794522415,9555,3.2429486306036246,0.07151239548188353,0.06285902938263453,0.007627131575244972,-0.0031539108089781998,-0.13857618670737712
2007-09-11,30438,13083,2608,7895,6550,061641,FEEDER CATTLE - CHICAGO MERCANTILE EXCHANGE ,118.5250015258789,-0.044188185820356135,1345,-1.212670899257617,10475,3.090463233565118,0.05614399446175147,0.0586323370084762,-0.0031539108089781998,-0.021092596227085036,-0.13975616526016726
2007-09-18,28314,12558,3247,7299,5659,061641,FEEDER CATTLE - CHICAGO MERCANTILE EXCHANGE ,116.0250015258789,-0.057921876103694286,1640,0.969183257769893,9311,-3.824167159471713,0.11475536348201883,0.07364757987978487,-0.021092596227085036,-0.0017238058608608497,-0.14097000359064454
2007-09-25,28695,11867,3556,7958,5585,061641,FEEDER CATTLE - CHICAGO MERCANTILE EXCHANGE ,115.8249969482422,-0.08269733403031887,2373,2.5888253160980432,8311,-3.5318217136398955,0.0541239016466071,0.06483822861959411,-0.0017238058608608497,0.0008634241843346047,-0.14175651673884979
2007-10-02,26749,12719,3015,7144,5712,061641,FEEDER CATTLE - CHICAGO MERCANTILE EXCHANGE ,115.9250030517578,-0.053534711578002915,1432,-3.279316954173201,9704,4.8545042690364175,0.07319539514623521,0.08853438413626541,0.0008634241843346047,-0.023075289897240503,-0.14115180238367311
2007-10-09,26013,12722,3452,7257,5387,061641,FEEDER CATTLE - CHICAGO MERCANTILE EXCHANGE ,113.25,-0.07188713335639872,1870,1.6374443904445024,9270,-1.622490560394781,0.03464093641252768,0.027204154816371954,-0.023075289897240503,-0.0066225165562914245,-0.13997179622117678
2007-10-16,25741,11893,3325,7693,5276,061641,FEEDER CATTLE - CHICAGO MERCANTILE EXCHANGE ,112.5,-0.09389689600248631,2417,2.1027947564679197,8568,-2.6986506746626686,0.04217750019276737,0.06282034432908398,-0.0066225165562914245,-0.010222235785590228,-0.13883174034825413
2007-10-23,26275,12420,4279,7749,5191,061641,FEEDER CATTLE - CHICAGO MERCANTILE EXCHANGE ,111.3499984741211,-0.09735490009514748,2558,0.5477642671224894,8141,-1.6588322132007303,0.01089644513137558,0.08868794538595126,-0.010222235785590228,-0.012572981994285914,-0.13683334672625433
2007-10-30,25563,11482,4257,7537,5062,061641,FEEDER CATTLE - CHICAGO MERCANTILE EXCHANGE ,109.9499969482422,-0.09681962211008098,2475,-0.3158896289248335,7225,-3.4862036156041865,0.02706564013016906,0.06099498062138636,-0.012572981994285914,-0.015688936080035853,-0.13490043124497356
2007-11-06,26452,12096,4696,7516,5490,061641,FEEDER CATTLE - CHICAGO MERCANTILE EXCHANGE ,108.2249984741211,-0.07659156207470134,2026,-1.7564448617141963,7400,0.6845831866369362,0.03452252806397048,0.06270843258694617,-0.015688936080035853,0.006237034523213447,-0.1312804041813795
2007-11-13,26495,11878,4674,7884,5803,061641,FEEDER CATTLE - CHICAGO MERCANTILE EXCHANGE ,108.9000015258789,-0.07854312134364974,2081,0.20792378648117346,7204,-0.7409647663692727,0.04975524220062833,0.014499758337361043,0.006237034523213447,0.006198304985357561,-0.12763410673388348
2007-11-20,26123,13089,3998,7268,6592,061641,FEEDER CATTLE - CHICAGO MERCANTILE EXCHANGE ,109.5749969482422,-0.025877579144814915,676,-5.30288733723344,9091,7.1220985091526705,0.10137085137085138,0.1104348334991514,0.006198304985357561,0.009126169544612095,-0.12284225297734551
2007-11-27,27017,13483,3791,7378,7558,061641,FEEDER CATTLE - CHICAGO MERCANTILE EXCHANGE ,110.5749969482422,0.006662471777029278,-180,-3.2768058798759716,9692,2.3006545955671247,0.07204070701660417,0.034792173208289916,0.009126169544612095,-0.032330970354135125,-0.11762641350538422
2007-12-04,27605,13945,3795,7727,7600,061641,FEEDER CATTLE - CHICAGO MERCANTILE EXCHANGE ,107.0,-0.004600615830465496,127,1.136321575304438,10150,1.6952289299330052,0.02551053696091864,0.026268320180383314,-0.032330970354135125,-0.009579453512887026,-0.11261797983911359
2007-12-11,28488,14711,4716,7479,7152,061641,FEEDER CATTLE - CHICAGO MERCANTILE EXCHANGE ,105.9749984741211,-0.011478517270429655,327,0.7245064299945662,9995,-0.5614924832457888,0.04757022759893377,0.08683790600710352,-0.009579453512887026,-0.00778482623374277,-0.10805555371540551
2007-12-18,30562,15469,5142,8007,7219,061641,FEEDER CATTLE - CHICAGO MERCANTILE EXCHANGE ,105.1500015258789,-0.02578365290229697,788,1.6182252176354956,10327,1.1654029766919405,0.03907789307763037,0.057445053612148855,-0.00778482623374277,-0.04683787903270453,-0.10402136085585549
2008-01-08,34757,19708,7106,7627,6803,061641,FEEDER CATTLE - CHICAGO MERCANTILE EXCHANGE ,100.2249984741211,-0.023707454613459158,824,0.1177933381323212,12602,7.44388456252863,0.055162855162855164,0.23133437756395914,-0.04683787903270453,-0.024195514684786423,-0.09991619483004513
2008-01-15,37587,19167,7185,10267,8028,061641,FEEDER CATTLE - CHICAGO MERCANTILE EXCHANGE ,97.8000030517578,-0.0595684678213212,2239,4.071122363840377,11982,-1.7838133325661019,0.21125990707843673,0.02352762598664238,-0.024195514684786423,0.0025562371390488448,-0.09632904609830316
2008-01-22,38422,19688,7196,10402,8018,061641,FEEDER CATTLE - CHICAGO MERCANTILE EXCHANGE ,98.0500030517578,-0.062047785123106554,2384,0.38577167637747095,12492,1.3568521031207599,0.007871878393051032,0.01978872191638149,0.0025562371390488448,0.015298316708957094,-0.09289820815856416
2008-01-29,40457,20501,7921,10146,8489,061641,FEEDER CATTLE - CHICAGO MERCANTILE EXCHANGE ,99.5500030517578,-0.04095706552636132,1657,-1.892145125188694,12580,0.22903544844099735,0.039012610678830155,0.05411301104777989,0.015298316708957094,0.059768927833670604,-0.08908692573211716
2008-02-05,40356,20729,7772,9328,9021,061641,FEEDER CATTLE - CHICAGO MERCANTILE EXCHANGE ,105.5,-0.007607295073842799,307,-3.3368761895345678,12957,0.9318535729292828,0.07357349174341926,0.013227606048910564,0.059768927833670604,0.0023696682464455776,-0.08475518811121587
2008-02-12,40300,20540,7993,9529,9571,061641,FEEDER CATTLE - CHICAGO MERCANTILE EXCHANGE ,105.75,0.0010421836228287841,-42,-0.8648032510655169,12547,-1.015957974031123,0.03931937172774869,0.014369326744471314,0.0023696682464455776,-0.008037810629986653,-0.08031763349700453
2008-02-19,40634,21115,8293,9707,10141,061641,FEEDER CATTLE - CHICAGO MERCANTILE EXCHANGE ,104.9000015258789,0.010680710734852586,-434,-0.9727047146401985,12822,0.6823821339950372,0.037686416767432486,0.029753808487486398,-0.008037810629986653,-0.0011916110408174418,-0.07590408507374881
2008-02-26,39767,19914,8351,9784,9532,061641,FEEDER CATTLE - CHICAGO MERCANTILE EXCHANGE ,104.7750015258789,-0.0063369125154022175,252,1.6882413742186346,11563,-3.0983905104100016,0.03551459929592048,0.04454272067928534,-0.0011916110408174418,-0.029825816793027093,-0.07300361710305153
2008-03-04,39146,19726,9461,10343,9920,061641,FEEDER CATTLE - CHICAGO MERCANTILE EXCHANGE ,101.6500015258789,-0.010805701731977724,423,0.43000477783086477,10265,-3.2640128749968564,0.046735429107239795,0.04447185390756159,-0.029825816793027093,-0.018691603515570865,-0.07042615872351286
2008-03-11,38415,19838,10755,10322,9129,061641,FEEDER CATTLE - CHICAGO MERCANTILE EXCHANGE ,99.75,-0.03105557724847065,1193,1.9669953507382618,9083,-3.0194655903540593,0.041745925659349134,0.0459582257379139,-0.018691603515570865,-0.0030075493910556306,-0.0684637748826447
2008-03-18,38740,20583,11296,10079,8729,061641,FEEDER CATTLE - CHICAGO MERCANTILE EXCHANGE ,99.4499969482422,-0.03484770263293753,1350,0.40869452036964726,9287,0.5310425614994143,0.03418757975329647,0.04034003576021832,-0.0030075493910556306,0.036701876700695024,-0.06689839839421571
2008-03-25,37561,20592,10694,10086,9121,061641,FEEDER CATTLE - CHICAGO MERCANTILE EXCHANGE ,103.0999984741211,-0.02569154175873912,965,-0.9938048528652556,9898,1.5771812080536913,0.020773676263862135,0.01952950201368024,0.036701876700695024,-0.03855478693453962,-0.06540840618683905
2008-04-01,37833,20704,10965,10165,9320,061641,FEEDER CATTLE - CHICAGO MERCANTILE EXCHANGE ,99.125,-0.0223349985462427,845,-0.3194803120257714,9739,-0.42331141343414713,0.014267385168078009,0.012093845716631406,-0.03855478693453962,0.004539691785545585,-0.06404694398861009
2008-04-08,38310,19657,11514,11009,8378,061641,FEEDER CATTLE - CHICAGO MERCANTILE EXCHANGE ,99.5749969482422,-0.06867658574784652,2631,4.7207464382946105,8143,-4.218539370390928,0.09212358797132099,0.05120143723332585,0.004539691785545585,0.005774587951386856,-0.063328253890962
2008-04-15,37655,19150,10953,10571,8049,061641,FEEDER CATTLE - CHICAGO MERCANTILE EXCHANGE ,100.1500015258789,-0.06697649714513344,2522,-0.28452101279039416,8197,0.14095536413469067,0.041192266380236306,0.03547819154237119,0.005774587951386856,0.015476738879157903,-0.06316831539027273
2008-04-22,36651,17965,10466,10344,7987,061641,FEEDER CATTLE - CHICAGO MERCANTILE EXCHANGE ,101.6999969482422,-0.06430929579001937,2357,-0.438188819545877,7499,-1.8536714911698313,0.015765642900005455,0.05880904646336745,0.015476738879157903,0.035889888253747726,-0.06336097023251169
2008-04-29,33243,14736,8174,10137,7465,061641,FEEDER CATTLE - CHICAGO MERCANTILE EXCHANGE ,105.3499984741211,-0.08037782390277652,2672,0.8594581321109929,6562,-2.5565468882158737,0.041415748210430633,0.240986468790921,0.035889888253747726,0.001898477271319976,-0.06388558849182269
2008-05-06,31432,12303,8426,10911,6717,061641,FEEDER CATTLE - CHICAGO MERCANTILE EXCHANGE ,105.5500030517578,-0.1334308984474421,4194,4.578407484282406,3877,-8.07688836747586,0.0863399137735421,0.1295286796275749,0.001898477271319976,0.030317355336058505,-0.06542317626743949
2008-05-13,32437,11118,8612,11062,6116,061641,FEEDER CATTLE - CHICAGO MERCANTILE EXCHANGE ,108.75,-0.15248019237290747,4946,2.39246627640621,2506,-4.361796894884194,0.043776923972522995,0.06948808920425747,0.030317355336058505,-0.007586178834411039,-0.06713351850701775
2008-05-20,32702,11588,7119,10347,6692,061641,FEEDER CATTLE - CHICAGO MERCANTILE EXCHANGE ,107.9250030517578,-0.11176686441196257,3655,-3.9800228134537723,4469,6.051731047877424,0.07576735723927461,0.10493398193189715,-0.007586178834411039,0.06787117666079046,-0.06801447811316295
2008-05-27,31077,10463,5268,9679,6810,061641,FEEDER CATTLE - CHICAGO MERCANTILE EXCHANGE ,115.25,-0.09231907841812273,2869,-2.403522720322916,5195,2.2200477035043726,0.04766814239796228,0.18918059881762125,0.06787117666079046,-0.012798251402352245,-0.06857383399647071
2008-06-03,32023,9433,4963,10995,7571,061641,FEEDER CATTLE - CHICAGO MERCANTILE EXCHANGE ,113.7750015258789,-0.10692314898666583,3424,1.785886668597355,4470,-2.3329150175370854,0.11187116233976085,0.09273409280355654,-0.012798251402352245,-0.024610002322179136,-0.06987903884623398
2008-06-10,32266,9660,5287,10883,7142,061641,FEEDER CATTLE - CHICAGO MERCANTILE EXCHANGE ,110.9749984741211,-0.115942478150375,3741,0.9899134996721107,4373,-0.30290728538862693,0.03001386962552011,0.03686358466581923,-0.024610002322179136,-0.005857188869711649,-0.07122800113542128
2008-06-17,33023,8845,6051,11895,6552,061641,FEEDER CATTLE - CHICAGO MERCANTILE EXCHANGE ,110.3249969482422,-0.16179632377433908,5343,4.964978615260645,2794,-4.8936961507469166,0.08684338916897057,0.1060016111707841,-0.005857188869711649,0.028552020059032346,-0.07226232245462216
2008-06-24,32477,8572,5919,11238,6213,061641,FEEDER CATTLE - CHICAGO MERCANTILE EXCHANGE ,113.4749984741211,-0.15472488222434339,5025,-0.9629652060684977,2653,-0.4269751385398056,0.057074093175176206,0.02794838175419226,0.028552020059032346,-0.011456227713982026,-0.07224300468296209
2008-07-01,32631,8798,6526,11560,6832,061641,FEEDER CATTLE - CHICAGO MERCANTILE EXCHANGE ,112.1750030517578,-0.14489289326100946,4728,-0.9144933337438803,2272,-1.1731379129845736,0.051163549369290996,0.05435917515009136,-0.011456227713982026,-0.005794530940007925,-0.071536397736058
2008-07-08,32405,9499,7548,11701,7264,061641,FEEDER CATTLE - CHICAGO MERCANTILE EXCHANGE ,111.5250015258789,-0.13692331430334825,4437,-0.8917900156293096,1951,-0.9837271306426405,0.030213551278671237,0.10107350266909133,-0.005794530940007925,-0.0006725359929208308,-0.0705010266379254
2008-07-15,33531,9756,7824,11558,6803,061641,FEEDER CATTLE - CHICAGO MERCANTILE EXCHANGE ,111.4499969482422,-0.14180907220184308,4755,0.9813300416602376,1932,-0.058632927017435575,0.03289581177495779,0.03031854379977247,-0.0006725359929208308,0.02175866413781935,-0.0702473958486257
2008-07-22,34364,11056,7159,10073,6817,061641,FEEDER CATTLE - CHICAGO MERCANTILE EXCHANGE ,113.875,-0.09475032010243278,3256,-4.470489994333602,3897,5.8602487250603925,0.08875074008288929,0.10787812242657151,0.02175866413781935,-0.014050480563083112,-0.06960443932825183
2008-07-29,32461,11912,6893,8519,6909,061641,FEEDER CATTLE - CHICAGO MERCANTILE EXCHANGE ,112.2750015258789,-0.04959797911339762,1610,-4.789896403212665,5019,3.265044814340589,0.10668913663469018,0.059664982717362404,-0.014050480563083112,0.027388081999120795,-0.0689198747097888
2008-08-05,35329,12705,6465,10302,8159,061641,FEEDER CATTLE - CHICAGO MERCANTILE EXCHANGE ,115.3499984741211,-0.06065838263183221,2143,1.6419703644373247,6240,3.761436801084378,0.16429229185851255,0.06369327073552426,0.027388081999120795,-0.0017338270558110436,-0.06842614954903799
2008-08-12,34630,12370,5944,9232,8184,061641,FEEDER CATTLE - CHICAGO MERCANTILE EXCHANGE ,115.1500015258789,-0.03026277793820387,1048,-3.0994367233717344,6426,0.5264796626001302,0.06287322002756086,0.04674019875505078,-0.0017338270558110436,-0.0212766352164232,-0.0675471681468507
2008-08-19,33591,12389,6586,8901,7791,061641,FEEDER CATTLE - CHICAGO MERCANTILE EXCHANGE ,112.6999969482422,-0.03304456550861838,1110,0.17903551833670228,5803,-1.799018192318799,0.043374071411454586,0.034835309617918316,-0.0212766352164232,0.00288380289651613,-0.06681707425209714
2008-08-26,32905,11658,7605,8588,6776,061641,FEEDER CATTLE - CHICAGO MERCANTILE EXCHANGE ,113.0250015258789,-0.05506761890290229,1812,2.0898454943288383,4053,-5.209728796403799,0.08643582400416558,0.09084773918911904,0.00288380289651613,-0.011059499961287744,-0.06591792593170856
2008-09-02,30026,10312,8372,7380,4943,061641,FEEDER CATTLE - CHICAGO MERCANTILE EXCHANGE ,111.7750015258789,-0.08116299207353626,2437,1.8994073848959125,1940,-6.421516486856101,0.24677432443398523,0.1130914151145365,-0.011059499961287744,-0.008275580757148515,-0.06565922930009628
2008-09-09,27901,9430,8959,8000,4118,061641,FEEDER CATTLE - CHICAGO MERCANTILE EXCHANGE ,110.8499984741211,-0.1391347980359127,3882,4.812495836941317,471,-4.8924265636448405,0.1192440996864169,0.07988471368753058,-0.008275580757148515,-0.017591312359805156,-0.06657860702601147
2008-09-16,26824,9162,9915,8893,3348,061641,FEEDER CATTLE - CHICAGO MERCANTILE EXCHANGE ,108.9000015258789,-0.20671786459886668,5545,5.9603598437332,-753,-4.38693953621734,0.13585491381423087,0.06416103160874351,-0.017591312359805156,-0.011937585248324223,-0.06945187484930446
2008-09-23,26784,8386,10688,9719,3306,061641,FEEDER CATTLE - CHICAGO MERCANTILE EXCHANGE ,107.5999984741211,-0.23943399044205496,6413,3.2359081419624216,-2302,-5.774679391589621,0.06664107485604606,0.08121002411659851,-0.011937585248324223,-0.03345723536405931,-0.0732066018612602
2008-09-30,26313,8433,10911,9578,3140,061641,FEEDER CATTLE - CHICAGO MERCANTILE EXCHANGE ,104.0,-0.24466993501311138,6438,0.09333930704898447,-2478,-0.6571087216248507,0.024139015568485613,0.013957816377171216,-0.03345723536405931,-0.04615387549767114,-0.07679791068644129
2008-10-07,25088,7980,10231,9590,3165,061641,FEEDER CATTLE - CHICAGO MERCANTILE EXCHANGE ,99.1999969482422,-0.2560985331632653,6425,-0.04940523695511725,-2251,0.8626914452932011,0.0029008232065856525,0.06221514469276811,-0.04615387549767114,-0.020161290942816268,-0.08013254913130566
2008-10-14,23706,7640,9674,9517,3342,061641,FEEDER CATTLE - CHICAGO MERCANTILE EXCHANGE ,97.1999969482422,-0.260482578250232,6175,-0.9964923469387755,-2034,0.8649553571428572,0.019441636208103272,0.05180778560702322,-0.020161290942816268,0.02134778439079188,-0.08411231579807929
2008-10-21,22519,8072,9726,8793,3114,061641,FEEDER CATTLE - CHICAGO MERCANTILE EXCHANGE ,99.2750015258789,-0.25218704205337716,5679,-2.09229730869822,-1654,1.60296971230912,0.07995296884185774,0.027194066749072928,0.02134778439079188,-0.03752201880500683,-0.08757962173455966
2008-10-28,21109,8167,9170,7821,2789,061641,FEEDER CATTLE - CHICAGO MERCANTILE EXCHANGE ,95.5500030517578,-0.23838173291013312,5032,-2.873129357431502,-1003,2.890892135529997,0.12224316682375118,0.037549749091538326,-0.03752201880500683,0.05180530392616389,-0.09035817629047593
2008-11-04,19266,8104,7801,6691,2569,061641,FEEDER CATTLE - CHICAGO MERCANTILE EXCHANGE ,100.5,-0.21395203986297104,4122,-4.310957411530627,303,6.186934482921976,0.14578833693304535,0.09003458032065388,0.05180530392616389,-0.02288560250505267,-0.09260042897831869
2008-11-11,19020,7961,7320,6714,2910,061641,FEEDER CATTLE - CHICAGO MERCANTILE EXCHANGE ,98.1999969482422,-0.2,3804,-1.6505761445032698,641,1.7543859649122806,0.037822111388196175,0.04083502388587135,-0.02288560250505267,-0.02494905320143248,-0.09458466701466328
2008-11-18,19976,7629,7473,6936,3069,061641,FEEDER CATTLE - CHICAGO MERCANTILE EXCHANGE ,95.75,-0.1935822987585102,3867,0.3312302839116719,156,-2.5499474237644586,0.03808095952023988,0.032114951662031516,-0.02494905320143248,-0.04543079346340573,-0.09683448887396731
2008-11-25,19552,7082,7848,7241,2172,061641,FEEDER CATTLE - CHICAGO MERCANTILE EXCHANGE ,91.4000015258789,-0.2592573649754501,5069,6.017220664797757,-766,-4.615538646375651,0.12769573993413363,0.06175485599464166,-0.04543079346340573,-0.02625822194542715,-0.10030976278996347
2008-12-02,20290,7088,8018,7604,2540,061641,FEEDER CATTLE - CHICAGO MERCANTILE EXCHANGE ,89.0,-0.249581074420897,5064,-0.025572831423895256,-930,-0.8387888707037643,0.07206230283911672,0.011650999602806831,-0.02625822194542715,-0.027528055598226797,-0.10461175308373427
2008-12-09,21160,6917,7903,7727,2588,061641,FEEDER CATTLE - CHICAGO MERCANTILE EXCHANGE ,86.55000305175781,-0.24286389413988657,5139,0.3696402168555939,-986,-0.2759980285855101,0.016577799321376634,0.01929824561403509,-0.027528055598226797,0.05285958159361703,-0.10941033704367496
2008-12-16,20863,6790,8038,7507,2473,061641,FEEDER CATTLE - CHICAGO MERCANTILE EXCHANGE ,91.125,-0.24128840531083737,5034,-0.49621928166351603,-1248,-1.2381852551984878,0.03356713426853707,0.01766927434583221,0.05285958159361703,0.0312757034197102,-0.11396202530291287
2008-12-30,20379,7338,7083,7325,3493,061641,FEEDER CATTLE - CHICAGO MERCANTILE EXCHANGE ,93.9749984741211,-0.18803670445065998,3832,-5.761395772420074,255,7.2041413027848344,0.1111111111111111,0.1042230081131683,0.0312757034197102,0.022878441721613685,-0.11735737505637885
2009-01-06,20328,6721,6638,7678,4245,061641,FEEDER CATTLE - CHICAGO MERCANTILE EXCHANGE ,96.125,-0.16888036206218024,3433,-1.9578978360076549,83,-0.8440060846950292,0.09267801727753082,0.0794969683359533,0.022878441721613685,0.0023406863367603226,-0.12010923484791507
2009-01-13,20710,5914,7101,7957,3436,061641,FEEDER CATTLE - CHICAGO MERCANTILE EXCHANGE ,96.3499984741211,-0.2183003380009657,4521,5.352223534041716,-1187,-6.247540338449429,0.0954972351443869,0.09757971571263926,0.0023406863367603226,-0.03476905580876455,-0.1238514056822902
2009-01-20,21226,5820,7138,8369,3410,061641,FEEDER CATTLE - CHICAGO MERCANTILE EXCHANGE ,93.0,-0.2336285687364553,4959,2.1149203283437954,-1318,-0.6325446644133269,0.037184820443161556,0.01010958481247106,-0.03476905580876455,0.01182794058194725,-0.12719871531527355
2009-01-27,21379,5859,6755,8668,3811,061641,FEEDER CATTLE - CHICAGO MERCANTILE EXCHANGE ,94.0999984741211,-0.22718555591936013,4857,-0.48054273061339864,-896,1.9881277678319043,0.056094238320378235,0.03345489139051847,0.01182794058194725,-0.007173171448551452,-0.13037444167673995
2009-02-03,20976,5453,6582,8772,3869,061641,FEEDER CATTLE - CHICAGO MERCANTILE EXCHANGE ,93.4250030517578,-0.23374332570556827,4903,0.21516441367697273,-1129,-1.0898545301464053,0.012815441816312001,0.04810968009970918,-0.007173171448551452,0.024351017630944494,-0.1340818697571093
2009-02-10,22160,5644,4612,8153,4518,061641,FEEDER CATTLE - CHICAGO MERCANTILE EXCHANGE ,95.6999969482422,-0.16403429602888087,3635,-6.045003813882532,1032,10.302250190694126,0.10007102833241259,0.2107059282371295,0.024351017630944494,-0.0425809517052137,-0.13709008131393696
2009-02-17,21854,6086,3606,7231,5156,061641,FEEDER CATTLE - CHICAGO MERCANTILE EXCHANGE ,91.625,-0.09494829321863274,2075,-7.039711191335741,2480,6.534296028880866,0.12593848389440543,0.14940156830375567,-0.0425809517052137,-0.009549795361528002,-0.13893605202242662
2009-02-24,21786,6033,3985,6759,4073,061641,FEEDER CATTLE - CHICAGO MERCANTILE EXCHANGE ,90.75,-0.12329018635821169,2686,2.79582685091974,2048,-1.9767548274915347,0.14355612998522896,0.043122379716510284,-0.009549795361528002,0.013498605775439154,-0.14151241542806248
2009-03-03,22192,6160,4821,7205,3378,061641,FEEDER CATTLE - CHICAGO MERCANTILE EXCHANGE ,91.9749984741211,-0.1724495313626532,3827,5.237308363169007,1339,-3.2543835490682094,0.1078144193517906,0.08769693106274475,0.013498605775439154,-0.015493291068270576,-0.1447068888674327
2009-03-10,23783,6260,5035,7317,3909,061641,FEEDER CATTLE - CHICAGO MERCANTILE EXCHANGE ,90.5500030517578,-0.1432956313333053,3408,-1.8880677721701513,1225,-0.5136986301369862,0.05727774808480313,0.02779991146525011,-0.015493291068270576,0.022639374414946456,-0.14725477212899668
2009-03-17,23045,5462,4561,7495,4186,061641,FEEDER CATTLE - CHICAGO MERCANTILE EXCHANGE ,92.5999984741211,-0.14358863093946625,3309,-0.4162637177816087,901,-1.3623176218307194,0.03895214450817567,0.126908111343909,0.022639374414946456,0.015118807224064446,-0.149418869315362
2009-03-24,21637,5488,4555,6890,4146,061641,FEEDER CATTLE - CHICAGO MERCANTILE EXCHANGE ,94.0,-0.1268197994176642,2744,-2.451724886092428,933,0.1388587546105446,0.05844508880028996,0.003186298914666932,0.015118807224064446,-0.008776563279172311,-0.15118756348429901
2009-03-31,18676,3538,3585,6554,3374,061641,FEEDER CATTLE - CHICAGO MERCANTILE EXCHANGE ,93.1750030517578,-0.170272006853716,3180,2.0150667837500578,-47,-4.529278550630863,0.11160354552780016,0.40993963217745333,-0.008776563279172311,0.032734052293714955,-0.15396795704381783
2009-04-07,18575,3848,3622,7030,3546,061641,FEEDER CATTLE - CHICAGO MERCANTILE EXCHANGE ,96.2249984741211,-0.18756393001345895,3484,1.6277575497965304,226,1.461769115442279,0.06127080181543117,0.0464524765729585,0.032734052293714955,0.01922575737549792,-0.15714543649511042
2009-04-14,19151,5045,2852,6547,4325,061641,FEEDER CATTLE - CHICAGO MERCANTILE EXCHANGE ,98.0749969482422,-0.11602527283170591,2222,-6.794078061911171,2193,10.58950201884253,0.11607799852832966,0.24908192984677727,0.01922575737549792,0.014529728229406125,-0.15805598816980002
2009-04-21,19974,5490,2944,6298,5048,061641,FEEDER CATTLE - CHICAGO MERCANTILE EXCHANGE ,99.5,-0.06258135576249124,1250,-5.075452978956712,2546,1.8432457835099996,0.08566895822316235,0.06367085605880958,0.014529728229406125,-0.0015075530239085921,-0.15797146622013386
2009-04-28,20226,5697,3673,6526,5166,061641,FEEDER CATTLE - CHICAGO MERCANTILE EXCHANGE ,99.3499984741211,-0.06724018589933749,1360,0.5507159307099229,2024,-2.613397416641634,0.02959288402326377,0.09989327641408752,-0.0015075530239085921,-0.019375897855345436,-0.1580278294914669
2009-05-05,20311,5215,3567,7251,6085,061641,FEEDER CATTLE - CHICAGO MERCANTILE EXCHANGE ,97.4250030517578,-0.05740731623258333,1166,-0.9591614753287847,1648,-1.8589933748640364,0.1232753449310138,0.0669551355044409,-0.019375897855345436,0.019502117905759953,-0.15758608895934778
2009-05-12,21633,5651,3077,7629,7128,061641,FEEDER CATTLE - CHICAGO MERCANTILE EXCHANGE ,99.3249969482422,-0.023159062543336568,501,-3.274087932647334,2574,4.55910590320516,0.09629328454292878,0.10609532538955087,0.019502117905759953,-0.004782265177099676,-0.15546547673042266
2009-05-19,21903,6362,2558,7104,7570,061641,FEEDER CATTLE - CHICAGO MERCANTILE EXCHANGE ,98.8499984741211,0.02127562434369721,-466,-4.470022650580132,3804,5.6857578699209546,0.06589886874744445,0.13789237668161436,-0.004782265177099676,0.03768334376956317,-0.15212401871664183
2009-05-26,21935,7197,2034,6467,7813,061641,FEEDER CATTLE - CHICAGO MERCANTILE EXCHANGE ,102.5749969482422,0.061363118304080234,-1346,-4.017714468337671,5163,6.204629502807835,0.06162464985994398,0.14722131946701333,0.03768334376956317,-0.052644348595098256,-0.14879459597210254
2009-06-02,22440,7524,1838,6643,8302,061641,FEEDER CATTLE - CHICAGO MERCANTILE EXCHANGE ,97.1750030517578,0.07393048128342246,-1659,-1.426943241395031,5686,2.384317301116936,0.04449648711943794,0.05586413159581286,-0.052644348595098256,-0.00874716827189459,-0.14559748905476513
2009-06-09,21519,7012,4410,6016,5531,061641,FEEDER CATTLE - CHICAGO MERCANTILE EXCHANGE ,96.3249969482422,-0.02253822203633998,485,9.554367201426025,2602,-13.74331550802139,0.2942755694119685,0.2700052530204868,-0.00874716827189459,0.0023359056386629273,-0.1439747019980281
2009-06-16,22257,7498,5647,6295,5227,061641,FEEDER CATTLE - CHICAGO MERCANTILE EXCHANGE ,96.5500030517578,-0.04798490362582558,1068,2.7092337004507647,1851,-3.4899391235652213,0.05059885436556153,0.1310764549258273,0.0023359056386629273,0.03262551835234828,-0.14266782556486368
2009-06-23,23656,8234,5318,6129,6101,061641,FEEDER CATTLE - CHICAGO MERCANTILE EXCHANGE ,99.6999969482422,-0.0011836320595197836,28,-4.672687244462416,2916,4.785011457069686,0.08503679476696648,0.07858618654073199,0.03262551835234828,0.031344033055711096,-0.1395791199549633
2009-06-30,24143,9053,3426,5651,6744,061641,FEEDER CATTLE - CHICAGO MERCANTILE EXCHANGE ,102.8249969482422,0.045271921467920306,-1093,-4.738755495434562,5627,11.460094690564762,0.09043969342476806,0.2172449715522077,0.031344033055711096,-0.001701876270916669,-0.13573302757626593
2009-07-07,24802,9960,2450,5450,8532,061641,FEEDER CATTLE - CHICAGO MERCANTILE EXCHANGE ,102.6500015258789,0.12426417224417385,-3082,-8.238412790456861,7510,7.79936213395187,0.14225432699184665,0.1517324738114424,-0.001701876270916669,0.0046273596401393835,-0.1305569301627047
2009-07-14,25742,10667,2742,6145,8690,061641,FEEDER CATTLE - CHICAGO MERCANTILE EXCHANGE ,103.125,0.09886566700334085,-2545,2.165147971937747,7925,1.6732521570841061,0.05749915739804516,0.07450220001491535,0.0046273596401393835,0.00121212121212122,-0.1260225266760376
2009-07-21,27321,11092,2665,6422,9671,061641,FEEDER CATTLE - CHICAGO MERCANTILE EXCHANGE ,103.25,0.1189195124629406,-3249,-2.7348302385207055,8427,1.950120425763344,0.07817063319455664,0.03649051392018609,0.00121212121212122,-0.003874106788173459,-0.12100851543248409
2009-07-28,27165,10804,2840,5643,8993,061641,FEEDER CATTLE - CHICAGO MERCANTILE EXCHANGE ,102.8499984741211,0.1233204491073072,-3350,-0.3696790015006771,7964,-1.6946671058892426,0.09954905711943154,0.03393433010847259,-0.003874106788173459,-0.018473520214557615,-0.11681484679383523
2009-08-04,26172,10489,3173,5678,8228,061641,FEEDER CATTLE - CHICAGO MERCANTILE EXCHANGE ,100.9499969482422,0.09743237047226043,-2550,2.944965948831217,7316,-2.3854224185532855,0.057529124119085284,0.04743083003952569,-0.018473520214557615,-0.00841999504523916,-0.11398734007103413
2009-08-11,22833,8701,3181,5665,6588,061641,FEEDER CATTLE - CHICAGO MERCANTILE EXCHANGE ,100.0999984741211,0.04042394779485832,-923,6.216567323857557,5520,-6.8622955830658725,0.1349057373704399,0.15115300454468944,-0.00841999504523916,0.010489541136499358,-0.11204344910129006
2009-08-18,23479,7796,4397,6411,5764,061641,FEEDER CATTLE - CHICAGO MERCANTILE EXCHANGE ,101.1500015258789,-0.02755653988670727,647,6.876012788507861,3399,-9.289186703455526,0.12895277207392197,0.17395226769457886,0.010489541136499358,-0.011863614033952197,-0.11199140606183823
2009-08-25,23880,8353,5713,6872,5565,061641,FEEDER CATTLE - CHICAGO MERCANTILE EXCHANGE ,99.9499969482422,-0.0547319932998325,1307,2.8110226159546827,2640,-3.232676008347885,0.053067459998391894,0.13315796957201764,-0.011863614033952197,-0.02951472774701358,-0.11240847198090001
2009-09-01,25497,8645,7244,7998,5769,061641,FEEDER CATTLE - CHICAGO MERCANTILE EXCHANGE ,97.0,-0.08742204965290035,2229,3.8609715242881073,1401,-5.188442211055276,0.09660783031887847,0.11473346340235382,-0.02951472774701358,0.021134052079977206,-0.11303067257224614
2009-09-08,26656,8625,8331,7855,5614,061641,FEEDER CATTLE - CHICAGO MERCANTILE EXCHANGE ,99.0500030517578,-0.08407112845138055,2241,0.04706436051300153,294,-4.341687257324391,0.022124879352587425,0.06528662420382166,0.021134052079977206,-0.005047955422462058,-0.11308659827182005
2009-09-15,26304,9295,7501,7666,5888,061641,FEEDER CATTLE - CHICAGO MERCANTILE EXCHANGE ,98.5500030517578,-0.06759428223844283,1778,-1.7369447779111646,1794,5.627250900360145,0.03415965766563376,0.08930697785186949,-0.005047955422462058,-0.018264870583641124,-0.11171081912186873
2009-09-22,27320,9875,9279,8223,5819,061641,FEEDER CATTLE - CHICAGO MERCANTILE EXCHANGE ,96.75,-0.08799414348462664,2404,2.3798661800486616,596,-4.554440389294404,0.0445805440820396,0.12310744492012113,-0.018264870583641124,-0.009819089904312128,-0.10942767063890257
2009-09-29,26672,9338,9171,8407,5959,061641,FEEDER CATTLE - CHICAGO MERCANTILE EXCHANGE ,95.8000030517578,-0.09178164367126575,2448,0.16105417276720352,167,-1.5702781844802343,0.022553250730892385,0.034847911826678915,-0.009819089904312128,-0.03079336621777462,-0.106588202431772
2009-10-06,27347,9236,10137,8590,5205,061641,FEEDER CATTLE - CHICAGO MERCANTILE EXCHANGE ,92.8499984741211,-0.12377957362782023,3385,3.513047390521896,-901,-4.004199160167967,0.06792316056542226,0.055128271305425074,-0.03079336621777462,0.0021540611838830603,-0.10426338778974717
2009-10-13,27546,9542,10629,8139,4810,061641,FEEDER CATTLE - CHICAGO MERCANTILE EXCHANGE ,93.0500030517578,-0.12085239236186743,3329,-0.2047756609500128,-1087,-0.6801477310125424,0.06533323036527917,0.039561747062614644,0.0021540611838830603,0.012896259096033758,-0.10166250046664337
2009-10-20,26425,9913,10629,7750,4605,061641,FEEDER CATTLE - CHICAGO MERCANTILE EXCHANGE ,94.25,-0.11901608325449385,3145,-0.6679735714804328,-716,1.346838016408916,0.048077701335491704,0.018060558855028722,0.012896259096033758,-0.004244048019935387,-0.09894199094749458
2009-10-27,26538,11060,10536,6907,4498,061641,FEEDER CATTLE - CHICAGO MERCANTILE EXCHANGE ,93.8499984741211,-0.09077549174768257,2409,-2.7852412488174076,524,4.692526017029328,0.08329679964927664,0.05741804037784775,-0.004244048019935387,0.008790672254131104,-0.09583792267238504
2009-11-03,25741,11294,10322,7211,4720,061641,FEEDER CATTLE - CHICAGO MERCANTILE EXCHANGE ,94.6750030517578,-0.0967716871916398,2491,0.308990881000829,972,1.6881453010777,0.04408683262090353,0.02072538860103627,0.008790672254131104,-0.016107752592785185,-0.09311465256241402
2009-11-17,26328,12041,11815,6802,4583,061641,FEEDER CATTLE - CHICAGO MERCANTILE EXCHANGE ,93.1500015258789,-0.08428289273776968,2219,-1.0566800046618234,226,-2.8981003069033835,0.04795783926218709,0.09389671361502347,-0.016107752592785185,0.0008051202041188255,-0.09062101511769863
2009-11-24,26211,12079,12185,7350,4866,061641,FEEDER CATTLE - CHICAGO MERCANTILE EXCHANGE ,93.2249984741211,-0.09476937163786196,2484,1.0065329687025222,-106,-1.2610148890914616,0.06802554027504912,0.016815034619188922,0.0008051202041188255,0.0026816841415062687,-0.08859734918765749
2009-12-01,27976,12389,12929,8107,4598,061641,FEEDER CATTLE - CHICAGO MERCANTILE EXCHANGE ,93.4749984741211,-0.12542893909064912,3509,3.9105718972950285,-540,-1.655793369196139,0.08067689885871704,0.041630460541906944,0.0026816841415062687,-0.015244669116071807,-0.08728670765558323
2009-12-08,29437,11685,12713,8921,4758,061641,FEEDER CATTLE - CHICAGO MERCANTILE EXCHANGE ,92.0500030517578,-0.14142066107279955,4163,2.337718044037747,-1028,-1.7443523019731197,0.07120403538270341,0.037708008853184684,-0.015244669116071807,0.01059205259963858,-0.0850206171959169
2009-12-15,30639,10756,12738,10444,5018,061641,FEEDER CATTLE - CHICAGO MERCANTILE EXCHANGE ,93.0250015258789,-0.17709455269427854,5426,4.290518734925434,-1982,-3.240819376974556,0.11531496572241624,0.04060611219885928,0.01059205259963858,0.015049733973822255,-0.08362664562425115
2009-12-22,30267,9704,11749,11166,5400,061641,FEEDER CATTLE - CHICAGO MERCANTILE EXCHANGE ,94.4250030517578,-0.1905045098622262,5766,1.1096967916707465,-2045,-0.205620287868403,0.06664252082578775,0.09513820910828322,0.015049733973822255,0.005824679953272849,-0.0826197343881423
2009-12-29,30124,9701,10902,11234,5722,061641,FEEDER CATTLE - CHICAGO MERCANTILE EXCHANGE ,94.9749984741211,-0.18297702828309653,5512,-0.8391978061915618,-1201,2.788515544982985,0.02300070771408351,0.041256127748386155,0.005824679953272849,0.01658335986249959,-0.08149836175299344
2010-01-05,29612,10422,9412,10899,6418,061641,FEEDER CATTLE - CHICAGO MERCANTILE EXCHANGE ,96.5500030517578,-0.15132378765365392,4481,-3.4225202496348426,1010,7.339662727393441,0.059536871282554714,0.11147524452959565,0.01658335986249959,0.012946659352562673,-0.08079234412228178
2010-01-12,30465,11002,7706,10762,7362,061641,FEEDER CATTLE - CHICAGO MERCANTILE EXCHANGE ,97.8000030517578,-0.11160347940259314,3400,-3.6505470755099285,3296,7.719843306767526,0.05964467005076142,0.12219371391917896,0.012946659352562673,0.004601195646221523,-0.0796908656095974
2010-01-19,31648,11857,7561,11110,8775,061641,FEEDER CATTLE - CHICAGO MERCANTILE EXCHANGE ,98.25,-0.07378033367037412,2335,-3.4958148695224027,4296,3.282455276546857,0.08855921548906211,0.051498609537542483,0.004601195646221523,-0.016284971746779564,-0.07691163475708604
2010-01-26,34630,13206,6629,10963,9785,061641,FEEDER CATTLE - CHICAGO MERCANTILE EXCHANGE ,96.6500015258789,-0.03401674848397343,1178,-3.6558392315470174,6577,7.207406471183013,0.05576441102756892,0.11499873960171414,-0.016284971746779564,0.005949269934447221,-0.07307294590607677
2010-02-02,32378,12616,5278,10115,9142,061641,FEEDER CATTLE - CHICAGO MERCANTILE EXCHANGE ,97.2249984741211,-0.030051269380443512,973,-0.5919722783713544,7338,2.1975166041004908,0.07742639040348964,0.10847211355761707,0.005949269934447221,0.028284906589450598,-0.06928190193417452
2010-02-09,30254,12951,5351,9402,9060,061641,FEEDER CATTLE - CHICAGO MERCANTILE EXCHANGE ,99.9749984741211,-0.011304290341772988,342,-1.9488541602322564,7600,0.8091914262771017,0.04306142346441339,0.022292645612501365,0.028284906589450598,0.01150289115709846,-0.06500422817717846
2010-02-16,33245,13639,5307,10476,10240,061641,FEEDER CATTLE - CHICAGO MERCANTILE EXCHANGE ,101.125,-0.007098811851406227,236,-0.35036689363389967,8332,2.4195147749057977,0.10880478856922186,0.03863612372004645,0.01150289115709846,0.00024723387766534266,-0.061986238096842415
2010-02-23,36164,14834,5390,10860,11636,061641,FEEDER CATTLE - CHICAGO MERCANTILE EXCHANGE ,101.1500015258789,0.02145780334033846,-776,-3.044066776958941,9444,3.3448638893066622,0.07912517780938834,0.06319224683544304,0.00024723387766534266,0.012110711375596717,-0.0597476593168622
2010-03-02,37563,15683,5316,10847,12007,061641,FEEDER CATTLE - CHICAGO MERCANTILE EXCHANGE ,102.375,0.03088145249314485,-1160,-1.0618294436456144,10367,2.5522619179294326,0.01680231031766868,0.04395447402257251,0.012110711375596717,-0.00024421514900030417,-0.056782820108182266
2010-03-09,38582,17226,5215,9554,10992,061641,FEEDER CATTLE - CHICAGO MERCANTILE EXCHANGE ,102.3499984741211,0.03727126639365507,-1438,-0.740089982163299,12011,4.376647232649149,0.1123333008858172,0.0732587674346063,-0.00024421514900030417,0.005862222599571476,-0.05274972784363788
2010-03-16,39043,18739,4869,9334,12013,061641,FEEDER CATTLE - CHICAGO MERCANTILE EXCHANGE ,102.9499969482422,0.06861665343339395,-2679,-3.216525841065782,13870,4.818309056036494,0.05813463250105401,0.07874449339207049,0.005862222599571476,0.02355515418788179,-0.048674491598124425
2010-03-23,41713,20945,6263,9278,12149,061641,FEEDER CATTLE - CHICAGO MERCANTILE EXCHANGE ,105.375,0.06882746386018747,-2871,-0.4917654893322747,14682,2.0797582153010783,0.00896065711485509,0.13231402528668038,0.02355515418788179,0.031791207346344885,-0.044589566698131085
2010-03-30,40985,21554,6819,9034,11951,061641,FEEDER CATTLE - CHICAGO MERCANTILE EXCHANGE ,108.7249984741211,0.07117238013907527,-2917,-0.11027737156282215,14735,0.12705871071368638,0.021062663807481535,0.04106016283086032,0.031791207346344885,0.031961356844242506,-0.0407820247835784
2010-04-06,42740,22873,7664,9293,11558,061641,FEEDER CATTLE - CHICAGO MERCANTILE EXCHANGE ,112.1999969482422,0.052994852597098734,-2265,1.5908259119189947,15209,1.1565206782969377,0.031269483478010646,0.07086485247404788,0.031961356844242506,0.00980397623382312,-0.0364884313326012
2010-04-13,43097,23230,6984,9622,12381,061641,FEEDER CATTLE - CHICAGO MERCANTILE EXCHANGE ,113.3000030517578,0.06401837714922153,-2759,-1.1558259241927935,16246,2.4262985493682736,0.05235649684133982,0.0343218375587476,0.00980397623382312,-0.01456311987145431,-0.03165031004101119
2010-04-20,43466,23699,7154,10372,12900,061641,FEEDER CATTLE - CHICAGO MERCANTILE EXCHANGE ,111.6500015258789,0.058160401233147745,-2528,0.53600018562777,16545,0.6937837900549922,0.05452904778274321,0.020711113992156353,-0.01456311987145431,0.01388262786547334,-0.028300585539764
2010-04-27,44845,23935,6250,10924,13819,061641,FEEDER CATTLE - CHICAGO MERCANTILE EXCHANGE ,113.1999969482422,0.0645556918274055,-2895,-0.8443381033451434,17685,2.622739612570745,0.059451157903245365,0.037767102865661754,0.01388262786547334,0.001987686480402262,-0.02585564231688137
2010-05-04,44244,23544,6527,11111,13192,061641,FEEDER CATTLE - CHICAGO MERCANTILE EXCHANGE ,113.4250030517578,0.047034626163999636,-2081,1.8151410413647004,17017,-1.4895752034786487,0.03349380734888697,0.022214093312493764,0.001987686480402262,-0.01168176805807164,-0.023658049777201814
2010-05-11,41830,21329,6007,11335,11933,061641,FEEDER CATTLE - CHICAGO MERCANTILE EXCHANGE ,112.0999984741211,0.014295959837437247,-598,3.3518669198083355,15322,-3.8310279359913206,0.0637356025442668,0.100051214515657,-0.01168176805807164,-0.020963412186518537,-0.02227914062200911
2010-05-18,38797,19703,6293,10350,9824,061641,FEEDER CATTLE - CHICAGO MERCANTILE EXCHANGE ,109.75,-0.013557749310513699,526,2.6870666985417166,13410,-4.570882142003347,0.15336571825121442,0.07354977688875211,-0.020963412186518537,-0.015945330296127547,-0.022094499982916363
2010-05-25,34838,15487,5162,9658,8200,061641,FEEDER CATTLE - CHICAGO MERCANTILE EXCHANGE ,108.0,-0.041850852517366095,1458,2.4022475964636443,10325,-7.951645745805087,0.12968977489080524,0.2589471645115986,-0.015945330296127547,0.013657393278899033,-0.023308470691782966
2010-06-01,32500,14815,6379,9575,7359,061641,FEEDER CATTLE - CHICAGO MERCANTILE EXCHANGE ,109.4749984741211,-0.06818461538461539,2216,2.175785062288306,8436,-5.422240082668351,0.05456478091413724,0.08912899877323771,0.013657393278899033,-0.005709066076376779,-0.02579977326271942
2010-06-08,32539,14255,6800,10105,7104,061641,FEEDER CATTLE - CHICAGO MERCANTILE EXCHANGE ,108.8499984741211,-0.09222778819263039,3001,2.4153846153846152,7455,-3.0184615384615388,0.045615666221163344,0.04659225837093327,-0.005709066076376779,0.019522278638388846,-0.02899512459879736
2010-06-15,33485,14155,6590,10509,7114,061641,FEEDER CATTLE - CHICAGO MERCANTILE EXCHANGE ,110.9749984741211,-0.10138868149917873,3395,1.2108546667076432,7565,0.3380558714158394,0.023492027464109402,0.014943359845745963,0.019522278638388846,0.00765936909942222,-0.030511479588467335
2010-06-22,35085,13879,6942,11322,7852,061641,FEEDER CATTLE - CHICAGO MERCANTILE EXCHANGE ,111.8249969482422,-0.09890266495653413,3470,0.22398088696431237,6937,-1.8754666268478424,0.08089078961093146,0.030161855818644636,0.00765936909942222,0.009389698908230493,-0.03149066730636557
2010-06-29,36920,14767,7175,12106,8764,061641,FEEDER CATTLE - CHICAGO MERCANTILE EXCHANGE ,112.875,-0.09052004333694474,3342,-0.3648282741912498,7592,1.866894684338036,0.08126497364638237,0.05108923525658554,0.009389698908230493,0.005758596021075535,-0.03320867521554682
2010-07-06,37298,14955,7323,12370,9193,061641,FEEDER CATTLE - CHICAGO MERCANTILE EXCHANGE ,113.5250015258789,-0.08517882996407314,3177,-0.44691224268689056,7632,0.10834236186348861,0.032138385196865,0.015082143819014274,0.005758596021075535,0.0008808497932351056,-0.035717343512315924
2010-07-13,38846,16089,7102,12438,10099,061641,FEEDER CATTLE - CHICAGO MERCANTILE EXCHANGE ,113.625,-0.060212119651959016,2339,-2.246769263767494,8987,3.6329025685023324,0.043217819585570395,0.05842783838558061,0.0008808497932351056,0.00748073464573018,-0.03926496451031848
2010-07-20,37244,16046,7172,11156,9440,061641,FEEDER CATTLE - CHICAGO MERCANTILE EXCHANGE ,114.4749984741211,-0.046074535495650305,1716,-1.6037687277969417,8874,-0.2908922411573907,0.09424160031073996,0.004866913601516065,0.00748073464573018,0.0037126277128005647,-0.04205227609683755
2010-07-27,37257,15707,7280,11237,8393,061641,FEEDER CATTLE - CHICAGO MERCANTILE EXCHANGE ,114.9000015258789,-0.07633464852242532,2844,3.028675759853936,8427,-1.2001933197293524,0.05746306673458992,0.01944577369817723,0.0037126277128005647,-0.01653613142425392,-0.04580716380809458
2010-08-03,37585,14632,7034,11784,8020,061641,FEEDER CATTLE - CHICAGO MERCANTILE EXCHANGE ,113.0,-0.1001463349740588,3764,2.4693346216818313,7598,-2.2250852188850416,0.04645526156332054,0.060971106803286254,-0.01653613142425392,-0.007743362831858391,-0.05010460196350546
2010-08-10,33697,12137,7025,11165,6464,061641,FEEDER CATTLE - CHICAGO MERCANTILE EXCHANGE ,112.125,-0.13950796806837404,4701,2.4930158307835573,5112,-6.614340827457762,0.12337625503431845,0.13067529485439933,-0.007743362831858391,0.010033444816053505,-0.05466114693544074
2010-08-17,32276,11839,6739,10865,6500,061641,FEEDER CATTLE - CHICAGO MERCANTILE EXCHANGE ,113.25,-0.13523980666749288,4365,-0.997121405466362,5100,-0.03561147876665578,0.01934926576446876,0.031435030681451176,0.010033444816053505,0.011920516327780017,-0.05803929605971673
2010-08-24,37306,15280,7529,10503,7098,061641,FEEDER CATTLE - CHICAGO MERCANTILE EXCHANGE ,114.5999984741211,-0.09127218141853857,3405,-2.974346263477506,7751,8.213533275498824,0.05454235554798023,0.18549695295716603,0.011920516327780017,-0.004363001803293298,-0.059264596858405794
2010-08-31,37347,16074,7391,10160,7749,061641,FEEDER CATTLE - CHICAGO MERCANTILE EXCHANGE ,114.0999984741211,-0.06455672477039655,2411,-2.6644507585911112,8683,2.4982576529244627,0.055502819811268075,0.03971873002343917,-0.004363001803293298,-0.01906218625284739,-0.05945353400207049
2010-09-07,35157,14922,7140,10064,7049,061641,FEEDER CATTLE - CHICAGO MERCANTILE EXCHANGE ,111.9250030517578,-0.08575817049236283,3015,1.6172651083085656,7782,-2.412509706268241,0.04651434581896804,0.06359350920134167,-0.01906218625284739,0.0020102610496874895,-0.0594215363259063
2010-09-14,34646,14263,7565,9865,6549,061641,FEEDER CATTLE - CHICAGO MERCANTILE EXCHANGE ,112.1500015258789,-0.09571090457772903,3316,0.8561595130414995,6698,-3.0833120004551016,0.04258559766053369,0.04966098588968298,0.0020102610496874895,-0.014712452103695872,-0.05964537817448993
2010-09-21,34612,13222,7249,10821,6143,061641,FEEDER CATTLE - CHICAGO MERCANTILE EXCHANGE ,110.5,-0.13515543742054778,4678,3.9311897477342264,5973,-2.0925936616059575,0.08028766800282952,0.06628889648771433,-0.014712452103695872,-0.004524886877828038,-0.06094463115876118
2010-09-28,30943,11451,6958,10331,5200,061641,FEEDER CATTLE - CHICAGO MERCANTILE EXCHANGE ,110.0,-0.16582102575703714,5131,1.3087946376979083,4493,-4.2759736507569635,0.09226707874573434,0.11201042968113423,-0.004524886877828038,-0.004090881347656339,-0.06244130197169214
2010-10-05,30272,11961,7220,10115,5654,061641,FEEDER CATTLE - CHICAGO MERCANTILE EXCHANGE ,109.5500030517578,-0.14736390063424948,4461,-2.1652716284781692,4741,0.8014736774068448,0.04248842665990234,0.04024816224388718,-0.004090881347656339,-0.018941164033161706,-0.0635101915286726
2010-10-12,29050,10499,9043,10068,4322,061641,FEEDER CATTLE - CHICAGO MERCANTILE EXCHANGE ,107.4749984741211,-0.19779690189328744,5746,4.244846723044398,1456,-10.851612050739957,0.09583043780403058,0.16809947804728279,-0.018941164033161706,0.02000466672624901,-0.0649336016876239
2010-10-19,30039,9974,9660,11347,4344,061641,FEEDER CATTLE - CHICAGO MERCANTILE EXCHANGE ,109.625,-0.23313026399014614,7003,4.327022375215146,314,-3.931153184165232,0.08291377222611689,0.05816440867882245,0.02000466672624901,0.015279389297676582,-0.06709279152662925
2010-10-26,29401,9823,9648,11549,4449,061641,FEEDER CATTLE - CHICAGO MERCANTILE EXCHANGE ,111.3000030517578,-0.24148838474881806,7100,0.32291354572389225,175,-0.4627317820167116,0.019189898737342167,0.008371424169277386,0.015279389297676582,0.002246181429875982,-0.06944802809382779
2010-11-02,25826,8365,7129,9914,4483,061641,FEEDER CATTLE - CHICAGO MERCANTILE EXCHANGE ,111.5500030517578,-0.21029195384496244,5431,-5.676677664025033,1236,3.6087207918098025,0.11592692922136556,0.25668000516328904,0.002246181429875982,0.0031375926897887485,-0.07174642159569856
2010-11-09,26901,8803,7131,10095,4369,061641,FEEDER CATTLE - CHICAGO MERCANTILE EXCHANGE ,111.9000015258789,-0.2128545407233932,5726,1.1422597382482769,1672,1.6882211724618603,0.02039546460176991,0.027613907367892557,0.0031375926897887485,0.002234137592412644,-0.07397878416361689
2010-11-16,29189,10402,6927,9824,4855,061641,FEEDER CATTLE - CHICAGO MERCANTILE EXCHANGE ,112.1500015258789,-0.17023536263660968,4969,-2.8140217835768184,3475,6.702353072376492,0.051570270454390624,0.1040452420797507,0.002234137592412644,0.05060183098663429,-0.07563171627705613
2010-11-23,32377,12281,6853,9666,5733,061641,FEEDER CATTLE - CHICAGO MERCANTILE EXCHANGE ,117.8249969482422,-0.12147512122803225,3933,-3.5492822638665253,5428,6.69087670012676,0.06727709591531918,0.10206961429915334,0.05060183098663429,0.011457722372007595,-0.0761452883845594
2010-11-30,37221,15556,6899,9135,6488,061641,FEEDER CATTLE - CHICAGO MERCANTILE EXCHANGE ,119.1750030517578,-0.07111576798044116,2647,-3.971955400438583,8657,9.973129073107453,0.08231453626064136,0.14789579158316632,0.011457722372007595,-0.016362530125464403,-0.07510080432474771
2010-12-07,38400,16676,6637,9198,6816,061641,FEEDER CATTLE - CHICAGO MERCANTILE EXCHANGE ,117.2249984741211,-0.06203125,2382,-0.7119636764192256,10039,3.7129577389108297,0.024416135881104035,0.0592802299146399,-0.016362530125464403,0.006184674630481224,-0.07357408488104003
2010-12-14,40066,17438,6899,10139,7968,061641,FEEDER CATTLE - CHICAGO MERCANTILE EXCHANGE ,117.9499969482422,-0.05418559377027904,2171,-0.5494791666666667,10539,1.3020833333333335,0.11559065554757829,0.04207585158400789,0.006184674630481224,0.028825787315372775,-0.0712104510555785
2010-12-21,43851,18764,7151,10983,8636,061641,FEEDER CATTLE - CHICAGO MERCANTILE EXCHANGE ,121.3499984741211,-0.053522154568880986,2347,0.43927519592672093,11613,2.6805770478710125,0.07706814822366073,0.06089137565116728,0.028825787315372775,-0.0053564197284889925,-0.06857617499224494
2010-12-28,47185,19440,6978,12101,9567,061641,FEEDER CATTLE - CHICAGO MERCANTILE EXCHANGE ,120.6999969482422,-0.05370350747059447,2534,0.4264440947754898,12462,1.9361017992748168,0.09456341148237031,0.03213717919600272,-0.0053564197284889925,0.0024855265894201395,-0.06609014574585066
2011-01-04,49136,20460,6550,12068,10746,061641,FEEDER CATTLE - CHICAGO MERCANTILE EXCHANGE ,121.0,-0.02690491696515793,1322,-2.5686129066440606,13910,3.068771855462541,0.05312527395458929,0.053609774157719364,0.0024855265894201395,0.02024790866315862,-0.06369747515568729
2011-01-11,50673,21611,6592,12081,11725,061641,FEEDER CATTLE - CHICAGO MERCANTILE EXCHANGE ,123.4499969482422,-0.007025437609772462,356,-1.965971996092478,15019,2.257000976880495,0.04167016718474334,0.042300464489593306,0.02024790866315862,0.031186765481490797,-0.06168635896736381
2011-01-18,53444,22434,7224,12517,12482,061641,FEEDER CATTLE - CHICAGO MERCANTILE EXCHANGE ,127.3000030517578,-0.0006548911009654966,35,-0.6334734473980227,15210,0.37692656838947763,0.04772190887635505,0.04905927574347562,0.031186765481490797,-0.010408519606224798,-0.06028010045641364
2011-01-25,53897,22715,6936,12393,13683,061641,FEEDER CATTLE - CHICAGO MERCANTILE EXCHANGE ,125.9749984741211,0.023934541811232536,-1290,-2.479230596512237,15779,1.0646658184267643,0.0508130081300813,0.01918990927793329,-0.010408519606224798,0.011907124573675931,-0.059165652566121225
2011-02-01,52705,21043,6288,13118,13949,061641,FEEDER CATTLE - CHICAGO MERCANTILE EXCHANGE ,127.4749984741211,0.015767005027985958,-831,0.8516243946787392,14755,-1.8999202181939627,0.03661284959544833,0.0848852950861659,0.011907124573675931,-0.025299066583443053,-0.05828453190442066
2011-02-08,50448,19846,5713,14631,13916,061641,FEEDER CATTLE - CHICAGO MERCANTILE EXCHANGE ,124.25,-0.01417300983190612,715,2.9333080352907692,14133,-1.1801536856085761,0.054156303639611866,0.0693297859853672,-0.025299066583443053,0.0344063895089286,-0.058339699586923206
2011-02-15,49716,20104,5355,14584,13707,061641,FEEDER CATTLE - CHICAGO MERCANTILE EXCHANGE ,128.52499389648438,-0.017640196315069596,877,0.3211227402473834,14749,1.2210593085949888,0.009048814110494503,0.024195765740995325,0.0344063895089286,0.005251920512063801,-0.058542418518916735
2011-02-22,51176,20305,5288,15044,13880,061641,FEEDER CATTLE - CHICAGO MERCANTILE EXCHANGE ,129.1999969482422,-0.022745036735969986,1164,0.5772789444042159,15017,0.5390618714297208,0.021884939842345456,0.010471613331770406,0.005251920512063801,-0.002322005099411828,-0.05939247313576883
2011-03-01,50018,20594,5519,15251,13917,061641,FEEDER CATTLE - CHICAGO MERCANTILE EXCHANGE ,128.89999389648438,-0.026670398656483667,1334,0.33218696263873687,15075,0.11333437548851023,0.008365331870543061,0.01991345306935243,-0.002322005099411828,0.017649412435972955,-0.06049923950403091
2011-03-08,48448,20595,5919,14778,13581,061641,FEEDER CATTLE - CHICAGO MERCANTILE EXCHANGE ,131.1750030517578,-0.024706902245706736,1197,-0.2739013954976209,14676,-0.7977128233835818,0.028527098980923163,0.015124085388851172,0.017649412435972955,-0.024966658659704266,-0.061691127362480176
2011-03-15,45701,19909,4447,13271,13183,061641,FEEDER CATTLE - CHICAGO MERCANTILE EXCHANGE ,127.9000015258789,-0.0019255596157633312,88,-2.289052179656539,15462,1.6223579920739761,0.07201179405760944,0.08860239776646411,-0.024966658659704266,0.016419065278089118,-0.06304770838265629
2011-03-22,41194,17708,4203,11986,11761,061641,FEEDER CATTLE - CHICAGO MERCANTILE EXCHANGE ,130.0,-0.005461960479681507,225,0.2997746219995186,13505,-4.282182009146409,0.11399334652798249,0.1115877869563233,0.016419065278089118,0.020769207294170755,-0.064476351158423
2011-03-29,42997,19575,4695,11474,11765,061641,FEEDER CATTLE - CHICAGO MERCANTILE EXCHANGE ,132.6999969482422,0.0067679140405144545,-291,-1.2526096033402923,14880,3.337864737583143,0.0222040535307027,0.09719818706221672,0.020769207294170755,0.03315756787085378,-0.06571489858339531
2011-04-05,43148,20770,4714,11807,11626,061641,FEEDER CATTLE - CHICAGO MERCANTILE EXCHANGE ,137.10000610351562,-0.004194864188374896,181,1.0977510058841315,16056,2.7350745400841916,0.020142534033201043,0.04763773347983048,0.03315756787085378,-0.038657934469792155,-0.06681470082926981
2011-04-12,42891,20560,4893,12244,11852,061641,FEEDER CATTLE - CHICAGO MERCANTILE EXCHANGE ,131.8000030517578,-0.009139446503928563,392,0.48901455455641046,15667,-0.901548159822008,0.027514940239043825,0.015283070757867442,-0.038657934469792155,0.007966639054973967,-0.06822158205336885
2011-04-19,41805,20059,5487,11487,11282,061641,FEEDER CATTLE - CHICAGO MERCANTILE EXCHANGE ,132.85000610351562,-0.004903719650759478,205,-0.43598890210067376,14572,-2.5529831433167796,0.0582809960911766,0.0428638534408518,0.007966639054973967,-0.03086191881934075,-0.0694343536088286
2011-04-26,40870,19970,5162,11352,10735,061641,FEEDER CATTLE - CHICAGO MERCANTILE EXCHANGE ,128.75,-0.01509664790800098,617,0.9855280468843439,14808,0.5645257744288961,0.030877891972653598,0.016473022441508833,-0.03086191881934075,0.0044659957145023466,-0.07096612937297103
2011-05-03,41853,19625,5849,12498,10948,061641,FEEDER CATTLE - CHICAGO MERCANTILE EXCHANGE ,129.3249969482422,-0.03703438224261104,1550,2.2828480548079275,13776,-2.525079520430634,0.057962978759703146,0.04051189448064693,0.0044659957145023466,-0.009665571463344125,-0.07258284107309818
2011-05-10,38933,16846,4665,12289,9662,061641,FEEDER CATTLE - CHICAGO MERCANTILE EXCHANGE ,128.0749969482422,-0.06747489276449285,2627,2.573292237115619,12181,-3.8109573985138456,0.06810623661792173,0.18423132350890242,-0.009665571463344125,-0.003318332480890307,-0.07415535746928913
2011-05-17,38128,17002,4965,11551,9030,061641,FEEDER CATTLE - CHICAGO MERCANTILE EXCHANGE ,127.6500015258789,-0.06611938732689887,2521,-0.27226260498805643,12037,-0.3698661803611332,0.06656625042514941,0.020758410342786908,-0.003318332480890307,-0.028985542760738503,-0.07516615820037345
2011-05-24,36029,14759,5400,10914,8171,061641,FEEDER CATTLE - CHICAGO MERCANTILE EXCHANGE ,123.9499969482422,-0.07613311499070194,2743,0.5822492656315569,9359,-7.0237096097356275,0.07838616714697406,0.1328438910660251,-0.028985542760738503,0.0034288266415631874,-0.07582543247870685
2011-05-31,34259,12985,6048,11643,7605,061641,FEEDER CATTLE - CHICAGO MERCANTILE EXCHANGE ,124.375,-0.11786683791120582,4038,3.5943267923061977,6937,-6.722362541286186,0.06727971737323359,0.12725266642147848,0.0034288266415631874,0.0060301507537687815,-0.07678085983498742
2011-06-07,35302,12841,6453,12459,7776,061641,FEEDER CATTLE - CHICAGO MERCANTILE EXCHANGE ,125.125,-0.1326553736332219,4683,1.8827169502904348,6388,-1.602498613503021,0.04877687175685693,0.0284544417953768,0.0060301507537687815,0.016983016983016963,-0.07755831340115266
2011-06-14,35335,12875,6313,12353,7583,061641,FEEDER CATTLE - CHICAGO MERCANTILE EXCHANGE ,127.25,-0.13499363237583134,4770,0.2464449606254603,6562,0.4928899212509206,0.014997993579454253,0.00906816760475297,0.016983016983016963,0.083104101754359,-0.07820456245647289
2011-06-21,36015,12418,6266,13222,7679,061641,FEEDER CATTLE - CHICAGO MERCANTILE EXCHANGE ,137.8249969482422,-0.15390809384978482,5543,2.1876326588368475,6152,-1.1603226262912127,0.04617003971101861,0.02697495183044316,0.083104101754359,0.0003628010365681611,-0.07926235916595847
2011-06-28,37104,13139,5823,12649,8087,061641,FEEDER CATTLE - CHICAGO MERCANTILE EXCHANGE ,137.875,-0.12295170332039672,4562,-2.7238650562265723,7316,3.231986672219908,0.047309027777777776,0.06138592975424533,0.0003628010365681611,0.024659973863893958,-0.07988604493487103
2011-07-05,38485,14708,5764,11916,8747,061641,FEEDER CATTLE - CHICAGO MERCANTILE EXCHANGE ,141.27499389648438,-0.08234377030011693,3169,-3.754312203536007,8944,4.38766709788702,0.06741518656535837,0.07952325127002735,0.024659973863893958,0.005308795132913158,-0.07983152455671802
2011-07-12,41567,16187,5987,11810,8895,061641,FEEDER CATTLE - CHICAGO MERCANTILE EXCHANGE ,142.02499389648438,-0.07012774556739722,2915,-0.6599974015850332,10200,3.263609198388983,0.012267568220236658,0.07675656173897358,0.005308795132913158,-0.0454145201579329,-0.08002220967047645
2011-07-19,40476,15161,5838,11585,9134,061641,FEEDER CATTLE - CHICAGO MERCANTILE EXCHANGE ,135.5749969482422,-0.06055440260895346,2451,-1.1162701181225492,9323,-2.1098467534342147,0.022394903228920314,0.055955045478356114,-0.0454145201579329,0.0038724629695094936,-0.08030066865342458
2011-07-26,39567,14296,6236,11765,9331,061641,FEEDER CATTLE - CHICAGO MERCANTILE EXCHANGE ,136.10000610351562,-0.06151590972274876,2434,-0.042000197647988936,8060,-3.120367625259413,0.01787068638604475,0.06151373465809468,0.0038724629695094936,-0.00808233691539273,-0.08001569290727696
2011-08-02,38227,13802,6197,10969,8734,061641,FEEDER CATTLE - CHICAGO MERCANTILE EXCHANGE ,135.0,-0.05846652889319068,2235,-0.5029443728359492,7605,-1.1499481891475218,0.0706998934172461,0.02665133256662833,-0.00808233691539273,-0.013148102936921258,-0.07921415817495257
2011-08-09,33487,11141,5944,10166,7380,061641,FEEDER CATTLE - CHICAGO MERCANTILE EXCHANGE ,133.22500610351562,-0.08319646429957894,2786,1.4413895937426426,5197,-6.299212598425196,0.12293400205174969,0.17055896985659935,-0.013148102936921258,0.017639262428711167,-0.07813124464093726
2011-08-16,33829,11592,6318,9867,7272,061641,FEEDER CATTLE - CHICAGO MERCANTILE EXCHANGE ,135.5749969482422,-0.07670933222974372,2595,-0.5703705915728492,5274,0.22993997670737895,0.023747009743859036,0.046063651591289785,0.017639262428711167,-0.013645516403240854,-0.07700565859405749
2011-08-23,34159,11778,7070,10170,7370,061641,FEEDER CATTLE - CHICAGO MERCANTILE EXCHANGE ,133.72500610351562,-0.08196961269358002,2800,0.6059889443968193,4708,-1.6731206952614621,0.022862029646522234,0.04976655348047538,-0.013645516403240854,-0.00822588187181772,-0.07682676304165444
2011-08-30,31436,10290,7001,10110,7038,061641,FEEDER CATTLE - CHICAGO MERCANTILE EXCHANGE ,132.625,-0.09772235653391016,3072,0.7962762375947773,3289,-4.15410287186393,0.02285980872404945,0.09004684517957319,-0.00822588187181772,0.008859589457174799,-0.07746456365249123
2011-09-06,31828,10274,6984,10111,7153,061641,FEEDER CATTLE - CHICAGO MERCANTILE EXCHANGE ,133.8000030517578,-0.0929370365715722,2958,-0.3626415574500573,3290,0.0031810662934215546,0.006719184430027804,0.001912156680959555,0.008859589457174799,0.008034356679546217,-0.0776026187693991
2011-09-13,32546,11329,6843,9451,6915,061641,FEEDER CATTLE - CHICAGO MERCANTILE EXCHANGE ,134.875,-0.07792048177963498,2536,-1.3258765866532614,4486,3.75769762473294,0.054869852132469754,0.06581554039181158,0.008034356679546217,-0.003892447795991627,-0.07726049525405114
2011-09-20,36068,12812,6587,9750,7983,061641,FEEDER CATTLE - CHICAGO MERCANTILE EXCHANGE ,134.35000610351562,-0.04899079516468892,1767,-2.3628095618509186,6225,5.343206538437903,0.07708791518637569,0.08964379607196248,-0.003892447795991627,-0.013025678604373425,-0.07560348290297694
2011-09-27,36693,13400,7119,9643,7386,061641,FEEDER CATTLE - CHICAGO MERCANTILE EXCHANGE ,132.60000610351562,-0.061510369825307276,2257,1.358544970611068,6281,0.15526228235555065,0.04134124141170944,0.054583556703543055,-0.013025678604373425,0.04751121797121627,-0.07359750875044367
2011-10-04,34723,13647,5445,9049,8296,061641,FEEDER CATTLE - CHICAGO MERCANTILE EXCHANGE ,138.89999389648438,-0.021685914235521124,753,-4.098874444716976,8202,5.2353309895620415,0.08671086768521187,0.1006180599203855,0.04751121797121627,-0.003059667470435401,-0.07118062439662197
2011-10-11,33501,13940,5825,8193,7424,061641,FEEDER CATTLE - CHICAGO MERCANTILE EXCHANGE ,138.47500610351562,-0.022954538670487447,769,0.04607896783112058,8115,-0.25055438758171816,0.11064865210988026,0.034050088540349105,-0.003059667470435401,0.009207393683241749,-0.06781827125772197
2011-10-18,36060,14926,5175,8326,8504,061641,FEEDER CATTLE - CHICAGO MERCANTILE EXCHANGE ,139.75,0.004936217415418747,-178,-2.826781290110743,9751,4.883436315333871,0.0720736779560309,0.08138898562260584,0.009207393683241749,-0.0007156071807915554,-0.06324006969223034
2011-10-25,36066,15267,4729,8349,8039,061641,FEEDER CATTLE - CHICAGO MERCANTILE EXCHANGE ,139.64999389648438,-0.008595352964010426,310,1.3533000554631172,10538,2.182473655019412,0.029777886258237733,0.03935787157431486,-0.0007156071807915554,0.022914517342573326,-0.0587613575425225
2011-11-01,32196,13827,3956,7950,7353,061641,FEEDER CATTLE - CHICAGO MERCANTILE EXCHANGE ,142.85000610351562,-0.018542676108833395,597,0.7957633227970943,9871,-1.849387234514501,0.07090113049728812,0.12444469437102851,0.022914517342573326,-0.009100475997290247,-0.05507387143221232
2011-11-08,33736,13663,4125,8656,7841,061641,FEEDER CATTLE - CHICAGO MERCANTILE EXCHANGE ,141.5500030517578,-0.024158169314678683,815,0.6771027456826936,9538,-1.0342899739098026,0.0723767957810511,0.01872048572071059,-0.009100475997290247,0.013776029008838453,-0.05144509505896781
2011-11-15,33959,14103,4244,8027,7586,061641,FEEDER CATTLE - CHICAGO MERCANTILE EXCHANGE ,143.5,-0.01298624812273624,441,-1.1086080151766657,9859,0.9515058098174057,0.05661948376353039,0.03046819643538453,0.013776029008838453,0.024564417397103577,-0.048421073626008705
2011-11-22,32505,13800,4213,7135,6748,061641,FEEDER CATTLE - CHICAGO MERCANTILE EXCHANGE ,147.02499389648438,-0.011905860636825104,387,-0.1590152831355458,9587,-0.8009658706086751,0.12461283584239717,0.01854216399267196,0.024564417397103577,-0.014963421456022252,-0.046313972460793176
2011-11-29,31760,13758,4686,7083,6257,061641,FEEDER CATTLE - CHICAGO MERCANTILE EXCHANGE ,144.8249969482422,-0.026007556675062972,826,1.3505614520842948,9072,-1.5843716351330566,0.04070464767616192,0.027922359574929518,-0.014963421456022252,-0.018643169377777546,-0.04544650685876669
2011-12-06,31152,12676,4213,7872,6680,061641,FEEDER CATTLE - CHICAGO MERCANTILE EXCHANGE ,142.125,-0.03826399589111454,1192,1.1523929471032746,8463,-1.9175062972292192,0.08328752061572292,0.0920717626857718,-0.018643169377777546,0.012488963211851445,-0.044989444279749664
2011-12-13,30048,12605,4252,7324,5981,061641,FEEDER CATTLE - CHICAGO MERCANTILE EXCHANGE ,143.89999389648438,-0.04469515441959531,1343,0.4847200821777093,8353,-0.3531073446327684,0.09372416384817737,0.006525479029483301,0.012488963211851445,0.002953461221572695,-0.04480693583069805
2011-12-20,30297,12868,4524,7727,6073,061641,FEEDER CATTLE - CHICAGO MERCANTILE EXCHANGE ,144.3249969482422,-0.05459286397993201,1654,1.035010649627263,8344,-0.029952076677316294,0.035869565217391305,0.030761269549218033,0.002953461221572695,0.019573857668296224,-0.04482752639629518
2011-12-27,32581,14011,4546,8195,6795,061641,FEEDER CATTLE - CHICAGO MERCANTILE EXCHANGE ,147.14999389648438,-0.04296982904146589,1400,-0.838366835000165,9465,3.700036307225138,0.07938625750500333,0.06277954410734493,0.019573857668296224,-0.00322793655744702,-0.044621109503427334
2012-01-03,34896,15126,4943,8771,7877,061641,FEEDER CATTLE - CHICAGO MERCANTILE EXCHANGE ,146.6750030517578,-0.02561898211829436,894,-1.5530523924986956,10183,2.2037383751266075,0.09959154252763094,0.07534007673526334,-0.00322793655744702,0.014828723412334321,-0.04459637998714149
2012-01-10,37681,16362,6264,9052,8570,061641,FEEDER CATTLE - CHICAGO MERCANTILE EXCHANGE ,148.85000610351562,-0.012791592579814761,482,-1.180651077487391,10098,-0.24358092618065105,0.055271819316763136,0.11301157959869176,0.014828723412334321,0.01209262827787172,-0.04470726758271922
2012-01-17,39995,18408,6544,8833,9207,061641,FEEDER CATTLE - CHICAGO MERCANTILE EXCHANGE ,150.64999389648438,0.009351168896112014,-374,-2.271701918738887,11864,4.686712136089807,0.04745011086474501,0.0932189804424495,0.01209262827787172,0.011118507265979405,-0.0445148433520062
2012-01-24,43304,20531,7100,8744,9696,061641,FEEDER CATTLE - CHICAGO MERCANTILE EXCHANGE ,152.3249969482422,0.021984112322187326,-952,-1.4451806475809477,13431,3.91798974871859,0.03134490238611714,0.096956317179979,0.011118507265979405,0.021007694156261802,-0.04455235161141091
2012-01-31,44705,21110,6915,8700,10245,061641,FEEDER CATTLE - CHICAGO MERCANTILE EXCHANGE ,155.52499389648438,0.03455989262945979,-1545,-1.3693885091446518,14195,1.7642711989654534,0.03130113486408023,0.027261373773416593,0.021007694156261802,-0.0033756239645558184,-0.044190949926767184
2012-02-07,47757,21809,6916,9035,10924,061641,FEEDER CATTLE - CHICAGO MERCANTILE EXCHANGE ,155.0,0.03955441087170467,-1889,-0.7694888714908847,14893,1.561346605525109,0.05080414850443409,0.024369016536118365,-0.0033756239645558184,0.008064516129032251,-0.043157730297851596
2012-02-14,50591,22593,7476,9394,11215,061641,FEEDER CATTLE - CHICAGO MERCANTILE EXCHANGE ,156.25,0.0359945444841968,-1821,0.14238750340264253,15117,0.4690411876792931,0.03153961861322723,0.04469719644816921,0.008064516129032251,0.015040039062500066,-0.04212629297478877
2012-02-21,54748,24430,8121,9568,12024,061641,FEEDER CATTLE - CHICAGO MERCANTILE EXCHANGE ,158.60000610351562,0.044860086213195004,-2456,-1.2551639619695203,16309,2.3561503034136506,0.045526120785476104,0.07624957758594206,0.015040039062500066,-0.017969772975011566,-0.0408261944565356
2012-02-28,56207,25283,8149,9860,12701,061641,FEEDER CATTLE - CHICAGO MERCANTILE EXCHANGE ,155.75,0.05054530574483605,-2841,-0.7032220355081464,17134,1.5069043618031708,0.04295022383759585,0.026351998085666427,-0.017969772975011566,-0.0102729123821228,-0.039341277064202526
2012-03-06,55124,25290,7893,10777,12586,061641,FEEDER CATTLE - CHICAGO MERCANTILE EXCHANGE ,154.14999389648438,0.03281692184892243,-1809,1.8360702403615208,17397,0.4679132492394186,0.04417240936523563,0.00792574511044812,-0.0102729123821228,0.008919883583799137,-0.03823504967776735
2012-03-13,53578,22826,7645,10794,12289,061641,FEEDER CATTLE - CHICAGO MERCANTILE EXCHANGE ,155.52499389648438,0.0279032438687521,-1495,0.5696248458021914,15181,-4.020027574196358,0.013603084521076116,0.0890026582652358,0.008919883583799137,-0.01800345862628605,-0.03766141884152667
2012-03-20,50777,20626,6659,10510,11810,061641,FEEDER CATTLE - CHICAGO MERCANTILE EXCHANGE ,152.72500610351562,0.025602142702404632,-1300,0.36395535480981,13967,-2.2658553884056887,0.03418458781362007,0.11676745464540957,-0.01800345862628605,0.007202427898290509,-0.037064032241871166
2012-03-27,49535,20138,6315,9525,11316,061641,FEEDER CATTLE - CHICAGO MERCANTILE EXCHANGE ,153.8249969482422,0.03615625315433532,-1791,-0.966973235913898,13823,-0.2835929653189436,0.07096588455448395,0.03145200922390655,0.007202427898290509,-0.02974157021944579,-0.03649887187429769
2012-04-03,41355,16309,5246,8734,9785,061641,FEEDER CATTLE - CHICAGO MERCANTILE EXCHANGE ,149.25,0.025414097448917906,-1051,1.493893206823458,11063,-5.571817906530736,0.1253847399967601,0.2272326606355834,-0.02974157021944579,-0.014572884768896621,-0.03592946876588821
2012-04-10,40562,13922,5673,11434,9924,061641,FEEDER CATTLE - CHICAGO MERCANTILE EXCHANGE ,147.0749969482422,-0.03722696119520734,1510,6.192721557248217,8249,-6.804497642364889,0.13292443112650998,0.14360806328144934,-0.014572884768896621,0.029066865503848183,-0.03646961327918204
2012-04-17,40413,14693,7453,12601,9707,061641,FEEDER CATTLE - CHICAGO MERCANTILE EXCHANGE ,151.35000610351562,-0.07161062034493851,2894,3.4120605492825797,7240,-2.487549923573788,0.06204052357898512,0.1151901020500316,0.029066865503848183,-0.019491325325838416,-0.03775243829253163
2012-04-24,41099,14215,8549,13320,9227,061641,FEEDER CATTLE - CHICAGO MERCANTILE EXCHANGE ,148.39999389648438,-0.09958879778096791,4093,2.9668670972211912,5666,-3.8947863311310718,0.0531778063600479,0.06914426287120014,-0.019491325325838416,0.011960978627206575,-0.03937728732855023
2012-05-01,40940,14498,9798,13560,9277,061641,FEEDER CATTLE - CHICAGO MERCANTILE EXCHANGE ,150.1750030517578,-0.10461651196873474,4283,0.4622983527579746,4700,-2.350422151390545,0.012698690721198056,0.0630556470200856,0.011960978627206575,0.007990657059141926,-0.04067694366943722
2012-05-08,42006,16168,10339,13554,9432,061641,FEEDER CATTLE - CHICAGO MERCANTILE EXCHANGE ,151.375,-0.09812883873732324,4122,-0.39325842696629215,5829,2.757694186614558,0.007004263464717654,0.08341192892443505,0.007990657059141926,-0.012881895611839389,-0.04126644263045319
2012-05-15,40454,16177,10456,12483,9178,061641,FEEDER CATTLE - CHICAGO MERCANTILE EXCHANGE ,149.4250030517578,-0.08169773075592031,3305,-1.9449602437746987,5721,-0.2571061276960434,0.06116984442084853,0.004730972853227199,-0.012881895611839389,0.02074613204895015,-0.04156602615793437
2012-05-22,41583,16839,10748,12426,9381,061641,FEEDER CATTLE - CHICAGO MERCANTILE EXCHANGE ,152.52499389648438,-0.07322703989611139,3045,-0.6427052949028526,6091,0.914619073515598,0.011922777089925254,0.03458150578170877,0.02074613204895015,0.0331093476731108,-0.041510140098423014
2012-05-29,38874,14658,9057,11962,9042,061641,FEEDER CATTLE - CHICAGO MERCANTILE EXCHANGE ,157.5749969482422,-0.07511447239800381,2920,-0.30060361205300246,5601,-1.1783661592477694,0.0382308131784422,0.16327219059666878,0.0331093476731108,0.010153933901335677,-0.040687979223169135
2012-06-05,38923,14153,8520,11980,9105,061641,FEEDER CATTLE - CHICAGO MERCANTILE EXCHANGE ,159.1750030517578,-0.07386378233949079,2875,-0.11575860472295109,5633,0.08231723002520966,0.0038415935499170025,0.045957747100074976,0.010153933901335677,0.012407669589202808,-0.03955737169828969
2012-06-12,40123,14911,7796,11644,9207,061641,FEEDER CATTLE - CHICAGO MERCANTILE EXCHANGE ,161.14999389648438,-0.060738229942925506,2437,-1.1252986665981555,7115,3.8075174061608816,0.02100618675363292,0.06526621746597966,0.012407669589202808,-0.046850686186302504,-0.038129383189964575
2012-06-19,36913,12169,7445,11257,8672,061641,FEEDER CATTLE - CHICAGO MERCANTILE EXCHANGE ,153.60000610351562,-0.07002952889226018,2585,0.36886573785609256,4724,-5.95917553522917,0.04626423804505996,0.15769348424594679,-0.046850686186302504,-0.03841151641164153,-0.03651633386385833
2012-06-26,36040,10343,8130,11840,7361,061641,FEEDER CATTLE - CHICAGO MERCANTILE EXCHANGE ,147.6999969482422,-0.1242785793562708,4479,5.130983664291713,2213,-6.802481510578929,0.0986406957970939,0.13592811129756943,-0.03841151641164153,-0.0020311649150740463,-0.03654185071070206
2012-07-03,36145,9681,8941,12840,6525,061641,FEEDER CATTLE - CHICAGO MERCANTILE EXCHANGE ,147.39999389648438,-0.1747129616821137,6315,5.09433962264151,740,-4.087125416204217,0.09481022463206816,0.07909998926001503,-0.0020311649150740463,-0.02747617341024422,-0.038318181314202
2012-07-10,36446,10226,9113,12706,6395,061641,FEEDER CATTLE - CHICAGO MERCANTILE EXCHANGE ,143.35000610351562,-0.1731602919387587,6311,-0.011066537557061834,1113,1.031954627196016,0.013821265902308779,0.03707533998655566,-0.02747617341024422,-0.06382984838288774,-0.040299576436728185
2012-07-17,37391,9350,9636,14320,5678,061641,FEEDER CATTLE - CHICAGO MERCANTILE EXCHANGE ,134.1999969482422,-0.23112513706506913,8642,6.395763595456291,-286,-3.8385556714042695,0.11656165616561656,0.07368587380174865,-0.06382984838288774,0.025894233849020454,-0.04357978286857656
2012-07-24,35857,8745,10285,14579,5146,061641,FEEDER CATTLE - CHICAGO MERCANTILE EXCHANGE ,137.6750030517578,-0.2630727612460607,9433,2.115482335321334,-1540,-3.353748228183253,0.040101394169835235,0.06589595375722543,0.025894233849020454,0.006900286378675791,-0.04745587616710179
2012-07-31,36765,9227,10129,14260,5565,061641,FEEDER CATTLE - CHICAGO MERCANTILE EXCHANGE ,138.625,-0.23650210798313615,8695,-2.058175530579803,-902,1.7792899573305074,0.037225725094577555,0.03296135565199421,0.006900286378675791,0.00018029862206936365,-0.0508796373034469
2012-08-07,36092,9258,10631,13641,5906,061641,FEEDER CATTLE - CHICAGO MERCANTILE EXCHANGE ,138.64999389648438,-0.2143134212567882,7735,-2.6111791105671154,-1373,-1.281109751121991,0.04911239576405586,0.026798732967972246,0.00018029862206936365,0.030833100205292174,-0.05340111724493169
2012-08-14,35726,9227,10698,13077,5332,061641,FEEDER CATTLE - CHICAGO MERCANTILE EXCHANGE ,142.9250030517578,-0.21678889324301628,7745,0.0277069710739222,-1471,-0.27152831652443754,0.061817589222662825,0.0049184441656210795,0.030833100205292174,-0.021864613841346858,-0.05609495495672539
2012-08-21,36574,9176,11741,13687,5493,061641,FEEDER CATTLE - CHICAGO MERCANTILE EXCHANGE ,139.8000030517578,-0.22403893476239953,8194,1.256787773610256,-2565,-3.0621955998432515,0.04019812304483837,0.052301955347325145,-0.021864613841346858,0.0035765378332279774,-0.058827057304202686
2012-08-28,38411,9148,12455,13669,5548,061641,FEEDER CATTLE - CHICAGO MERCANTILE EXCHANGE ,140.3000030517578,-0.21142381088750617,8121,-0.19959534095258927,-3307,-2.028763602559195,0.0037987198834365404,0.03434708142387631,0.0035765378332279774,0.03349962114048077,-0.06101362373407953
2012-09-04,34897,7435,10183,12924,4865,061641,FEEDER CATTLE - CHICAGO MERCANTILE EXCHANGE ,145.0,-0.23093675674126715,8059,-0.16141209549347843,-2748,1.455312280336362,0.0802743268311878,0.22618912475876943,0.03349962114048077,-0.0024138351966594973,-0.06366746450657366
2012-09-11,33331,6679,9384,12071,4797,061641,FEEDER CATTLE - CHICAGO MERCANTILE EXCHANGE ,144.64999389648438,-0.21823527646935287,7274,-2.2494770324096627,-2705,0.12321976101097515,0.05460042684372777,0.09680632509493868,-0.0024138351966594973,0.004320774465066846,-0.0663658259429144
2012-09-18,32911,6493,9504,11565,4588,061641,FEEDER CATTLE - CHICAGO MERCANTILE EXCHANGE ,145.27499389648438,-0.21199598918294796,6977,-0.8910623743662057,-3011,-0.918064264498515,0.04426422336408098,0.019128586609989374,0.004320774465066846,-0.014283235487318136,-0.0695005412124963
2012-09-25,33243,8071,10182,11573,4559,061641,FEEDER CATTLE - CHICAGO MERCANTILE EXCHANGE ,143.1999969482422,-0.21099178774478838,7014,0.11242441736805324,-2111,2.7346479900337273,0.0022935779816513763,0.12359612118555854,-0.014283235487318136,0.015188569120877515,-0.07237518386479402
2012-10-02,30345,7211,9024,10982,4622,061641,FEEDER CATTLE - CHICAGO MERCANTILE EXCHANGE ,145.375,-0.20958971824023728,6360,-1.9673314682790364,-1813,0.8964293234665944,0.04191233017175083,0.12429935324915306,0.015188569120877515,-0.004643185222753643,-0.07598871855719241
2012-10-09,29270,7060,9595,10974,4222,061641,FEEDER CATTLE - CHICAGO MERCANTILE EXCHANGE ,144.6999969482422,-0.23067987700717457,6752,1.2918108419838525,-2535,-2.379304663041687,0.026849170834430114,0.04335034524166917,-0.004643185222753643,0.009675253523151017,-0.07998343660212871
2012-10-16,29140,7735,10049,10800,4245,061641,FEEDER CATTLE - CHICAGO MERCANTILE EXCHANGE ,146.10000610351562,-0.22494852436513382,6555,-0.6730440724291082,-2314,0.7550392893747865,0.013094051179793951,0.06348403058929375,0.009675253523151017,-0.004620143898416806,-0.0844042970209855
2012-10-23,26607,7525,7761,9181,4177,061641,FEEDER CATTLE - CHICAGO MERCANTILE EXCHANGE ,145.4250030517578,-0.18807080843387078,5004,-5.32258064516129,-236,7.131091283459162,0.12629136098218297,0.1634175062148371,-0.004620143898416806,-0.0006876816325733781,-0.08785574808771357
2012-10-30,25223,8096,8083,7869,3916,061641,FEEDER CATTLE - CHICAGO MERCANTILE EXCHANGE ,145.3249969482422,-0.1567220394084764,3953,-3.950088322621866,13,0.9358439508400046,0.13347475604582096,0.05519500587180914,-0.0006876816325733781,-0.003268473109933945,-0.09051304353578361
2012-11-06,25451,8178,8777,8024,3549,061641,FEEDER CATTLE - CHICAGO MERCANTILE EXCHANGE ,144.85000610351562,-0.17582806176574595,4475,2.0695397058240492,-599,-2.4263568964833686,0.04510498574267692,0.04576820996756119,-0.003268473109933945,-0.00914747774386937,-0.09342977223676568
2012-11-13,26877,8733,10316,7985,3176,061641,FEEDER CATTLE - CHICAGO MERCANTILE EXCHANGE ,143.52499389648438,-0.1789262194441344,4809,1.312325645357746,-1583,-3.866252799497073,0.03691425499507213,0.10992703029030396,-0.00914747774386937,0.01759281841248206,-0.09662092553140796
2012-11-20,26399,8993,11228,7895,2514,061641,FEEDER CATTLE - CHICAGO MERCANTILE EXCHANGE ,146.0500030517578,-0.20383347854085382,5381,2.1282137143282363,-2235,-2.4258659820664508,0.07224517244692093,0.05795954700558825,0.01759281841248206,0.005991098813533879,-0.10031184126033159
2012-11-27,25872,8628,10456,7864,2569,061641,FEEDER CATTLE - CHICAGO MERCANTILE EXCHANGE ,146.9250030517578,-0.20466141001855287,5295,-0.3257699155271033,-1828,1.5417250653433843,0.008243074858621682,0.05957870467407252,0.005991098813533879,-0.00918840275974031,-0.10374749228616793
2012-12-04,28007,8615,11140,8895,2769,061641,FEEDER CATTLE - CHICAGO MERCANTILE EXCHANGE ,145.5749969482422,-0.21873103152783233,6126,3.2119666048237474,-2525,-2.6940321583178726,0.10553840877914952,0.03528220703619337,-0.00918840275974031,0.04465052472102071,-0.10721801220225866
2012-12-11,26616,8357,7592,7709,3513,061641,FEEDER CATTLE - CHICAGO MERCANTILE EXCHANGE ,152.0749969482422,-0.15764953411481816,4196,-6.891134359267326,765,11.747063234191451,0.17198360363571555,0.2386356511380024,0.04465052472102071,0.0008219628637740062,-0.10939021181178218
2012-12-18,29026,9497,6713,8541,5596,061641,FEEDER CATTLE - CHICAGO MERCANTILE EXCHANGE ,152.1999969482422,-0.10146075931923103,2945,-4.700180342651037,2784,7.5856627592425605,0.20619650562354105,0.12455274521900062,0.0008219628637740062,0.0034494688948776275,-0.11029151749138408
2013-01-08,32526,10444,9515,9382,6250,061641,FEEDER CATTLE - CHICAGO MERCANTILE EXCHANGE ,152.72500610351562,-0.09629219701162148,3132,0.6442499827740646,929,-6.390822021635775,0.09563715455475946,0.18783506187684754,0.0034494688948776275,-0.028810011323824436,-0.11131694764465629
2013-01-15,31148,8425,8620,10473,6269,061641,FEEDER CATTLE - CHICAGO MERCANTILE EXCHANGE ,148.3249969482422,-0.13496853730576602,4204,3.2958248785586917,-195,-3.455696980876837,0.06630032254210966,0.17095922557934878,-0.028810011323824436,-0.026462181914808536,-0.11341982370595383
2013-01-22,30568,7324,8757,10309,6626,061641,FEEDER CATTLE - CHICAGO MERCANTILE EXCHANGE ,144.39999389648438,-0.12048547500654279,3683,-1.6726595608064725,-1433,-3.974573006292539,0.03076468851490995,0.07698526211056526,-0.026462181914808536,0.009695354670700818,-0.11549085990646783
2013-01-29,32183,8593,10082,10406,6195,061641,FEEDER CATTLE - CHICAGO MERCANTILE EXCHANGE ,145.8000030517578,-0.13084547742597022,4211,1.7272965192358023,-1489,-0.18319811567652447,0.03180531293295585,0.13890227576974565,0.009695354670700818,0.0186899230980071,-0.11818694925881558
2013-02-05,32960,10815,10056,10156,7327,061641,FEEDER CATTLE - CHICAGO MERCANTILE EXCHANGE ,148.52499389648438,-0.08583131067961165,2829,-4.294192586147966,759,6.985054221172669,0.07904821826917577,0.10770926165492789,0.0186899230980071,-0.035515866778360716,-0.12026032277808094
2013-02-12,36828,10960,11807,11196,6934,061641,FEEDER CATTLE - CHICAGO MERCANTILE EXCHANGE ,143.25,-0.11572716411426089,4262,4.347694174757281,-847,-4.872572815533981,0.07904026475455046,0.08327842930557386,-0.035515866778360716,-0.000523538905704668,-0.12315045848469094
2013-02-19,39278,10930,13925,12942,6651,061641,FEEDER CATTLE - CHICAGO MERCANTILE EXCHANGE ,143.1750030517578,-0.16016599623198738,6291,5.509395025524057,-2995,-5.832518735744542,0.10355739294646046,0.08642124321062161,-0.000523538905704668,-0.013968918857134582,-0.12699123554437733
2013-02-26,39057,9788,14753,13564,6233,061641,FEEDER CATTLE - CHICAGO MERCANTILE EXCHANGE ,141.1750030517578,-0.1877000281639655,7331,2.6477926574672845,-4965,-5.015530322317837,0.05253321210284387,0.08027382747239314,-0.013968918857134582,0.004072937388436726,-0.1312930542491497
2013-03-05,39641,9857,15751,13591,6031,061641,FEEDER CATTLE - CHICAGO MERCANTILE EXCHANGE ,141.75,-0.1907116369415504,7560,0.5863225542156336,-5894,-2.378574903346391,0.011670573845683416,0.041666666666666664,0.004072937388436726,-0.020811265948798452,-0.13582327969443325
2013-03-12,41185,9570,16401,14276,5570,061641,FEEDER CATTLE - CHICAGO MERCANTILE EXCHANGE ,138.8000030517578,-0.2113876411314799,8706,2.890946242526677,-6831,-2.3637143361671,0.057744633679330845,0.03607870316891918,-0.020811265948798452,-0.020172932206015237,-0.140860451749747
2013-03-19,41044,9484,15292,14236,5546,061641,FEEDER CATTLE - CHICAGO MERCANTILE EXCHANGE ,136.0,-0.21172400350843,8690,-0.03884909554449435,-5808,2.483914046376108,0.003235264381761197,0.0482321601549887,-0.020172932206015237,-0.008455837474149797,-0.14556316185277304
2013-03-26,43033,8630,14854,14724,5892,061641,FEEDER CATTLE - CHICAGO MERCANTILE EXCHANGE ,134.85000610351562,-0.20523784072688403,8832,0.3459701783451905,-6224,-1.013546437969009,0.04045401629802096,0.05501618122977346,-0.008455837474149797,0.07322951096064179,-0.15004664424884295
2013-04-02,38782,10321,13450,12965,5422,061641,FEEDER CATTLE - CHICAGO MERCANTILE EXCHANGE ,144.72500610351562,-0.19449744726935175,7543,-2.995375641949202,-3129,7.192154857899752,0.12122695382607276,0.13020066467544486,0.07322951096064179,-0.01451031967491212,-0.15427932867137673
2013-04-09,37164,10216,12909,13142,5249,061641,FEEDER CATTLE - CHICAGO MERCANTILE EXCHANGE ,142.625,-0.21238295124313852,7893,0.9024805322056625,-2693,1.1242328915476252,0.019031047795117176,0.027935135135135136,-0.01451031967491212,-0.03978967959164115,-0.15905892875594352
2013-04-16,37678,10078,13624,13170,5812,061641,FEEDER CATTLE - CHICAGO MERCANTILE EXCHANGE ,136.9499969482422,-0.19528637401135943,7358,-1.4395651705951997,-3546,-2.295231944892907,0.031134759245601096,0.03598852417517509,-0.03978967959164115,-0.02336617027783916,-0.1633031685917181
2013-04-23,39356,10259,16648,14335,5930,061641,FEEDER CATTLE - CHICAGO MERCANTILE EXCHANGE ,133.75,-0.21356337026120542,8405,2.7788099156006156,-6389,-7.545517277987154,0.06331112755983222,0.11911398520831011,-0.02336617027783916,0.043364508798189316,-0.16669425338144883
2013-04-30,35530,9779,14461,13334,5074,061641,FEEDER CATTLE - CHICAGO MERCANTILE EXCHANGE ,139.5500030517578,-0.23247959470869686,8260,-0.36843175119422705,-4682,4.337331029576177,0.10088005215123859,0.11002475247524753,0.043364508798189316,-0.019168778167390488,-0.1697878875038288
2013-05-07,34331,8746,14961,13378,4224,061641,FEEDER CATTLE - CHICAGO MERCANTILE EXCHANGE ,136.875,-0.2666394803530337,9154,2.516183506895581,-6215,-4.314663664508866,0.050789682990569254,0.0646644451006032,-0.019168778167390488,-0.010045662100456654,-0.17300040063021466
2013-05-14,34811,7969,15665,13941,4496,061641,FEEDER CATTLE - CHICAGO MERCANTILE EXCHANGE ,135.5,-0.27132228318634916,9445,0.8476304214849554,-7696,-4.313885409688037,0.04528936377935673,0.06266395870356266,-0.010045662100456654,-0.02656831072705257,-0.17620628084593803
2013-05-21,35054,7852,15467,14231,5310,061641,FEEDER CATTLE - CHICAGO MERCANTILE EXCHANGE ,131.89999389648438,-0.2544930678381925,8921,-1.5052713222831864,-7615,0.23268507081095055,0.056496596898828105,0.013508297954457738,-0.02656831072705257,0.10291897524790627,-0.17921328525172397
2013-05-28,31707,7763,13971,12452,4324,061641,FEEDER CATTLE - CHICAGO MERCANTILE EXCHANGE ,145.47500610351562,-0.25634717885640396,8128,-2.2622239972613682,-6208,4.013807268785303,0.16481878874582737,0.07292721082175393,0.10291897524790627,0.0006873403714133808,-0.18257192848442558
2013-06-04,31910,7413,13944,12645,4440,061641,FEEDER CATTLE - CHICAGO MERCANTILE EXCHANGE ,145.5749969482422,-0.25712942651206516,8205,0.24284858233197715,-6531,-1.0187024947172547,0.018086040386303775,0.017652291988575174,0.0006873403714133808,-0.006182338419037481,-0.18610851284242472
2013-06-11,32068,7379,14135,12582,4448,061641,FEEDER CATTLE - CHICAGO MERCANTILE EXCHANGE ,144.6750030517578,-0.253648496943994,8134,-0.22250078345346286,-6756,-0.7051081165778752,0.004169113329418673,0.010458306219206098,-0.006182338419037481,-0.006048038579871129,-0.18954185946830912
2013-06-18,32976,7440,14607,12785,4417,061641,FEEDER CATTLE - CHICAGO MERCANTILE EXCHANGE ,143.8000030517578,-0.2537603105288695,8368,0.7296993887988026,-7167,-1.281651490582512,0.013603069410533658,0.024175624801560304,-0.006048038579871129,0.028337947578314537,-0.19300140808733565
2013-06-25,32407,7607,13830,12187,4785,061641,FEEDER CATTLE - CHICAGO MERCANTILE EXCHANGE ,147.875,-0.22840744283642422,7402,-2.9294032023289667,-6223,2.8626880155264436,0.056917275512609,0.044036012501749315,0.028337947578314537,0.020456425335481754,-0.19622581602759523
2013-07-02,32714,8100,10840,12044,6101,061641,FEEDER CATTLE - CHICAGO MERCANTILE EXCHANGE ,150.89999389648438,-0.18166534205538912,5943,-4.502113740858457,-2740,10.747677970808777,0.08040782584734087,0.18389651531151002,0.020456425335481754,0.0016567263758240358,-0.19837265858842465
2013-07-09,32253,8081,10411,11854,5859,061641,FEEDER CATTLE - CHICAGO MERCANTILE EXCHANGE ,151.14999389648438,-0.18587418224661273,5995,0.1589533533043957,-2330,1.2532860549000429,0.024388866933890363,0.024226692623837334,0.0016567263758240358,0.009262383141293684,-0.19955718941323888
2013-07-16,32827,8564,9346,11384,6251,061641,FEEDER CATTLE - CHICAGO MERCANTILE EXCHANGE ,152.5500030517578,-0.15636518719346879,5133,-2.6726196012774004,-782,4.799553529904195,0.04888006804649844,0.0864321608040201,0.009262383141293684,0.00688300905114736,-0.19920434759614958
2013-07-23,33638,8633,8413,11350,6725,061641,FEEDER CATTLE - CHICAGO MERCANTILE EXCHANGE ,153.60000610351562,-0.137493311136215,4625,-1.547506625643525,220,3.0523654308952994,0.02810511756569848,0.05878211897219289,0.00688300905114736,-0.0022786854792163913,-0.19851844411917757
2013-07-30,34242,8692,7618,11561,7542,061641,FEEDER CATTLE - CHICAGO MERCANTILE EXCHANGE ,153.25,-0.11737048069622101,4019,-1.8015339794280278,1074,2.5387954099530297,0.05381353714076323,0.05236051502145923,-0.0022786854792163913,0.006525285481239873,-0.19633085457362282
2013-08-06,35317,9079,6856,11672,7919,061641,FEEDER CATTLE - CHICAGO MERCANTILE EXCHANGE ,154.25,-0.10626610414248096,3753,-0.7768237836574966,2223,3.355528298580691,0.024909397172170895,0.07210542830247882,0.006525285481239873,-0.002593153299736639,-0.19331534193701552
2013-08-13,36359,9511,7544,11282,7919,061641,FEEDER CATTLE - CHICAGO MERCANTILE EXCHANGE ,153.85000610351562,-0.09249429302236035,3363,-1.1042840558371323,1967,-0.7248633802418099,0.020311442112389978,0.06566989152741132,-0.002593153299736639,0.01007466838789628,-0.1905459608800775
2013-08-20,36865,9259,6774,11685,8003,061641,FEEDER CATTLE - CHICAGO MERCANTILE EXCHANGE ,155.39999389648438,-0.09987793299877933,3682,0.8773618636376138,2485,1.424681646909981,0.02473587972368956,0.0637435289714963,0.01007466838789628,-0.0043435509619027535,-0.18834527841357732
2013-08-27,35338,8025,6541,11386,7159,061641,FEEDER CATTLE - CHICAGO MERCANTILE EXCHANGE ,154.72500610351562,-0.11961627709547795,4227,1.4783670147836703,1484,-2.7153126271531263,0.06163386357508763,0.10071399148702458,-0.0043435509619027535,0.01583452481238279,-0.1864765742568939
2013-09-03,32580,8507,6050,10529,6967,061641,FEEDER CATTLE - CHICAGO MERCANTILE EXCHANGE ,157.1750030517578,-0.10933087783916513,3562,-1.881826928518875,2457,2.753409926990775,0.059956561499771376,0.06684069519818645,0.01583452481238279,-0.004930867760303048,-0.18427065008529328
2013-09-10,30166,8751,5924,9301,6119,061641,FEEDER CATTLE - CHICAGO MERCANTILE EXCHANGE ,156.39999389648438,-0.1054829940993171,3182,-1.1663597298956414,2827,1.1356660527931246,0.13463035019455252,0.025212947189097105,-0.004930867760303048,0.001278850478495741,-0.1822333266855204
2013-09-17,29078,8955,5909,9269,6088,061641,FEEDER CATTLE - CHICAGO MERCANTILE EXCHANGE ,156.60000610351562,-0.10939541921727766,3181,-0.003314990386527879,3046,0.7259828946496055,0.004102363742918539,0.014733584499461787,0.001278850478495741,0.008620630856388312,-0.1798959932715975
2013-09-24,31738,10878,5674,8973,6436,061641,FEEDER CATTLE - CHICAGO MERCANTILE EXCHANGE ,157.9499969482422,-0.07993572373810574,2537,-2.2147327876745306,5204,7.4214182543503675,0.041793756895320916,0.1303769937167714,0.008620630856388312,0.04083568897032497,-0.1772363864883043
2013-10-01,32784,11915,4963,9408,7309,061641,FEEDER CATTLE - CHICAGO MERCANTILE EXCHANGE ,164.39999389648438,-0.06402513421181064,2099,-1.380049152435566,6952,5.507593421135548,0.07824370401387809,0.10356677331437374,0.04083568897032497,0.002433145803675041,-0.17439079312347475
2013-10-08,34972,13611,5008,9522,7904,061641,FEEDER CATTLE - CHICAGO MERCANTILE EXCHANGE ,164.8000030517578,-0.04626558389568798,1618,-1.4671791117618351,8603,5.035993167398732,0.040686330770113625,0.09350663300929159,0.002433145803675041,0.0054611279115190925,-0.17122298151099205
2013-10-15,36708,15097,5053,9788,8950,061641,FEEDER CATTLE - CHICAGO MERCANTILE EXCHANGE ,165.6999969482422,-0.02282881115833061,838,-2.2303557131419423,10044,4.120439208509665,0.07001814494609884,0.07598014888337469,0.0054611279115190925,0.002112287929763479,-0.16763142560557073
2013-10-22,38595,15839,4957,10153,9680,061641,FEEDER CATTLE - CHICAGO MERCANTILE EXCHANGE ,166.0500030517578,-0.01225547350693095,473,-0.9943336602375504,10882,2.282881115833061,0.05521101194978067,0.04029621080977111,0.002112287929763479,-0.003763926458978717,-0.16343095630748913
2013-10-29,39006,15415,5503,10467,10042,061641,FEEDER CATTLE - CHICAGO MERCANTILE EXCHANGE ,165.4250030517578,-0.010895759626724094,425,-0.12436844150796734,9912,-2.5132789221401737,0.03296113901214101,0.04637154603690601,-0.003763926458978717,-0.003929328355944284,-0.15931455698559663
2013-11-05,36534,13262,5753,10994,9323,061641,FEEDER CATTLE - CHICAGO MERCANTILE EXCHANGE ,164.77499389648438,-0.04573821645590409,1671,3.1943803517407576,7509,-6.160590678357176,0.06132795196141162,0.12637391533000264,-0.003929328355944284,-0.0007586102541659034,-0.15657739175525112
2013-11-12,37361,13052,6423,10733,9579,061641,FEEDER CATTLE - CHICAGO MERCANTILE EXCHANGE ,164.64999389648438,-0.030887824201707662,1154,-1.4151201620408387,6629,-2.4087151694312148,0.025452934226073257,0.04518613607188703,-0.0007586102541659034,-0.0016701725276544455,-0.15415750300127481
2013-11-19,38068,13284,6941,11465,9600,061641,FEEDER CATTLE - CHICAGO MERCANTILE EXCHANGE ,164.375,-0.048991278764316484,1865,1.903053986777656,6343,-0.7655041353282834,0.03574649893187752,0.037082818294190356,-0.0016701725276544455,0.0,-0.15171833409740115
2013-11-26,36167,12043,6305,11500,9965,061641,FEEDER CATTLE - CHICAGO MERCANTILE EXCHANGE ,164.375,-0.04244200514280974,1535,-0.8668698119155195,5738,-1.589261321845119,0.01863498718844631,0.10229997819925878,0.0,0.0028897709719581943,-0.1490936376685295
2013-12-03,38447,13371,6606,11825,10252,061641,FEEDER CATTLE - CHICAGO MERCANTILE EXCHANGE ,164.85000610351562,-0.040913465289879575,1573,0.10506815605386126,6765,2.8396051649293557,0.027721157766000815,0.0815437753416429,0.0028897709719581943,0.0042462658315136625,-0.14596056049062617
2013-12-10,40180,14145,6745,11611,10195,061641,FEEDER CATTLE - CHICAGO MERCANTILE EXCHANGE ,165.5500030517578,-0.03524141363862618,1416,-0.4083543579473041,7400,1.6516243139906885,0.012427772172796479,0.04370512206797511,0.0042462658315136625,0.009664698370475566,-0.14270248363716603
2013-12-17,45059,16801,7996,12168,10778,061641,FEEDER CATTLE - CHICAGO MERCANTILE EXCHANGE ,167.14999389648438,-0.030848443152311413,1390,-0.06470881035340965,8805,3.4967645594823296,0.04968186176239867,0.15755938218332863,0.009664698370475566,-0.0053843489640911235,-0.1390893569376368
2013-12-24,45673,16995,7952,12516,11231,061641,FEEDER CATTLE - CHICAGO MERCANTILE EXCHANGE ,166.25,-0.028134784227005015,1285,-0.23302780798508624,9043,0.5281963647661955,0.03373057649387291,0.009540225277588488,-0.0053843489640911235,0.0027067485608551767,-0.1365986886705635
2013-12-31,46217,17051,7592,12896,11855,061641,FEEDER CATTLE - CHICAGO MERCANTILE EXCHANGE ,166.6999969482422,-0.022524179414501157,1041,-0.5342324787073326,9459,0.9108225866485671,0.04056401761544988,0.016881061559063427,0.0027067485608551767,0.008098417085963039,-0.13508067751854944
2014-01-07,48794,16990,8478,14132,12158,061641,FEEDER CATTLE - CHICAGO MERCANTILE EXCHANGE ,168.0500030517578,-0.0404557937451326,1974,2.0187376939221497,8512,-2.0490295778609604,0.05853936858120959,0.037183917072404586,0.008098417085963039,0.003272853566021139,-0.13400690053265543
2014-01-14,49864,16968,9026,14572,12729,061641,FEEDER CATTLE - CHICAGO MERCANTILE EXCHANGE ,168.60000610351562,-0.03696053264880475,1843,-0.2684756322498668,7942,-1.168176415133008,0.037031610563715615,0.02192813726244518,0.003272853566021139,0.007117419364180977,-0.13212213121232924
2014-01-21,51643,17935,9130,14208,12490,061641,FEEDER CATTLE - CHICAGO MERCANTILE EXCHANGE ,169.8000030517578,-0.03326685126735472,1718,-0.2506818546446334,8805,1.730707524466549,0.022585961495243088,0.03957140217993719,0.007117419364180977,0.009570082277941205,-0.13044484998657563
2014-01-28,52739,18416,9277,14697,12400,061641,FEEDER CATTLE - CHICAGO MERCANTILE EXCHANGE ,171.4250030517578,-0.04355410606951213,2297,1.1211587243188814,9139,0.6467478651511338,0.021367679078864818,0.02267721084750659,0.009570082277941205,-0.025958855878792764,-0.1287661697681822
2014-02-04,48599,17609,8650,13856,11933,061641,FEEDER CATTLE - CHICAGO MERCANTILE EXCHANGE ,166.97500610351562,-0.03956871540566678,1923,-0.7091526195035932,8959,-0.3413033997610876,0.05071929892589864,0.05460984805209643,-0.025958855878792764,0.010779983393759185,-0.12787650447445248
2014-02-11,46892,18492,9256,13591,11390,061641,FEEDER CATTLE - CHICAGO MERCANTILE EXCHANGE ,168.77499389648438,-0.046937643947794934,2201,0.5720282310335604,9236,0.5699705755262454,0.032344581882230494,0.053661525154966125,0.010779983393759185,0.01733078452102821,-0.12655362908663584
2014-02-18,48377,19487,9275,13678,11869,061641,FEEDER CATTLE - CHICAGO MERCANTILE EXCHANGE ,171.6999969482422,-0.037393802840192655,1809,-0.8359634905740851,10212,2.081378486735477,0.022155243277097114,0.03525485014950282,0.01733078452102821,-0.0036400699540396486,-0.12419262536756286
2014-02-25,48818,19399,8635,13792,12164,061641,FEEDER CATTLE - CHICAGO MERCANTILE EXCHANGE ,171.0749969482422,-0.03334835511491663,1628,-0.37414473820203814,10764,1.1410380966161604,0.015757435660348283,0.025968466861667976,-0.0036400699540396486,0.0106678180961437,-0.12122432396277347
2014-03-04,48549,18386,7876,13902,11935,061641,FEEDER CATTLE - CHICAGO MERCANTILE EXCHANGE ,172.89999389648438,-0.04051576757502729,1967,0.6944159941005367,10510,-0.5202998893850629,0.013120718349653598,0.06747391668570558,0.0106678180961437,0.005928335404610241,-0.11833594185957108
2014-03-11,49246,18581,7817,13494,11601,061641,FEEDER CATTLE - CHICAGO MERCANTILE EXCHANGE ,173.9250030517578,-0.03843967022702351,1893,-0.15242332488825722,10764,0.5231827638056397,0.029567642956764294,0.009621941056140617,0.005928335404610241,0.0011499033763573419,-0.1150100193421777
2014-03-18,49370,19096,7002,13191,12314,061641,FEEDER CATTLE - CHICAGO MERCANTILE EXCHANGE ,174.125,-0.017763824184727568,877,-2.063111724810137,12094,2.700726962595947,0.03983532640658694,0.05096175952180244,0.0011499033763573419,0.017803337277907394,-0.11128001589364496
2014-03-25,50597,20350,7319,13330,12868,061641,FEEDER CATTLE - CHICAGO MERCANTILE EXCHANGE ,177.22500610351562,-0.009130976144830721,462,-0.8405914522989669,13031,1.8979137127810413,0.026452400946637148,0.05677834399508475,0.017803337277907394,-0.004373023718903246,-0.10750873003629778
2014-04-01,47262,19079,5639,12564,12182,061641,FEEDER CATTLE - CHICAGO MERCANTILE EXCHANGE ,176.4499969482422,-0.008082603359993229,382,-0.1581121410360298,13440,0.8083483210467023,0.05867614968075648,0.11938668177036978,-0.004373023718903246,0.010484591303553836,-0.10392382919188704
2014-04-08,46730,18491,5092,13732,12352,061641,FEEDER CATTLE - CHICAGO MERCANTILE EXCHANGE ,178.3000030517578,-0.029531350310293174,1380,2.1116330244170793,13399,-0.08675045491092209,0.05129581352553289,0.04812788873340966,0.010484591303553836,0.005187902613155382,-0.10040745225087079
2014-04-15,45650,19377,5376,14033,12692,061641,FEEDER CATTLE - CHICAGO MERCANTILE EXCHANGE ,179.22500610351562,-0.029375684556407447,1341,-0.08345816392039375,14001,1.2882516584635137,0.023985032740879327,0.04726699793964368,0.005187902613155382,-0.003766232549982207,-0.0972168620690448
2014-04-22,41098,18053,5315,12971,11099,061641,FEEDER CATTLE - CHICAGO MERCANTILE EXCHANGE ,178.5500030517578,-0.04554966178402842,1872,1.1631982475355969,12738,-2.7667031763417307,0.11030328209389281,0.0592690859294762,-0.003766232549982207,0.01134132658568121,-0.09398582921371447
2014-04-29,42186,18963,6142,12263,10521,061641,FEEDER CATTLE - CHICAGO MERCANTILE EXCHANGE ,180.5749969482422,-0.041293320058787275,1742,-0.31631709572241956,12821,0.20195629957662173,0.05644311797752809,0.0691894045010954,0.01134132658568121,0.016059859915737107,-0.0903091700858316
2014-05-06,44598,19508,7082,13297,10837,061641,FEEDER CATTLE - CHICAGO MERCANTILE EXCHANGE ,183.4750061035156,-0.055159424189425536,2460,1.7019864409993837,12426,-0.9363295880149813,0.055937681279522665,0.055848063181647235,0.016059859915737107,0.006812917064544344,-0.08624224592883913
2014-05-13,45784,20529,7734,12813,10844,061641,FEEDER CATTLE - CHICAGO MERCANTILE EXCHANGE ,184.7250061035156,-0.043006290407129125,1969,-1.1009462307726803,12795,0.827391362841383,0.020754956249735806,0.05919399922159714,0.006812917064544344,0.023413164462523284,-0.08185155376000797
2014-05-20,48052,20916,7455,13227,12442,061641,FEEDER CATTLE - CHICAGO MERCANTILE EXCHANGE ,189.0500030517578,-0.01633646882543911,785,-2.5860562641970994,13461,1.4546566486108685,0.07838248470918228,0.023474674844030877,0.023413164462523284,0.023538729840823613,-0.07727161916360885
2014-05-27,45563,19335,6823,13328,11909,061641,FEEDER CATTLE - CHICAGO MERCANTILE EXCHANGE ,193.5,-0.03114369115290916,1419,1.3194039790227254,12512,-1.9749438108715558,0.025121844910250823,0.08460126921018427,0.023538729840823613,0.024806217321745816,-0.07294078286161858
2014-06-03,46892,19801,6756,13032,12146,061641,FEEDER CATTLE - CHICAGO MERCANTILE EXCHANGE ,198.3000030517578,-0.018894480934914273,886,-1.1698088361170247,13045,1.1698088361170247,0.02116927476368258,0.02007003803140415,0.024806217321745816,0.034669691851722195,-0.06835934160051951
2014-06-10,48614,19021,8445,13927,11532,061641,FEEDER CATTLE - CHICAGO MERCANTILE EXCHANGE ,205.1750030517578,-0.04926564364174929,2395,3.218032926725241,10576,-5.265290454661776,0.05927177029734082,0.0898929585669555,0.034669691851722195,0.013037665465919224,-0.0644289021139379
2014-06-17,48936,18128,9102,13898,11000,061641,FEEDER CATTLE - CHICAGO MERCANTILE EXCHANGE ,207.8500061035156,-0.05922020598332516,2898,1.0346813675073023,9026,-3.1883819475871147,0.022531930275524137,0.056922511935365405,0.013037665465919224,0.013350944503231599,-0.06068774625729282
2014-06-24,50262,17112,9437,15224,11942,061641,FEEDER CATTLE - CHICAGO MERCANTILE EXCHANGE ,210.625,-0.06529783932195296,3282,0.784698381559588,7675,-2.7607487330390716,0.0834867113303394,0.0508870390598516,0.013350944503231599,0.024451009597552087,-0.05755102311278375
2014-07-01,50784,16451,9275,15605,12118,061641,FEEDER CATTLE - CHICAGO MERCANTILE EXCHANGE ,215.7749938964844,-0.06866335853812225,3487,0.407862798933588,7176,-0.9927977398432215,0.020091620675973018,0.031990981886029696,0.024451009597552087,0.0005793071650368464,-0.05537790804514399
2014-07-08,51331,15388,9302,15292,11535,061641,FEEDER CATTLE - CHICAGO MERCANTILE EXCHANGE ,215.8999938964844,-0.07319163858097447,3757,0.5316635160680528,6086,-2.1463453056080652,0.03339918738584262,0.04414742810854597,0.0005793071650368464,-0.020264011689123285,-0.05321093605157404
2014-07-15,49681,16324,9754,13630,10237,061641,FEEDER CATTLE - CHICAGO MERCANTILE EXCHANGE ,211.5249938964844,-0.06829572673657938,3393,-0.7091231419609982,6570,0.9429000019481404,0.12402061423723132,0.053224940562926606,-0.020264011689123285,0.021274081691746494,-0.051517292581249235
2014-07-22,49281,15504,8660,13317,10067,061641,FEEDER CATTLE - CHICAGO MERCANTILE EXCHANGE ,216.0249938964844,-0.0659483370873156,3250,-0.28783639620780577,6844,0.5515186892373342,0.02065514881970578,0.07920874027478894,0.021274081691746494,0.02499714990322377,-0.05014142769569348
2014-07-29,48419,15188,8315,12643,9853,061641,FEEDER CATTLE - CHICAGO MERCANTILE EXCHANGE ,221.4250030517578,-0.05762200788946488,2790,-0.9334226172358515,6873,0.05884620847791238,0.039473684210526314,0.028124069267753054,0.02499714990322377,-0.0007903490994506379,-0.048992418603255865
2014-08-05,47245,15931,9619,13483,10396,061641,FEEDER CATTLE - CHICAGO MERCANTILE EXCHANGE ,221.25,-0.06534024764525347,3087,0.6133955678555939,6312,-1.1586360726161218,0.057916998199254575,0.0801174168297456,-0.0007903490994506379,-0.030282472082450607,-0.0482053829013861
2014-08-12,45465,15891,9019,13206,10875,061641,FEEDER CATTLE - CHICAGO MERCANTILE EXCHANGE ,214.5500030517578,-0.051270207852193994,2331,-1.60016933008784,6872,1.1853106148798813,0.03139404509779494,0.025692492974708953,-0.030282472082450607,0.012118344477950682,-0.047412612032729055
2014-08-19,45548,15963,9777,13071,10277,061641,FEEDER CATTLE - CHICAGO MERCANTILE EXCHANGE ,217.1499938964844,-0.06134188109247388,2794,1.0183657758715496,6186,-1.5088529638183217,0.0313945519958883,0.03224553224553225,0.012118344477950682,0.0017269169262734696,-0.046671534111453944
2014-08-26,43853,15995,10187,12653,9630,061641,FEEDER CATTLE - CHICAGO MERCANTILE EXCHANGE ,217.5249938964844,-0.06893485052333934,3023,0.502766312461579,5808,-0.8298937384736981,0.04779428263698784,0.016881827209533268,0.0017269169262734696,0.012527324123555061,-0.04569689129275897
2014-09-02,41396,15133,10285,12688,8474,061641,FEEDER CATTLE - CHICAGO MERCANTILE EXCHANGE ,220.25,-0.10179727509904339,4214,2.7158917291861444,4848,-2.1891318723918545,0.05628012475191381,0.037768510504366984,0.012527324123555061,0.038024971623155546,-0.0455520143169874
2014-09-09,43880,16313,11214,13202,8607,061641,FEEDER CATTLE - CHICAGO MERCANTILE EXCHANGE ,228.625,-0.10471741112123975,4595,0.9203787805585081,5099,0.6063387766934003,0.029666651382456784,0.07661568641697243,0.038024971623155546,0.004264652175027139,-0.045537291567408995
2014-09-16,45034,16084,11288,13657,8968,061641,FEEDER CATTLE - CHICAGO MERCANTILE EXCHANGE ,229.6000061035156,-0.10412133055025093,4689,0.21422060164083867,4796,-0.6905195989061076,0.036066298342541436,0.011069706269180184,0.004264652175027139,0.005661967588897587,-0.04543586678535079
2014-09-23,45990,16739,11736,13468,9091,061641,FEEDER CATTLE - CHICAGO MERCANTILE EXCHANGE ,230.8999938964844,-0.09517286366601435,4377,-0.6928098769818359,5003,0.45965270684371806,0.01383040028370052,0.038735733099209836,0.005661967588897587,0.019597268405741275,-0.045728888707041344
2014-09-30,44174,15338,10468,14126,9533,061641,FEEDER CATTLE - CHICAGO MERCANTILE EXCHANGE ,235.4250030517578,-0.10397518902521845,4593,0.46966731898238745,4870,-0.289193302891933,0.0464939346548882,0.10342555994729907,0.019597268405741275,0.025698218002901285,-0.04649715899191456
2014-10-07,45166,14378,10247,14495,9825,061641,FEEDER CATTLE - CHICAGO MERCANTILE EXCHANGE ,241.4750061035156,-0.10339636009387593,4670,0.17431068049078643,4131,-1.6729297776972878,0.027179276315789473,0.047959390862944165,0.025698218002901285,-0.011388342190665979,-0.04759582776495664
2014-10-14,44825,14669,9812,14155,10045,061641,FEEDER CATTLE - CHICAGO MERCANTILE EXCHANGE ,238.7250061035156,-0.0916899051868377,4110,-1.2398706991985122,4857,1.607403799318071,0.023140495867768594,0.029655651321432948,-0.011388342190665979,0.0009424686939960569,-0.04892007957319717
2014-10-21,44617,14548,9020,14331,10359,061641,FEEDER CATTLE - CHICAGO MERCANTILE EXCHANGE ,238.9499969482422,-0.08902436291099805,3972,-0.3078639152258784,5528,1.4969325153374233,0.019846091535034426,0.03873896809232858,0.0009424686939960569,-0.002824871564672926,-0.05039640436942923
2014-10-28,46768,15332,9449,14701,11109,061641,FEEDER CATTLE - CHICAGO MERCANTILE EXCHANGE ,238.2749938964844,-0.07680465275401985,3592,-0.8516933007598001,5883,0.7956608467624449,0.04339403332041844,0.048948791412775916,-0.002824871564672926,-0.004826330609346341,-0.05166388308341568
2014-11-04,44931,14338,9951,14486,10699,061641,FEEDER CATTLE - CHICAGO MERCANTILE EXCHANGE ,237.125,-0.0842847922369856,3787,0.4169517618884708,4387,-3.1987683886418066,0.024816358943815762,0.0615916670097575,-0.004826330609346341,0.007274669914667742,-0.05240516338689802
2014-11-11,46472,14882,10025,14544,11443,061641,FEEDER CATTLE - CHICAGO MERCANTILE EXCHANGE ,238.8500061035156,-0.06672835255637803,3101,-1.5267855155683159,4857,1.0460483853019074,0.030861584638473084,0.02481230176255671,0.007274669914667742,0.006594083768034942,-0.053094404316795525
2014-11-18,46861,15057,10713,14888,11287,061641,FEEDER CATTLE - CHICAGO MERCANTILE EXCHANGE ,240.4250030517578,-0.07684428415953565,3601,1.0759166810122223,4344,-1.1038905147185403,0.019102196752626553,0.033488552580519984,0.006594083768034942,-0.03764168841378601,-0.05363003903593436
2014-11-25,42546,14752,10488,12460,9702,061641,FEEDER CATTLE - CHICAGO MERCANTILE EXCHANGE ,231.375,-0.06482395524843698,2758,-1.798937282601737,4264,-0.17071765433942937,0.1810757151881599,0.020998415213946117,-0.03764168841378601,0.01804431356783498,-0.05406046115335027
2014-12-02,44631,15275,10787,13118,10118,061641,FEEDER CATTLE - CHICAGO MERCANTILE EXCHANGE ,235.5500030517578,-0.0672178530617732,3000,0.5687961265453862,4488,0.5264889766370516,0.04622138061628508,0.03154017343258384,0.01804431356783498,-0.011780976944685717,-0.054566314764348214
2014-12-09,45441,15813,11300,13635,10127,061641,FEEDER CATTLE - CHICAGO MERCANTILE EXCHANGE ,232.7749938964844,-0.07719900530358047,3508,1.1382223118460262,4513,0.056014877551477674,0.022136183822910528,0.038763692693541844,-0.011780976944685717,-0.05659966980313935,-0.055373191527135796
2014-12-16,44209,14424,9794,13453,10562,061641,FEEDER CATTLE - CHICAGO MERCANTILE EXCHANGE ,219.6000061035156,-0.0653939243140537,2891,-1.357804625778482,4630,0.25747672806496336,0.02569227566104518,0.11953918572962259,-0.05659966980313935,-0.011270519283815172,-0.05603752770332315
2014-12-23,39855,12514,7883,12625,10508,061641,FEEDER CATTLE - CHICAGO MERCANTILE EXCHANGE ,217.125,-0.053117551122820225,2117,-1.7507747291275533,4631,0.0022619828541699653,0.03812735053819219,0.1873314703142619,-0.011270519283815172,0.005526756238305897,-0.05651796552824268
2014-12-30,39349,11708,7767,12730,10160,061641,FEEDER CATTLE - CHICAGO MERCANTILE EXCHANGE ,218.3249969482422,-0.06531296856336882,2570,1.1366202484004515,3941,-1.7312758750470454,0.01979030144167759,0.04734274711168164,0.005526756238305897,0.029199588178678848,-0.05734082685802859
2015-01-06,40489,10808,8170,13938,9930,061641,FEEDER CATTLE - CHICAGO MERCANTILE EXCHANGE,224.6999969482422,-0.09898984909481588,4008,3.6544766067752676,2638,-3.3113929197692444,0.060248030836266134,0.06865844662240489,0.029199588178678848,-0.014018664616225807,-0.05846648176859943
2015-01-13,41785,11535,7891,13867,9216,061641,FEEDER CATTLE - CHICAGO MERCANTILE EXCHANGE,221.5500030517578,-0.11130788560488214,4651,1.5880856528933784,3644,2.484625453826965,0.03400771130269029,0.05178626582930094,-0.014018664616225807,-0.031934086440023046,-0.05989623855621629
2015-01-20,41516,11875,8190,13858,9280,061641,FEEDER CATTLE - CHICAGO MERCANTILE EXCHANGE,214.4750061035156,-0.11027073899219578,4578,-0.1747038410913007,3685,0.09812133540744288,0.0031549831446105975,0.03184649887864441,-0.031934086440023046,-0.017251484330278566,-0.06137708255092478
2015-01-27,41292,12135,8493,14327,9516,061641,FEEDER CATTLE - CHICAGO MERCANTILE EXCHANGE,210.7749938964844,-0.11651167296328586,4811,0.5612294055303979,3642,-0.10357452548415069,0.029568426791930547,0.027292999806088812,-0.017251484330278566,-0.05349303391284532,-0.06278011268349735
2015-02-03,36983,10072,8405,13884,7564,061641,FEEDER CATTLE - CHICAGO MERCANTILE EXCHANGE,199.5,-0.17088932752886463,6320,3.6544609125254284,1667,-4.78300881526688,0.11166542334949646,0.1164150024354603,-0.05349303391284532,0.012656611009946861,-0.06530550907048192
2015-02-10,36659,9371,8853,13820,7218,061641,FEEDER CATTLE - CHICAGO MERCANTILE EXCHANGE,202.0249938964844,-0.18009220109659294,6602,0.7625125057458833,518,-3.106832869156099,0.019488544538454226,0.06304872695346796,0.012656611009946861,-0.002846167383313114,-0.06786617363103574
2015-02-17,38487,9578,9354,13791,7412,061641,FEEDER CATTLE - CHICAGO MERCANTILE EXCHANGE,201.4499969482422,-0.16574427728843505,6379,-0.608309010065741,224,-0.8019858697727706,0.010517379616092063,0.037396999788717515,-0.002846167383313114,-0.02903941887986028,-0.07033445198580962
2015-02-24,39531,9781,8712,13522,7837,061641,FEEDER CATTLE - CHICAGO MERCANTILE EXCHANGE,195.6000061035156,-0.14381118615769903,5685,-1.803206277444332,1069,2.1955465481851015,0.032492157872559574,0.045692964905639975,-0.02903941887986028,0.03642637923144698,-0.07245873719817082
2015-03-03,39793,10597,9056,14357,8350,061641,FEEDER CATTLE - CHICAGO MERCANTILE EXCHANGE,202.7250061035156,-0.1509561983263388,6007,0.8145506058536339,1541,1.1939996458475628,0.05936495353855639,0.05902406757238081,0.03642637923144698,0.04686151048948095,-0.07458259163569604
2015-03-10,40547,12058,10515,13958,7853,061641,FEEDER CATTLE - CHICAGO MERCANTILE EXCHANGE,212.2250061035156,-0.15056600981576934,6105,0.24627447038423844,1543,0.005026009599678335,0.04108018889551144,0.1293580826651309,0.04686151048948095,-0.0030628301876752806,-0.07673886739701809
2015-03-17,41662,12890,10361,14457,8383,061641,FEEDER CATTLE - CHICAGO MERCANTILE EXCHANGE,211.5749969482422,-0.14579232874081896,6074,-0.07645448491873628,2529,2.4317458751572247,0.045052539404553414,0.04240677820308804,-0.0030628301876752806,0.026468184730190858,-0.07920095402309676
2015-03-24,42131,13076,11184,14510,8592,061641,FEEDER CATTLE - CHICAGO MERCANTILE EXCHANGE,217.1750030517578,-0.14046663976644277,5918,-0.37444193749699967,1892,-1.5289712447794153,0.011341009436412431,0.04159109645507007,0.026468184730190858,0.004374338367182151,-0.08172663986197391
2015-03-31,40786,13055,10187,13669,8538,061641,FEEDER CATTLE - CHICAGO MERCANTILE EXCHANGE,218.125,-0.12580297160790468,5131,-1.8679831952718902,2868,2.316583988037312,0.0403026072859909,0.04380001721022287,0.004374338367182151,-0.002063023258416896,-0.08399049309751068
2015-04-07,41392,14010,10380,13772,9488,061641,FEEDER CATTLE - CHICAGO MERCANTILE EXCHANGE,217.6750030517578,-0.10349826053343641,4284,-2.076692982886285,3630,1.8682881380865983,0.04527085124677558,0.04706847068470685,-0.002063023258416896,-0.020558199337438743,-0.08541293367872498
2015-04-14,39896,13106,8631,12981,8968,061641,FEEDER CATTLE - CHICAGO MERCANTILE EXCHANGE,213.1999969482422,-0.10058652496490876,4013,-0.6547158871279474,4475,2.041457286432161,0.05972937263656659,0.12204996089616782,-0.020558199337438743,-0.0025797516868225623,-0.08678237291735
2015-04-21,38531,13379,8104,12526,9566,061641,FEEDER CATTLE - CHICAGO MERCANTILE EXCHANGE,212.6499938964844,-0.0768212608029898,2960,-2.6393623420894325,5275,2.0052135552436336,0.04766431287343835,0.03723874691616627,-0.0025797516868225623,0.015636079484910637,-0.0873837498215608
2015-04-28,37967,12922,8266,12532,9616,061641,FEEDER CATTLE - CHICAGO MERCANTILE EXCHANGE,215.9750061035156,-0.07680353991624306,2916,-0.11419376605849836,4656,-1.6064986634138745,0.0025284450063211127,0.02921464980177459,0.015636079484910637,-0.002778127498827443,-0.0880666386649734
2015-05-05,38443,12871,8718,12439,9261,061641,FEEDER CATTLE - CHICAGO MERCANTILE EXCHANGE,215.375,-0.08266784590172463,3178,0.6900729580951879,4153,-1.32483472489267,0.02064516129032258,0.023298902218722498,-0.002778127498827443,0.010795110612848324,-0.0885956467748253
2015-05-12,37919,14448,8486,10877,9952,061641,FEEDER CATTLE - CHICAGO MERCANTILE EXCHANGE,217.6999969482422,-0.024394103220021626,925,-5.8606248211638015,5962,4.7056681320396425,0.1081664986317154,0.07887852097322752,0.010795110612848324,0.007579279643562309,-0.08823772009815017
2015-05-19,38931,15570,8426,11085,11155,061641,FEEDER CATTLE - CHICAGO MERCANTILE EXCHANGE,219.3500061035156,0.0017980529655030695,-70,-2.624014346369894,7144,3.117170811466547,0.06344424460431655,0.049258209701616935,0.007579279643562309,0.001139730991764898,-0.08788897929447821
2015-05-26,38630,16144,8159,10682,11777,061641,FEEDER CATTLE - CHICAGO MERCANTILE EXCHANGE,219.6000061035156,0.028345845198032616,-1095,-2.632863270915209,7985,2.1602322056972594,0.04563871944432076,0.03460478130271983,0.001139730991764898,0.01696261721855641,-0.08674494974926777
2015-06-02,41208,17948,9031,10912,13136,061641,FEEDER CATTLE - CHICAGO MERCANTILE EXCHANGE,223.3249969482422,0.0539701028926422,-2224,-2.922599016308568,8917,2.4126326689101734,0.06607618097139055,0.09918825753363728,0.01696261721855641,0.004030042169806958,-0.08534370775258401
2015-06-09,42901,18064,9946,11694,13198,061641,FEEDER CATTLE - CHICAGO MERCANTILE EXCHANGE,224.2250061035156,0.03505745786811496,-1504,1.7472335468841003,8118,-1.9389438943894388,0.03390647597621726,0.036808282756158515,0.004030042169806958,0.002787378673150487,-0.08372210964662509
2015-06-16,44762,18234,10690,12427,13287,061641,FEEDER CATTLE - CHICAGO MERCANTILE EXCHANGE,224.8500061035156,0.01921272507930834,-860,1.5011305097783267,7544,-1.337964150019813,0.031967021855798396,0.03160005531738349,0.002787378673150487,0.002223704631654888,-0.08221378404926674
2015-06-23,46704,19728,10999,12668,13654,061641,FEEDER CATTLE - CHICAGO MERCANTILE EXCHANGE,225.3500061035156,0.021111682082905106,-986,-0.2814887627898664,8729,2.647334792904696,0.023098548742496772,0.05867803560386631,0.002223704631654888,-0.047148878243736814,-0.0805520624837887
2015-06-30,43410,17078,8830,12224,12811,061641,FEEDER CATTLE - CHICAGO MERCANTILE EXCHANGE,214.7250061035156,0.013522229900944482,-587,0.85431654676259,8248,-1.0298903734155533,0.05140802875973637,0.18600432298903813,-0.047148878243736814,0.011177058229200343,-0.07897157039842204
2015-07-07,43125,16559,8792,12288,13311,061641,FEEDER CATTLE - CHICAGO MERCANTILE EXCHANGE,217.125,0.023721739130434783,-1023,-1.004376871688551,7767,-1.1080396222068647,0.022032110629321457,0.021971519861149463,0.011177058229200343,-0.013010924344235786,-0.07710785159627954
2015-07-14,42628,14876,8298,11981,12008,061641,FEEDER CATTLE - CHICAGO MERCANTILE EXCHANGE,214.3000030517578,0.0006333865065215351,-27,2.3095652173913046,6578,-2.7571014492753623,0.06711409395973154,0.09394148614826961,-0.013010924344235786,-0.005716313980731802,-0.0757822917262199
2015-07-21,42992,15704,8394,11903,12550,061641,FEEDER CATTLE - CHICAGO MERCANTILE EXCHANGE,213.0749969482422,0.015049311499813919,-647,-1.454443089049451,7310,1.7171811954583842,0.02535476219686746,0.03834343099012366,-0.005716313980731802,-0.008565045051651454,-0.07422464463800588
2015-07-28,41862,15607,8575,11382,12545,061641,FEEDER CATTLE - CHICAGO MERCANTILE EXCHANGE,211.25,0.027781759113276957,-1163,-1.2002232973576479,7032,-0.6466319315221436,0.0219835332469595,0.011496154164254405,-0.008565045051651454,0.012781050642566516,-0.07258226450333777
2015-08-04,42493,15724,9061,11354,12472,061641,FEEDER CATTLE - CHICAGO MERCANTILE EXCHANGE,213.9499969482422,0.02631021580024945,-1118,0.1074960584778558,6663,-0.8814676795184175,0.004239066565936372,0.0243292313899536,0.012781050642566516,0.0005842486645617484,-0.07081975559092425
2015-08-11,42074,15616,9458,11647,12232,061641,FEEDER CATTLE - CHICAGO MERCANTILE EXCHANGE,214.0749969482422,0.013904073774777773,-585,1.2543242416397995,6158,-1.1884310356999976,0.022320867708027974,0.0201403844619925,0.0005842486645617484,0.0022188770771323085,-0.0695664040211748
2015-08-18,43275,16361,10017,11324,12069,061641,FEEDER CATTLE - CHICAGO MERCANTILE EXCHANGE,214.5500030517578,0.017215482380127094,-745,-0.3802823596520416,6344,0.4420782430954984,0.02077544564613346,0.049435135340056106,0.0022188770771323085,-0.017012393863228614,-0.06805568549285555
2015-08-25,41363,13771,10690,12425,9548,061641,FEEDER CATTLE - CHICAGO MERCANTILE EXCHANGE,210.8999938964844,-0.06955491622948046,2877,8.369728480647025,3081,-7.540150202195263,0.1648386656350976,0.13339601815134294,-0.017012393863228614,-0.050379328153110525,-0.06806760983335826
2015-09-01,34320,10508,9536,11972,6838,061641,FEEDER CATTLE - CHICAGO MERCANTILE EXCHANGE,200.2749938964844,-0.1495920745920746,5134,5.456567463675265,972,-5.098759761139182,0.1681552365762892,0.22036519656755138,-0.050379328153110525,0.020097412447575902,-0.06898674059283963
2015-09-08,35844,10932,9898,11462,6544,061641,FEEDER CATTLE - CHICAGO MERCANTILE EXCHANGE,204.3000030517578,-0.13720566901015513,4918,-0.6293706293706294,1034,0.18065268065268067,0.04465178273908697,0.03773403744599136,0.020097412447575902,-0.029246235997372416,-0.06961151478301107
2015-09-15,36558,10175,9652,12098,6759,061641,FEEDER CATTLE - CHICAGO MERCANTILE EXCHANGE,198.3249969482422,-0.14604190601236391,5339,1.1745340921772125,523,-1.4256221403861176,0.04512912976613459,0.05058758258939829,-0.029246235997372416,-0.013235850449477393,-0.07041767969574401
2015-09-22,38008,10196,10439,13337,7567,061641,FEEDER CATTLE - CHICAGO MERCANTILE EXCHANGE,195.6999969482422,-0.15181014523258263,5770,1.178948520159746,-243,-2.095300618195744,0.0979238423268274,0.03915677247395202,-0.013235850449477393,-0.0760091989369528,-0.07150685818740879
2015-09-29,35702,9293,10212,12795,7079,061641,FEEDER CATTLE - CHICAGO MERCANTILE EXCHANGE,180.8249969482422,-0.16010307545795754,5716,-0.14207535255735634,-919,-1.7785729320143127,0.0518265069940626,0.05793386311202256,-0.0760091989369528,0.009401338182954966,-0.07258624061880763
2015-10-06,34932,9626,10564,12301,7426,061641,FEEDER CATTLE - CHICAGO MERCANTILE EXCHANGE,182.5249938964844,-0.13955685331501202,4875,-2.355610329953504,-938,-0.05321830709764159,0.042631925786992445,0.03392768697374938,0.009401338182954966,0.039309701639146155,-0.07328163471921409
2015-10-13,35041,9546,10423,13003,7514,061641,FEEDER CATTLE - CHICAGO MERCANTILE EXCHANGE,189.6999969482422,-0.15664507291458576,5489,1.7577006755983053,-877,0.17462498568647658,0.03850465467660964,0.011067154088837699,0.039309701639146155,0.027279932182443734,-0.07453077256013232
2015-10-20,33766,9651,10116,12091,6899,061641,FEEDER CATTLE - CHICAGO MERCANTILE EXCHANGE,194.875,-0.15376414144405615,5192,-0.8475785508404441,-465,1.1757655318055993,0.08041074249605056,0.020842818839479943,0.027279932182443734,-0.011674118776058506,-0.07577576830115265
2015-10-27,34313,10749,9519,12115,7507,061641,FEEDER CATTLE - CHICAGO MERCANTILE EXCHANGE,192.6000061035156,-0.13429312505464402,4608,-1.7295504353491677,1230,5.019842445063081,0.032208745285903576,0.08362936648904677,-0.011674118776058506,-0.010124673651272564,-0.07688131584539544
2015-11-03,34198,10851,9678,12535,7628,061641,FEEDER CATTLE - CHICAGO MERCANTILE EXCHANGE,190.6499938964844,-0.1434879232703667,4907,0.8713898522425902,1173,-0.166117797919156,0.02683132470366513,0.012713722051731697,-0.010124673651272564,-0.10018353766692045,-0.07801983759603738
2015-11-10,34728,10256,10886,11774,6460,061641,FEEDER CATTLE - CHICAGO MERCANTILE EXCHANGE,171.5500030517578,-0.15301773784842201,5314,1.1901280776653607,-630,-5.272238142581438,0.10579137874300756,0.08528048434395989,-0.10018353766692045,0.01122123589340318,-0.07967924885165362
2015-11-17,35149,11614,11795,11279,6108,061641,FEEDER CATTLE - CHICAGO MERCANTILE EXCHANGE,173.47500610351562,-0.14711656092634215,5171,-0.4117714812255241,-181,1.2929048606311908,0.04871455685282107,0.09684309453628946,0.01122123589340318,-0.050727786379247575,-0.08103063878947682
2015-11-24,33664,11263,11221,10633,5972,061641,FEEDER CATTLE - CHICAGO MERCANTILE EXCHANGE,164.6750030517578,-0.13845651140684412,4661,-1.4509658880764744,42,0.6344419471393211,0.04709424872026498,0.04114036648283224,-0.050727786379247575,-0.0016700115389522985,-0.0824466494848308
2015-12-01,34973,11891,11597,11055,6348,061641,FEEDER CATTLE - CHICAGO MERCANTILE EXCHANGE,164.39999389648438,-0.1345895405026735,4707,0.1366444866920152,294,0.748574144486692,0.04585416307533184,0.04274523160762943,-0.0016700115389522985,-0.06417267752218792,-0.08374225885869425
2015-12-08,34635,13101,11284,9920,6400,061641,FEEDER CATTLE - CHICAGO MERCANTILE EXCHANGE,153.85000610351562,-0.10163129782012416,3520,-3.394046836130729,1817,4.354787979298315,0.07273284313725491,0.06245642813204839,-0.06417267752218792,-0.034611712679740836,-0.08421211063785858
2015-12-15,35640,13764,11507,9349,6615,061641,FEEDER CATTLE - CHICAGO MERCANTILE EXCHANGE,148.52499389648438,-0.07671156004489338,2734,-2.2693806842789086,2257,1.270391222751552,0.04923578050613881,0.035059950140477227,-0.034611712679740836,0.06817034449472326,-0.08442975747883626
2015-12-22,34681,12845,10704,10003,5701,061641,FEEDER CATTLE - CHICAGO MERCANTILE EXCHANGE,158.64999389648438,-0.12404486606499236,4302,4.399551066217732,2141,-0.3254769921436588,0.09984717269485481,0.07312412416663128,0.06817034449472326,0.024109753256763344,-0.08579374430464726
2015-12-29,34560,12489,10283,10112,5548,061641,FEEDER CATTLE - CHICAGO MERCANTILE EXCHANGE,162.47500610351562,-0.1320601851851852,4564,0.7554568784060437,2206,0.18742250800149937,0.01673052362707535,0.034120850166871594,0.024109753256763344,0.03262032678178217,-0.08707734462429756
2016-01-05,35530,12915,9807,11088,6784,061641,FEEDER CATTLE - CHICAGO MERCANTILE EXCHANGE,167.77499389648438,-0.12113706726709823,4304,-0.7523148148148148,3108,2.6099537037037037,0.123769024171889,0.03969720975266262,0.03262032678178217,-0.04500067392419049,-0.08750325266607224
2016-01-12,37005,13561,9899,11315,7472,061641,FEEDER CATTLE - CHICAGO MERCANTILE EXCHANGE,160.22500610351562,-0.103850830968788,3843,-1.297495074584858,3662,1.559245707852519,0.04870389098844946,0.031457800511508954,-0.04500067392419049,-0.022936513726100394,-0.08735984776922426
2016-01-19,36880,13342,9622,11095,6999,061641,FEEDER CATTLE - CHICAGO MERCANTILE EXCHANGE,156.5500030517578,-0.11106290672451193,4096,0.6836913930549925,3720,0.15673557627347656,0.038299988946612136,0.021599024560181153,-0.022936513726100394,0.029064215669504012,-0.0873750817640765
2016-01-26,36849,13289,10294,11230,6830,061641,FEEDER CATTLE - CHICAGO MERCANTILE EXCHANGE,161.10000610351562,-0.11940622540638823,4400,0.824295010845987,2995,-1.965835140997831,0.016832779623477297,0.030742483992706612,0.029064215669504012,-0.02017380432569127,-0.08743074623413616
2016-02-02,37387,12784,9837,11805,7270,061641,FEEDER CATTLE - CHICAGO MERCANTILE EXCHANGE,157.85000610351562,-0.12129884719287452,4535,0.36636000976960026,2947,-0.13026133680696897,0.05321100917431193,0.04252685557667654,-0.02017380432569127,-0.056065921832856525,-0.08647708315075174
2016-02-09,38608,13258,11510,11652,6660,061641,FEEDER CATTLE - CHICAGO MERCANTILE EXCHANGE,149.0,-0.12929962702030667,4992,1.2223500147109958,1748,-3.206997084548105,0.041666666666666664,0.0866844315245478,-0.056065921832856525,0.03691275167785224,-0.08550030288005392
2016-02-16,39377,13202,10535,11808,7039,061641,FEEDER CATTLE - CHICAGO MERCANTILE EXCHANGE,154.5,-0.1211113086319425,4769,-0.5776004973062578,2667,2.380335681723995,0.028386480606993156,0.043434300880481946,0.03691275167785224,0.016343002566241882,-0.08464197655973676
2016-02-23,40145,13510,10822,11902,6829,061641,FEEDER CATTLE - CHICAGO MERCANTILE EXCHANGE,157.02499389648438,-0.12636691991530702,5073,0.7720242781319043,2688,0.05333062447621708,0.01622977950990337,0.024453394706559262,0.016343002566241882,0.006527681548258224,-0.08430650990122922
2016-03-01,40972,13835,10022,12423,7510,061641,FEEDER CATTLE - CHICAGO MERCANTILE EXCHANGE,158.0500030517578,-0.11991115884018354,4913,-0.39855523726491465,3813,2.8023415120189314,0.06030201173932674,0.04715597099383829,0.006527681548258224,0.005852597493812839,-0.08370948991111084
2016-03-08,40546,14480,10542,12626,7203,061641,FEEDER CATTLE - CHICAGO MERCANTILE EXCHANGE,158.97500610351562,-0.13374932175800325,5423,1.24475251391194,3938,0.30508640046861274,0.025719905189369105,0.04655902805531133,0.005852597493812839,0.03145148487520277,-0.08338609206384612
2016-03-15,42580,16345,11231,12360,8350,061641,FEEDER CATTLE - CHICAGO MERCANTILE EXCHANGE,163.97500610351562,-0.09417566932832315,4010,-3.484930695999605,5114,2.9004094115325803,0.06822790922259778,0.09261676820423556,0.03145148487520277,-0.014788857822800927,-0.0823934639982212
2016-03-22,41832,16243,11485,12575,8776,061641,FEEDER CATTLE - CHICAGO MERCANTILE EXCHANGE,161.5500030517578,-0.0908156435264869,3799,-0.49553781117895723,4758,-0.8360732738374824,0.030022013020467427,0.012839007501442585,-0.014788857822800927,-0.0035592506182619,-0.08143863714745282
2016-03-29,38738,13968,10581,11568,7235,061641,FEEDER CATTLE - CHICAGO MERCANTILE EXCHANGE,160.97500610351562,-0.11185399349475966,4333,1.27653471026965,3387,-3.277395295467585,0.13551029091102484,0.129496109821174,-0.0035592506182619,-0.05187144455298931,-0.08117038756835387
2016-04-05,39179,13476,10911,12242,7402,061641,FEEDER CATTLE - CHICAGO MERCANTILE EXCHANGE,152.625,-0.12353556752341815,4840,1.3087924002271671,2565,-2.1219474417884245,0.04281205457137039,0.033706482962233976,-0.05187144455298931,0.017362777372543103,-0.0815557203950843
2016-04-12,40306,13369,12496,12844,7462,061641,FEEDER CATTLE - CHICAGO MERCANTILE EXCHANGE,155.27499389648438,-0.13352850692204635,5382,1.3833941652415835,873,-4.318640087802139,0.032601201615286124,0.0654165861202397,0.017362777372543103,-0.03284489483301167,-0.08218922004810618
2016-04-19,41974,14426,13625,13334,8305,061641,FEEDER CATTLE - CHICAGO MERCANTILE EXCHANGE,150.1750030517578,-0.11981226473531234,5029,-0.87580012901305,801,-0.17863345407631617,0.06160173760340126,0.07792948557983673,-0.03284489483301167,-0.023972072784142928,-0.08301597012372777
2016-04-26,44186,16079,14852,13046,9465,061641,FEEDER CATTLE - CHICAGO MERCANTILE EXCHANGE,146.5749969482422,-0.08104376951975739,3581,-3.4497546099966643,1227,1.0149139943774719,0.06432410821376217,0.0931104716950632,-0.023972072784142928,-0.02166128683515478,-0.08309751300071841
2016-05-03,43486,15563,15301,13314,8717,061641,FEEDER CATTLE - CHICAGO MERCANTILE EXCHANGE,143.39999389648438,-0.10571218323138482,4597,2.299370841442991,262,-2.1839496673154395,0.04611683536834461,0.03126620010368066,-0.02166128683515478,0.04741982804173972,-0.08354067333398112
2016-05-10,42055,15847,15226,13063,8739,061641,FEEDER CATTLE - CHICAGO MERCANTILE EXCHANGE,150.1999969482422,-0.10281773867554393,4324,-0.627788253690843,621,0.8255530515568229,0.012521786992019081,0.011553438676664628,0.04741982804173972,-0.004494028398618455,-0.08504882016966422
2016-05-17,40396,15482,14661,12802,8771,061641,FEEDER CATTLE - CHICAGO MERCANTILE EXCHANGE,149.52499389648438,-0.09978710763441925,4031,-0.6967066936155035,821,0.4755677089525621,0.01358179205488342,0.03085293434628272,-0.004494028398618455,-0.023574613210984086,-0.08700238095043197
2016-05-24,40301,15136,15488,13571,8767,061641,FEEDER CATTLE - CHICAGO MERCANTILE EXCHANGE,146.0,-0.11920299744423216,4804,1.9135557976037232,-352,-2.903752846816517,0.03460470946369416,0.03830329153605016,-0.023574613210984086,0.0075342883802440586,-0.08983985869355243
2016-05-31,37704,14771,15102,12865,7735,061641,FEEDER CATTLE - CHICAGO MERCANTILE EXCHANGE,147.10000610351562,-0.13605983450031828,5130,0.8089129302002432,-331,0.052107888141733456,0.08436893203883496,0.025139758310179762,0.0075342883802440586,-0.011216921052418671,-0.09349428056649399
2016-06-07,38926,15029,15494,13845,8120,061641,FEEDER CATTLE - CHICAGO MERCANTILE EXCHANGE,145.4499969482422,-0.14707393515901968,5725,1.5780819011245493,-465,-0.3553999575641842,0.062144320509902116,0.02129541657111031,-0.011216921052418671,-0.022688230464054993,-0.09699680735547736
2016-06-14,40247,15616,16404,13910,8395,061641,FEEDER CATTLE - CHICAGO MERCANTILE EXCHANGE,142.14999389648438,-0.1370288468705742,5515,-0.5394851770025175,-788,-0.829779581770539,0.015243219009190765,0.04675202998126171,-0.022688230464054993,-0.02022511518427228,-0.10000145296989817
2016-06-21,41425,16154,17109,14531,8881,061641,FEEDER CATTLE - CHICAGO MERCANTILE EXCHANGE,139.27499389648438,-0.1363910681955341,5650,0.33542872760702663,-955,-0.4149377593360996,0.047283444387493594,0.03736884826984938,-0.02022511518427228,0.010052121462047925,-0.1030303520137143
2016-06-28,41714,15747,15973,14971,8970,061641,FEEDER CATTLE - CHICAGO MERCANTILE EXCHANGE,140.6750030517578,-0.1438605743874958,6001,0.8473144236572118,-226,1.7598068799034399,0.022095985965498516,0.04864438839848676,0.010052121462047925,0.024169140378361487,-0.10605694440387661
2016-07-05,42730,15718,15473,15516,9789,061641,FEEDER CATTLE - CHICAGO MERCANTILE EXCHANGE,144.0749969482422,-0.13402761525860052,5727,-0.6568538140672197,245,1.1291173227213884,0.053902390831851416,0.01696002051873938,0.024169140378361487,-0.03800097838414951,-0.109090585834435
2016-07-12,43139,16222,15737,15570,9647,061641,FEEDER CATTLE - CHICAGO MERCANTILE EXCHANGE,138.60000610351562,-0.13730035466747026,5923,0.45869412590685704,485,0.5616662766206413,0.007772534401395884,0.02403078944898151,-0.03800097838414951,0.009379420892650092,-0.11174315778008868
2016-07-19,43486,16162,15723,15689,9754,061641,FEEDER CATTLE - CHICAGO MERCANTILE EXCHANGE,139.89999389648438,-0.1364807064342547,5935,0.027817056491805558,439,-0.10663204988525464,0.008882600322289038,0.0023208405206209815,0.009379420892650092,0.018227327827080808,-0.11465719658651308
2016-07-26,43490,15880,15349,15269,9918,061641,FEEDER CATTLE - CHICAGO MERCANTILE EXCHANGE,142.4499969482422,-0.12303977925959991,5351,-1.3429609529503748,531,0.21156234190314124,0.023186564497558265,0.021006116110025938,0.018227327827080808,0.021235585960542647,-0.11755761078599147
2016-08-02,44997,16484,14894,14934,10451,061641,FEEDER CATTLE - CHICAGO MERCANTILE EXCHANGE,145.47500610351562,-0.09962886414649866,4483,-1.9958611174982754,1590,2.435042538514601,0.034193421311798304,0.033749760979029896,0.021235585960542647,0.03230793436020085,-0.11997951616958277
2016-08-09,45485,16956,13372,14053,10038,061641,FEEDER CATTLE - CHICAGO MERCANTILE EXCHANGE,150.1750030517578,-0.08827085852478839,4015,-1.0400693379558636,3584,4.4314065382136585,0.05371300485658545,0.06574782379319441,0.03230793436020085,-0.02030965866341039,-0.12194441871380522
2016-08-16,44251,16158,12108,13322,9965,061641,FEEDER CATTLE - CHICAGO MERCANTILE EXCHANGE,147.125,-0.07586269236853405,3357,-1.446630757392547,4050,1.0245135759041442,0.03452570103491218,0.07294983372249346,-0.02030965866341039,-0.004587956171675844,-0.12373438361281794
2016-08-23,42493,17248,11772,11655,10157,061641,FEEDER CATTLE - CHICAGO MERCANTILE EXCHANGE,146.4499969482422,-0.03525286517779399,1498,-4.201035004858647,5476,3.2225260446091615,0.08522831468916194,0.04913852515506547,-0.004587956171675844,-0.026800977354372812,-0.12307472878490087
2016-08-30,40598,16054,13203,12020,9144,061641,FEEDER CATTLE - CHICAGO MERCANTILE EXCHANGE,142.52499389648438,-0.07084092812453816,2876,3.242887063751677,2851,-6.177488056856424,0.06511056511056511,0.08972211778377824,-0.026800977354372812,-0.08437112374281597,-0.12156028366052517
2016-09-06,42055,16384,14735,11935,9364,061641,FEEDER CATTLE - CHICAGO MERCANTILE EXCHANGE,130.5,-0.06113422898585186,2571,-0.7512685353958324,1649,-2.9607369821173455,0.014319921123057421,0.05983482759728783,-0.08437112374281597,0.022030651340996243,-0.1200973713523655
2016-09-13,41330,16317,15289,10991,7822,061641,FEEDER CATTLE - CHICAGO MERCANTILE EXCHANGE,133.375,-0.07667553834986693,3169,1.4219474497681608,1028,-1.4766377362977054,0.13214266730452348,0.01964816806935392,0.022030651340996243,0.014620408234243154,-0.11876340274347133
2016-09-20,43446,17239,16222,11153,8083,061641,FEEDER CATTLE - CHICAGO MERCANTILE EXCHANGE,135.3249969482422,-0.07066243152419095,3070,-0.2395354464069683,1017,-0.02661504960077426,0.021990018714909545,0.05543767370969188,0.014620408234243154,-0.0036948088769677145,-0.11720286978754071
2016-09-27,44354,17857,17978,11420,7951,061641,FEEDER CATTLE - CHICAGO MERCANTILE EXCHANGE,134.8249969482422,-0.0782116607295847,3469,0.9183814390277587,-121,-2.6193435529162636,0.020597800836301687,0.06624808148458211,-0.0036948088769677145,-0.05062115410884993,-0.11562803488891817
2016-10-04,43223,18331,18006,11704,8195,061641,FEEDER CATTLE - CHICAGO MERCANTILE EXCHANGE,128.0,-0.08118362908636606,3509,0.09018352347026198,325,1.005546286693421,0.026533996683250415,0.013815119575088753,-0.05062115410884993,-0.0302734375,-0.11450547288452112
2016-10-11,42511,18481,18523,10600,6990,061641,FEEDER CATTLE - CHICAGO MERCANTILE EXCHANGE,124.125,-0.08491919738420645,3610,0.23367188765240726,-42,-0.8490849779052819,0.1312677657760091,0.018025078369905956,-0.0302734375,-0.016918416709938322,-0.11312612912432152
2016-10-18,43831,18790,18261,10265,7210,061641,FEEDER CATTLE - CHICAGO MERCANTILE EXCHANGE,122.0250015258789,-0.06969952773151422,3055,-1.3055444473195172,529,1.3431817647197195,0.03175965665236052,0.01541118998137702,-0.016918416709938322,-0.0038926323964877385,-0.11150950193754186
2016-10-25,43585,19323,18574,10815,7250,061641,FEEDER CATTLE - CHICAGO MERCANTILE EXCHANGE,121.5500030517578,-0.08179419525065963,3565,1.1635600374164403,749,0.5019278592776801,0.032659839468585666,0.02232366678101169,-0.0038926323964877385,0.038050184153682,-0.1104999071336191
2016-11-01,42142,18119,17443,10821,7575,061641,FEEDER CATTLE - CHICAGO MERCANTILE EXCHANGE,126.1750030517578,-0.07702529542973756,3246,-0.7319031776987496,676,-0.16748881495927498,0.017993041965644704,0.06565997412968899,0.038050184153682,-0.014067774780641584,-0.10922177967514544
2016-11-08,42066,17348,17473,11962,7930,061641,FEEDER CATTLE - CHICAGO MERCANTILE EXCHANGE,124.4000015258789,-0.09584937954642704,4032,1.8651226804612977,-125,-1.90071662474491,0.07520611301025538,0.023003360041354354,-0.014067774780641584,0.01768486271107106,-0.10812238816933786
2016-11-15,43337,18576,16888,11456,8453,061641,FEEDER CATTLE - CHICAGO MERCANTILE EXCHANGE,126.5999984741211,-0.06929413664997577,3003,-2.4461560405077734,1688,4.309893976132743,0.05168516751218042,0.05112226483194225,0.01768486271107106,-0.02014214417928728,-0.10662580308710005
2016-11-22,43410,18749,15505,11706,8967,061641,FEEDER CATTLE - CHICAGO MERCANTILE EXCHANGE,124.0500030517578,-0.0630960608154803,2739,-0.6091792232964903,3244,3.590465422156587,0.03695641658201519,0.04542535178373329,-0.02014214417928728,0.02357916445308672,-0.10517656365265074
2016-11-29,44967,19060,15612,12523,9380,061641,FEEDER CATTLE - CHICAGO MERCANTILE EXCHANGE,126.9749984741211,-0.06989570129205862,3143,0.930661137986639,3448,0.469937802349689,0.05615669086426517,0.012055837563451776,0.02357916445308672,-0.0009844457688690245,-0.10393245136013893
2016-12-06,46152,19143,15244,13101,9723,061641,FEEDER CATTLE - CHICAGO MERCANTILE EXCHANGE,126.8499984741211,-0.07319292771710868,3378,0.5226054662307915,3899,1.0029577245535615,0.040352260778128285,0.013115421525576525,-0.0009844457688690245,0.016752129719797004,-0.10338555962738863
2016-12-13,44415,20407,14679,10281,7916,061641,FEEDER CATTLE - CHICAGO MERCANTILE EXCHANGE,128.97500610351562,-0.053247776652031974,2365,-2.1949211301785407,5728,3.9629918530074533,0.25427268231027095,0.05212905432366186,0.016752129719797004,0.007947228904658488,-0.10293433302367974
2016-12-20,43627,20580,14115,10242,8222,061641,FEEDER CATTLE - CHICAGO MERCANTILE EXCHANGE,130.0,-0.046301602218809454,2020,-0.7767646065518407,6465,1.659349318923787,0.018685008665511264,0.02124225392707883,0.007947228904658488,-0.00038463885967543465,-0.10143927025740701
2016-12-27,44751,20793,13862,10539,8671,061641,FEEDER CATTLE - CHICAGO MERCANTILE EXCHANGE,129.9499969482422,-0.041742083975777076,1868,-0.34840809590391275,6931,1.0681458729685744,0.03883394065590838,0.013446833068821239,-0.00038463885967543465,0.001923816897814623,-0.09970238369568761
2017-01-03,45994,21511,13975,10882,9334,061641,FEEDER CATTLE - CHICAGO MERCANTILE EXCHANGE,130.1999969482422,-0.033656563899639086,1548,-0.715067819713526,7536,1.3519250966458851,0.04976256430550059,0.02341768584794003,0.001923816897814623,0.019201229328705827,-0.09802006632323647
2017-01-10,48416,21738,13765,11519,10657,061641,FEEDER CATTLE - CHICAGO MERCANTILE EXCHANGE,132.6999969482422,-0.01780403172504957,862,-1.4914988911597165,7973,0.9501239292081576,0.08838383838383838,0.012308818973044531,0.019201229328705827,-0.013375990484586708,-0.09636532018393382
2017-01-17,50497,22727,12981,12202,12941,061641,FEEDER CATTLE - CHICAGO MERCANTILE EXCHANGE,130.9250030517578,0.014634532744519476,-739,-3.306758096497026,9746,3.662012557832121,0.11800501133516286,0.04965273888204324,-0.013375990484586708,0.011456940729701603,-0.0939480617326063
2017-01-24,52053,23959,12978,12384,13825,061641,FEEDER CATTLE - CHICAGO MERCANTILE EXCHANGE,132.4250030517578,0.027683322767179604,-1441,-1.3901815949462344,10981,2.445689842960968,0.04067305124193979,0.033435308768985025,0.011456940729701603,-0.07287144650551558,-0.0911194165754223
2017-01-31,49614,22364,11936,12544,13812,061641,FEEDER CATTLE - CHICAGO MERCANTILE EXCHANGE,122.7750015258789,0.025557302374329825,-1268,0.33235356271492517,10428,-1.0623787293719862,0.006563970253452725,0.0768804664723032,-0.07287144650551558,0.01181019694743446,-0.08829525985297605
2017-02-07,48696,20962,12052,12623,12722,061641,FEEDER CATTLE - CHICAGO MERCANTILE EXCHANGE,124.2249984741211,0.0020330211927057666,-99,2.3561897851412907,8910,-3.0596202684726084,0.04612349575853226,0.045980493124129156,0.01181019694743446,-0.0018112173627272687,-0.08576963200272583
2017-02-14,51212,20049,12851,13556,11725,061641,FEEDER CATTLE - CHICAGO MERCANTILE EXCHANGE,124.0,-0.03575333906115754,1831,3.96336454739609,7198,-3.5156891736487594,0.0763419168545548,0.05203647416413374,-0.0018112173627272687,0.004435508481917649,-0.08412813258790303
2017-02-21,50956,19844,12468,14033,12536,061641,FEEDER CATTLE - CHICAGO MERCANTILE EXCHANGE,124.5500030517578,-0.029378287149697778,1497,-0.6521908927595095,7376,0.34757478715925955,0.04847754902329783,0.018197573656845753,0.004435508481917649,0.004215125520842022,-0.08226296657317977
2017-02-28,50958,19008,12253,15853,13283,061641,FEEDER CATTLE - CHICAGO MERCANTILE EXCHANGE,125.0749969482422,-0.05043369049020762,2570,2.1057382840097336,6755,-1.2186984849674227,0.08810406370126304,0.03362016570167301,0.004215125520842022,-0.008994603457520345,-0.08092686141260332
2017-03-07,50008,18617,12776,16147,12992,061641,FEEDER CATTLE - CHICAGO MERCANTILE EXCHANGE,123.9499969482422,-0.06308990561510158,3155,1.1480042387848817,5841,-1.7936339730758664,0.02007618655410275,0.029114770808779028,-0.008994603457520345,0.0314643132061343,-0.07956802648677827
2017-03-14,49791,19999,11447,14867,12956,061641,FEEDER CATTLE - CHICAGO MERCANTILE EXCHANGE,127.8499984741211,-0.03838043019822859,1911,-2.4876019836826107,8552,5.421132618780995,0.04729899723250548,0.08621128283406475,0.0314643132061343,0.03245992628399552,-0.07849504111889184
2017-03-21,55188,23213,10888,15938,15270,061641,FEEDER CATTLE - CHICAGO MERCANTILE EXCHANGE,132.0,-0.012104080597231281,668,-2.4964350987126185,12325,7.577674680163082,0.10846577800563958,0.11064191665933551,0.03245992628399552,0.0026515613902697854,-0.07698135721640617
2017-03-28,57771,26409,11037,15817,17540,061641,FEEDER CATTLE - CHICAGO MERCANTILE EXCHANGE,132.35000610351562,0.029824652507313358,-1723,-4.332463579038921,15372,5.521127781401754,0.07167910783343825,0.08932863323185387,0.0026515613902697854,-0.010011425356451498,-0.07425676787021246
2017-04-04,57891,27557,10673,15135,18144,061641,FEEDER CATTLE - CHICAGO MERCANTILE EXCHANGE,131.02499389648438,0.05197699124216199,-3009,-2.2260303612539163,16884,2.6172300981461287,0.038642988070555,0.03955009155113785,-0.010011425356451498,0.04693767938758486,-0.07088152635548975
2017-04-11,59296,27969,11105,14055,17106,061641,FEEDER CATTLE - CHICAGO MERCANTILE EXCHANGE,137.1750030517578,0.05145372369131139,-3051,-0.07255013732704566,16864,-0.03454768444145031,0.06796957735631078,0.021600040947944925,0.04693767938758486,0.010934936880840018,-0.06732417576677133
2017-04-18,60183,28160,11026,14576,18214,061641,FEEDER CATTLE - CHICAGO MERCANTILE EXCHANGE,138.6750030517578,0.06044896399315421,-3638,-0.9899487317862925,17134,0.4553426875337291,0.04967978042086002,0.006890215893431328,0.010934936880840018,0.00036057725370408633,-0.0638576136758393
2017-04-25,58423,28505,12041,14996,18439,061641,FEEDER CATTLE - CHICAGO MERCANTILE EXCHANGE,138.72500610351562,0.05893226982524006,-3443,0.3240117641194357,16464,-1.1132711895385738,0.019291161956034097,0.0335421496571795,0.00036057725370408633,0.07857266835044063,-0.061165766765358565
2017-05-02,59185,28208,12799,15815,18490,061641,FEEDER CATTLE - CHICAGO MERCANTILE EXCHANGE,149.625,0.04519726281997127,-2675,1.3145507762353867,15409,-1.8057956626671003,0.025360734586794928,0.02572731484868437,0.07857266835044063,-0.03408525382466587,-0.05826366203360172
2017-05-09,59364,28168,14020,15739,17681,061641,FEEDER CATTLE - CHICAGO MERCANTILE EXCHANGE,144.52499389648438,0.03271342901421737,-1942,1.238489482132297,14148,-2.1306074174199545,0.026481149012567325,0.029890016118327485,-0.03408525382466587,-0.024736184737726208,-0.055657293424183234
2017-05-16,56980,26673,12372,13874,16814,061641,FEEDER CATTLE - CHICAGO MERCANTILE EXCHANGE,140.9499969482422,0.051597051597051594,-2940,-1.6811535610807897,14301,0.25773195876288657,0.08902502606882169,0.0804968625944423,-0.024736184737726208,0.023412579802819078,-0.0527460595928088
2017-05-23,58558,26925,12837,14286,16925,061641,FEEDER CATTLE - CHICAGO MERCANTILE EXCHANGE,144.25,0.04506642986440794,-2639,0.5282555282555282,14088,-0.37381537381537383,0.016756912626958446,0.018032292138222425,0.023412579802819078,0.03934144229988079,-0.04958703214456571
2017-05-30,54964,25798,11773,13225,16239,061641,FEEDER CATTLE - CHICAGO MERCANTILE EXCHANGE,149.9250030517578,0.054835892584236955,-3014,-0.6403907237269032,14025,-0.10758564158611975,0.05929269617159924,0.05831625455803678,0.03934144229988079,0.03635148799270471,-0.045915960469862724
2017-06-06,57455,27086,12518,14581,17183,061641,FEEDER CATTLE - CHICAGO MERCANTILE EXCHANGE,155.375,0.04528761639543991,-2602,0.7495815442835311,14568,0.9879193654028092,0.07240901649666288,0.05133319866680133,0.03635148799270471,-0.03491554659216611,-0.0422166998630462
2017-06-13,57203,26911,12561,14495,16962,061641,FEEDER CATTLE - CHICAGO MERCANTILE EXCHANGE,149.9499969482422,0.04312710871807423,-2467,0.23496649551823165,14350,-0.3794273779479593,0.009759354038846679,0.005522902310498581,-0.03491554659216611,-0.04018002013407185,-0.038752162255572195
2017-06-20,54708,25739,10871,13655,16953,061641,FEEDER CATTLE - CHICAGO MERCANTILE EXCHANGE,143.9250030517578,0.06028368794326241,-3298,-1.4527210111357798,14868,0.9055469118752513,0.02773784631468897,0.07817536192297186,-0.04018002013407185,0.006600638722241703,-0.03496995540674918
2017-06-27,56313,26608,11019,13645,17679,061641,FEEDER CATTLE - CHICAGO MERCANTILE EXCHANGE,144.875,0.07163532399268376,-4034,-1.3453242670176209,15589,1.3179059735322074,0.023496360618056444,0.027028463603263615,0.006600638722241703,0.016393442622950838,-0.030825803514822652
2017-07-11,58761,25895,11299,14475,17548,061641,FEEDER CATTLE - CHICAGO MERCANTILE EXCHANGE,147.25,0.05229659127652695,-3073,1.7065331273418214,14596,-1.7633583719567418,0.030009680542110357,0.026697854492660107,0.016393442622950838,0.02954163737531834,-0.027242645696839433
2017-07-18,60374,26897,10658,14453,18847,061641,FEEDER CATTLE - CHICAGO MERCANTILE EXCHANGE,151.60000610351562,0.07277967336933117,-4394,-2.248089719371692,16239,2.7960722247749357,0.03966966966966967,0.04374916788709892,0.02954163737531834,-0.03347633247168824,-0.023202645157670173
2017-07-25,60547,26762,11846,15070,18150,061641,FEEDER CATTLE - CHICAGO MERCANTILE EXCHANGE,146.52499389648438,0.05086957239830214,-3080,2.176433564117004,14916,-2.1913406433232847,0.03955448524984949,0.03426750932449233,-0.03347633247168824,0.01808571414884752,-0.019599755180121
2017-08-01,59019,25506,11449,15666,17860,061641,FEEDER CATTLE - CHICAGO MERCANTILE EXCHANGE,149.1750030517578,0.03717446923871973,-2194,1.4633260111979125,14057,-1.4187325548747254,0.026427250492155344,0.04473007712082262,0.01808571414884752,-0.02111619970391765,-0.016518711939768702
2017-08-08,61011,25383,11428,16160,18500,061641,FEEDER CATTLE - CHICAGO MERCANTILE EXCHANGE,146.02499389648438,0.03835373948960023,-2340,-0.24737796302885512,13955,-0.17282570019824126,0.032717830351990766,0.003911874168047594,-0.02111619970391765,-0.004622412745637572,-0.013865200331382185
2017-08-15,56650,23393,10469,13820,16222,061641,FEEDER CATTLE - CHICAGO MERCANTILE EXCHANGE,145.35000610351562,0.042400706090026476,-2402,-0.10162101916047926,12924,-1.6898592057170019,0.15371812795419745,0.08708877207489221,-0.004622412745637572,-0.022531881787064,-0.01135228562725113
2017-08-22,54629,22989,10990,13399,15483,061641,FEEDER CATTLE - CHICAGO MERCANTILE EXCHANGE,142.0749969482422,0.03814823628475718,-2084,0.5613415710503089,11999,-1.6328331862312444,0.04016342358562426,0.027222696371288147,-0.022531881787064,0.003695295910966623,-0.00915976776853399
2017-08-29,53200,23514,10663,12825,15222,061641,FEEDER CATTLE - CHICAGO MERCANTILE EXCHANGE,142.60000610351562,0.04505639097744361,-2397,-0.5729557561002397,12851,1.5596111955188636,0.029771455057581917,0.024929045849547943,0.003695295910966623,-0.00385696373223543,-0.007615358996317883
2017-09-05,50346,22325,9357,12835,15479,061641,FEEDER CATTLE - CHICAGO MERCANTILE EXCHANGE,142.0500030517578,0.05251658523020697,-2644,-0.4642857142857143,12968,0.2199248120300752,0.009429963975418522,0.07875134145571618,-0.00385696373223543,0.04171068584629989,-0.005243099124111246
2017-09-12,51499,23019,9369,12106,15387,061641,FEEDER CATTLE - CHICAGO MERCANTILE EXCHANGE,147.97500610351562,0.06370997495096992,-3281,-1.2652445080046082,13650,1.3546259881619196,0.029862146728258102,0.021798196863035694,0.04171068584629989,0.02432837098319296,-0.002842249048403134
2017-09-19,54152,26010,11538,11869,15467,061641,FEEDER CATTLE - CHICAGO MERCANTILE EXCHANGE,151.5749969482422,0.06644260599793175,-3598,-0.6155459329307366,14472,1.5961474980096702,0.011596429616622769,0.13742409715564077,0.02432837098319296,-0.006597394162188075,-8.99770417146981e-05
2017-09-26,59765,28459,13525,12655,16318,061641,FEEDER CATTLE - CHICAGO MERCANTILE EXCHANGE,150.5749969482422,0.061290052706433534,-3663,-0.12003250110799231,14934,0.8531540847983453,0.056500880129776,0.1056592987804878,-0.006597394162188075,0.012286276878700653,0.0024475707319511573
2017-10-03,59557,28243,13131,13814,17963,061641,FEEDER CATTLE - CHICAGO MERCANTILE EXCHANGE,152.4250030517578,0.06966435515556525,-4149,-0.8131849744833932,15112,0.29783317995482306,0.0882399219561318,0.01474355875670711,0.012286276878700653,0.01082495564014585,0.005291340268204042
2017-10-10,59332,29891,13813,12291,16901,061641,FEEDER CATTLE - CHICAGO MERCANTILE EXCHANGE,154.0749969482422,0.07769837524438751,-4610,-0.7740483906173917,16078,1.6219755864130163,0.08855165798849,0.053313197876624564,0.01082495564014585,-0.01249393535541965,0.00834676342841084
2017-10-17,60746,30845,14125,12510,16947,061641,FEEDER CATTLE - CHICAGO MERCANTILE EXCHANGE,152.14999389648438,0.07304184637671617,-4437,0.2915795860581137,16720,1.08204678756826,0.00899616389992192,0.028152101400933955,-0.01249393535541965,0.01955311352519451,0.011384475808428583
2017-10-24,62895,30955,13937,12656,17515,061641,FEEDER CATTLE - CHICAGO MERCANTILE EXCHANGE,155.125,0.07725574369981715,-4859,-0.6946959470582426,17018,0.4905672801501333,0.02366510887938749,0.006638153791321394,0.01955311352519451,0.02771960065597301,0.014210538720569571
2017-10-31,63489,32281,16633,12936,16602,061641,FEEDER CATTLE - CHICAGO MERCANTILE EXCHANGE,159.4250030517578,0.05774228606530265,-3666,1.8968121472295096,15648,-2.1782335638763017,0.04038865190601937,0.08222594758146952,0.02771960065597301,0.0028226246801206223,0.016893932592030383
2017-11-07,65612,33930,17491,12622,16609,061641,FEEDER CATTLE - CHICAGO MERCANTILE EXCHANGE,159.875,0.06076632323355484,-3987,-0.505599395170817,16439,1.2458851139567484,0.010981492251376963,0.04875439995332646,0.0028226246801206223,-0.014073494917904661,0.019543771412478317
2017-11-14,62000,32735,15698,11743,16219,061641,FEEDER CATTLE - CHICAGO MERCANTILE EXCHANGE,157.625,0.07219354838709677,-4476,-0.7452904956410412,17037,0.9114186429311711,0.045383019812602815,0.06169347345817934,-0.014073494917904661,-0.03806502775574938,0.022775366180430696
2017-11-21,56497,28302,13713,10763,14690,061641,FEEDER CATTLE - CHICAGO MERCANTILE EXCHANGE,151.625,0.06950811547515798,-3927,0.885483870967742,14589,-3.9483870967741934,0.09857384198326327,0.15275496846364395,-0.03806502775574938,0.018961253091508645,0.02544464025976019
2017-11-28,56361,28303,13270,11283,15324,061641,FEEDER CATTLE - CHICAGO MERCANTILE EXCHANGE,154.5,0.07169851493053707,-4041,-0.2017806255199391,15033,0.7858824362355523,0.043372044950576914,0.010680008659466481,0.018961253091508645,-0.043203903247623354,0.028036843639491292
2017-12-05,57376,28028,14045,12741,15812,061641,FEEDER CATTLE - CHICAGO MERCANTILE EXCHANGE,147.8249969482422,0.05352412158393754,-3071,1.7210482425790885,13983,-1.8629903656783946,0.06815395930375091,0.024956623012383237,-0.043203903247623354,-0.004904385994882854,0.03041030177172199
2017-12-12,53822,24868,13301,11867,14087,061641,FEEDER CATTLE - CHICAGO MERCANTILE EXCHANGE,147.10000610351562,0.04124707368733975,-2220,1.4831985499163414,11567,-4.210819854991634,0.10013870694305309,0.10228195656160759,-0.004904385994882854,-0.012916445115144226,0.032611071029499845
2017-12-19,54157,23523,13589,12338,13935,061641,FEEDER CATTLE - CHICAGO MERCANTILE EXCHANGE,145.1999969482422,0.029488339457503183,-1597,1.1575192300546246,9934,-3.034075285199361,0.023712556617059337,0.04400194007329166,-0.012916445115144226,-0.005509663006693977,0.034202150185452446
2017-12-26,52650,21986,13511,12510,13010,061641,FEEDER CATTLE - CHICAGO MERCANTILE EXCHANGE,144.39999389648438,0.00949667616334283,-500,2.025592259541703,8475,-2.6940192403567407,0.0429858934169279,0.04549680254669409,-0.005509663006693977,,0.03527519400049383
