,Open_Interest_All,NonComm_Positions_Long_All,NonComm_Positions_Short_All,Comm_Positions_Long_All,Comm_Positions_Short_All,CFTC_Contract_Market_Code,Market_and_Exchange_Names,HG_Close,HP,NetLong_Comm,Q_Comm,NetLong_NonComm,Q_NonComm,PT_Comm,PT_NonComm,Ret,Ret_Lead,HP_Smooth_52w
2003-01-07,77457,14802,10826,47859,59014,085692,COPPER-GRADE #1 - COMMODITY EXCHANGE INC. ,0.7315000295639038,0.1440153891836761,-11155,,3976,,,,,0.033492757078529944,
2003-01-14,78117,22746,7118,41059,65773,085692,COPPER-GRADE #1 - COMMODITY EXCHANGE INC. ,0.7559999823570251,0.3163715964514766,-24714,-17.505196431568486,15628,15.043185251171618,0.12691890070390893,0.39016876506830966,0.033492757078529944,0.01190476659774542,
2003-01-21,83902,28894,6959,38147,68594,085692,COPPER-GRADE #1 - COMMODITY EXCHANGE INC. ,0.7649999856948853,0.3628876546447045,-30447,-7.338991512730904,21935,8.07378675576379,0.05370944622965871,0.17591275486012328,0.01190476659774542,-0.015686228677704084,
2003-01-28,84623,30367,7005,37857,69076,085692,COPPER-GRADE #1 - COMMODITY EXCHANGE INC. ,0.753000020980835,0.36891861550642263,-31219,-0.9201210936568853,23362,1.7007937832232842,0.00721947387616545,0.04064540297548967,-0.015686228677704084,0.03253645698602825,
2003-02-04,87596,34774,6394,34797,72234,085692,COPPER-GRADE #1 - COMMODITY EXCHANGE INC. ,0.7774999737739563,0.42738252888259737,-37437,-7.347884144972407,28380,5.929829951667987,0.05809531817884538,0.12189078896230082,0.03253645698602825,-0.0045015882434338295,
2003-02-11,86466,35265,5349,33183,72410,085692,COPPER-GRADE #1 - COMMODITY EXCHANGE INC. ,0.7739999890327454,0.4536696504984618,-39227,-2.0434723046714462,29916,1.7535047262432073,0.01695188128000909,0.03781947111833358,-0.0045015882434338295,0.005813994231286923,
2003-02-25,75828,27250,4085,34329,65655,085692,COPPER-GRADE #1 - COMMODITY EXCHANGE INC. ,0.7785000205039978,0.4131191644247508,-31326,9.13769574167881,23165,-7.807693197326117,0.07902264362297967,0.2961225466730493,0.005813994231286923,-0.0019267956980224543,
2003-03-04,82299,35810,8348,29191,65948,085692,COPPER-GRADE #1 - COMMODITY EXCHANGE INC. ,0.7770000100135803,0.4466275410393808,-36757,-7.162261961280793,27462,5.666772168592077,0.05708489683515698,0.29038905747542915,-0.0019267956980224543,-0.019948531351544174,
2003-03-11,68832,21629,5235,32370,57738,085692,COPPER-GRADE #1 - COMMODITY EXCHANGE INC. ,0.7615000009536743,0.36854951185495116,-25368,13.838564259590031,16394,-13.44852306832404,0.1263927731167044,0.6437611673615247,-0.019948531351544174,-0.0013131807277011465,
2003-03-18,67739,20692,6817,33796,55646,085692,COPPER-GRADE #1 - COMMODITY EXCHANGE INC. ,0.7605000138282776,0.3225615967168101,-21850,5.110994886099489,13875,-3.659635053463505,0.039332751950985,0.0915700316260133,-0.0013131807277011465,0.009204430447258938,
2003-03-25,71939,23457,5666,34591,59718,085692,COPPER-GRADE #1 - COMMODITY EXCHANGE INC. ,0.7674999833106995,0.34928203060926616,-25127,-4.837685823528544,17791,5.781012415299902,0.051606951616494715,0.13446416921333654,0.009204430447258938,-0.05863186718329727,
2003-04-01,80064,20296,19403,47010,52462,085692,COPPER-GRADE #1 - COMMODITY EXCHANGE INC. ,0.7225000262260437,0.06809552358113509,-5452,27.349560043926104,893,-23.48934513963219,0.19779435419012387,0.4256530391193733,-0.05863186718329727,-0.002768212848220042,
2003-04-08,83606,18534,24152,52226,51410,085692,COPPER-GRADE #1 - COMMODITY EXCHANGE INC. ,0.7204999923706055,-0.009760065067100447,816,7.828737010391687,-5618,-8.13224420463629,0.060480913968119186,0.15253244623529963,-0.002768212848220042,0.017349046788943445,
2003-04-15,85346,17636,25744,54243,51679,085692,COPPER-GRADE #1 - COMMODITY EXCHANGE INC. ,0.7329999804496765,-0.0300424155789375,2564,2.0907590364327917,-8108,-2.9782551491519746,0.021581918770415966,0.05739972337482711,0.017349046788943445,-0.01637103006017626,
2003-04-22,87540,17230,27051,56630,52451,085692,COPPER-GRADE #1 - COMMODITY EXCHANGE INC. ,0.7210000157356262,-0.04773817683344757,4179,1.8922972371288638,-9821,-2.007123942539779,0.028960130545191188,0.03868476321672952,-0.01637103006017626,0.0034674029975763077,
2003-04-29,89551,17490,29167,58562,52569,085692,COPPER-GRADE #1 - COMMODITY EXCHANGE INC. ,0.7235000133514404,-0.06692275909816753,5993,2.0721955677404615,-11677,-2.1201736349097553,0.018446698041050653,0.05092483442998907,0.0034674029975763077,-0.006219808414939965,
2003-05-06,81212,16713,31831,50651,40805,085692,COPPER-GRADE #1 - COMMODITY EXCHANGE INC. ,0.718999981880188,-0.12123824065409053,9846,4.302576185637235,-15118,-3.8425031546269723,0.2151307732680196,0.07088414634146341,-0.006219808414939965,0.05702365732451575,
2003-05-13,73710,14272,17190,42513,47978,085692,COPPER-GRADE #1 - COMMODITY EXCHANGE INC. ,0.7599999904632568,0.07414190747524081,-5465,-18.85312515391814,-2918,15.022410481209675,0.16919914687648496,0.5429406903566207,0.05702365732451575,0.0,
2003-05-20,77525,22202,14188,38046,54382,085692,COPPER-GRADE #1 - COMMODITY EXCHANGE INC. ,0.7599999904632568,0.2107191228635924,-16336,-14.748338081671413,8014,14.831094831094832,0.11761587397758255,0.3004122011541632,0.0,0.019736823530408287,
2003-05-27,80038,26443,13595,35524,57792,085692,COPPER-GRADE #1 - COMMODITY EXCHANGE INC. ,0.7749999761581421,0.2782178465229016,-22268,-7.65172524991938,12848,6.235407932924863,0.06356894851901067,0.12073530146360957,0.019736823530408287,0.008387104415496838,
2003-06-03,84207,30717,12937,33792,62105,085692,COPPER-GRADE #1 - COMMODITY EXCHANGE INC. ,0.781499981880188,0.3362309546712269,-28313,-7.552662485319474,17780,6.162073015317724,0.06303638278569715,0.11297933751775324,0.008387104415496838,-0.021113239370275982,
2003-06-10,83001,31408,11623,34227,62530,085692,COPPER-GRADE #1 - COMMODITY EXCHANGE INC. ,0.7649999856948853,0.34099589161576366,-28303,0.01187549728644887,19785,2.3810372059329987,0.008888245811672541,0.04659431572587205,-0.021113239370275982,0.01895427739300959,
2003-06-17,80520,30095,11552,32931,60672,085692,COPPER-GRADE #1 - COMMODITY EXCHANGE INC. ,0.7795000076293945,0.3445230998509687,-27741,0.6771002759002904,18543,-1.496367513644414,0.03369550121256797,0.03323168535548779,0.01895427739300959,-0.016035905011836826,
2003-06-24,80818,30026,11297,34670,62385,085692,COPPER-GRADE #1 - COMMODITY EXCHANGE INC. ,0.7670000195503235,0.342931030216041,-27715,0.03229011425732737,18729,0.2309985096870343,0.03556746174849312,0.007840669844880575,-0.016035905011836826,-0.027379435620962678,
2003-07-01,72785,19765,11223,40656,54442,085692,COPPER-GRADE #1 - COMMODITY EXCHANGE INC. ,0.7459999918937683,0.1894071580682833,-13786,17.235021901061646,8542,-12.604865252790221,0.1464699573071989,0.3335161998192849,-0.027379435620962678,0.025469160868064167,
2003-07-08,71369,20777,10992,37504,55008,085692,COPPER-GRADE #1 - COMMODITY EXCHANGE INC. ,0.7649999856948853,0.24526054729644522,-17504,-5.108195369925122,9785,1.7077694579927183,0.040189380837080596,0.039126192199943344,0.025469160868064167,0.032679785921928106,0.2357002578747059
2003-07-15,82166,35422,11299,31252,64890,085692,COPPER-GRADE #1 - COMMODITY EXCHANGE INC. ,0.7900000214576721,0.4093907455638585,-33638,-22.606453782454565,24123,20.089955022488756,0.16781427471864535,0.3200273966738726,0.032679785921928106,-0.02658231276729195,0.24213323890023006
2003-07-22,83451,34723,11218,33092,65209,085692,COPPER-GRADE #1 - COMMODITY EXCHANGE INC. ,0.7689999938011169,0.384860576865466,-32117,1.851130637976779,23505,-0.7521359199668963,0.02196315398622598,0.01697829825210596,-0.02658231276729195,0.04421323767239915,0.2472306438275599
2003-07-29,98215,44149,13212,33535,76528,085692,COPPER-GRADE #1 - COMMODITY EXCHANGE INC. ,0.8029999732971191,0.4377437255001782,-42993,-13.032797689662198,30937,8.90582497513511,0.10686606761582003,0.19908997402416276,0.04421323767239915,0.004358710413755684,0.2538000604369605
2003-08-05,101260,48720,14103,31092,77704,085692,COPPER-GRADE #1 - COMMODITY EXCHANGE INC. ,0.8065000176429749,0.4603199683981829,-46612,-3.6847732016494423,34617,3.7468818408593387,0.03326409059156587,0.0869426802285787,0.004358710413755684,-0.02355857828329022,0.2606840573690013
2003-08-12,94633,43450,12883,31032,70851,085692,COPPER-GRADE #1 - COMMODITY EXCHANGE INC. ,0.7875000238418579,0.4207728804962328,-39819,6.708473237211139,30567,-3.999604977286194,0.06785234042970859,0.1152077822945698,-0.02355857828329022,0.01714282513746146,0.2658482129537507
2003-08-19,94011,42072,11748,30167,70813,085692,COPPER-GRADE #1 - COMMODITY EXCHANGE INC. ,0.8009999990463257,0.43235366074182807,-40646,-0.8739023385077087,30324,-0.2567814610125432,0.008942364824717766,0.046692679301374954,0.01714282513746146,-0.009363286961763029,0.2710515081971281
2003-08-26,93229,42156,12845,32850,70926,085692,COPPER-GRADE #1 - COMMODITY EXCHANGE INC. ,0.7935000061988831,0.40841369101888897,-38076,2.733722649477189,29311,-1.077533480124666,0.026942645698427383,0.021472336866602427,-0.009363286961763029,0.020163796717440396,0.2752139985856663
2003-09-02,84781,44686,12893,25262,66654,085692,COPPER-GRADE #1 - COMMODITY EXCHANGE INC. ,0.809499979019165,0.48822259704414905,-41392,-3.556833174226904,31793,2.662261742590825,0.1290308542582358,0.044773268031747686,0.020163796717440396,0.004941331945528038,0.281478957363857
2003-09-09,94004,52607,15455,24788,73333,085692,COPPER-GRADE #1 - COMMODITY EXCHANGE INC. ,0.8134999871253967,0.5164141951406324,-48545,-8.437031882143405,37152,6.320991731637984,0.07289978699768652,0.15402133349005317,0.004941331945528038,-0.0036877214796166013,0.2881913927289077
2003-09-16,91181,49736,14742,26185,70650,085692,COPPER-GRADE #1 - COMMODITY EXCHANGE INC. ,0.8105000257492065,0.48765641964883033,-44465,4.340240840815284,34994,-2.295646993744947,0.04213352610109981,0.05558485064673222,-0.0036877214796166013,0.011721118811137021,0.2937320879211278
2003-09-23,94529,51711,16560,26348,71661,085692,COPPER-GRADE #1 - COMMODITY EXCHANGE INC. ,0.8199999928474426,0.4793555416856203,-45313,-0.9300183152191794,35151,0.1721849946809094,0.011978491771163873,0.05555799680684331,0.011721118811137021,-0.008536548223756157,0.29874893802287084
2003-09-30,90622,48026,14030,26376,69024,085692,COPPER-GRADE #1 - COMMODITY EXCHANGE INC. ,0.8130000233650208,0.4706141996424709,-42648,2.81924065630653,33996,-1.2218472638026425,0.027935010482180292,0.10015147608611577,-0.008536548223756157,0.038130329181121025,0.3032717080654919
2003-10-07,101927,58295,18131,24624,78519,085692,COPPER-GRADE #1 - COMMODITY EXCHANGE INC. ,0.843999981880188,0.5287607797737597,-53895,-12.4108936019951,40164,6.806294277327801,0.1090427852593002,0.1880250176641457,0.038130329181121025,0.031990533878249794,0.30905347913493464
2003-10-14,109627,67564,19182,24141,85123,085692,COPPER-GRADE #1 - COMMODITY EXCHANGE INC. ,0.8709999918937683,0.5562680726463372,-60982,-6.953015393369764,48382,8.062633060916145,0.0648612534778152,0.11896802158024578,0.031990533878249794,0.036739386386942297,0.3152338439727197
2003-10-21,111559,66810,18782,25941,85635,085692,COPPER-GRADE #1 - COMMODITY EXCHANGE INC. ,0.902999997138977,0.5350890560152027,-59694,1.1748930464210459,48028,-0.32291315095733714,0.02072130207213021,0.013482568464342462,0.036739386386942297,-0.0016611411906645168,0.3205961662176583
2003-10-28,109796,62701,17523,26137,83105,085692,COPPER-GRADE #1 - COMMODITY EXCHANGE INC. ,0.9014999866485596,0.5188531458340924,-56968,2.4435500497494598,45178,-2.5547019962531037,0.02495377235861665,0.06691264459513363,-0.0016611411906645168,0.0604547804710982,0.32531657049424006
2003-11-04,109436,61294,16887,25615,81610,085692,COPPER-GRADE #1 - COMMODITY EXCHANGE INC. ,0.9559999704360962,0.5116689206476845,-55995,0.8861889322015374,44407,-0.7022113738205399,0.018810911634413615,0.026131668819789976,0.0604547804710982,-0.012552264733414309,0.3296503460792039
2003-11-11,108854,60237,15988,27028,82116,085692,COPPER-GRADE #1 - COMMODITY EXCHANGE INC. ,0.944000005722046,0.5060723537949915,-55088,0.8287949120947402,44249,-0.14437662195255674,0.01758227662537565,0.025660872417185964,-0.012552264733414309,-0.011652518561416692,0.33365993716365366
2003-11-18,102838,51436,16495,28995,73915,085692,COPPER-GRADE #1 - COMMODITY EXCHANGE INC. ,0.9330000281333924,0.4368035162099613,-44920,9.340952100979294,34941,-8.550903044444853,0.09880478087649402,0.13702138935095906,-0.011652518561416692,-0.049303325217178506,0.33595201669801605
2003-11-25,90652,41323,15474,32845,67196,085692,COPPER-GRADE #1 - COMMODITY EXCHANGE INC. ,0.8870000243186951,0.3789326214534704,-34351,10.27732939185904,25849,-8.84108986950349,0.10564668485920772,0.1960314805359438,-0.049303325217178506,0.09301012250803709,0.33688637767096064
2003-12-02,91716,44855,16190,30370,69002,085692,COPPER-GRADE #1 - COMMODITY EXCHANGE INC. ,0.9695000052452089,0.4212133106546295,-38632,-4.722455103031373,28665,3.106384856373825,0.04308054582779858,0.06958800884593333,0.09301012250803709,0.00876738517468012,0.338680567734443
2003-12-09,88432,41973,15852,29528,66184,085692,COPPER-GRADE #1 - COMMODITY EXCHANGE INC. ,0.977999985218048,0.4145105844038357,-36656,2.1544768633608093,26121,-2.773779929347115,0.038239719157472415,0.05568525724167748,0.00876738517468012,0.030163668384373565,0.34026035974838864
2003-12-16,90778,43176,15559,30039,68718,085692,COPPER-GRADE #1 - COMMODITY EXCHANGE INC. ,1.0075000524520874,0.4260834122805085,-38679,-2.287633435860322,27617,1.6916953139135154,0.030833257389349614,0.025470332850940667,0.030163668384373565,0.03225797291210086,0.3420118506163911
2003-12-30,89485,43735,17538,28511,66937,085692,COPPER-GRADE #1 - COMMODITY EXCHANGE INC. ,1.0399999618530271,0.42941275074034757,-38426,0.2787018881226729,26197,-1.5642556566568993,0.03466809152627609,0.04142118061789043,0.03225797291210086,0.025961606354405697,0.3437598686188702
2004-01-06,90562,46107,14838,28773,71023,085692,COPPER-GRADE #1 - COMMODITY EXCHANGE INC. ,1.0670000314712524,0.46653121618338816,-42250,-4.273341900877242,31269,5.667989048443873,0.043568880516253156,0.08322257773402247,0.025961606354405697,0.015463913494502268,0.34616714994366476
2004-01-13,91442,45520,15176,28214,71480,085692,COPPER-GRADE #1 - COMMODITY EXCHANGE INC. ,1.0835000276565552,0.4731523807440782,-43266,-1.1218833506327157,30344,-1.0213997040701397,0.01019118502618011,0.015239884012126005,0.015463913494502268,0.027688020880493935,0.34860917361290344
2004-01-20,90133,45097,15258,26413,69740,085692,COPPER-GRADE #1 - COMMODITY EXCHANGE INC. ,1.1134999990463257,0.48070074223647274,-43327,-0.06670895212265698,29839,-0.5522626364252751,0.03682672407517186,0.00836716096429459,0.027688020880493935,-0.002245224268163648,0.3550838919408419
2004-01-27,93722,42449,14469,31454,73113,085692,COPPER-GRADE #1 - COMMODITY EXCHANGE INC. ,1.1109999418258667,0.44449542263289304,-41659,1.850598559905917,27980,-2.062507627616966,0.08046515631126455,0.06038511542921396,-0.002245224268163648,0.05085515770123705,0.3575478116750998
2004-02-03,91868,43330,15253,28056,69792,085692,COPPER-GRADE #1 - COMMODITY EXCHANGE INC. ,1.1675000190734863,0.45430400139330346,-41736,-0.0821578711508504,28077,0.10349757794327905,0.06866772953969422,0.02842121434545858,0.05085515770123705,0.008565302184057044,0.35930581834334213
2004-02-10,85340,39955,13267,24506,64482,085692,COPPER-GRADE #1 - COMMODITY EXCHANGE INC. ,1.1775000095367432,0.46843215373798924,-39976,1.9157922236252016,26688,-1.51195193103148,0.09956398615543668,0.10072902183307655,0.008565302184057044,0.104033920838553,0.3612195402324107
2004-02-17,87694,39352,10465,26195,67300,085692,COPPER-GRADE #1 - COMMODITY EXCHANGE INC. ,1.2999999523162842,0.468732182361393,-41105,-1.322943520037497,28887,2.5767518162643546,0.04820578640569014,0.06835016159142461,0.104033920838553,0.01961543081780337,0.3620147258762337
2004-02-24,89394,35775,10242,32372,68642,085692,COPPER-GRADE #1 - COMMODITY EXCHANGE INC. ,1.3255000114440918,0.40573192831733673,-36270,5.5134900905421125,25533,-3.824663032818665,0.07443522680024552,0.0825781776300063,0.01961543081780337,0.03432669910334463,0.3610928466035197
2004-03-02,84146,35198,11563,28436,64039,085692,COPPER-GRADE #1 - COMMODITY EXCHANGE INC. ,1.371000051498413,0.42310983290946685,-35603,0.7461350873660425,23635,-2.1231850012305076,0.09233846985671804,0.040589380038921326,0.03432669910334463,-0.07366890355803635,0.36128497484361044
2004-03-09,74980,28836,9063,29074,57772,085692,COPPER-GRADE #1 - COMMODITY EXCHANGE INC. ,1.2699999809265137,0.3827420645505468,-28698,8.205975328595537,19773,-4.589641813039242,0.0795085553738802,0.23383202723026994,-0.07366890355803635,0.07401573487553237,0.360056407988056
2004-03-16,77104,30131,10339,29492,58842,085692,COPPER-GRADE #1 - COMMODITY EXCHANGE INC. ,1.3639999628067017,0.3806547001452584,-29350,-0.8695652173913043,19792,0.025340090690850893,0.016845155885615956,0.06352853965900668,0.07401573487553237,-0.0025659712878649543,0.36028920007056187
2004-03-23,73595,29704,11122,27401,54600,085692,COPPER-GRADE #1 - COMMODITY EXCHANGE INC. ,1.3604999780654907,0.3695767375501053,-27199,2.7897385349657604,18582,-1.5693089852666529,0.07723076547846977,0.029637975799735462,-0.0025659712878649543,-0.012127891548197045,0.3611933373942791
2004-03-30,82822,28782,14023,30626,54119,085692,COPPER-GRADE #1 - COMMODITY EXCHANGE INC. ,1.343999981880188,0.2836565163845355,-23493,5.035668183979889,14759,-5.194646375433114,0.04373119358074223,0.08931199626211891,-0.012127891548197045,-0.01264877989201807,0.35993130827457276
2004-04-06,76267,25695,16486,33285,49612,085692,COPPER-GRADE #1 - COMMODITY EXCHANGE INC. ,1.3270000219345093,0.21407686155217853,-16327,8.652290454227138,9209,-6.701118060418729,0.08644462405153383,0.13157582797942202,-0.01264877989201807,-0.007535787715119091,0.3627386416970928
2004-04-20,74361,26130,17356,31506,46879,085692,COPPER-GRADE #1 - COMMODITY EXCHANGE INC. ,1.3170000314712524,0.20673471308885033,-15373,1.250868658790827,8774,-0.5703646400146853,0.05756203355233782,0.030009658280826013,-0.007535787715119091,-0.061503483454665164,0.3669020028154764
2004-04-27,69318,19379,11199,34146,46644,085692,COPPER-GRADE #1 - COMMODITY EXCHANGE INC. ,1.2359999418258667,0.1802994893101359,-12498,3.8662739877086105,8180,-0.7988058256344052,0.03558608738705285,0.42213356007587155,-0.061503483454665164,-0.0036407058849172724,0.3709470394479587
2004-05-04,65438,17790,10488,33866,44616,085692,COPPER-GRADE #1 - COMMODITY EXCHANGE INC. ,1.2315000295639038,0.1642776368470919,-10750,2.521711532358118,7302,-1.2666262731180935,0.029408017124945847,0.08133531367140533,-0.0036407058849172724,-0.030856668038969026,0.3750242666341229
2004-05-11,63658,16246,9323,32602,42645,085692,COPPER-GRADE #1 - COMMODITY EXCHANGE INC. ,1.19350004196167,0.15776493135191177,-10043,1.0804119930315719,6923,-0.5791741801399799,0.04299174717928954,0.10594860964449138,-0.030856668038969026,-0.03142021158224828,0.37934518375816284
2004-05-18,64357,15654,8562,34067,42939,085692,COPPER-GRADE #1 - COMMODITY EXCHANGE INC. ,1.156000018119812,0.137856021877962,-8872,1.8395174212196423,7092,0.26548116497533697,0.022842375918759577,0.05587215064420218,-0.03142021158224828,0.06574392215674774,0.38432776572993305
2004-05-25,68371,16609,8118,34897,48448,085692,COPPER-GRADE #1 - COMMODITY EXCHANGE INC. ,1.2319999933242798,0.19819806643167426,-13551,-7.270382398185124,8491,2.1738117065742655,0.0760573519707241,0.05657782990253569,0.06574392215674774,0.049107164023565186,0.3867134610944799
2004-06-01,71536,20476,8370,34062,51977,085692,COPPER-GRADE #1 - COMMODITY EXCHANGE INC. ,1.2925000190734863,0.2504333482442407,-17915,-6.382823126764271,12106,5.287329423293502,0.050721184579086226,0.142792761561395,0.049107164023565186,-0.04023214314042545,0.3874771961979539
2004-06-08,67204,17890,8085,33357,48390,085692,COPPER-GRADE #1 - COMMODITY EXCHANGE INC. ,1.2404999732971191,0.2236920421403488,-15033,4.02874077387609,9805,-3.2165622903153652,0.05250345578431013,0.1105293551491819,-0.04023214314042545,-0.036678695545714235,0.38642862303675096
2004-06-15,62719,12012,8149,35861,42334,085692,COPPER-GRADE #1 - COMMODITY EXCHANGE INC. ,1.1950000524520874,0.10320636489739951,-6473,12.737337063270044,3863,-8.841735610975537,0.10946991495619925,0.2947274440751947,-0.036678695545714235,-0.026359916072673406,0.38194738092571584
2004-06-22,66825,12669,9974,39304,44193,085692,COPPER-GRADE #1 - COMMODITY EXCHANGE INC. ,1.16349995136261,0.07316124205013094,-4889,2.525550471149094,2695,-1.8622745898372106,0.06349928739954729,0.10961445038201652,-0.026359916072673406,0.006875819980133313,0.37679671458791514
2004-06-29,57873,11282,4784,34296,44230,085692,COPPER-GRADE #1 - COMMODITY EXCHANGE INC. ,1.1714999675750732,0.17165172014583657,-9934,-7.549569771791995,6498,5.690983913206135,0.06424623691516186,0.4093738329391261,0.006875819980133313,0.04139996788523015,0.3734722649782011
2004-07-06,58133,12326,4308,32310,44345,085692,COPPER-GRADE #1 - COMMODITY EXCHANGE INC. ,1.2200000286102295,0.20702526964030757,-12035,-3.6303630363036308,8018,2.626440654536658,0.02740851868762638,0.09137910304196224,0.04139996788523015,0.04836066711080278,0.37085869265943694
2004-07-13,66740,21663,5368,30237,52590,085692,COPPER-GRADE #1 - COMMODITY EXCHANGE INC. ,1.2790000438690186,0.3349265807611627,-22353,-17.748954982540038,16295,14.238040355735984,0.12457290497060138,0.38463245902852283,0.04836066711080278,0.007036703224802432,0.37365714309583853
2004-07-20,69505,23978,5806,29332,53903,085692,COPPER-GRADE #1 - COMMODITY EXCHANGE INC. ,1.287999987602234,0.35351413567369255,-24571,-3.323344321246629,18172,2.812406353011687,0.026647443983901002,0.09243217835079237,0.007036703224802432,-0.05279499972557811,0.37573894287232407
2004-07-27,65605,19618,5028,29960,49173,085692,COPPER-GRADE #1 - COMMODITY EXCHANGE INC. ,1.2200000286102295,0.2928587760079262,-19213,7.708797928206604,14590,-5.1535860729443925,0.06770879405557732,0.2084719629960237,-0.05279499972557811,0.07049177348437596,0.3734979434577869
2004-08-03,71515,25103,8713,29441,53097,085692,COPPER-GRADE #1 - COMMODITY EXCHANGE INC. ,1.305999994277954,0.3307837516604908,-23656,-6.772349668470391,16390,2.7436933160582275,0.05382975114492718,0.27117340903714215,0.07049177348437596,-0.034456322574132,0.3724580045115374
2004-08-10,65598,19835,7447,29770,48361,085692,COPPER-GRADE #1 - COMMODITY EXCHANGE INC. ,1.2610000371932983,0.2834080307326443,-18591,7.082430259386142,12388,-5.596028805145774,0.06482702128476533,0.23949857048603476,-0.034456322574132,0.040047513550484526,0.3694900103813925
2004-08-17,78129,30518,11146,29801,57087,085692,COPPER-GRADE #1 - COMMODITY EXCHANGE INC. ,1.3114999532699585,0.34924291876255936,-27286,-13.254977285892863,19372,10.646666056891979,0.10078491851579044,0.34519009216589863,0.040047513550484526,-0.05337395023786862,0.36735391327301514
2004-08-24,69773,22015,8463,32210,51697,085692,COPPER-GRADE #1 - COMMODITY EXCHANGE INC. ,1.2415000200271606,0.27929141645048944,-19487,9.982208910903761,13552,-7.44921860000768,0.09294814497002633,0.36701883325677537,-0.05337395023786862,0.03181634913850995,0.36463311588752007
2004-08-31,73755,23031,7553,33703,55889,085692,COPPER-GRADE #1 - COMMODITY EXCHANGE INC. ,1.281000018119812,0.3008067249677988,-22186,-3.8682584954065327,15478,2.760380089719519,0.06345432627913207,0.06297410410672247,0.03181634913850995,-0.006245133566981087,0.36210336712263486
2004-09-07,72214,21479,8833,33281,52119,085692,COPPER-GRADE #1 - COMMODITY EXCHANGE INC. ,1.2730000019073486,0.26086354446506216,-18838,4.539353264185479,12646,-3.839739678665853,0.04908665105386417,0.0934283452098179,-0.006245133566981087,0.003927726020531708,0.3592658643042921
2004-09-14,75040,26351,11184,31713,53405,085692,COPPER-GRADE #1 - COMMODITY EXCHANGE INC. ,1.277999997138977,0.28907249466950957,-21692,-3.9521422438862275,15167,3.491012822998311,0.03352992316548791,0.19243372852004795,0.003927726020531708,0.04968704763082732,0.35543605464324124
2004-09-21,85631,34903,15386,30637,58288,085692,COPPER-GRADE #1 - COMMODITY EXCHANGE INC. ,1.3415000438690186,0.32290875967815397,-27651,-7.941098081023454,19517,5.796908315565032,0.06701152656733202,0.2536141104416473,0.04968704763082732,0.027208330911825396,0.35171479626896285
2004-09-28,93997,41210,17175,30206,63190,085692,COPPER-GRADE #1 - COMMODITY EXCHANGE INC. ,1.378000020980835,0.3509048161111525,-32984,-6.227884761359788,24035,5.276126636381684,0.05710094650734507,0.1386657531900317,0.027208330911825396,0.01995648255435234,0.34908495773939213
2004-10-05,100292,45933,17686,31222,67041,085692,COPPER-GRADE #1 - COMMODITY EXCHANGE INC. ,1.405500054359436,0.35714713037929247,-35819,-3.016053703841612,28247,4.480994074278966,0.04953034204125663,0.08227101966393688,0.01995648255435234,0.03379572626019822,0.3467347959835012
2004-10-12,103422,47018,17364,33281,69614,085692,COPPER-GRADE #1 - COMMODITY EXCHANGE INC. ,1.4529999494552612,0.3513082322910019,-36333,-0.5125034898097556,29654,1.4029035217165875,0.04501676466300598,0.02185393432947097,0.03379572626019822,-0.1032346740372414,0.3444404504575115
2004-10-19,74501,20386,7107,34250,54007,085692,COPPER-GRADE #1 - COMMODITY EXCHANGE INC. ,1.3029999732971191,0.26519107126078845,-19757,16.027537661232618,13279,-15.833188296493978,0.18781513081115378,1.341759720656167,-0.1032346740372414,-0.012663082519910551,0.33937180221687735
2004-10-26,72971,18391,6753,35940,52891,085692,COPPER-GRADE #1 - COMMODITY EXCHANGE INC. ,1.2864999771118164,0.23229776212467967,-16951,3.766392397417484,11638,-2.202654997919491,0.03158807173171528,0.09342188991409481,-0.012663082519910551,0.033424005906628196,0.3331416039376147
2004-11-02,69692,18988,6827,32607,49241,085692,COPPER-GRADE #1 - COMMODITY EXCHANGE INC. ,1.3294999599456787,0.23867875796361132,-16634,0.4344191528141316,12161,0.7167230817722109,0.08531668458606197,0.02599263993802053,0.033424005906628196,0.04437759837254873,0.327441405898161
2004-11-09,75539,22239,7630,33039,54440,085692,COPPER-GRADE #1 - COMMODITY EXCHANGE INC. ,1.3884999752044678,0.2833106077655251,-21401,-6.8400964242667746,14609,3.5125982896171726,0.06436973445055384,0.13572600354882988,0.04437759837254873,0.021966190064169444,0.3229117417045347
2004-11-16,80861,25259,9220,33666,56454,085692,COPPER-GRADE #1 - COMMODITY EXCHANGE INC. ,1.4190000295639038,0.28181694512805927,-22788,-1.8361376242735543,16039,1.8930618620844861,0.02930537061695517,0.13370457379854403,0.021966190064169444,0.03417895758661271,0.3184915114060804
2004-11-23,93862,32589,7683,35802,67272,085692,COPPER-GRADE #1 - COMMODITY EXCHANGE INC. ,1.4674999713897705,0.33527945281370525,-31470,-10.736943644031115,24906,10.965731316703973,0.12567669829442923,0.2201777910210568,0.03417895758661271,-0.016695068398920543,0.3152070325410557
2004-11-30,97637,36871,8609,34493,69414,085692,COPPER-GRADE #1 - COMMODITY EXCHANGE INC. ,1.4429999589920044,0.35766154224320695,-34921,-3.676674266476317,28262,3.575461848245296,0.03321239185040469,0.11451187335092348,-0.016695068398920543,-0.025640985394094096,0.31368507150323344
2004-12-07,90604,30004,6004,34918,64879,085692,COPPER-GRADE #1 - COMMODITY EXCHANGE INC. ,1.406000018119812,0.3306807646461525,-29961,5.080041377756384,24000,-4.365148458064053,0.04970089281240919,0.2630526549655632,-0.025640985394094096,0.027027017860959734,0.31275715118001585
2004-12-14,83533,25559,4949,36117,62708,085692,COPPER-GRADE #1 - COMMODITY EXCHANGE INC. ,1.444000005722046,0.31832928303784136,-26591,3.7194825835503953,20610,-3.741556664164938,0.034100683025550214,0.18028058214238887,0.027027017860959734,0.04155120674638724,0.3107786121873853
2004-12-21,86174,28721,5504,34985,64693,085692,COPPER-GRADE #1 - COMMODITY EXCHANGE INC. ,1.503999948501587,0.3447443544456565,-29708,-3.7314594232219602,23217,3.120922270240504,0.03127069162703906,0.10860482103725347,0.04155120674638724,0.025598452054640397,0.30943695391895876
2004-12-28,93230,33281,6758,34586,68186,085692,COPPER-GRADE #1 - COMMODITY EXCHANGE INC. ,1.5425000190734863,0.3603990131931782,-33600,-4.5164434748299955,26523,3.8364239793905353,0.03787023702954112,0.14520842178875595,0.025598452054640397,-0.0956240105822298,0.30817379239804854
2005-01-04,87161,26545,6281,35911,62023,085692,COPPER-GRADE #1 - COMMODITY EXCHANGE INC. ,1.3949999809265137,0.2995835293307787,-26112,8.031749436876542,20264,-6.713504236833637,0.07645965650335941,0.21973435691220375,-0.0956240105822298,0.03225811964818637,0.3056770766017107
2005-01-11,81259,23188,5116,34815,59085,085692,COPPER-GRADE #1 - COMMODITY EXCHANGE INC. ,1.440000057220459,0.29867460835107495,-24270,2.11333050332144,18072,-2.5148862449948943,0.042960596379126734,0.15976540418315432,0.03225811964818637,0.0,0.3024490649126278
2005-01-18,81248,23417,5836,34140,57434,085692,COPPER-GRADE #1 - COMMODITY EXCHANGE INC. ,1.440000057220459,0.2867024419062623,-23294,1.2010977245597412,17581,-0.6042407610233944,0.025400222770655425,0.032441117150377737,0.0,0.023263857499870033,0.2988634891657467
2005-01-25,87458,27127,7247,33376,59393,085692,COPPER-GRADE #1 - COMMODITY EXCHANGE INC. ,1.4735000133514404,0.2974799332250909,-26017,-3.3514671130366285,19880,2.8296081134304845,0.029352477659563,0.14897887938558213,0.023263857499870033,-0.015269791613911732,0.29534001206937394
2005-02-01,88810,26801,9486,34894,57507,085692,COPPER-GRADE #1 - COMMODITY EXCHANGE INC. ,1.4509999752044678,0.25462222722666367,-22613,3.892153948180841,17315,-2.9328363328683484,0.03683942814471705,0.07068647173919035,-0.015269791613911732,-0.012405242579817233,0.291688604465408
2005-02-08,85163,23230,8412,36340,55441,085692,COPPER-GRADE #1 - COMMODITY EXCHANGE INC. ,1.4329999685287476,0.2242875427122107,-19101,3.9545096272942235,14818,-2.811620313027812,0.03826500038134254,0.14679855887744137,-0.012405242579817233,0.03768319693865885,0.28726521102923314
2005-02-15,95044,32781,12154,35518,64287,085692,COPPER-GRADE #1 - COMMODITY EXCHANGE INC. ,1.4869999885559082,0.30269138504271703,-28769,-11.352347850592395,20627,6.821037304932894,0.09686889434397074,0.29582730610882385,0.03768319693865885,0.0033624716006110944,0.28407788855432403
2005-02-22,108804,44160,16442,36408,70565,085692,COPPER-GRADE #1 - COMMODITY EXCHANGE INC. ,1.4919999837875366,0.31393147310760633,-34157,-5.668953326880182,27718,7.460755018728168,0.0670075626559973,0.2585228210290089,0.0033624716006110944,-0.018431657960739756,0.28110095183790507
2005-03-01,112973,49255,16029,34259,73780,085692,COPPER-GRADE #1 - COMMODITY EXCHANGE INC. ,1.4644999504089355,0.3498269498021651,-39521,-4.929965810080512,33226,5.062313885518915,0.0496487379557382,0.08436983028000736,-0.018431657960739756,0.022533283365008483,0.2800258560972287
2005-03-08,118035,52332,16243,33924,76113,085692,COPPER-GRADE #1 - COMMODITY EXCHANGE INC. ,1.497499942779541,0.35742788156055405,-42189,-2.361626229276022,36089,2.5342338434847265,0.024246389850686587,0.04799125045570543,0.022533283365008483,-0.0013355421216786345,0.27876274164821113
2005-03-15,114956,46771,15983,34188,69853,085692,COPPER-GRADE #1 - COMMODITY EXCHANGE INC. ,1.4954999685287476,0.3102491388009325,-35665,5.527174143262592,30788,-4.491040792985132,0.06270604857700329,0.09275902731299997,-0.0013355421216786345,0.002006032125688506,0.27736864692225704
2005-03-22,120517,47101,16870,34197,68579,085692,COPPER-GRADE #1 - COMMODITY EXCHANGE INC. ,1.4984999895095823,0.28528755279338186,-34382,1.1160791955182852,30231,-0.4845332127074707,0.012483459173347863,0.019024245361179283,0.002006032125688506,-0.01468131820575247,0.27553466331933635
2005-03-29,114349,40691,15086,34543,63062,085692,COPPER-GRADE #1 - COMMODITY EXCHANGE INC. ,1.4765000343322754,0.24940314300955846,-28519,4.8648738352265655,25605,-3.83846262353029,0.060068644024384,0.14690643096616884,-0.01468131820575247,0.013545533668448906,0.2732236326550951
2005-04-05,119690,43081,15554,35825,66798,085692,COPPER-GRADE #1 - COMMODITY EXCHANGE INC. ,1.496500015258789,0.2587768401704403,-30973,-2.146061618378823,27527,1.680819246342338,0.048897420656188184,0.048742218811290185,0.013545533668448906,0.01002337824386279,0.2727451773432855
2005-04-12,132104,46134,17988,41964,74093,085692,COPPER-GRADE #1 - COMMODITY EXCHANGE INC. ,1.5115000009536743,0.243209895234058,-32129,-0.9658283900075195,28146,0.517169354164926,0.11575346596930819,0.08557125479554599,0.01002337824386279,-0.015216673432244088,0.2733054279910139
2005-04-19,117163,32513,13873,48053,69554,085692,COPPER-GRADE #1 - COMMODITY EXCHANGE INC. ,1.4884999990463257,0.18351356656965082,-21501,8.045176527584328,18640,-7.195845697329377,0.09036877056637785,0.382356745569784,-0.015216673432244088,-0.004702700360703194,0.2728588674810294
2005-04-26,116212,35217,12857,44690,69374,085692,COPPER-GRADE #1 - COMMODITY EXCHANGE INC. ,1.4815000295639038,0.21240491515506144,-24684,-2.716727977262446,22360,3.1750638000051215,0.031061509328096506,0.0773807047468486,-0.004702700360703194,-0.002024988809293582,0.2734762795165087
2005-05-03,107401,34649,15269,40641,60388,085692,COPPER-GRADE #1 - COMMODITY EXCHANGE INC. ,1.4785000085830688,0.1838623476503943,-19747,4.248270402368086,19380,-2.5642790761711356,0.12902235991645963,0.05969790456348412,-0.002024988809293582,0.009130859063981811,0.27385290857041833
2005-05-10,104321,31653,14769,40762,57550,085692,COPPER-GRADE #1 - COMMODITY EXCHANGE INC. ,1.4919999837875366,0.16092637148800337,-16788,2.7550953901732758,16884,-2.3240007076284206,0.0300980551712914,0.07530912067554177,0.009130859063981811,-0.03920907032493237,0.27391370549611244
2005-05-17,94172,20525,17204,45046,48735,085692,COPPER-GRADE #1 - COMMODITY EXCHANGE INC. ,1.433500051498413,0.039173002591003696,-3689,12.556436383853683,3321,-13.001217396305634,0.13967648031051066,0.3594847464814864,-0.03920907032493237,0.04987788012876426,0.2720159551252094
2005-05-24,91941,20094,16541,44147,47335,085692,COPPER-GRADE #1 - COMMODITY EXCHANGE INC. ,1.5049999952316284,0.03467441076342437,-3188,0.5320052669583315,3553,0.24635772841184217,0.02513062678996961,0.029862153678176608,0.04987788012876426,0.0,0.26887126943928147
2005-05-31,92253,23327,13835,43076,52349,085692,COPPER-GRADE #1 - COMMODITY EXCHANGE INC. ,1.5049999952316284,0.10051705635589087,-9273,-6.618374827334922,9492,6.459577337640443,0.06376735656274561,0.15981378827834886,0.0,0.058471800270181395,0.265988263826044
2005-06-07,99573,31621,13609,40542,59079,085692,COPPER-GRADE #1 - COMMODITY EXCHANGE INC. ,1.593000054359436,0.18616492422644693,-18537,-10.041949855289259,18012,9.235472017170174,0.09299244135272683,0.18837055051956667,0.058471800270181395,-0.005335906398036383,0.2652665884815459
2005-06-14,104947,36892,16080,41424,62980,085692,COPPER-GRADE #1 - COMMODITY EXCHANGE INC. ,1.5844999551773071,0.20539891564313414,-21556,-3.03194641117572,20812,2.8120072710473725,0.04581242098003908,0.1461526844370611,-0.005335906398036383,0.06405808595994378,0.26723182984204075
2005-06-21,112051,42701,19918,38069,63875,085692,COPPER-GRADE #1 - COMMODITY EXCHANGE INC. ,1.6859999895095823,0.23030584287511938,-25806,-4.0496631633110045,22783,1.878090845855527,0.04168955504983128,0.15405867228796372,0.06405808595994378,-0.0510082836315674,0.2702538413963675
2005-06-28,112939,41847,21136,39069,62180,085692,COPPER-GRADE #1 - COMMODITY EXCHANGE INC. ,1.600000023841858,0.2046325892738558,-23111,2.4051547955841537,20711,-1.8491579727088556,0.02661754683996879,0.032897766063858504,-0.0510082836315674,-0.012499987892806708,0.27088808887959864
2005-07-05,102082,33523,20166,39755,54135,085692,COPPER-GRADE #1 - COMMODITY EXCHANGE INC. ,1.5800000429153442,0.14086714601986638,-14380,7.730721894119835,13357,-6.5114796483057225,0.09299179891362232,0.17310808545512116,-0.012499987892806708,0.0145569628371085,0.2696158172715132
2005-07-12,106406,36722,21641,39043,55654,085692,COPPER-GRADE #1 - COMMODITY EXCHANGE INC. ,1.6030000448226929,0.15610961787869104,-16611,-2.1854979330342275,15081,1.6888383848278836,0.023559352461007214,0.08008498535030756,0.0145569628371085,0.02963194820769255,0.2661770295237734
2005-07-19,111141,39644,22767,38690,57185,085692,COPPER-GRADE #1 - COMMODITY EXCHANGE INC. ,1.6505000591278076,0.16641023564661106,-18495,-1.7705768471702723,16877,1.687874743905419,0.01965058670143416,0.0648603611542837,0.02963194820769255,0.009391062647675419,0.2625788776001757
2005-07-26,114252,42350,25531,38700,56846,085692,COPPER-GRADE #1 - COMMODITY EXCHANGE INC. ,1.6660000085830688,0.15882435318418933,-18146,0.31401552982247777,16819,-0.0521859619762284,0.0036526908504803967,0.0805821953123849,0.009391062647675419,0.02040818662994126,0.260001292545873
2005-08-02,117895,46210,28016,38363,56950,085692,COPPER-GRADE #1 - COMMODITY EXCHANGE INC. ,1.7000000476837158,0.157657237372238,-18587,-0.3859888667156811,18194,1.2034800266078494,0.004626860973844071,0.08548217605690728,0.02040818662994126,-0.028235350546125804,0.25667193650186815
2005-08-09,113439,44439,28075,38976,54672,085692,COPPER-GRADE #1 - COMMODITY EXCHANGE INC. ,1.6519999504089355,0.13836511252743766,-15696,2.4521820263794054,16364,-1.5522286780609864,0.030870920895267384,0.025236506054003367,-0.028235350546125804,0.07717921370935721,0.2538826496133065
2005-08-16,105061,41269,26506,39324,55100,085692,COPPER-GRADE #1 - COMMODITY EXCHANGE INC. ,1.7795000076293943,0.15016038301558143,-15776,-0.07052248344925466,14763,-1.411331200028209,0.008218249597559943,0.0699225378089266,0.07717921370935721,-0.01966842735113261,0.25005413931048
2005-08-23,102608,38358,27496,38837,50548,085692,COPPER-GRADE #1 - COMMODITY EXCHANGE INC. ,1.7445000410079956,0.11413340090441292,-11711,3.869180761652754,10862,-3.713080972006739,0.05637411198746994,0.059237100252072766,-0.01966842735113261,-0.0005732569254992548,0.24687802362690162
2005-08-30,104766,37291,27936,40412,50927,085692,COPPER-GRADE #1 - COMMODITY EXCHANGE INC. ,1.743499994277954,0.1003665311265105,-10515,1.165601122719476,9355,-1.468696397941681,0.021392833291365133,0.02310392935440845,-0.0005732569254992548,-0.0043017220973341486,0.24302340451456914
2005-09-06,105839,38826,29059,40126,51435,085692,COPPER-GRADE #1 - COMMODITY EXCHANGE INC. ,1.7359999418258667,0.10685097175899243,-11309,-0.757879464711834,9767,0.39325735448523375,0.008671814418802765,0.03915445238270605,-0.0043017220973341486,-0.020737266905831442,0.24006162427022165
2005-09-13,99329,33734,27483,40935,48211,085692,COPPER-GRADE #1 - COMMODITY EXCHANGE INC. ,1.7000000476837158,0.07325151768365734,-7276,3.810504634397528,6251,-3.3220268521055565,0.04524039216566082,0.1089239917016515,-0.020737266905831442,0.029117639510277016,0.23591122086664756
2005-09-20,100852,34780,27885,40430,48667,085692,COPPER-GRADE #1 - COMMODITY EXCHANGE INC. ,1.749500036239624,0.0816741363582279,-8237,-0.9674918704507244,6895,0.6483504313946582,0.010785997283859164,0.02310699752652996,0.029117639510277016,0.05058589371533029,0.23127209349511052
2005-09-27,104395,37483,28266,41364,51799,085692,COPPER-GRADE #1 - COMMODITY EXCHANGE INC. ,1.838000059127808,0.09995689448728387,-10435,-2.179431245785904,9217,2.3023836909530795,0.043643935897298286,0.04690565635979255,0.05058589371533029,0.006800831377751448,0.22644617192542074
2005-10-04,107932,40996,31475,42715,53881,085692,COPPER-GRADE #1 - COMMODITY EXCHANGE INC. ,1.8504999876022337,0.10345402660934662,-11166,-0.7002251065664065,9521,0.29120168590449735,0.035539773903681314,0.09275434311655696,0.006800831377751448,0.04134021004412847,0.22156745839138334
2005-10-11,111629,43167,32056,42854,54438,085692,COPPER-GRADE #1 - COMMODITY EXCHANGE INC. ,1.9270000457763672,0.1037723172293938,-11584,-0.38728088055442317,11111,1.4731497609606048,0.00715372281379764,0.036584555255706364,0.04134021004412847,0.0015567730670897895,0.21680715233250625
2005-10-18,107427,38505,31179,43435,52248,085692,COPPER-GRADE #1 - COMMODITY EXCHANGE INC. ,1.9299999475479128,0.08203710426615284,-8813,2.4823298605201156,7326,-3.390695966101999,0.028960212367923246,0.07948740026404913,0.0015567730670897895,0.017875649636599933,0.21328496065953248
2005-10-25,102512,31662,30431,44683,46877,085692,COPPER-GRADE #1 - COMMODITY EXCHANGE INC. ,1.9644999504089355,0.021402372405181832,-2194,6.161393318253325,1231,-5.673620225827771,0.07229139362166885,0.12225210571239914,0.017875649636599933,-0.034868884948620726,0.2092292800880037
2005-11-01,105650,31733,28506,45842,48892,085692,COPPER-GRADE #1 - COMMODITY EXCHANGE INC. ,1.8960000276565552,0.028868906767628964,-3050,-0.8350241922896832,3227,1.9470891212736068,0.033504338463487236,0.033134680190574216,-0.034868884948620726,0.018987348537086612,0.2051944752573117
2005-11-08,109378,34052,28313,46361,51941,085692,COPPER-GRADE #1 - COMMODITY EXCHANGE INC. ,1.932000041007996,0.05101574356817642,-5580,-2.3946994794131564,5739,2.3776620918125886,0.03629631136701186,0.04027900264571475,0.018987348537086612,0.04943057512125604,0.2007272663304396
2005-11-15,114189,36580,29053,46031,54360,085692,COPPER-GRADE #1 - COMMODITY EXCHANGE INC. ,2.0274999141693115,0.07294047587771152,-8329,-2.5133024922744975,7527,1.6346980197114593,0.027382932733013916,0.04979202535309981,0.04943057512125604,0.02589396387632048,0.19671041115254834
2005-11-22,113630,34901,28448,45917,51581,085692,COPPER-GRADE #1 - COMMODITY EXCHANGE INC. ,2.0799999237060547,0.049845991375517026,-5664,2.3338500205799155,6453,-0.9405459369991856,0.0296724035364828,0.03605423921451009,0.02589396387632048,-0.01899038439495304,0.19122130612489086
2005-11-29,108347,33228,28016,44190,48645,085692,COPPER-GRADE #1 - COMMODITY EXCHANGE INC. ,2.0404999256134038,0.041117889743140096,-4455,1.06397958285664,5212,-1.0921411599049546,0.05022890073786826,0.034370713865848085,-0.01899038439495304,0.03847098029240459,0.1851339281921973
2005-12-06,105746,33206,27847,44015,50023,085692,COPPER-GRADE #1 - COMMODITY EXCHANGE INC. ,2.11899995803833,0.05681538781608761,-6008,-1.433357637959519,5359,0.1356751917450414,0.016514600480656755,0.003128429397408809,0.03847098029240459,0.025483784948462596,0.17986728633008062
2005-12-13,104891,32890,28231,43510,49305,085692,COPPER-GRADE #1 - COMMODITY EXCHANGE INC. ,2.1730000972747803,0.05524782869836306,-5795,0.2014260586688858,4659,-0.6619635730902351,0.013176749447826321,0.011452692200716612,0.025483784948462596,-0.003681608404797476,0.17480802759278297
2005-12-20,101998,30868,28647,43971,47154,085692,COPPER-GRADE #1 - COMMODITY EXCHANGE INC. ,2.164999961853028,0.031206494244985197,-3183,2.4902041166544318,2221,-2.324317624963057,0.0286639231824417,0.04096446274048559,-0.003681608404797476,0.05311778825082003,0.16877845335815467
2005-12-27,103119,32404,29643,43652,47654,085692,COPPER-GRADE #1 - COMMODITY EXCHANGE INC. ,2.2799999713897705,0.03880953073633375,-4002,-0.8029569207239358,2761,0.5294221455322654,0.008969837688651347,0.040807774751398136,0.05311778825082003,-0.049122802614615324,0.1625940402339846
2006-01-03,103466,33082,30378,44126,48300,085692,COPPER-GRADE #1 - COMMODITY EXCHANGE INC. ,2.1679999828338623,0.0403417547793478,-4174,-0.16679758337454786,2704,-0.055275943327611786,0.012117802349988098,0.0222659943271352,-0.049122802614615324,0.005304483512002411,0.15760862149261093
2006-01-10,101982,32890,31780,41484,45538,085692,COPPER-GRADE #1 - COMMODITY EXCHANGE INC. ,2.179500102996826,0.03975211311800122,-4054,0.1159801287379429,1110,-1.5406027100690083,0.06209923927282756,0.024648214009587135,0.005304483512002411,-0.004817706880478778,0.15262934273812873
2006-01-17,100702,32186,29930,39656,45227,085692,COPPER-GRADE #1 - COMMODITY EXCHANGE INC. ,2.1689999103546143,0.055321642072649994,-5571,-1.4875174050322606,2256,1.1237277166558806,0.025199392104426094,0.04111662051645309,-0.004817706880478778,0.0016136398736128488,0.14817971197209773
2006-01-24,102580,33342,30596,39962,45796,085692,COPPER-GRADE #1 - COMMODITY EXCHANGE INC. ,2.172499895095825,0.05687268473386625,-5834,-0.2611666103950269,2746,0.48658417906297785,0.010203129737167378,0.028496355844724576,0.0016136398736128488,0.028998943715104808,0.14355264950111263
2006-01-31,101294,32581,31408,39529,45680,085692,COPPER-GRADE #1 - COMMODITY EXCHANGE INC. ,2.2355000972747803,0.060724228483424486,-6151,-0.3090271007993761,1173,-1.5334373172158315,0.006442981375206844,0.024582350091421963,0.028998943715104808,0.023260928246515933,0.13982384183297342
2006-02-07,99049,33321,29569,40482,47378,085692,COPPER-GRADE #1 - COMMODITY EXCHANGE INC. ,2.2874999046325684,0.06962210623024967,-6896,-0.7354828518964598,3752,2.546054060457678,0.03017300250398361,0.04100810939736047,0.023260928246515933,-0.009180288228531674,0.13684950651601263
2006-02-14,92717,28653,28050,42499,46215,085692,COPPER-GRADE #1 - COMMODITY EXCHANGE INC. ,2.2664999961853027,0.04007894992288361,-3716,3.210532160849681,603,-3.179234520287938,0.035845526072547734,0.10911239264236461,-0.009180288228531674,0.006397486322357926,0.13179926737909275
2006-02-21,89954,23242,25672,43499,44265,085692,COPPER-GRADE #1 - COMMODITY EXCHANGE INC. ,2.2809998989105225,0.008515463459101319,-766,3.18172503424399,-2430,-3.271244755546448,0.03361287088099904,0.1592386637772417,0.006397486322357926,-0.041867600439710384,0.12592588257815995
2006-02-28,85356,18584,23143,44281,42203,085692,COPPER-GRADE #1 - COMMODITY EXCHANGE INC. ,2.185499906539917,-0.024345095833919115,2078,3.161615937034484,-4559,-2.366765235564844,0.032884695434993755,0.17223859850935844,-0.041867600439710384,0.0002288731184376669,0.11873026631592756
2006-03-07,85611,18392,21099,44178,42923,085692,COPPER-GRADE #1 - COMMODITY EXCHANGE INC. ,2.186000108718872,-0.01465933116071533,1255,-0.9641970101691738,-2707,2.1697361638314825,0.009448800817441821,0.05662049580917171,0.0002288731184376669,0.03385172830012029,0.1115747429943647
2006-03-14,91472,20042,19331,44496,46536,085692,COPPER-GRADE #1 - COMMODITY EXCHANGE INC. ,2.259999990463257,0.022301906594367676,-2040,-3.848804476060319,711,3.9924776021772903,0.04318261710167853,0.08681075864170879,0.03385172830012029,0.03274341613948195,0.10603729622116154
2006-03-21,97150,22278,19268,44190,49810,085692,COPPER-GRADE #1 - COMMODITY EXCHANGE INC. ,2.3340001106262207,0.057848687596500255,-5620,-3.913765961168445,3010,2.5133374147280043,0.038085106382978726,0.05533625379097867,0.03274341613948195,0.06855177370543508,0.10166347189045227
2006-03-28,97486,22521,20979,44304,48725,085692,COPPER-GRADE #1 - COMMODITY EXCHANGE INC. ,2.49399995803833,0.04535010155304351,-4421,1.2341739577972208,1542,-1.5110653628409676,0.012888454137956981,0.044919540229885056,0.06855177370543508,0.03187648808471111,0.09773937493936545
2006-04-04,100249,23570,23958,46714,49108,085692,COPPER-GRADE #1 - COMMODITY EXCHANGE INC. ,2.573499917984009,0.023880537461720315,-2394,2.0792729212399728,-388,-1.9797714543626777,0.029147794869654152,0.08475004208045783,0.03187648808471111,0.06916649658825635,0.09322213834881314
2006-04-11,97705,22134,23562,47250,50306,085692,COPPER-GRADE #1 - COMMODITY EXCHANGE INC. ,2.751499891281128,0.031277826109206285,-3056,-0.6603557142714641,-1428,-1.0374168320881008,0.01777440649473123,0.04009103641456583,0.06916649658825635,0.11175727280675485,0.08914652163487369
2006-04-18,99934,20225,21789,49989,53357,085692,COPPER-GRADE #1 - COMMODITY EXCHANGE INC. ,3.059000015258789,0.03370224348069726,-3368,-0.3193285911672893,-1564,-0.139194514098562,0.05602539043601107,0.08763745418193936,0.11175727280675485,0.11408956370413459,0.08626553465239381
2006-04-25,96336,16532,19161,49802,51022,085692,COPPER-GRADE #1 - COMMODITY EXCHANGE INC. ,3.407999992370605,0.0126640093007806,-1220,2.149418616286749,-2629,-1.0657033642203855,0.025013885582797747,0.17709354775446165,0.11408956370413459,0.0024941605637200936,0.08242436338596532
2006-05-02,85352,15054,17058,45755,47489,085692,COPPER-GRADE #1 - COMMODITY EXCHANGE INC. ,3.4165000915527344,0.02031586840378667,-1734,-0.5335492443115761,-2004,0.6487709682776948,0.0812920938612672,0.1115159441953164,0.0024941605637200936,0.08180886876615512,0.07927923878506903
2006-05-09,86434,14392,15307,48326,51305,085692,COPPER-GRADE #1 - COMMODITY EXCHANGE INC. ,3.696000099182129,0.034465603813314205,-2979,-1.4586652919673821,-915,1.2758927734558065,0.06410655318123877,0.08124852688642716,0.08180886876615512,0.07738095391683775,0.07684730094517117
2006-05-16,85375,12894,15376,49045,49662,085692,COPPER-GRADE #1 - COMMODITY EXCHANGE INC. ,3.982000112533569,0.007226939970717423,-617,2.7327209200083304,-2482,-1.812943980378092,0.023929407235555734,0.05542978422355854,0.07738095391683775,0.023480636933240318,0.07623295358708873
2006-05-23,81363,10904,17415,49802,45002,085692,COPPER-GRADE #1 - COMMODITY EXCHANGE INC. ,4.075500011444092,-0.05899487482024999,4800,6.344948755490483,-6511,-4.719180087847731,0.05713893928526222,0.1422719728803983,0.023480636933240318,-0.08060361464912069,0.07443162117201807
2006-05-30,79541,10356,16728,48536,42617,085692,COPPER-GRADE #1 - COMMODITY EXCHANGE INC. ,3.746999979019165,-0.07441445292364944,5919,1.375318019247078,-6372,0.17083932500030727,0.040053536361940915,0.045598877566090684,-0.08060361464912069,-0.043368002546694706,0.07106755368587306
2006-06-06,76869,8775,16077,48327,40942,085692,COPPER-GRADE #1 - COMMODITY EXCHANGE INC. ,3.5845000743865967,-0.09607253899491343,7385,1.8430746407513108,-7302,-1.1692083328094944,0.02110475080935151,0.08981168517624336,-0.043368002546694706,-0.1364207202868234,0.06563991016238536
2006-06-13,78658,8380,14036,48871,42115,085692,COPPER-GRADE #1 - COMMODITY EXCHANGE INC. ,3.095499992370605,-0.08589081848000203,6756,-0.8182752474989918,-5656,2.1413053376523696,0.01887103510430176,0.10867237687366167,-0.1364207202868234,0.061702466552080004,0.060038184506171204
2006-06-20,76311,8447,11699,46803,42171,085692,COPPER-GRADE #1 - COMMODITY EXCHANGE INC. ,3.2864999771118164,-0.060698981798168024,4632,-2.7002974904014847,-3252,3.0562689109817183,0.023872142423629374,0.11932889903702969,0.061702466552080004,0.00015212650657470128,0.05444193787783876
2006-06-27,73323,8197,11907,45691,40892,085692,COPPER-GRADE #1 - COMMODITY EXCHANGE INC. ,3.2869999408721924,-0.06545013160945407,4799,0.21884132038631393,-3710,-0.6001755972271363,0.027615120751186724,0.022781536012733784,0.00015212650657470128,0.1324916801924061,0.049248039399313576
2006-07-11,74754,10614,12828,44222,41917,085692,COPPER-GRADE #1 - COMMODITY EXCHANGE INC. ,3.722500085830689,-0.030834470396232976,2305,-3.4013883774531863,-2214,2.0402874950561216,0.028953203543110553,0.1423939936865455,0.1324916801924061,-0.011282754693003105,0.04594608523746551
2006-07-18,76332,10848,14197,45418,40889,085692,COPPER-GRADE #1 - COMMODITY EXCHANGE INC. ,3.680500030517578,-0.059332914112036894,4529,2.9750916338925006,-3349,-1.5183134012895632,0.025768477643760068,0.06400479137552406,-0.011282754693003105,-0.03858170323821719,0.0418029596222592
2006-07-25,73348,8471,14165,45378,38435,085692,COPPER-GRADE #1 - COMMODITY EXCHANGE INC. ,3.5385000705718994,-0.09465834105906092,6943,3.1625006550332757,-5694,-3.0721060629879995,0.02975672031785045,0.10642339635978088,-0.03858170323821719,0.026706181869879497,0.03678241007022705
2006-08-01,71537,8643,14950,44007,37256,085692,COPPER-GRADE #1 - COMMODITY EXCHANGE INC. ,3.632999897003174,-0.09437074520877309,6751,-0.26176582865245135,-6307,-0.8357419425205869,0.031379594649471466,0.04056287881998898,0.026706181869879497,-0.0033030128942913572,0.031913273562670076
2006-08-08,72385,9387,15981,45271,38274,085692,COPPER-GRADE #1 - COMMODITY EXCHANGE INC. ,3.621000051498413,-0.09666367341299993,6997,0.34387799320631285,-6594,-0.40119099207403164,0.02731462086300796,0.06997004099653106,-0.0033030128942913572,-0.017536637679155476,0.02702248681680012
2006-08-15,74277,9324,17348,46678,37981,085692,COPPER-GRADE #1 - COMMODITY EXCHANGE INC. ,3.557499885559082,-0.1170887354093461,8697,2.3485528769772746,-8024,-1.9755474200455896,0.02008055847576749,0.053614277144571086,-0.017536637679155476,-0.01658461805710998,0.022109912818015814
2006-08-22,72057,8211,17929,46774,36079,085692,COPPER-GRADE #1 - COMMODITY EXCHANGE INC. ,3.498500108718872,-0.148424164203339,10695,2.6899309342057434,-9718,-2.2806521534256903,0.024114998853390947,0.06480489671002296,-0.01658461805710998,-0.02158068003369007,0.016367902294575038
2006-08-29,69311,8156,19336,44990,33146,085692,COPPER-GRADE #1 - COMMODITY EXCHANGE INC. ,3.4230000972747803,-0.17088196678737863,11844,1.5945709646529833,-11180,-2.028949304023204,0.060369100030715675,0.05317910664920704,-0.02158068003369007,0.06660821476310375,0.010886837531271353
2006-09-05,69247,9376,18099,44553,34451,085692,COPPER-GRADE #1 - COMMODITY EXCHANGE INC. ,3.651000022888184,-0.1458835761838058,10102,-2.513309575680628,-8723,3.544891864206259,0.02204951648017822,0.08942675159235669,0.06660821476310375,-0.0713503019968651,0.006151258544534501
2006-09-12,68944,7881,17275,45033,34870,085692,COPPER-GRADE #1 - COMMODITY EXCHANGE INC. ,3.390500068664551,-0.14740949176142956,10163,0.08809045879243867,-9394,-0.9689950467168253,0.011251142009686745,0.09218476705358562,-0.0713503019968651,-0.004424157086091118,0.0012616342460648477
2006-09-19,68168,9170,20212,45531,34371,085692,COPPER-GRADE #1 - COMMODITY EXCHANGE INC. ,3.375499963760376,-0.16371317920431874,11160,1.4461011835692736,-11042,-2.3903457878858205,0.012477785286976547,0.1438295555101763,-0.004424157086091118,0.026070229617118468,-0.003295379155627
2006-09-26,67977,10566,20167,44450,32361,085692,COPPER-GRADE #1 - COMMODITY EXCHANGE INC. ,3.463500022888184,-0.17783956338173207,12089,1.362809529397958,-9601,2.113895082736768,0.04024163205790837,0.04688771027885335,0.026070229617118468,-0.05110438706703657,-0.008286027227549307
2006-10-03,69400,10554,22847,45107,33169,085692,COPPER-GRADE #1 - COMMODITY EXCHANGE INC. ,3.2864999771118164,-0.1720172910662824,11938,-0.2221339570737161,-12293,-3.960162996307574,0.018715826051407838,0.08059638932966079,-0.05110438706703657,0.026319771802985725,-0.013516300026656351
2006-10-10,69015,10562,23849,43796,28785,085692,COPPER-GRADE #1 - COMMODITY EXCHANGE INC. ,3.372999906539917,-0.21750344128088098,15011,4.427953890489913,-13287,-1.4322766570605188,0.07846406084236922,0.02935107959664061,0.026319771802985725,0.03320485966772524,-0.019688559024545343
2006-10-17,72713,13068,21992,42204,32753,085692,COPPER-GRADE #1 - COMMODITY EXCHANGE INC. ,3.484999895095825,-0.12997675793874547,9451,-8.056219662392234,-8924,6.32181409838441,0.07417586082687408,0.1244438106103822,0.03320485966772524,-0.0239598022842894,-0.024183733547009558
2006-10-24,75321,12435,22183,43102,32837,085692,COPPER-GRADE #1 - COMMODITY EXCHANGE INC. ,3.40149998664856,-0.13628337382668845,10265,1.1194696959278259,-9748,-1.1332223948949982,0.012931431807108337,0.023802646022300537,-0.0239598022842894,-0.01925621673906619,-0.028382204279564203
2006-10-31,74423,11748,22691,42763,31449,085692,COPPER-GRADE #1 - COMMODITY EXCHANGE INC. ,3.3359999656677246,-0.1520228961476963,11314,1.392705885476826,-10943,-1.586542929594668,0.02327116908316714,0.0346990330729696,-0.01925621673906619,0.0028477298563098774,-0.03171730559788878
2006-11-07,72371,11443,25083,43446,29319,085692,COPPER-GRADE #1 - COMMODITY EXCHANGE INC. ,3.345499992370605,-0.1952024982382446,14127,3.7797455087808878,-13640,-3.623879714604356,0.03865869580155294,0.0738378141597766,0.0028477298563098774,-0.0781646636797888,-0.03602637107877096
2006-11-14,73681,10013,27023,45520,26348,085692,COPPER-GRADE #1 - COMMODITY EXCHANGE INC. ,3.0840001106262207,-0.26020276597766046,19172,6.971024305315665,-17010,-4.656561329814428,0.0701981410363444,0.09099254779133815,-0.0781646636797888,0.008592732068086306,-0.0420113424161909
2006-11-21,73218,9130,27232,47397,26453,085692,COPPER-GRADE #1 - COMMODITY EXCHANGE INC. ,3.1105000972747803,-0.2860498784451911,20944,2.404961930484114,-18102,-1.482064575670797,0.026838185511171293,0.030031351410813485,0.008592732068086306,0.00803724679859541,-0.048915003076246716
2006-11-28,70308,9859,27495,45218,22879,085692,COPPER-GRADE #1 - COMMODITY EXCHANGE INC. ,3.135499954223633,-0.3177305569778688,22339,1.9052691960993198,-17636,0.6364555164030703,0.08448242947560099,0.026556727525833913,0.00803724679859541,0.03157390481810074,-0.05598378285227337
2006-12-05,68793,9550,26632,44655,23437,085692,COPPER-GRADE #1 - COMMODITY EXCHANGE INC. ,3.234499931335449,-0.3084325440088381,21218,-1.5944131535529384,-17082,0.7879615406497127,0.01646302061916231,0.0323917970261456,0.03157390481810074,-0.04637497608074492,-0.06270590657827295
2006-12-12,67911,9439,26965,44210,23227,085692,COPPER-GRADE #1 - COMMODITY EXCHANGE INC. ,3.0845000743865967,-0.3089779269926816,20983,-0.34160452371607575,-17526,-0.6454145043827133,0.009712768954728116,0.012196461927260741,-0.04637497608074492,-0.026584540505302012,-0.06974039340151851
2006-12-19,68920,8423,27394,46285,23433,085692,COPPER-GRADE #1 - COMMODITY EXCHANGE INC. ,3.002500057220459,-0.33157283807312826,22852,2.7521314661836818,-18971,-2.127784894936019,0.032717519148569955,0.04034397074015132,-0.026584540505302012,-0.0506244621189611,-0.07717925237789335
2006-12-26,67350,6507,26714,46853,22568,085692,COPPER-GRADE #1 - COMMODITY EXCHANGE INC. ,2.8505001068115234,-0.3605790645879733,24285,2.079222286709228,-20207,-1.7933836331979105,0.020642168796185592,0.07814334306613287,-0.0506244621189611,-0.1082266409186321,-0.08471359004775794
2007-01-09,69879,6335,25590,49018,26028,085692,COPPER-GRADE #1 - COMMODITY EXCHANGE INC. ,2.5420000553131104,-0.32899726670387386,22990,-1.9227913882702303,-19255,1.4135115070527096,0.07495402819603976,0.04059514487079092,-0.1082266409186321,0.00904799425919589,-0.09178679769083886
2007-01-16,68933,5358,25985,48370,24442,085692,COPPER-GRADE #1 - COMMODITY EXCHANGE INC. ,2.565000057220459,-0.34711966692295415,23928,1.3423202965125431,-20627,-1.9633938665407347,0.030681755754545955,0.04377372938136107,0.00904799425919589,0.0005847529230675885,-0.09923797887742157
2007-01-23,70723,5190,26561,48626,24991,085692,COPPER-GRADE #1 - COMMODITY EXCHANGE INC. ,2.566499948501587,-0.3341911400817273,23635,-0.4250504112689133,-21371,-1.0793088941435887,0.01093497425866308,0.023432332839910554,0.0005847529230675885,-0.006428987538042219,-0.10642919528510865
2007-01-30,71448,5545,27129,48462,24932,085692,COPPER-GRADE #1 - COMMODITY EXCHANGE INC. ,2.549999952316284,-0.32933042212518193,23530,-0.14846655260664846,-21584,-0.301175006716344,0.003038395509169687,0.0282487604823407,-0.006428987538042219,-0.025686283217902894,-0.1138263503658362
2007-02-06,72035,5449,27347,49215,26048,085692,COPPER-GRADE #1 - COMMODITY EXCHANGE INC. ,2.484499931335449,-0.3216075518845006,23167,-0.5080618071884447,-21898,-0.43948046131452245,0.024832919229900483,0.009574338333943163,-0.025686283217902894,0.03723082066661654,-0.12110481645465095
2007-02-13,70803,5710,26386,48111,26416,085692,COPPER-GRADE #1 - COMMODITY EXCHANGE INC. ,2.57699990272522,-0.30641357004646697,21695,-2.0434511001596447,-20676,1.6963975845075312,0.019751231097454615,0.03807328015952144,0.03723082066661654,0.0019402850716563336,-0.12816515873407194
2007-02-20,71320,5156,25867,49013,26974,085692,COPPER-GRADE #1 - COMMODITY EXCHANGE INC. ,2.5820000171661377,-0.3090157038698822,22039,0.48585511913337004,-20711,-0.04943293363275568,0.019213812889046812,0.03458724172388228,0.0019402850716563336,0.08636717587469933,-0.1354466550821514
2007-02-27,65863,5301,24153,45559,24756,085692,COPPER-GRADE #1 - COMMODITY EXCHANGE INC. ,2.805000066757202,-0.3158526031307411,20803,-1.7330342120022435,-18852,2.606561974200785,0.08066557633506365,0.06311536633394446,0.08636717587469933,-0.03707668059807434,-0.14229149264087496
2007-03-06,65495,5207,24486,44591,24607,085692,COPPER-GRADE #1 - COMMODITY EXCHANGE INC. ,2.700999975204468,-0.30512252843728527,19984,-1.24349027526836,-19279,-0.6483154426612817,0.016142085031359287,0.014380493719058364,-0.03707668059807434,0.045723846668870305,-0.14832299248503625
2007-03-13,65156,4642,22907,45244,25291,085692,COPPER-GRADE #1 - COMMODITY EXCHANGE INC. ,2.82450008392334,-0.3062342685247713,19953,-0.04733185739369417,-18265,1.5482097870066416,0.01895512865953073,0.07782496642346365,0.045723846668870305,0.07311021733104228,-0.15374393811370649
2007-03-20,71303,7761,22839,46270,30206,085692,COPPER-GRADE #1 - COMMODITY EXCHANGE INC. ,3.0309998989105225,-0.22529206344754077,16064,-5.968751918472589,-15078,4.891337712566763,0.07768450232752759,0.10415032679738562,0.07311021733104228,0.007093405260075736,-0.1577945675807608
2007-03-27,74716,8680,24470,46101,31535,085692,COPPER-GRADE #1 - COMMODITY EXCHANGE INC. ,3.052500009536743,-0.19495154986883667,14566,-2.100893370545419,-15790,-0.9985554604995582,0.0192951723427276,0.07692307692307693,0.007093405260075736,0.08419327393267562,-0.16197251866659165
2007-04-03,77186,9927,22818,45184,32818,085692,COPPER-GRADE #1 - COMMODITY EXCHANGE INC. ,3.309499979019165,-0.16021040084989505,12366,-2.9444831093741635,-12891,3.8800256973071363,0.02820440501525602,0.08853260039700718,0.08419327393267562,0.0626982874277009,-0.1661659626751762
2007-04-10,80185,12333,22357,45191,35468,085692,COPPER-GRADE #1 - COMMODITY EXCHANGE INC. ,3.5169999599456787,-0.12125709297250109,9723,-3.4241960977379318,-10024,3.7144041665587024,0.03294114729912347,0.08264629576246757,0.0626982874277009,0.04464033740059459,-0.16936994718528278
2007-04-17,80657,13787,22572,46119,36597,085692,COPPER-GRADE #1 - COMMODITY EXCHANGE INC. ,3.674000024795532,-0.1180554694570837,9522,-0.2506703248737295,-8785,1.545176778699258,0.024868223801924657,0.045903352677466376,0.04464033740059459,-0.033750699957098784,-0.17209948577987522
2007-04-24,80138,13923,22406,46176,37255,085692,COPPER-GRADE #1 - COMMODITY EXCHANGE INC. ,3.549999952316284,-0.11132047218548005,8921,-0.7451306148257435,-8483,0.37442503440494934,0.008569956011554459,0.008312918054446861,-0.033750699957098784,0.018450710383276947,-0.1748417607470807
2007-05-01,81864,15079,23409,45582,38315,085692,COPPER-GRADE #1 - COMMODITY EXCHANGE INC. ,3.615499973297119,-0.08876917814912538,7267,-2.063939704010582,-8330,0.19092066185829445,0.019714650106678427,0.05609540636042403,0.018450710383276947,0.027658731514234702,-0.17719698039380802
2007-05-08,81613,15900,23965,45814,39413,085692,COPPER-GRADE #1 - COMMODITY EXCHANGE INC. ,3.7155001163482666,-0.07843113229510004,6401,-1.0578520472979576,-8065,0.32370761262581843,0.015605383270559799,0.034541577825159916,0.027658731514234702,-0.04898402759200082,-0.1789488100398827
2007-05-15,81845,15317,24368,46358,38351,085692,COPPER-GRADE #1 - COMMODITY EXCHANGE INC. ,3.533499956130981,-0.09783126641822958,8007,1.9678237535686716,-9051,-1.2081408599120238,0.018959024424795478,0.024845659569106716,-0.04898402759200082,-0.0636762154877546,-0.18122087032492146
2007-05-22,80380,12655,23772,47161,35982,085692,COPPER-GRADE #1 - COMMODITY EXCHANGE INC. ,3.308500051498413,-0.13907688479721322,11179,3.8756185472539553,-11117,-2.5242837070071475,0.03815113719735877,0.08943915227715706,-0.0636762154877546,0.005289382932948561,-0.1845582258751239
2007-05-29,79901,12093,23624,47238,36593,085692,COPPER-GRADE #1 - COMMODITY EXCHANGE INC. ,3.325999975204468,-0.13322736886897535,10645,-0.6643443642697189,-11531,-0.5150534958945011,0.008206987868449618,0.019878489234818154,0.005289382932948561,0.03622973200131452,-0.18725927027588724
2007-06-05,81226,12740,22323,45945,37358,085692,COPPER-GRADE #1 - COMMODITY EXCHANGE INC. ,3.446500062942505,-0.10571738113411962,8587,-2.5756874131738026,-9583,2.438017046094542,0.024704992617312703,0.055557140005133614,0.03622973200131452,-0.04613380397683431,-0.18815778001269243
2007-06-12,76962,13222,22204,45830,36826,085692,COPPER-GRADE #1 - COMMODITY EXCHANGE INC. ,3.2874999046325684,-0.11699280164236896,9004,0.5133824144978208,-8982,0.7399108659788737,0.007827622919086334,0.016964941003782534,-0.04613380397683431,0.034068438571841275,-0.18897659441112932
2007-06-19,78337,13894,22256,45287,37271,085692,COPPER-GRADE #1 - COMMODITY EXCHANGE INC. ,3.399499893188477,-0.10232712511329257,8016,-1.2837504222863232,-8362,0.8055923702606481,0.01196734417015916,0.020027662517289074,0.034068438571841275,-0.023974060169992373,-0.18909687491340585
2007-06-26,79416,13474,22397,46577,36741,085692,COPPER-GRADE #1 - COMMODITY EXCHANGE INC. ,3.318000078201294,-0.12385413518686411,9836,2.3232955053167723,-8923,-0.7161366914740162,0.021844019299551116,0.015639374425023,-0.023974060169992373,0.07383962621601192,-0.18982693869623013
2007-07-03,81852,15360,23710,46637,38895,085692,COPPER-GRADE #1 - COMMODITY EXCHANGE INC. ,3.562999963760376,-0.09458534916678883,7742,-2.636748262314899,-8350,0.7215170746449079,0.02588504887059814,0.08187867929357563,0.07383962621601192,0.01838339086360996,-0.19047859960716512
2007-07-10,87538,20648,24557,46557,43380,085692,COPPER-GRADE #1 - COMMODITY EXCHANGE INC. ,3.628499984741211,-0.036292809979665976,3177,-5.577139226897327,-3909,5.425646288423008,0.050757752649076573,0.1357150757659551,0.01838339086360996,-0.011988410300996843,-0.18991788188351538
2007-07-17,89893,20639,24406,47405,43808,085692,COPPER-GRADE #1 - COMMODITY EXCHANGE INC. ,3.5850000381469727,-0.04001423915099062,3597,0.4797916333478033,-3767,0.1622152665128287,0.01398923399076886,0.003552003552003552,-0.011988410300996843,0.017712671365430088,-0.19009441589802994
2007-07-24,94496,21993,24958,48330,45565,085692,COPPER-GRADE #1 - COMMODITY EXCHANGE INC. ,3.6484999656677246,-0.02926049779884863,2765,-0.9255448143904419,-2965,0.8921718042561712,0.02856382128973854,0.0405955144725352,0.017712671365430088,0.0013704575820114862,-0.1895161001996994
2007-07-31,89395,19544,24959,47701,41486,085692,COPPER-GRADE #1 - COMMODITY EXCHANGE INC. ,3.6535000801086426,-0.06952290396554617,6215,3.650948188283102,-5415,-2.5927023366068407,0.052787962371197594,0.05505246837291868,0.0013704575820114862,-0.03777200175673412,-0.1890327264094395
2007-08-07,84651,18463,24017,47685,40315,085692,COPPER-GRADE #1 - COMMODITY EXCHANGE INC. ,3.515500068664551,-0.0870633542427142,7370,1.292018569271212,-5554,-0.15548968063090776,0.013488636363636364,0.04762241054613936,-0.03777200175673412,-0.02944108256885214,-0.1888921996600922
2007-08-14,76111,13970,19908,47371,38218,085692,COPPER-GRADE #1 - COMMODITY EXCHANGE INC. ,3.4119999408721924,-0.12025856972053973,9153,2.1062952593590154,-5938,-0.45362724598646204,0.028169507763848158,0.253911092744554,-0.02944108256885214,-0.07312427918033482,-0.18934594766600646
2007-08-21,76498,12313,19380,49923,38335,085692,COPPER-GRADE #1 - COMMODITY EXCHANGE INC. ,3.1624999046325684,-0.15148108447279668,11588,3.1992747434667788,-7067,-1.4833598297223793,0.030240884679009268,0.0689426687281103,-0.07312427918033482,0.05517786365789079,-0.1900073389941497
2007-08-28,73083,11271,17808,48954,37438,085692,COPPER-GRADE #1 - COMMODITY EXCHANGE INC. ,3.336999893188477,-0.15757426487692075,11516,-0.0941201077152344,-6537,0.6928285706815864,0.021599222150199094,0.08989304996733037,0.05517786365789079,-0.004345191246429958,-0.19018330246864165
2007-09-04,69156,11478,16634,46588,36737,085692,COPPER-GRADE #1 - COMMODITY EXCHANGE INC. ,3.322499990463257,-0.14244606397131124,9851,-2.278231599688026,-5156,1.8896323358373355,0.036807680768076806,0.04912492885600455,-0.004345191246429958,0.020015033466505905,-0.1896364581837173
2007-09-11,68684,12518,16637,45325,36139,085692,COPPER-GRADE #1 - COMMODITY EXCHANGE INC. ,3.388999938964844,-0.1337429386756741,9186,-0.9615940771588871,-4119,1.4995083579154376,0.022844446626730824,0.03577430972388956,0.020015033466505905,0.015786419722514156,-0.18940298438548397
2007-09-18,71557,14435,16863,45130,38667,085692,COPPER-GRADE #1 - COMMODITY EXCHANGE INC. ,3.442500114440918,-0.09031960534958146,6463,-3.9645332246229104,-2428,2.461999883524547,0.03249519672541976,0.06847082880695252,0.015786419722514156,0.04909220181160712,-0.1883051019544869
2007-09-25,77528,17474,17396,45909,43426,085692,COPPER-GRADE #1 - COMMODITY EXCHANGE INC. ,3.611500024795532,-0.03202713858218966,2483,-5.561999524854312,78,3.502103218413293,0.06199138075782168,0.10243762546601663,0.04909220181160712,0.024643496064657766,-0.18577267809636905
2007-10-02,83055,20787,19307,45540,46375,085692,COPPER-GRADE #1 - COMMODITY EXCHANGE INC. ,3.700500011444092,0.010053578953705376,-835,-4.2797440924569194,1480,1.8083789082654007,0.03609856933035957,0.13029380954756323,0.024643496064657766,-0.02688824228198372,-0.18215934843607215
2007-10-09,86905,23322,19283,44052,47796,085692,COPPER-GRADE #1 - COMMODITY EXCHANGE INC. ,3.6010000705718994,0.043081525804038893,-3744,-3.5024983444705318,4039,3.081090843417013,0.03167189269227419,0.06006337284356296,-0.02688824228198372,0.006387115094862006,-0.1780228327270275
2007-10-16,90148,22890,20921,44427,45622,085692,COPPER-GRADE #1 - COMMODITY EXCHANGE INC. ,3.624000072479248,0.013255979056662377,-1195,2.933087854553823,1969,-2.3819112824348427,0.02830681073637686,0.04724840793408048,0.006387115094862006,-0.03283663235605838,-0.17358515156669013
2007-10-23,86858,19606,20130,44365,42585,085692,COPPER-GRADE #1 - COMMODITY EXCHANGE INC. ,3.505000114440918,-0.02049321881691957,1780,3.3001286772862404,-524,-2.765452367218352,0.0356411730879816,0.10255184215824441,-0.03283663235605838,-0.008701903729777971,-0.17147969889127046
2007-10-30,86013,17403,20060,44851,40544,085692,COPPER-GRADE #1 - COMMODITY EXCHANGE INC. ,3.4744999408721924,-0.05007382604955065,4307,2.909346289345829,-2657,-2.455732344746598,0.02959189648105861,0.06067319755492086,-0.008701903729777971,-0.040869178978898746,-0.1698218229724793
2007-11-06,83317,15556,18680,45069,39504,085692,COPPER-GRADE #1 - COMMODITY EXCHANGE INC. ,3.3324999809265137,-0.0667930914459234,5565,1.462569611570344,-3124,-0.5429411833094997,0.014874723611554515,0.09425750671807454,-0.040869178978898746,-0.06916728706770392,-0.16818278826667596
2007-11-13,78465,12163,18565,47162,38645,085692,COPPER-GRADE #1 - COMMODITY EXCHANGE INC. ,3.101999998092652,-0.10854521124068056,8517,3.543094446511516,-6402,-3.9343711367428016,0.03440278765135712,0.114162978391044,-0.06916728706770392,-0.02466148904315979,-0.1665163019782613
2007-11-20,77837,11396,17997,48615,38956,085692,COPPER-GRADE #1 - COMMODITY EXCHANGE INC. ,3.025500059127808,-0.12409265516399656,9659,1.455425986108456,-6601,-0.25361626202765564,0.02014365486291124,0.0454189773075222,-0.02466148904315979,-0.022145149354205307,-0.1638987998472293
2007-11-27,73905,9580,17500,47176,33387,085692,COPPER-GRADE #1 - COMMODITY EXCHANGE INC. ,2.9584999084472656,-0.18657736283066098,13789,5.305959890540488,-7920,-1.6945668512404126,0.08698782319427033,0.0854135893648449,-0.022145149354205307,0.013351360255198452,-0.1619858668546422
2007-12-04,70839,8457,16812,46912,34899,085692,COPPER-GRADE #1 - COMMODITY EXCHANGE INC. ,2.997999906539917,-0.1695817275794407,12013,-2.403085041607469,-8355,-0.5885934645829105,0.021708572196892838,0.07166884324666588,0.013351360255198452,0.01984655799667312,-0.1591368509046724
2007-12-11,70873,8673,16665,44082,33722,085692,COPPER-GRADE #1 - COMMODITY EXCHANGE INC. ,3.057499885559082,-0.14617696442933134,10360,-2.33346038199297,-7992,0.5124295938677847,0.051501208164104674,0.014326308311626805,0.01984655799667312,-0.061324613906147185,-0.15601655129737418
2007-12-18,73019,8702,17746,45412,34149,085692,COPPER-GRADE #1 - COMMODITY EXCHANGE INC. ,2.869999885559082,-0.15424752461688054,11263,1.2741100277961988,-9044,-1.4843452372553723,0.022083684217141564,0.04196914700544464,-0.061324613906147185,0.140592368013297,-0.15304096663630112
2008-01-08,75606,9382,15579,45968,36690,085692,COPPER-GRADE #1 - COMMODITY EXCHANGE INC. ,3.2734999656677246,-0.12271512842896067,9278,-2.7184705350662157,-6197,3.898985195634013,0.03746763773621428,0.11405793037137935,0.140592368013297,-0.01634334431605311,-0.14902447222006712
2008-01-15,83849,10724,19539,50487,39630,085692,COPPER-GRADE #1 - COMMODITY EXCHANGE INC. ,3.220000028610229,-0.12948276067693115,10857,2.088458587942756,-8815,-3.4626881464434036,0.08277017654826503,0.17519743581270858,-0.01634334431605311,-0.009627371755794978,-0.14458031252947018
2008-01-22,86382,11307,20355,50879,38160,085692,COPPER-GRADE #1 - COMMODITY EXCHANGE INC. ,3.188999891281128,-0.14724132342386145,12719,2.220658564801011,-9048,-0.2778804756168827,0.020912184548343985,0.04418545890973406,-0.009627371755794978,0.03135783833814254,-0.14108500592793144
2008-01-29,89706,10688,20024,51496,38578,085692,COPPER-GRADE #1 - COMMODITY EXCHANGE INC. ,3.2890000343322754,-0.14400374556885828,12918,0.23037206825496054,-9336,-0.3334027922483851,0.011490552212625176,0.030932534514196405,0.03135783833814254,-0.02599574369560831,-0.13717893051727575
2008-02-05,90375,11552,18781,51617,40742,085692,COPPER-GRADE #1 - COMMODITY EXCHANGE INC. ,3.2035000324249268,-0.12033195020746888,10875,-2.2774396361447393,-7229,2.3487838048736984,0.024740415119262876,0.06946230178353609,-0.02599574369560831,0.10972374926626838,-0.13306625378892464
2008-02-12,88310,18417,17863,50101,46853,085692,COPPER-GRADE #1 - COMMODITY EXCHANGE INC. ,3.555000066757202,-0.03677952666742158,3248,-8.439280774550484,554,8.611894882434301,0.07866617158652557,0.21452590959206175,0.10972374926626838,0.047819925367944105,-0.12744027503012156
2008-02-19,93661,21336,17784,53143,53157,085692,COPPER-GRADE #1 - COMMODITY EXCHANGE INC. ,3.724999904632568,0.0001494752351565753,-14,-3.6938059109953567,3552,3.3948590193636052,0.08792097836312324,0.0766359918200409,0.047819925367944105,0.015033555895749284,-0.12125263989320509
2008-02-26,101872,24783,19202,52749,57730,085692,COPPER-GRADE #1 - COMMODITY EXCHANGE INC. ,3.7809998989105225,0.0488946913774148,-4981,-5.303167807305068,5581,2.1663232295192234,0.044958770445061955,0.11060588837103558,0.015033555895749284,0.012166094960212037,-0.1144197887119766
2008-03-04,101867,27387,18291,49840,58982,085692,COPPER-GRADE #1 - COMMODITY EXCHANGE INC. ,3.82699990272522,0.08974447073144394,-9142,-4.084537458771792,9096,3.4504083555834772,0.03823675359761813,0.07695170541617409,0.012166094960212037,-0.00731640413937551,-0.10675132381579723
2008-03-11,103107,29142,19142,49542,58831,085692,COPPER-GRADE #1 - COMMODITY EXCHANGE INC. ,3.799000024795532,0.09009087646813504,-9289,-0.14430581051763572,10000,0.8874316510744402,0.00414309837321104,0.05397233037859332,-0.00731640413937551,-0.007501995241544157,-0.09894471843889578
2008-03-18,101953,27231,19888,49184,56049,085692,COPPER-GRADE #1 - COMMODITY EXCHANGE INC. ,3.7704999446868896,0.06733494845664179,-6865,2.3509558031947395,7343,-2.576934640713046,0.029838548744215217,0.056389142384176236,-0.007501995241544157,-0.018830357195362746,-0.0917820746524741
2008-03-25,97323,23073,15518,49023,53999,085692,COPPER-GRADE #1 - COMMODITY EXCHANGE INC. ,3.69950008392334,0.05112871571981957,-4976,1.8528145321863996,7555,0.20793895226231696,0.021461435421560444,0.22098416729289214,-0.018830357195362746,0.0341937798111831,-0.08490970957084734
2008-04-01,101860,25610,16029,48653,55905,085692,COPPER-GRADE #1 - COMMODITY EXCHANGE INC. ,3.825999975204468,0.07119575888474376,-7252,-2.3386044408824227,9581,2.0817278546695026,0.02176782264389143,0.07320060520185404,0.0341937798111831,0.021693660539674475,-0.07920802067984188
2008-04-08,102525,28023,19182,48968,55942,085692,COPPER-GRADE #1 - COMMODITY EXCHANGE INC. ,3.908999919891357,0.068022433552792,-6974,0.2729236206558021,8841,-0.7264873355586099,0.0033552568868554,0.11791123821629065,0.021693660539674475,-0.004604729556231368,-0.0741508286909644
2008-04-15,105070,30643,21360,49550,57463,085692,COPPER-GRADE #1 - COMMODITY EXCHANGE INC. ,3.891000032424927,0.07531169696392881,-7913,-0.9158741770299926,9283,0.43111436235064615,0.019651818003420144,0.09226390785147011,-0.004604729556231368,0.029426832794557933,-0.0696215575791601
2008-04-22,107654,30703,21690,50942,58831,085692,COPPER-GRADE #1 - COMMODITY EXCHANGE INC. ,4.005499839782715,0.07328106712244785,-7889,0.022841914913866945,9013,-0.25697154278100315,0.02514279467628652,0.007443742484683069,0.029426832794557933,-0.02646360025818595,-0.06588043911579569
2008-04-29,104206,29123,22559,50041,54543,085692,COPPER-GRADE #1 - COMMODITY EXCHANGE INC. ,3.899499893188477,0.04320288659002361,-4502,3.146190573504003,6564,-2.2748806361119884,0.04961561998011168,0.047385937076738514,-0.02646360025818595,0.0033337637646302376,-0.06277931688412056
2008-05-06,99434,27833,20639,48990,54398,085692,COPPER-GRADE #1 - COMMODITY EXCHANGE INC. ,3.912499904632568,0.054387835146931636,-5408,-0.8694317025891024,7194,0.604571713720899,0.01156807366425504,0.06622379930681631,0.0033337637646302376,-0.037699630242481796,-0.05959261866618956
2008-05-13,97799,24173,19985,48974,51927,085692,COPPER-GRADE #1 - COMMODITY EXCHANGE INC. ,3.765000104904175,0.030194582766694955,-2953,2.468974395076131,4188,-3.023110807168574,0.024647922220790677,0.09769464196748041,-0.037699630242481796,0.006772860557430871,-0.05730485403319303
2008-05-20,101017,24632,19592,49121,53403,085692,COPPER-GRADE #1 - COMMODITY EXCHANGE INC. ,3.7904999256134033,0.04238890483779958,-4282,-1.3589096003026615,5040,0.8711745518870335,0.01583043970192345,0.019265557163531115,0.006772860557430871,-0.013058960434591649,-0.054981391780637254
2008-05-27,98441,22205,18544,49788,51504,085692,COPPER-GRADE #1 - COMMODITY EXCHANGE INC. ,3.740999937057495,0.017431761156428725,-1716,2.5401665066275974,3661,-1.3651167625251195,0.025332701496663113,0.08527816633537019,-0.013058960434591649,-0.04143276503545912,-0.052764795096509214
2008-06-03,97981,20776,21663,49487,46744,085692,COPPER-GRADE #1 - COMMODITY EXCHANGE INC. ,3.5859999656677246,-0.027995223563752156,2743,4.529616724738676,-887,-4.620026208591948,0.052592200018704995,0.10716557883079243,-0.04143276503545912,-0.008087017330358104,-0.050628609303558045
2008-06-10,96229,20614,20430,50084,47406,085692,COPPER-GRADE #1 - COMMODITY EXCHANGE INC. ,3.556999921798706,-0.027829448503050015,2678,-0.06633939233116624,184,1.0930690644104468,0.012914145040516975,0.033987915407854986,-0.008087017330358104,0.02853529282085243,-0.048601726219597935
2008-06-17,102488,23149,19960,52431,52838,085692,COPPER-GRADE #1 - COMMODITY EXCHANGE INC. ,3.658499956130981,0.0039711966278979,-407,-3.2058942730361952,3189,3.12275925136913,0.07389639874986938,0.06970702173560045,0.02853529282085243,0.0369003668394261,-0.04649233049340529
2008-06-24,109496,25237,18619,54249,59841,085692,COPPER-GRADE #1 - COMMODITY EXCHANGE INC. ,3.7934999465942383,0.05107035873456565,-5592,-5.059128873624229,6618,3.3457575521036604,0.077316153913577,0.07818770521707406,0.0369003668394261,0.034005522688197676,-0.0432603466400027
2008-07-01,111367,26085,18647,52762,60405,085692,COPPER-GRADE #1 - COMMODITY EXCHANGE INC. ,3.922499895095825,0.06862894753382959,-7643,-1.873127785489881,7438,0.7488858040476365,0.01812365795682487,0.01958329607439864,0.034005522688197676,-0.05353723526951504,-0.03997272985832727
2008-07-08,110218,25343,18805,54077,60938,085692,COPPER-GRADE #1 - COMMODITY EXCHANGE INC. ,3.712500095367432,0.06224936035856212,-6861,0.7021828728438406,6538,-0.808138856214139,0.016067469460505152,0.02038597444957869,-0.05353723526951504,0.0025588654653920795,-0.03639381648245369
2008-07-15,105627,21001,17982,54452,56566,085692,COPPER-GRADE #1 - COMMODITY EXCHANGE INC. ,3.721999883651733,0.020013822223484527,-2114,4.306919015042915,3019,-3.1927634324701955,0.04275883190113315,0.1324936510786753,0.0025588654653920795,0.0036271397219393986,-0.03418998626340997
2008-07-22,110899,20424,19431,57290,55935,085692,COPPER-GRADE #1 - COMMODITY EXCHANGE INC. ,3.73550009727478,-0.012218324782008854,1355,3.2841981690287523,993,-1.9180701903869275,0.030638109958048134,0.05083427424413499,0.0036271397219393986,-0.013920504463191707,-0.03372701539422426
2008-07-29,108234,18062,20304,57551,51529,085692,COPPER-GRADE #1 - COMMODITY EXCHANGE INC. ,3.683500051498413,-0.05563870872369126,6022,4.208333709050578,-2242,-2.917068684117981,0.04278511184451778,0.08431944951258927,-0.013920504463191707,-0.06149043875814186,-0.034027485962930044
2008-08-05,110205,15980,20299,61793,53972,085692,COPPER-GRADE #1 - COMMODITY EXCHANGE INC. ,3.4570000171661377,-0.07096774193548387,7821,1.6621394386237227,-4319,-1.9189903357540143,0.05774629637627953,0.05752639267896028,-0.06149043875814186,-0.06421756464215933,-0.03482954835017303
2008-08-12,100371,13037,18479,60458,49423,085692,COPPER-GRADE #1 - COMMODITY EXCHANGE INC. ,3.234999895095825,-0.10994211475426169,11035,2.9163831042148725,-5442,-1.0190100267682956,0.05354883919876958,0.15112958497271228,-0.06421756464215933,0.06568782140907525,-0.03560684086534063
2008-08-19,94900,10449,19576,61326,45775,085692,COPPER-GRADE #1 - COMMODITY EXCHANGE INC. ,3.447499990463257,-0.16386722866174921,15551,4.499307568919309,-9127,-3.671379183230216,0.042165806108252955,0.12273105745212323,0.06568782140907525,0.008991993907549567,-0.03708383845032208
2008-08-26,87899,8940,19992,58168,40639,085692,COPPER-GRADE #1 - COMMODITY EXCHANGE INC. ,3.4784998893737797,-0.19942206395977202,17529,2.0842992623814545,-11052,-2.0284510010537407,0.08394142115437166,0.06653532420848887,0.008991993907549567,-0.044846889139504076,-0.03860621333953808
2008-09-02,77739,7720,19789,50753,32698,085692,COPPER-GRADE #1 - COMMODITY EXCHANGE INC. ,3.322499990463257,-0.23225150825197133,18055,0.5984140888974846,-12069,-1.1570097498265053,0.18401217480916945,0.05172852520993129,-0.044846889139504076,-0.0684725244562927,-0.04015949071990683
2008-09-09,76798,7093,20512,50926,32373,085692,COPPER-GRADE #1 - COMMODITY EXCHANGE INC. ,3.095000028610229,-0.24158181202635484,18553,0.6406051016864123,-13419,-1.7365800949330452,0.005978463126808245,0.048904184024633215,-0.0684725244562927,0.005815795573518523,-0.041775020472780554
2008-09-16,76698,8754,21151,48957,30401,085692,COPPER-GRADE #1 - COMMODITY EXCHANGE INC. ,3.11299991607666,-0.24193590445643953,18556,0.0039063517279095804,-12397,1.3307638219745306,0.04966102976385493,0.07691021568299615,0.005815795573518523,0.01734665618125275,-0.0436882866359561
2008-09-23,74489,9744,19643,45239,31085,085692,COPPER-GRADE #1 - COMMODITY EXCHANGE INC. ,3.1670000553131104,-0.1900146330330653,14154,-5.739393465279408,-9899,3.256929776526116,0.05767517425711441,0.08500357300847314,0.01734665618125275,-0.08809600220907943,-0.04477043460436747
2008-09-30,78214,5816,21985,52613,31464,085692,COPPER-GRADE #1 - COMMODITY EXCHANGE INC. ,2.888000011444092,-0.270399161275475,21149,9.390648283639196,-16169,-8.417350212783095,0.09221309038143606,0.22553145570303226,-0.08809600220907943,-0.11894040773869718,-0.04823350298755773
2008-10-07,80024,5643,24442,54999,31648,085692,COPPER-GRADE #1 - COMMODITY EXCHANGE INC. ,2.5445001125335693,-0.29179996001199643,23351,2.8153527501470323,-18799,-3.362569360983967,0.029660576823202188,0.08741897955791923,-0.11894040773869718,-0.05305569774466057,-0.05322913416890017
2008-10-14,80670,5881,24008,55655,33661,085692,COPPER-GRADE #1 - COMMODITY EXCHANGE INC. ,2.4094998836517334,-0.27264162637907524,21994,-1.695741277616715,-18127,0.8397480755773268,0.029882663800438893,0.02248318779484091,-0.05305569774466057,-0.16704707765301907,-0.0586655804252998
2008-10-21,83603,6259,23838,55475,34091,085692,COPPER-GRADE #1 - COMMODITY EXCHANGE INC. ,2.006999969482422,-0.25578029496549165,21384,-0.7561671005330358,-17579,0.6793107722821371,0.006810620101377755,0.018207794796823603,-0.16704707765301907,-0.08246134934226423,-0.06441292313240615
2008-10-28,79285,6663,22546,52215,33117,085692,COPPER-GRADE #1 - COMMODITY EXCHANGE INC. ,1.8415000438690183,-0.24087784574635807,19098,-2.734351638099111,-15883,2.0286353360525338,0.04961796278066845,0.05806429525146359,-0.08246134934226423,0.05946235608302719,-0.06930011207092578
2008-11-04,77976,5905,22063,51260,33069,085692,COPPER-GRADE #1 - COMMODITY EXCHANGE INC. ,1.950999975204468,-0.2332897301733867,18191,-1.143974270038469,-16158,-0.34684997162136594,0.011893891781000605,0.044372139588100684,0.05946235608302719,-0.15812400625827405,-0.07339235267393476
2008-11-11,77148,6327,21736,52034,34406,085692,COPPER-GRADE #1 - COMMODITY EXCHANGE INC. ,1.6425000429153442,-0.22849587805257426,17628,-0.7220170308812968,-15409,0.9605519647070894,0.02442156409069875,0.026689947617859814,-0.15812400625827405,0.0076103063304884255,-0.07682354598168521
2008-11-18,80583,8073,24317,53020,34898,085692,COPPER-GRADE #1 - COMMODITY EXCHANGE INC. ,1.6549999713897705,-0.2248861422384374,18122,0.6403276818582465,-16244,-1.082335251723959,0.01681111945221684,0.13359061438715653,0.0076103063304884255,-0.005438032561207673,-0.07986379695846434
2008-11-25,72372,7873,23970,47543,28416,085692,COPPER-GRADE #1 - COMMODITY EXCHANGE INC. ,1.6460000276565552,-0.26428729342839774,19127,1.2471613119392428,-16097,0.1824206098060385,0.15744019800155348,0.017178029708256132,-0.005438032561207673,-0.04100850188181926,-0.08285883700053581
2008-12-02,70029,8653,26375,45679,25474,085692,COPPER-GRADE #1 - COMMODITY EXCHANGE INC. ,1.5785000324249268,-0.2885233260506362,20205,1.4895263361521032,-17722,-2.2453435030122146,0.06754458701671047,0.09092725819344524,-0.04100850188181926,-0.09946155313577443,-0.08602096528681734
2008-12-09,69033,8130,25347,45436,25680,085692,COPPER-GRADE #1 - COMMODITY EXCHANGE INC. ,1.4214999675750732,-0.2861819709414338,19756,-0.6411629467791915,-17217,0.7211298176469748,0.006313628438044884,0.0463303163365893,-0.09946155313577443,-0.04713324923690121,-0.08793643851971683
2008-12-16,71777,9531,27772,45198,26086,085692,COPPER-GRADE #1 - COMMODITY EXCHANGE INC. ,1.3545000553131104,-0.2662691391392786,19112,-0.9328871699042486,-18241,-1.4833485434502338,0.00903428539363672,0.10256547730745516,-0.04713324923690121,-0.035068300011353304,-0.08979581181894448
2008-12-30,74252,10070,29515,46881,25371,085692,COPPER-GRADE #1 - COMMODITY EXCHANGE INC. ,1.3070000410079956,-0.2896891666217745,21510,3.34090307480112,-19445,-1.6774175571561922,0.03318939268117146,0.057648099027409375,-0.035068300011353304,0.19816368447354238,-0.09255566186110684
2009-01-06,76356,9052,28741,45555,25192,085692,COPPER-GRADE #1 - COMMODITY EXCHANGE INC. ,1.565999984741211,-0.2666850018335167,20363,-1.5447395356354037,-19689,-0.32861067715347736,0.021272986840431395,0.04741618818299685,0.19816368447354238,-0.021392053931927335,-0.09471792103834983
2009-01-13,81996,7191,30297,55160,29143,085692,COPPER-GRADE #1 - COMMODITY EXCHANGE INC. ,1.5325000286102295,-0.3172959656568613,26017,7.404788097857405,-23106,-4.475090366179475,0.16080092048918782,0.09114916773367478,-0.021392053931927335,-0.027732475223526176,-0.09845986021580948
2009-01-20,83617,7009,32318,58413,31481,085692,COPPER-GRADE #1 - COMMODITY EXCHANGE INC. ,1.4900000095367432,-0.3220876137627516,26932,1.1159080930777112,-25309,-2.686716425191473,0.06219547467016709,0.056017494342309355,-0.027732475223526176,-0.013422805905036084,-0.1021637996982291
2009-01-27,84113,6592,32122,57878,30807,085692,COPPER-GRADE #1 - COMMODITY EXCHANGE INC. ,1.4700000286102295,-0.32184085694244646,27071,0.16623413899087505,-25530,-0.26430032170491646,0.013632519591813722,0.01583406519605311,-0.013422805905036084,0.0306122151080499,-0.10552148303512497
2009-02-03,87299,7352,32590,58566,31267,085692,COPPER-GRADE #1 - COMMODITY EXCHANGE INC. ,1.5149999856948853,-0.31270690385915073,27299,0.2710639259091936,-25238,0.34715204546265144,0.01277926819765565,0.030744579640478695,0.0306122151080499,0.03630367476998697,-0.10876577454070752
2009-02-10,83934,8874,33519,55953,30349,085692,COPPER-GRADE #1 - COMMODITY EXCHANGE INC. ,1.5700000524520874,-0.3050492053279958,25604,-1.9416029965978994,-24645,0.6792746766858727,0.04091446316423721,0.05781614889250584,0.03630367476998697,-0.09522293465167164,-0.1123180294468715
2009-02-17,89405,7665,35092,58493,29651,085692,COPPER-GRADE #1 - COMMODITY EXCHANGE INC. ,1.4205000400543213,-0.3225994071919915,28842,3.85779302785522,-27427,-3.3145090189911124,0.036735342167362496,0.0650653694131955,-0.09522293465167164,0.044702517233525585,-0.11781456561080553
2009-02-24,84903,7461,34955,58336,29251,085692,COPPER-GRADE #1 - COMMODITY EXCHANGE INC. ,1.4839999675750732,-0.34256740044521394,29085,0.2717968793691628,-27494,-0.07493988031989263,0.006359391233858906,0.008039419087136929,0.044702517233525585,0.07547169205058779,-0.12440527475850495
2009-03-03,80939,7303,32200,55677,28806,085692,COPPER-GRADE #1 - COMMODITY EXCHANGE INC. ,1.5959999561309814,-0.33199075847242987,26871,-2.607681707360164,-24897,3.058784730810454,0.03674111951516873,0.07374123484292332,0.07547169205058779,0.049185485327472245,-0.13172999494792503
2009-03-10,86966,12397,32473,54061,34896,085692,COPPER-GRADE #1 - COMMODITY EXCHANGE INC. ,1.6744999885559082,-0.22037347929075732,19165,-9.520750194590988,-20076,5.956337488726078,0.08662612273345549,0.11961221305995097,0.049185485327472245,0.025679297179897587,-0.1376938016791212
2009-03-17,92910,15727,34574,55539,38683,085692,COPPER-GRADE #1 - COMMODITY EXCHANGE INC. ,1.7174999713897705,-0.18142288235927242,16856,-2.6550605983947753,-18847,1.4131959616401812,0.055878669525163974,0.10797002047673009,0.025679297179897587,0.04716155562468649,-0.14291522011810984
2009-03-24,95985,16058,34473,56980,41004,085692,COPPER-GRADE #1 - COMMODITY EXCHANGE INC. ,1.7984999418258667,-0.16644267333437515,15976,-0.9471531589710473,-18415,0.46496609622215046,0.038394023514043106,0.008549207417229027,0.04716155562468649,0.0225187912886875,-0.14741094361409093
2009-03-31,96572,15517,34042,57826,39771,085692,COPPER-GRADE #1 - COMMODITY EXCHANGE INC. ,1.83899998664856,-0.1869589529056041,18055,2.1659634317862166,-18525,-0.1146012397770485,0.021301884279229893,0.019612986541294217,0.0225187912886875,0.0826536545523493,-0.1519895526261183
2009-04-07,102332,18576,35974,59804,43189,085692,COPPER-GRADE #1 - COMMODITY EXCHANGE INC. ,1.991000056266785,-0.16236367900558965,16615,-1.4911154371867623,-17398,1.1670049289649174,0.052391910129814645,0.09149404216315307,0.0826536545523493,0.062280235944575324,-0.15648108027785548
2009-04-14,106758,17874,36735,59871,43215,085692,COPPER-GRADE #1 - COMMODITY EXCHANGE INC. ,2.115000009536743,-0.15601641094812566,16656,0.040065668608060045,-18861,-1.429660321307118,0.0009021593620860253,0.026790455785676355,0.062280235944575324,-0.0018912285974237442,-0.16078951959518084
2009-04-21,103736,18504,37984,60099,42743,085692,COPPER-GRADE #1 - COMMODITY EXCHANGE INC. ,2.111000061035156,-0.16730932366777204,17356,0.6556885666647932,-19480,-0.5798160325221529,0.006806557632095836,0.0332637020252089,-0.0018912285974237442,-0.09332071104075601,-0.16545530845348275
2009-04-28,106170,19980,37865,60749,44465,085692,COPPER-GRADE #1 - COMMODITY EXCHANGE INC. ,1.9140000343322756,-0.1533766600734671,16284,-1.0333924577774352,-17885,1.5375568751445978,0.02254452829471363,0.027573688304952892,-0.09332071104075601,0.08908047909926098,-0.16981411089955806
2009-05-05,104619,18992,37530,60581,43522,085692,COPPER-GRADE #1 - COMMODITY EXCHANGE INC. ,2.0845000743865967,-0.16305833548399432,17059,0.7299613826881417,-18538,-0.6150513327682019,0.01067212280145625,0.023406815045469022,0.08908047909926098,0.0026384454720316253,-0.1737806728625199
2009-05-12,108470,18403,37142,62694,46903,085692,COPPER-GRADE #1 - COMMODITY EXCHANGE INC. ,2.0899999141693115,-0.14557942288190284,15791,-1.2120169376499488,-18739,-0.19212571330255498,0.050129109373431756,0.017589341974975244,0.0026384454720316253,-0.009808586377400674,-0.17762619705538213
2009-05-19,105791,18384,37192,61846,46967,085692,COPPER-GRADE #1 - COMMODITY EXCHANGE INC. ,2.069499969482422,-0.14064523447174146,14879,-0.8407854706370425,-18808,-0.06361205863372361,0.008381351492928235,0.0012415431121347343,-0.009808586377400674,0.03769029708372429,-0.18091157815612127
2009-05-26,107631,19834,37546,62264,46791,085692,COPPER-GRADE #1 - COMMODITY EXCHANGE INC. ,2.1475000381469727,-0.14375969748492534,15473,0.5614844362942027,-17712,1.0360049531623674,0.005446792902663793,0.03143952596723597,0.03769029708372429,0.0693829693976018,-0.18449135897001986
2009-06-02,111357,21485,40139,63721,48281,085692,COPPER-GRADE #1 - COMMODITY EXCHANGE INC. ,2.296499967575073,-0.13865316055569027,15440,-0.030660311620258104,-18654,-0.8752125317055496,0.026312030142318886,0.06886927171231988,0.0693829693976018,0.026997621212723866,-0.18749299207986828
2009-06-09,109820,19790,38559,63095,48533,085692,COPPER-GRADE #1 - COMMODITY EXCHANGE INC. ,2.3585000038146973,-0.13259879803314514,14562,-0.7884551487558034,-18769,-0.10327146025844805,0.007865410112158239,0.056127782824041544,0.026997621212723866,-0.044943797508073424,-0.18950459928120278
2009-06-16,115321,21247,39711,65340,50378,085692,COPPER-GRADE #1 - COMMODITY EXCHANGE INC. ,2.252500057220459,-0.12974219786508961,14962,0.364232380258605,-18464,0.27772718994718626,0.035344544496102595,0.04279996062862955,-0.044943797508073424,-0.0259711653772835,-0.1914644598458574
2009-06-23,109536,18605,40340,64689,44088,085692,COPPER-GRADE #1 - COMMODITY EXCHANGE INC. ,2.194000005722046,-0.18807515337423314,20601,4.889829259198239,-21735,-2.836430485340918,0.06380944501135351,0.05549240817711426,-0.0259711653772835,0.029170415275393546,-0.19515765888435993
2009-06-30,104189,18029,38093,63587,41969,085692,COPPER-GRADE #1 - COMMODITY EXCHANGE INC. ,2.257999897003174,-0.20748831450537006,21618,0.928461875547765,-20064,1.5255258545135846,0.030514608359543748,0.05030112968176473,0.029170415275393546,-0.019486232223929978,-0.20012994106205095
2009-07-07,102426,17971,38932,63158,42374,085692,COPPER-GRADE #1 - COMMODITY EXCHANGE INC. ,2.21399998664856,-0.20291722804756604,20784,-0.8004683795794183,-20961,-0.8609354154469282,0.007902816207406285,0.015763667996414953,-0.019486232223929978,0.03432699894434621,-0.20535198290015472
2009-07-14,106268,17607,37744,65002,44505,085692,COPPER-GRADE #1 - COMMODITY EXCHANGE INC. ,2.289999961853028,-0.19288026499040162,20497,-0.2802022923866987,-20137,0.8044832366781872,0.036299049375838985,0.028039240483460102,0.03432699894434621,0.0670306037841295,-0.21025832184917326
2009-07-21,115991,23014,39074,66092,50853,085692,COPPER-GRADE #1 - COMMODITY EXCHANGE INC. ,2.44350004196167,-0.13138088299954306,15239,-4.9478676553619145,-16060,3.8365265178605035,0.06360254820642182,0.10850727998969205,0.0670306037841295,0.0292613307610603,-0.21316975848807765
2009-07-28,120479,25235,39810,66907,53509,085692,COPPER-GRADE #1 - COMMODITY EXCHANGE INC. ,2.515000104904175,-0.11120610230828609,13398,-1.5871921097326516,-14575,1.2802717452216121,0.02882507307998937,0.045460834806672304,0.0292613307610603,0.10894628946289453,-0.2150733695943522
2009-08-04,121925,27256,37910,65824,56904,085692,COPPER-GRADE #1 - COMMODITY EXCHANGE INC. ,2.7890000343322754,-0.07315972934180849,8920,-3.7168303189767515,-10654,3.254509084570755,0.03648719118701519,0.0601694134978363,0.10894628946289453,-0.019899616290562583,-0.21541031229854676
2009-08-11,117741,27433,37843,63915,55107,085692,COPPER-GRADE #1 - COMMODITY EXCHANGE INC. ,2.7335000038146973,-0.07480826559991846,8808,-0.09185974984621693,-10410,0.20012302645068689,0.031137100704071517,0.003737974140572339,-0.019899616290562583,0.00951162350535939,-0.2154841685228628
2009-08-18,116703,27431,28688,63530,63437,085692,COPPER-GRADE #1 - COMMODITY EXCHANGE INC. ,2.759500026702881,-0.0007968946813706588,93,-7.401839631054603,-1257,7.773842586694524,0.06863988280419321,0.16317111851601063,0.00951162350535939,0.03424535746889057,-0.21338522198299953
2009-08-25,118454,28889,30133,63016,61709,085692,COPPER-GRADE #1 - COMMODITY EXCHANGE INC. ,2.8540000915527344,-0.011033819035237308,1307,1.0402474657892256,-1244,0.011139388019159747,0.017975546201643617,0.04918504964250618,0.03424535746889057,-0.020147204671734364,-0.21044611795172047
2009-09-01,119527,28277,31825,63955,59880,085692,COPPER-GRADE #1 - COMMODITY EXCHANGE INC. ,2.796499967575073,-0.0340927154534122,4075,2.336772080301214,-3548,-1.9450588414067909,0.02235232365647838,0.03833483078766098,-0.020147204671734364,0.049347403198347184,-0.20726670740352124
2009-09-08,118148,27933,30181,64480,62699,085692,COPPER-GRADE #1 - COMMODITY EXCHANGE INC. ,2.934499979019165,-0.015074313572806988,1781,-1.9192316380399408,-2248,1.0876203702929046,0.026293649108736505,0.03420862442784871,0.049347403198347184,-0.036121978992028514,-0.20309022289046036
2009-09-15,117983,26436,28769,64171,63044,085692,COPPER-GRADE #1 - COMMODITY EXCHANGE INC. ,2.8285000324249268,-0.009552223625437563,1127,-0.5535430138470393,-2333,-0.07194366387920235,0.005140903195377904,0.052694502309573406,-0.036121978992028514,0.00848503770654907,-0.19862811542121195
2009-09-22,117248,24442,27979,65555,63972,085692,COPPER-GRADE #1 - COMMODITY EXCHANGE INC. ,2.852499961853028,-0.013501296397379913,1583,0.3864963596450336,-3537,-1.0204860022206588,0.01784956032333027,0.053108487056713914,0.00848503770654907,-0.04820334777301594,-0.194235142189307
2009-09-29,113874,22101,28382,66779,60165,085692,COPPER-GRADE #1 - COMMODITY EXCHANGE INC. ,2.7149999141693115,-0.058081739466427806,6614,4.2909047489082965,-6281,-2.3403384279475983,0.0396316486009579,0.0543549313630331,-0.04820334777301594,0.022283663672603593,-0.19169797115917933
2009-10-06,119080,24278,29049,68847,63672,085692,COPPER-GRADE #1 - COMMODITY EXCHANGE INC. ,2.775500059127808,-0.043458179375209946,5175,-1.2636773978256668,-4771,1.3260270123118534,0.042069439099298965,0.05333133309580513,0.022283663672603593,0.0037830855701483923,-0.18733372150725114
2009-10-13,121664,25357,27186,67991,67502,085692,COPPER-GRADE #1 - COMMODITY EXCHANGE INC. ,2.7860000133514404,-0.004019266175697002,489,-3.93516963385959,-1829,2.4706079946254618,0.03458481249953872,0.05599223493138953,0.0037830855701483923,0.04899493219319151,-0.18179947739501462
2009-10-20,133100,32948,31263,69666,73566,085692,COPPER-GRADE #1 - COMMODITY EXCHANGE INC. ,2.922499895095825,0.029301277235161533,-3900,-3.60747632824829,1685,2.8882824829037346,0.05403122207327971,0.18171341358957188,0.04899493219319151,0.022583481789184345,-0.17599288309474084
2009-10-27,138431,37835,28780,71119,80546,085692,COPPER-GRADE #1 - COMMODITY EXCHANGE INC. ,2.9885001182556152,0.06809890848148174,-9427,-4.15251690458302,9055,5.537190082644628,0.05560280882207497,0.11063574270059295,0.022583481789184345,-0.013552003489838316,-0.1697644368746067
2009-11-03,140662,38502,29440,70747,81608,085692,COPPER-GRADE #1 - COMMODITY EXCHANGE INC. ,2.947999954223633,0.07721346205798296,-10861,-1.035895139094567,9062,0.005056670832400257,0.00941222802008467,0.019531364987783698,-0.013552003489838316,0.05291727942722613,-0.16364729633990788
2009-11-17,151451,44596,35345,75650,87071,085692,COPPER-GRADE #1 - COMMODITY EXCHANGE INC. ,3.1040000915527344,0.0754105288179015,-11421,-0.3981174730915244,9251,0.13436464716838947,0.06370413161177721,0.15009819742059768,0.05291727942722613,0.0025772863296444903,-0.15771075289776773
2009-11-24,152001,46078,34942,73915,86954,085692,COPPER-GRADE #1 - COMMODITY EXCHANGE INC. ,3.111999988555908,0.0857823303794054,-13039,-1.0683323319093303,11136,1.244626975061241,0.011512472881661476,0.023265860281411997,0.0025772863296444903,0.029402327829531227,-0.1516669411971527
2009-12-01,148809,46459,35239,73202,84846,085692,COPPER-GRADE #1 - COMMODITY EXCHANGE INC. ,3.2035000324249268,0.07824795543280312,-11644,0.9177571200189472,11220,0.055262794323721554,0.01784900789633529,0.00829885676515949,0.029402327829531227,-0.019978189184303163,-0.14583743931885962
2009-12-08,147950,48128,35502,72301,86499,085692,COPPER-GRADE #1 - COMMODITY EXCHANGE INC. ,3.13949990272522,0.0959648529908753,-14198,-1.7162940413550254,12626,0.9448353258203469,0.016083123425692694,0.023101757742436925,-0.019978189184303163,-0.005892610861605196,-0.13890951342618132
2009-12-15,147691,45671,35194,73960,85853,085692,COPPER-GRADE #1 - COMMODITY EXCHANGE INC. ,3.121000051498413,0.08052623382602866,-11893,1.5579587698546806,10477,-1.4525177424805678,0.01442310700631363,0.03419279045322451,-0.005892610861605196,-0.00032046328831392135,-0.13181240650547624
2009-12-22,145637,43330,34755,74509,84548,085692,COPPER-GRADE #1 - COMMODITY EXCHANGE INC. ,3.119999885559082,0.0689316588504295,-10039,1.2553236148445064,8575,-1.287823902607471,0.01165619872121315,0.03560222834091055,-0.00032046328831392135,0.056410296381814495,-0.12498329824024809
2009-12-29,154559,50473,35939,75394,91792,085692,COPPER-GRADE #1 - COMMODITY EXCHANGE INC. ,3.2960000038146973,0.10609540693198066,-16398,-4.366335477934865,14534,4.091679998901379,0.04862249231394973,0.09636393093551822,0.056410296381814495,0.030339776855834666,-0.11782244158503155
2010-01-05,158539,51738,35210,76411,94843,085692,COPPER-GRADE #1 - COMMODITY EXCHANGE INC. ,3.3959999084472656,0.11626161386157349,-18432,-1.3160023033275319,16528,1.2901222186996553,0.023754189683160686,0.02293324745825091,0.030339776855834666,-0.017226093833018097,-0.11001569580650564
2010-01-12,151321,51974,29433,66816,93719,085692,COPPER-GRADE #1 - COMMODITY EXCHANGE INC. ,3.337500095367432,0.17778761705249105,-26903,-5.343164773336529,22541,3.7927576179993565,0.06677048618681285,0.073863426978024,-0.017226093833018097,0.02981271551431597,-0.10146814544331319
2010-01-19,143012,50762,23095,60389,91363,085692,COPPER-GRADE #1 - COMMODITY EXCHANGE INC. ,3.437000036239624,0.2165832237854166,-30974,-2.6903073598509133,27667,3.38750074345266,0.05787732616374084,0.10222456909974681,0.02981271551431597,-0.03142276372288977,-0.09120123795403859
2010-01-26,140683,48727,19957,58061,87467,085692,COPPER-GRADE #1 - COMMODITY EXCHANGE INC. ,3.3289999961853027,0.2090231229075297,-29406,1.0964114899448996,28770,0.7712639498783319,0.04276840195701171,0.07531593966571545,-0.03142276372288977,-0.07329527134813141,-0.08098756994114857
2010-02-02,132113,40438,22166,59788,78511,085692,COPPER-GRADE #1 - COMMODITY EXCHANGE INC. ,3.0850000381469727,0.14171958853405797,-18723,7.593668033806502,18272,-7.462166715239225,0.07724567784293451,0.167688965561306,-0.07329527134813141,-0.032901145243823815,-0.07207294598967734
2010-02-09,124076,35897,22247,61623,73751,085692,COPPER-GRADE #1 - COMMODITY EXCHANGE INC. ,2.9835000038146973,0.09774654244172926,-12128,4.991938719126808,13650,-3.498520206187128,0.048716888028720436,0.07949229499174464,-0.032901145243823815,0.07876651409262769,-0.06417961048389118
2010-02-16,126363,37722,23642,59887,70916,085692,COPPER-GRADE #1 - COMMODITY EXCHANGE INC. ,3.2184998989105225,0.08728029565616517,-11029,0.8857474451142847,14080,0.3465617847125955,0.03494568167396772,0.05247376311844078,0.07876651409262769,-0.0013981396312877648,-0.05663481238804194
2010-02-23,126394,38991,23027,58116,72507,085692,COPPER-GRADE #1 - COMMODITY EXCHANGE INC. ,3.21399998664856,0.1138582527651629,-14391,-2.6605889382176744,15964,1.4909427601433964,0.02573819312066022,0.03037827727433971,-0.0013981396312877648,0.056471673550811285,-0.04824139585040435
2010-03-02,125878,38872,23005,60663,73576,085692,COPPER-GRADE #1 - COMMODITY EXCHANGE INC. ,3.3954999446868896,0.10258345382036575,-12913,1.1693593050303022,15867,-0.07674414924759086,0.0269370302222156,0.0022787142233786383,0.056471673550811285,0.0007362854546266728,-0.03968080249914319
2010-03-09,127613,41913,23635,60020,76984,085692,COPPER-GRADE #1 - COMMODITY EXCHANGE INC. ,3.3980000019073486,0.13293316511640663,-16964,-3.2181953955417146,18278,1.9153466054433657,0.02956847975241599,0.05600475987062916,0.0007362854546266728,-0.012065888567029281,-0.030739957814742497
2010-03-16,130126,42288,23284,59740,76903,085692,COPPER-GRADE #1 - COMMODITY EXCHANGE INC. ,3.3570001125335693,0.13189523999815564,-17163,-0.1559402255256126,19004,0.5689075564401745,0.0026419209180126315,0.011071798938571341,-0.012065888567029281,0.0037235057629185775,-0.02396555936687878
2010-03-23,132494,42636,24585,60683,76396,085692,COPPER-GRADE #1 - COMMODITY EXCHANGE INC. ,3.369499921798706,0.11859404954186605,-15713,1.1143045970828274,18051,-0.7323670903585756,0.010577841974335967,0.024531024531024532,0.0037235057629185775,0.055052722737406246,-0.018196002984164586
2010-03-30,141517,47203,25546,63203,84127,085692,COPPER-GRADE #1 - COMMODITY EXCHANGE INC. ,3.555000066757202,0.14785502801783532,-20924,-3.9330082871677203,21657,2.72163267770616,0.06957849725106903,0.07598729879448515,0.055052722737406246,0.01533048201260967,-0.012151816419698999
2010-04-06,151388,50530,27584,65746,90314,085692,COPPER-GRADE #1 - COMMODITY EXCHANGE INC. ,3.609499931335449,0.16228498956324147,-24568,-2.57495565903743,22946,0.9108446335069286,0.05594002306805075,0.06868167037918939,0.01533048201260967,-0.0038786367173206937,-0.005435586756836586
2010-04-13,150306,53458,29990,64259,88040,085692,COPPER-GRADE #1 - COMMODITY EXCHANGE INC. ,3.595499992370605,0.15821723683685282,-23781,0.5198562633762253,23468,0.34480936401828416,0.02469484369562505,0.06392004601668105,-0.0038786367173206937,-0.023223448372812094,0.0007294308555180784
2010-04-20,153954,50461,29547,66810,88011,085692,COPPER-GRADE #1 - COMMODITY EXCHANGE INC. ,3.51200008392334,0.13770996531431468,-21201,1.7164983433795058,20914,-1.6992002980586272,0.01666440599143527,0.042995700429957005,-0.023223448372812094,-0.04228358830271772,0.006378015014411162
2010-04-27,151824,47952,28142,65474,85645,085692,COPPER-GRADE #1 - COMMODITY EXCHANGE INC. ,3.3635001182556152,0.132857782695753,-20171,0.6690310092625069,19810,-0.7170973147823376,0.02449725051118655,0.05143638131784372,-0.04228358830271772,-0.05916459437086896,0.012150459367555875
2010-05-04,142318,42642,29152,62278,75616,085692,COPPER-GRADE #1 - COMMODITY EXCHANGE INC. ,3.164499998092652,0.09371969814078332,-13338,4.500605964801349,13490,-4.162714722310043,0.09590700102977649,0.08802964035991866,-0.05916459437086896,0.009322170215571024,0.016902312410137614
2010-05-11,130991,36092,25494,62451,70969,085692,COPPER-GRADE #1 - COMMODITY EXCHANGE INC. ,3.194000005722046,0.06502736829247811,-8518,3.3867817141893504,10598,-2.0320690285136105,0.036126517763453755,0.16575195661351605,0.009322170215571024,-0.05369441680270237,0.02128857594430054
2010-05-18,128554,35258,28033,62602,66681,085692,COPPER-GRADE #1 - COMMODITY EXCHANGE INC. ,3.0225000381469727,0.031729856713910105,-4079,3.3887824354344955,7225,-2.574986067745112,0.034335527486212415,0.05329351724573794,-0.05369441680270237,0.0036393442002244925,0.024698369782681563
2010-05-25,128730,32592,28609,65569,66089,085692,COPPER-GRADE #1 - COMMODITY EXCHANGE INC. ,3.033499956130981,0.004039462440767498,-520,2.768486394822409,3983,-2.5218974127603966,0.027032159078825443,0.05297299063740789,0.0036393442002244925,0.006757852310318224,0.027480767800229813
2010-06-01,127018,32767,27456,66056,68590,085692,COPPER-GRADE #1 - COMMODITY EXCHANGE INC. ,3.053999900817871,0.019949928356610875,-2534,-1.5645148760972578,5311,1.0316165617960071,0.02219152444186979,0.022051375720239776,0.006757852310318224,-0.09217415579991073,0.03062902983564397
2010-06-08,131799,34347,33065,64794,65497,085692,COPPER-GRADE #1 - COMMODITY EXCHANGE INC. ,2.7725000381469727,0.005333879619723973,-703,1.4415279724133587,1282,-3.171991371301705,0.033425179022342294,0.10664273423129413,-0.09217415579991073,0.08295762521511407,0.03339801137747886
2010-06-15,137265,33306,31870,72502,71463,085692,COPPER-GRADE #1 - COMMODITY EXCHANGE INC. ,3.002500057220459,-0.00756930025862383,1039,1.3217095729102648,1436,0.11684458910917381,0.0949814190949189,0.03430710691051921,0.08295762521511407,-0.0039966973171180475,0.03580242479621965
2010-06-22,139932,33374,31901,71285,70137,085692,COPPER-GRADE #1 - COMMODITY EXCHANGE INC. ,2.990499973297119,-0.008203984792613556,1148,0.0794084435216552,1473,0.02695515972753433,0.017981643591520415,0.0015166602834163156,-0.0039966973171180475,-0.02507943432650339,0.0381396981245365
2010-06-29,130392,31968,29106,68668,68514,085692,COPPER-GRADE #1 - COMMODITY EXCHANGE INC. ,2.9154999256134038,-0.0011810540523958526,154,-0.7103450247262957,2862,0.9926249892805076,0.030907845052557916,0.06878540786586763,-0.02507943432650339,0.015263287144212878,0.04173381541918722
2010-07-06,127883,31620,29435,67615,65822,085692,COPPER-GRADE #1 - COMMODITY EXCHANGE INC. ,2.9600000381469727,-0.014020628230491935,1793,1.2569789557641573,2185,-0.5192036321246702,0.028065678934628326,0.011088362951437229,0.015263287144212878,0.016722968891208723,0.04545434784755025
2010-07-13,129938,31820,27462,68137,68641,085692,COPPER-GRADE #1 - COMMODITY EXCHANGE INC. ,3.009500026702881,0.0038787729532546293,-504,-1.7961730644417164,4358,1.699209433622921,0.024426442848996182,0.0366553085253534,0.016722968891208723,-0.003987401168587756,0.049431194020642964
2010-07-20,132711,32592,28677,68037,67295,085692,COPPER-GRADE #1 - COMMODITY EXCHANGE INC. ,2.997499942779541,-0.00559109644264605,742,0.9589188689990612,3915,-0.34093182902615093,0.010684834333343185,0.03243075617359513,-0.003987401168587756,0.06922434858634285,0.053032908800407494
2010-07-27,136009,35846,24596,69696,74878,085692,COPPER-GRADE #1 - COMMODITY EXCHANGE INC. ,3.2049999237060547,0.03810041982515863,-5182,-4.463834949627386,11250,5.527047494179081,0.06392574045125679,0.12135601072102181,0.06922434858634285,0.046801902944815454,0.05629216462395946
2010-08-03,141838,37984,25024,68866,77771,085692,COPPER-GRADE #1 - COMMODITY EXCHANGE INC. ,3.3550000190734863,0.06278289315980203,-8905,-2.737318853899374,12960,1.257269739502533,0.025389226457169747,0.040724987303199595,0.046801902944815454,-0.013114727303866092,0.05963810684449961
2010-08-10,139666,40232,23586,67695,81972,085692,COPPER-GRADE #1 - COMMODITY EXCHANGE INC. ,3.311000108718872,0.102222444975871,-14277,-3.7874194503588603,16646,2.5987394069290315,0.03589301582847254,0.05775799931053935,-0.013114727303866092,0.00800361998744048,0.06301084096599344
2010-08-17,140934,41110,26631,67102,79168,085692,COPPER-GRADE #1 - COMMODITY EXCHANGE INC. ,3.337500095367432,0.08561454297756396,-12066,1.5830624489854368,14479,-1.5515587186573683,0.023224174471867094,0.05791175211467206,0.00800361998744048,-0.029363309899853585,0.06609589497709888
2010-08-24,139877,36304,26890,72217,76927,085692,COPPER-GRADE #1 - COMMODITY EXCHANGE INC. ,3.239500045776367,0.03367244078726309,-4710,5.219464430158798,9414,-3.5938808236479485,0.04932146113822883,0.0801500142418584,-0.029363309899853585,0.037505792110483105,0.06675876681303414
2010-08-31,134206,39392,26162,64771,75360,085692,COPPER-GRADE #1 - COMMODITY EXCHANGE INC. ,3.361000061035156,0.07890109235056555,-10589,-4.202978330962202,13230,2.728111126203736,0.06431838779427822,0.05821155078256094,0.037505792110483105,0.030496864026077874,0.0684882843396842
2010-09-07,137079,41758,26975,64529,77620,085692,COPPER-GRADE #1 - COMMODITY EXCHANGE INC. ,3.463500022888184,0.09549967536967734,-13091,-1.8642981684872508,14783,1.157176281239289,0.017601249393242303,0.04625143671889776,0.030496864026077874,-0.0011548862350668765,0.07098044570166667
2010-09-14,141028,42144,25735,67025,84461,085692,COPPER-GRADE #1 - COMMODITY EXCHANGE INC. ,3.4595000743865967,0.12363502283234536,-17436,-3.1697050605855015,16409,1.1861773138117437,0.06163605877770883,0.023954389428247323,-0.0011548862350668765,0.004335848002042786,0.0736479329402273
2010-09-21,142955,43877,26796,67356,86103,085692,COPPER-GRADE #1 - COMMODITY EXCHANGE INC. ,3.4744999408721924,0.1311391696687769,-18747,-0.9296026321014266,17081,0.47650112034489606,0.012856854273779967,0.03953419269027776,0.004335848002042786,0.0459059216533686,0.07635353665742374
2010-09-28,147744,48383,26221,68712,92459,085692,COPPER-GRADE #1 - COMMODITY EXCHANGE INC. ,3.634000062942505,0.16073072341347194,-23747,-3.497604141163303,22162,3.554265328250149,0.04784979928150846,0.0681062677604418,0.0459059216533686,0.023390213724472808,0.07970415242301704
2010-10-05,153457,51583,27184,67855,94481,085692,COPPER-GRADE #1 - COMMODITY EXCHANGE INC. ,3.7190001010894775,0.17350788820321003,-26626,-1.9486408923543426,24399,1.5141054797487545,0.01773482160457323,0.05285208272499905,0.023390213724472808,0.01667109334115957,0.08415779910897161
2010-10-12,158917,52794,28726,70002,97325,085692,COPPER-GRADE #1 - COMMODITY EXCHANGE INC. ,3.7809998989105225,0.17193251823278818,-27323,-0.4541988961077045,24068,-0.21569560202532306,0.029827822168568132,0.033770853778213934,0.01667109334115957,-0.0068764308819728726,0.08829992790912543
2010-10-19,162855,54303,28153,71698,101035,085692,COPPER-GRADE #1 - COMMODITY EXCHANGE INC. ,3.755000114440918,0.18014184397163122,-29337,-1.2673282279428884,26150,1.31011786026668,0.03129685699895214,0.025249830212476957,-0.0068764308819728726,0.028894807059373973,0.09184148771965096
2010-10-26,167063,55260,28797,72172,101358,085692,COPPER-GRADE #1 - COMMODITY EXCHANGE INC. ,3.8635001182556152,0.1747005620634132,-29186,0.09272051825243315,26463,0.1921955113444475,0.004592865786895638,0.01904659933140607,0.028894807059373973,-0.007765034008047289,0.09463762781250197
2010-11-02,163209,52585,27377,71961,100526,085692,COPPER-GRADE #1 - COMMODITY EXCHANGE INC. ,3.8334999084472656,0.17502098536232683,-28565,0.37171605921119577,25208,-0.7512136140258465,0.006046832514914167,0.05121182561716815,-0.007765034008047289,0.05373688091397533,0.09669382159867206
2010-11-09,164045,55566,25477,72427,107310,085692,COPPER-GRADE #1 - COMMODITY EXCHANGE INC. ,4.039500236511231,0.21264287238257795,-34883,-3.871110049078176,30089,2.9906438983144312,0.04033671419907977,0.06022728674900978,0.05373688091397533,-0.07810378535140317,0.0992982333356835
2010-11-16,152332,49986,24026,69716,98920,085692,COPPER-GRADE #1 - COMMODITY EXCHANGE INC. ,3.723999977111816,0.1917128377491269,-29204,3.4618549788167883,25960,-2.516992288701271,0.06582817429255912,0.09499810841485165,-0.07810378535140317,-0.006176155222531898,0.10153481619974553
2010-11-23,146054,46097,23307,67879,93305,085692,COPPER-GRADE #1 - COMMODITY EXCHANGE INC. ,3.700999975204468,0.17408629684911062,-25426,2.4801092350917733,22790,-2.080981015151117,0.046232876712328765,0.06639386778860008,-0.006176155222531898,0.03296405831843452,0.103232969401086
2010-11-30,148249,47784,26677,68699,92608,085692,COPPER-GRADE #1 - COMMODITY EXCHANGE INC. ,3.822999954223633,0.16127596138928424,-23909,1.0386569351061936,21107,-1.1523135278732524,0.009404427582188003,0.06791474731738763,0.03296405831843452,0.057808055766623845,0.10482966182332604
2010-12-07,157675,53567,27135,69090,101401,085692,COPPER-GRADE #1 - COMMODITY EXCHANGE INC. ,4.044000148773193,0.20492151577612178,-32311,-5.6674918549197635,26432,3.591929793792876,0.05386794610859224,0.07733389507075414,0.057808055766623845,0.0389465342229105,0.10692498226150385
2010-12-14,163546,58287,28019,69972,104818,085692,COPPER-GRADE #1 - COMMODITY EXCHANGE INC. ,4.201499938964844,0.21306543724701307,-34846,-1.60773743459648,30268,2.432852386237514,0.02459522855998627,0.06493175445507844,0.0389465342229105,0.016422764522906252,0.10947381309652278
2010-12-21,166422,59804,27641,71398,107102,085692,COPPER-GRADE #1 - COMMODITY EXCHANGE INC. ,4.270500183105469,0.21453894316857147,-35704,-0.5246230418353246,32163,1.1586954129113523,0.020784313725490194,0.02167076448053062,0.016422764522906252,0.012527735943102414,0.11227395317956396
2010-12-28,167334,61837,30035,71176,106323,085692,COPPER-GRADE #1 - COMMODITY EXCHANGE INC. ,4.323999881744385,0.21004099585260616,-35147,0.334691326867842,31802,-0.2169184362644362,0.005639468391371219,0.04818660745384883,0.012527735943102414,0.0091351150766672,0.11427290681265292
2011-01-04,166289,61858,30245,69780,104737,085692,COPPER-GRADE #1 - COMMODITY EXCHANGE INC. ,4.363500118255615,0.21021835479195858,-34957,0.11354536436109816,31613,-0.11294775718025027,0.017087160563154305,0.0025080616266571123,0.0091351150766672,-0.005614734163974511,0.11607976721516033
2011-01-11,165488,61530,31423,67938,104139,085692,COPPER-GRADE #1 - COMMODITY EXCHANGE INC. ,4.339000225067139,0.2187530213671082,-36201,-0.748095183686233,30107,-0.9056522079031084,0.014179698623290736,0.01620173636138694,-0.005614734163974511,0.018322128924496583,0.11686756345197988
2011-01-18,165873,62505,32316,67307,101612,085692,COPPER-GRADE #1 - COMMODITY EXCHANGE INC. ,4.418499946594238,0.20681485232678012,-34305,1.1457024074253117,30189,0.04955042057430145,0.01869535102623151,0.019700277364718785,0.018322128924496583,-0.04515108890679376,0.11667971015469843
2011-01-25,155810,53961,30049,67159,94705,085692,COPPER-GRADE #1 - COMMODITY EXCHANGE INC. ,4.218999862670898,0.17679224696746038,-27546,4.074804217684614,23912,-3.7842204578201395,0.04358597340977611,0.12868706106415903,-0.04515108890679376,0.07608440616988199,0.1160598856173894
2011-02-01,160259,57306,32595,67515,95663,085692,COPPER-GRADE #1 - COMMODITY EXCHANGE INC. ,4.539999961853027,0.17564068164658458,-28148,-0.38636801232270074,24711,0.5128040562223221,0.008052556104376815,0.06552763595510618,0.07608440616988199,0.006167374045144003,0.11671221433109183
2011-02-08,162263,63087,33627,67951,101181,085692,COPPER-GRADE #1 - COMMODITY EXCHANGE INC. ,4.567999839782715,0.20479098747095764,-33230,-3.1711167547532435,29460,2.9633281126177002,0.035203273183075943,0.07044481667597245,0.006167374045144003,-0.007990363045536464,0.11877076135088468
2011-02-15,159468,59706,30667,69016,102689,085692,COPPER-GRADE #1 - COMMODITY EXCHANGE INC. ,4.531499862670898,0.2111583515188,-33673,-0.2730135643985382,29039,-0.2594553286947733,0.01498500334876678,0.0701647615991502,-0.007990363045536464,-0.04104598387666358,0.12115303165593536
2011-02-22,151893,53809,30579,70177,98711,085692,COPPER-GRADE #1 - COMMODITY EXCHANGE INC. ,4.3454999923706055,0.1878559248944981,-28534,3.222590112122808,23230,-3.6427371008603604,0.03042844962341907,0.07092240602929327,-0.04104598387666358,0.033367847470047174,0.12257606381226872
2011-03-01,147581,50320,23701,70162,98113,085692,COPPER-GRADE #1 - COMMODITY EXCHANGE INC. ,4.490499973297119,0.1893942987240905,-27951,0.38382282264488815,26619,2.231175893556648,0.0036428465309760807,0.1400548492995231,0.033367847470047174,-0.03685562075851989,0.12424550313734037
2011-03-08,141773,49103,24793,67688,93617,085692,COPPER-GRADE #1 - COMMODITY EXCHANGE INC. ,4.324999809265137,0.1828909594915816,-25929,1.3700950664380918,24310,-1.5645645442163965,0.043210067883822575,0.031246616866948143,-0.03685562075851989,-0.046242732505257345,0.12520622995224756
2011-03-15,134739,46193,22831,66453,88953,085692,COPPER-GRADE #1 - COMMODITY EXCHANGE INC. ,4.125,0.16698951305857992,-22500,2.418655174116369,23362,-0.6686745713217608,0.0379586373756483,0.07058414464534075,-0.046242732505257345,0.043272769812381595,0.12588111981879418
2011-03-22,133713,44489,22667,65641,88918,085692,COPPER-GRADE #1 - COMMODITY EXCHANGE INC. ,4.303500175476074,0.17408180206860963,-23277,-0.576670451762296,21822,-1.1429504449342804,0.005480107919952898,0.027815831794627436,0.043272769812381595,0.007900527130243695,0.12694819198277002
2011-03-29,135882,47672,20628,63696,92690,085692,COPPER-GRADE #1 - COMMODITY EXCHANGE INC. ,4.337500095367432,0.21337631179994407,-28994,-4.275575299335143,27044,3.9053794320671886,0.036556980803908276,0.07645680819912153,0.007900527130243695,-0.01832857558877432,0.1282082166708875
2011-04-05,134293,46268,23884,61166,89006,085692,COPPER-GRADE #1 - COMMODITY EXCHANGE INC. ,4.257999897003174,0.20730790137981875,-27840,0.8492662751504984,22384,-3.4294461370895335,0.04137921849612444,0.06642718668035123,-0.01832857558877432,0.028064857470144755,0.12907404189812938
2011-04-12,142085,52973,21983,62368,98055,085692,COPPER-GRADE #1 - COMMODITY EXCHANGE INC. ,4.377500057220459,0.25116655523102366,-35687,-5.843193613963497,30990,6.408375715785633,0.0638998148644521,0.11481402422754683,0.028064857470144755,-0.03483727026715844,0.13086152879032495
2011-04-19,132383,43667,18608,63739,90632,085692,COPPER-GRADE #1 - COMMODITY EXCHANGE INC. ,4.224999904632568,0.2031454189737353,-26893,6.1892529119893025,25059,-4.174261885491079,0.05696665824539583,0.20362906463267763,-0.03483727026715844,0.02213021051824926,0.13211990289915998
2011-04-26,130849,42076,18398,62977,89403,085692,COPPER-GRADE #1 - COMMODITY EXCHANGE INC. ,4.31850004196167,0.2019579821015063,-26426,0.3527643277460097,23678,-1.0431853032489067,0.013066019162619767,0.02978139365677812,0.02213021051824926,-0.01817767050613417,0.13344875288773214
2011-05-03,125898,40403,19399,62248,82043,085692,COPPER-GRADE #1 - COMMODITY EXCHANGE INC. ,4.239999771118164,0.1572304564012137,-19795,5.067673425093046,21004,-2.043576947473806,0.056060322542639526,0.04471422360456172,-0.01817767050613417,-0.04964617331412191,0.13467011362350967
2011-05-10,120303,34445,22626,62279,70730,085692,COPPER-GRADE #1 - COMMODITY EXCHANGE INC. ,4.0295000076293945,0.07024762474751253,-8451,9.010468792196857,11819,-7.295588492271521,0.0852874617507086,0.16093988190149114,-0.04964617331412191,-0.009554552797866767,0.13477050317072187
2011-05-17,119749,29693,21948,62821,65989,085692,COPPER-GRADE #1 - COMMODITY EXCHANGE INC. ,3.990999937057495,0.026455335743931056,-3168,4.391411685494127,7745,-3.3864492157302815,0.04101389643661207,0.10514900950794911,-0.009554552797866767,0.005387089087125707,0.13466907007514534
2011-05-24,120829,28382,22354,65806,68353,085692,COPPER-GRADE #1 - COMMODITY EXCHANGE INC. ,4.012499809265137,0.021079376639713977,-2547,0.518584706344103,6028,-1.4338324328386876,0.03987060130144083,0.03384184799747714,0.005387089087125707,0.04012467524565588,0.13499676073281738
2011-05-31,123919,29163,19183,66738,74271,085692,COPPER-GRADE #1 - COMMODITY EXCHANGE INC. ,4.173500061035156,0.06078970940695132,-7533,-4.126492812156022,9980,3.270737985086362,0.048578459530951926,0.08174409465105696,0.04012467524565588,-0.006948671825442565,0.13578214113763162
2011-06-07,122995,30044,20316,65602,74150,085692,COPPER-GRADE #1 - COMMODITY EXCHANGE INC. ,4.144499778747559,0.06949876011219969,-8548,-0.8190834335331951,9728,-0.20335864556686223,0.008994504550918771,0.03999205718824464,-0.006948671825442565,0.0022922010399413217,0.13701608114710234
2011-06-14,132616,31122,20388,71608,80534,085692,COPPER-GRADE #1 - COMMODITY EXCHANGE INC. ,4.15399980545044,0.06730711226398021,-8926,-0.30732956624253016,10734,0.8179194276190089,0.08143707851875222,0.022325761987963502,0.0022922010399413217,-0.015527168527276758,0.1384560121571524
2011-06-21,133849,30500,20735,73946,80593,085692,COPPER-GRADE #1 - COMMODITY EXCHANGE INC. ,4.089499950408936,0.0496604382550486,-6647,1.7184955058213185,9765,-0.7306810641249925,0.015510647797643313,0.018912852542207474,-0.015527168527276758,0.0006113356769226197,0.13956878952345358
2011-06-28,124236,29596,19591,67785,73573,085692,COPPER-GRADE #1 - COMMODITY EXCHANGE INC. ,4.0920000076293945,0.046588750442705815,-5788,0.6417679624053971,10005,0.1793065319875382,0.09324551847083291,0.04163701791123671,0.0006113356769226197,0.06036173435415959,0.14048743960989785
2011-07-05,138627,40534,21571,67922,86511,085692,COPPER-GRADE #1 - COMMODITY EXCHANGE INC. ,4.339000225067139,0.13409364698074688,-18589,-10.303776683087028,18963,7.210470395054573,0.08466454708514372,0.2080025762821029,0.06036173435415959,0.009794777605864446,0.14333579105626781
2011-07-12,146864,48272,24486,65478,91042,085692,COPPER-GRADE #1 - COMMODITY EXCHANGE INC. ,4.381499767303467,0.1740658023749864,-25564,-5.031487372589756,23786,3.4791202291039984,0.044562995144390494,0.14641688886445478,0.009794777605864446,0.01803035498822414,0.14660861854514728
2011-07-19,152876,49556,25807,64948,92763,085692,COPPER-GRADE #1 - COMMODITY EXCHANGE INC. ,4.4604997634887695,0.18194484418744603,-27815,-1.5327105349166577,23749,-0.025193376184769585,0.01427294228050041,0.03456603373007975,0.01803035498822414,0.003026614581072895,0.15021507894187983
2011-07-26,156140,51606,27015,65835,93137,085692,COPPER-GRADE #1 - COMMODITY EXCHANGE INC. ,4.473999977111816,0.17485589855258102,-27302,0.3355660796985792,24591,0.5507731756456213,0.007932214478021287,0.04143931010798642,0.003026614581072895,-0.018998667541756276,0.15284499199433027
2011-08-02,156089,51036,26773,67296,93515,085692,COPPER-GRADE #1 - COMMODITY EXCHANGE INC. ,4.388999938964844,0.1679746811114172,-26219,0.6936083002433713,24263,-0.21006788779300628,0.011435784865463183,0.010435810767391947,-0.018998667541756276,-0.09614945026291777,0.15486791099339975
2011-08-09,128475,34375,23514,66705,76240,085692,COPPER-GRADE #1 - COMMODITY EXCHANGE INC. ,3.9670000076293945,0.07421677369137965,-9535,10.688773712433292,10861,-8.58612714541063,0.12498513414250235,0.3441068251308539,-0.09614945026291777,0.006806138229646708,0.15432934039177496
2011-08-16,125673,27568,21674,71675,72565,085692,COPPER-GRADE #1 - COMMODITY EXCHANGE INC. ,3.99399995803833,0.007081871205429965,-890,6.728935590581825,5894,-3.866121813582409,0.05993483083749307,0.17560212826448968,0.006806138229646708,0.0001251787094713741,0.1528190967038493
2011-08-23,126380,28138,24288,72457,71157,085692,COPPER-GRADE #1 - COMMODITY EXCHANGE INC. ,3.994499921798706,-0.010286437727488527,1300,1.7426177460552386,3850,-1.626443229651556,0.015249209687077861,0.0607332239728379,0.0001251787094713741,0.032169289191505746,0.1519737336554887
2011-08-30,115815,28750,26048,63839,62367,085692,COPPER-GRADE #1 - COMMODITY EXCHANGE INC. ,4.123000144958496,-0.012709925311919872,1472,0.13609748377907896,2702,-0.9083715777812945,0.13793322029063596,0.04328625132304099,0.032169289191505746,-0.020252220594599413,0.1502119833158255
2011-09-06,115872,30682,27185,62986,60973,085692,COPPER-GRADE #1 - COMMODITY EXCHANGE INC. ,4.039500236511231,-0.01737261806130903,2013,0.46712429305357683,3497,0.6864395803652377,0.018126961333989465,0.05303540878220748,-0.020252220594599413,-0.020670910255463082,0.14804136228830653
2011-09-13,118383,30700,28872,64993,60937,085692,COPPER-GRADE #1 - COMMODITY EXCHANGE INC. ,3.9560000896453857,-0.03426167608524873,4056,1.763152444076222,1828,-1.4403824910245788,0.016223298657984594,0.028620828577183913,-0.020670910255463082,-0.060540960654486664,0.14500488730912203
2011-09-20,125531,31651,34950,69336,59659,085692,COPPER-GRADE #1 - COMMODITY EXCHANGE INC. ,3.7165000438690186,-0.07708852793333917,9677,4.748147960433508,-3299,-4.330858315805479,0.04357533237722392,0.10553895587153346,-0.060540960654486664,-0.07722317704412418,0.14100050850908133
2011-09-27,119891,29860,31322,68325,59770,085692,COPPER-GRADE #1 - COMMODITY EXCHANGE INC. ,3.429500102996826,-0.07135648213794196,8555,-0.8938031243278552,-1462,1.4633835466936453,0.008759124087591242,0.08857180216403518,-0.07722317704412418,-0.09768188601430206,0.13653729301770798
2011-10-04,121499,28040,31458,69927,60604,085692,COPPER-GRADE #1 - COMMODITY EXCHANGE INC. ,3.094500064849853,-0.07673314183655833,9323,0.6405818618578543,-3418,-1.6314819294192224,0.018662233492427086,0.03287505462368483,-0.09768188601430206,0.062368665612575924,0.1317249655169432
2011-10-11,122868,27971,35030,72909,58490,085692,COPPER-GRADE #1 - COMMODITY EXCHANGE INC. ,3.2874999046325684,-0.11735358270664453,14419,4.194273203894682,-7059,-2.996732483394925,0.03878263913728415,0.057792733448675415,0.062368665612575924,0.020684435033890614,0.12616177126810796
2011-10-18,129014,28110,33449,75441,61894,085692,COPPER-GRADE #1 - COMMODITY EXCHANGE INC. ,3.3554999828338623,-0.1050041080812935,13547,-0.7097047237685972,-5339,1.3998762900022788,0.04322277642261623,0.027940674799785573,0.020684435033890614,0.018924132870095756,0.12067819526709019
2011-10-25,129893,28375,31313,73267,62365,085692,COPPER-GRADE #1 - COMMODITY EXCHANGE INC. ,3.4189999103546143,-0.08393061981785008,10902,-2.0501650983614184,-2938,1.8610383369246748,0.01950129762887814,0.04022584104007506,0.018924132870095756,0.023252471614137127,0.1157045186924505
2011-11-01,126363,28641,26854,71273,64692,085692,COPPER-GRADE #1 - COMMODITY EXCHANGE INC. ,3.498500108718872,-0.05208011838908541,6581,-3.326584188524401,1787,3.6376094169816695,0.031780237561137056,0.0851428056581674,0.023252471614137127,0.00957551953406921,0.11133718977415412
2011-11-08,123572,26697,26385,70552,66389,085692,COPPER-GRADE #1 - COMMODITY EXCHANGE INC. ,3.532000064849853,-0.03368886155439744,4163,-1.9135348163623846,312,-1.1672720653988906,0.01765723924901965,0.04545797068686184,0.00957551953406921,-0.009343146026246751,0.10660004104459692
2011-11-15,129991,26992,28106,77633,72092,085692,COPPER-GRADE #1 - COMMODITY EXCHANGE INC. ,3.499000072479248,-0.042626027955781555,5541,1.1151393519567538,-1114,-1.15398310296831,0.08538320253798631,0.03658934988565828,-0.009343146026246751,-0.048156668054432195,0.10209352439642559
2011-11-22,124189,26072,30294,72381,62742,085692,COPPER-GRADE #1 - COMMODITY EXCHANGE INC. ,3.3304998874664307,-0.07761556981697251,9639,3.1525259441038225,-4222,-2.3909347570216397,0.10806450419247648,0.055139623177092575,-0.048156668054432195,0.01366162485864364,0.09725310388361631
2011-11-29,112374,26425,29733,64354,54748,085692,COPPER-GRADE #1 - COMMODITY EXCHANGE INC. ,3.375999927520752,-0.08548240696246463,9606,-0.026572401742505376,-3308,0.7359750058378761,0.1345149535692096,0.01627550838705082,0.01366162485864364,0.05613154547643817,0.09250775064608267
2011-12-06,113252,26715,29347,65290,57566,085692,COPPER-GRADE #1 - COMMODITY EXCHANGE INC. ,3.565500020980835,-0.06820188605940734,7724,-1.6747646252691903,-2632,0.6015626390446189,0.03055609819626229,0.012058078555884557,0.05613154547643817,-0.037301958950813785,0.08725537753386095
2011-12-13,115993,27040,30396,67361,59408,085692,COPPER-GRADE #1 - COMMODITY EXCHANGE INC. ,3.432499885559082,-0.06856448233945152,7953,0.20220393458835165,-3356,-0.6392823084802034,0.030867167840718156,0.02392227871021659,-0.037301958950813785,-0.02024762470490271,0.08183941754181355
2011-12-20,116050,28339,33294,67210,55838,085692,COPPER-GRADE #1 - COMMODITY EXCHANGE INC. ,3.36299991607666,-0.09799224472210254,11372,2.947591665014268,-4955,-1.3785314631055323,0.03024023145439178,0.06809663654211218,-0.02024762470490271,0.012191533992123915,0.07582920239006982
2011-12-27,117153,28669,32261,67188,56805,085692,COPPER-GRADE #1 - COMMODITY EXCHANGE INC. ,3.4040000438690186,-0.0886276919925226,10383,-0.8522188711762172,-3592,1.1744937526928048,0.007976256724169913,0.02236993270966683,0.012191533992123915,0.035546430651888006,0.0700855737776635
2012-01-03,120794,29629,31177,68300,60466,085692,COPPER-GRADE #1 - COMMODITY EXCHANGE INC. ,3.525000095367432,-0.0648542146133086,7834,-2.1757872184237708,-1548,1.7447269809565271,0.03706723824612087,0.03361510377265402,0.035546430651888006,-0.004255348793859137,0.06479571667371606
2012-01-10,126638,31413,33123,68689,61854,085692,COPPER-GRADE #1 - COMMODITY EXCHANGE INC. ,3.509999990463257,-0.053972741199324055,6835,-0.8270278325082372,-1710,-0.13411262148782224,0.013612372934588604,0.057797198462873435,-0.004255348793859137,0.06153848452863797,0.05955099047051544
2012-01-17,132457,34047,31736,67784,65652,085692,COPPER-GRADE #1 - COMMODITY EXCHANGE INC. ,3.7260000705718994,-0.0160957895769948,2132,-3.7137352137589037,2311,3.1751922803581865,0.03524536107197458,0.06112521472112856,0.06153848452863797,0.020933931499899083,0.05526424735698131
2012-01-24,142751,36031,31508,70960,70786,085692,COPPER-GRADE #1 - COMMODITY EXCHANGE INC. ,3.803999900817871,-0.0012189056468956436,174,-1.4782155718459575,4523,1.6699759167125936,0.05862599297334669,0.03275144731192348,0.020933931499899083,-0.004337538542457775,0.051840955960551376
2012-01-31,151787,37665,33482,77199,78424,085692,COPPER-GRADE #1 - COMMODITY EXCHANGE INC. ,3.787499904632568,0.008070519873243427,-1225,-0.9800281609235663,4183,-0.2381769654853556,0.08917062387950367,0.05071190633477167,-0.004337538542457775,0.02244225486131568,0.04861845284952559
2012-02-07,160030,40578,33536,82954,87532,085692,COPPER-GRADE #1 - COMMODITY EXCHANGE INC. ,3.872499942779541,0.02860713616196963,-4578,-2.209016582447772,7042,1.8835605157226905,0.08718017901763195,0.04003292225490461,0.02244225486131568,-0.01575206486807834,0.045230301862814286
2012-02-14,164491,42281,32572,85459,94173,085692,COPPER-GRADE #1 - COMMODITY EXCHANGE INC. ,3.811500072479248,0.052975542734860874,-8714,-2.58451540336187,9709,1.6665625195275886,0.050915204417921085,0.03562983447557212,-0.01575206486807834,0.005771962626176075,0.04218832477081545
2012-02-21,162525,43171,33634,84117,91136,085692,COPPER-GRADE #1 - COMMODITY EXCHANGE INC. ,3.8334999084472656,0.043187201968927856,-7019,1.0304515140645993,9537,-0.10456499139770564,0.024986733465332974,0.025415012043486753,0.005771962626176075,0.02047737949646189,0.039406233945323714
2012-02-28,153312,43900,33389,77325,86060,085692,COPPER-GRADE #1 - COMMODITY EXCHANGE INC. ,3.911999940872192,0.0569753183051555,-8735,-1.0558375634517767,10511,0.5992924165512997,0.07263824708510573,0.012602052038453078,0.02047737949646189,-0.046267892897155605,0.036859715091113424
2012-03-06,152741,44783,33198,76505,83720,085692,COPPER-GRADE #1 - COMMODITY EXCHANGE INC. ,3.7309999465942383,0.04723682573768667,-7215,0.9914422876226258,11585,0.7005322479649343,0.019722265564050556,0.013772585629832908,-0.046267892897155605,0.044358125543007665,0.03425098174969237
2012-03-13,150968,43424,34352,75104,82186,085692,COPPER-GRADE #1 - COMMODITY EXCHANGE INC. ,3.8965001106262207,0.046910603571617825,-7082,0.08707550690384376,9072,-1.6452687883410482,0.01865980036874563,0.03231073853116643,0.044358125543007665,-0.01757988964888313,0.03194177195186618
2012-03-20,154394,48835,36560,72827,81578,085692,COPPER-GRADE #1 - COMMODITY EXCHANGE INC. ,3.828000068664551,0.05667966371750197,-8751,-1.1055322982353877,12275,2.1216416724073976,0.018684628088468637,0.08922068036770303,-0.01757988964888313,0.013322852383027328,0.02968403852203718
2012-03-27,152037,44370,36296,71533,77823,085692,COPPER-GRADE #1 - COMMODITY EXCHANGE INC. ,3.878999948501587,0.041371508251280935,-6290,1.5939738590877883,8074,-2.72096065909297,0.033805136720319234,0.05862445144174745,0.013322852383027328,0.009409635884608747,0.026376253838409046
2012-04-03,156569,48178,38649,71108,78085,085692,COPPER-GRADE #1 - COMMODITY EXCHANGE INC. ,3.9154999256134033,0.04456182258301452,-6977,-0.4518636910751988,9529,0.9570038872116656,0.0046047736824113734,0.07095719073560068,0.009409635884608747,-0.06882901858922086,0.023246521553855114
2012-04-10,148468,41312,40893,68891,66807,085692,COPPER-GRADE #1 - COMMODITY EXCHANGE INC. ,3.6459999084472656,-0.014036694775978662,2084,5.7872248018445545,419,-5.8185209077148095,0.09944877595837816,0.11082050970135636,-0.06882901858922086,-0.0005485066077128842,0.018146459053720455
2012-04-17,159119,41012,39755,84347,75969,085692,COPPER-GRADE #1 - COMMODITY EXCHANGE INC. ,3.6440000534057617,-0.05265241737316097,8378,4.239297357006223,1257,0.5644313926233263,0.1535592205394346,0.017804301261653895,-0.0005485066077128842,0.007546628366157382,0.013227269893203221
2012-04-24,159256,38687,36365,86726,76668,085692,COPPER-GRADE #1 - COMMODITY EXCHANGE INC. ,3.671499967575073,-0.06315617621942031,10058,1.055813573489024,2322,0.669310390336792,0.018837901024517423,0.07614720460480734,0.007546628366157382,0.04589403461319619,0.008128920694723863
2012-05-01,144241,41404,37514,77181,70533,085692,COPPER-GRADE #1 - COMMODITY EXCHANGE INC. ,3.839999914169312,-0.04608953071595455,6648,-2.141206610739941,3890,0.9845782890440549,0.1061510757274192,0.04898755670442738,0.04589403461319619,-0.040234377886130046,0.004218920942470627
2012-05-08,144583,42919,39388,78539,71298,085692,COPPER-GRADE #1 - COMMODITY EXCHANGE INC. ,3.685499906539917,-0.050081959843135085,7241,0.41111750473166436,3531,-0.2488890121394056,0.014168730019955018,0.04117511268786373,-0.040234377886130046,-0.044362999945594894,0.0019048904695735576
2012-05-15,147934,41857,45715,81899,67274,085692,COPPER-GRADE #1 - COMMODITY EXCHANGE INC. ,3.5220000743865967,-0.09886165452161098,14625,5.107101111472303,-3858,-5.110559332701632,0.04949957431974955,0.08437628465719636,-0.044362999945594894,-0.009795605150951348,-0.0005050516509176354
2012-05-22,150189,40184,50282,82296,60264,085692,COPPER-GRADE #1 - COMMODITY EXCHANGE INC. ,3.487499952316284,-0.1466951640932425,22032,5.0069625643868205,-10098,-4.218097259588736,0.05195707070707071,0.0689761899498154,-0.009795605150951348,-0.00688170028852908,-0.0037314851265514144
2012-05-29,148694,40639,52277,80418,56171,085692,COPPER-GRADE #1 - COMMODITY EXCHANGE INC. ,3.463500022888184,-0.1630664317322824,24247,1.4748084080724952,-11638,-1.0253746945515319,0.043715086866438733,0.026367902191226485,-0.00688170028852908,-0.050526909530768105,-0.008036410917690525
2012-06-05,156252,40259,56896,84559,56870,085692,COPPER-GRADE #1 - COMMODITY EXCHANGE INC. ,3.2885000705718994,-0.17720733174615366,27689,2.3148210418712254,-16637,-3.361937939661318,0.03422211851883277,0.051453862384848954,-0.050526909530768105,0.013836107367456663,-0.012780758838043473
2012-06-12,152084,38793,53745,83488,59025,085692,COPPER-GRADE #1 - COMMODITY EXCHANGE INC. ,3.3340001106262207,-0.16085189763551722,24463,-2.0646135729462665,-14952,1.0783861966566828,0.022636531404152605,0.04989301692277767,0.013836107367456663,0.029544022694816263,-0.0171684321053415
2012-06-19,144845,37756,52038,80224,56311,085692,COPPER-GRADE #1 - COMMODITY EXCHANGE INC. ,3.432499885559082,-0.16509372087403776,23913,-0.361642250335341,-14282,0.4405460140448699,0.04378364521917457,0.03055883466601332,0.029544022694816263,-0.034085904873727424,-0.021298319780900854
2012-06-26,146442,38453,55297,81024,53966,085692,COPPER-GRADE #1 - COMMODITY EXCHANGE INC. ,3.315500020980835,-0.18476939675776075,27058,2.1712865476889087,-16844,-1.7687873243812353,0.023298022075709312,0.04219733333333334,-0.034085904873727424,0.06605334377470795,-0.025747514919371366
2012-07-03,135682,37821,51039,74476,53138,085692,COPPER-GRADE #1 - COMMODITY EXCHANGE INC. ,3.5344998836517334,-0.15726478088471574,21338,-3.9059832561696783,-13218,2.4760656095928764,0.05779930101712978,0.0550303848750844,0.06605334377470795,-0.04003395129245535,-0.0313505616090918
2012-07-10,134099,39390,49755,72217,52834,085692,COPPER-GRADE #1 - COMMODITY EXCHANGE INC. ,3.3929998874664307,-0.1445424648953385,19383,-1.4408690909626922,-10365,2.1027107501363482,0.020495637779785848,0.03200403836446239,-0.04003395129245535,0.0176835199493397,-0.03747764367198266
2012-07-17,138098,39798,48085,72660,55967,085692,COPPER-GRADE #1 - COMMODITY EXCHANGE INC. ,3.453000068664551,-0.12087792726904083,16693,-2.0059806560824467,-8287,1.5496014138807896,0.0278013169863248,0.023645073563715393,0.0176835199493397,-0.028960365207818306,-0.04330115850768434
2012-07-24,142395,40765,53834,76444,53098,085692,COPPER-GRADE #1 - COMMODITY EXCHANGE INC. ,3.3529999256134038,-0.16395238596860845,23346,4.817593303306348,-13069,-3.4627583310402756,0.05135786077102407,0.07099440797471432,-0.028960365207818306,0.01983304157336052,-0.04981670244078413
2012-07-31,142774,38672,53392,80722,56652,085692,COPPER-GRADE #1 - COMMODITY EXCHANGE INC. ,3.4195001125335693,-0.16858811828484177,24070,0.5084448189894308,-14720,-1.1594508234137435,0.05701224394718069,0.0275351929092805,0.01983304157336052,0.007457177911988744,-0.056289063967635264
2012-08-07,145059,39673,56933,78943,52500,085692,COPPER-GRADE #1 - COMMODITY EXCHANGE INC. ,3.444999933242798,-0.18229134352229093,26443,1.662067323182092,-17260,-1.7790353986019865,0.04512222027799122,0.04701571330973232,0.007457177911988744,-0.024818578683357795,-0.061221912375590465
2012-08-14,156244,38883,56654,85218,59664,085692,COPPER-GRADE #1 - COMMODITY EXCHANGE INC. ,3.359499931335449,-0.16355188039220706,25554,-0.6128540800639739,-17771,-0.3522704554698433,0.09275824464046603,0.011189382124203189,-0.024818578683357795,0.0288733811736539,-0.06450333067554502
2012-08-21,149461,40773,53652,79314,59972,085692,COPPER-GRADE #1 - COMMODITY EXCHANGE INC. ,3.4565000534057617,-0.1294116859916634,19342,-3.9758326719746035,-12879,3.131000230408848,0.044598882874086414,0.05180831347630394,0.0288733811736539,0.0039056777074732985,-0.06679420083447146
2012-08-28,145214,41645,49741,76967,62936,085692,COPPER-GRADE #1 - COMMODITY EXCHANGE INC. ,3.470000028610229,-0.09662291514592257,14031,-3.553435344337319,-8096,3.2001659295736014,0.037962016540031306,0.052338432582671304,0.0039056777074732985,-0.00043231403093313414,-0.06840791217743306
2012-09-04,136512,38833,48892,73029,55555,085692,COPPER-GRADE #1 - COMMODITY EXCHANGE INC. ,3.4684998989105225,-0.12800339896858884,17474,2.3709835139862547,-10059,-1.3517980360020383,0.08802805947862875,0.041732687375320605,-0.00043231403093313414,0.07092404747530301,-0.07053542719488075
2012-09-11,147630,49549,47020,70720,68009,085692,COPPER-GRADE #1 - COMMODITY EXCHANGE INC. ,3.714499950408936,-0.0183634762582131,2711,-10.814433895921239,2529,9.221167369901547,0.10641610622148218,0.1303523905186965,0.07092404747530301,0.023690957141652147,-0.07022969258282237
2012-09-18,149098,51005,48001,69228,69515,085692,COPPER-GRADE #1 - COMMODITY EXCHANGE INC. ,3.802500009536743,0.0019249084494761834,-287,-2.0307525570683467,3004,0.32175032175032175,0.02160829735554226,0.02461466981799083,0.023690957141652147,-0.007626572990476199,-0.06871020342161438
2012-09-25,152263,54605,49473,68398,70804,085692,COPPER-GRADE #1 - COMMODITY EXCHANGE INC. ,3.7734999656677246,0.01580160643097798,-2406,-1.4212128935331125,5132,1.4272491918067312,0.01522248243559719,0.04873268125828705,-0.007626572990476199,0.00887768820346424,-0.06703408633375053
2012-10-02,152264,54815,45801,67291,74289,085692,COPPER-GRADE #1 - COMMODITY EXCHANGE INC. ,3.806999921798706,0.04595964903063101,-6998,-3.0158344443495793,9014,2.549536000210163,0.03243395959881339,0.038582332829768626,0.00887768820346424,-0.020488529510953812,-0.06467460958630458
2012-10-09,152004,54605,42786,65511,75988,085692,COPPER-GRADE #1 - COMMODITY EXCHANGE INC. ,3.7290000915527344,0.06892581774163838,-10477,-2.2848473703567485,11819,1.8421951347659327,0.024586746196086192,0.033113942766785434,-0.020488529510953812,-0.005631575851504089,-0.0610923134238376
2012-10-16,150296,52776,41281,66047,74396,085692,COPPER-GRADE #1 - COMMODITY EXCHANGE INC. ,3.7079999446868896,0.05555038058231756,-8349,1.3999631588642405,11495,-0.21315228546617193,0.015152054570181497,0.03544659089700926,-0.005631575851504089,-0.03559869780245306,-0.05800472710338355
2012-10-23,153564,48794,41891,70114,76016,085692,COPPER-GRADE #1 - COMMODITY EXCHANGE INC. ,3.575999975204468,0.03843348701518585,-5902,1.6281205088625115,6903,-3.0553041997125674,0.03891740231300896,0.05063681976071015,-0.03559869780245306,-0.0034955390856795665,-0.055651571202748246
2012-10-30,156569,45589,47883,73573,71924,085692,COPPER-GRADE #1 - COMMODITY EXCHANGE INC. ,3.563499927520752,-0.010532097669398157,1649,4.91716808627022,-2294,-5.9890338881508685,0.05189797727788202,0.0983931016775077,-0.0034955390856795665,-0.016135789737222406,-0.054852570804292726
2012-11-06,155396,42032,44229,74633,70909,085692,COPPER-GRADE #1 - COMMODITY EXCHANGE INC. ,3.50600004196167,-0.023964580812890938,3724,1.325294279199586,-2197,0.0619535157023421,0.014257052946915667,0.08359513569283918,-0.016135789737222406,-0.009412433535551656,-0.05466556540541759
2012-11-13,151884,41593,46017,71783,65074,085692,COPPER-GRADE #1 - COMMODITY EXCHANGE INC. ,3.4730000495910645,-0.044171868004529775,6709,1.9208988648356458,-4424,-1.4331128214368452,0.06346040027181657,0.025419472662938022,-0.009412433535551656,0.01209330685672061,-0.05469529309866275
2012-11-20,147748,39621,43052,75050,67260,085692,COPPER-GRADE #1 - COMMODITY EXCHANGE INC. ,3.515000104904175,-0.05272490998186101,7790,0.7117273708883095,-3431,0.6537884174764952,0.038317757009345796,0.05971719908555393,0.01209330685672061,0.006116606419910076,-0.054216626563372144
2012-11-27,145313,38126,41105,73463,66381,085692,COPPER-GRADE #1 - COMMODITY EXCHANGE INC. ,3.5364999771118164,-0.04873617639165113,7082,-0.4791943038146032,-2979,0.30592630695508566,0.017633934956093934,0.04344259191478083,0.006116606419910076,0.02742828296284361,-0.05350996828316419
2012-12-04,143993,44306,35254,71244,73478,085692,COPPER-GRADE #1 - COMMODITY EXCHANGE INC. ,3.633500099182129,0.015514643072927155,-2234,-6.410988693372238,9052,8.279369361309724,0.06437169193350009,0.15121920563097033,0.02742828296284361,0.010320600965721516,-0.0519000350306193
2012-12-11,151310,48593,35962,71641,81729,085692,COPPER-GRADE #1 - COMMODITY EXCHANGE INC. ,3.671000003814697,0.06667107263234419,-10088,-5.4544318126575595,12631,2.4855374914058324,0.05638651626784899,0.05907397551889303,0.010320600965721516,-0.009398017443329243,-0.04929935128116169
2012-12-18,153815,51535,36481,70922,84667,085692,COPPER-GRADE #1 - COMMODITY EXCHANGE INC. ,3.6364998817443848,0.08936059552059292,-13745,-2.41689247240764,15054,1.6013482254973233,0.023504232304340282,0.039322395928013086,-0.009398017443329243,0.005637339137114283,-0.04569641204572524
2013-01-08,156245,47014,34638,73141,89080,085692,COPPER-GRADE #1 - COMMODITY EXCHANGE INC. ,3.6570000648498535,0.10201286441166117,-15939,-1.4263888437408576,12376,-1.7410525631440368,0.040882499799656025,0.07794052809484152,0.005637339137114283,-0.009297281298061066,-0.04203024749949094
2013-01-15,155689,48130,36148,73334,89553,085692,COPPER-GRADE #1 - COMMODITY EXCHANGE INC. ,3.622999906539917,0.10417563218981431,-16219,-0.17920573458350667,11982,-0.2521680693782201,0.00408872408479498,0.03115878402430053,-0.009297281298061066,0.01876899805560206,-0.0387796735225078
2013-01-22,161899,48234,38699,75176,90923,085692,COPPER-GRADE #1 - COMMODITY EXCHANGE INC. ,3.690999984741211,0.09726434381929475,-15747,0.3031684961686439,9535,-1.5717231146709143,0.019337864767397756,0.030540761275925137,0.01876899805560206,-0.003657538677940275,-0.035871268041380515
2013-01-29,168493,50672,41305,75776,92214,085692,COPPER-GRADE #1 - COMMODITY EXCHANGE INC. ,3.677500009536743,0.09755894903645848,-16438,-0.42680930703710335,9367,-0.1037683988165461,0.011256622418001072,0.054839796905748174,-0.003657538677940275,0.02284156954175587,-0.0336855999911218
2013-02-05,183941,61901,45697,81590,105513,085692,COPPER-GRADE #1 - COMMODITY EXCHANGE INC. ,3.7614998817443848,0.13005800773073975,-23923,-4.442321045978171,16204,4.057735336186073,0.10215229044964538,0.14517927842524955,0.02284156954175587,-0.006646246905439024,-0.031161043964628814
2013-02-12,174441,60104,44242,74836,96583,085692,COPPER-GRADE #1 - COMMODITY EXCHANGE INC. ,3.736500024795532,0.12466679278380656,-21747,1.1829880233335688,15862,-0.18592918381437526,0.09149510847688996,0.03116554539704445,-0.006646246905439024,-0.024621974312559636,-0.028918807947117982
2013-02-19,178372,58575,49258,77953,94735,085692,COPPER-GRADE #1 - COMMODITY EXCHANGE INC. ,3.6445000171661377,0.0940842733164398,-16782,2.846234543484617,9317,-3.751984911803991,0.028751273973871953,0.060695705396307253,-0.024621974312559636,-0.02140213151245951,-0.027659632232608942
2013-02-26,161180,46791,47519,77621,79586,085692,COPPER-GRADE #1 - COMMODITY EXCHANGE INC. ,3.566499948501587,0.012191338875791042,-1965,8.306797030924136,-728,-5.631489247191263,0.09847525873529804,0.1433888240907645,-0.02140213151245951,-0.01962706694337879,-0.028443943845283363
2013-03-05,159485,49328,54915,78416,70708,085692,COPPER-GRADE #1 - COMMODITY EXCHANGE INC. ,3.496500015258789,-0.04833056400288428,7708,6.0013649336145924,-5587,-3.0146420151383544,0.0648654810761514,0.09528697370566849,-0.01962706694337879,0.011869038001323329,-0.030203900883202826
2013-03-12,158500,48151,54295,79207,70107,085692,COPPER-GRADE #1 - COMMODITY EXCHANGE INC. ,3.5380001068115234,-0.05741324921135647,9100,0.8728093551117659,-6144,-0.3492491456876822,0.009322635519777115,0.017540948402085,0.011869038001323329,-0.04027703725906784,-0.03240368102775114
2013-03-19,168616,48036,64206,84936,68845,085692,COPPER-GRADE #1 - COMMODITY EXCHANGE INC. ,3.3954999446868896,-0.095429852445794,16091,4.410725552050473,-16170,-6.325552050473187,0.04546075262873827,0.08932485165980648,-0.04027703725906784,0.010896757907502774,-0.035147270992818065
2013-03-26,172979,49956,70143,88515,66751,085692,COPPER-GRADE #1 - COMMODITY EXCHANGE INC. ,3.432499885559082,-0.12581874100324317,21764,3.3644493998197085,-20187,-2.3823361958533,0.03653729728337176,0.06542102765218695,0.010896757907502774,-0.01762561065025725,-0.038468989157719236
2013-04-02,179944,48872,75877,91372,64250,085692,COPPER-GRADE #1 - COMMODITY EXCHANGE INC. ,3.371999979019165,-0.15072466989730138,27122,3.0974858219783905,-27005,-3.9415189127003853,0.034429579365385356,0.054653744719396546,-0.01762561065025725,0.01957294933329412,-0.042457534034927
2013-04-09,182719,47713,75552,91588,62370,085692,COPPER-GRADE #1 - COMMODITY EXCHANGE INC. ,3.437999963760376,-0.15990674204653046,29218,1.1648068287911795,-27839,-0.4634775263415285,0.013614102547448005,0.012039102746116092,0.01957294933329412,-0.0382489840337914,-0.04632826961757722
2013-04-16,187450,44854,68981,104687,74314,085692,COPPER-GRADE #1 - COMMODITY EXCHANGE INC. ,3.30649995803833,-0.16203254201120298,30373,0.6321181705241381,-24127,2.0315347610264944,0.1399042463449925,0.08283919708349805,-0.0382489840337914,-0.0642673097370684,-0.05030123816746602
2013-04-23,172312,43366,64755,98096,68995,085692,COPPER-GRADE #1 - COMMODITY EXCHANGE INC. ,3.094000101089477,-0.16888551000510701,29101,-0.6785809549213123,-21389,1.4606561749799947,0.07127852487566655,0.052848197852406104,-0.0642673097370684,0.030219746559671856,-0.05327909999879542
2013-04-30,166042,43244,67243,93694,62994,085692,COPPER-GRADE #1 - COMMODITY EXCHANGE INC. ,3.1875,-0.18489297888486045,30700,0.9279678722317657,-23999,-1.5146942755002553,0.06639308689880527,0.02362268864210269,0.030219746559671856,0.03545095406326593,-0.05582218772017425
2013-05-07,158787,42612,61802,88923,60526,085692,COPPER-GRADE #1 - COMMODITY EXCHANGE INC. ,3.30049991607666,-0.17883705844936928,28397,-1.386998470266559,-19190,2.896255164356006,0.04843792865793682,0.05816269848870841,0.03545095406326593,-0.0030298411505925715,-0.058046820070750176
2013-05-14,159750,39970,57425,89594,63429,085692,COPPER-GRADE #1 - COMMODITY EXCHANGE INC. ,3.2904999256134038,-0.1637871674491393,26165,-1.4056566343592358,-17455,1.0926587189127572,0.02335596609659986,0.07206735458699112,-0.0030298411505925715,0.014739420188898844,-0.060310236161772966
2013-05-21,162304,39525,53067,90768,68557,085692,COPPER-GRADE #1 - COMMODITY EXCHANGE INC. ,3.33899998664856,-0.136848136829653,22211,-2.475117370892019,-13542,2.449452269170579,0.03955436999843088,0.051872731985484706,0.014739420188898844,-0.008235973129462115,-0.061978816488436776
2013-05-28,165931,38759,52325,91797,71095,085692,COPPER-GRADE #1 - COMMODITY EXCHANGE INC. ,3.311500072479248,-0.12476270256914018,20702,-0.9297367902208201,-13566,-0.014787066246056782,0.02189794465044324,0.016556145975143825,-0.008235973129462115,0.01615580126424132,-0.06247691356627388
2013-06-04,168538,41488,51433,92573,73671,085692,COPPER-GRADE #1 - COMMODITY EXCHANGE INC. ,3.365000009536743,-0.11215274893495829,18902,-1.0847882553591552,-9945,2.1822323736975004,0.020163133707081157,0.038968586218400575,0.01615580126424132,-0.05111439252540395,-0.06181263635169148
2013-06-11,181231,40874,58921,100850,75060,085692,COPPER-GRADE #1 - COMMODITY EXCHANGE INC. ,3.193000078201294,-0.14230457261726748,25790,4.086912150375583,-18047,-4.80722448349927,0.054948553237450966,0.08118643218598126,-0.05111439252540395,-0.01127466723136461,-0.06141336983024889
2013-06-18,194877,47838,74277,108010,75483,085692,COPPER-GRADE #1 - COMMODITY EXCHANGE INC. ,3.157000064849853,-0.16691041015614977,32527,3.717355198613924,-26439,-4.630554375355209,0.041325827143269774,0.18277852843631004,-0.01127466723136461,-0.02724104019675222,-0.0612153521073642
2013-06-25,178746,46899,78588,101167,61366,085692,COPPER-GRADE #1 - COMMODITY EXCHANGE INC. ,3.071000099182129,-0.2226679198415629,39801,3.7326108263160864,-31689,-2.694006989023846,0.12895842690407486,0.04183700303617108,-0.02724104019675222,0.023119458961417427,-0.06240412176517277
2013-07-02,170977,44898,73439,95951,59369,085692,COPPER-GRADE #1 - COMMODITY EXCHANGE INC. ,3.1419999599456787,-0.2139586026190657,36582,-1.8008794602396696,-28541,1.761158291654079,0.04643960855009013,0.06042066302170919,0.023119458961417427,-0.021005724246524693,-0.06334383102950022
2013-07-09,169108,44259,72307,95384,59746,085692,COPPER-GRADE #1 - COMMODITY EXCHANGE INC. ,3.075999975204468,-0.21074106488161412,35638,-0.5521210455207426,-28048,0.2883428765272522,0.0060852188487075356,0.015193109483039651,-0.021005724246524693,0.0401495805313401,-0.06384328618572818
2013-07-16,163870,39403,61783,93211,64431,085692,COPPER-GRADE #1 - COMMODITY EXCHANGE INC. ,3.19950008392334,-0.17562702141941783,28780,-4.055396551316318,-22380,3.351704236346004,0.04350363481813222,0.15199731188109028,0.0401495805313401,-0.00046886377882748853,-0.06419640619601091
2013-07-23,161805,38642,61746,93980,64503,085692,COPPER-GRADE #1 - COMMODITY EXCHANGE INC. ,3.197999954223633,-0.18217607614103395,29477,0.4253371575028987,-23104,-0.44181363275767377,0.005306562849012197,0.007949157269793202,-0.00046886377882748853,-0.049093204220500786,-0.06492012948919737
2013-07-30,166158,39333,70427,94144,56749,085692,COPPER-GRADE #1 - COMMODITY EXCHANGE INC. ,3.0409998893737797,-0.22505687357816054,37395,4.893544698865919,-31094,-4.938042705726028,0.05247426984684512,0.0853862973760933,-0.049093204220500786,0.04307795025558048,-0.06692357076437275
2013-08-06,163880,37858,59435,93975,63948,085692,COPPER-GRADE #1 - COMMODITY EXCHANGE INC. ,3.171999931335449,-0.1832255308762509,30027,-4.434333586104792,-21577,5.727680882052023,0.04665564863889364,0.12813871501546875,0.04307795025558048,0.04618540788068137,-0.06729420816644278
2013-08-13,161593,38753,45587,92326,78847,085692,COPPER-GRADE #1 - COMMODITY EXCHANGE INC. ,3.31850004196167,-0.08341326666377875,13479,-10.097632413961435,-6834,8.996216743958994,0.09667412500803281,0.17480436329143942,0.04618540788068137,0.0063281326447872654,-0.06565623025065312
2013-08-20,160062,44415,44535,88774,81533,085692,COPPER-GRADE #1 - COMMODITY EXCHANGE INC. ,3.3394999504089355,-0.04523871999600155,7241,-3.860315731498271,-120,4.154882946662294,0.036627971839090584,0.07548060708263069,0.0063281326447872654,-0.002096113066737626,-0.06302060287514756
2013-08-27,156847,42772,43565,87986,83036,085692,COPPER-GRADE #1 - COMMODITY EXCHANGE INC. ,3.3324999809265137,-0.03155941777655932,4950,-1.4313203633591982,-793,-0.42046207094750787,0.013395937364783478,0.03026512387504778,-0.002096113066737626,-0.010802704743431701,-0.06048228628638509
2013-09-03,149072,40851,45303,84809,75371,085692,COPPER-GRADE #1 - COMMODITY EXCHANGE INC. ,3.296499967575073,-0.0633116883116883,9438,2.8613872117413788,-4452,-2.3328466594834456,0.06768635285304032,0.042470459874178794,-0.010802704743431701,-0.01061734754283472,-0.059211132484847113
2013-09-10,149202,37874,46447,85973,72286,085692,COPPER-GRADE #1 - COMMODITY EXCHANGE INC. ,3.2614998817443848,-0.09173469524537205,13687,2.850300525920361,-8573,-2.7644359772458946,0.026848394088171922,0.04887276004791215,-0.01061734754283472,-0.010271334461328885,-0.05911712825599037
2013-09-17,149173,35639,50892,86583,65915,085692,COPPER-GRADE #1 - COMMODITY EXCHANGE INC. ,3.2279999256134038,-0.13855054198816139,20668,4.67889170386456,-15253,-4.477151780807228,0.045777649542944825,0.07719776727415609,-0.010271334461328885,0.011617144955175629,-0.059319957929443695
2013-09-24,147511,36648,43898,82411,71113,085692,COPPER-GRADE #1 - COMMODITY EXCHANGE INC. ,3.265500068664551,-0.07659089830588905,11298,-6.281297553846876,-7250,5.3649118808363445,0.06103280268883041,0.0993593722841606,0.011617144955175629,0.0019905085240754516,-0.060439716045745155
2013-10-01,148001,39032,40366,80265,72900,085692,COPPER-GRADE #1 - COMMODITY EXCHANGE INC. ,3.2720000743865967,-0.04976317727582922,7365,-2.6662418395916236,-1334,4.010548365884578,0.02567819018705318,0.0745106929645583,0.0019905085240754516,0.003056231734692494,-0.06143371769430872
2013-10-08,147936,37880,41764,80644,71930,085692,COPPER-GRADE #1 - COMMODITY EXCHANGE INC. ,3.282000064849853,-0.05890385031364915,8714,0.9114803278356228,-3884,-1.722961331342356,0.008841611283704956,0.03201747777610366,0.003056231734692494,0.006703179626239342,-0.06287036109324386
2013-10-15,149819,37672,45400,83006,69117,085692,COPPER-GRADE #1 - COMMODITY EXCHANGE INC. ,3.303999900817871,-0.09270519760511016,13889,3.4981343283582085,-7728,-2.598420938784339,0.03401852448347718,0.0462731124807396,0.006703179626239342,0.0074152942925302945,-0.0655369927593158
2013-10-22,154924,44669,41054,81295,80208,085692,COPPER-GRADE #1 - COMMODITY EXCHANGE INC. ,3.3285000324249268,-0.0070163434974568175,1087,-8.544977606311615,3615,7.571135837243608,0.07926787737689084,0.13232154730935689,0.0074152942925302945,-0.015923080300680237,-0.06699741893699071
2013-10-29,154498,38310,48325,88002,72879,085692,COPPER-GRADE #1 - COMMODITY EXCHANGE INC. ,3.275500059127808,-0.09788476226229466,15123,9.059926157341664,-10015,-8.797862177583847,0.08724460936965832,0.15732671553067468,-0.015923080300680237,-0.007021829183991413,-0.06994809476092556
2013-11-05,148624,36754,46538,85907,71552,085692,COPPER-GRADE #1 - COMMODITY EXCHANGE INC. ,3.252500057220459,-0.09658601571751534,14355,-0.49709381351214904,-9784,0.14951649859545108,0.02173264151302879,0.040135907410075396,-0.007021829183991413,-0.004919302734340492,-0.07254462365963135
2013-11-12,163264,39966,58934,88967,66255,085692,COPPER-GRADE #1 - COMMODITY EXCHANGE INC. ,3.236500024795532,-0.13911211289690317,22712,5.622914199590914,-18968,-6.179351921627732,0.053839017665021714,0.1578159757330637,-0.004919302734340492,-0.02301871878652184,-0.0750173162601603
2013-11-19,173106,40413,74311,98110,59242,085692,COPPER-GRADE #1 - COMMODITY EXCHANGE INC. ,3.1619999408721924,-0.22453294513188451,38868,9.89562916503332,-33898,-9.14469815758526,0.10267425898622197,0.13793103448275862,-0.02301871878652184,0.021189168859396368,-0.0788744001893717
2013-11-26,158780,41232,71260,89001,53484,085692,COPPER-GRADE #1 - COMMODITY EXCHANGE INC. ,3.2290000915527344,-0.22368686232522988,35517,-1.9358081175695814,-30028,2.2356244150982634,0.10434080780433028,0.034402446396188176,0.021189168859396368,-0.008671451085280668,-0.08232661161861593
2013-12-03,160042,43029,70380,86479,55257,085692,COPPER-GRADE #1 - COMMODITY EXCHANGE INC. ,3.200999975204468,-0.19508628984891466,31222,-2.705000629802242,-27351,1.6859806020909436,0.030302816503922785,0.02360482854094472,-0.008671451085280668,0.031396472224309635,-0.08506433046221312
2013-12-10,159552,44375,57508,84272,66965,085692,COPPER-GRADE #1 - COMMODITY EXCHANGE INC. ,3.301500082015991,-0.10847247292418773,17307,-8.694592669424276,-13133,8.883917971532473,0.09200790811772251,0.13955223148120885,0.031396472224309635,0.019839472771068012,-0.08621310539553115
2013-12-17,159879,55009,52630,76939,73995,085692,COPPER-GRADE #1 - COMMODITY EXCHANGE INC. ,3.367000102996826,-0.018413925531182956,2944,-9.002080826313678,2379,9.722222222222223,0.09516079875972279,0.1441113351108799,0.019839472771068012,0.014998489614453048,-0.08686557786868711
2013-12-24,164932,60943,56208,74020,75004,085692,COPPER-GRADE #1 - COMMODITY EXCHANGE INC. ,3.4175000190734863,0.005966095117988019,-984,-2.456857998861639,4735,1.47361442090581,0.026358170496027487,0.08119435600208279,0.014998489614453048,0.007022656706409336,-0.08803298128242473
2013-12-31,167024,66016,55653,70367,79191,085692,COPPER-GRADE #1 - COMMODITY EXCHANGE INC. ,3.441499948501587,0.052830730912922695,-8824,-4.753474159047364,10363,3.4123153784590015,0.05242113427566563,0.04625664713279471,0.007022656706409336,-0.008862395933908362,-0.08873547867872607
2014-01-07,169588,67546,55118,69472,81237,085692,COPPER-GRADE #1 - COMMODITY EXCHANGE INC. ,3.4110000133514404,0.0693740123121919,-11765,-1.7608247916467095,12428,1.2363492671711849,0.01951442846810741,0.016834605100110873,-0.008862395933908362,-0.006742891180686383,-0.08936314891140817
2014-01-14,163296,59343,52306,73137,77296,085692,COPPER-GRADE #1 - COMMODITY EXCHANGE INC. ,3.388000011444092,0.025469086811679403,-4159,4.484987145316886,7037,-3.178880581173196,0.050560714736793126,0.09865739952888068,-0.006742891180686383,0.0010330533439752987,-0.09087673632252616
2014-01-21,160115,61131,51418,69394,74338,085692,COPPER-GRADE #1 - COMMODITY EXCHANGE INC. ,3.3914999961853027,0.030877806576523125,-4944,-0.48072212424064276,9713,1.6387419165196944,0.046621489995268973,0.023776310762423477,0.0010330533439752987,-0.03125459139421061,-0.09215340050027176
2014-01-28,152829,51840,51836,70361,66484,085692,COPPER-GRADE #1 - COMMODITY EXCHANGE INC. ,3.2855000495910645,-0.025368221999751354,3877,5.509165287449645,4,-6.063766667707585,0.06445979027366729,0.0936475172653266,-0.03125459139421061,-0.020849198273546143,-0.09451738455866042
2014-02-04,151800,45717,59136,76294,57375,085692,COPPER-GRADE #1 - COMMODITY EXCHANGE INC. ,3.2170000076293945,-0.12463109354413703,18919,9.842372848085116,-13419,-8.783018929653403,0.11253170144162072,0.12801731948537476,-0.020849198273546143,0.016474968346728458,-0.09941525189086958
2014-02-11,164996,46907,64957,82698,57748,085692,COPPER-GRADE #1 - COMMODITY EXCHANGE INC. ,3.2699999809265137,-0.15121578704938302,24950,3.972990777338604,-18050,-3.050724637681159,0.048253421243752044,0.06267431881570479,0.016474968346728458,0.02155967456665775,-0.10472068611843091
2014-02-18,162959,45352,59186,77991,58421,085692,COPPER-GRADE #1 - COMMODITY EXCHANGE INC. ,3.3405001163482666,-0.12009155677194877,19570,-3.260685107517758,-13834,2.555213459720236,0.03943934551212503,0.07007977960167594,0.02155967456665775,-0.0007484080626799505,-0.10883945208166915
2014-02-25,146265,45032,53111,69425,53405,085692,COPPER-GRADE #1 - COMMODITY EXCHANGE INC. ,3.338000059127808,-0.10952722797661778,16020,-2.1784620671457238,-8079,3.531563153922152,0.1105755922820158,0.06516002160113304,-0.0007484080626799505,-0.022917967653784954,-0.11118019375190778
2014-03-04,145295,45709,58950,70567,51317,085692,COPPER-GRADE #1 - COMMODITY EXCHANGE INC. ,3.2614998817443848,-0.1324890739529922,19250,2.2083205141353024,-13241,-3.5292106792465727,0.02650060713465262,0.06225933746739411,-0.022917967653784954,-0.07067300051857783,-0.11279862663556371
2014-03-11,155791,47674,69234,77436,47326,085692,COPPER-GRADE #1 - COMMODITY EXCHANGE INC. ,3.0309998989105225,-0.1932717551078047,30110,7.474448535737638,-21560,-5.72559275955814,0.08704573507959154,0.10477469463167619,-0.07067300051857783,-0.012042223137300745,-0.1154112902104954
2014-03-18,159542,49027,77353,79853,44523,085692,COPPER-GRADE #1 - COMMODITY EXCHANGE INC. ,2.994499921798706,-0.22144639029221144,35330,3.3506428484315522,-28326,-4.342997990898062,0.041969511802920176,0.07494856781136255,-0.012042223137300745,0.017031263846212008,-0.11783468516908037
2014-03-25,154057,45358,78333,79055,42621,085692,COPPER-GRADE #1 - COMMODITY EXCHANGE INC. ,3.0455000400543213,-0.23649688102455585,36434,0.6919807950257613,-32975,-2.9139662283285905,0.022190078569315232,0.0375855963651357,0.017031263846212008,0.0031193651544694223,-0.11996311093872099
2014-04-01,153098,45433,71228,76981,44511,085692,COPPER-GRADE #1 - COMMODITY EXCHANGE INC. ,3.055000066757202,-0.21208637604671518,32470,-2.573073602627599,-25795,4.660612630390051,0.0326276627267639,0.0615458465125449,0.0031193651544694223,0.007037601223512713,-0.12114314374928663
2014-04-08,153322,45495,63996,76360,51429,085692,COPPER-GRADE #1 - COMMODITY EXCHANGE INC. ,3.076499938964844,-0.1626054969280338,24931,-4.924296855608826,-18501,4.764268638388483,0.058995688204775056,0.06661734754454704,0.007037601223512713,-0.019502663406432474,-0.12119504288162324
2014-04-15,164022,43429,64895,85856,58519,085692,COPPER-GRADE #1 - COMMODITY EXCHANGE INC. ,3.0164999961853027,-0.16666666666666666,27337,1.5692464225616674,-21466,-1.933838588069553,0.11488138528138528,0.027371588936893024,-0.019502663406432474,0.020553633786849046,-0.12128416066345908
2014-04-22,152890,40925,60842,80932,54842,085692,COPPER-GRADE #1 - COMMODITY EXCHANGE INC. ,3.0785000324249268,-0.17064556216887958,26090,-0.760263867042226,-19917,0.9443855092609529,0.06334791639047241,0.0644314954749575,0.020553633786849046,-0.0019490147469459762,-0.12131800782045471
2014-04-29,138987,42322,56203,72133,51832,085692,COPPER-GRADE #1 - COMMODITY EXCHANGE INC. ,3.072499990463257,-0.14606402037600638,20301,-3.786382366407221,-13881,3.9479364248806332,0.09526075908522567,0.061263638670388226,-0.0019490147469459762,0.0008136882760680919,-0.1205712970798998
2014-05-06,142069,40898,58351,74484,51816,085692,COPPER-GRADE #1 - COMMODITY EXCHANGE INC. ,3.075000047683716,-0.1595562719523612,22668,1.7030369746810852,-17453,-2.57002453466871,0.01874109263657957,0.03599028705578897,0.0008136882760680919,0.024227591658373848,-0.12020051272418811
2014-05-13,151610,48908,58971,72247,57482,085692,COPPER-GRADE #1 - COMMODITY EXCHANGE INC. ,3.149499893188477,-0.09738803509003365,14765,-5.562789911944196,-10063,5.201697766578213,0.06091930100440148,0.07999703371369775,0.024227591658373848,0.0020638215407160487,-0.11892360633266685
2014-05-20,150346,50971,56564,71468,60812,085692,COPPER-GRADE #1 - COMMODITY EXCHANGE INC. ,3.1559998989105225,-0.07087651151344232,10656,-2.7102433876393377,-5593,2.9483543301893014,0.03106289688539462,0.041567861626447204,0.0020638215407160487,0.011882174984889193,-0.11765492123043203
2014-05-27,153499,52012,56390,73429,61135,085692,COPPER-GRADE #1 - COMMODITY EXCHANGE INC. ,3.19350004196167,-0.08009172698193473,12294,1.0894869168451438,-4378,0.8081358998576615,0.01697333610772569,0.011208280290031548,0.011882174984889193,-0.015030561028361644,-0.11679586400760116
2014-06-03,151783,47335,57075,75596,60861,085692,COPPER-GRADE #1 - COMMODITY EXCHANGE INC. ,3.1454999446868896,-0.09707938306661484,14735,1.5902383728884226,-9740,-3.493182366008899,0.017888419062415267,0.051355234172971935,-0.015030561028361644,-0.028771222228934468,-0.1165059915870561
2014-06-10,147453,40089,55418,77138,57193,085692,COPPER-GRADE #1 - COMMODITY EXCHANGE INC. ,3.055000066757202,-0.135263439875757,19945,3.4325319699834633,-15329,-3.6822305528287096,0.03878479278796406,0.09321829813521522,-0.028771222228934468,0.0008182712756970023,-0.1163705851881809
2014-06-17,151523,38162,56201,80925,57657,085692,COPPER-GRADE #1 - COMMODITY EXCHANGE INC. ,3.057499885559082,-0.1535608455482006,23268,2.253599452028782,-18039,-1.8378737631652118,0.0306749794345586,0.028718883460678444,0.0008182712756970023,0.029108823678946516,-0.1161138627918742
2014-06-24,142413,41981,49814,74432,61850,085692,COPPER-GRADE #1 - COMMODITY EXCHANGE INC. ,3.1465001106262207,-0.08834867603378906,12582,-7.052394685955267,-7833,6.73561109534526,0.07841094201728768,0.11118252628138788,0.029108823678946516,0.014142657730952246,-0.11353080041095545
2014-07-01,146243,52365,54129,71634,66841,085692,COPPER-GRADE #1 - COMMODITY EXCHANGE INC. ,3.190999984741211,-0.03277421825318135,4793,-5.469304066342258,-1764,4.26154915632702,0.05624842029247157,0.1380265554866941,0.014142657730952246,0.016295846450962825,-0.11004648532699615
2014-07-08,161048,65579,58447,71522,75439,085692,COPPER-GRADE #1 - COMMODITY EXCHANGE INC. ,3.243000030517578,0.024321941284585962,-3917,-5.955840621431453,7132,6.083026196125626,0.05926742469090439,0.14135745730733879,0.016295846450962825,-0.0013875770026572365,-0.10552604290072307
2014-07-15,179412,76533,61906,73432,85022,085692,COPPER-GRADE #1 - COMMODITY EXCHANGE INC. ,3.2385001182556152,0.06459991527879963,-11590,-4.764418061695892,14627,4.653892007351845,0.07253209133250028,0.10411083581938615,-0.0013875770026572365,-0.013277819880273212,-0.10090629411806504
2014-07-22,180479,70091,61289,75052,81909,085692,COPPER-GRADE #1 - COMMODITY EXCHANGE INC. ,3.195499897003174,0.037993339945367605,-6857,2.6380621140168996,8802,-3.246717053485831,0.030153987296207337,0.053729639214492315,-0.013277819880273212,0.004381216659262721,-0.09667226688563423
2014-07-29,175017,63838,59519,74519,77068,085692,COPPER-GRADE #1 - COMMODITY EXCHANGE INC. ,3.2095000743865967,0.014564299468051675,-2549,2.386981310845029,4319,-2.4839455005845554,0.035451588856564215,0.06503887091936413,0.004381216659262721,-0.003271597569356244,-0.09206416740397631
2014-08-05,171323,62107,54601,75480,80401,085692,COPPER-GRADE #1 - COMMODITY EXCHANGE INC. ,3.1989998817443848,0.028723522235776865,-4921,-1.3552969140140672,7506,1.8209659633064215,0.027546654178507966,0.05697124447338657,-0.003271597569356244,-0.01562987001081717,-0.08798822407489887
2014-08-12,153657,47168,48601,76654,73411,085692,COPPER-GRADE #1 - COMMODITY EXCHANGE INC. ,3.1489999294281006,-0.02110544914972959,3243,4.765267944175622,-1433,-5.217629857053636,0.054403091993469495,0.21864068748760038,-0.01562987001081717,-0.020165109223195254,-0.08678999681501329
2014-08-19,152025,44060,50174,78516,69643,085692,COPPER-GRADE #1 - COMMODITY EXCHANGE INC. ,3.0855000019073486,-0.058365400427561255,8873,3.6640048940171943,-6114,-3.0463955433205125,0.03799971652076485,0.04967421525139546,-0.020165109223195254,0.03127529406310314,-0.08704243297715866
2014-08-26,146526,46253,46126,74400,71722,085692,COPPER-GRADE #1 - COMMODITY EXCHANGE INC. ,3.181999921798706,-0.018276619849037033,2678,-4.07498766650222,127,4.105245847722414,0.04239607998795527,0.06755864428062655,0.03127529406310314,-0.014927685814955849,-0.08678699455547555
2014-09-02,136370,43075,46865,72330,63393,085692,COPPER-GRADE #1 - COMMODITY EXCHANGE INC. ,3.134500026702881,-0.06553494170272053,8937,4.271596849705854,-3790,-2.673245703834132,0.07661929076133006,0.04355125639315099,-0.014927685814955849,-0.012761193655213665,-0.08682974942838001
2014-09-09,144047,48401,57920,75177,60572,085692,COPPER-GRADE #1 - COMMODITY EXCHANGE INC. ,3.094500064849853,-0.10139051837247565,14605,4.156339370829362,-9519,-4.201070616704554,0.041753530412747056,0.154071161858899,-0.012761193655213665,0.021166592214634017,-0.08701543833467047
2014-09-16,143370,48575,62031,75914,56323,085692,COPPER-GRADE #1 - COMMODITY EXCHANGE INC. ,3.1600000858306885,-0.13664643928297412,19591,3.4613702472109797,-13456,-2.733135712649344,0.037705029605934796,0.03874111711842034,0.021166592214634017,-0.03971525277536947,-0.08697882097495534
2014-09-23,152016,51273,70968,80785,53954,085692,COPPER-GRADE #1 - COMMODITY EXCHANGE INC. ,3.0344998836517334,-0.176501157772866,26831,5.049870963241961,-19695,-4.351677477854502,0.05373351442418305,0.0951808313086444,-0.03971525277536947,-0.00955670013588561,-0.08890017211855104
2014-09-30,160389,52035,75466,85536,52955,085692,COPPER-GRADE #1 - COMMODITY EXCHANGE INC. ,3.005500078201294,-0.20313737226368392,32581,3.782496579307441,-23431,-2.457636038311757,0.04151894346925071,0.041254578395463565,-0.00955670013588561,0.009648911893489265,-0.09184967586831748
2014-10-07,167622,54483,79479,88398,54408,085692,COPPER-GRADE #1 - COMMODITY EXCHANGE INC. ,3.0344998836517334,-0.20277767834771093,33990,0.8784891731976632,-24996,-0.9757527012450978,0.030215817262580005,0.048230095101595975,0.009648911893489265,0.01664200244900549,-0.09461648025358789
2014-10-14,167530,54973,78838,86037,52582,085692,COPPER-GRADE #1 - COMMODITY EXCHANGE INC. ,3.0850000381469727,-0.19969557691159792,33455,-0.31917051461025403,-23865,0.6747324336900884,0.030205094539709564,0.008452219922128973,0.01664200244900549,-0.017504096780785017,-0.09667398754794343
2014-10-21,175541,54569,82309,92601,55057,085692,COPPER-GRADE #1 - COMMODITY EXCHANGE INC. ,3.0309998989105225,-0.21387596060179673,37544,2.4407568793648897,-27740,-2.3130185638393126,0.06121578241612374,0.028309881792545188,-0.017504096780785017,0.025569154565802554,-0.10065205710764227
2014-10-28,169924,54392,75749,90853,59728,085692,COPPER-GRADE #1 - COMMODITY EXCHANGE INC. ,3.1085000038146973,-0.18317012311386266,31125,-3.6566955867859927,-21357,3.6361875573227906,0.042628220027759144,0.051766929714694064,0.025569154565802554,-0.02412740794327728,-0.10229216020094166
2014-11-04,164942,47492,73355,94794,58919,085692,COPPER-GRADE #1 - COMMODITY EXCHANGE INC. ,3.033499956130981,-0.21750069721477852,35875,2.7953673406934865,-25863,-2.6517737341399688,0.030901745460696232,0.07690716360356484,-0.02412740794327728,0.0026372624155093227,-0.1046174425374275
2014-11-11,170361,48196,73757,95350,57969,085692,COPPER-GRADE #1 - COMMODITY EXCHANGE INC. ,3.0415000915527344,-0.2194222856170133,37381,0.9130482230117254,-25561,0.1830946635787125,0.00982265733535961,0.009069067591613163,0.0026372624155093227,-0.010028003501770355,-0.10616186893589116
2014-11-18,176417,52968,77573,89399,53946,085692,COPPER-GRADE #1 - COMMODITY EXCHANGE INC. ,3.010999917984009,-0.20096135859922798,35453,-1.1317144182060448,-24605,0.5611612986540347,0.06958038299208204,0.06578776016730375,-0.010028003501770355,-0.01660576342684239,-0.10570856919487853
2014-11-25,160924,55391,83669,81388,44220,085692,COPPER-GRADE #1 - COMMODITY EXCHANGE INC. ,2.9609999656677246,-0.23096617036613556,37168,0.972128536365543,-28278,-2.081998900332734,0.14120915865231515,0.061261326046310946,-0.01660576342684239,-0.0160418425013773,-0.10584855588797286
2014-12-02,159261,50746,84928,87855,41272,085692,COPPER-GRADE #1 - COMMODITY EXCHANGE INC. ,2.9135000705718994,-0.2924947099415425,46583,5.850587855136586,-34182,-3.6688126071934577,0.07291271383986309,0.04351607529814113,-0.0160418425013773,0.0113265802544249,-0.10772179473590801
2014-12-09,152267,47171,80129,84548,40338,085692,COPPER-GRADE #1 - COMMODITY EXCHANGE INC. ,2.946500062942505,-0.290345248806373,44210,-1.4900069696912615,-32958,0.7685497391075028,0.03395897058117003,0.06578161822466615,0.0113265802544249,-0.02341761556018407,-0.11121934811825772
2014-12-16,152045,47122,76837,84046,41356,085692,COPPER-GRADE #1 - COMMODITY EXCHANGE INC. ,2.877500057220459,-0.28077213982702487,42690,-0.9982465012116872,-29715,2.1298114496246723,0.012121018803527854,0.02695246008760961,-0.02341761556018407,0.008514298071688797,-0.11626469839317778
2014-12-23,152816,43503,75702,87515,43435,085692,COPPER-GRADE #1 - COMMODITY EXCHANGE INC. ,2.9019999504089355,-0.28845147105015184,44080,0.9142030319971061,-32199,-1.6337268571804402,0.04236731576937763,0.039880877479971474,0.008514298071688797,-0.011371465518445367,-0.12192657466564201
2014-12-30,159107,44538,79591,92094,45609,085692,COPPER-GRADE #1 - COMMODITY EXCHANGE INC. ,2.86899995803833,-0.2921618784842904,46485,1.5737880850172759,-35053,-1.8676054863365092,0.049040325918825296,0.03966840947723739,-0.011371465518445367,-0.022655997968331287,-0.1285610479232807
2015-01-06,170037,45928,87193,99196,45205,085692,COPPER-GRADE #1 - COMMODITY EXCHANGE INC.,2.803999900817871,-0.3175250092626899,53991,4.717579993337816,-41265,-3.9042908231567433,0.05198024944425592,0.06754756950443581,-0.022655997968331287,-0.044579174187395654,-0.13600141372279767
2015-01-13,179459,53398,89221,94170,46356,085692,COPPER-GRADE #1 - COMMODITY EXCHANGE INC.,2.678999900817871,-0.2664341158704774,47814,-3.632738756858801,-35823,3.200479895552145,0.04395627855343495,0.0665970172277186,-0.044579174187395654,-0.02370284802973155,-0.14161493685130067
2015-01-20,172846,46328,83113,94261,44335,085692,COPPER-GRADE #1 - COMMODITY EXCHANGE INC.,2.615499973297119,-0.2888467190446988,49926,1.1768704829515375,-36785,-0.5360555892989485,0.015238535022655776,0.10180700087298461,-0.02370284802973155,-0.03899827915657328,-0.14776348542093956
2015-01-27,179152,46610,87272,96833,44280,085692,COPPER-GRADE #1 - COMMODITY EXCHANGE INC.,2.513499975204468,-0.2933430829686523,52553,1.5198500399199286,-40662,-2.243037154461197,0.018616286238688145,0.033171001329528986,-0.03899827915657328,0.034414135779358146,-0.15291684813187995
2015-02-03,180944,46923,87221,98677,45864,085692,COPPER-GRADE #1 - COMMODITY EXCHANGE INC.,2.5999999046325684,-0.29187483420284727,52813,0.14512815932839152,-40298,0.20317942305974815,0.02371645415487647,0.0027135019083969467,0.034414135779358146,-0.014423040772329476,-0.15613307391377826
2015-02-10,185606,45443,87427,97124,46414,085692,COPPER-GRADE #1 - COMMODITY EXCHANGE INC.,2.5625,-0.2732131504369471,50710,-1.1622380404987178,-41984,-0.931779998231497,0.01465117251180872,0.012689094603748024,-0.014423040772329476,0.012487830185308413,-0.1584791770558468
2015-02-17,185675,44526,82691,97012,48031,085692,COPPER-GRADE #1 - COMMODITY EXCHANGE INC.,2.594500064849853,-0.2637996499259459,48981,-0.931543161320216,-38165,2.0575843453336637,0.01192060285570486,0.0444358851411368,0.012487830185308413,0.04509534078004296,-0.1612427942318852
2015-02-24,171520,50336,80639,91161,50893,085692,COPPER-GRADE #1 - COMMODITY EXCHANGE INC.,2.7114999294281006,-0.2347714552238806,40268,-4.692608051703244,-30303,4.234280328531035,0.061335830036465006,0.06002672265699561,0.04509534078004296,-0.014014335010865908,-0.16365133706356333
2015-03-03,163020,51043,73854,87470,55536,085692,COPPER-GRADE #1 - COMMODITY EXCHANGE INC.,2.673500061035156,-0.19589007483744325,31934,-4.858908582089552,-22811,4.368003731343284,0.0582772750793673,0.05998542799266596,-0.014014335010865908,-0.014400624534488315,-0.16487058708057198
2015-03-10,164239,53309,74837,88084,55730,085692,COPPER-GRADE #1 - COMMODITY EXCHANGE INC.,2.634999990463257,-0.19699340595108347,32354,0.25763709974236293,-21528,0.7870199975463134,0.005618368169997358,0.025353893215551013,-0.014400624534488315,0.0024667953493628936,-0.16494215728909659
2015-03-17,164490,55248,72795,85615,57445,085692,COPPER-GRADE #1 - COMMODITY EXCHANGE INC.,2.6414999961853027,-0.17125661134415465,28170,-2.5475069867692812,-17547,2.4239066238834868,0.029246470012582133,0.031091117827604788,0.0024667953493628936,0.06568240063816577,-0.16397696923240315
2015-03-24,165590,58237,67317,81659,64083,085692,COPPER-GRADE #1 - COMMODITY EXCHANGE INC.,2.815000057220459,-0.1061416752219337,17576,-6.44051310110037,-9080,5.147425375402761,0.0726900961973899,0.06743711868996607,0.06568240063816577,-0.024156332795402302,-0.16147013835158353
2015-03-31,170125,60278,64432,82059,69145,085692,COPPER-GRADE #1 - COMMODITY EXCHANGE INC.,2.746999979019165,-0.07590889052167524,12914,-2.815387402620931,-4154,2.974817319886467,0.036123382979286266,0.03949963916285783,-0.024156332795402302,0.010920994400765327,-0.15885134055302508
2015-04-07,171006,58765,63761,82527,71351,085692,COPPER-GRADE #1 - COMMODITY EXCHANGE INC.,2.7769999504089355,-0.06535443200823363,11176,-1.021601763409258,-4996,-0.49493019838354146,0.017377402877604337,0.01782478820821703,0.010920994400765327,-0.02070575678282427,-0.15698112776610584
2015-04-14,165760,54693,61923,81400,66570,085692,COPPER-GRADE #1 - COMMODITY EXCHANGE INC.,2.719500064849853,-0.08946669884169885,14830,2.1367671309778604,-7230,-1.3063869104008046,0.03992701223220923,0.050679152088907185,-0.02070575678282427,-0.0053319142482164406,-0.15549651300024106
2015-04-21,157721,50483,62802,79538,64110,085692,COPPER-GRADE #1 - COMMODITY EXCHANGE INC.,2.7049999237060547,-0.09781829940210879,15428,0.3607625482625483,-12319,-3.0701013513513513,0.03008743595455558,0.04492209913051154,-0.0053319142482164406,0.02772645094235715,-0.1540959887162647
2015-04-28,154447,50505,66588,81832,61536,085692,COPPER-GRADE #1 - COMMODITY EXCHANGE INC.,2.7799999713897705,-0.13141077521738848,20296,3.0864628045726312,-16083,-2.386492604028633,0.033954578427543104,0.032521158395463434,0.02772645094235715,0.057553988301194625,-0.15381419554013745
2015-05-05,166179,63530,63982,78884,75206,085692,COPPER-GRADE #1 - COMMODITY EXCHANGE INC.,2.940000057220459,-0.02213276045709747,3678,-10.759678077269225,-452,10.120623903345484,0.1078460639885781,0.12258454106280194,0.057553988301194625,0.0035714129317261367,-0.15117143570369007
2015-05-12,178077,73722,65206,77044,82657,085692,COPPER-GRADE #1 - COMMODITY EXCHANGE INC.,2.950500011444092,0.03152007277750636,-5613,-5.590959146462549,8516,5.396590423579394,0.058177469145465587,0.08217206034780605,0.0035714129317261367,-0.030164374276683947,-0.1486924336293143
2015-05-19,179210,73598,64257,77109,83885,085692,COPPER-GRADE #1 - COMMODITY EXCHANGE INC.,2.861500024795532,0.03781039004519837,-6776,-0.6530882708042027,9341,0.46328273724287805,0.008031355205784067,0.007783540676798085,-0.030164374276683947,-0.0027957838030505666,-0.14660230090703275
2015-05-26,172622,64899,63275,78383,78749,085692,COPPER-GRADE #1 - COMMODITY EXCHANGE INC.,2.8534998893737797,0.0021202395986606574,-366,3.5768093298365047,1624,-4.306121310194744,0.040793727566631875,0.07553013871768065,-0.0027957838030505666,-0.033467669904681197,-0.1450213015497136
2015-06-02,160588,50709,59453,79435,67856,085692,COPPER-GRADE #1 - COMMODITY EXCHANGE INC.,2.757999897003174,-0.07210376865021048,11579,6.919743717486764,-8744,-6.0061869286649445,0.08109796253674699,0.1635046567781994,-0.033467669904681197,-0.006345150239153385,-0.14454100127247507
2015-06-09,171541,50677,64059,81795,64122,085692,COPPER-GRADE #1 - COMMODITY EXCHANGE INC.,2.740499973297119,-0.10302493281489557,17673,3.794804094951055,-13382,-2.8881360998331136,0.041763468273059344,0.04042323246409148,-0.006345150239153385,-0.04159827882750777,-0.1439210299828431
2015-06-16,181765,53535,70047,86938,66044,085692,COPPER-GRADE #1 - COMMODITY EXCHANGE INC.,2.626499891281128,-0.11495062305724424,20894,1.877685218111122,-16512,-1.8246366757801342,0.04618190375338275,0.07158000356038906,-0.04159827882750777,0.0028555766121576287,-0.14317852570417086
2015-06-23,184635,54093,77732,88108,61595,085692,COPPER-GRADE #1 - COMMODITY EXCHANGE INC.,2.634000062942505,-0.14359682617055272,26513,3.0913542211096745,-23639,-3.9209968915907902,0.03753431794954009,0.06252986914469941,0.0028555766121576287,-0.003986315099743454,-0.14424099012987784
2015-06-30,166278,59718,81525,77411,52697,085692,COPPER-GRADE #1 - COMMODITY EXCHANGE INC.,2.623500108718872,-0.1486306065745318,24714,-0.974354808134969,-21807,0.9922279091179896,0.15060565069019582,0.06667941066105931,-0.003986315099743454,-0.06575190637161454,-0.14646899759759613
2015-07-07,167008,55639,81068,80720,49595,085692,COPPER-GRADE #1 - COMMODITY EXCHANGE INC.,2.450999975204468,-0.18636831768538034,31125,3.8555912387688087,-25429,-2.1782797483732064,0.049196178490580514,0.03318045162281375,-0.06575190637161454,0.03814775123418812,-0.15052073334701857
2015-07-14,161713,53064,73822,78077,51355,085692,COPPER-GRADE #1 - COMMODITY EXCHANGE INC.,2.5445001125335693,-0.16524336324228725,26722,-2.6364006514657983,-20758,2.796872006131443,0.03401786266147475,0.07740018599372665,0.03814775123418812,-0.026331360863580122,-0.15494079639550098
2015-07-21,165842,56919,79086,75911,49681,085692,COPPER-GRADE #1 - COMMODITY EXCHANGE INC.,2.477499961853028,-0.15816258848783782,26230,-0.3042427015762493,-22167,-0.8712966799206001,0.030575195872348557,0.0670490055512665,-0.026331360863580122,-0.03007057382517153,-0.1587130257884473
2015-07-28,163656,55698,80152,77675,46041,085692,COPPER-GRADE #1 - COMMODITY EXCHANGE INC.,2.4030001163482666,-0.1932956934056802,31634,3.2585231726583133,-24454,-1.3790234078219026,0.04368068802741763,0.016834744203165254,-0.03007057382517153,-0.015813610058941885,-0.16271033334371132
2015-08-04,181276,60578,92908,85447,46797,085692,COPPER-GRADE #1 - COMMODITY EXCHANGE INC.,2.365000009536743,-0.2132107945894658,38650,4.2870411106222805,-32330,-4.812533607078262,0.06448685762681104,0.1149029878946614,-0.015813610058941885,-0.010147961662292593,-0.16736291635958137
2015-08-11,195117,60308,94067,88567,47926,085692,COPPER-GRADE #1 - COMMODITY EXCHANGE INC.,2.3410000801086426,-0.20829041036916313,40641,1.098325205763587,-33759,-0.788300712725347,0.031129801528283502,0.00925668016194332,-0.010147961662292593,-0.018795449494880545,-0.1709626271522628
2015-08-18,191265,60821,89793,83872,47927,085692,COPPER-GRADE #1 - COMMODITY EXCHANGE INC.,2.296999931335449,-0.1879329725773142,35945,-2.4067610715621908,-28972,2.4533997550187836,0.0356300123673169,0.03178323396231426,-0.018795449494880545,0.011319122187812836,-0.17345431123206573
2015-08-25,166991,60331,83656,76236,44390,085692,COPPER-GRADE #1 - COMMODITY EXCHANGE INC.,2.322999954223633,-0.19070488828739274,31846,-2.1430998875905156,-23325,2.9524481739994246,0.09262513885895246,0.04602498836700535,0.011319122187812836,-0.008824771885861282,-0.17677023947126488
2015-09-01,158648,61031,81421,74534,46459,085692,COPPER-GRADE #1 - COMMODITY EXCHANGE INC.,2.302500009536743,-0.17696409661640866,28075,-2.2582055320346606,-20390,1.7575797498068757,0.03116709231112544,0.02060343133125544,-0.008824771885861282,0.059066196491079026,-0.17891310783498965
2015-09-08,159016,60691,73958,72133,52296,085692,COPPER-GRADE #1 - COMMODITY EXCHANGE INC.,2.438499927520752,-0.12474845298586305,19837,-5.1926277040996425,-13267,4.489813927688972,0.06620643097670158,0.057950671746541005,0.059066196491079026,-0.001025146145655853,-0.17936229888524713
2015-09-15,154631,59530,63571,69710,59257,085692,COPPER-GRADE #1 - COMMODITY EXCHANGE INC.,2.436000108718872,-0.0675996404343243,10453,-5.901292951652664,-4041,5.801931881068572,0.07276279978599176,0.093809148585308,-0.001025146145655853,-0.052955739393627965,-0.1780344758304654
2015-09-22,152575,52382,65632,70959,51740,085692,COPPER-GRADE #1 - COMMODITY EXCHANGE INC.,2.306999921798706,-0.12596427986236278,19219,5.6689797000601425,-13250,-5.9554681790844,0.0714431250458439,0.07803311471520329,-0.052955739393627965,-0.02319026392327861,-0.17706261279372493
2015-09-29,151710,52419,69425,72385,49149,085692,COPPER-GRADE #1 - COMMODITY EXCHANGE INC.,2.253499984741211,-0.15316063542284622,23236,2.632803539242995,-17006,-2.461740127805997,0.033052479141639377,0.03143363645316963,-0.02319026392327861,0.04681605660005239,-0.17610152170063192
2015-10-06,153387,54617,66165,72020,55486,085692,COPPER-GRADE #1 - COMMODITY EXCHANGE INC.,2.358999967575073,-0.10779270733504143,16534,-4.417638916353569,-11548,3.597653417704832,0.05256223236553574,0.04518885264360584,0.04681605660005239,0.013777036480266736,-0.17427488764269597
2015-10-13,156482,54291,60432,70513,60297,085692,COPPER-GRADE #1 - COMMODITY EXCHANGE INC.,2.3914999961853027,-0.06528546414284071,10216,-4.118993135011442,-6141,3.525070573125493,0.04829905970491553,0.0528141697828683,0.013777036480266736,-0.009199278453560167,-0.17169007778175832
2015-10-20,162963,56571,61154,70231,61490,085692,COPPER-GRADE #1 - COMMODITY EXCHANGE INC.,2.369499921798706,-0.0536379423550131,8741,-0.9426004268861594,-4583,0.995641671246533,0.01119791073556988,0.02550010617965598,-0.009199278453560167,-0.00485329484022734,-0.1686085774308586
2015-10-27,165946,58172,59021,71732,65587,085692,COPPER-GRADE #1 - COMMODITY EXCHANGE INC.,2.3580000400543213,-0.03703011823123185,6145,-1.5929996379546278,-849,2.291317661064168,0.04076639066698709,0.031861971278148014,-0.00485329484022734,-0.01314679253711415,-0.16579819272157728
2015-11-03,165386,55293,67071,76694,58720,085692,COPPER-GRADE #1 - COMMODITY EXCHANGE INC.,2.32699990272522,-0.10867909012854776,17974,7.128222433803767,-11778,-6.585877333590445,0.08735433559307014,0.0893154849465529,-0.01314679253711415,-0.04748597484975903,-0.16370546950838052
2015-11-10,173872,52814,80242,80345,48776,085692,COPPER-GRADE #1 - COMMODITY EXCHANGE INC.,2.2165000438690186,-0.18156459924542193,31569,8.220163738164054,-27428,-9.462711474973698,0.10528883760193927,0.11761964886964887,-0.04748597484975903,-0.050078979850322836,-0.16297743707815762
2015-11-17,193328,61534,90817,84208,49850,085692,COPPER-GRADE #1 - COMMODITY EXCHANGE INC.,2.1054999828338623,-0.1777186956881569,34358,1.604053556639367,-29283,-1.0668767829207693,0.03682734338868251,0.12664833181272195,-0.050078979850322836,-0.02469724350525926,-0.16253046279140623
2015-11-24,186199,64527,98293,83953,46557,085692,COPPER-GRADE #1 - COMMODITY EXCHANGE INC.,2.053499937057495,-0.20083888742689274,37396,1.5714226599354466,-33766,-2.318857071919225,0.027185656271550073,0.06429799778896941,-0.02469724350525926,0.00633066074631583,-0.16195109196565155
2015-12-01,180517,66155,100408,82846,45306,085692,COPPER-GRADE #1 - COMMODITY EXCHANGE INC.,2.066499948501587,-0.2079582532393071,37540,0.07733661297858743,-34253,-0.26154812861508386,0.018400024970347713,0.02247197757004857,0.00633066074631583,-0.008952263095975743,-0.160325390875224
2015-12-08,179248,65812,100004,81927,43773,085692,COPPER-GRADE #1 - COMMODITY EXCHANGE INC.,2.0480000972747803,-0.21285593144693385,38154,0.3401341701889573,-34192,0.033791831240271,0.01950676213206046,0.004504993486756405,-0.008952263095975743,0.001464853924971532,-0.15883521169523476
2015-12-15,178761,68029,100662,79212,43369,085692,COPPER-GRADE #1 - COMMODITY EXCHANGE INC.,2.0510001182556152,-0.2005079407700785,35843,-1.2892751941444256,-32633,0.8697447112380612,0.025444400029368337,0.01704299577333705,0.001464853924971532,0.022427968183269087,-0.1572916694056781
2015-12-22,170210,63124,93463,79311,43004,085692,COPPER-GRADE #1 - COMMODITY EXCHANGE INC.,2.0969998836517334,-0.21330709124023264,36307,0.259564446383719,-30339,1.2832776724229558,0.003793484037117279,0.0772988817717946,0.022427968183269087,0.013352464426229282,-0.15584658517856426
2015-12-29,167689,59955,90061,78884,43214,085692,COPPER-GRADE #1 - COMMODITY EXCHANGE INC.,2.125,-0.21271520493294133,35670,-0.3742435814581987,-30106,0.13688972445802244,0.005217120673557307,0.043801994453924915,0.013352464426229282,-0.017176459817325185,-0.15431876453334603
2016-01-05,171819,63058,94871,79330,42180,085692,COPPER-GRADE #1 - COMMODITY EXCHANGE INC.,2.088500022888184,-0.2162159016173997,37150,0.8825862161501351,-31813,-1.0179558587623518,0.012180067484157682,0.050104793926384644,-0.017176459817325185,-0.06487913428200032,-0.1523705124632443
2016-01-12,193520,68662,110687,88452,40280,085692,COPPER-GRADE #1 - COMMODITY EXCHANGE INC.,1.9529999494552608,-0.24892517569243489,48172,6.414890087824979,-42025,-5.9434637612836765,0.08561973712829755,0.11943194553635648,-0.06487913428200032,0.010496704775592836,-0.152033802075205
2016-01-19,199011,68711,112117,92728,43574,085692,COPPER-GRADE #1 - COMMODITY EXCHANGE INC.,1.9735000133514404,-0.24699137233620252,49154,0.5074410913600662,-43406,-0.7136213311285655,0.05553843670672477,0.00817904306855133,0.010496704775592836,0.03065614701323205,-0.15122889156158006
2016-01-26,202900,64968,101795,94258,50133,085692,COPPER-GRADE #1 - COMMODITY EXCHANGE INC.,2.0339999198913574,-0.21747166091670775,44125,-2.5269959951962453,-36827,3.305847415469497,0.05602149718472758,0.08434125075706242,0.03065614701323205,0.008849619761032823,-0.14976982575288883
2016-02-02,201682,63562,99073,90906,48979,085692,COPPER-GRADE #1 - COMMODITY EXCHANGE INC.,2.052000045776367,-0.20788667307940223,41927,-1.0832922621981271,-35511,0.6485953671759488,0.03221217428602066,0.025381990346481385,0.008849619761032823,-0.00657893513806429,-0.14815466880820718
2016-02-09,189518,63452,90280,82362,51598,085692,COPPER-GRADE #1 - COMMODITY EXCHANGE INC.,2.0385000705718994,-0.16232758893614327,30764,-5.534951061572178,-26828,4.305292490157773,0.08333084502836667,0.057912471053521715,-0.00657893513806429,0.005150823576222097,-0.14602225416396097
2016-02-16,191131,60041,87379,84081,55020,085692,COPPER-GRADE #1 - COMMODITY EXCHANGE INC.,2.049000024795532,-0.1520475485400066,29061,-0.8985953840796125,-27338,-0.26910372629512763,0.03695875658694042,0.04281644281644282,0.005150823576222097,0.027086398167865733,-0.14387317529115445
2016-02-23,173541,57954,80901,77038,51058,085692,COPPER-GRADE #1 - COMMODITY EXCHANGE INC.,2.1045000553131104,-0.14970525697097517,25980,-1.611983404052718,-22947,2.2973771915597156,0.08591212840369723,0.0616830506643621,0.027086398167865733,0.01758134468981387,-0.14223728686321396
2016-03-01,160010,55749,80365,73508,47245,085692,COPPER-GRADE #1 - COMMODITY EXCHANGE INC.,2.1414999961853027,-0.16413349165677146,26263,0.16307385574590444,-24616,-0.9617323860067649,0.06081008339337325,0.0201375317748358,0.01758134468981387,0.03595606017388797,-0.14162658334050873
2016-03-08,165888,63178,66056,70111,66455,085692,COPPER-GRADE #1 - COMMODITY EXCHANGE INC.,2.2184998989105225,-0.022038966049382717,3656,-14.128491969251922,-2878,13.58540091244297,0.16553900678060424,0.1682065091229862,0.03595606017388797,0.005634459433536243,-0.13826207488086062
2016-03-15,175443,63343,63890,72119,71009,085692,COPPER-GRADE #1 - COMMODITY EXCHANGE INC.,2.2309999465942383,-0.006326841196285973,1110,-1.5347704475308641,-547,1.4051649305555556,0.04584707394779498,0.018320718681474144,0.005634459433536243,0.023980250263639036,-0.13509034853186314
2016-03-22,178177,62514,61596,72166,73203,085692,COPPER-GRADE #1 - COMMODITY EXCHANGE INC.,2.2844998836517334,0.005820055338231085,-1037,-1.2237592836419806,918,0.8350290407710766,0.015415941500595037,0.025163161711385062,0.023980250263639036,-0.033267664292012666,-0.13293723832878307
2016-03-29,186775,67603,72029,76022,72557,085692,COPPER-GRADE #1 - COMMODITY EXCHANGE INC.,2.2084999084472656,-0.018551733369026904,3465,2.5267009771182587,-4426,-2.9992647760373115,0.030300378922997192,0.11116363011344105,-0.033267664292012666,-0.03328047137465562,-0.13183421607584753
2016-04-05,192906,67537,77622,76425,66055,085692,COPPER-GRADE #1 - COMMODITY EXCHANGE INC.,2.134999990463257,-0.05375675199319876,10370,3.696961584794539,-10085,-3.029848748494177,0.04846294216732173,0.0389848373163221,-0.03328047137465562,0.004683836303478017,-0.13161118376786607
2016-04-12,201236,68479,90800,84007,59754,085692,COPPER-GRADE #1 - COMMODITY EXCHANGE INC.,2.1449999809265137,-0.12052018525512334,24253,7.196769411008471,-22321,-6.342985702881196,0.09657000159987758,0.0886494767043992,0.004683836303478017,0.03636366869843011,-0.13220836619889348
2016-04-19,201891,66318,90834,86690,61270,085692,COPPER-GRADE #1 - COMMODITY EXCHANGE INC.,2.2230000495910645,-0.12590952543699324,25420,0.5799161183883599,-24516,-1.0907591087081834,0.028379291700459584,0.013967369171248219,0.03636366869843011,0.011471011497502515,-0.13274858208417972
2016-04-26,172378,65274,73350,74069,63893,085692,COPPER-GRADE #1 - COMMODITY EXCHANGE INC.,2.248500108718872,-0.05903305526227245,10176,-7.5506089919808215,-8076,8.143007860677297,0.11049419405343501,0.13365650969529086,0.011471011497502515,-0.015121261581485412,-0.13135670285427364
2016-05-03,176458,65651,73111,75186,66922,085692,COPPER-GRADE #1 - COMMODITY EXCHANGE INC.,2.2144999504089355,-0.046832674064083236,8264,-1.109190267899616,-7460,0.35735418672916497,0.029174993666788638,0.004439255704011185,-0.015121261581485412,-0.05622038339474045,-0.13183170119286952
2016-05-10,184768,71365,94191,81612,59207,085692,COPPER-GRADE #1 - COMMODITY EXCHANGE INC.,2.0899999141693115,-0.12126017492206442,22405,8.013804984755579,-22826,-8.708021172176949,0.10041968768419034,0.16184251854357437,-0.05622038339474045,0.0009569825560868939,-0.13476978287939972
2016-05-17,203157,79184,109830,88280,58337,085692,COPPER-GRADE #1 - COMMODITY EXCHANGE INC.,2.0920000076293945,-0.14738847295441457,29943,4.079710772428126,-30646,-4.232334603394527,0.05141286481103828,0.12410720898981027,0.0009569825560868939,-0.010755276321661733,-0.13833129947554615
2016-05-24,210264,72160,113213,101182,59397,085692,COPPER-GRADE #1 - COMMODITY EXCHANGE INC.,2.069499969482422,-0.19872636304835825,41785,5.8289894022849325,-41053,-5.1226391411568395,0.08694785744088579,0.05614086193782266,-0.010755276321661733,0.01352989454513942,-0.14219373414183495
2016-05-31,217128,71316,110143,102473,61117,085692,COPPER-GRADE #1 - COMMODITY EXCHANGE INC.,2.0975000858306885,-0.1904682951991452,41356,-0.20402922040862917,-38827,1.058669101700719,0.018405770523870654,0.021569610766068368,0.01352989454513942,-0.022169232740058553,-0.1444699750370068
2016-06-07,227927,72543,111837,101886,65651,085692,COPPER-GRADE #1 - COMMODITY EXCHANGE INC.,2.0510001182556152,-0.15897633891552998,36235,-2.3585166353487343,-39294,-0.21508050550827162,0.030566382351361193,0.015842282243193406,-0.022169232740058553,-0.0031691883701957524,-0.14554596361586514
2016-06-14,239071,71360,116171,108111,62804,085692,COPPER-GRADE #1 - COMMODITY EXCHANGE INC.,2.0445001125335693,-0.1895127388934668,45307,3.9802217376616196,-44811,-2.4205118305422353,0.05307901588508908,0.029419136036175353,-0.0031691883701957524,0.035216328843865385,-0.1469798504588694
2016-06-21,215529,63839,96765,95785,61300,085692,COPPER-GRADE #1 - COMMODITY EXCHANGE INC.,2.116499900817871,-0.16000167030886794,34485,-4.526688724270196,-32926,4.971326509697955,0.08804150619091575,0.16766083036537072,0.035216328843865385,0.025277665005039918,-0.14729532823076008
2016-06-28,167927,53692,73506,83357,60873,085692,COPPER-GRADE #1 - COMMODITY EXCHANGE INC.,2.1700000762939453,-0.13389151238335706,22484,-5.568160201179424,-19814,6.083636076815649,0.08912847535186855,0.26262991556471016,0.025277665005039918,0.005299484488509698,-0.14701188411169902
2016-07-05,164665,50675,70144,83339,61420,085692,COPPER-GRADE #1 - COMMODITY EXCHANGE INC.,2.18149995803833,-0.13311268332675433,21919,-0.3364557218315101,-19469,0.20544641421570087,0.0039030388438715384,0.052797987071569866,0.005299484488509698,0.013522809166552463,-0.14598773729711007
2016-07-12,166225,54430,68660,81522,65891,085692,COPPER-GRADE #1 - COMMODITY EXCHANGE INC.,2.2109999656677246,-0.09403519326214468,15631,-3.818662132207816,-14230,3.1816111499104247,0.042655668088974516,0.04256235275002031,0.013522809166552463,0.022840306133342203,-0.14461834941287657
2016-07-19,178364,66010,63646,79046,79937,085692,COPPER-GRADE #1 - COMMODITY EXCHANGE INC.,2.2614998817443848,0.004995402659729542,-891,-9.939539780418109,2364,9.982854564596181,0.10392306095620286,0.1279848213734806,0.022840306133342203,-0.016139720990682727,-0.14148069573696181
2016-07-26,187184,69284,64466,80625,84320,085692,COPPER-GRADE #1 - COMMODITY EXCHANGE INC.,2.2249999046325684,0.019739935037182667,-3695,-1.572066111995694,4818,1.3758381736224798,0.036145381793931314,0.030609345794392524,-0.016139720990682727,-0.008314540233592349,-0.13738385672844522
2016-08-02,188805,68768,66086,82290,85727,085692,COPPER-GRADE #1 - COMMODITY EXCHANGE INC.,2.2065000534057617,0.018203967055957206,-3437,0.1378322933584067,2682,-1.1411231729207625,0.018283864132796087,0.015839352188292525,-0.008314540233592349,-0.025832838811539638,-0.1329335728506486
2016-08-09,188297,66712,71890,81248,78533,085692,COPPER-GRADE #1 - COMMODITY EXCHANGE INC.,2.149499893188477,-0.014418710866344126,2715,3.258388284208575,-5178,-4.163025343608485,0.0515455529756354,0.05670913839627134,-0.025832838811539638,0.010467568860213605,-0.12920527093713285
2016-08-16,180360,61208,66282,80860,77040,085692,COPPER-GRADE #1 - COMMODITY EXCHANGE INC.,2.171999931335449,-0.021179862497227767,3820,0.5868388768806725,-5074,0.055231894294651536,0.011912602913236226,0.08715977723743039,0.010467568860213605,-0.026243058748008252,-0.12599848035866967
2016-08-23,192196,70207,76873,78581,76444,085692,COPPER-GRADE #1 - COMMODITY EXCHANGE INC.,2.115000009536743,-0.01111885783262919,2137,-0.9331337325349301,-6666,-0.8826790862719006,0.01854539590388647,0.13319282023388632,-0.026243058748008252,-0.0217494106890207,-0.12254490284992421
2016-08-30,187028,69279,91152,83132,62594,085692,COPPER-GRADE #1 - COMMODITY EXCHANGE INC.,2.069000005722046,-0.10981243450178584,20538,9.574080626027596,-21873,-7.9122354263356165,0.12627122133318694,0.09478841371056716,-0.0217494106890207,0.007249929851469439,-0.12125352473233532
2016-09-06,203453,79928,110153,88295,59323,085692,COPPER-GRADE #1 - COMMODITY EXCHANGE INC.,2.0840001106262207,-0.14240143915302306,28972,4.50948521077058,-30225,-4.465641508223368,0.05713395385386606,0.15598613222783972,0.007249929851469439,0.005518177127605162,-0.12159300523554992
2016-09-13,203945,88681,113974,80099,55217,085692,COPPER-GRADE #1 - COMMODITY EXCHANGE INC.,2.095499992370605,-0.12200348133075094,24882,-2.010292303382108,-25293,2.4241471003130943,0.09091312187767892,0.062046334904147446,0.005518177127605162,0.02863275733619286,-0.12263923294509659
2016-09-20,190574,82274,95425,74737,61223,085692,COPPER-GRADE #1 - COMMODITY EXCHANGE INC.,2.1554999351501465,-0.07091208664350857,13514,-5.574051827698645,-13151,5.953565912378337,0.0836128273021477,0.14043973235640042,0.02863275733619286,0.002783596447314185,-0.12158053692165709
2016-09-27,179904,74769,76859,72312,70341,085692,COPPER-GRADE #1 - COMMODITY EXCHANGE INC.,2.1614999771118164,-0.010955843116328709,1971,-6.056964748601593,-2090,5.804044623086045,0.08091662986407576,0.17194053868678608,0.002783596447314185,-0.0013879347733530834,-0.11884582937730098
2016-10-04,181809,77097,76198,70272,71224,085692,COPPER-GRADE #1 - COMMODITY EXCHANGE INC.,2.158499956130981,0.0052362644313537834,-952,-1.6247554251156173,899,1.6614416577730347,0.020657827783117543,0.019498352849081836,-0.0013879347733530834,0.009265685120681377,-0.1166721953048703
2016-10-11,185814,79132,74806,69184,72810,085692,COPPER-GRADE #1 - COMMODITY EXCHANGE INC.,2.178499937057495,0.019514137793707687,-3626,-1.470774274100842,4326,1.8849451897320815,0.018831781624575685,0.022262209460951813,0.009265685120681377,-0.03695198062532978,-0.11504143372916745
2016-10-18,207729,87535,98677,77369,68856,085692,COPPER-GRADE #1 - COMMODITY EXCHANGE INC.,2.0980000495910645,-0.040981278492651485,8513,6.532876962984489,-11142,-8.324453485743808,0.08301590015387246,0.17331858312031448,-0.03695198062532978,0.016444176757030027,-0.11479803634719897
2016-10-25,213569,90935,104689,79101,66345,085692,COPPER-GRADE #1 - COMMODITY EXCHANGE INC.,2.132499933242798,-0.05972776947965295,12756,2.0425650727630713,-13754,-1.2574074876401464,0.0291723388749089,0.04811270600744285,0.016444176757030027,0.043141857214267,-0.11523452964043782
2016-11-01,203042,88669,77371,73188,79722,085692,COPPER-GRADE #1 - COMMODITY EXCHANGE INC.,2.2244999408721924,0.03218053407669349,-6534,-9.032209730812992,11298,11.730166831328518,0.12615263880714145,0.1781739339918092,0.043141857214267,0.06945381512072202,-0.11252569071341395
2016-11-08,233922,118385,78749,69406,107339,085692,COPPER-GRADE #1 - COMMODITY EXCHANGE INC.,2.378999948501587,0.16216089123725003,-37933,-15.46428817683041,39636,13.956718314437408,0.17765141871057172,0.15773027483843477,0.06945381512072202,0.051702458016431585,-0.10591558512720874
2016-11-15,238615,117916,72921,70609,113873,085692,COPPER-GRADE #1 - COMMODITY EXCHANGE INC.,2.502000093460083,0.18131299373467719,-43264,-2.2789647831328392,44995,2.290934585032618,0.041939050964321725,0.03299674591405231,0.051702458016431585,0.0161870200242058,-0.099011129561385
2016-11-22,236293,118089,71777,67936,115984,085692,COPPER-GRADE #1 - COMMODITY EXCHANGE INC.,2.5425000190734863,0.20334076760631928,-48048,-2.0049032961046036,46312,0.5519351256207699,0.02601130926489778,0.006936470984799806,0.0161870200242058,0.020648971147647854,-0.09123844388766937
2016-11-29,230420,121067,67706,66855,119455,085692,COPPER-GRADE #1 - COMMODITY EXCHANGE INC.,2.595000028610229,0.22827879524346845,-52600,-1.9264218576089855,53361,2.9831607368817528,0.0244323976168751,0.0373411451849576,0.020648971147647854,0.029672409200880878,-0.08284926987838524
2016-12-06,236290,123820,67429,66365,123834,085692,COPPER-GRADE #1 - COMMODITY EXCHANGE INC.,2.671999931335449,0.24321384739091795,-57469,-2.113097821369673,56391,1.3149900182275844,0.025599503677727013,0.015843220095268472,0.029672409200880878,-0.029565867595594986,-0.07407869720842655
2016-12-13,236822,127666,66551,64364,125034,085692,COPPER-GRADE #1 - COMMODITY EXCHANGE INC.,2.5929999351501465,0.2561839693947353,-60670,-1.354691269203098,61115,1.9992382242160058,0.016900917644325705,0.024323308464243604,-0.029565867595594986,-0.036058581276095736,-0.06529616047448782
2016-12-20,233042,119225,67199,68111,120663,085692,COPPER-GRADE #1 - COMMODITY EXCHANGE INC.,2.499500036239624,0.22550441551308348,-52552,3.4278909898573615,52026,-3.8379035731477646,0.04300380348988738,0.04875445221645282,-0.036058581276095736,0.003400624381001194,-0.056857477652308655
2016-12-27,227733,112505,66742,70391,118773,085692,COPPER-GRADE #1 - COMMODITY EXCHANGE INC.,2.507999897003174,0.21245054515595016,-48382,1.7893770221676781,45763,-2.6874983908480017,0.022044363620984966,0.04003972172477085,0.003400624381001194,-0.01076553090819421,-0.04868121322752228
2017-01-03,223874,109243,64759,70583,117526,085692,COPPER-GRADE #1 - COMMODITY EXCHANGE INC.,2.4809999465942383,0.2096849120487417,-46943,0.631880315984069,44484,-0.5616226019066187,0.007649820051140562,0.03014333168584269,-0.01076553090819421,0.04937522991393117,-0.040490812964711874
2017-01-10,236637,116854,69151,71308,121407,085692,COPPER-GRADE #1 - COMMODITY EXCHANGE INC.,2.6034998893737797,0.21171245409635855,-50099,-1.4097215397947058,47703,1.4378623690111403,0.023900578574579043,0.0645305233730276,0.04937522991393117,0.00499328288706713,-0.03163239700723507
2017-01-17,251782,118944,72445,75868,125140,085692,COPPER-GRADE #1 - COMMODITY EXCHANGE INC.,2.616499900817871,0.19569309958614992,-49272,0.3494804278282771,46499,-0.5087961730414094,0.04125706439544695,0.028131188312807948,0.00499328288706713,0.032103999163143104,-0.023119234085651377
2017-01-24,270892,128015,77705,82224,133948,085692,COPPER-GRADE #1 - COMMODITY EXCHANGE INC.,2.700500011444092,0.19093956263012565,-51724,-0.9738583377683869,50310,1.5136109809279457,0.07014784523435043,0.06966264825977056,0.032103999163143104,0.007776303780141713,-0.01526517209436612
2017-01-31,291702,134989,77713,89428,147207,085692,COPPER-GRADE #1 - COMMODITY EXCHANGE INC.,2.7214999198913574,0.19807543314752726,-57779,-2.2352081272241335,57276,2.5715045110228427,0.08647495087370845,0.03282526727534297,0.007776303780141713,-0.035090940724487596,-0.007458208513079013
2017-02-07,291924,131026,79467,93332,147984,085692,COPPER-GRADE #1 - COMMODITY EXCHANGE INC.,2.625999927520752,0.18721311026157494,-54652,1.0719844224585364,51559,-1.9598768606317405,0.019397802052081088,0.02716004807760828,-0.035090940724487596,0.03998477607446804,-0.0007362719900459708
2017-02-14,296125,131446,86203,92457,140974,085692,COPPER-GRADE #1 - COMMODITY EXCHANGE INC.,2.7309999465942383,0.16383959476572393,-48517,2.1015743823734945,45243,-2.163576821364465,0.033778718336467735,0.03287862567712234,0.03998477607446804,0.005309462258276998,0.005338480765833463
2017-02-21,283805,128204,85410,93995,141913,085692,COPPER-GRADE #1 - COMMODITY EXCHANGE INC.,2.745500087738037,0.16884128186607,-47918,0.2022794428028704,42794,-0.8270156184043901,0.010499855876019466,0.018889211381276506,0.005309462258276998,-0.015115676644150255,0.011464375743468945
2017-02-28,267935,120913,82915,90031,132757,085692,COPPER-GRADE #1 - COMMODITY EXCHANGE INC.,2.7039999961853027,0.15946404911639017,-42726,1.8294251334543086,37998,-1.6898927080213528,0.05889006589223836,0.04801106815550366,-0.015115676644150255,-0.034948248884308586,0.017687405373722057
2017-03-07,267379,117779,88060,87052,123421,085692,COPPER-GRADE #1 - COMMODITY EXCHANGE INC.,2.609499931335449,0.13602040549182995,-36369,2.3725903670666395,29719,-3.089928527441357,0.058511067927952756,0.04022075505613611,-0.034948248884308586,0.005556674276813611,0.02072700867259153
2017-03-14,260056,110578,88139,92375,118993,085692,COPPER-GRADE #1 - COMMODITY EXCHANGE INC.,2.624000072479248,0.10235487741101916,-26618,3.646883263083488,22439,-2.722726915726366,0.0461328110215359,0.036635013612323054,0.005556674276813611,-0.005335433306674742,0.022817041722732016
2017-03-21,269323,111829,90159,96185,122042,085692,COPPER-GRADE #1 - COMMODITY EXCHANGE INC.,2.609999895095825,0.0960073963233738,-25857,0.2926292798474175,21670,-0.29570554034515645,0.03143057458517965,0.01619403132859378,-0.005335433306674742,0.02260537073953528,0.02455141366475399
2017-03-28,273316,112041,82176,100198,129841,085692,COPPER-GRADE #1 - COMMODITY EXCHANGE INC.,2.6689999103546143,0.10845687775322338,-29643,-1.405747002669657,29865,3.042814761457432,0.05134781493572829,0.0421950704624209,0.02260537073953528,-0.023604333411912926,0.026993886955566496
2017-04-04,277949,111665,84797,97060,126943,085692,COPPER-GRADE #1 - COMMODITY EXCHANGE INC.,2.6059999465942383,0.10751252927695369,-29883,-0.08781044651612054,26868,-1.0965329508700552,0.026946067686593484,0.015254858445908114,-0.023604333411912926,0.0,0.03009521928768481
2017-04-11,284852,114238,88393,97209,127474,085692,COPPER-GRADE #1 - COMMODITY EXCHANGE INC.,2.6059999465942383,0.1062481569376378,-30265,-0.13743528489039356,25845,-0.36805313204940476,0.0030264862050088347,0.030444502568708637,0.0,-0.029547162050348574,0.03445614894523791
2017-04-18,275401,106292,90249,103458,121850,085692,COPPER-GRADE #1 - COMMODITY EXCHANGE INC.,2.5290000438690186,0.06678261879949601,-18392,4.1681294145731815,16043,-3.441085195118869,0.0526967528893781,0.049872545677492226,-0.029547162050348574,0.02095688903826054,0.038161767103631936
2017-04-25,260513,103581,91123,101785,113775,085692,COPPER-GRADE #1 - COMMODITY EXCHANGE INC.,2.5820000171661377,0.0460245745893679,-11990,2.324610295532696,12458,-1.3017381926717768,0.04522174800519577,0.018412564713616568,0.02095688903826054,0.01665375001858327,0.0401821061392404
2017-05-02,248643,104855,86317,92346,111828,085692,COPPER-GRADE #1 - COMMODITY EXCHANGE INC.,2.625,0.07835330172174564,-19482,-2.8758641603298107,18538,2.3338566597444275,0.05576616023587724,0.03180382064319043,0.01665375001858327,-0.0514285677955264,0.04258952875050634
2017-05-09,243123,98601,90520,92701,101001,085692,COPPER-GRADE #1 - COMMODITY EXCHANGE INC.,2.490000009536743,0.03413909831649001,-8300,4.497210860551071,8081,-4.2056281495960075,0.0577278499963862,0.05529264333416173,-0.0514285677955264,0.021887591481160484,0.045577976312786234
2017-05-16,250251,96922,88276,100625,107913,085692,COPPER-GRADE #1 - COMMODITY EXCHANGE INC.,2.5445001125335693,0.029122760748208798,-7288,0.4162502107986492,8646,0.23239265721466087,0.07114290920599603,0.02118273415479649,0.021887591481160484,0.018078208599053625,0.04897242311475976
2017-05-23,256097,97688,84657,105830,116559,085692,COPPER-GRADE #1 - COMMODITY EXCHANGE INC.,2.5905001163482666,0.04189428224461825,-10729,-1.3750194804416365,13031,1.752240750286712,0.062282756791028335,0.024047821437385177,0.018078208599053625,-0.0113877654137996,0.05359974321654777
2017-05-30,249317,96704,87060,106516,116079,085692,COPPER-GRADE #1 - COMMODITY EXCHANGE INC.,2.561000108718872,0.03835679075233538,-9563,0.45529623541080133,9644,-1.3225457541478425,0.0052382128978638335,0.018431248775603492,-0.0113877654137996,-0.006442794019855258,0.05800022563869163
2017-06-06,253643,97394,84668,107435,120761,085692,COPPER-GRADE #1 - COMMODITY EXCHANGE INC.,2.5445001125335693,0.05253841028532228,-13326,-1.5093234717247521,12726,1.236177236209324,0.02454468965275465,0.016928299150838724,-0.006442794019855258,0.019060648642803768,0.06206781696947724
2017-06-13,260631,108011,89213,98675,119272,085692,COPPER-GRADE #1 - COMMODITY EXCHANGE INC.,2.5929999351501465,0.07902743725803914,-20597,-2.866627504011544,18798,2.39391585811554,0.04702519419858957,0.07687705350261631,0.019060648642803768,-0.014654789565486048,0.06723205112623698
2017-06-20,271774,103559,90780,105947,120070,085692,COPPER-GRADE #1 - COMMODITY EXCHANGE INC.,2.555000066757202,0.051965971726508055,-14123,2.4839715920209033,12779,-2.309395275312607,0.03570527880646146,0.030971652627624923,-0.014654789565486048,0.03581214930657528,0.07130835193460959
2017-06-27,253503,106572,92884,95179,110189,085692,COPPER-GRADE #1 - COMMODITY EXCHANGE INC.,2.6465001106262207,0.05921034465075364,-15010,-0.3263741196729636,13688,0.33446908092753536,0.10054633633282692,0.025654781004331783,0.03581214930657528,0.006801393052718208,0.07502184918526557
2017-07-11,264039,112768,100762,96163,111064,085692,COPPER-GRADE #1 - COMMODITY EXCHANGE INC.,2.664499998092652,0.05643484485246498,-14901,0.04299751876703629,12006,-0.6635029960197709,0.008970838742055813,0.06591111319252564,0.006801393052718208,0.022142996922883462,0.07866699395794287
2017-07-18,276841,121936,106606,99519,117099,085692,COPPER-GRADE #1 - COMMODITY EXCHANGE INC.,2.7235000133514404,0.06350215466639696,-17580,-1.0146228398077557,15330,1.2589049344983128,0.0433528146322097,0.06568595706697238,0.022142996922883462,0.04295946481485413,0.08169655834118404
2017-07-25,298264,137242,112985,101929,125270,085692,COPPER-GRADE #1 - COMMODITY EXCHANGE INC.,2.8405001163482666,0.07825617573693104,-23341,-2.080977889835682,24257,3.224594622906289,0.04657150779712939,0.08666131152913155,0.04295946481485413,0.01355389212334046,0.08310541936189947
2017-08-01,321510,153081,121866,102487,135048,085692,COPPER-GRADE #1 - COMMODITY EXCHANGE INC.,2.878999948501587,0.1012752324966564,-32561,-3.091221200010729,31215,2.3328326583161227,0.04351358747132002,0.08990823686019488,0.01355389212334046,0.02205632757040532,0.08467340585150472
2017-08-08,328814,157369,124233,101644,135571,085692,COPPER-GRADE #1 - COMMODITY EXCHANGE INC.,2.942500114440918,0.10317991326403377,-33927,-0.4248701440079624,33136,0.5974930795309633,0.005758489134329616,0.023632644654512397,0.02205632757040532,-0.01971115904240406,0.0863075586631985
2017-08-15,333951,163551,126722,97858,135003,085692,COPPER-GRADE #1 - COMMODITY EXCHANGE INC.,2.884500026702881,0.1112288928615276,-37145,-0.9786687914748157,36829,1.1231273607571453,0.0186978497902182,0.029871879230930883,-0.01971115904240406,0.03536141346798383,0.08872385873488833
2017-08-22,329725,164982,124136,96991,138053,085692,COPPER-GRADE #1 - COMMODITY EXCHANGE INC.,2.986500024795532,0.12453408143149594,-41062,-1.172926567071217,40846,1.2028710798889657,0.016664964857643676,0.013893981004295824,0.03536141346798383,0.031642412210032944,0.09152604996428687
2017-08-29,329513,166629,122977,100159,144985,085692,COPPER-GRADE #1 - COMMODITY EXCHANGE INC.,3.0810000896453857,0.13603712144892613,-44826,-1.1415573584047312,43652,0.8510122071423156,0.041200274124596155,0.009689025779852627,0.031642412210032944,0.008601098954076791,0.09435597264277831
2017-09-05,330702,172088,123223,97890,149529,085692,COPPER-GRADE #1 - COMMODITY EXCHANGE INC.,3.1075000762939453,0.1561496452999982,-51639,-2.067596726077575,48865,1.5820316649115513,0.02753628460223346,0.019318616644825287,0.008601098954076791,-0.029605794165937782,0.09947062802358188
2017-09-12,316294,161636,115022,93018,144830,085692,COPPER-GRADE #1 - COMMODITY EXCHANGE INC.,3.015500068664551,0.16380962016351874,-51812,-0.05231295849435443,46614,-0.6806732345132476,0.040239985200632336,0.06742259396077467,-0.029605794165937782,-0.02188691203394333,0.10535930224120767
2017-09-19,289998,142821,110234,89998,128801,085692,COPPER-GRADE #1 - COMMODITY EXCHANGE INC.,2.94950008392334,0.13380437106462803,-38803,4.112945550658564,32587,-4.434798004388322,0.08706164104954776,0.09327221355041394,-0.02188691203394333,-0.017630121816168298,0.11027868401804188
2017-09-26,275999,136358,106222,85947,122343,085692,COPPER-GRADE #1 - COMMODITY EXCHANGE INC.,2.8975000381469727,0.1318700430074022,-36396,0.8300057241774081,30136,-0.8451782426085698,0.050453694368428635,0.04318163080220958,-0.017630121816168298,0.01760133879744541,0.11417834035748248
2017-10-03,273497,140250,106421,80495,120284,085692,COPPER-GRADE #1 - COMMODITY EXCHANGE INC.,2.948499917984009,0.1454824001725796,-39789,-1.229352280261885,33829,1.3380483262620515,0.037409290812286146,0.016584843779771437,0.01760133879744541,0.03289812608732734,0.1171867681130384
2017-10-10,289779,148019,107281,81658,128254,085692,COPPER-GRADE #1 - COMMODITY EXCHANGE INC.,3.0455000400543213,0.1607984015404843,-46596,-2.488875563534518,40738,2.526170305341558,0.043508708411143716,0.03379945162553858,0.03289812608732734,0.04432769288712568,0.12017834767282938
2017-10-17,306618,155965,104478,86744,141458,085692,COPPER-GRADE #1 - COMMODITY EXCHANGE INC.,3.180500030517578,0.17844353560456333,-54714,-2.8014452393030553,51487,3.7093785263942527,0.08014828967318428,0.041271986576717365,0.04432769288712568,0.0018865090093060921,0.12323468224611506
2017-10-24,308996,155756,102504,87457,144264,085692,COPPER-GRADE #1 - COMMODITY EXCHANGE INC.,3.186500072479248,0.18384380380328547,-56807,-0.6826083269736284,53252,0.5756348290054727,0.01518636636299688,0.00845272206303725,0.0018865090093060921,-0.02965638245736113,0.12755824152103692
2017-10-31,299573,145513,97920,87595,140038,085692,COPPER-GRADE #1 - COMMODITY EXCHANGE INC.,3.0920000076293945,0.17505916754847733,-52443,1.412316017035819,47593,-1.8314152934018564,0.01917120979822785,0.06090792949189305,-0.02965638245736113,-0.003072453647943063,0.13207337492542404
2017-11-07,299392,140327,97752,85071,134710,085692,COPPER-GRADE #1 - COMMODITY EXCHANGE INC.,3.0824999809265137,0.1657993533561351,-49639,0.9359989051082709,42575,-1.6750508223371268,0.03572647317102024,0.022488333704358637,-0.003072453647943063,-0.007299282493494097,0.13464296760387484
2017-11-14,283153,132942,93228,84856,130500,085692,COPPER-GRADE #1 - COMMODITY EXCHANGE INC.,3.059999942779541,0.16119906905453943,-45644,1.3343709918768705,39714,-0.9556033561351004,0.020547372722375973,0.05265508246009639,-0.007299282493494097,0.02140523601491906,0.1346244710234381
2017-11-21,277126,130954,90341,85241,131154,085692,COPPER-GRADE #1 - COMMODITY EXCHANGE INC.,3.125499963760376,0.16567554108961266,-45913,-0.0950016422216964,40613,0.31749619463682177,0.004801404838374269,0.02202941774554328,0.02140523601491906,-0.017597206013411748,0.13432375078026376
2017-11-28,273314,132756,88833,81417,132288,085692,COPPER-GRADE #1 - COMMODITY EXCHANGE INC.,3.070499897003174,0.18612657968490454,-50871,-1.789077892366649,43923,1.1944025461342493,0.02320020589129875,0.01493756459030006,-0.017597206013411748,-0.04885193355494111,0.13399270870485197
2017-12-05,258050,116872,90219,80412,115624,085692,COPPER-GRADE #1 - COMMODITY EXCHANGE INC.,2.9205000400543213,0.13645417554737455,-35212,5.729307682738535,26653,-6.318739618168115,0.09013140443591994,0.08339329087212868,-0.04885193355494111,0.02705016096621371,0.13222685063377324
2017-12-12,235080,106244,78490,79385,110514,085692,COPPER-GRADE #1 - COMMODITY EXCHANGE INC.,2.999500036239624,0.13241875106346776,-31129,1.5822515016469676,27754,0.4266614997093587,0.03231717913206494,0.12102265960786861,0.02705016096621371,0.042673785442358,0.1300961757043992
2017-12-19,249462,118876,76178,83794,126860,085692,COPPER-GRADE #1 - COMMODITY EXCHANGE INC.,3.127500057220459,0.1726355116210084,-43066,-5.07784583971414,42698,6.356984856219159,0.09852649368158212,0.07661468106268007,0.042673785442358,0.04108712466512765,0.128489474593366
2017-12-26,268478,136816,83547,83321,136134,085692,COPPER-GRADE #1 - COMMODITY EXCHANGE INC.,3.25600004196167,0.19671257980169699,-52813,-3.9072083122880437,53269,4.237519141191845,0.044414572463603016,0.11485140427385723,0.04108712466512765,,0.12793578544507006
