,Open_Interest_All,NonComm_Positions_Long_All,NonComm_Positions_Short_All,Comm_Positions_Long_All,Comm_Positions_Short_All,CFTC_Contract_Market_Code,Market_and_Exchange_Names,HO_Close,HP,NetLong_Comm,Q_Comm,NetLong_NonComm,Q_NonComm,PT_Comm,PT_NonComm,Ret,Ret_Lead,HP_Smooth_52w
2003-01-07,171034,20871,6042,102043,127137,022651,"NO. 2 HEATING OIL, N.Y. HARBOR - NEW YORK MERCANTILE EXCHANGE ",0.848800003528595,0.14671936574014524,-25094,,14829,,,,,0.05042413886983321,
2003-01-14,174986,18982,9838,108667,128838,022651,"NO. 2 HEATING OIL, N.Y. HARBOR - NEW YORK MERCANTILE EXCHANGE ",0.8916000127792358,0.11527207890916988,-20171,2.8783750599296045,9144,-3.323900511009507,0.03505189364434433,0.1972588480222068,0.05042413886983321,0.0034768707107353247,
2003-01-21,183869,20483,11877,116355,135983,022651,"NO. 2 HEATING OIL, N.Y. HARBOR - NEW YORK MERCANTILE EXCHANGE ",0.8946999907493591,0.10674991434118856,-19628,0.3103105391288446,8606,-0.307453167681986,0.058782268227536086,0.10939431396786156,0.0034768707107353247,0.03990166932312711,
2003-01-28,185724,20105,11578,116280,137071,022651,"NO. 2 HEATING OIL, N.Y. HARBOR - NEW YORK MERCANTILE EXCHANGE ",0.930400013923645,0.11194568284120524,-20791,-0.6325155409557892,8527,-0.042965372085560914,0.0045904693488480405,0.021367926017106968,0.03990166932312711,0.03385638586498674,
2003-02-04,174049,24667,10181,99216,125619,022651,"NO. 2 HEATING OIL, N.Y. HARBOR - NEW YORK MERCANTILE EXCHANGE ",0.961899995803833,0.1516986595728789,-26403,-3.021688096314962,14486,3.2085244771811934,0.12683078702159362,0.17099977043158862,0.03385638586498674,0.09990640726077404,
2003-02-11,171307,17610,12985,101495,119796,022651,"NO. 2 HEATING OIL, N.Y. HARBOR - NEW YORK MERCANTILE EXCHANGE ",1.0579999685287476,0.10683159473926926,-18301,4.655010945193594,4625,-5.665645881332269,0.036612424364298596,0.32230756659584897,0.09990640726077404,0.06105859429708582,
2003-02-25,178525,16057,13803,113349,125761,022651,"NO. 2 HEATING OIL, N.Y. HARBOR - NEW YORK MERCANTILE EXCHANGE ",1.122599959373474,0.0695252765719087,-12412,3.4376878936645907,2254,-1.3840648660008055,0.0745221864413868,0.07940388479571332,0.06105859429708582,-0.06591840694077145,
2003-03-04,153282,16184,8536,91991,113594,022651,"NO. 2 HEATING OIL, N.Y. HARBOR - NEW YORK MERCANTILE EXCHANGE ",1.0485999584197998,0.14093631346146318,-21603,-5.148298557624983,7648,3.021425570648369,0.16307123574190724,0.21820388349514563,-0.06591840694077145,-0.017547162475469835,
2003-03-11,148293,12852,8037,91507,112089,022651,"NO. 2 HEATING OIL, N.Y. HARBOR - NEW YORK MERCANTILE EXCHANGE ",1.0302000045776367,0.13879279534435207,-20582,0.6660925614227372,4815,-1.8482274500593678,0.009769347138450657,0.1833979606491455,-0.017547162475469835,-0.1673461434140281,
2003-03-18,132763,12670,4959,83720,102038,022651,"NO. 2 HEATING OIL, N.Y. HARBOR - NEW YORK MERCANTILE EXCHANGE ",0.8578000068664551,0.13797518887039312,-18318,1.5267072619746045,7711,1.9528905612537344,0.09602816567792505,0.18492257076408192,-0.1673461434140281,-0.14327349985018933,
2003-03-25,119806,6390,5596,76715,86535,022651,"NO. 2 HEATING OIL, N.Y. HARBOR - NEW YORK MERCANTILE EXCHANGE ",0.7348999977111816,0.08196584478239821,-9820,6.4008797631870324,794,-5.21003592868495,0.13787442572741193,0.5770899382613048,-0.14327349985018933,0.008164352123706475,
2003-04-01,104386,5163,8434,68177,72498,022651,"NO. 2 HEATING OIL, N.Y. HARBOR - NEW YORK MERCANTILE EXCHANGE ",0.7408999800682068,0.04139443986741517,-4321,4.5899203712668815,-3271,-3.392985326277482,0.1604762751021859,0.2989630065455615,0.008164352123706475,-0.030908335712611756,
2003-04-08,106202,5084,8237,69163,73799,022651,"NO. 2 HEATING OIL, N.Y. HARBOR - NEW YORK MERCANTILE EXCHANGE ",0.7179999947547913,0.04365266190843864,-4636,-0.30176460444887243,-3153,0.11304197880941888,0.015997258012618736,0.020719165227835748,-0.030908335712611756,0.07604456933194892,
2003-04-15,114253,4634,8965,75199,80942,022651,"NO. 2 HEATING OIL, N.Y. HARBOR - NEW YORK MERCANTILE EXCHANGE ",0.772599995136261,0.0502656385390318,-5743,-1.0423532513511988,-4331,-1.1092069829193423,0.08440448056564259,0.0866240164717994,0.07604456933194892,0.007765962198805099,
2003-04-22,114667,6633,9750,74139,80496,022651,"NO. 2 HEATING OIL, N.Y. HARBOR - NEW YORK MERCANTILE EXCHANGE ",0.7785999774932861,0.05543879232909207,-6357,-0.5374038318468661,-3117,1.0625541561271914,0.009739062954699777,0.16993224684123787,0.007765962198805099,-0.061905924790664146,
2003-04-29,114776,6365,8573,72993,76321,022651,"NO. 2 HEATING OIL, N.Y. HARBOR - NEW YORK MERCANTILE EXCHANGE ",0.730400025844574,0.028995608838084618,-3328,2.641562088482301,-2208,0.7927302536911229,0.03563631005799858,0.09673316374347302,-0.061905924790664146,-0.07201536729116897,
2003-05-06,114869,6442,9116,75161,77523,022651,"NO. 2 HEATING OIL, N.Y. HARBOR - NEW YORK MERCANTILE EXCHANGE ",0.6777999997138977,0.020562553865707895,-2362,0.8416393671150763,-2674,-0.4060082247159685,0.02207172984726625,0.0398508805759095,-0.07201536729116897,0.09442314918476269,
2003-05-13,119830,8127,7974,74461,82538,022651,"NO. 2 HEATING OIL, N.Y. HARBOR - NEW YORK MERCANTILE EXCHANGE ",0.7418000102043152,0.06740382208128182,-8077,-4.975232656330254,153,2.4610643428601278,0.03640150574207479,0.17557915657412584,0.09442314918476269,-0.011728246213301263,
2003-05-20,121928,8228,6023,76437,86400,022651,"NO. 2 HEATING OIL, N.Y. HARBOR - NEW YORK MERCANTILE EXCHANGE ",0.7330999970436096,0.08171215799488223,-9963,-1.5738963531669865,2205,1.7124259367437202,0.03585180272296837,0.14398989544593363,-0.011728246213301263,0.0175965010260275,
2003-05-27,123517,10412,6027,74392,87887,022651,"NO. 2 HEATING OIL, N.Y. HARBOR - NEW YORK MERCANTILE EXCHANGE ",0.7459999918937683,0.10925621574358185,-13495,-2.896791549110951,4385,1.7879404238567023,0.021764984994977785,0.13309812032362064,0.0175965010260275,0.025737301873479446,
2003-06-03,121383,17178,6041,65583,86379,022651,"NO. 2 HEATING OIL, N.Y. HARBOR - NEW YORK MERCANTILE EXCHANGE ",0.7652000188827515,0.17132547391315092,-20796,-5.91092724078467,11137,5.466454010379138,0.06789197299324831,0.29200223954520005,0.025737301873479446,0.02901200707964824,
2003-06-10,126549,22201,4560,64570,93761,022651,"NO. 2 HEATING OIL, N.Y. HARBOR - NEW YORK MERCANTILE EXCHANGE ",0.7874000072479248,0.23066954302286072,-29191,-6.916124992791413,17641,5.358246212402066,0.05302183400597482,0.24304024513284256,0.02901200707964824,-0.045085077037904986,
2003-06-17,122458,18463,5250,66476,88362,022651,"NO. 2 HEATING OIL, N.Y. HARBOR - NEW YORK MERCANTILE EXCHANGE ",0.7519000172615051,0.17872250077577617,-21886,5.772467581727236,13213,-3.499039897589076,0.04717834123406399,0.18673301564542655,-0.045085077037904986,-0.009575744786535889,
2003-06-24,126515,18654,5693,68609,91864,022651,"NO. 2 HEATING OIL, N.Y. HARBOR - NEW YORK MERCANTILE EXCHANGE ",0.744700014591217,0.18381219618227088,-23255,-1.1179343121723366,12961,-0.2057848405167486,0.03511494145432565,0.02604016922002711,-0.009575744786535889,0.061098401447799766,
2003-07-01,120559,22429,6346,62763,91800,022651,"NO. 2 HEATING OIL, N.Y. HARBOR - NEW YORK MERCANTILE EXCHANGE ",0.7901999950408936,0.2408530263190637,-29037,-4.570209066118642,16083,2.467691578073746,0.03823683546515013,0.15388357949609036,0.061098401447799766,-0.014047069415651259,
2003-07-08,117928,21753,5518,60861,90527,022651,"NO. 2 HEATING OIL, N.Y. HARBOR - NEW YORK MERCANTILE EXCHANGE ",0.7791000008583069,0.2515602740655315,-29666,-0.5217362453238663,16235,0.12607934704169743,0.020972600206092953,0.055150159510102305,-0.014047069415651259,0.04389682023641561,0.11784760079309778
2003-07-15,129471,28908,7845,62094,99867,022651,"NO. 2 HEATING OIL, N.Y. HARBOR - NEW YORK MERCANTILE EXCHANGE ",0.8133000135421753,0.29174873137613827,-37773,-6.874533613730412,21063,4.094023471948986,0.06528114793067467,0.2579925448262727,0.04389682023641561,-0.06996191253734907,0.12428838340728446
2003-07-22,134541,23427,5897,73842,102810,022651,"NO. 2 HEATING OIL, N.Y. HARBOR - NEW YORK MERCANTILE EXCHANGE ",0.7563999891281128,0.21530983120387093,-28968,6.80075074727159,17530,-2.7287964100068742,0.08316350791386455,0.2533419724457782,-0.06996191253734907,0.028424103286561087,0.1275391494000197
2003-07-29,130487,20700,5406,72067,99382,022651,"NO. 2 HEATING OIL, N.Y. HARBOR - NEW YORK MERCANTILE EXCHANGE ",0.777899980545044,0.20933119774383654,-27315,1.228621758423083,15294,-1.6619469158100506,0.030347216956646,0.12326668198881484,0.028424103286561087,0.0879290745319361,0.13035956486015132
2003-08-05,148329,39074,8344,66949,115834,022651,"NO. 2 HEATING OIL, N.Y. HARBOR - NEW YORK MERCANTILE EXCHANGE ",0.8463000059127808,0.3295714256820986,-48885,-16.53038233693778,30730,11.829530911125246,0.11800878637510052,0.44944957611033787,0.0879290745319361,-0.014415689255204645,0.13699996022088287
2003-08-12,151927,37730,6517,72563,119567,022651,"NO. 2 HEATING OIL, N.Y. HARBOR - NEW YORK MERCANTILE EXCHANGE ",0.8341000080108643,0.3093854285281747,-47004,1.268126934045264,31213,0.32562749024128795,0.04864935200124915,0.07166587565258661,-0.014415689255204645,-0.05071332631502523,0.1425607817791826
2003-08-19,145162,24492,3932,76810,111668,022651,"NO. 2 HEATING OIL, N.Y. HARBOR - NEW YORK MERCANTILE EXCHANGE ",0.7918000221252441,0.240131714911616,-34858,7.994628999453685,20560,-7.011920198516393,0.06444253440719871,0.5566774556712637,-0.05071332631502523,0.04622378464642196,0.14560987343957116
2003-08-26,146659,28388,3096,75931,113609,022651,"NO. 2 HEATING OIL, N.Y. HARBOR - NEW YORK MERCANTILE EXCHANGE ",0.8284000158309937,0.2569088838734752,-37678,-1.942657169231617,25292,3.2598062853914938,0.014878125989237101,0.1502985643501461,0.04622378464642196,-0.06941091703226432,0.14898257072544707
2003-09-02,140533,23129,5780,77809,103537,022651,"NO. 2 HEATING OIL, N.Y. HARBOR - NEW YORK MERCANTILE EXCHANGE ",0.7709000110626221,0.18307443803234827,-25728,8.148153198917216,17349,-5.415964925439284,0.06589613225546745,0.27475872565637,-0.06941091703226432,-0.004150985235614968,0.1499852727050618
2003-09-09,141190,13856,6655,86494,98818,022651,"NO. 2 HEATING OIL, N.Y. HARBOR - NEW YORK MERCANTILE EXCHANGE ",0.7677000164985657,0.08728663503080955,-12324,9.537973287412921,7201,-7.221079746394085,0.07233206700051804,0.4947589098532495,-0.004150985235614968,-0.042855327177628855,0.14819388305722603
2003-09-16,152195,14412,11144,90215,97658,022651,"NO. 2 HEATING OIL, N.Y. HARBOR - NEW YORK MERCANTILE EXCHANGE ",0.7347999811172485,0.04890436610926772,-7443,3.457043699978752,3268,-2.785608045895602,0.025980316490395106,0.19740961026764753,-0.042855327177628855,-0.0360642179226337,0.14543584091978273
2003-09-23,159272,12912,16279,103849,100057,022651,"NO. 2 HEATING OIL, N.Y. HARBOR - NEW YORK MERCANTILE EXCHANGE ",0.708299994468689,-0.023808327891908183,3792,7.3819770688918815,-3367,-4.359538749630408,0.07862936843447471,0.2272960844095783,-0.0360642179226337,0.09812230640944741,0.14086167419514242
2003-09-30,158069,13095,20216,106999,102615,022651,"NO. 2 HEATING OIL, N.Y. HARBOR - NEW YORK MERCANTILE EXCHANGE ",0.7778000235557556,-0.02773472344355946,4384,0.3716911949369632,-7121,-2.3569742327590535,0.02723100556260555,0.12368286752123923,0.09812230640944741,0.05309847969844239,0.1364249268888608
2003-10-07,152929,11338,11252,97654,104596,022651,"NO. 2 HEATING OIL, N.Y. HARBOR - NEW YORK MERCANTILE EXCHANGE ",0.819100022315979,0.04539361403004009,-6942,-7.165225312996223,86,4.559401274127121,0.056,0.47459052678176183,0.05309847969844239,0.06555972260082044,0.13409079066171153
2003-10-14,168689,35162,14992,82919,120475,022651,"NO. 2 HEATING OIL, N.Y. HARBOR - NEW YORK MERCANTILE EXCHANGE ",0.8727999925613403,0.2226345523418836,-37556,-20.018439929640554,20170,13.132891734072674,0.15051574776050425,0.5495872712046895,0.06555972260082044,-0.05373507647327891,0.13630438470371584
2003-10-21,165271,29915,13119,84446,115639,022651,"NO. 2 HEATING OIL, N.Y. HARBOR - NEW YORK MERCANTILE EXCHANGE ",0.8259000182151794,0.18873849616690164,-31193,3.772030185726396,16796,-2.0001304175138865,0.03180148436914312,0.16545057396477203,-0.05373507647327891,-0.031722963910359114,0.13758326547111063
2003-10-28,144159,19050,9925,81091,99859,022651,"NO. 2 HEATING OIL, N.Y. HARBOR - NEW YORK MERCANTILE EXCHANGE ",0.7997000217437744,0.13018958233617048,-18768,7.517955358169309,9125,-4.641467650101954,0.10574744404531639,0.4852113891285591,-0.031722963910359114,-0.026384948951831855,0.13740722539646918
2003-11-04,134321,7913,9672,88640,87953,022651,"NO. 2 HEATING OIL, N.Y. HARBOR - NEW YORK MERCANTILE EXCHANGE ",0.7785999774932861,-0.0051146135004950825,687,13.49551536844734,-1759,-7.549996878446715,0.11016857972852831,0.6477111174296275,-0.026384948951831855,0.08412538257670299,0.13409276402677237
2003-11-11,144013,15047,13120,89634,99054,022651,"NO. 2 HEATING OIL, N.Y. HARBOR - NEW YORK MERCANTILE EXCHANGE ",0.8440999984741211,0.06541076152847312,-9420,-7.5245121760558655,1927,2.744172541895906,0.06410052573560587,0.37568786168211027,0.08412538257670299,0.06527665424250051,0.13253180942453827
2003-11-18,153280,21915,16980,84811,101318,022651,"NO. 2 HEATING OIL, N.Y. HARBOR - NEW YORK MERCANTILE EXCHANGE ",0.8992000222206116,0.10769180584551148,-16507,-4.921083513293939,4935,2.088700325665044,0.038075743167373166,0.2758195140763594,0.06527665424250051,-0.08941286443463448,0.13197980934500433
2003-11-25,142768,19846,15937,82189,95599,022651,"NO. 2 HEATING OIL, N.Y. HARBOR - NEW YORK MERCANTILE EXCHANGE ",0.8187999725341797,0.09392861145354701,-13410,2.0204853862212944,3909,-0.6693632567849687,0.04691542736292663,0.08696867227454377,-0.08941286443463448,0.05349298662666224,0.13115260939084222
2003-12-02,140458,19124,16762,79092,95291,022651,"NO. 2 HEATING OIL, N.Y. HARBOR - NEW YORK MERCANTILE EXCHANGE ",0.8626000285148621,0.11532984949237494,-16199,-1.9535189958534125,2362,-1.0835761515185476,0.019525985904589323,0.043108733210722845,0.05349298662666224,0.02782284748363173,0.1308159549249174
2003-12-09,147641,25472,16722,80599,101464,022651,"NO. 2 HEATING OIL, N.Y. HARBOR - NEW YORK MERCANTILE EXCHANGE ",0.8866000175476074,0.1413225323588976,-20865,-3.3219894915205965,8750,4.547978755215082,0.04218320032076808,0.15139593307105276,0.02782284748363173,0.03586732622147171,0.13103484195479198
2003-12-16,147446,29180,18867,78671,101406,022651,"NO. 2 HEATING OIL, N.Y. HARBOR - NEW YORK MERCANTILE EXCHANGE ",0.91839998960495,0.1541920431886928,-22735,-1.2665858399767003,10313,1.0586490202586003,0.011028615536687084,0.12181821965991634,0.03586732622147171,0.011977392549873844,0.13150743789834096
2003-12-30,139709,29520,19467,78001,99150,022651,"NO. 2 HEATING OIL, N.Y. HARBOR - NEW YORK MERCANTILE EXCHANGE ",0.9294000267982484,0.15137893764897037,-21149,1.0756480338564627,10053,-0.17633574325515783,0.01651698268708616,0.0191887643660563,0.011977392549873844,0.05164619828003336,0.13190486789335357
2004-01-06,140772,31710,19273,72703,99119,022651,"NO. 2 HEATING OIL, N.Y. HARBOR - NEW YORK MERCANTILE EXCHANGE ",0.977400004863739,0.1876509533145796,-26416,-3.7699790278364316,12437,1.7064040255101676,0.031014654700795008,0.046760684934193754,0.05164619828003336,0.012072837192663943,0.132997928391809
2004-01-13,153447,31308,20443,85551,104763,022651,"NO. 2 HEATING OIL, N.Y. HARBOR - NEW YORK MERCANTILE EXCHANGE ",0.989199995994568,0.12520283876517624,-19212,5.117494956383372,10865,-1.1166993436194699,0.09716573662473596,0.030376224614017122,0.012072837192663943,0.030024303414396325,0.13284802282206604
2004-01-20,162395,29814,23500,90737,108965,022651,"NO. 2 HEATING OIL, N.Y. HARBOR - NEW YORK MERCANTILE EXCHANGE ",1.0189000368118286,0.11224483512423412,-18228,0.6412637588222644,6314,-2.965844884552973,0.047010044967000834,0.08536219379525078,0.030024303414396325,-0.026008484930596043,0.1321850510794524
2004-01-27,159584,29593,23261,88681,106168,022651,"NO. 2 HEATING OIL, N.Y. HARBOR - NEW YORK MERCANTILE EXCHANGE ",0.9923999905586244,0.10957865450170443,-17487,0.45629483666369036,6332,0.011084085101142277,0.024906466032671454,0.008703220191470844,-0.026008484930596043,-0.07879885468268555,0.13207556214853958
2004-02-03,141064,26634,23293,82407,95869,022651,"NO. 2 HEATING OIL, N.Y. HARBOR - NEW YORK MERCANTILE EXCHANGE ",0.9142000079154968,0.0954318607157035,-13462,2.522182674954883,3341,-1.8742480449167838,0.09296259732100788,0.05990746489875218,-0.07879885468268555,-0.017720417707156266,0.1318579072711264
2004-02-10,143070,19595,22241,91684,93802,022651,"NO. 2 HEATING OIL, N.Y. HARBOR - NEW YORK MERCANTILE EXCHANGE ",0.8980000019073486,0.014803942126231914,-2118,8.041739919469178,-2646,-4.244172857709976,0.061158254531339294,0.19339803040443637,-0.017720417707156266,0.047104661242511225,0.12998979687276152
2004-02-17,148855,22342,23657,90238,96786,022651,"NO. 2 HEATING OIL, N.Y. HARBOR - NEW YORK MERCANTILE EXCHANGE ",0.9402999877929688,0.043989116925867454,-6548,-3.096386384287412,-1315,0.9303138323897392,0.02368679955513731,0.09050196743407465,0.047104661242511225,-0.05381260547924083,0.12791845951416517
2004-02-24,142181,20233,22667,87775,92607,022651,"NO. 2 HEATING OIL, N.Y. HARBOR - NEW YORK MERCANTILE EXCHANGE ",0.8896999955177307,0.033984850296453116,-4832,1.1527997044103322,-2434,-0.7517382687850593,0.03682185583927443,0.07223776223776224,-0.05381260547924083,0.050354033637332485,0.12651756058257255
2004-03-02,156055,37281,24221,81771,104766,022651,"NO. 2 HEATING OIL, N.Y. HARBOR - NEW YORK MERCANTILE EXCHANGE ",0.934499979019165,0.1473518951651661,-22995,-12.774562001955253,13060,10.897377286697942,0.09736942268826024,0.3024617085623232,0.050354033637332485,-0.04505077971423954,0.12801422632475054
2004-03-09,156305,31666,22465,85060,104722,022651,"NO. 2 HEATING OIL, N.Y. HARBOR - NEW YORK MERCANTILE EXCHANGE ",0.8924000263214111,0.12579252103259653,-19662,2.1357854602543975,9201,-2.4728461119477108,0.017562255640682468,0.13616966248545195,-0.04505077971423954,0.025100808256057983,0.12772299954727237
2004-03-16,162877,31483,23270,93587,111378,022651,"NO. 2 HEATING OIL, N.Y. HARBOR - NEW YORK MERCANTILE EXCHANGE ",0.914799988269806,0.10922966410235944,-17791,1.1970186494353987,8213,-0.6320975016794088,0.07407606176664308,0.018044673351231895,0.025100808256057983,0.02011370100868537,0.12715447779261865
2004-03-23,170075,36190,24216,92092,113815,022651,"NO. 2 HEATING OIL, N.Y. HARBOR - NEW YORK MERCANTILE EXCHANGE ",0.9332000017166138,0.1277260032338674,-21723,-2.4140916151451712,11974,2.3091044162159178,0.019095999650327575,0.09358341886567559,0.02011370100868537,-0.02796825956864679,0.1269573780688393
2004-03-30,161100,31118,22474,89832,106785,022651,"NO. 2 HEATING OIL, N.Y. HARBOR - NEW YORK MERCANTILE EXCHANGE ",0.9071000218391418,0.10523277467411546,-16953,2.804645009554608,8644,-1.9579597236513302,0.04724922056587172,0.12714584266308404,-0.02796825956864679,-0.03439538149764376,0.12740481902829542
2004-04-06,151909,23868,24558,89326,95180,022651,"NO. 2 HEATING OIL, N.Y. HARBOR - NEW YORK MERCANTILE EXCHANGE ",0.8758999705314636,0.03853622892652838,-5854,6.889509621353198,-690,-5.793916821849783,0.06564014178400703,0.1927476975178623,-0.03439538149764376,0.06302094097220978,0.12734985343327837
2004-04-20,187204,35825,24780,107339,127428,022651,"NO. 2 HEATING OIL, N.Y. HARBOR - NEW YORK MERCANTILE EXCHANGE ",0.9311000108718872,0.10731074122347813,-20089,-9.370741694040511,11045,7.725019584093109,0.21408886257438225,0.2009570167477931,0.06302094097220978,0.011813959252726436,0.12857404726625987
2004-04-27,182552,39275,24112,103373,126090,022651,"NO. 2 HEATING OIL, N.Y. HARBOR - NEW YORK MERCANTILE EXCHANGE ",0.9420999884605408,0.12444125509443885,-22717,-1.4038161577744064,15163,2.1997393218093633,0.02311483768625007,0.06496600249262467,0.011813959252726436,0.04882709306669719,0.13000050143078695
2004-05-04,178979,41990,24537,96207,122961,022651,"NO. 2 HEATING OIL, N.Y. HARBOR - NEW YORK MERCANTILE EXCHANGE ",0.988099992275238,0.14948122405421865,-26754,-2.2114246899513565,17453,1.2544370918971033,0.04697309826252007,0.04719888165707156,0.04882709306669719,0.028033607102899705,0.13180900973319323
2004-05-11,182175,42896,24802,93565,122188,022651,"NO. 2 HEATING OIL, N.Y. HARBOR - NEW YORK MERCANTILE EXCHANGE ",1.0157999992370603,0.15711815561959655,-28623,-1.04425658876181,18094,0.35814257538593913,0.01582828512233897,0.017297409081509056,0.028033607102899705,-0.002264248901673649,0.13427290486360693
2004-05-18,176502,40744,26836,90385,115922,022651,"NO. 2 HEATING OIL, N.Y. HARBOR - NEW YORK MERCANTILE EXCHANGE ",1.0134999752044678,0.1446839129301651,-25537,1.6939755729381092,13908,-2.297790585975024,0.045786134256229793,0.06194140278188813,-0.002264248901673649,0.013616206535656872,0.13665985407638495
2004-05-25,175109,40943,23102,88043,116333,022651,"NO. 2 HEATING OIL, N.Y. HARBOR - NEW YORK MERCANTILE EXCHANGE ",1.0273000001907349,0.16155651622703573,-28290,-1.5597556968192994,17841,2.2283033620015638,0.013470270481856969,0.0614099461316262,0.013616206535656872,0.03582208399375375,0.13847048280995713
2004-06-01,165610,40225,23134,82576,112936,022651,"NO. 2 HEATING OIL, N.Y. HARBOR - NEW YORK MERCANTILE EXCHANGE ",1.0641000270843506,0.18332226314836061,-30360,-1.1821208504417249,17091,-0.4283046559571467,0.04533737059617824,0.011837308038321313,0.03582208399375375,-0.09679545362376751,0.14042452329367788
2004-06-08,151124,30697,20383,78673,101175,022651,"NO. 2 HEATING OIL, N.Y. HARBOR - NEW YORK MERCANTILE EXCHANGE ",0.9610999822616576,0.1488975940287446,-22502,4.744882555401244,10314,-4.092144194191172,0.08709576976113162,0.2403876272513704,-0.09679545362376751,0.017063822181561106,0.14118685749146948
2004-06-15,163219,27924,16307,90633,114300,022651,"NO. 2 HEATING OIL, N.Y. HARBOR - NEW YORK MERCANTILE EXCHANGE ",0.977500021457672,0.1450015010507355,-23667,-0.7708901299595035,11617,0.8622058706757365,0.12240585947602386,0.15484614862878976,0.017063822181561106,0.040409143346210374,0.1406806272441153
2004-06-22,174596,30481,15610,98470,126109,022651,"NO. 2 HEATING OIL, N.Y. HARBOR - NEW YORK MERCANTILE EXCHANGE ",1.0169999599456787,0.15830259570665994,-27639,-2.4335402128428676,14871,1.9936404462715738,0.08747923893151185,0.07059946627324207,0.040409143346210374,-0.05270398796701159,0.13928895518034223
2004-06-29,179218,23716,15962,109461,128189,022651,"NO. 2 HEATING OIL, N.Y. HARBOR - NEW YORK MERCANTILE EXCHANGE ",0.9634000062942504,0.1044984320771351,-18728,5.103782446333249,7754,-4.076267497537171,0.055001051967178624,0.17936891980442562,-0.05270398796701159,0.1346273039261483,0.1378615692438299
2004-07-06,187760,34791,18071,104597,135452,022651,"NO. 2 HEATING OIL, N.Y. HARBOR - NEW YORK MERCANTILE EXCHANGE ",1.0930999517440796,0.16433212611844908,-30855,-6.766619424388175,16720,5.002845696302827,0.05051885240096814,0.24940410881162273,0.1346273039261483,-0.028725612178607363,0.13748695251183335
2004-07-13,188597,31399,17899,107386,135573,022651,"NO. 2 HEATING OIL, N.Y. HARBOR - NEW YORK MERCANTILE EXCHANGE ",1.0616999864578247,0.14945624797849383,-28187,1.4209629314017895,13500,-1.7149552620366426,0.011977329508270943,0.07229502211043044,-0.028725612178607363,0.014505088317837478,0.13572932215913006
2004-07-20,193044,31347,18481,112903,137780,022651,"NO. 2 HEATING OIL, N.Y. HARBOR - NEW YORK MERCANTILE EXCHANGE ",1.0771000385284424,0.12886699405316923,-24877,1.7550650328478183,12866,-0.3361665349926033,0.03081182210201729,0.012723769768001927,0.014505088317837478,0.04205738115871305,0.13336983600504618
2004-07-27,202689,33404,18451,117715,146231,022651,"NO. 2 HEATING OIL, N.Y. HARBOR - NEW YORK MERCANTILE EXCHANGE ",1.1224000453948977,0.14068844387213908,-28516,-1.8850624728041276,14953,1.0811006817098692,0.05024891455070355,0.04024684215601196,0.04205738115871305,0.052654944986784136,0.1304648304761231
2004-08-03,206642,36159,25279,117232,141978,022651,"NO. 2 HEATING OIL, N.Y. HARBOR - NEW YORK MERCANTILE EXCHANGE ",1.18149995803833,0.11975300277775089,-24746,1.859992402153052,10880,-2.009482507684186,0.018270900042436634,0.15597838471304404,0.052654944986784136,-0.009902594454321068,0.12862719916023618
2004-08-10,208028,36646,26080,116900,141335,022651,"NO. 2 HEATING OIL, N.Y. HARBOR - NEW YORK MERCANTILE EXCHANGE ",1.169800043106079,0.1174601495952468,-24435,0.15050183408987525,10566,-0.1519536202708065,0.0037756307239529886,0.020533749960144117,-0.009902594454321068,0.044537477552722526,0.12686044823430176
2004-08-17,208698,37617,25469,111950,138764,022651,"NO. 2 HEATING OIL, N.Y. HARBOR - NEW YORK MERCANTILE EXCHANGE ",1.2218999862670898,0.12848230457407353,-26814,-1.1435960543772954,12148,0.7604745515026824,0.02999832478441571,0.02507687918080081,0.044537477552722526,-0.02332429922224699,0.12299334975145514
2004-08-24,209874,35124,23285,117646,140582,022651,"NO. 2 HEATING OIL, N.Y. HARBOR - NEW YORK MERCANTILE EXCHANGE ",1.1934000253677368,0.10928461839008166,-22936,1.8581874287247602,11839,-0.14806083431561395,0.029098316216676735,0.08007327637864028,-0.02332429922224699,-0.06938162305032536,0.1191452572487995
2004-08-31,194578,22776,19788,117440,129422,022651,"NO. 2 HEATING OIL, N.Y. HARBOR - NEW YORK MERCANTILE EXCHANGE ",1.1105999946594238,0.06157941802259248,-11982,5.219322069432136,2988,-4.217292280129983,0.046041918156702936,0.37226294521191616,-0.06938162305032536,0.04772192828379418,0.1157115592317029
2004-09-07,198869,24997,18366,118882,135802,022651,"NO. 2 HEATING OIL, N.Y. HARBOR - NEW YORK MERCANTILE EXCHANGE ",1.163599967956543,0.08508113381170519,-16920,-2.5377997512565655,6631,1.87225688412873,0.03071256930156586,0.08401171505661509,0.04772192828379418,0.05500172933384584,0.11240717942282269
2004-09-14,194502,24099,18814,115701,131741,022651,"NO. 2 HEATING OIL, N.Y. HARBOR - NEW YORK MERCANTILE EXCHANGE ",1.2275999784469604,0.0824670183340017,-16040,0.44250235079373856,5285,-0.6768274592822411,0.029267464698798103,0.03136578659147578,0.05500172933384584,0.06133918180048181,0.11047242135170064
2004-09-21,200671,28283,20866,115605,134072,022651,"NO. 2 HEATING OIL, N.Y. HARBOR - NEW YORK MERCANTILE EXCHANGE ",1.302899956703186,0.09202625192479232,-18467,-1.2478020791559983,7417,1.0961326875816186,0.009720558962179136,0.12687948890109665,0.06133918180048181,0.05748716983559299,0.11056356783043109
2004-09-28,199137,35311,24255,112325,132597,022651,"NO. 2 HEATING OIL, N.Y. HARBOR - NEW YORK MERCANTILE EXCHANGE ",1.3777999877929688,0.10179926382339796,-20272,-0.8994822370945479,11056,1.8134159893557118,0.019414344158548435,0.1748816438908102,0.05748716983559299,0.02104807963852018,0.11158077740185667
2004-10-05,184637,36015,23833,99383,121566,022651,"NO. 2 HEATING OIL, N.Y. HARBOR - NEW YORK MERCANTILE EXCHANGE ",1.4068000316619873,0.12014384982424975,-22183,-0.9596408502689103,12182,0.5654398730522203,0.10850015161869934,0.018814329635075525,0.02104807963852018,0.03390668695631094,0.11434908851178277
2004-10-12,185197,33919,27042,99641,115173,022651,"NO. 2 HEATING OIL, N.Y. HARBOR - NEW YORK MERCANTILE EXCHANGE ",1.4544999599456787,0.08386744925673742,-15532,3.602203242037078,6877,-2.8732052622172155,0.030961669164952004,0.08702285067502173,0.03390668695631094,0.037126174983997506,0.11649528414063465
2004-10-19,193121,33809,27842,104709,120993,022651,"NO. 2 HEATING OIL, N.Y. HARBOR - NEW YORK MERCANTILE EXCHANGE ",1.5084999799728394,0.08432019303959694,-16284,-0.40605409374881885,5967,-0.49136865068008667,0.04824060043774535,0.01476050672332971,0.037126174983997506,0.03950944408641699,0.11724387219851075
2004-10-26,192289,32571,28890,104603,117011,022651,"NO. 2 HEATING OIL, N.Y. HARBOR - NEW YORK MERCANTILE EXCHANGE ",1.5680999755859375,0.06452787210916901,-12408,2.007031860854076,3681,-1.1837138374387042,0.018446488037759348,0.037194318348220824,0.03950944408641699,-0.11217395905300342,0.1142033591171124
2004-11-02,181189,28278,29552,105895,110705,022651,"NO. 2 HEATING OIL, N.Y. HARBOR - NEW YORK MERCANTILE EXCHANGE ",1.392199993133545,0.026546865427812948,-4810,3.951344070643666,-1274,-2.576850469865671,0.03507848568790397,0.08568217188310566,-0.11217395905300342,-0.03605802740392283,0.11108428929520683
2004-11-09,174717,23499,29549,102151,104864,022651,"NO. 2 HEATING OIL, N.Y. HARBOR - NEW YORK MERCANTILE EXCHANGE ",1.3420000076293943,0.015527968085532605,-2713,1.1573550270711799,-6050,-2.635921606720055,0.04630099268168973,0.09014477454380938,-0.03605802740392283,-0.011251864532766942,0.10887925825192533
2004-11-16,177775,18542,29539,108184,103625,022651,"NO. 2 HEATING OIL, N.Y. HARBOR - NEW YORK MERCANTILE EXCHANGE ",1.3269000053405762,-0.025644775699620308,4559,4.162159377736568,-10997,-2.8314359793265678,0.03433281871875133,0.10330483974958923,-0.011251864532766942,0.08960731099995645,0.1084844474404037
2004-11-23,174879,20645,30784,105400,100901,022651,"NO. 2 HEATING OIL, N.Y. HARBOR - NEW YORK MERCANTILE EXCHANGE ",1.4457999467849731,-0.025726359368477635,4499,-0.03375052735198987,-10139,0.48263254113345516,0.026698852647345384,0.0650994575045208,0.08960731099995645,-0.036727065877357856,0.10673181050007771
2004-11-30,168850,20549,30976,103601,98030,022651,"NO. 2 HEATING OIL, N.Y. HARBOR - NEW YORK MERCANTILE EXCHANGE ",1.392699956893921,-0.03299378146283684,5571,0.6129952710159596,-10427,-0.1646852966908548,0.023161121057773855,0.0055895196506550214,-0.036727065877357856,-0.12141877804439927,0.10402631843645563
2004-12-07,160297,11951,33374,105060,85872,022651,"NO. 2 HEATING OIL, N.Y. HARBOR - NEW YORK MERCANTILE EXCHANGE ",1.2236000299453735,-0.11970280167439191,19188,8.064554338169973,-21423,-6.512289013917679,0.07131858462698762,0.2426034197462769,-0.12141877804439927,0.06611633856021948,0.09991802203014911
2004-12-14,163692,9166,30988,111127,89444,022651,"NO. 2 HEATING OIL, N.Y. HARBOR - NEW YORK MERCANTILE EXCHANGE ",1.3044999837875366,-0.13246218507929527,21683,1.5564857732833428,-21822,-0.24891295532667485,0.04805779499528845,0.12877920007969318,0.06611633856021948,0.07274818949461381,0.09515279059607852
2004-12-21,169935,15916,28092,110571,99837,022651,"NO. 2 HEATING OIL, N.Y. HARBOR - NEW YORK MERCANTILE EXCHANGE ",1.399399995803833,-0.06316532791949864,10734,-6.688781369889793,-12176,5.8927742345380345,0.052036994791072586,0.21918742046900563,0.07274818949461381,-0.12669713940297223,0.09122033174457092
2004-12-28,159132,11416,22327,112243,100055,022651,"NO. 2 HEATING OIL, N.Y. HARBOR - NEW YORK MERCANTILE EXCHANGE ",1.222100019454956,-0.07659050348138652,12188,0.8556212669550123,-10911,0.7444022714567334,0.008902580335189215,0.3042112438135317,-0.12669713940297223,0.02004746911688371,0.08678220584706939
2005-01-04,149494,10816,24395,102327,88935,022651,"NO. 2 HEATING OIL, N.Y. HARBOR - NEW YORK MERCANTILE EXCHANGE ",1.2466000318527222,-0.08958219058958888,13392,0.7566045798456628,-13579,-1.6765955307543423,0.10998525582708536,0.07577177586549658,0.02004746911688371,0.037702494893728566,0.08214833799632786
2005-01-11,150491,9944,24979,104244,89949,022651,"NO. 2 HEATING OIL, N.Y. HARBOR - NEW YORK MERCANTILE EXCHANGE ",1.2935999631881714,-0.0949890691137676,14295,0.6040376202389394,-15035,-0.9739521318581348,0.01509323199085446,0.041691721787933456,0.037702494893728566,0.03880642156206382,0.07671295294962889
2005-01-18,154755,12754,26076,105746,91181,022651,"NO. 2 HEATING OIL, N.Y. HARBOR - NEW YORK MERCANTILE EXCHANGE ",1.3437999486923218,-0.0941165067364544,14565,0.1794127223554897,-13322,1.1382740496109403,0.013883317168290788,0.10061807880504764,0.03880642156206382,0.06027689592056351,0.07249527322844367
2005-01-25,164803,18087,24406,108879,100957,022651,"NO. 2 HEATING OIL, N.Y. HARBOR - NEW YORK MERCANTILE EXCHANGE ",1.4248000383377075,-0.04806951329769482,7922,-4.292591515621466,-6319,4.525217278924752,0.06151947234983511,0.16480361471301155,0.06027689592056351,-0.07783551477904826,0.06941230498956043
2005-02-01,157694,19855,24285,100451,97782,022651,"NO. 2 HEATING OIL, N.Y. HARBOR - NEW YORK MERCANTILE EXCHANGE ",1.3138999938964844,-0.016925184217535225,2669,-3.1874419761776176,-4430,1.1462169984769695,0.05853213138074892,0.042795650203896696,-0.07783551477904826,-0.05167816630907207,0.06697953886034427
2005-02-08,147894,15213,23512,95608,87473,022651,"NO. 2 HEATING OIL, N.Y. HARBOR - NEW YORK MERCANTILE EXCHANGE ",1.246000051498413,-0.05500561212760491,8135,3.466206704123175,-8299,-2.4534858650297413,0.08276118220896761,0.13983214977404776,-0.05167816630907207,0.03635634429707957,0.06408651053643451
2005-02-15,149231,14151,23995,97379,87686,022651,"NO. 2 HEATING OIL, N.Y. HARBOR - NEW YORK MERCANTILE EXCHANGE ",1.2913000583648682,-0.0649529923407335,9693,1.0534572058366127,-9844,-1.0446671264554344,0.010720557641909599,0.04050228071095265,0.03635634429707957,0.11531007984520247,0.0625527233351467
2005-02-22,158328,20817,24041,93639,92072,022651,"NO. 2 HEATING OIL, N.Y. HARBOR - NEW YORK MERCANTILE EXCHANGE ",1.4401999711990356,-0.00989717548380577,1567,-5.445249311470137,-3224,4.43607561431606,0.04375615876280888,0.14962771412011236,0.11531007984520247,0.017358683973120792,0.06151644848111453
2005-03-01,162734,27665,30522,90730,90523,022651,"NO. 2 HEATING OIL, N.Y. HARBOR - NEW YORK MERCANTILE EXCHANGE ",1.4651999473571775,-0.001272014453033785,207,-0.8589763023596585,-2857,0.23179728159264312,0.024595454971779777,0.22907178579407772,0.017358683973120792,0.03999458790456889,0.0608384318513167
2005-03-08,162983,34705,30285,79970,90099,022651,"NO. 2 HEATING OIL, N.Y. HARBOR - NEW YORK MERCANTILE EXCHANGE ",1.523800015449524,0.06214758594454636,-10129,-6.351469268868215,4420,4.471714577162731,0.0657615438439692,0.1119710724726881,0.03999458790456889,0.018506385379267964,0.059199887443227864
2005-03-15,173236,35360,29822,89637,100009,022651,"NO. 2 HEATING OIL, N.Y. HARBOR - NEW YORK MERCANTILE EXCHANGE ",1.5520000457763672,0.05987208201528551,-10372,-0.14909530441825222,5538,0.6859611125086665,0.10322917435643252,0.017151974471479856,0.018506385379267964,-0.003479421036137631,0.05793218669289495
2005-03-22,185576,37349,28532,98747,111081,022651,"NO. 2 HEATING OIL, N.Y. HARBOR - NEW YORK MERCANTILE EXCHANGE ",1.5465999841690063,0.06646333577617795,-12334,-1.132559052390958,8817,1.8927936456625643,0.09618354080484968,0.04977155780877643,-0.003479421036137631,0.006271860849629496,0.057109757302006854
2005-03-29,183576,36733,32855,98124,106159,022651,"NO. 2 HEATING OIL, N.Y. HARBOR - NEW YORK MERCANTILE EXCHANGE ",1.5563000440597534,0.043769338039830914,-8035,2.3165711083329743,3878,-2.661443290080614,0.027143717294145865,0.07097488072656205,0.006271860849629496,0.04163715414044877,0.05549520604827539
2005-04-05,184610,40472,35433,96100,106294,022651,"NO. 2 HEATING OIL, N.Y. HARBOR - NEW YORK MERCANTILE EXCHANGE ",1.6210999488830566,0.05521911055739126,-10194,-1.1760796618294331,5039,0.6324356124983658,0.010667312272102929,0.08322244911402411,0.04163715414044877,-0.096107575007508,0.05453340481526146
2005-04-12,173382,29168,30999,96646,99929,022651,"NO. 2 HEATING OIL, N.Y. HARBOR - NEW YORK MERCANTILE EXCHANGE ",1.4652999639511108,0.01893506823084288,-3283,3.7435675207193544,-1831,-3.721358539624072,0.035157064733562254,0.2615719580500939,-0.096107575007508,0.018904024601062108,0.0541564594172675
2005-04-19,180183,29388,27030,102195,110892,022651,"NO. 2 HEATING OIL, N.Y. HARBOR - NEW YORK MERCANTILE EXCHANGE ",1.493000030517578,0.04826759461214432,-8697,-3.1225848127256577,2358,2.4160524160524157,0.07748947612946824,0.07424935304335496,0.018904024601062108,0.009979885329129745,0.05302101429012647
2005-04-26,181115,29860,26130,98465,109809,022651,"NO. 2 HEATING OIL, N.Y. HARBOR - NEW YORK MERCANTILE EXCHANGE ",1.5078999996185305,0.0626342379151368,-11344,-1.4690620091795563,3730,0.7614480833374957,0.02310898143791352,0.024504375781389535,0.009979885329129745,-0.04768221375896109,0.051832417805909116
2005-05-03,171362,25276,24412,93541,102338,022651,"NO. 2 HEATING OIL, N.Y. HARBOR - NEW YORK MERCANTILE EXCHANGE ",1.4359999895095823,0.05133576872352097,-8797,1.4062888220191592,864,-1.5824200093863015,0.06327886092945134,0.12683142811141523,-0.04768221375896109,0.009470746446903267,0.049945005203395704
2005-05-10,176445,27289,22953,94166,107052,022651,"NO. 2 HEATING OIL, N.Y. HARBOR - NEW YORK MERCANTILE EXCHANGE ",1.4495999813079834,0.0730312561988155,-12886,-2.3861766319253976,4336,2.0261201433223235,0.026533411523819935,0.06910552923848573,0.009470746446903267,-0.05222125165479374,0.04832794944530376
2005-05-17,174829,18689,25491,105526,105891,022651,"NO. 2 HEATING OIL, N.Y. HARBOR - NEW YORK MERCANTILE EXCHANGE ",1.373900055885315,0.00208775431993548,-365,7.096262291365581,-6802,-6.3124486383858995,0.05922418726970868,0.25210502489814396,-0.05222125165479374,0.009607631476630685,0.04558571562587626
2005-05-24,179990,19438,22755,108663,109445,022651,"NO. 2 HEATING OIL, N.Y. HARBOR - NEW YORK MERCANTILE EXCHANGE ",1.3870999813079834,0.00434468581587866,-782,-0.23851878120906717,-3317,1.993376384924698,0.030677462541493204,0.08259663925295666,0.009607631476630685,0.04671618838282221,0.04256241119489247
2005-05-31,174903,24012,26368,98537,102232,022651,"NO. 2 HEATING OIL, N.Y. HARBOR - NEW YORK MERCANTILE EXCHANGE ",1.4519000053405762,0.02112599555182015,-3695,-1.618423245735874,-2356,0.5339185510306128,0.08636293451678297,0.16250496228662167,0.04671618838282221,0.10255529409446429,0.03944325220265132
2005-06-07,179860,31097,25187,91599,102258,022651,"NO. 2 HEATING OIL, N.Y. HARBOR - NEW YORK MERCANTILE EXCHANGE ",1.6008000373840332,0.059262759924385636,-10659,-3.981635535125184,5910,4.726048152404476,0.035923386826372014,0.1468623409850046,0.10255529409446429,0.023613164375070106,0.0377195053929521
2005-06-14,187142,32749,27714,85797,98440,022651,"NO. 2 HEATING OIL, N.Y. HARBOR - NEW YORK MERCANTILE EXCHANGE ",1.6385999917984009,0.06755832469461692,-12643,-1.1030801734682532,5035,-0.48648949182697654,0.052215353050690146,0.06911664985197559,0.023613164375070106,-0.005431494198168352,0.036230213539949825
2005-06-21,187474,31371,26537,88037,101262,022651,"NO. 2 HEATING OIL, N.Y. HARBOR - NEW YORK MERCANTILE EXCHANGE ",1.629699945449829,0.07054311531198992,-13225,-0.3109937908112556,4834,-0.10740507208429961,0.026740764610483945,0.04412171029909512,-0.005431494198168352,-0.005706567973436161,0.03454253122466771
2005-06-28,195482,31207,26110,93750,108575,022651,"NO. 2 HEATING OIL, N.Y. HARBOR - NEW YORK MERCANTILE EXCHANGE ",1.6203999519348145,0.07583818458988552,-14825,-0.8534516786327704,5097,0.14028611967526164,0.06438156431483999,0.010311076992864246,-0.005706567973436161,0.06911873110226674,0.03399137261914367
2005-07-05,190385,36052,28200,85791,103412,022651,"NO. 2 HEATING OIL, N.Y. HARBOR - NEW YORK MERCANTILE EXCHANGE ",1.7323999404907229,0.09255456049583738,-17621,-1.4303107191454967,7852,1.409336921046439,0.06935408000930218,0.10793438336549835,0.06911873110226674,0.011025208182750434,0.032611034818708834
2005-07-12,184299,32001,25814,83574,99599,022651,"NO. 2 HEATING OIL, N.Y. HARBOR - NEW YORK MERCANTILE EXCHANGE ",1.7515000104904177,0.08695109577371554,-16025,0.8383013367649763,6187,-0.8745436877905297,0.032919698863915534,0.11133788809132578,0.011025208182750434,-0.06931201709263157,0.031409012660924635
2005-07-19,178861,30882,21319,88548,107288,022651,"NO. 2 HEATING OIL, N.Y. HARBOR - NEW YORK MERCANTILE EXCHANGE ",1.6301000118255615,0.10477409832216078,-18740,-1.473149610144385,9563,1.8318059240690399,0.06466124716599604,0.10754583245531694,-0.06931201709263157,-0.016195306952400346,0.03094568774302063
2005-07-26,178409,28066,18367,90628,109559,022651,"NO. 2 HEATING OIL, N.Y. HARBOR - NEW YORK MERCANTILE EXCHANGE ",1.603700041770935,0.10611011776311734,-18931,-0.1067868344692247,9699,0.07603669888908146,0.02173467807599894,0.12422199728641269,-0.016195306952400346,0.07569994107551192,0.030280719933231746
2005-08-02,176682,33197,21706,86579,108763,022651,"NO. 2 HEATING OIL, N.Y. HARBOR - NEW YORK MERCANTILE EXCHANGE ",1.725100040435791,0.12555891375465525,-22184,-1.8233385087075202,11491,1.0044336328324244,0.024802653807168965,0.15427207984991712,0.07569994107551192,0.029853319575421366,0.030392372067402987
2005-08-09,181744,35550,21486,87842,112404,022651,"NO. 2 HEATING OIL, N.Y. HARBOR - NEW YORK MERCANTILE EXCHANGE ",1.776600003242493,0.135146139624967,-24562,-1.3459209200710882,14064,1.4562886994713666,0.024489877450735595,0.04511185917666036,0.029853319575421366,0.04919506889828562,0.03073248726028222
2005-08-16,192223,40862,22656,91145,121233,022651,"NO. 2 HEATING OIL, N.Y. HARBOR - NEW YORK MERCANTILE EXCHANGE ",1.8639999628067017,0.15652653428569943,-30088,-3.040540540540541,18206,2.279029844176424,0.057124560924389535,0.10204981265153185,0.04919506889828562,-0.02392704442496707,0.03127179937012118
2005-08-23,191172,35313,19757,93987,121756,022651,"NO. 2 HEATING OIL, N.Y. HARBOR - NEW YORK MERCANTILE EXCHANGE ",1.8193999528884888,0.14525662753959784,-27769,1.2064113035380781,15556,-1.3786071385838323,0.015597261556574257,0.1534047575812602,-0.02392704442496707,0.14098061535294337,0.031963568776842644
2005-08-30,183008,31336,21995,90556,111400,022651,"NO. 2 HEATING OIL, N.Y. HARBOR - NEW YORK MERCANTILE EXCHANGE ",2.075900077819824,0.11389666025528938,-20844,3.6223924005607517,9341,-3.250999100286653,0.06826734536235615,0.11653634846524535,0.14098061535294337,-0.010405128956664123,0.032969669589009896
2005-09-06,178746,30307,18430,89137,113991,022651,"NO. 2 HEATING OIL, N.Y. HARBOR - NEW YORK MERCANTILE EXCHANGE ",2.05430006980896,0.13904646817271435,-24854,-2.191161042140234,11877,1.385731771288687,0.019741246898507345,0.09426103371155385,-0.010405128956664123,-0.10422047177932126,0.03400746448056776
2005-09-13,169113,22966,17941,89562,104914,022651,"NO. 2 HEATING OIL, N.Y. HARBOR - NEW YORK MERCANTILE EXCHANGE ",1.8401999473571775,0.09077953794208606,-15352,5.315923153525113,5025,-3.8333724950488404,0.04885949937267323,0.19140978316669519,-0.10422047177932126,0.09297910255005037,0.03416732062687708
2005-09-20,171899,20460,18680,93017,107151,022651,"NO. 2 HEATING OIL, N.Y. HARBOR - NEW YORK MERCANTILE EXCHANGE ",2.0113000869750977,0.08222270053927015,-14134,0.7202284862784056,1780,-1.9188353349535516,0.0284361136645218,0.08290751149718957,0.09297910255005037,0.02848896230964315,0.03397879079254011
2005-09-27,174458,20930,16007,96056,112919,022651,"NO. 2 HEATING OIL, N.Y. HARBOR - NEW YORK MERCANTILE EXCHANGE ",2.068599939346313,0.09665936787077692,-16863,-1.5875601370572252,4923,1.8283992344341735,0.04214379710491686,0.0850908303327287,0.02848896230964315,-0.009136574570581812,0.03387994663960509
2005-10-04,167990,21550,16404,91784,108675,022651,"NO. 2 HEATING OIL, N.Y. HARBOR - NEW YORK MERCANTILE EXCHANGE ",2.0497000217437744,0.10054765164593131,-16891,-0.016049708239232366,5146,0.12782446204817205,0.042482502656403555,0.02679559466722875,-0.009136574570581812,-0.015514480814091791,0.033503096674637425
2005-10-11,172510,20360,21256,97428,107613,022651,"NO. 2 HEATING OIL, N.Y. HARBOR - NEW YORK MERCANTILE EXCHANGE ",2.017899990081787,0.05904005564894789,-10185,3.991904280016668,-896,-3.59664265730103,0.03270565399115299,0.1451845444059977,-0.015514480814091791,-0.04147873633308219,0.033025646797564555
2005-10-18,175228,19689,24275,101093,107849,022651,"NO. 2 HEATING OIL, N.Y. HARBOR - NEW YORK MERCANTILE EXCHANGE ",1.9342000484466555,0.03855548200059351,-6756,1.9877108573416034,-4586,-2.1390064344095996,0.018670252988867726,0.08393230825220635,-0.04147873633308219,-0.022903566454400948,0.03214555620066064
2005-10-25,173333,17619,24429,101686,99889,022651,"NO. 2 HEATING OIL, N.Y. HARBOR - NEW YORK MERCANTILE EXCHANGE ",1.889899969100952,-0.01036732762947621,1797,4.8810692355103065,-6810,-1.2692035519437532,0.04243085700111621,0.05289193302891933,-0.022903566454400948,-0.04492302393836589,0.030705263897994387
2005-11-01,166299,15898,26642,103010,94709,022651,"NO. 2 HEATING OIL, N.Y. HARBOR - NEW YORK MERCANTILE EXCHANGE ",1.8049999475479128,-0.04991611494957877,8301,3.7523149082979006,-10744,-2.2696197492687484,0.03289516940708784,0.0924776680771039,-0.04492302393836589,-0.014681433472926053,0.029234821967659932
2005-11-08,169181,13991,22949,103510,100190,022651,"NO. 2 HEATING OIL, N.Y. HARBOR - NEW YORK MERCANTILE EXCHANGE ",1.778499960899353,-0.019623953044372595,3320,-2.995207427585253,-8958,1.073969176002261,0.029361806578301425,0.15159718462371413,-0.014681433472926053,-0.05487769770091966,0.028558823484392523
2005-11-15,182698,15037,23419,111725,106780,022651,"NO. 2 HEATING OIL, N.Y. HARBOR - NEW YORK MERCANTILE EXCHANGE ",1.680899977684021,-0.027066525085113136,4945,0.9605097499128152,-8382,0.340463763661404,0.06775588659298415,0.03942167672144789,-0.05487769770091966,0.03283953921626814,0.028531482150056124
2005-11-22,184489,17988,24255,111895,109152,022651,"NO. 2 HEATING OIL, N.Y. HARBOR - NEW YORK MERCANTILE EXCHANGE ",1.7360999584197998,-0.01486809511678203,2743,-1.2052677095534707,-6267,1.1576481406474073,0.011499816781046565,0.08964798901593163,0.03283953921626814,-0.07280686419204441,0.028740294924127194
2005-11-29,182746,20691,25802,112857,108873,022651,"NO. 2 HEATING OIL, N.Y. HARBOR - NEW YORK MERCANTILE EXCHANGE ",1.6096999645233154,-0.021800750768826677,3984,0.6726688312040284,-5111,0.6265956235873141,0.005596897127136608,0.09141161034994515,-0.07280686419204441,0.1008262373305413,0.02895554551439662
2005-12-06,183846,23117,24026,108908,111101,022651,"NO. 2 HEATING OIL, N.Y. HARBOR - NEW YORK MERCANTILE EXCHANGE ",1.7719999551773071,0.011928461864821644,-2193,-3.38010134284745,-909,2.299366333599641,0.02807612415855715,0.08913306323314171,0.1008262373305413,0.03639960219616878,0.03148691596707381
2005-12-13,181676,24559,19038,108510,114252,022651,"NO. 2 HEATING OIL, N.Y. HARBOR - NEW YORK MERCANTILE EXCHANGE ",1.83650004863739,0.03160571566965367,-5742,-1.9304200254560884,5521,3.497492466520893,0.01593180165378296,0.14748721242287313,0.03639960219616878,-0.06327257630124572,0.03464206790455359
2005-12-20,177031,24553,19546,106968,112920,022651,"NO. 2 HEATING OIL, N.Y. HARBOR - NEW YORK MERCANTILE EXCHANGE ",1.7202999591827393,0.03362123018002497,-5952,-0.11559039168629869,5007,-0.28292124441313105,0.013070290329622354,0.011655593097349147,-0.06327257630124572,-0.048421784831211734,0.03650334786800597
2005-12-27,171839,23266,20298,105206,107352,022651,"NO. 2 HEATING OIL, N.Y. HARBOR - NEW YORK MERCANTILE EXCHANGE ",1.6369999647140503,0.012488433941072748,-2146,2.1499059486756558,2968,-1.1517756777061645,0.03448470535101008,0.04680470112937288,-0.048421784831211734,0.09737323744837911,0.038216404356899415
2006-01-03,165284,22356,15034,99897,105184,022651,"NO. 2 HEATING OIL, N.Y. HARBOR - NEW YORK MERCANTILE EXCHANGE ",1.79639995098114,0.031987367198276905,-5287,-1.8278737655596227,7322,2.533767072666857,0.0364587650733125,0.16512436480342338,0.09737323744837911,-0.03256509345659486,0.04055428046820453
2006-01-10,172012,26066,16051,96835,106050,022651,"NO. 2 HEATING OIL, N.Y. HARBOR - NEW YORK MERCANTILE EXCHANGE ",1.7379000186920166,0.053571843824849426,-9215,-2.3765155731952277,10015,1.6293168122746302,0.019360721591049117,0.1122349645036446,-0.03256509345659486,0.030841793587049304,0.04341122110163947
2006-01-17,170958,23691,17935,96919,103687,022651,"NO. 2 HEATING OIL, N.Y. HARBOR - NEW YORK MERCANTILE EXCHANGE ",1.7914999723434448,0.03958867090162496,-6768,1.4225751691742436,5756,-2.4759900472060092,0.012198039938984875,0.10231586027963292,0.030841793587049304,0.01428974385539794,0.04598247451775638
2006-01-24,174676,27326,17382,93488,106149,022651,"NO. 2 HEATING OIL, N.Y. HARBOR - NEW YORK MERCANTILE EXCHANGE ",1.817100048065185,0.07248276809636127,-12661,-3.4470454731571496,9944,2.4497244937353035,0.029518576215831736,0.09367451015478215,0.01428974385539794,-0.00836498733183999,0.04830078762148823
2006-01-31,164511,26211,18967,94221,102270,022651,"NO. 2 HEATING OIL, N.Y. HARBOR - NEW YORK MERCANTILE EXCHANGE ",1.801900029182434,0.048926819483195653,-8049,2.6403169296297144,7244,-1.5457189310494859,0.023471812958354328,0.05976360175306565,-0.00836498733183999,-0.06110218609020335,0.049567172308040745
2006-02-07,159244,24050,20072,90642,91723,022651,"NO. 2 HEATING OIL, N.Y. HARBOR - NEW YORK MERCANTILE EXCHANGE ",1.6917999982833862,0.0067883248348446406,-1081,4.235583030921944,3978,-1.985277580222599,0.07746003893290927,0.07402202982639046,-0.06110218609020335,-0.0483508594758667,0.05075551724962631
2006-02-14,165595,24278,23869,93184,88858,022651,"NO. 2 HEATING OIL, N.Y. HARBOR - NEW YORK MERCANTILE EXCHANGE ",1.6100000143051147,-0.02612397717322383,4326,3.395418351711838,409,-2.2412147396448217,0.029701936915656826,0.08359814734043658,-0.0483508594758667,0.03503101921942475,0.05150222907977072
2006-02-21,169750,25362,24513,98574,90632,022651,"NO. 2 HEATING OIL, N.Y. HARBOR - NEW YORK MERCANTILE EXCHANGE ",1.6663999557495115,-0.04678645066273932,7942,2.1836408104109424,849,0.265708505691597,0.03786349270107713,0.034646616541353384,0.03503101921942475,0.027364413021569334,0.050792819941714314
2006-02-28,162402,24317,25099,98363,89406,022651,"NO. 2 HEATING OIL, N.Y. HARBOR - NEW YORK MERCANTILE EXCHANGE ",1.712000012397766,-0.05515326165933917,8957,0.5979381443298969,-782,-0.9608247422680412,0.007653020466637198,0.03300550429010847,0.027364413021569334,0.005957957696996363,0.049756642110823826
2006-03-07,173526,24841,22190,99559,93979,022651,"NO. 2 HEATING OIL, N.Y. HARBOR - NEW YORK MERCANTILE EXCHANGE ",1.7222000360488892,-0.032156564434148195,5580,-2.0794078890654055,2651,2.11389022302681,0.02980809970135064,0.07299440794369672,0.005957957696996363,0.05748459821133456,0.04794310075738739
2006-03-14,169675,24463,20719,98342,95159,022651,"NO. 2 HEATING OIL, N.Y. HARBOR - NEW YORK MERCANTILE EXCHANGE ",1.8212000131607056,-0.018759392957123915,3183,-1.381349192628194,3744,0.6298767907979208,0.012387532880967023,0.04092337656588907,0.05748459821133456,-0.026905350560860408,0.04643095700791799
2006-03-21,169997,24254,18365,96845,97305,022651,"NO. 2 HEATING OIL, N.Y. HARBOR - NEW YORK MERCANTILE EXCHANGE ",1.7721999883651731,0.0027059301046489055,-460,-2.147045822896714,5889,1.2641815235008105,0.018763842389904712,0.06013749736033225,-0.026905350560860408,0.03131702453557539,0.045204853052696274
2006-03-28,165182,25733,16678,90358,94763,022651,"NO. 2 HEATING OIL, N.Y. HARBOR - NEW YORK MERCANTILE EXCHANGE ",1.8277000188827517,0.026667554576164473,-4405,-2.3206291875738985,9055,1.8623858068083552,0.04877350489679723,0.07465044446016364,0.03131702453557539,0.015374521771952088,0.044875972601471914
2006-04-04,163365,25486,15361,85088,93463,022651,"NO. 2 HEATING OIL, N.Y. HARBOR - NEW YORK MERCANTILE EXCHANGE ",1.8558000326156616,0.0512655709607321,-8375,-2.4034095724715767,10125,0.6477703381724401,0.03679620948636524,0.038289225646926335,0.015374521771952088,0.05372344665795481,0.04479994299384385
2006-04-11,166174,27431,14165,87336,100831,022651,"NO. 2 HEATING OIL, N.Y. HARBOR - NEW YORK MERCANTILE EXCHANGE ",1.95550000667572,0.08121005692828,-13495,-3.1340862485844583,13266,1.9226884583601138,0.051103541003470324,0.07551206846812193,0.05372344665795481,0.04873437896532451,0.04599753893033303
2006-04-18,174402,29780,17050,87182,103297,022651,"NO. 2 HEATING OIL, N.Y. HARBOR - NEW YORK MERCANTILE EXCHANGE ",2.050800085067749,0.09240146328597149,-16115,-1.576660608759493,12730,-0.32255346805156043,0.013754797116742528,0.11176596199017724,0.04873437896532451,0.003559537620503983,0.04684626717406047
2006-04-25,179889,33341,18105,85491,104823,022651,"NO. 2 HEATING OIL, N.Y. HARBOR - NEW YORK MERCANTILE EXCHANGE ",2.0580999851226807,0.10746627086703467,-19332,-1.8445889382002498,15236,1.4369101271774405,0.016903643452399718,0.08972514869960735,0.003559537620503983,0.010057809642091797,0.04770842165390466
2006-05-02,180969,35377,22114,86036,105000,022651,"NO. 2 HEATING OIL, N.Y. HARBOR - NEW YORK MERCANTILE EXCHANGE ",2.0787999629974365,0.10479142836618427,-18964,0.20457059631217028,13263,-1.0967874633801955,0.0037793923658368056,0.10514689255709589,0.010057809642091797,-0.040263586263703854,0.04873641510857126
2006-05-09,174966,28280,22437,89404,100708,022651,"NO. 2 HEATING OIL, N.Y. HARBOR - NEW YORK MERCANTILE EXCHANGE ",1.995100021362305,0.06460683789993485,-11304,4.2327691483071685,5843,-4.100149749404594,0.04029203837737755,0.1463020289054952,-0.040263586263703854,-0.02185352249076733,0.04857440706436203
2006-05-16,171627,23548,22820,89774,97574,022651,"NO. 2 HEATING OIL, N.Y. HARBOR - NEW YORK MERCANTILE EXCHANGE ",1.9515000581741333,0.04544739464070339,-7800,2.0026748053907615,728,-2.9234251225952472,0.018703162030019004,0.1103131469979296,-0.02185352249076733,0.0242890065581296,0.04940824630129987
2006-05-23,171057,24270,20328,91432,101979,022651,"NO. 2 HEATING OIL, N.Y. HARBOR - NEW YORK MERCANTILE EXCHANGE ",1.998900055885315,0.061657809969776156,-10547,-1.6005640138206694,3942,1.8726657227592394,0.03134775167906686,0.07206601192878605,0.0242890065581296,0.0025013733012351214,0.0505104217657979
2006-05-30,166532,23519,17271,91909,103791,022651,"NO. 2 HEATING OIL, N.Y. HARBOR - NEW YORK MERCANTILE EXCHANGE ",2.003900051116944,0.07134965051761824,-11882,-0.7804416071835704,6248,1.3480886488129686,0.01169647419519673,0.09335621475851924,0.0025013733012351214,0.019312273244174616,0.05147626128437093
2006-06-06,165373,25587,15968,88087,107012,022651,"NO. 2 HEATING OIL, N.Y. HARBOR - NEW YORK MERCANTILE EXCHANGE ",2.04259991645813,0.1144382698505802,-18925,-4.229217207503663,9619,2.0242355823505394,0.036099621217945764,0.0811214053663819,0.019312273244174616,-0.05434247839309658,0.0525373287829516
2006-06-13,170425,22115,15955,98685,110332,022651,"NO. 2 HEATING OIL, N.Y. HARBOR - NEW YORK MERCANTILE EXCHANGE ",1.9315999746322632,0.06834091242482031,-11647,4.400960253487571,6160,-2.09163527298894,0.066587885195941,0.09154189650643552,-0.05434247839309658,-0.012528454614715967,0.052552378546993975
2006-06-20,169533,23187,15640,98105,110013,022651,"NO. 2 HEATING OIL, N.Y. HARBOR - NEW YORK MERCANTILE EXCHANGE ",1.9074000120162964,0.07024001226899777,-11908,-0.15314654540120287,7547,0.8138477336071586,0.004319664805543009,0.03572256419501893,-0.012528454614715967,0.026895213010199592,0.05254654964232105
2006-06-27,173397,25421,11931,95059,113172,022651,"NO. 2 HEATING OIL, N.Y. HARBOR - NEW YORK MERCANTILE EXCHANGE ",1.958699941635132,0.10445970806876705,-18113,-3.660054384692066,13490,3.505512201164375,0.029798637090538874,0.1591079460269865,0.026895213010199592,0.026497243037847396,0.05309696355537647
2006-07-11,172286,24000,11949,94985,112018,022651,"NO. 2 HEATING OIL, N.Y. HARBOR - NEW YORK MERCANTILE EXCHANGE ",2.0106000900268555,0.09886467849970398,-17033,0.6228481461616983,12051,-0.8298874836358183,0.005932281174668966,0.040028929872875464,0.026497243037847396,-0.013528350536246236,0.05321831197852774
2006-07-18,189061,30391,10958,102930,128873,022651,"NO. 2 HEATING OIL, N.Y. HARBOR - NEW YORK MERCANTILE EXCHANGE ",1.983399987220764,0.13722026224340292,-25943,-5.171633214538616,19433,4.284735846209211,0.10698739878258694,0.1785291059034076,-0.013528350536246236,-0.01991529613146792,0.05418502671832943
2006-07-25,183228,22026,11905,106925,120421,022651,"NO. 2 HEATING OIL, N.Y. HARBOR - NEW YORK MERCANTILE EXCHANGE ",1.9438999891281128,0.07365686467133845,-13496,6.583589423519393,10121,-4.925394449410508,0.054749148874402895,0.2744393032919749,-0.01991529613146792,0.07021966238854604,0.05358661837889053
2006-08-01,179526,23450,8014,101103,122388,022651,"NO. 2 HEATING OIL, N.Y. HARBOR - NEW YORK MERCANTILE EXCHANGE ",2.080399990081787,0.11856221382975168,-21285,-4.250987840286419,15436,2.9007575261422924,0.03485151527354569,0.16892321383168066,0.07021966238854604,0.017304371045505196,0.05382608176478734
2006-08-08,181615,25904,8229,100774,125452,022651,"NO. 2 HEATING OIL, N.Y. HARBOR - NEW YORK MERCANTILE EXCHANGE ",2.1164000034332275,0.1358808468463508,-24678,-1.88997693927342,17675,1.2471731114156166,0.014998276060222963,0.07819412298948232,0.017304371045505196,-0.04389531166830485,0.05402458047808918
2006-08-15,185373,21800,11403,109164,122269,022651,"NO. 2 HEATING OIL, N.Y. HARBOR - NEW YORK MERCANTILE EXCHANGE ",2.0234999656677246,0.07069530082590236,-13105,6.372271012856867,10397,-4.007378245188999,0.050005833221709955,0.21919706050658072,-0.04389531166830485,0.0064740041856099495,0.05278514127041486
2006-08-22,186095,23983,10409,113494,125400,022651,"NO. 2 HEATING OIL, N.Y. HARBOR - NEW YORK MERCANTILE EXCHANGE ",2.036600112915039,0.06397807571401704,-11906,0.6468040113716669,13574,1.7138418216245084,0.03123142481602719,0.0923761339846476,0.0064740041856099495,-0.045860805046054276,0.051005363220959436
2006-08-29,193116,22062,14237,119992,127613,022651,"NO. 2 HEATING OIL, N.Y. HARBOR - NEW YORK MERCANTILE EXCHANGE ",1.9431999921798704,0.0394633277408397,-7621,2.3025873881619603,7825,-3.089282355786023,0.035181034308677125,0.15837901870574947,-0.045860805046054276,-0.0035508197387076335,0.04897087668636793
2006-09-05,192578,21798,14769,117853,123951,022651,"NO. 2 HEATING OIL, N.Y. HARBOR - NEW YORK MERCANTILE EXCHANGE ",1.9363000392913816,0.031665091547321084,-6098,0.7886451666355974,7029,-0.41218749352720646,0.023990504706291046,0.02176826100035551,-0.0035508197387076335,-0.09120492435384842,0.047389500365060844
2006-09-12,205106,24966,17611,124065,127864,022651,"NO. 2 HEATING OIL, N.Y. HARBOR - NEW YORK MERCANTILE EXCHANGE ",1.7596999406814575,0.018522130020574727,-3799,1.193801991920157,7355,0.16928205714048333,0.04018989477193971,0.1411560232050168,-0.09120492435384842,-0.03869976580187029,0.04507172463136585
2006-09-19,215800,21692,20598,131479,127862,022651,"NO. 2 HEATING OIL, N.Y. HARBOR - NEW YORK MERCANTILE EXCHANGE ",1.69159996509552,-0.01676088971269694,3617,3.6156913985938974,1094,-3.0525679404795567,0.02859555565838028,0.14804918420430363,-0.03869976580187029,-0.01998108690601219,0.04300363948415849
2006-09-26,217580,21888,22137,132501,128154,022651,"NO. 2 HEATING OIL, N.Y. HARBOR - NEW YORK MERCANTILE EXCHANGE ",1.6577999591827393,-0.019978858350951374,4347,0.3382761816496756,-249,-0.6223354958294718,0.005041146342867008,0.039409426462237364,-0.01998108690601219,-0.002352474365831414,0.04103822489011577
2006-10-03,221674,21314,28019,137278,127569,022651,"NO. 2 HEATING OIL, N.Y. HARBOR - NEW YORK MERCANTILE EXCHANGE ",1.6539000272750854,-0.04379855102537961,9709,2.4643809173637283,-6705,-2.9671844838680026,0.020245651262804563,0.13086574909289928,-0.002352474365831414,0.01632501962855626,0.03833711106518968
2006-10-10,219578,20603,25955,139439,130097,022651,"NO. 2 HEATING OIL, N.Y. HARBOR - NEW YORK MERCANTILE EXCHANGE ",1.680899977684021,-0.04254524588073486,9342,-0.16555843265335582,-5352,0.6103557476294017,0.01739656298231034,0.05960307573349371,0.01632501962855626,0.03147128122719267,0.035585324574292254
2006-10-17,217289,21126,25360,139554,134102,022651,"NO. 2 HEATING OIL, N.Y. HARBOR - NEW YORK MERCANTILE EXCHANGE ",1.7338000535964966,-0.025091007828283992,5452,-1.7715800307863265,-4234,0.5091584767144249,0.015055398017949542,0.02405025168868046,0.03147128122719267,-0.02226328640708175,0.03396741950742241
2006-10-24,222286,21343,29792,143445,133378,022651,"NO. 2 HEATING OIL, N.Y. HARBOR - NEW YORK MERCANTILE EXCHANGE ",1.695199966430664,-0.04528850219986864,10067,2.123899507108045,-8449,-1.9398128759394169,0.016671302601301192,0.0909162022098367,-0.02226328640708175,-0.06388625104498002,0.03235503519587506
2006-10-31,228837,21816,30540,145906,135772,022651,"NO. 2 HEATING OIL, N.Y. HARBOR - NEW YORK MERCANTILE EXCHANGE ",1.586899995803833,-0.04428479660194811,10134,0.03014134943271281,-8724,-0.12371449394023915,0.017235992871292752,0.02332110932844373,-0.06388625104498002,0.058856891910550324,0.03170277617717368
2006-11-07,227431,22443,27606,143923,138193,022651,"NO. 2 HEATING OIL, N.Y. HARBOR - NEW YORK MERCANTILE EXCHANGE ",1.680299997329712,-0.025194454581829215,5730,-1.92451395534813,-5163,1.556129472069639,0.01561059989507862,0.07115027273272194,0.058856891910550324,-0.010176740205193546,0.032178192722707326
2006-11-14,225564,22895,28436,138049,132807,022651,"NO. 2 HEATING OIL, N.Y. HARBOR - NEW YORK MERCANTILE EXCHANGE ",1.6632000207901,-0.023239524037523718,5242,-0.21457057305292593,-5541,-0.16620425535656969,0.04157190536668931,0.024975161208626365,-0.010176740205193546,0.04202743806180842,0.032108662511300574
2006-11-21,231247,22500,28391,143920,137089,022651,"NO. 2 HEATING OIL, N.Y. HARBOR - NEW YORK MERCANTILE EXCHANGE ",1.7331000566482544,-0.02953984267904016,6831,0.7044563848841127,-5891,-0.15516660460002482,0.03613051539274543,0.008645929535674285,0.04202743806180842,-0.0027696503930274563,0.032061098711417366
2006-11-28,228776,22796,29044,146515,139675,022651,"NO. 2 HEATING OIL, N.Y. HARBOR - NEW YORK MERCANTILE EXCHANGE ",1.7282999753952026,-0.029898241074238555,6840,0.003891942381955225,-6248,-0.15438038115089062,0.01810335790908138,0.018306327160493827,-0.0027696503930274563,0.04050225854807454,0.031772057443004736
2006-12-05,217467,27484,26578,134475,137919,022651,"NO. 2 HEATING OIL, N.Y. HARBOR - NEW YORK MERCANTILE EXCHANGE ",1.79830002784729,0.01583688559643532,-3444,-4.495226772039025,906,3.1270762667412666,0.05064722424135627,0.1323295475565092,0.04050225854807454,-0.04220657100844438,0.032495858142336694
2006-12-12,215150,29447,31981,132455,131362,022651,"NO. 2 HEATING OIL, N.Y. HARBOR - NEW YORK MERCANTILE EXCHANGE ",1.7223999500274658,-0.00508017662096212,1093,2.0862935525849897,-2534,-1.5818492001085223,0.032511172517313135,0.11991274337435696,-0.04220657100844438,-0.0021481066112017944,0.03216876894068701
2006-12-19,215345,28038,30120,137078,135463,022651,"NO. 2 HEATING OIL, N.Y. HARBOR - NEW YORK MERCANTILE EXCHANGE ",1.7187000513076782,-0.007499593675265272,1615,0.24262142691145713,-2082,0.21008598652103183,0.03200986273624886,0.056226142577117506,-0.0021481066112017944,-0.05550712290569637,0.03141674376097703
2006-12-26,219631,29730,33057,142056,139023,022651,"NO. 2 HEATING OIL, N.Y. HARBOR - NEW YORK MERCANTILE EXCHANGE ",1.6232999563217163,-0.013809525977662534,3033,0.658478255822053,-3327,-0.5781420511272609,0.030375801820840403,0.07372545272110469,-0.05550712290569637,-0.0411507423648001,0.030504613834867654
2007-01-09,221033,27193,37592,143787,129607,022651,"NO. 2 HEATING OIL, N.Y. HARBOR - NEW YORK MERCANTILE EXCHANGE ",1.55649995803833,-0.06415331647310582,14180,5.0753308959117795,-10399,-3.219946182460581,0.040772657775957045,0.10916107123562553,-0.0411507423648001,-0.04895599771706349,0.029030734019210375
2007-01-16,224592,25613,36450,143396,129018,022651,"NO. 2 HEATING OIL, N.Y. HARBOR - NEW YORK MERCANTILE EXCHANGE ",1.480299949645996,-0.06401830875543207,14378,0.08957938407387132,-10837,-0.19816045567856386,0.0035974656221780085,0.04385865974896476,-0.04895599771706349,0.06485177234737383,0.027184471020100583
2007-01-23,219197,24537,38738,138915,121012,022651,"NO. 2 HEATING OIL, N.Y. HARBOR - NEW YORK MERCANTILE EXCHANGE ",1.576300024986267,-0.08167538789308249,17903,1.5695127163923916,-14201,-1.4978271710479447,0.04804041134626261,0.05316475701303833,0.06485177234737383,0.03914228603679826,0.024583562717832668
2007-01-30,213808,24947,34248,137064,122581,022651,"NO. 2 HEATING OIL, N.Y. HARBOR - NEW YORK MERCANTILE EXCHANGE ",1.6380000114440918,-0.06773834468308014,14483,-1.5602403317563653,-9301,2.2354320542708157,0.013171830768934507,0.08277726159303996,0.03914228603679826,0.03229545563711467,0.022519581648896028
2007-02-06,217665,22833,30793,146172,134324,022651,"NO. 2 HEATING OIL, N.Y. HARBOR - NEW YORK MERCANTILE EXCHANGE ",1.6908999681472778,-0.0544322697723566,11848,-1.2324141285639452,-7960,0.6271982339295068,0.07433617591694712,0.10384887927497856,0.03229545563711467,0.0013602366053107051,0.02007890784372838
2007-02-13,226880,21856,27245,152858,144337,022651,"NO. 2 HEATING OIL, N.Y. HARBOR - NEW YORK MERCANTILE EXCHANGE ",1.6931999921798706,-0.03755729901269394,8521,-1.5284956240093721,-5389,1.1811729033147267,0.05618869765642087,0.09215698254618032,0.0013602366053107051,-0.028466815187793038,0.018415751718807424
2007-02-20,222756,22266,26778,154019,145688,022651,"NO. 2 HEATING OIL, N.Y. HARBOR - NEW YORK MERCANTILE EXCHANGE ",1.6449999809265137,-0.03739966600226256,8331,-0.08374471086036671,-4512,0.38654795486600846,0.008381519283833877,0.017881901965581926,-0.028466815187793038,0.08164133439039478,0.017565982664247668
2007-02-27,212627,22757,22937,142811,141181,022651,"NO. 2 HEATING OIL, N.Y. HARBOR - NEW YORK MERCANTILE EXCHANGE ",1.7792999744415283,-0.007666006668955495,1630,-3.008224245362639,-180,1.9447287615148412,0.055336065804670556,0.09480456952772794,0.08164133439039478,-0.017984570392975963,0.017920943635483598
2007-03-06,209898,23223,22970,138767,139005,022651,"NO. 2 HEATING OIL, N.Y. HARBOR - NEW YORK MERCANTILE EXCHANGE ",1.7473000288009644,0.0011338840770278896,-238,-0.8785337704054519,253,0.2036429992428055,0.022392465763287878,0.010802502543675449,-0.017984570392975963,-0.03267902286999447,0.018842488534325276
2007-03-13,212792,21398,24943,143923,139178,022651,"NO. 2 HEATING OIL, N.Y. HARBOR - NEW YORK MERCANTILE EXCHANGE ",1.6901999711990356,-0.02229877063047483,4745,2.3740102335420064,-3545,-1.8094503044335821,0.018823670704095005,0.08195766168187997,-0.03267902286999447,-0.012720383258366108,0.01947430566949574
2007-03-20,211193,24913,28231,137952,133951,022651,"NO. 2 HEATING OIL, N.Y. HARBOR - NEW YORK MERCANTILE EXCHANGE ",1.6686999797821045,-0.018944756691746414,4001,-0.3496372044061807,-3318,0.10667694274220836,0.04118380451852315,0.12801068794219478,-0.012720383258366108,0.07053393789286666,0.019728378895311163
2007-03-27,205648,25312,23432,130796,134070,022651,"NO. 2 HEATING OIL, N.Y. HARBOR - NEW YORK MERCANTILE EXCHANGE ",1.7863999605178833,0.01592040768692134,-3274,-3.444716444200328,1880,2.4612558181379116,0.027466719020183793,0.10663876579681601,0.07053393789286666,0.029276811864127117,0.020395298138465877
2007-04-03,203506,34190,21022,118651,134999,022651,"NO. 2 HEATING OIL, N.Y. HARBOR - NEW YORK MERCANTILE EXCHANGE ",1.8387000560760496,0.0803317838294694,-16348,-6.357465183225706,13168,5.488990897066833,0.051543465405085746,0.20444830833876693,0.029276811864127117,0.009463156894254476,0.021888103017789352
2007-04-10,202437,35642,21238,113952,132218,022651,"NO. 2 HEATING OIL, N.Y. HARBOR - NEW YORK MERCANTILE EXCHANGE ",1.8560999631881716,0.09023054085962547,-18266,-0.9424783544465518,14404,0.6073531001542952,0.030385505951171954,0.029324894514767934,0.009463156894254476,-0.03140995607284369,0.023110468138625138
2007-04-17,216026,29039,22683,130846,139626,022651,"NO. 2 HEATING OIL, N.Y. HARBOR - NEW YORK MERCANTILE EXCHANGE ",1.7977999448776243,0.04064325590438188,-8780,4.685902280709555,6356,-3.9755578278674353,0.08985033570942648,0.15560109817872472,-0.03140995607284369,0.026810553304716045,0.022906192849079944
2007-04-24,212534,26655,21008,127986,135822,022651,"NO. 2 HEATING OIL, N.Y. HARBOR - NEW YORK MERCANTILE EXCHANGE ",1.8459999561309812,0.03686939501444475,-7836,0.4369844370585022,5647,-0.3282012350365234,0.025260795730228044,0.08516039695361181,0.026810553304716045,0.019989189796563167,0.022053487812275417
2007-05-01,208747,32440,22715,119647,133051,022651,"NO. 2 HEATING OIL, N.Y. HARBOR - NEW YORK MERCANTILE EXCHANGE ",1.8828999996185305,0.06421170124600593,-13404,-2.619816123537881,9725,1.9187518232376939,0.043965524064298094,0.13583537303961563,0.019989189796563167,-0.02814805529122999,0.02151137700381454
2007-05-08,205364,28060,23987,121873,126000,022651,"NO. 2 HEATING OIL, N.Y. HARBOR - NEW YORK MERCANTILE EXCHANGE ",1.8299000263214111,0.020096024619699657,-4127,4.444135724106215,4073,-2.7075838215639028,0.03742642401552408,0.10859415528272523,-0.02814805529122999,0.03295261582271225,0.01983117996059656
2007-05-15,208651,34844,24609,117438,130029,022651,"NO. 2 HEATING OIL, N.Y. HARBOR - NEW YORK MERCANTILE EXCHANGE ",1.8902000188827517,0.060344786269895666,-12591,-4.121462378995345,10235,3.0005258954831424,0.03420254013666469,0.12456898726725313,0.03295261582271225,0.008993735993996443,0.018976436843360242
2007-05-22,221638,39404,26099,123104,141549,022651,"NO. 2 HEATING OIL, N.Y. HARBOR - NEW YORK MERCANTILE EXCHANGE ",1.9071999788284304,0.08322128876817152,-18445,-2.8056419571437474,13305,1.471356475645935,0.06493786203065902,0.09236218188479917,0.008993735993996443,-0.020029373539300344,0.019334407052364794
2007-05-29,212893,34997,27159,119940,132661,022651,"NO. 2 HEATING OIL, N.Y. HARBOR - NEW YORK MERCANTILE EXCHANGE ",1.86899995803833,0.059753021470879734,-12721,2.58258962813236,7838,-2.466634782844097,0.04771160842593656,0.08795611043181673,-0.020029373539300344,0.051043390651593246,0.019609515260637415
2007-06-05,211697,40546,23390,114884,136996,022651,"NO. 2 HEATING OIL, N.Y. HARBOR - NEW YORK MERCANTILE EXCHANGE ",1.964400053024292,0.10445117313896748,-22112,-4.411136110628344,17156,4.376846584904154,0.037283627124027316,0.14573948948948948,0.051043390651593246,-0.0257076124632567,0.020432464552352633
2007-06-12,211740,30568,22210,124696,137365,022651,"NO. 2 HEATING OIL, N.Y. HARBOR - NEW YORK MERCANTILE EXCHANGE ",1.9139000177383425,0.059832813828279964,-12669,4.460620603976438,8358,-4.155939857437753,0.03884973345900382,0.2114138466785403,-0.0257076124632567,0.05898944481757251,0.020210986923711514
2007-06-19,234101,40966,21330,128579,156728,022651,"NO. 2 HEATING OIL, N.Y. HARBOR - NEW YORK MERCANTILE EXCHANGE ",2.0267999172210693,0.1202429720505252,-28149,-7.310852932842164,19636,5.326343628978936,0.08147714567115423,0.18103891100552202,0.05898944481757251,-0.016528496891253575,0.02032261581217199
2007-06-26,232980,37012,20391,129734,156986,022651,"NO. 2 HEATING OIL, N.Y. HARBOR - NEW YORK MERCANTILE EXCHANGE ",1.993299961090088,0.11697141385526655,-27252,0.38316794887676686,16621,-1.287905647562377,0.0049281529017857146,0.0852394474156403,-0.016528496891253575,0.03657254716401126,0.021257817762757498
2007-07-03,235536,43496,21001,125887,158650,022651,"NO. 2 HEATING OIL, N.Y. HARBOR - NEW YORK MERCANTILE EXCHANGE ",2.066200017929077,0.13909975545139597,-32763,-2.365439093484419,22495,2.5212464589235126,0.019368307109444465,0.10998961191993425,0.03657254716401126,0.02787727270471918,0.022582043593188234
2007-07-10,239269,49653,18840,127392,169383,022651,"NO. 2 HEATING OIL, N.Y. HARBOR - NEW YORK MERCANTILE EXCHANGE ",2.123800039291382,0.175497034718246,-41991,-3.917872427144895,30813,3.5315195978534066,0.04123662707438295,0.12144306717474779,0.02787727270471918,-0.04265938979977557,0.023948146028755134
2007-07-17,238449,43768,21247,130270,163792,022651,"NO. 2 HEATING OIL, N.Y. HARBOR - NEW YORK MERCANTILE EXCHANGE ",2.033200025558472,0.14058352100449154,-33522,3.539530820958837,22521,-3.465555504474044,0.028800048969264986,0.1275397985080366,-0.04265938979977557,-0.0011312335253199635,0.02475043146153951
2007-07-24,239062,37813,22934,134221,162076,022651,"NO. 2 HEATING OIL, N.Y. HARBOR - NEW YORK MERCANTILE EXCHANGE ",2.030900001525879,0.11651789075637282,-27855,2.376608834593561,14879,-3.204878191982353,0.01912607957556101,0.1258004510510807,-0.0011312335253199635,0.034024276456138924,0.02435230893294278
2007-07-31,233209,41539,21813,131560,162337,022651,"NO. 2 HEATING OIL, N.Y. HARBOR - NEW YORK MERCANTILE EXCHANGE ",2.0999999046325684,0.1319717506614239,-30777,-1.2222770662003999,19726,2.027507508512436,0.009942258682463585,0.07650902891779265,0.034024276456138924,-0.06471424169605067,0.025473749048136728
2007-08-07,218340,28685,24930,136061,145673,022651,"NO. 2 HEATING OIL, N.Y. HARBOR - NEW YORK MERCANTILE EXCHANGE ",1.964100003242493,0.04402308326463314,-9612,9.075550257494351,3755,-6.84836348511421,0.0751240531849191,0.297883055115173,-0.06471424169605067,0.00936813492784827,0.024040304229576755
2007-08-14,217825,26496,19412,137955,152279,022651,"NO. 2 HEATING OIL, N.Y. HARBOR - NEW YORK MERCANTILE EXCHANGE ",1.982499957084656,0.06575921037530127,-14324,-2.1581020426857194,7084,1.5246862691215537,0.02928671347946829,0.16787923673433824,0.00936813492784827,-0.015384583006497587,0.02269181122051811
2007-08-21,215860,27290,18626,137243,151134,022651,"NO. 2 HEATING OIL, N.Y. HARBOR - NEW YORK MERCANTILE EXCHANGE ",1.9520000219345093,0.06435189474659501,-13891,0.1987834270630093,8664,0.725352920922759,0.006439487199048468,0.0344106629497343,-0.015384583006497587,0.022694651454209902,0.022569822642069894
2007-08-28,218000,32313,13484,133874,158050,022651,"NO. 2 HEATING OIL, N.Y. HARBOR - NEW YORK MERCANTILE EXCHANGE ",1.9962999820709229,0.11089908256880734,-24176,-4.764662281108126,18829,4.709070693968313,0.0352317726531563,0.22195777015961743,0.022694651454209902,0.04167709193106628,0.02347214969696971
2007-09-04,223064,40528,14545,130434,164768,022651,"NO. 2 HEATING OIL, N.Y. HARBOR - NEW YORK MERCANTILE EXCHANGE ",2.0794999599456787,0.1539199512247606,-34334,-4.659633027522936,25983,3.281651376146789,0.03441033597333351,0.1684309915929766,0.04167709193106628,0.049627295402287386,0.02567323861012203
2007-09-11,231663,47451,15871,128870,173080,022651,"NO. 2 HEATING OIL, N.Y. HARBOR - NEW YORK MERCANTILE EXCHANGE ",2.182699918746948,0.19083755282457707,-44210,-4.427428899329341,31580,2.5091453573862212,0.032707401887729755,0.130270680016424,0.049627295402287386,0.02730568426309543,0.02873424748083849
2007-09-18,239889,53318,16014,125045,175009,022651,"NO. 2 HEATING OIL, N.Y. HARBOR - NEW YORK MERCANTILE EXCHANGE ",2.242300033569336,0.2082796626773216,-49964,-2.4837803188251897,37304,2.4708304735758406,0.01917654822132016,0.08668435931460221,0.02730568426309543,-0.027204258041137797,0.032383430801160545
2007-09-25,241699,51653,15079,130543,177631,022651,"NO. 2 HEATING OIL, N.Y. HARBOR - NEW YORK MERCANTILE EXCHANGE ",2.181299924850464,0.19482083086814592,-47088,1.1988878189495975,36574,-0.3043074088432567,0.026348751030262126,0.03896181741892945,-0.027204258041137797,-0.008710317536221202,0.03645231004309983
2007-10-02,225427,42337,13946,124058,163404,022651,"NO. 2 HEATING OIL, N.Y. HARBOR - NEW YORK MERCANTILE EXCHANGE ",2.162300109863281,0.1745398732183811,-39346,3.2031576464941933,28391,-3.385615993446394,0.07205126242772958,0.18565108469697778,-0.008710317536221202,0.010636822244255217,0.040193054880971614
2007-10-09,219935,41893,15118,119805,155563,022651,"NO. 2 HEATING OIL, N.Y. HARBOR - NEW YORK MERCANTILE EXCHANGE ",2.18530011177063,0.16258439993634483,-35758,1.5916460761133315,26775,-0.7168617778704415,0.043919409662705904,0.028345407026714144,0.010636822244255217,0.07019628264290367,0.04416195778408169
2007-10-16,238342,49790,14863,122835,168652,022651,"NO. 2 HEATING OIL, N.Y. HARBOR - NEW YORK MERCANTILE EXCHANGE ",2.33870005607605,0.19223217057841252,-45817,-4.573624025280196,34927,3.7065496624002545,0.055299207168758815,0.12608850324037554,0.07019628264290367,-0.01663323043353404,0.04867690810060376
2007-10-23,237360,50947,15749,121498,167276,022651,"NO. 2 HEATING OIL, N.Y. HARBOR - NEW YORK MERCANTILE EXCHANGE ",2.299799919128418,0.19286316144253454,-45778,0.01636304134395113,35198,0.11370215908232707,0.009394890121686856,0.030631522130262684,-0.01663323043353404,0.054265575789493425,0.05286833443273489
2007-10-30,235729,48607,18162,124446,164920,022651,"NO. 2 HEATING OIL, N.Y. HARBOR - NEW YORK MERCANTILE EXCHANGE ",2.424599885940552,0.17169716072269428,-40474,2.2345803842264913,30445,-2.002443545669026,0.018329727749631954,0.07118572990459644,0.054265575789493425,0.075558908497942,0.05704113564278417
2007-11-06,223136,41008,19779,119941,154461,022651,"NO. 2 HEATING OIL, N.Y. HARBOR - NEW YORK MERCANTILE EXCHANGE ",2.607800006866455,0.15470385773698553,-34520,2.525781723928749,21229,-3.9095741296149393,0.05453313022499836,0.15161136427196606,0.075558908497942,-0.04053225544267802,0.060867840533917514
2007-11-13,222614,40570,19552,124217,155491,022651,"NO. 2 HEATING OIL, N.Y. HARBOR - NEW YORK MERCANTILE EXCHANGE ",2.5020999908447266,0.14048532437313016,-31274,1.4547181987666715,21018,-0.09456116449161049,0.018969782773463756,0.011060842952662919,-0.04053225544267802,0.07513687080783127,0.0640539901292052
2007-11-20,228639,41473,18578,125984,157757,022651,"NO. 2 HEATING OIL, N.Y. HARBOR - NEW YORK MERCANTILE EXCHANGE ",2.6900999546051025,0.1389657932373742,-31773,-0.22415481506104737,22895,0.8431635027446611,0.014213666688987492,0.03125676508301277,0.07513687080783127,-0.013642619575104264,0.06717332315372247
2007-11-27,228675,39859,17405,128137,159461,022651,"NO. 2 HEATING OIL, N.Y. HARBOR - NEW YORK MERCANTILE EXCHANGE ",2.65339994430542,0.1369804307423199,-31324,0.19637944532647533,22454,-0.19288047970818625,0.013411080744650519,0.04866932103939648,-0.013642619575104264,-0.05336545433862694,0.07037563610413324
2007-12-04,203924,30778,13392,117283,141248,022651,"NO. 2 HEATING OIL, N.Y. HARBOR - NEW YORK MERCANTILE EXCHANGE ",2.5118000507354736,0.11751927188560445,-23965,3.2181042964906528,17386,-2.2162457636383515,0.1124313912064704,0.29644555127914873,-0.05336545433862694,0.004458934208793952,0.07321058827643791
2007-12-11,203242,33146,13720,114146,136650,022651,"NO. 2 HEATING OIL, N.Y. HARBOR - NEW YORK MERCANTILE EXCHANGE ",2.5230000019073486,0.11072514539317661,-22504,0.7164433808673819,19426,1.0003726878641062,0.030841799709724237,0.0575257116032945,0.004458934208793952,0.0128418124385703,0.07503536250329831
2007-12-18,212212,34883,11835,118777,141257,022651,"NO. 2 HEATING OIL, N.Y. HARBOR - NEW YORK MERCANTILE EXCHANGE ",2.5553998947143555,0.1059318040450116,-22480,0.011808582871650545,23048,1.7821119650465949,0.035526123506926015,0.07752900381009462,0.0128418124385703,0.03165852531655733,0.07717020828533627
2008-01-08,207696,41809,9339,111734,146503,022651,"NO. 2 HEATING OIL, N.Y. HARBOR - NEW YORK MERCANTILE EXCHANGE ",2.6363000869750977,0.16740332023726986,-34769,-5.790907206001545,32470,4.439899722918591,0.04758806832483339,0.18421052631578946,0.03165852531655733,-0.033797412855990916,0.08053372586057733
2008-01-15,209659,33799,7633,119940,149695,022651,"NO. 2 HEATING OIL, N.Y. HARBOR - NEW YORK MERCANTILE EXCHANGE ",2.5471999645233154,0.14192092874620216,-29755,2.4141052307218245,26166,-3.0352053000539247,0.042271960242550116,0.23450473064298127,-0.033797412855990916,-0.02928705337114912,0.08352854229757474
2008-01-22,200664,30647,9177,116537,137843,022651,"NO. 2 HEATING OIL, N.Y. HARBOR - NEW YORK MERCANTILE EXCHANGE ",2.472599983215332,0.10617749073077383,-21306,4.029877086125565,21470,-2.2398275294645114,0.05996933721204497,0.11791884290879871,-0.02928705337114912,0.02798675053775801,0.08680413474380319
2008-01-29,197221,32551,12146,112810,132766,022651,"NO. 2 HEATING OIL, N.Y. HARBOR - NEW YORK MERCANTILE EXCHANGE ",2.541800022125244,0.10118597918071605,-19956,0.6727664155005382,20405,-0.5307379500059802,0.03585040883473955,0.10902297693357496,0.02798675053775801,-0.037493098730504104,0.0899811402810368
2008-02-05,188836,28730,17174,114223,126583,022651,"NO. 2 HEATING OIL, N.Y. HARBOR - NEW YORK MERCANTILE EXCHANGE ",2.446500062942505,0.0654536211315639,-12360,3.8515168263014585,11556,-4.486844707206637,0.03154406451666487,0.19277187173231092,-0.037493098730504104,0.05910480720644862,0.09281054430074155
2008-02-12,217133,35569,21434,126258,145049,022651,"NO. 2 HEATING OIL, N.Y. HARBOR - NEW YORK MERCANTILE EXCHANGE ",2.591099977493286,0.08654142852537385,-18791,-3.405600626999089,14135,1.3657353470736513,0.11242245869070831,0.1947090504008561,0.05910480720644862,0.06572498488893075,0.09577746301628873
2008-02-19,234213,47395,20661,128349,159748,022651,"NO. 2 HEATING OIL, N.Y. HARBOR - NEW YORK MERCANTILE EXCHANGE ",2.761399984359741,0.13406173013453565,-31399,-5.806579377616484,26734,5.802434452616599,0.05827898242605789,0.1851269542729517,0.06572498488893075,0.019410470473057995,0.09940234762988281
2008-02-26,240280,51426,21646,132224,166876,022651,"NO. 2 HEATING OIL, N.Y. HARBOR - NEW YORK MERCANTILE EXCHANGE ",2.815000057220459,0.14421508240386216,-34652,-1.388906678963166,29780,1.3005255899544432,0.036787027749916414,0.06864462447996497,0.019410470473057995,-0.00824157535475245,0.10289797034943196
2008-03-04,237016,52504,21097,128613,166564,022651,"NO. 2 HEATING OIL, N.Y. HARBOR - NEW YORK MERCANTILE EXCHANGE ",2.791800022125244,0.16011999189928106,-37951,-1.372981521558182,31407,0.6771266855335442,0.013290330886214034,0.02210567791198489,-0.00824157535475245,0.07303526712735753,0.10669642530907705
2008-03-11,230125,48817,20383,122436,158396,022651,"NO. 2 HEATING OIL, N.Y. HARBOR - NEW YORK MERCANTILE EXCHANGE ",2.995699882507324,0.15626290059750136,-35960,0.8400276774563743,28434,-1.2543456981807135,0.051080361212397445,0.06359826589595376,0.07303526712735753,0.0474681166769968,0.10984890429497043
2008-03-18,227500,44978,19446,128649,161866,022651,"NO. 2 HEATING OIL, N.Y. HARBOR - NEW YORK MERCANTILE EXCHANGE ",3.137900114059448,0.1460087912087912,-33217,1.1919608908202064,25532,-1.2610537751222162,0.03333046486412061,0.07413386315658761,0.0474681166769968,-0.0679117203177464,0.1126349602013505
2008-03-25,224079,41828,16821,131792,160388,022651,"NO. 2 HEATING OIL, N.Y. HARBOR - NEW YORK MERCANTILE EXCHANGE ",2.924799919128418,0.12761570696049163,-28596,2.0312087912087913,25007,-0.23076923076923078,0.01581559312752413,0.09846715204010298,-0.0679117203177464,-0.01541984919502748,0.1155179309242537
2008-04-01,220703,39628,16695,127851,157112,022651,"NO. 2 HEATING OIL, N.Y. HARBOR - NEW YORK MERCANTILE EXCHANGE ",2.879699945449829,0.1325808892493532,-29261,-0.2967703354620469,22933,-0.9255664296966695,0.025326094966714976,0.04129751611242299,-0.01541984919502748,0.0800430555961471,0.11843188565389025
2008-04-08,224908,43064,16556,125894,159924,022651,"NO. 2 HEATING OIL, N.Y. HARBOR - NEW YORK MERCANTILE EXCHANGE ",3.1101999282836914,0.15130631191420493,-34030,-2.1608224627667045,26508,1.6198239262719583,0.01668544318412416,0.05996309963099631,0.0800430555961471,0.052633305747036285,0.12103546073518415
2008-04-15,228116,44024,15079,126878,159106,022651,"NO. 2 HEATING OIL, N.Y. HARBOR - NEW YORK MERCANTILE EXCHANGE ",3.273900032043457,0.14127899840432062,-32228,0.8012164974122752,28945,1.083554164369431,0.006301051807094104,0.04123310153460907,0.052633305747036285,0.013134177101621347,0.12220752255393129
2008-04-22,233804,42587,15198,129604,162323,022651,"NO. 2 HEATING OIL, N.Y. HARBOR - NEW YORK MERCANTILE EXCHANGE ",3.31690001487732,0.13994200270311885,-32719,-0.21524136842658997,27389,-0.6821091023865051,0.02035782918332323,0.026927403305356062,0.013134177101621347,-0.021224637252484246,0.1231635122047677
2008-04-29,226563,42282,20285,124335,149687,022651,"NO. 2 HEATING OIL, N.Y. HARBOR - NEW YORK MERCANTILE EXCHANGE ",3.246500015258789,0.11189823581078993,-25352,3.1509298386682865,21997,-2.306205197515868,0.06534146893315135,0.08617961545223521,-0.021224637252484246,0.03295853183800501,0.12453380027989093
2008-05-06,227262,41145,23446,128586,149725,022651,"NO. 2 HEATING OIL, N.Y. HARBOR - NEW YORK MERCANTILE EXCHANGE ",3.3534998893737797,0.09301599035474474,-21139,1.8595269306991873,17699,-1.8970440892820097,0.015410817394928694,0.06654177826632193,0.03295853183800501,0.10299690066501244,0.12561354249797363
2008-05-13,235549,37927,19233,132513,156884,022651,"NO. 2 HEATING OIL, N.Y. HARBOR - NEW YORK MERCANTILE EXCHANGE ",3.698899984359741,0.10346467189417063,-24371,-1.422147125344316,18694,0.43782066513539436,0.03830723884490855,0.1300034989503149,0.10299690066501244,0.020573714166230328,0.12636840731813065
2008-05-20,226001,34761,16713,123137,149058,022651,"NO. 2 HEATING OIL, N.Y. HARBOR - NEW YORK MERCANTILE EXCHANGE ",3.775000095367432,0.11469418276910279,-25921,-0.6580371812234397,18048,-0.2742529155292529,0.06319734014217748,0.1104635349885379,0.020573714166230328,0.006410585961484916,0.12818760266715762
2008-05-27,214630,32973,18367,116937,137489,022651,"NO. 2 HEATING OIL, N.Y. HARBOR - NEW YORK MERCANTILE EXCHANGE ",3.7992000579833984,0.09575548618552858,-20552,2.3756532050743138,14606,-1.5230021106101301,0.06983956042228388,0.06704324113751461,0.006410585961484916,-0.042008848446815406,0.12886857766553517
2008-06-03,210214,32065,18248,114628,137231,022651,"NO. 2 HEATING OIL, N.Y. HARBOR - NEW YORK MERCANTILE EXCHANGE ",3.6396000385284415,0.10752376150018553,-22603,-0.955598005870568,13817,-0.36760937427200296,0.010192210721078064,0.020412219505893107,-0.042008848446815406,0.04747776191275732,0.12933593291038162
2008-06-10,214434,29700,16173,120136,141479,022651,"NO. 2 HEATING OIL, N.Y. HARBOR - NEW YORK MERCANTILE EXCHANGE ",3.812400102615357,0.09953179066752474,-21343,0.5993891938691048,13527,-0.1379546557317781,0.03729143971102574,0.09678896082663005,0.04747776191275732,0.0025705479518445262,0.13010090924108633
2008-06-17,216092,28578,15369,122232,144154,022651,"NO. 2 HEATING OIL, N.Y. HARBOR - NEW YORK MERCANTILE EXCHANGE ",3.822200059890747,0.10144753160690817,-21922,-0.2700131508995775,13209,-0.14829737821427574,0.017910100380650634,0.04382551710014335,0.0025705479518445262,-0.002250012147982039,0.13004314690393134
2008-06-24,222793,28918,15464,129229,152078,022651,"NO. 2 HEATING OIL, N.Y. HARBOR - NEW YORK MERCANTILE EXCHANGE ",3.813600063323975,0.10255708213453744,-22849,-0.4289839512800104,13454,0.11337763545156691,0.05304169466099315,0.009801270785453562,-0.002250012147982039,0.034062297168222955,0.13086476744828243
2008-07-01,219020,32158,15705,123369,149918,022651,"NO. 2 HEATING OIL, N.Y. HARBOR - NEW YORK MERCANTILE EXCHANGE ",3.94350004196167,0.1212172404346635,-26549,-1.6607344036841374,16453,1.3460925612564127,0.02934643799375748,0.07272841234356392,0.034062297168222955,-0.03126666012907431,0.13088350337874663
2008-07-08,215338,28728,14979,124129,146784,022651,"NO. 2 HEATING OIL, N.Y. HARBOR - NEW YORK MERCANTILE EXCHANGE ",3.820199966430664,0.10520669830684784,-22655,1.7779198246735457,13749,-1.2345904483608803,0.014373618098799246,0.09508774338206695,-0.03126666012907431,0.02586250583533256,0.13065725884896934
2008-07-15,227987,29807,16839,130353,151259,022651,"NO. 2 HEATING OIL, N.Y. HARBOR - NEW YORK MERCANTILE EXCHANGE ",3.9189999103546143,0.09169821086290007,-20906,0.8122115000603702,12968,-0.3626856383917377,0.037991988977742426,0.06300647429575955,0.02586250583533256,-0.061444222857315545,0.12974569068380598
2008-07-22,226122,26772,15912,131620,150084,022651,"NO. 2 HEATING OIL, N.Y. HARBOR - NEW YORK MERCANTILE EXCHANGE ",3.678200006484986,0.08165503577714685,-18464,1.0711137038515353,10860,-0.9246141227350683,0.008668673501263737,0.09282166619810701,-0.061444222857315545,-0.05600567921325372,0.1279410368580156
2008-07-29,226852,28766,15659,127126,148577,022651,"NO. 2 HEATING OIL, N.Y. HARBOR - NEW YORK MERCANTILE EXCHANGE ",3.4721999168396,0.09455944845097244,-21451,-1.320968326832418,13107,0.9937113593546846,0.021766175921190557,0.05057962858750704,-0.05600567921325372,-0.05477790926360804,0.1270559585396787
2008-08-05,225915,30976,15889,122559,143467,022651,"NO. 2 HEATING OIL, N.Y. HARBOR - NEW YORK MERCANTILE EXCHANGE ",3.282000064849853,0.0925480822433216,-20908,0.2393631089873574,15087,0.8728157565284855,0.0363761436852037,0.05206444041395498,-0.05477790926360804,-0.0621267808567173,0.12659500068365848
2008-08-12,223001,32886,16424,116910,139390,022651,"NO. 2 HEATING OIL, N.Y. HARBOR - NEW YORK MERCANTILE EXCHANGE ",3.0780999660491943,0.10080672283980789,-22480,-0.6958369298187371,16462,0.6086359914126995,0.03794771751853297,0.049584262827012775,-0.0621267808567173,0.014814313356266151,0.12599567322555047
2008-08-19,220026,30759,12049,117528,142558,022651,"NO. 2 HEATING OIL, N.Y. HARBOR - NEW YORK MERCANTILE EXCHANGE ",3.123699903488159,0.113759282993828,-25030,-1.143492630077892,18710,1.008067228398079,0.014556723545288867,0.15188749766398804,0.014814313356266151,0.0275954802058076,0.12733675398957345
2008-08-26,221001,27267,11258,123238,145813,022651,"NO. 2 HEATING OIL, N.Y. HARBOR - NEW YORK MERCANTILE EXCHANGE ",3.20989990234375,0.1021488590549364,-22575,1.1157772263277976,16009,-1.22758219483152,0.03332082021624153,0.11117456197274497,0.0275954802058076,-0.04246233611739647,0.12803655492572028
2008-09-02,212963,27005,10892,116150,139983,022651,"NO. 2 HEATING OIL, N.Y. HARBOR - NEW YORK MERCANTILE EXCHANGE ",3.0736000537872314,0.11191145879800717,-23833,-0.5692281935375858,16113,0.047058610594522196,0.05043473507904097,0.016571232551389294,-0.04246233611739647,-0.048444829983649074,0.128951161926709
2008-09-09,212595,27208,12592,116786,141420,022651,"NO. 2 HEATING OIL, N.Y. HARBOR - NEW YORK MERCANTILE EXCHANGE ",2.9247000217437744,0.11587290387826618,-24634,-0.3761216737179698,14616,-0.7029390081845204,0.008028473389464226,0.047814070351758796,-0.048444829983649074,-0.07009263246896291,0.12904681233650625
2008-09-16,217338,30683,16392,120036,140281,022651,"NO. 2 HEATING OIL, N.Y. HARBOR - NEW YORK MERCANTILE EXCHANGE ",2.71970009803772,0.09314984034085158,-20245,2.0644888167642703,14291,-0.1528728333215739,0.01686021274062009,0.15454062665958576,-0.07009263246896291,0.10170234734071282,0.12787815635796956
2008-09-23,213925,25160,13608,121973,139882,022651,"NO. 2 HEATING OIL, N.Y. HARBOR - NEW YORK MERCANTILE EXCHANGE ",2.996299982070923,0.0837162556970901,-17909,1.074823546733659,11552,-1.2602490130580017,0.008920967711137843,0.21427465951300043,0.10170234734071282,-0.0442879442060895,0.1258181314132102
2008-09-30,203017,20595,11703,116246,133535,022651,"NO. 2 HEATING OIL, N.Y. HARBOR - NEW YORK MERCANTILE EXCHANGE ",2.863600015640259,0.08516035602929804,-17289,0.2898211990183476,8892,-1.2434264344980719,0.048338344389685366,0.20032200136231346,-0.0442879442060895,-0.1249825053416469,0.12345045243920974
2008-10-07,208439,22264,14824,120554,135989,022651,"NO. 2 HEATING OIL, N.Y. HARBOR - NEW YORK MERCANTILE EXCHANGE ",2.50570011138916,0.07405044161601236,-15435,0.9132240157228213,7440,-0.7152110414398795,0.026358154383475673,0.12915228645383953,-0.1249825053416469,-0.09817617454709326,0.12112794495359179
2008-10-14,212748,20830,16013,128316,135506,022651,"NO. 2 HEATING OIL, N.Y. HARBOR - NEW YORK MERCANTILE EXCHANGE ",2.259700059890747,0.033795852369940024,-7190,3.9555937228637634,4817,-1.2584017386381627,0.031252132119383526,0.0711939852889287,-0.09817617454709326,-0.03655357549255012,0.11842132916804485
2008-10-21,214867,21512,16874,125185,135342,022651,"NO. 2 HEATING OIL, N.Y. HARBOR - NEW YORK MERCANTILE EXCHANGE ",2.1770999431610107,0.047271102589043455,-10157,-1.3946077048902927,4638,-0.08413710117133887,0.012647441531971735,0.040196946803522114,-0.03655357549255012,-0.12176749309170898,0.11620376575751981
2008-10-28,218603,22190,17010,129955,140014,022651,"NO. 2 HEATING OIL, N.Y. HARBOR - NEW YORK MERCANTILE EXCHANGE ",1.9119999408721924,0.04601492202760255,-10059,0.04560960966551402,5180,0.25224906570110817,0.03497438594801625,0.02076530612244898,-0.12176749309170898,0.13054402707198154,0.11339189559308115
2008-11-04,218867,22749,12647,128005,144929,022651,"NO. 2 HEATING OIL, N.Y. HARBOR - NEW YORK MERCANTILE EXCHANGE ",2.161600112915039,0.07732549904736667,-16924,-3.140396060438329,10102,2.2515701980302194,0.02515260099511237,0.13905526048141034,0.13054402707198154,-0.10760551477498026,0.11117001747009717
2008-11-11,220143,22506,14802,133985,146615,022651,"NO. 2 HEATING OIL, N.Y. HARBOR - NEW YORK MERCANTILE EXCHANGE ",1.9290000200271609,0.05737179923958518,-12630,1.9619220805329265,7704,-1.0956425591797758,0.027320028510334996,0.06427575855044494,-0.10760551477498026,-0.08869881733138663,0.10897145282619121
2008-11-18,230248,20819,18018,145592,152754,022651,"NO. 2 HEATING OIL, N.Y. HARBOR - NEW YORK MERCANTILE EXCHANGE ",1.7578999996185305,0.0311055904937285,-7162,2.483840049422421,2801,-2.227188690987222,0.059481273420793304,0.12624559054509873,-0.08869881733138663,-0.03361967794843124,0.1065945630715132
2008-11-25,223959,23979,16614,138611,150745,022651,"NO. 2 HEATING OIL, N.Y. HARBOR - NEW YORK MERCANTILE EXCHANGE ",1.698799967765808,0.05417955965154336,-12134,-2.1594107223515513,7365,1.9822104860845697,0.031068994594893488,0.11243317813416107,-0.03361967794843124,-0.06804802924683617,0.1049348368268673
2008-12-02,218117,22647,16674,134616,146496,022651,"NO. 2 HEATING OIL, N.Y. HARBOR - NEW YORK MERCANTILE EXCHANGE ",1.583199977874756,0.05446618099460381,-11880,0.11341361588505039,5973,-0.6215423358739769,0.02932638948177239,0.0354009308003357,-0.06804802924683617,-0.0924077566154683,0.1033098442837371
2008-12-09,221042,19455,15476,139924,149247,022651,"NO. 2 HEATING OIL, N.Y. HARBOR - NEW YORK MERCANTILE EXCHANGE ",1.436900019645691,0.042177504727608325,-9323,1.1723066060875584,3979,-0.9141882567612796,0.027869322995736086,0.12567633334287595,-0.0924077566154683,0.016285022446837605,0.1014867110911465
2008-12-16,223673,22009,14346,140521,155227,022651,"NO. 2 HEATING OIL, N.Y. HARBOR - NEW YORK MERCANTILE EXCHANGE ",1.4602999687194824,0.06574776571155214,-14706,-2.435283792220483,7663,1.666651586576307,0.022238527394944346,0.1013340668408747,0.016285022446837605,-0.11798944381840659,0.10049110520318395
2008-12-30,226522,24550,19080,150154,159762,022651,"NO. 2 HEATING OIL, N.Y. HARBOR - NEW YORK MERCANTILE EXCHANGE ",1.287999987602234,0.04241530623957055,-9608,2.2792201115020587,5470,-0.9804491378038476,0.04571561326294867,0.1667430666972267,-0.11798944381840659,0.2626552740346706,0.09917745445022999
2009-01-06,225181,24326,17086,142511,158165,022651,"NO. 2 HEATING OIL, N.Y. HARBOR - NEW YORK MERCANTILE EXCHANGE ",1.6262999773025513,0.06951741043871375,-15654,-2.669056427190295,7240,0.7813810579104898,0.030730753369075017,0.053559354776393314,0.2626552740346706,-0.06899097541025245,0.09847717765010887
2009-01-13,229106,24296,14979,139326,159761,022651,"NO. 2 HEATING OIL, N.Y. HARBOR - NEW YORK MERCANTILE EXCHANGE ",1.5140999555587769,0.08919452131327857,-20435,-2.1231809078030563,9317,0.9223691163996963,0.015985315309592192,0.05441120305537874,-0.06899097541025245,-0.09134135531069487,0.09697316228618597
2009-01-20,249159,23145,18300,153631,169001,022651,"NO. 2 HEATING OIL, N.Y. HARBOR - NEW YORK MERCANTILE EXCHANGE ",1.3758000135421753,0.06168751680653719,-15370,2.210767068518502,4845,-1.9519349122240361,0.07297788192119814,0.10790203884666426,-0.09134135531069487,-0.0009448882757344679,0.09543021205657702
2009-01-27,248190,24705,16945,154034,171203,022651,"NO. 2 HEATING OIL, N.Y. HARBOR - NEW YORK MERCANTILE EXCHANGE ",1.374500036239624,0.06917684032394536,-17169,-0.722028905237218,7760,1.169935663572257,0.008009543809591159,0.06998799519807923,-0.0009448882757344679,-0.03572210992718039,0.09471866108721493
2009-02-03,244995,26794,18177,151422,166784,022651,"NO. 2 HEATING OIL, N.Y. HARBOR - NEW YORK MERCANTILE EXCHANGE ",1.3253999948501587,0.06270332047592808,-15362,0.7280712357468069,8617,0.3452999717958016,0.02209574929448219,0.07384759066954259,-0.03572210992718039,-0.018107777826046667,0.09397860995827668
2009-02-10,253485,28265,17874,159073,173602,022651,"NO. 2 HEATING OIL, N.Y. HARBOR - NEW YORK MERCANTILE EXCHANGE ",1.3013999462127686,0.057317001005976684,-14529,0.34000693891712075,10391,0.724096410130819,0.04349289847448711,0.03844903443941134,-0.018107777826046667,-0.08836629405289065,0.0938221364943231
2009-02-17,258898,30859,22950,160263,173427,022651,"NO. 2 HEATING OIL, N.Y. HARBOR - NEW YORK MERCANTILE EXCHANGE ",1.186400055885315,0.05084627922965801,-13164,0.5384934019764483,7909,-0.9791506400773222,0.0040906230333543105,0.14254121057815608,-0.08836629405289065,0.018374849091838286,0.09313569131555934
2009-02-24,259123,29160,24308,158318,170699,022651,"NO. 2 HEATING OIL, N.Y. HARBOR - NEW YORK MERCANTILE EXCHANGE ",1.208199977874756,0.04778039772617637,-12381,0.3024357082712111,4852,-1.1807738955109734,0.014202913527264549,0.05717438467868632,0.018374849091838286,-0.023671559358571126,0.09147643492309089
2009-03-03,255954,28158,21317,163255,177114,022651,"NO. 2 HEATING OIL, N.Y. HARBOR - NEW YORK MERCANTILE EXCHANGE ",1.1796000003814695,0.05414644818990912,-13859,-0.5703854926038986,6841,0.7675891372051111,0.033352038522897205,0.08070742799393633,-0.023671559358571126,0.016191887745192313,0.0897443458035918
2009-03-10,256546,27405,18068,160196,178899,022651,"NO. 2 HEATING OIL, N.Y. HARBOR - NEW YORK MERCANTILE EXCHANGE ",1.198699951171875,0.07290310509616209,-18703,-1.8925275635465748,9337,0.9751752267985654,0.0142850823515534,0.08800826864293097,0.016191887745192313,0.06340210019985237,0.0880670979804549
2009-03-17,267784,30655,19210,165715,187826,022651,"NO. 2 HEATING OIL, N.Y. HARBOR - NEW YORK MERCANTILE EXCHANGE ",1.2747000455856323,0.08257028052460191,-22111,-1.3284167361798664,11445,0.8216849999610207,0.04086089025035286,0.08807781008723553,0.06340210019985237,0.17643367004399813,0.08664993220982221
2009-03-24,266131,33212,14131,161682,193527,022651,"NO. 2 HEATING OIL, N.Y. HARBOR - NEW YORK MERCANTILE EXCHANGE ",1.4996000528335571,0.11965911524775392,-31845,-3.635019269261793,19081,2.851551997132017,0.027403584931688103,0.16129100394989757,0.17643367004399813,-0.10389443761811323,0.08614320767210995
2009-03-31,251583,33292,10944,146868,183367,022651,"NO. 2 HEATING OIL, N.Y. HARBOR - NEW YORK MERCANTILE EXCHANGE ",1.3437999486923218,0.14507737009257382,-36499,-1.748762827329398,22348,1.227590923267113,0.07562493375929262,0.07385387467221267,-0.10389443761811323,0.03460342949827688,0.08647900888618845
2009-04-07,246917,33149,11556,138968,175821,022651,"NO. 2 HEATING OIL, N.Y. HARBOR - NEW YORK MERCANTILE EXCHANGE ",1.3903000354766846,0.14925258285172752,-36853,-0.14070903041938446,21593,-0.30009976826733126,0.049067788264520046,0.01688849122022145,0.03460342949827688,0.008631205069297154,0.0867996183785418
2009-04-14,256892,35130,11839,142887,182746,022651,"NO. 2 HEATING OIL, N.Y. HARBOR - NEW YORK MERCANTILE EXCHANGE ",1.4023000001907349,0.15515858804478147,-39859,-1.2174131388280272,23291,0.6876804756254126,0.03330129317360341,0.048202005578147286,0.008631205069297154,-0.03886471067540742,0.08687370061182212
2009-04-21,266608,35676,14844,150744,185878,022651,"NO. 2 HEATING OIL, N.Y. HARBOR - NEW YORK MERCANTILE EXCHANGE ",1.3478000164031982,0.13178149192822422,-35134,1.839294333805646,20832,-0.9572115908630864,0.03264492516828965,0.07028899445764054,-0.03886471067540742,-0.02307466562935656,0.08669105625651258
2009-04-28,266538,33945,16701,155079,183073,022651,"NO. 2 HEATING OIL, N.Y. HARBOR - NEW YORK MERCANTILE EXCHANGE ",1.3166999816894531,0.10502817609496583,-27994,2.678089179619516,17244,-1.3457960751365299,0.02111476495777047,0.07084468664850137,-0.02307466562935656,0.08316249112743179,0.0860196365140481
2009-05-05,255772,34189,15850,145845,174252,022651,"NO. 2 HEATING OIL, N.Y. HARBOR - NEW YORK MERCANTILE EXCHANGE ",1.426200032234192,0.11106375991117089,-28407,-0.15494976326077334,18339,0.41082322220471373,0.056404777301880364,0.02188293131357541,0.08316249112743179,0.05665400043614799,0.08600358890059388
2009-05-12,258406,33222,13086,145152,177366,022651,"NO. 2 HEATING OIL, N.Y. HARBOR - NEW YORK MERCANTILE EXCHANGE ",1.506999969482422,0.12466428798092924,-32214,-1.4884350124329482,20136,0.7025788592965609,0.011803992335311517,0.0805692320981256,0.05665400043614799,-0.01353678069413855,0.08661221000878974
2009-05-19,260622,33611,13475,146177,176853,022651,"NO. 2 HEATING OIL, N.Y. HARBOR - NEW YORK MERCANTILE EXCHANGE ",1.486600041389465,0.11770303351213635,-30676,0.5951874182488023,20136,0.0,0.0047611676934030895,0.01652295799175976,-0.01353678069413855,0.039486051286615975,0.08688602465528908
2009-05-26,265843,35665,14166,149264,180269,022651,"NO. 2 HEATING OIL, N.Y. HARBOR - NEW YORK MERCANTILE EXCHANGE ",1.545300006866455,0.11662898778602408,-31005,-0.12623646507202002,21499,0.5229796410126543,0.019733987187929587,0.05508619132668419,0.039486051286615975,0.1634633750615988,0.08692323244407602
2009-06-02,267770,36041,14118,148674,183390,022651,"NO. 2 HEATING OIL, N.Y. HARBOR - NEW YORK MERCANTILE EXCHANGE ",1.7978999614715576,0.12964857900436944,-34716,-1.3959366994805205,21923,0.15949263286977652,0.01117555651922521,0.008453119081321398,0.1634633750615988,0.0053952166964883475,0.0875750226905922
2009-06-09,281579,41241,12901,156361,201622,022651,"NO. 2 HEATING OIL, N.Y. HARBOR - NEW YORK MERCANTILE EXCHANGE ",1.807600021362305,0.1607399699551458,-45261,-3.938081189080181,28340,2.3964596482055494,0.07240287946634337,0.11852166525063722,0.0053952166964883475,0.009626037904280071,0.08859841131472604
2009-06-16,286992,40145,9769,161122,206604,022651,"NO. 2 HEATING OIL, N.Y. HARBOR - NEW YORK MERCANTILE EXCHANGE ",1.825000047683716,0.1584782851089926,-45482,-0.07848596663813709,30376,0.7230652854083579,0.026495270935424746,0.08470569379332452,0.009626037904280071,-0.03068492756974417,0.08973199774629273
2009-06-23,287587,39163,7816,162875,209371,022651,"NO. 2 HEATING OIL, N.Y. HARBOR - NEW YORK MERCANTILE EXCHANGE ",1.7690000534057615,0.16167629273924064,-46496,-0.3533199531694263,31347,0.33833695712772477,0.01214250791143491,0.06247472274846208,-0.03068492756974417,-0.02882984596192517,0.09089024315268375
2009-06-30,282101,40402,7574,162446,206799,022651,"NO. 2 HEATING OIL, N.Y. HARBOR - NEW YORK MERCANTILE EXCHANGE ",1.718000054359436,0.15722383118103092,-44353,0.7451658106938075,32828,0.514974598990914,0.008127395089980907,0.03086960146740037,-0.02882984596192517,-0.06827708373564156,0.09194152678819324
2009-07-07,282187,39223,10611,169110,203431,022651,"NO. 2 HEATING OIL, N.Y. HARBOR - NEW YORK MERCANTILE EXCHANGE ",1.6007000207901,0.12162502170546481,-34321,3.556173143661313,28612,-1.4945001967380478,0.026928579673109805,0.08460087490468354,-0.06827708373564156,-0.05547577404675208,0.09194936873570866
2009-07-14,293686,36831,19582,185116,207157,022651,"NO. 2 HEATING OIL, N.Y. HARBOR - NEW YORK MERCANTILE EXCHANGE ",1.5118999481201172,0.07504954270887955,-22041,4.351724211249987,17249,-4.026762395149316,0.05030170315061195,0.2014252034105614,-0.05547577404675208,0.12335477139948359,0.09136942343574773
2009-07-21,300127,43773,21039,186233,212801,022651,"NO. 2 HEATING OIL, N.Y. HARBOR - NEW YORK MERCANTILE EXCHANGE ",1.6984000205993652,0.08852252546422015,-26568,-1.541442220602957,22734,1.8676409498580115,0.016943418355328116,0.12959019934580016,0.12335477139948359,0.03903676031493042,0.09130835256269618
2009-07-28,299796,45903,16074,178848,216213,022651,"NO. 2 HEATING OIL, N.Y. HARBOR - NEW YORK MERCANTILE EXCHANGE ",1.7647000551223757,0.12463475163110915,-37365,-3.597477068041196,29829,2.3639992403215975,0.027329956639607553,0.1144779514981364,0.03903676031493042,0.07746354092042629,0.09213488555988775
2009-08-04,298371,47963,13239,174043,217985,022651,"NO. 2 HEATING OIL, N.Y. HARBOR - NEW YORK MERCANTILE EXCHANGE ",1.9013999700546265,0.14727302586377364,-43942,-2.193825134424742,34724,1.6327769549960638,0.01677686287714143,0.07998104637103362,0.07746354092042629,0.005417082364190806,0.09314860820244163
2009-08-11,305823,52089,14416,175906,226401,022651,"NO. 2 HEATING OIL, N.Y. HARBOR - NEW YORK MERCANTILE EXCHANGE ",1.9117000102996824,0.165111845740837,-50495,-2.1962590198109067,37673,0.9883668318972019,0.025550139570029853,0.07973836553642583,0.005417082364190806,-0.024428519386584302,0.09454406519277847
2009-08-18,311666,52074,16338,183826,231463,022651,"NO. 2 HEATING OIL, N.Y. HARBOR - NEW YORK MERCANTILE EXCHANGE ",1.8650000095367432,0.15284631624880482,-47637,0.9345274881222144,35736,-0.6333728987028444,0.03126015858835654,0.02831374612641057,-0.024428519386584302,-0.00487933527110751,0.09554482660448994
2009-08-25,313857,50808,16273,183472,231539,022651,"NO. 2 HEATING OIL, N.Y. HARBOR - NEW YORK MERCANTILE EXCHANGE ",1.8559000492095947,0.15314936420089403,-48067,-0.1379682095576675,34535,-0.3853484178575783,0.001036117114968037,0.01984168393434803,-0.00487933527110751,-0.05226574723263466,0.0963023281661643
2009-09-01,295656,44810,15490,178529,217410,022651,"NO. 2 HEATING OIL, N.Y. HARBOR - NEW YORK MERCANTILE EXCHANGE ",1.7589000463485718,0.1315075628433044,-38881,2.9268106175742457,29320,-1.6615847344491281,0.04816903613940531,0.11245439469320066,-0.05226574723263466,0.013417466393642163,0.09686691862363292
2009-09-08,306603,44223,18819,187802,218733,022651,"NO. 2 HEATING OIL, N.Y. HARBOR - NEW YORK MERCANTILE EXCHANGE ",1.7825000286102295,0.10088290068916482,-30931,2.6889357902427147,25404,-1.324512271017669,0.02606417651616712,0.062117318612988165,0.013417466393642163,-0.001346446332680884,0.09665483096769363
2009-09-15,317062,46114,17456,196946,229918,022651,"NO. 2 HEATING OIL, N.Y. HARBOR - NEW YORK MERCANTILE EXCHANGE ",1.7800999879837036,0.10399227911260259,-32972,-0.6656816795660838,28658,1.061307293144555,0.04762406761872634,0.051187667138587384,-0.001346446332680884,0.01797655472493953,0.09642635741450781
2009-09-22,316481,49754,14851,193019,233360,022651,"NO. 2 HEATING OIL, N.Y. HARBOR - NEW YORK MERCANTILE EXCHANGE ",1.812100052833557,0.12746736770927797,-40341,-2.3241511124007292,34903,1.9696463152317212,0.017282746101473102,0.09666434486494853,0.01797655472493953,-0.06153083248421132,0.09708630986390061
2009-09-29,311436,46760,21081,192973,223783,022651,"NO. 2 HEATING OIL, N.Y. HARBOR - NEW YORK MERCANTILE EXCHANGE ",1.700600028038025,0.09892883289022464,-30810,3.0115551960465243,25679,-2.9145509525058375,0.023090249450517807,0.1359649769313542,-0.06153083248421132,0.06679996105334585,0.09737885942530705
2009-10-06,308327,49540,17116,184916,222137,022651,"NO. 2 HEATING OIL, N.Y. HARBOR - NEW YORK MERCANTILE EXCHANGE ",1.814200043678284,0.12071923639512595,-37221,-2.0585288791276537,32424,2.16577402740852,0.023837190734376113,0.10119119059049447,0.06679996105334585,0.06019181905736071,0.0980626840477268
2009-10-13,310116,52000,15543,181844,230081,022651,"NO. 2 HEATING OIL, N.Y. HARBOR - NEW YORK MERCANTILE EXCHANGE ",1.9234000444412231,0.15554502186278682,-48237,-3.5728301446191866,36457,1.3080268675789015,0.02674273229350003,0.059710110596212784,0.06019181905736071,0.06441720548119756,0.09962988751401093
2009-10-20,315728,55312,15645,179250,235523,022651,"NO. 2 HEATING OIL, N.Y. HARBOR - NEW YORK MERCANTILE EXCHANGE ",2.047300100326538,0.17823252926569705,-56273,-2.5912884211069405,39667,1.0350965445188254,0.019374453014058293,0.04811364629282523,0.06441720548119756,0.0038098292546673296,0.10240751591585241
2009-10-27,320479,59453,15257,170396,239330,022651,"NO. 2 HEATING OIL, N.Y. HARBOR - NEW YORK MERCANTILE EXCHANGE ",2.0550999641418457,0.2150967770119103,-68934,-4.0100972989408605,44196,1.434462575381341,0.03090113880983877,0.06062106813010307,0.0038098292546673296,0.008855978284198374,0.10563493273167678
2009-11-03,315574,58960,13548,170599,234449,022651,"NO. 2 HEATING OIL, N.Y. HARBOR - NEW YORK MERCANTILE EXCHANGE ",2.0732998847961426,0.2023297229809807,-63850,1.58637539433161,45412,0.3794320376686148,0.012551598822855562,0.030369062724113202,0.008855978284198374,-0.007138298422847189,0.10864098659616482
2009-11-17,322267,55345,15619,185175,231361,022651,"NO. 2 HEATING OIL, N.Y. HARBOR - NEW YORK MERCANTILE EXCHANGE ",2.058500051498413,0.14331594609438758,-46186,5.597419305772973,39726,-1.8017960922002447,0.042406898803464765,0.080125133870695,-0.007138298422847189,-0.052854044631817865,0.10991003365476137
2009-11-24,325501,47784,18852,190719,232575,022651,"NO. 2 HEATING OIL, N.Y. HARBOR - NEW YORK MERCANTILE EXCHANGE ",1.9496999979019165,0.12858946669902704,-41856,1.3436063884915301,28932,-3.349396618332004,0.01596526291419203,0.16198451287592291,-0.052854044631817865,0.06580503200528232,0.11127960418282758
2009-12-01,317500,50017,18168,184011,228113,022651,"NO. 2 HEATING OIL, N.Y. HARBOR - NEW YORK MERCANTILE EXCHANGE ",2.078000068664551,0.138903937007874,-44102,-0.6900132411267553,31849,0.8961570010537603,0.02710349312342887,0.042780670235389014,0.06580503200528232,-0.041915315742830805,0.1133526493080996
2009-12-08,311649,46338,15718,185084,226843,022651,"NO. 2 HEATING OIL, N.Y. HARBOR - NEW YORK MERCANTILE EXCHANGE ",1.990900039672852,0.13399369162102237,-41759,0.7379527559055119,30620,-0.38708661417322837,0.005687901011587004,0.09876563104292897,-0.041915315742830805,-0.04400019639683683,0.11488753646135882
2009-12-15,302303,45107,20086,184373,215931,022651,"NO. 2 HEATING OIL, N.Y. HARBOR - NEW YORK MERCANTILE EXCHANGE ",1.9033000469207764,0.10439195112188765,-31558,3.2732336699299536,25021,-1.7965724260305664,0.029035433070866142,0.08588345374503398,-0.04400019639683683,0.02380077010965409,0.11584764742534505
2009-12-22,307202,48492,15973,187315,229523,022651,"NO. 2 HEATING OIL, N.Y. HARBOR - NEW YORK MERCANTILE EXCHANGE ",1.9486000537872317,0.13739493883503362,-42208,-3.5229554453644196,32519,2.480292951111964,0.03966528963290295,0.11631117660746142,0.02380077010965409,0.07913365204861211,0.1176787519274109
2009-12-29,314896,59692,15131,184130,243262,022651,"NO. 2 HEATING OIL, N.Y. HARBOR - NEW YORK MERCANTILE EXCHANGE ",2.102799892425537,0.18778263299629083,-59132,-5.509078716935437,44561,3.9198963548414403,0.03959830787660976,0.16093981797041018,0.07913365204861211,0.0434183067109819,0.12002557629827125
2010-01-05,317155,67465,17088,170665,239844,022651,"NO. 2 HEATING OIL, N.Y. HARBOR - NEW YORK MERCANTILE EXCHANGE ",2.194099903106689,0.21812363040153868,-69179,-3.190577206442762,50377,1.8469589959859762,0.041126991125651324,0.11507575130391588,0.0434183067109819,-0.02839431637726275,0.12340458253215526
2010-01-12,332408,67656,18287,178504,246670,022651,"NO. 2 HEATING OIL, N.Y. HARBOR - NEW YORK MERCANTILE EXCHANGE ",2.131799936294556,0.20506726673244927,-68166,0.3194021850514732,49369,-0.31782566883700397,0.034491761020194085,0.016173510349883062,-0.02839431637726275,-0.040529146554735496,0.12601131053780404
2010-01-19,311199,56219,17961,175376,228000,022651,"NO. 2 HEATING OIL, N.Y. HARBOR - NEW YORK MERCANTILE EXCHANGE ",2.045399904251098,0.1691008004524436,-52624,4.675579408437824,38258,-3.342578999302063,0.054038911586212365,0.15857373955244,-0.040529146554735496,-0.04625010592690593,0.12754796975201874
2010-01-26,315328,51566,24649,182224,223172,022651,"NO. 2 HEATING OIL, N.Y. HARBOR - NEW YORK MERCANTILE EXCHANGE ",1.9507999420166016,0.12985843312360462,-40948,3.751940076928268,26917,-3.6442919161051286,0.028801468194062103,0.148802729121564,-0.04625010592690593,0.04147014365734214,0.12885894891196234
2010-02-02,312191,49530,27246,184171,215571,022651,"NO. 2 HEATING OIL, N.Y. HARBOR - NEW YORK MERCANTILE EXCHANGE ",2.0316998958587646,0.1005794529630899,-31400,3.027958189567688,22284,-1.4692637507611124,0.02388540608692607,0.060344378451599456,0.04147014365734214,-0.046463520148348425,0.12946284530886898
2010-02-09,313712,41845,27087,191688,213998,022651,"NO. 2 HEATING OIL, N.Y. HARBOR - NEW YORK MERCANTILE EXCHANGE ",1.9372999668121336,0.07111618299586882,-22310,2.911679068262698,14758,-2.4107037038223393,0.022406491720197395,0.11379330354552313,-0.046463520148348425,0.030454765018075758,0.12962463112656014
2010-02-16,300777,42141,25957,181885,206579,022651,"NO. 2 HEATING OIL, N.Y. HARBOR - NEW YORK MERCANTILE EXCHANGE ",1.9962999820709229,0.08210069253965563,-24694,-0.7599326771051155,16184,0.4545570459529759,0.04433358046048025,0.020940409409967987,0.030454765018075758,0.01803336856923443,0.1301012405791309
2010-02-23,304732,49653,21430,174884,219051,022651,"NO. 2 HEATING OIL, N.Y. HARBOR - NEW YORK MERCANTILE EXCHANGE ",2.0322999954223637,0.1449371907118386,-44167,-6.474231739793934,28223,4.002633180063635,0.04943201289552845,0.16936538975563778,0.01803336856923443,0.011710818429288006,0.13191068118455745
2010-03-02,300511,48779,24944,172758,214932,022651,"NO. 2 HEATING OIL, N.Y. HARBOR - NEW YORK MERCANTILE EXCHANGE ",2.0560998916625977,0.14034095257744308,-42174,0.6540173004476064,23835,-1.43995379546618,0.01610823080296113,0.05952009549258712,0.011710818429288006,0.01639024906109854,0.1336906918547741
2010-03-09,318425,50966,26168,185680,231415,022651,"NO. 2 HEATING OIL, N.Y. HARBOR - NEW YORK MERCANTILE EXCHANGE ",2.0897998809814453,0.14362879799010755,-45735,-1.1849815813730613,24798,0.3204541597478961,0.0704995264867716,0.04422174397801229,0.01639024906109854,0.011723673558422076,0.1354115062740087
2010-03-16,328460,52889,29697,195491,239638,022651,"NO. 2 HEATING OIL, N.Y. HARBOR - NEW YORK MERCANTILE EXCHANGE ",2.114300012588501,0.1344060159532363,-44147,0.4987045615137003,23192,-0.5043573839993719,0.04144518062459639,0.06601603177293973,0.011723673558422076,-0.005912144733146052,0.13659425455972166
2010-03-23,326194,48851,28408,197503,238352,022651,"NO. 2 HEATING OIL, N.Y. HARBOR - NEW YORK MERCANTILE EXCHANGE ",2.101799964904785,0.12522915810836496,-40849,1.0040796444011446,20443,-0.8369360043840954,0.007566736644067408,0.06894989580501948,-0.005912144733146052,0.010895472882807233,0.13741461759017864
2010-03-30,319299,52204,24291,188471,239232,022651,"NO. 2 HEATING OIL, N.Y. HARBOR - NEW YORK MERCANTILE EXCHANGE ",2.1247000694274902,0.15897638263821684,-50761,-3.0386825018240677,27913,2.2900482534933198,0.023174960194340465,0.09765344140139878,0.010895472882807233,0.06758600383004776,0.13817071888614907
2010-04-06,323223,63732,26385,177767,239186,022651,"NO. 2 HEATING OIL, N.Y. HARBOR - NEW YORK MERCANTILE EXCHANGE ",2.2683000564575195,0.19002051215414745,-61419,-3.337937168609986,37347,2.9545974149621514,0.025782282415524053,0.1511590487921258,0.06758600383004776,-0.023850476248536312,0.13903501007964086
2010-04-13,298513,64136,25185,159304,222767,022651,"NO. 2 HEATING OIL, N.Y. HARBOR - NEW YORK MERCANTILE EXCHANGE ",2.214200019836426,0.2125971063236777,-63463,-0.6323807402319761,38951,0.4962518137632532,0.09129716728042693,0.017957703115728665,-0.023850476248536312,-0.015355396796477794,0.14025317399256299
2010-04-20,300329,60154,24820,167106,220500,022651,"NO. 2 HEATING OIL, N.Y. HARBOR - NEW YORK MERCANTILE EXCHANGE ",2.1802000999450684,0.17778502908477037,-53394,3.373052429877426,35334,-1.2116725234746895,0.025977410050412018,0.05115682444041707,-0.015355396796477794,0.022979473169545406,0.14068829785871664
2010-04-27,309226,65849,27222,168453,227082,022651,"NO. 2 HEATING OIL, N.Y. HARBOR - NEW YORK MERCANTILE EXCHANGE ",2.230299949645996,0.1895991928233719,-58629,-1.7430884130403657,38627,1.0964642109153628,0.02004626644923964,0.08699809822608547,0.022979473169545406,0.013092443938547138,0.14180017672208486
2010-05-04,313517,67933,29384,168962,228435,022651,"NO. 2 HEATING OIL, N.Y. HARBOR - NEW YORK MERCANTILE EXCHANGE ",2.259500026702881,0.18969625251581254,-59473,-0.27293953289826856,38549,-0.02522426962803904,0.004685490831586549,0.043630609246072115,0.013092443938547138,-0.05284355963840992,0.14342840896094727
2010-05-11,316835,50036,25746,192618,232419,022651,"NO. 2 HEATING OIL, N.Y. HARBOR - NEW YORK MERCANTILE EXCHANGE ",2.1401000022888184,0.1256205911594363,-39801,6.274619877072057,24290,-4.548078732572716,0.0650296327143284,0.2841703834683698,-0.05284355963840992,-0.08345402245708955,0.14370834802341395
2010-05-18,318322,47339,29464,197672,226372,022651,"NO. 2 HEATING OIL, N.Y. HARBOR - NEW YORK MERCANTILE EXCHANGE ",1.96150004863739,0.09016027795753985,-28700,3.503716445468461,17875,-2.0247131787839097,0.02617888709662205,0.08352538312305509,-0.08345402245708955,-0.04578128879125776,0.14304480936911798
2010-05-25,302958,37228,27614,195979,214463,022651,"NO. 2 HEATING OIL, N.Y. HARBOR - NEW YORK MERCANTILE EXCHANGE ",1.8717000484466555,0.06101175740531691,-18484,3.2093289185164706,9614,-2.5951709275513473,0.03313988334527168,0.18446377348015175,-0.04578128879125776,0.05273276955457096,0.14195459252090992
2010-06-01,294522,37440,25949,189269,207347,022651,"NO. 2 HEATING OIL, N.Y. HARBOR - NEW YORK MERCANTILE EXCHANGE ",1.9703999757766724,0.06138081365738383,-18078,0.13401197525729638,11491,0.6195578264974023,0.03485991487988382,0.029610815756677025,0.05273276955457096,-0.0025883129761770096,0.1408921276338207
2010-06-08,313863,37428,23619,207766,227088,022651,"NO. 2 HEATING OIL, N.Y. HARBOR - NEW YORK MERCANTILE EXCHANGE ",1.9652999639511108,0.06156189165336468,-19322,-0.42237931292059677,13809,0.787037980184842,0.08793296140773685,0.03836388356512196,-0.0025883129761770096,0.0525111076698348,0.13958276826168597
2010-06-15,325894,38113,21430,219896,243051,022651,"NO. 2 HEATING OIL, N.Y. HARBOR - NEW YORK MERCANTILE EXCHANGE ",2.06850004196167,0.0710507097399768,-23155,-1.221233468105511,16683,0.9156861433173072,0.06068297234888659,0.0482676385133433,0.0525111076698348,0.021464817901690525,0.13785797479600964
2010-06-22,316100,44675,17505,203870,239135,022651,"NO. 2 HEATING OIL, N.Y. HARBOR - NEW YORK MERCANTILE EXCHANGE ",2.1129000186920166,0.1115627965833597,-35265,-3.7159321742652516,27170,3.2179174823715684,0.045015293281114206,0.168655516243165,0.021464817901690525,-0.04335270975593386,0.13695575386282438
2010-06-29,307421,40975,17649,197274,230331,022651,"NO. 2 HEATING OIL, N.Y. HARBOR - NEW YORK MERCANTILE EXCHANGE ",2.0213000774383545,0.10753006463449147,-33057,0.6985131287567226,23326,-1.2160708636507433,0.03601454613486746,0.06557041484716157,-0.04335270975593386,-0.05150156046033316,0.13591448024542538
2010-07-06,305890,33121,24673,204051,214094,022651,"NO. 2 HEATING OIL, N.Y. HARBOR - NEW YORK MERCANTILE EXCHANGE ",1.917199969291687,0.032832063813789274,-10043,7.486150913568039,8448,-4.839617332583005,0.055038324026354495,0.2574315672907222,-0.05150156046033316,0.06791155357028167,0.13352233087297843
2010-07-13,313091,33098,20447,208825,223218,022651,"NO. 2 HEATING OIL, N.Y. HARBOR - NEW YORK MERCANTILE EXCHANGE ",2.0473999977111816,0.04597066028726472,-14393,-1.4220798326195692,12651,1.3740233417241492,0.03216809437949463,0.07935381454851059,0.06791155357028167,-0.011087267441738602,0.1320674393072438
2010-07-20,303463,36365,20956,198301,215829,022651,"NO. 2 HEATING OIL, N.Y. HARBOR - NEW YORK MERCANTILE EXCHANGE ",2.0246999263763428,0.05775992460365843,-17528,-1.0013063294697069,15409,0.8808940531666513,0.04325453360056021,0.06587463582282235,-0.011087267441738602,-0.01249563276071819,0.13173494665137417
2010-07-27,294935,36993,23884,190410,208460,022651,"NO. 2 HEATING OIL, N.Y. HARBOR - NEW YORK MERCANTILE EXCHANGE ",1.999400019645691,0.06119992540729313,-18050,-0.17201438066584723,13109,-0.7579177692173346,0.03825807907338231,0.0584128652857401,-0.01249563276071819,0.1003301120671054,0.1312095120348948
2010-08-03,306044,53658,22204,183864,222959,022651,"NO. 2 HEATING OIL, N.Y. HARBOR - NEW YORK MERCANTILE EXCHANGE ",2.200000047683716,0.12774306962397564,-39095,-7.135470527404343,31454,6.220014579483616,0.05173011358748154,0.24182067438243127,0.1003301120671054,-0.03390908167776019,0.13126928738091148
2010-08-10,301750,52905,23949,180187,219760,022651,"NO. 2 HEATING OIL, N.Y. HARBOR - NEW YORK MERCANTILE EXCHANGE ",2.1254000663757324,0.1311449875724938,-39573,-0.1561866921096313,28956,-0.8162225039536798,0.01719227797683193,0.032503187862700705,-0.03390908167776019,-0.04681480012393191,0.13095913279838683
2010-08-17,298369,37782,34856,198130,206668,022651,"NO. 2 HEATING OIL, N.Y. HARBOR - NEW YORK MERCANTILE EXCHANGE ",2.025899887084961,0.028615573333690834,-8538,10.285004142502071,2926,-8.626346313173157,0.07666786891239581,0.3583523775434346,-0.04681480012393191,-0.04452333934312791,0.1283342044828648
2010-08-24,309435,33049,43003,211459,203891,022651,"NO. 2 HEATING OIL, N.Y. HARBOR - NEW YORK MERCANTILE EXCHANGE ",1.9357000589370728,-0.02445747895357668,7568,5.398013868733012,-9954,-4.316802348769476,0.03877693511496329,0.16935780781570503,-0.04452333934312791,0.030324928289366726,0.12492451611358825
2010-08-31,314911,35070,41345,213379,206821,022651,"NO. 2 HEATING OIL, N.Y. HARBOR - NEW YORK MERCANTILE EXCHANGE ",1.9944000244140625,-0.020824931488579314,6558,-0.32640134438573526,-6275,1.1889411346486338,0.0115421227986673,0.04814499770987372,0.030324928289366726,0.040062186794690424,0.12157885658109838
2010-09-07,316852,38184,33692,209448,217139,022651,"NO. 2 HEATING OIL, N.Y. HARBOR - NEW YORK MERCANTILE EXCHANGE ",2.0743000507354736,0.024273162233471778,-7691,-4.524770490710074,4492,3.4190612585778206,0.03340233059141512,0.14979965496132228,0.040062186794690424,0.02627385780515379,0.11951665656937083
2010-09-14,320747,42075,31256,207232,225963,022651,"NO. 2 HEATING OIL, N.Y. HARBOR - NEW YORK MERCANTILE EXCHANGE ",2.1287999153137207,0.058398052047252194,-18731,-3.4842765707649,10819,1.99683132819108,0.025485058691813157,0.08628001800057275,0.02627385780515379,-0.004180725053237633,0.11869964024933405
2010-09-21,332803,45214,27323,215447,243861,022651,"NO. 2 HEATING OIL, N.Y. HARBOR - NEW YORK MERCANTILE EXCHANGE ",2.1198999881744385,0.08537783613729444,-28414,-3.0188902780072766,17891,2.204853046170346,0.056852917867748876,0.09749507148076154,-0.004180725053237633,0.0021699363606049182,0.11834167019211657
2010-09-28,328344,48447,30490,211839,239707,022651,"NO. 2 HEATING OIL, N.Y. HARBOR - NEW YORK MERCANTILE EXCHANGE ",2.124500036239624,0.08487440001949176,-27868,0.1640610210845455,17957,0.019831551999230777,0.01718983226515128,0.08107731482067979,0.0021699363606049182,0.08383142746234085,0.1175225746596207
2010-10-05,337021,72332,25745,184670,244147,022651,"NO. 2 HEATING OIL, N.Y. HARBOR - NEW YORK MERCANTILE EXCHANGE ",2.3025999069213867,0.17647861705947107,-59477,-9.626793850352069,46587,8.719513680773822,0.0737120963021522,0.29191349653843407,0.08383142746234085,-0.017415035550524705,0.11901391666287542
2010-10-12,324517,64218,24793,179008,235192,022651,"NO. 2 HEATING OIL, N.Y. HARBOR - NEW YORK MERCANTILE EXCHANGE ",2.262500047683716,0.17313114567187543,-56184,0.9770904483696863,39425,-2.1250901279148775,0.03528971511347175,0.1018525800182,-0.017415035550524705,-0.032353584914369016,0.12002183799512062
2010-10-19,323728,57503,28861,186158,231703,022651,"NO. 2 HEATING OIL, N.Y. HARBOR - NEW YORK MERCANTILE EXCHANGE ",2.189300060272217,0.14068909701972027,-45545,3.2784106841860368,28642,-3.322784322547047,0.025460619679749965,0.12485526376731046,-0.032353584914369016,0.027725728797648674,0.11973614713275395
2010-10-26,324021,57076,27471,187446,232337,022651,"NO. 2 HEATING OIL, N.Y. HARBOR - NEW YORK MERCANTILE EXCHANGE ",2.25,0.138543489465189,-44891,0.20202145010626205,29605,0.29747195176197305,0.004578556063489946,0.02149100500313435,0.027725728797648674,0.01937781439887143,0.11897289636735955
2010-11-02,318482,52833,28177,181402,223841,022651,"NO. 2 HEATING OIL, N.Y. HARBOR - NEW YORK MERCANTILE EXCHANGE ",2.293600082397461,0.133253998656125,-42439,0.7567410754241237,24656,-1.5273701395897181,0.03587970674385492,0.06109122330576472,0.01937781439887143,0.0493110435115971,0.11739899678359446
2010-11-09,328182,67977,23251,173811,234880,022651,"NO. 2 HEATING OIL, N.Y. HARBOR - NEW YORK MERCANTILE EXCHANGE ",2.4066998958587646,0.18608272239184356,-61069,-5.849624154583304,44726,6.301769016773319,0.04558456144128449,0.21999824615249705,0.0493110435115971,-0.04059495775442912,0.1170865544645726
2010-11-16,321832,69546,25602,165726,227995,022651,"NO. 2 HEATING OIL, N.Y. HARBOR - NEW YORK MERCANTILE EXCHANGE ",2.309000015258789,0.19348293519600288,-62269,-0.36565076695248366,43944,-0.2382824164640352,0.03802184795832582,0.041198974229621224,-0.04059495775442912,-0.025725457445639588,0.11805130425498828
2010-11-23,316945,53100,33108,180978,219593,022651,"NO. 2 HEATING OIL, N.Y. HARBOR - NEW YORK MERCANTILE EXCHANGE ",2.249599933624268,0.12183501869409519,-38615,7.349797409828731,19992,-7.44239230405926,0.059050705118443424,0.27783964365256125,-0.025725457445639588,0.02991646658907321,0.1179214110241242
2010-11-30,300911,52658,30663,164370,208051,022651,"NO. 2 HEATING OIL, N.Y. HARBOR - NEW YORK MERCANTILE EXCHANGE ",2.31690001487732,0.14516252313807074,-43681,-1.5983845777658583,21995,0.6319708466768682,0.07558650022420862,0.0346491280709545,0.02991646658907321,0.06616601749596596,0.1180417684497049
2010-12-07,318630,69840,30896,161808,221388,022651,"NO. 2 HEATING OIL, N.Y. HARBOR - NEW YORK MERCANTILE EXCHANGE ",2.470200061798096,0.186988042557198,-59580,-5.283622067654556,38944,5.632562452020697,0.04149051660246975,0.1728776207115629,0.06616601749596596,-0.0009311084021749183,0.11906089058309291
2010-12-14,304187,63476,29205,160893,215812,022651,"NO. 2 HEATING OIL, N.Y. HARBOR - NEW YORK MERCANTILE EXCHANGE ",2.467900037765503,0.1805435472258841,-54919,1.4628252204751593,34271,-1.4665913441923233,0.017230989766528187,0.08691101736062408,-0.0009311084021749183,0.019652360425047588,0.12052534435432359
2010-12-21,310699,66639,30355,163812,221181,022651,"NO. 2 HEATING OIL, N.Y. HARBOR - NEW YORK MERCANTILE EXCHANGE ",2.516400098800659,0.1846449457513542,-57369,-0.8054256099044338,36284,0.6617639807092348,0.021527664139347986,0.04446666804132214,0.019652360425047588,0.0031394052250652837,0.12143399833348362
2010-12-28,308824,65234,29275,160963,221957,022651,"NO. 2 HEATING OIL, N.Y. HARBOR - NEW YORK MERCANTILE EXCHANGE ",2.524300098419189,0.19750407999378286,-60994,-1.1667240641263732,35959,-0.10460284712857139,0.009466729342943696,0.026293792125617665,0.0031394052250652837,-0.007051496257632017,0.12162094923728153
2011-01-04,306563,68228,29015,160974,220231,022651,"NO. 2 HEATING OIL, N.Y. HARBOR - NEW YORK MERCANTILE EXCHANGE ",2.506500005722046,0.19329468983536827,-59257,0.5624562857808979,39213,1.0536745848768232,0.004556603402368804,0.03346256285799492,-0.007051496257632017,0.04081385534874227,0.12114346961100902
2011-01-11,298327,72659,26887,148845,214942,022651,"NO. 2 HEATING OIL, N.Y. HARBOR - NEW YORK MERCANTILE EXCHANGE ",2.608799934387207,0.22155889342902252,-66097,-2.231189021506183,45772,2.1395276011782243,0.04787966584842229,0.0658891366805296,0.04081385534874227,0.014221127571489856,0.1214606162782508
2011-01-18,309256,74151,31776,158411,221608,022651,"NO. 2 HEATING OIL, N.Y. HARBOR - NEW YORK MERCANTILE EXCHANGE ",2.645900011062622,0.20435173448534547,-63197,0.9720876756042865,42375,-1.1386833910440557,0.04271365379099466,0.06023959896910136,0.014221127571489856,-0.020030981169176454,0.12213851885580662
2011-01-25,314495,76613,38209,162255,219128,022651,"NO. 2 HEATING OIL, N.Y. HARBOR - NEW YORK MERCANTILE EXCHANGE ",2.592900037765503,0.18083912303852206,-56873,2.0449077786688052,38404,-1.2840494606410224,0.016581756397112613,0.07746773266447196,-0.020030981169176454,0.06328818285580184,0.1231189167387858
2011-02-01,306216,79865,39101,149718,211556,022651,"NO. 2 HEATING OIL, N.Y. HARBOR - NEW YORK MERCANTILE EXCHANGE ",2.756999969482422,0.20194241972986388,-61838,-1.5787214423122784,40764,0.7504093864767325,0.05566135398617116,0.034833481835146174,0.06328818285580184,-0.009140330219680637,0.12506820456122375
2011-02-08,310044,77068,39546,153842,212529,022651,"NO. 2 HEATING OIL, N.Y. HARBOR - NEW YORK MERCANTILE EXCHANGE ",2.731800079345703,0.18928603682058032,-58687,1.0290122005381823,37522,-1.0587297855108813,0.01391212732448802,0.02780112164920164,-0.009140330219680637,-0.0010249607261302307,0.12734070175016052
2011-02-15,321435,75555,39622,162899,215491,022651,"NO. 2 HEATING OIL, N.Y. HARBOR - NEW YORK MERCANTILE EXCHANGE ",2.7290000915527344,0.16361628322989097,-52592,1.9658500083859065,35933,-0.5125079021042175,0.0317635244060361,0.013796157218889188,-0.0010249607261302307,0.02323187599508536,0.12890830926343427
2011-02-22,321800,69524,38079,170807,221213,022651,"NO. 2 HEATING OIL, N.Y. HARBOR - NEW YORK MERCANTILE EXCHANGE ",2.792399883270264,0.15663766314481045,-50406,0.6800752873831412,31445,-1.396238741891829,0.03476863425335442,0.07038837207141065,0.02323187599508536,0.08276038248748674,0.12913331834868375
2011-03-01,300541,61799,40737,163362,202058,022651,"NO. 2 HEATING OIL, N.Y. HARBOR - NEW YORK MERCANTILE EXCHANGE ",3.0234999656677246,0.1287544794221088,-38696,3.638906152889994,21062,-3.2265382224984465,0.07279295057741776,0.1012619957868456,0.08276038248748674,-0.004101178111888815,0.128910501557235
2011-03-08,306312,60979,38653,171406,210186,022651,"NO. 2 HEATING OIL, N.Y. HARBOR - NEW YORK MERCANTILE EXCHANGE ",3.0111000537872314,0.12660294079239467,-38780,-0.02794959755906848,22326,0.42057489660312575,0.04238034340342565,0.02914726192387988,-0.004101178111888815,-0.019029620326872054,0.12858308122650974
2011-03-15,309125,66464,38632,172692,218931,022651,"NO. 2 HEATING OIL, N.Y. HARBOR - NEW YORK MERCANTILE EXCHANGE ",2.9537999629974365,0.14958026688232914,-46239,-2.4350988534566063,27832,1.7975136462169292,0.02561391950932402,0.05239019563066149,-0.019029620326872054,0.041438163358458846,0.1288748937443769
2011-03-22,306674,66199,37474,165467,214167,022651,"NO. 2 HEATING OIL, N.Y. HARBOR - NEW YORK MERCANTILE EXCHANGE ",3.076200008392334,0.15880055042162036,-48700,-0.7961180752122928,28725,0.2888799029518803,0.03158041692788317,0.013725849546169205,0.041438163358458846,-0.011280123771189476,0.12952049744270877
2011-03-29,306903,65634,35183,173817,222396,022651,"NO. 2 HEATING OIL, N.Y. HARBOR - NEW YORK MERCANTILE EXCHANGE ",3.0415000915527344,0.1582877977732378,-48579,0.039455578236172614,30451,0.5628126283936689,0.04184365480183638,0.02832855569993156,-0.011280123771189476,0.04718061709922483,0.12950725542607455
2011-04-05,305837,67160,35355,170079,220925,022651,"NO. 2 HEATING OIL, N.Y. HARBOR - NEW YORK MERCANTILE EXCHANGE ",3.184999942779541,0.166251957742196,-50846,-0.7386698728914348,31805,0.4411817414622861,0.013322114351771337,0.016563429741988978,0.04718061709922483,-0.003893222010444286,0.12905016784122933
2011-04-12,302561,61324,33734,175913,219373,022651,"NO. 2 HEATING OIL, N.Y. HARBOR - NEW YORK MERCANTILE EXCHANGE ",3.172600030899048,0.1436404559741672,-43460,2.4150119181132434,27590,-1.3781851116771353,0.018685205142605608,0.07844684298007533,-0.003893222010444286,-0.004444327879575494,0.12772407841143105
2011-04-19,316036,61615,35904,188658,229208,022651,"NO. 2 HEATING OIL, N.Y. HARBOR - NEW YORK MERCANTILE EXCHANGE ",3.158499956130981,0.12830816742396436,-40550,0.9617895234349437,25711,-0.6210317919361715,0.05403646144936415,0.02523610783539618,-0.004444327879575494,0.016653520997479854,0.12677260030256937
2011-04-26,311873,59646,32775,184087,229337,022651,"NO. 2 HEATING OIL, N.Y. HARBOR - NEW YORK MERCANTILE EXCHANGE ",3.2111001014709477,0.1450911108047186,-45250,-1.4871723474540874,26871,0.3670467921376046,0.011368474012152173,0.055160623667781135,0.016653520997479854,-0.006321867670305181,0.12591667564836453
2011-05-03,314173,61919,32609,181730,229612,022651,"NO. 2 HEATING OIL, N.Y. HARBOR - NEW YORK MERCANTILE EXCHANGE ",3.1907999515533447,0.15240647668641163,-47882,-0.84393326770833,29310,0.7820491033209029,0.006398568587695884,0.025801878808395396,-0.006321867670305181,-0.05942083293326661,0.1251995645747222
2011-05-10,307317,55058,32093,176336,211334,022651,"NO. 2 HEATING OIL, N.Y. HARBOR - NEW YORK MERCANTILE EXCHANGE ",3.001199960708618,0.11388240806724001,-34998,4.1009252863868,22965,-2.019587934036343,0.06106224366084557,0.08464618879875159,-0.05942083293326661,-0.05201254056956872,0.12497383028448764
2011-05-17,310771,54140,29121,181653,219293,022651,"NO. 2 HEATING OIL, N.Y. HARBOR - NEW YORK MERCANTILE EXCHANGE ",2.845099925994873,0.12111812234732328,-37640,-0.8596986173885598,25019,0.66836523849966,0.03311169085113706,0.04672055344038625,-0.05201254056956872,0.022705701917354437,0.12556917344582963
2011-05-24,310794,51993,28427,183246,217972,022651,"NO. 2 HEATING OIL, N.Y. HARBOR - NEW YORK MERCANTILE EXCHANGE ",2.9096999168396,0.11173317374209284,-34726,0.9376679291182253,23566,-0.46754684317391265,0.00726288451664681,0.035327033076349164,0.022705701917354437,0.05038320521041739,0.12654458529845994
2011-05-31,300371,51118,26562,174210,214465,022651,"NO. 2 HEATING OIL, N.Y. HARBOR - NEW YORK MERCANTILE EXCHANGE ",3.056299924850464,0.13401759823684709,-40255,-1.7789918724299698,24556,0.3185389679337439,0.032271177719174114,0.03527291452111225,0.05038320521041739,0.006772888258265164,0.1279414465403727
2011-06-07,314662,59844,28572,178436,224382,022651,"NO. 2 HEATING OIL, N.Y. HARBOR - NEW YORK MERCANTILE EXCHANGE ",3.07699990272522,0.14601699601477142,-45946,-1.8946569409164,31272,2.235901601685915,0.03511014900029294,0.12142598624683315,0.006772888258265164,0.015859601283849445,0.12956558316270744
2011-06-14,330872,64014,27678,184838,234730,022651,"NO. 2 HEATING OIL, N.Y. HARBOR - NEW YORK MERCANTILE EXCHANGE ",3.1257998943328857,0.15078942914480525,-49892,-1.254044021839307,36336,1.6093459013163331,0.03992201502497807,0.055228373249574664,0.015859601283849445,-0.07543662339237356,0.13109902007433877
2011-06-21,319215,53435,26953,190922,228875,022651,"NO. 2 HEATING OIL, N.Y. HARBOR - NEW YORK MERCANTILE EXCHANGE ",2.890000104904175,0.11889478877872281,-37953,3.6083440121859813,26482,-2.97819096206388,0.028439936445472453,0.1406180026869682,-0.07543662339237356,-0.022249154995912623,0.1312400199242496
2011-06-28,309256,47560,30188,189234,217150,022651,"NO. 2 HEATING OIL, N.Y. HARBOR - NEW YORK MERCANTILE EXCHANGE ",2.825700044631958,0.09026825671935225,-27916,3.1442758015757404,17372,-2.8538759143523955,0.03300572857199102,0.11717343211400937,-0.022249154995912623,0.046324770531507964,0.13090806207972766
2011-07-05,296314,49042,28763,178426,207897,022651,"NO. 2 HEATING OIL, N.Y. HARBOR - NEW YORK MERCANTILE EXCHANGE ",2.9565999507904053,0.09945868234372997,-29471,-0.5028196704348501,20279,0.939997930517112,0.05192804984430127,0.03736263736263736,0.046324770531507964,0.0443076656098329,0.13218934320530346
2011-07-12,298187,56710,27833,169906,210654,022651,"NO. 2 HEATING OIL, N.Y. HARBOR - NEW YORK MERCANTILE EXCHANGE ",3.087599992752075,0.13665250329491224,-40748,-3.8057601058336763,28877,2.901651626315328,0.029632646626024807,0.10169972676626096,0.0443076656098329,0.0033683303742073623,0.13393322480160438
2011-07-19,310508,60169,27806,175012,220186,022651,"NO. 2 HEATING OIL, N.Y. HARBOR - NEW YORK MERCANTILE EXCHANGE ",3.0980000495910645,0.14548417432079044,-45174,-1.484303473994507,32363,1.169065049784196,0.03703966113188832,0.039624893435635127,0.0033683303742073623,0.004970927248164836,0.13562022960385692
2011-07-26,313430,60252,27669,179425,227998,022651,"NO. 2 HEATING OIL, N.Y. HARBOR - NEW YORK MERCANTILE EXCHANGE ",3.1133999824523926,0.15497240213125738,-48573,-1.0946577865948703,32583,0.07085163667280714,0.03000566978300194,0.002502246334777812,0.004970927248164836,-0.007002004664225292,0.13742354646393315
2011-08-02,302304,58588,30229,174204,219850,022651,"NO. 2 HEATING OIL, N.Y. HARBOR - NEW YORK MERCANTILE EXCHANGE ",3.091599941253662,0.15099370170424473,-45646,0.9338608301694158,28359,-1.3476693360558976,0.03392682221218412,0.04755846290687594,-0.007002004664225292,-0.10570574322266102,0.13787067400393835
2011-08-09,307146,50040,34173,187492,212449,022651,"NO. 2 HEATING OIL, N.Y. HARBOR - NEW YORK MERCANTILE EXCHANGE ",2.7648000717163086,0.08125451739563595,-24957,6.8437731554991,15867,-4.1322642108605905,0.051730130194203645,0.1483381425670621,-0.10570574322266102,0.06069153113911452,0.1369112418851526
2011-08-16,311693,45454,33201,195154,214906,022651,"NO. 2 HEATING OIL, N.Y. HARBOR - NEW YORK MERCANTILE EXCHANGE ",2.9326000213623047,0.06337004680887925,-19752,1.6946338223515853,12253,-1.1766391227624649,0.024676876554650538,0.07066302205835612,0.06069153113911452,0.0033758756756792074,0.13757959714429083
2011-08-23,307763,41004,32295,196881,212593,022651,"NO. 2 HEATING OIL, N.Y. HARBOR - NEW YORK MERCANTILE EXCHANGE ",2.942500114440918,0.0510522707407973,-15712,1.2961471704529777,8709,-1.1370162307141964,0.00986631629847072,0.07307057395053139,0.0033758756756792074,0.04305859627572772,0.1390317077153365
2011-08-30,311034,46944,30180,192739,222914,022651,"NO. 2 HEATING OIL, N.Y. HARBOR - NEW YORK MERCANTILE EXCHANGE ",3.069200038909912,0.0970151173183639,-30175,-4.699395313926626,16764,2.617273681371705,0.03479585134715736,0.10444219698148437,0.04305859627572772,-0.019223255086281088,0.1412978625000854
2011-09-06,312753,50458,32883,188349,220843,022651,"NO. 2 HEATING OIL, N.Y. HARBOR - NEW YORK MERCANTILE EXCHANGE ",3.010200023651123,0.10389668524362676,-32494,-0.7455776538899285,17575,0.2607431984927693,0.015789653756671684,0.07459713706339016,-0.019223255086281088,-0.024616310200452962,0.14282908409643452
2011-09-13,324202,47215,38510,196891,218280,022651,"NO. 2 HEATING OIL, N.Y. HARBOR - NEW YORK MERCANTILE EXCHANGE ",2.936100006103516,0.06597429997347333,-21389,3.550725332770589,8705,-2.836103890290421,0.026748014673471893,0.10347039953339165,-0.024616310200452962,0.008685010413404859,0.1429747811719388
2011-09-20,327640,48950,33662,199984,226414,022651,"NO. 2 HEATING OIL, N.Y. HARBOR - NEW YORK MERCANTILE EXCHANGE ",2.9616000652313232,0.08066780612867781,-26430,-1.5548947878174717,15288,2.0305241793696522,0.026329860834244063,0.07968575993802353,0.008685010413404859,-0.02870071457144352,0.1428842036717731
2011-09-27,329434,39496,37521,212242,219910,022651,"NO. 2 HEATING OIL, N.Y. HARBOR - NEW YORK MERCANTILE EXCHANGE ",2.8766000270843506,0.023276285993552578,-7668,5.726407032108412,1975,-4.06330118422659,0.04341527980895611,0.17285794045470482,-0.02870071457144352,-0.05325728626681314,0.14169962455588964
2011-10-04,329440,37064,39326,208646,212850,022651,"NO. 2 HEATING OIL, N.Y. HARBOR - NEW YORK MERCANTILE EXCHANGE ",2.723400115966797,0.01276104905293832,-4204,1.051500452290899,-2262,-1.2861453280474995,0.025281378708220243,0.055465375049090195,-0.05325728626681314,0.06635081794535269,0.13855120978653324
2011-10-11,295301,38138,36044,173033,183888,022651,"NO. 2 HEATING OIL, N.Y. HARBOR - NEW YORK MERCANTILE EXCHANGE ",2.904099941253662,0.03675910342328675,-10855,-2.018880524526469,2094,1.322243807673628,0.18092238898803936,0.05872044431263649,0.06635081794535269,0.04256052085113815,0.13592867051252192
2011-10-18,298894,47460,32731,173269,201047,022651,"NO. 2 HEATING OIL, N.Y. HARBOR - NEW YORK MERCANTILE EXCHANGE ",3.0276999473571777,0.09293595722898419,-27778,-5.730762848754322,14729,4.2786851382149065,0.04647143055600081,0.15756132234290632,0.04256052085113815,0.0074313962870107275,0.1350103409011616
2011-10-25,298497,53171,34026,165764,202232,022651,"NO. 2 HEATING OIL, N.Y. HARBOR - NEW YORK MERCANTILE EXCHANGE ",3.0501999855041504,0.1221720821314787,-36468,-2.9073852268697262,19145,1.4774468540686665,0.023614387112903402,0.08034680092205007,0.0074313962870107275,-0.004032527229133942,0.1346955061447441
2011-11-01,296818,58114,38299,163526,203149,022651,"NO. 2 HEATING OIL, N.Y. HARBOR - NEW YORK MERCANTILE EXCHANGE ",3.037899971008301,0.13349257794338618,-39623,-1.0569620465197305,19815,0.22445786724824704,0.00860434990113861,0.09558876914938856,-0.004032527229133942,0.025741499917280697,0.13470009420796067
2011-11-08,301161,60277,39000,156113,197309,022651,"NO. 2 HEATING OIL, N.Y. HARBOR - NEW YORK MERCANTILE EXCHANGE ",3.1161000728607178,0.13679062029944117,-41196,-0.5299543828204489,21277,0.49255772897870076,0.037499080419441916,0.028848575198686503,0.025741499917280697,0.01771440590347062,0.13375216916772217
2011-11-15,297574,61024,37866,151436,198191,022651,"NO. 2 HEATING OIL, N.Y. HARBOR - NEW YORK MERCANTILE EXCHANGE ",3.171299934387207,0.1571205817712569,-46755,-1.8458565352087422,23158,0.6245828643151006,0.015899801788763452,0.019021134593993325,0.01771440590347062,-0.043105325185416654,0.1330528931403232
2011-11-22,286748,58415,37509,153447,193840,022651,"NO. 2 HEATING OIL, N.Y. HARBOR - NEW YORK MERCANTILE EXCHANGE ",3.034600019454956,0.14086584736423619,-40393,2.1379556009597613,20906,-0.756786547211786,0.01831914238079744,0.030920311913598265,-0.043105325185416654,-0.0044486835556313276,0.13341887061474897
2011-11-29,271199,52991,33821,149767,185246,022651,"NO. 2 HEATING OIL, N.Y. HARBOR - NEW YORK MERCANTILE EXCHANGE ",3.0211000442504883,0.13082275377121597,-35479,1.7136998340005858,19170,-0.6054096279660189,0.03663738422091083,0.10496244758789107,-0.0044486835556313276,0.00019855719315264864,0.13314310581923255
2011-12-06,273933,50769,35691,156886,188933,022651,"NO. 2 HEATING OIL, N.Y. HARBOR - NEW YORK MERCANTILE EXCHANGE ",3.021699905395508,0.11698846068199158,-32047,1.2654913919299113,15078,-1.5088551211472019,0.03124756013984194,0.04732824427480916,0.00019855719315264864,-0.030744217578007382,0.13179696001394012
2011-12-13,279724,47937,36572,167122,191454,022651,"NO. 2 HEATING OIL, N.Y. HARBOR - NEW YORK MERCANTILE EXCHANGE ",2.928800106048584,0.0869857430896169,-24332,2.816382108033716,11365,-1.355440928986285,0.03557683726741332,0.04393614881255251,-0.030744217578007382,-0.027110099592340675,0.12999777147285804
2011-12-20,272461,45948,38481,163254,178512,022651,"NO. 2 HEATING OIL, N.Y. HARBOR - NEW YORK MERCANTILE EXCHANGE ",2.849400043487549,0.05600067532600996,-15258,3.2439118559723155,7467,-1.3935164662309991,0.04918570015741765,0.046168970377476935,-0.027110099592340675,0.020741177701077085,0.12752384319544757
2011-12-27,277118,46843,35760,165027,187022,022651,"NO. 2 HEATING OIL, N.Y. HARBOR - NEW YORK MERCANTILE EXCHANGE ",2.908499956130981,0.0793705208611494,-21995,-2.47264746147155,11083,1.3271624195756457,0.029209002155949883,0.04377564979480164,0.020741177701077085,0.04459341495825986,0.1252520439813585
2012-01-03,269405,50203,32684,152242,184100,022651,"NO. 2 HEATING OIL, N.Y. HARBOR - NEW YORK MERCANTILE EXCHANGE ",3.0381999015808105,0.11825318758003749,-31858,-3.5591336542555876,17519,2.3224763458165834,0.04669949039965274,0.07764788205629351,0.04459341495825986,0.020801790203257786,0.12380893816875596
2012-01-10,272921,53117,36439,144202,183703,022651,"NO. 2 HEATING OIL, N.Y. HARBOR - NEW YORK MERCANTILE EXCHANGE ",3.1013998985290527,0.14473419048002903,-39501,-2.8369926319110634,16678,-0.3121694103672909,0.02573001326603742,0.07446737237036044,0.020801790203257786,-0.020700305207156044,0.12233154003512148
2012-01-17,274542,55975,36173,138517,180699,022651,"NO. 2 HEATING OIL, N.Y. HARBOR - NEW YORK MERCANTILE EXCHANGE ",3.0371999740600586,0.15364497963881665,-42182,-0.9823355476493199,19802,1.144653581072911,0.027219813543180794,0.03390198376524721,-0.020700305207156044,-0.004280261937021468,0.1213564101342267
2012-01-24,278528,52333,33459,149158,190340,022651,"NO. 2 HEATING OIL, N.Y. HARBOR - NEW YORK MERCANTILE EXCHANGE ",3.024199962615967,0.1478558708639706,-41182,0.36424299378601455,18874,-0.3380174982334215,0.05974114722325315,0.07408616187989556,-0.004280261937021468,0.012763695666193176,0.12072211682317764
2012-01-31,274900,51697,29788,148784,192826,022651,"NO. 2 HEATING OIL, N.Y. HARBOR - NEW YORK MERCANTILE EXCHANGE ",3.0627999305725098,0.16021098581302293,-44042,-1.0268267463235294,21909,1.0896570542279411,0.008372120254090922,0.0528563539301712,0.012763695666193176,0.04182452647506518,0.11991958924785376
2012-02-07,285107,61589,32166,147466,201097,022651,"NO. 2 HEATING OIL, N.Y. HARBOR - NEW YORK MERCANTILE EXCHANGE ",3.1909000873565674,0.1881083242431789,-53631,-3.4881775190978535,29423,2.7333575845762095,0.027510091432538738,0.13087302010559437,0.04182452647506518,-0.00817955999149711,0.11989694092905757
2012-02-14,307453,64410,40866,165176,214164,022651,"NO. 2 HEATING OIL, N.Y. HARBOR - NEW YORK MERCANTILE EXCHANGE ",3.164799928665161,0.15933492273615804,-48988,1.6285114009827888,23544,-2.062032850824427,0.08113302050930564,0.10943614878984764,-0.00817955999149711,0.023540219161582998,0.11981460707340887
2012-02-21,314325,67347,39781,162443,217049,022651,"NO. 2 HEATING OIL, N.Y. HARBOR - NEW YORK MERCANTILE EXCHANGE ",3.239300012588501,0.17372464805535673,-54606,-1.8272711601448028,27566,1.3081674272165178,0.014804001138363918,0.037543872750354715,0.023540219161582998,-0.0047850055889590015,0.12014320293707323
2012-02-28,301742,74261,42783,154537,214110,022651,"NO. 2 HEATING OIL, N.Y. HARBOR - NEW YORK MERCANTILE EXCHANGE ",3.22379994392395,0.1974302549860477,-59573,-1.580211564463533,31478,1.2445717012646147,0.029418386695131114,0.08472027613547042,-0.0047850055889590015,-0.011042852408631898,0.12146389092868744
2012-03-06,286118,73056,43445,134039,187957,022651,"NO. 2 HEATING OIL, N.Y. HARBOR - NEW YORK MERCANTILE EXCHANGE ",3.188199996948242,0.18844672477788885,-53918,1.8741176236652506,29611,-0.6187405134187485,0.14488068174759935,0.01602561351404709,-0.011042852408631898,0.02603348120141069,0.12265319446687001
2012-03-13,285737,72765,40797,130247,187174,022651,"NO. 2 HEATING OIL, N.Y. HARBOR - NEW YORK MERCANTILE EXCHANGE ",3.271199941635132,0.19922866132142494,-56927,-1.0516639987697383,31968,0.8237859903955711,0.014413035054391487,0.025880135960972862,0.02603348120141069,-0.010546553028638272,0.12360797128300648
2012-03-20,291410,73042,39801,137282,194518,022651,"NO. 2 HEATING OIL, N.Y. HARBOR - NEW YORK MERCANTILE EXCHANGE ",3.2367000579833984,0.19641055557461995,-57236,-0.10814140275848069,33241,0.44551458159076357,0.04333634719710669,0.011281160550499367,-0.010546553028638272,-0.005592122515340692,0.12433124061287185
2012-03-27,288588,69293,39207,139313,193258,022651,"NO. 2 HEATING OIL, N.Y. HARBOR - NEW YORK MERCANTILE EXCHANGE ",3.218600034713745,0.1869273843680264,-53945,1.1293366734154626,30086,-1.0826670327030643,0.009895631308803233,0.040027649769585255,-0.005592122515340692,0.002765154739108322,0.12488200189354084
2012-04-03,285433,68377,46803,138541,184651,022651,"NO. 2 HEATING OIL, N.Y. HARBOR - NEW YORK MERCANTILE EXCHANGE ",3.227499961853028,0.16154404010748583,-46110,2.714943102277295,21574,-2.9495335911403107,0.029019901482709966,0.0739017190484459,0.002765154739108322,-0.04083654154991356,0.12479146501595029
2012-04-10,279356,64355,43557,140263,179319,022651,"NO. 2 HEATING OIL, N.Y. HARBOR - NEW YORK MERCANTILE EXCHANGE ",3.095700025558472,0.13980727100903506,-39056,2.4713330273654415,20798,-0.27186765370507265,0.02207258231064328,0.06735117503150716,-0.04083654154991356,0.009981587773610023,0.12471774992046697
2012-04-17,301364,63337,40885,160142,199032,022651,"NO. 2 HEATING OIL, N.Y. HARBOR - NEW YORK MERCANTILE EXCHANGE ",3.1266000270843506,0.12904660145206462,-38890,0.059422385772992165,22452,0.5920760606537895,0.11023069598578962,0.03540519276160504,0.009981587773610023,0.00092748837474943,0.1247319505748535
2012-04-24,315268,62212,42324,169141,205645,022651,"NO. 2 HEATING OIL, N.Y. HARBOR - NEW YORK MERCANTILE EXCHANGE ",3.129499912261963,0.11578720326833043,-36504,0.7917335846351921,19888,-0.8507983700773815,0.04165577156030375,0.024527435524603965,0.00092748837474943,0.015210107759563218,0.12416841389146144
2012-05-01,304613,64716,37856,160076,205698,022651,"NO. 2 HEATING OIL, N.Y. HARBOR - NEW YORK MERCANTILE EXCHANGE ",3.1770999431610107,0.14977036436396346,-45622,-2.892142558077572,26860,2.2114518441452984,0.02492796098137101,0.0679717661740046,0.015210107759563218,-0.05885872008595705,0.12411771942372204
2012-05-08,303609,53443,40228,170591,193208,022651,"NO. 2 HEATING OIL, N.Y. HARBOR - NEW YORK MERCANTILE EXCHANGE ",2.9900999069213867,0.07449383911544125,-22617,7.552205585447765,13215,-4.479454258354043,0.06323546793696519,0.1456694174290869,-0.05885872008595705,-0.01909629141527236,0.12336024694387977
2012-05-15,309131,48770,38639,180149,195538,022651,"NO. 2 HEATING OIL, N.Y. HARBOR - NEW YORK MERCANTILE EXCHANGE ",2.933000087738037,0.04978148422513433,-15389,2.380693589452223,10131,-1.0157801646196258,0.03164336269287998,0.0716402201146335,-0.01909629141527236,-0.02441193201632208,0.12198838851845305
2012-05-22,322562,41202,35689,195431,199904,022651,"NO. 2 HEATING OIL, N.Y. HARBOR - NEW YORK MERCANTILE EXCHANGE ",2.8613998889923096,0.013867101518467767,-4473,3.531189042832974,5513,-1.4938650604436308,0.04969962183970557,0.13679104186445748,-0.02441193201632208,-0.018382578095335944,0.12010634866799873
2012-05-29,323646,38860,38037,201790,197259,022651,"NO. 2 HEATING OIL, N.Y. HARBOR - NEW YORK MERCANTILE EXCHANGE ",2.808799982070923,-0.0139998640489918,4531,2.7914013429976254,823,-1.453984040277528,0.02256364506614476,0.06099067583910946,-0.018382578095335944,-0.062375386863601334,0.11725985900865567
2012-06-05,316412,38058,39479,188744,184282,022651,"NO. 2 HEATING OIL, N.Y. HARBOR - NEW YORK MERCANTILE EXCHANGE ",2.6335999965667725,-0.014101867185821019,4462,-0.021319589922322538,-1421,-0.6933501418216199,0.06976189327285498,0.02894102170576628,-0.062375386863601334,-0.004594464354403582,0.11418065010095198
2012-06-12,314200,38218,35456,181605,184836,022651,"NO. 2 HEATING OIL, N.Y. HARBOR - NEW YORK MERCANTILE EXCHANGE ",2.621500015258789,0.010283259070655634,-3231,-2.431323717178868,2762,1.3220105432158074,0.020993829838909947,0.05677715340554334,-0.004594464354403582,0.005187820907858631,0.1114786083687568
2012-06-19,328215,41217,36321,189365,195024,022651,"NO. 2 HEATING OIL, N.Y. HARBOR - NEW YORK MERCANTILE EXCHANGE ",2.6350998878479004,0.017241747025577746,-5659,-0.772756206238065,4896,0.6791852323360916,0.046692283077819606,0.049833629962083105,0.005187820907858631,-0.0222382267758795,0.1095237421811963
2012-06-26,336745,42002,42592,198570,196518,022651,"NO. 2 HEATING OIL, N.Y. HARBOR - NEW YORK MERCANTILE EXCHANGE ",2.576499938964844,-0.00609363167975768,2052,2.349374647715674,-590,-1.6714653504562558,0.027080042927145345,0.0834101709341088,-0.0222382267758795,0.07063852688869332,0.10767062894275188
2012-07-03,315102,41027,44186,185305,185514,022651,"NO. 2 HEATING OIL, N.Y. HARBOR - NEW YORK MERCANTILE EXCHANGE ",2.758500099182129,0.000663277287989286,-209,-0.6714279350844111,-3159,-0.7628918024024114,0.06544702401980482,0.030147982115404925,0.07063852688869332,-0.014138130480342959,0.10577071730706455
2012-07-10,320968,40301,43209,190726,190245,022651,"NO. 2 HEATING OIL, N.Y. HARBOR - NEW YORK MERCANTILE EXCHANGE ",2.719500064849853,-0.0014985917599262231,481,0.21897671230268292,-2908,0.07965674606952669,0.026647697593780103,0.020392767333253504,-0.014138130480342959,0.04511857806268593,0.1031139654790869
2012-07-17,324307,41102,45115,198956,197948,022651,"NO. 2 HEATING OIL, N.Y. HARBOR - NEW YORK MERCANTILE EXCHANGE ",2.8422000408172607,-0.003108166027868655,1008,0.16419082276114752,-4013,-0.3442710799830513,0.040143208433273535,0.031397520210631316,0.04511857806268593,-0.006262786729123171,0.10025642047238191
2012-07-24,304333,39834,42915,181642,184030,022651,"NO. 2 HEATING OIL, N.Y. HARBOR - NEW YORK MERCANTILE EXCHANGE ",2.824399948120117,0.007846667959110579,-2388,-1.047155935579559,-3081,0.28738201765610977,0.08540987551685664,0.04190987202262263,-0.006262786729123171,0.006125240495165052,0.09742707943060987
2012-07-31,303178,36310,37223,181629,188414,022651,"NO. 2 HEATING OIL, N.Y. HARBOR - NEW YORK MERCANTILE EXCHANGE ",2.8417000770568848,0.02237959218676817,-6785,-1.4447989537776054,-913,0.7123775601068566,0.011882402855884317,0.1253314838235894,0.006125240495165052,0.055002225866464416,0.09495373117065838
2012-08-07,312736,39086,37191,181873,195562,022651,"NO. 2 HEATING OIL, N.Y. HARBOR - NEW YORK MERCANTILE EXCHANGE ",2.997999906539917,0.04377174357924895,-13689,-2.2772100878032044,1895,0.9261885756882096,0.01958482917588459,0.03681319401654496,0.055002225866464416,0.012208176803207627,0.09423290859726634
2012-08-14,317906,40211,30927,181966,206245,022651,"NO. 2 HEATING OIL, N.Y. HARBOR - NEW YORK MERCANTILE EXCHANGE ",3.034600019454956,0.07637163186602329,-24279,-3.386242709505781,9284,2.3626956922132405,0.02775810062053883,0.10386853720936771,0.012208176803207627,0.029559079622266893,0.09448293907913449
2012-08-21,330368,42160,30372,185366,215396,022651,"NO. 2 HEATING OIL, N.Y. HARBOR - NEW YORK MERCANTILE EXCHANGE ",3.124300003051758,0.09089863425029059,-30030,-1.809025309368178,11788,0.7876542122514202,0.03131783951572255,0.03452269343186456,0.029559079622266893,-0.0012802702998047089,0.09524921530047091
2012-08-28,317255,46747,35399,179598,210674,022651,"NO. 2 HEATING OIL, N.Y. HARBOR - NEW YORK MERCANTILE EXCHANGE ",3.120300054550171,0.09795275094167152,-31076,-0.3166166214645486,11348,-0.13318481208833785,0.02687868973433913,0.1170355221191537,-0.0012802702998047089,0.008492768703418863,0.09526724671630372
2012-09-04,331284,51468,37307,186163,220985,022651,"NO. 2 HEATING OIL, N.Y. HARBOR - NEW YORK MERCANTILE EXCHANGE ",3.1468000411987305,0.10511222998997839,-34822,-1.1807536524247058,14161,0.8866684528218625,0.04144930099128572,0.07467192340185863,0.008492768703418863,0.012361731924420027,0.0952906225768105
2012-09-11,344422,52448,40423,198955,234398,022651,"NO. 2 HEATING OIL, N.Y. HARBOR - NEW YORK MERCANTILE EXCHANGE ",3.185699939727783,0.10290573772871651,-35443,-0.18745245771000107,12025,-0.6447640091281197,0.06047033250029422,0.04410418752893799,0.012361731924420027,-0.018394685623801754,0.0960008425336421
2012-09-18,327499,52733,37756,184802,222632,022651,"NO. 2 HEATING OIL, N.Y. HARBOR - NEW YORK MERCANTILE EXCHANGE ",3.1270999908447266,0.11551180308947508,-37830,-0.693045159716859,14977,0.8570881070314904,0.06361521129802618,0.03262274972648609,-0.018394685623801754,-0.0059160531161616126,0.0966709193982728
2012-09-25,328512,49981,34416,182243,217588,022651,"NO. 2 HEATING OIL, N.Y. HARBOR - NEW YORK MERCANTILE EXCHANGE ",3.108599901199341,0.10759119910383791,-35345,0.7587809428425736,15565,0.1795425329542991,0.019015534063141677,0.07218266052110857,-0.0059160531161616126,0.0054365512121759,0.09829236003500906
2012-10-02,322021,53870,29073,171192,215471,022651,"NO. 2 HEATING OIL, N.Y. HARBOR - NEW YORK MERCANTILE EXCHANGE ",3.125499963760376,0.13750345474363473,-44279,-2.7195353594389244,24797,2.8102474186635495,0.03405549535383525,0.11130535427944492,0.0054365512121759,0.02486006686704867,0.10069125245213785
2012-10-09,323313,54592,27655,169980,221527,022651,"NO. 2 HEATING OIL, N.Y. HARBOR - NEW YORK MERCANTILE EXCHANGE ",3.203200101852417,0.1594337375855595,-51547,-2.256995661773611,26937,0.6645529328832592,0.0185641636037159,0.026019186110131678,0.02486006686704867,-0.0014673400721016971,0.10305038003218156
2012-10-16,325721,59026,21584,167176,232841,022651,"NO. 2 HEATING OIL, N.Y. HARBOR - NEW YORK MERCANTILE EXCHANGE ",3.198499917984009,0.20159891440834335,-65665,-4.3666663573688655,37442,3.249173401626288,0.035293500026248883,0.1303188190050862,-0.0014673400721016971,-0.048491440597620006,0.10514005228563078
2012-10-23,309147,56104,27033,157844,209499,022651,"NO. 2 HEATING OIL, N.Y. HARBOR - NEW YORK MERCANTILE EXCHANGE ",3.0434000492095947,0.16708879594497117,-51655,4.301227123826833,29071,-2.569990881766911,0.08894684259670117,0.10068922381129942,-0.048491440597620006,0.01787473428205133,0.10600383524358253
2012-10-30,296574,53334,25045,153489,201536,022651,"NO. 2 HEATING OIL, N.Y. HARBOR - NEW YORK MERCANTILE EXCHANGE ",3.0978000164031982,0.16200678414156333,-48047,1.1670823265307444,28289,-0.2529540962713531,0.03469614815858038,0.0607050357876472,0.01787473428205133,-0.014494137856857159,0.10655218536277825
2012-11-06,307659,50829,23346,162271,205076,022651,"NO. 2 HEATING OIL, N.Y. HARBOR - NEW YORK MERCANTILE EXCHANGE ",3.052900075912476,0.1391313109644119,-42805,1.7675183933857992,27483,-0.2717702833019752,0.033543216631686114,0.05667677789012471,-0.014494137856857159,-0.030168083180740823,0.10659719864479691
2012-11-13,301762,50100,28120,164997,197975,022651,"NO. 2 HEATING OIL, N.Y. HARBOR - NEW YORK MERCANTILE EXCHANGE ",2.9607999324798584,0.10928480060444987,-32978,3.194120763572657,21980,-1.7886686233784805,0.027073713674884013,0.07035285093326515,-0.030168083180740823,0.026479376124079357,0.10567727977620447
2012-11-20,300596,50143,31335,160080,194281,022651,"NO. 2 HEATING OIL, N.Y. HARBOR - NEW YORK MERCANTILE EXCHANGE ",3.0392000675201416,0.11377729577239884,-34201,-0.4052862852181521,18808,-1.051159523067848,0.024300078168872984,0.03998625395812366,0.026479376124079357,-0.009805269794166294,0.10515634609174608
2012-11-27,300276,51742,31018,163830,197924,022651,"NO. 2 HEATING OIL, N.Y. HARBOR - NEW YORK MERCANTILE EXCHANGE ",3.009399890899658,0.11354220783545804,-34094,0.03559594938056395,20724,0.6374003646089768,0.02043653974800555,0.023151280811986467,-0.009805269794166294,-0.0017943585411831497,0.1048240279006738
2012-12-04,292708,49365,33113,165679,195083,022651,"NO. 2 HEATING OIL, N.Y. HARBOR - NEW YORK MERCANTILE EXCHANGE ",3.003999948501587,0.1004550610164396,-29404,1.56189638865577,16252,-1.4892965138739027,0.013000260559593305,0.054220519411236935,-0.0017943585411831497,-0.025632458070988906,0.1045060779071055
2012-12-11,290453,45510,33318,166007,185832,022651,"NO. 2 HEATING OIL, N.Y. HARBOR - NEW YORK MERCANTILE EXCHANGE ",2.927000045776367,0.06825544924652181,-19825,3.2725446520081447,12192,-1.387047842901458,0.027225520763758424,0.051504541533465266,-0.025632458070988906,0.023744437442940747,0.10414587994858444
2012-12-18,272890,49536,28009,141153,171644,022651,"NO. 2 HEATING OIL, N.Y. HARBOR - NEW YORK MERCANTILE EXCHANGE ",2.996500015258789,0.11173366557953754,-30491,-3.672194812930147,21527,3.2139451133229815,0.12481577508735697,0.1203817138435747,0.023744437442940747,0.02069081792888605,0.10521766822269073
2013-01-08,288395,57596,25610,145185,194976,022651,"NO. 2 HEATING OIL, N.Y. HARBOR - NEW YORK MERCANTILE EXCHANGE ",3.058500051498413,0.17264862428266786,-49791,-7.07244677342519,31986,3.8326798343654955,0.08044426021795562,0.12570006970651154,0.02069081792888605,-0.015432389644783995,0.10701147790387378
2013-01-15,298301,58255,29830,153779,197973,022651,"NO. 2 HEATING OIL, N.Y. HARBOR - NEW YORK MERCANTILE EXCHANGE ",3.0113000869750977,0.14815236958642444,-44194,1.9407409975901107,28425,-1.2347648190849356,0.03295219359093907,0.05538968042231935,-0.015432389644783995,0.018895501202345955,0.10758646217322737
2013-01-22,304486,58422,32791,152360,195059,022651,"NO. 2 HEATING OIL, N.Y. HARBOR - NEW YORK MERCANTILE EXCHANGE ",3.06820011138916,0.1402330484817036,-42699,0.5011716353615979,25631,-0.9366378255520431,0.012471971884093847,0.03429335730652429,0.018895501202345955,0.013362847234633657,0.10749990175018267
2013-01-29,306817,64567,34648,150211,199060,022651,"NO. 2 HEATING OIL, N.Y. HARBOR - NEW YORK MERCANTILE EXCHANGE ",3.1092000007629395,0.15921216881724284,-48849,-2.0197972977411114,29919,1.4082749288965666,0.01760810373606741,0.08065312704732147,0.013362847234633657,0.02640547875036514,0.107606963080537
2013-02-05,311647,72980,41248,137677,193686,022651,"NO. 2 HEATING OIL, N.Y. HARBOR - NEW YORK MERCANTILE EXCHANGE ",3.1912999153137207,0.1797193619704345,-56009,-2.3336386184598634,31732,0.5909059797859962,0.054043450837902844,0.1314301222117169,0.02640547875036514,0.014069557892018913,0.10821972252489208
2013-02-12,324424,83153,44759,144358,209545,022651,"NO. 2 HEATING OIL, N.Y. HARBOR - NEW YORK MERCANTILE EXCHANGE ",3.2362000942230225,0.20093149705323898,-65187,-2.9449986683651694,38394,2.13767499767365,0.06368976810029867,0.10697979861154544,0.014069557892018913,-0.017180694858779932,0.10900280927951161
2013-02-19,321472,89938,47691,137737,207185,022651,"NO. 2 HEATING OIL, N.Y. HARBOR - NEW YORK MERCANTILE EXCHANGE ",3.1805999279022217,0.21603125622138164,-69448,-1.3134046802949226,42247,1.1876433309496215,0.02603777085833899,0.07060285259647313,-0.017180694858779932,-0.046815077475545475,0.10953978874063092
2013-02-26,310083,82493,55772,136092,180529,022651,"NO. 2 HEATING OIL, N.Y. HARBOR - NEW YORK MERCANTILE EXCHANGE ",3.0316998958587646,0.14330679205245048,-44437,7.7801488154489356,26721,-4.829658570575353,0.08938446912870593,0.11229161392977254,-0.046815077475545475,-0.01936202404066545,0.10923155545825192
2013-03-05,298756,59442,41718,147585,176134,022651,"NO. 2 HEATING OIL, N.Y. HARBOR - NEW YORK MERCANTILE EXCHANGE ",2.9730000495910645,0.0955595870877907,-28549,5.123789437021701,17724,-2.9014812163195014,0.049079602989012074,0.366795175958877,-0.01936202404066545,-0.008274479845731375,0.10772838120887564
2013-03-12,312399,54102,42761,164204,183255,022651,"NO. 2 HEATING OIL, N.Y. HARBOR - NEW YORK MERCANTILE EXCHANGE ",2.948400020599365,0.06098290967640742,-19051,3.1791830122240223,11341,-2.1365261283455395,0.06832460808325587,0.06589719500738156,-0.008274479845731375,-0.02859179236526832,0.10510439379907487
2013-03-19,295015,51420,43275,158423,168688,022651,"NO. 2 HEATING OIL, N.Y. HARBOR - NEW YORK MERCANTILE EXCHANGE ",2.8640999794006348,0.03479484094029117,-10265,2.812428977045381,8145,-1.0230506499700702,0.06220518417295658,0.0337504620096098,-0.02859179236526832,0.006005374553001763,0.10214954987912107
2013-03-26,285120,46622,42649,158995,161618,022651,"NO. 2 HEATING OIL, N.Y. HARBOR - NEW YORK MERCANTILE EXCHANGE ",2.88129997253418,0.009199635241301908,-2623,2.590376760503703,3973,-1.4141653814212836,0.02383558994800585,0.06075881305239103,0.006005374553001763,0.07153020823748468,0.0984951455314264
2013-04-02,293944,48251,43730,160420,168486,022651,"NO. 2 HEATING OIL, N.Y. HARBOR - NEW YORK MERCANTILE EXCHANGE ",3.087399959564209,0.027440600930789538,-8066,-1.9090207631874296,4521,0.19219977553310885,0.02521389089891945,0.029462606407845097,0.07153020823748468,-0.040843449172608626,0.09524572332673735
2013-04-09,314075,45026,47025,181329,177661,022651,"NO. 2 HEATING OIL, N.Y. HARBOR - NEW YORK MERCANTILE EXCHANGE ",2.9612998962402344,-0.01167873915466051,3668,3.991916827695071,-1999,-2.2181095718912447,0.08380177720827878,0.0708303005942358,-0.040843449172608626,-0.0522743199357969,0.09142637479745491
2013-04-16,297428,42418,50823,173385,160294,022651,"NO. 2 HEATING OIL, N.Y. HARBOR - NEW YORK MERCANTILE EXCHANGE ",2.80649995803833,-0.04401401347553021,13091,3.0002387964658124,-8405,-2.0396402133248426,0.07585433905040473,0.06870368185669394,-0.0522743199357969,0.0018528942478299726,0.08747333530547383
2013-04-23,307174,38556,58575,181199,155921,022651,"NO. 2 HEATING OIL, N.Y. HARBOR - NEW YORK MERCANTILE EXCHANGE ",2.8117001056671143,-0.08229212107795582,25278,4.097462242963003,-20019,-3.904810576004949,0.03615033222591362,0.11957047698469078,0.0018528942478299726,0.02194397159361916,0.08320219314995476
2013-04-30,302985,47142,62097,170237,152178,022651,"NO. 2 HEATING OIL, N.Y. HARBOR - NEW YORK MERCANTILE EXCHANGE ",2.8733999729156494,-0.0596036107398056,18059,-2.3501338003867516,-14955,1.6485770280036722,0.04560892018051269,0.11083953533078846,0.02194397159361916,0.018897497849511558,0.07957430445395727
2013-05-07,309632,49636,65472,175091,158697,022651,"NO. 2 HEATING OIL, N.Y. HARBOR - NEW YORK MERCANTILE EXCHANGE ",2.9277000427246094,-0.05294672385283175,16394,-0.549532155057181,-15836,-0.2907734706338598,0.03407252507579661,0.05098689925982555,0.018897497849511558,-0.018683654536475913,0.07632942124008876
2013-05-14,315575,47004,74847,181904,153255,022651,"NO. 2 HEATING OIL, N.Y. HARBOR - NEW YORK MERCANTILE EXCHANGE ",2.872999906539917,-0.0907834904539333,28649,3.9579242455560144,-27843,-3.877829164944192,0.03656473494669694,0.09853837883973049,-0.018683654536475913,0.01949181903921371,0.07170338557051383
2013-05-21,304608,47448,76732,174338,146570,022651,"NO. 2 HEATING OIL, N.Y. HARBOR - NEW YORK MERCANTILE EXCHANGE ",2.928999900817871,-0.09115978569177434,27768,-0.2791729382872534,-29284,-0.4566267923631466,0.04440836626073517,0.01875503301658882,0.01949181903921371,-0.00764762823566334,0.06851773893960585
2013-05-28,294923,43212,70112,163359,139731,022651,"NO. 2 HEATING OIL, N.Y. HARBOR - NEW YORK MERCANTILE EXCHANGE ",2.906599998474121,-0.08011582684293866,23628,-1.3591238575480618,-26900,0.7826452358441013,0.05878781879969646,0.0957961243867142,-0.00764762823566334,-0.014346620224286899,0.06601971372675829
2013-06-04,288600,37148,67040,178707,149104,022651,"NO. 2 HEATING OIL, N.Y. HARBOR - NEW YORK MERCANTILE EXCHANGE ",2.8649001121521,-0.10257449757449758,29603,2.025952536763833,-29892,-1.0145020903761321,0.07541235651030624,0.08768764157100625,-0.014346620224286899,-0.0025829996050353854,0.06378045220573972
2013-06-11,300847,36300,66823,187379,157753,022651,"NO. 2 HEATING OIL, N.Y. HARBOR - NEW YORK MERCANTILE EXCHANGE ",2.8575000762939453,-0.09847530472299873,29626,0.00796950796950797,-30523,-0.21864171864171864,0.05018659527369238,0.010327473017658524,-0.0025829996050353854,0.03646540106384322,0.062155924500470354
2013-06-18,292091,44553,65089,176565,165013,022651,"NO. 2 HEATING OIL, N.Y. HARBOR - NEW YORK MERCANTILE EXCHANGE ",2.961699962615967,-0.039549318534292395,11552,-6.007704913128601,-20536,3.319627584785622,0.05291324382717857,0.09108735703471298,0.03646540106384322,-0.03487856889280305,0.06166655043607667
2013-06-25,283394,37915,67883,180842,152985,022651,"NO. 2 HEATING OIL, N.Y. HARBOR - NEW YORK MERCANTILE EXCHANGE ",2.8584001064300537,-0.09829777624085195,27857,5.582164462444923,-29968,-3.2291306476406323,0.04884266401459439,0.08915102364884024,-0.03487856889280305,0.015043374346765725,0.059578453603163065
2013-07-02,280621,40579,66484,178802,156655,022651,"NO. 2 HEATING OIL, N.Y. HARBOR - NEW YORK MERCANTILE EXCHANGE ",2.901400089263916,-0.07892139219801797,22147,-2.0148626999865913,-25905,1.4336930210237337,0.01702155566883386,0.03794961844895062,0.015043374346765725,0.02905487012704211,0.057729162464247766
2013-07-09,289209,45319,61302,174756,166344,022651,"NO. 2 HEATING OIL, N.Y. HARBOR - NEW YORK MERCANTILE EXCHANGE ",2.9856998920440674,-0.029086231756273145,8412,-4.894501836997231,-15983,3.535729685233821,0.04026678393433011,0.09305859070914735,0.02905487012704211,0.020497754000600388,0.057286997078160935
2013-07-16,299653,54816,58269,178851,183194,022651,"NO. 2 HEATING OIL, N.Y. HARBOR - NEW YORK MERCANTILE EXCHANGE ",3.0469000339508057,0.014493430734883348,-4343,-4.410305350110129,-3453,4.3325069413469155,0.057851924484525405,0.11080160940885175,0.020497754000600388,0.007351702416933392,0.05755296156752428
2013-07-23,288045,64362,56190,153452,177388,022651,"NO. 2 HEATING OIL, N.Y. HARBOR - NEW YORK MERCANTILE EXCHANGE ",3.069299936294556,0.08309812702876286,-23936,-6.538562937798053,8172,3.8794872736131456,0.0943205174706807,0.09643141548875174,0.007351702416933392,-0.020395496915892264,0.059179821544229835
2013-07-30,273339,71987,61939,135496,162155,022651,"NO. 2 HEATING OIL, N.Y. HARBOR - NEW YORK MERCANTILE EXCHANGE ",3.006700038909912,0.09753090484709463,-26659,-0.9453384019858008,10048,0.6512871252755646,0.11150306903050888,0.0998611173334528,-0.020395496915892264,0.0005321538775548973,0.06111518829182528
2013-08-06,286142,72794,60441,140913,169247,022651,"NO. 2 HEATING OIL, N.Y. HARBOR - NEW YORK MERCANTILE EXCHANGE ",3.0083000659942627,0.0990207659134276,-28334,-0.6127921738207867,12353,0.843275200392187,0.040330797007995876,0.017300258940968965,0.0005321538775548973,0.012897649932931632,0.06286853632940831
2013-08-13,292419,67539,63244,154658,173366,022651,"NO. 2 HEATING OIL, N.Y. HARBOR - NEW YORK MERCANTILE EXCHANGE ",3.047100067138672,0.0639766909810922,-18708,3.364063996197692,4295,-2.81608432177031,0.054459429797819675,0.06161351245957043,0.012897649932931632,0.010272005773812376,0.06366848053699146
2013-08-20,305060,73524,63962,156529,183368,022651,"NO. 2 HEATING OIL, N.Y. HARBOR - NEW YORK MERCANTILE EXCHANGE ",3.078399896621704,0.08797941388579296,-26839,-2.780599071879734,9562,1.8011825496975231,0.03493117032512791,0.04875405495832303,0.010272005773812376,0.026799708327573057,0.06451862804288654
2013-08-27,288275,74164,60155,141825,176759,022651,"NO. 2 HEATING OIL, N.Y. HARBOR - NEW YORK MERCANTILE EXCHANGE ",3.160900115966797,0.12118289827421733,-34934,-2.6535763456369237,14009,1.4577460171769487,0.06689915375536751,0.033107750951094035,0.026799708327573057,-0.003986264362891623,0.06538038316612103
2013-09-03,282749,75251,61151,135221,171257,022651,"NO. 2 HEATING OIL, N.Y. HARBOR - NEW YORK MERCANTILE EXCHANGE ",3.1482999324798584,0.1274487266091127,-36036,-0.3822738704362154,14100,0.03156708004509583,0.039500388282356316,0.015271037081567719,-0.003986264362891623,-0.025886928416946176,0.06608326955763685
2013-09-10,290356,68491,58290,146586,176183,022651,"NO. 2 HEATING OIL, N.Y. HARBOR - NEW YORK MERCANTILE EXCHANGE ",3.066800117492676,0.10193348854509636,-29597,2.277284800299913,10201,-1.3789615524723342,0.050472629031908266,0.07588676536705027,-0.025886928416946176,-0.02233599821877974,0.06615982220385655
2013-09-17,293021,61079,57516,158146,177661,022651,"NO. 2 HEATING OIL, N.Y. HARBOR - NEW YORK MERCANTILE EXCHANGE ",2.998300075531006,0.06659932223287751,-19515,3.4722891898221495,3563,-2.286159059912659,0.03882587319501976,0.0690248324128336,-0.02233599821877974,-0.012440419212101483,0.06541918936237384
2013-09-24,273153,54938,49872,146966,163804,022651,"NO. 2 HEATING OIL, N.Y. HARBOR - NEW YORK MERCANTILE EXCHANGE ",2.9609999656677246,0.061643108441056846,-16838,0.9135863982444944,5066,0.5129325201947983,0.08056440454355311,0.13152370956969756,-0.012440419212101483,-0.0019249824507496793,0.06462567726068807
2013-10-01,269223,48892,55851,153941,156299,022651,"NO. 2 HEATING OIL, N.Y. HARBOR - NEW YORK MERCANTILE EXCHANGE ",2.955300092697144,0.008758538460681293,-2358,5.30105838120028,-6959,-4.402294684663906,0.04667354306343476,0.11480480795852706,-0.0019249824507496793,0.026122536964640064,0.0625727298639805
2013-10-08,279409,46801,54482,158654,163840,022651,"NO. 2 HEATING OIL, N.Y. HARBOR - NEW YORK MERCANTILE EXCHANGE ",3.032500028610229,0.018560604704930764,-5186,-1.0504303124175869,-7681,-0.26817916745597514,0.03799760615701377,0.03416170532073497,0.026122536964640064,-0.005111316906286745,0.06086060304861691
2013-10-15,283938,46479,56132,163069,168900,022651,"NO. 2 HEATING OIL, N.Y. HARBOR - NEW YORK MERCANTILE EXCHANGE ",3.0169999599456787,0.020536173389965415,-5831,-0.23084438940764257,-9653,-0.7057754045145289,0.02854182167612036,0.01921821247234702,-0.005111316906286745,-0.006529682007141546,0.05861123225335404
2013-10-22,283846,48919,59012,162821,167273,022651,"NO. 2 HEATING OIL, N.Y. HARBOR - NEW YORK MERCANTILE EXCHANGE ",2.997299909591675,0.015684561346645715,-4452,0.48566940670146297,-10093,-0.1549634075044552,0.005680200185401734,0.049290750572124786,-0.006529682007141546,-0.011076644500014221,0.055846825017990306
2013-10-29,282169,44003,65533,170780,154282,022651,"NO. 2 HEATING OIL, N.Y. HARBOR - NEW YORK MERCANTILE EXCHANGE ",2.964099884033203,-0.058468506462439174,16498,7.3807628080015215,-21530,-4.029297576855055,0.0644492435289268,0.10441316096990944,-0.011076644500014221,-0.033737022551514007,0.05084552846278296
2013-11-05,291380,39942,70750,181139,156197,022651,"NO. 2 HEATING OIL, N.Y. HARBOR - NEW YORK MERCANTILE EXCHANGE ",2.8640999794006348,-0.08559956071109891,24942,2.9925328437921954,-30808,-3.288100393735669,0.036385087864918064,0.08381816210746937,-0.033737022551514007,-0.003805740259684165,0.04598613698862775
2013-11-12,308501,40222,75422,191296,159443,022651,"#2 HEATING OIL, NY HARBOR-ULSD - NEW YORK MERCANTILE EXCHANGE ",2.853199958801269,-0.10325088087234725,31853,2.3718168714393575,-35200,-1.5073100418697234,0.03821360042652799,0.042821071564456435,-0.003805740259684165,0.018435492113937135,0.040885028046052554
2013-11-19,307976,41072,74888,186226,159714,022651,"#2 HEATING OIL, NY HARBOR-ULSD - NEW YORK MERCANTILE EXCHANGE ",2.905800104141236,-0.08608462997116659,26512,-1.731274777067173,-33816,0.4486209120878052,0.015439093484419263,0.01193515005174198,0.018435492113937135,0.047697662475675306,0.03655395225882989
2013-11-26,291802,44933,68303,165787,156621,022651,"#2 HEATING OIL, NY HARBOR-ULSD - NEW YORK MERCANTILE EXCHANGE ",3.0443999767303467,-0.03141171068052995,9166,-5.63225705899161,-23370,3.3918227394342413,0.07298826331852808,0.09224981454661062,0.047697662475675306,0.006799362118307339,0.03384825011873413
2013-12-03,289308,50502,62726,155674,161824,022651,"#2 HEATING OIL, NY HARBOR-ULSD - NEW YORK MERCANTILE EXCHANGE ",3.0650999546051025,0.02125762163507404,-6150,-5.2487645732380175,-12224,3.819713367283295,0.04823967395070205,0.09843854876885576,0.006799362118307339,-0.015594944633077201,0.03206902561609327
2013-12-10,305984,55930,66941,163836,171006,022651,"#2 HEATING OIL, NY HARBOR-ULSD - NEW YORK MERCANTILE EXCHANGE ",3.0172998905181885,0.02343259778289061,-7170,-0.35256543199634993,-11011,0.4192763421682083,0.051797564224320726,0.07848068299273221,-0.015594944633077201,-0.01802935378235171,0.03033614849969774
2013-12-17,292021,50779,69556,167021,161001,022651,"#2 HEATING OIL, NY HARBOR-ULSD - NEW YORK MERCANTILE EXCHANGE ",2.962899923324585,-0.020614955773728603,6020,4.310682911524786,-18777,-2.5380412047688767,0.04021071757382127,0.06453650226451157,-0.01802935378235171,0.038948354280892605,0.02800787894604066
2013-12-24,287995,48118,67046,165202,163695,022651,"#2 HEATING OIL, NY HARBOR-ULSD - NEW YORK MERCANTILE EXCHANGE ",3.0782999992370605,-0.0052327297348912305,1507,-1.5454368007780261,-18928,-0.05170860999722623,0.013721621054615883,0.044901184397902125,0.038948354280892605,-0.00035736066148439605,0.026594644734859636
2013-12-31,279100,55344,65241,152540,163859,022651,"#2 HEATING OIL, NY HARBOR-ULSD - NEW YORK MERCANTILE EXCHANGE ",3.077199935913086,0.0405553565030455,-11319,-4.453549540790639,-9897,3.1358183301793434,0.04053742268464818,0.07489322884272505,-0.00035736066148439605,-0.03831401831853065,0.02522583109877325
2014-01-07,277753,46194,66802,153189,147000,022651,"#2 HEATING OIL, NY HARBOR-ULSD - NEW YORK MERCANTILE EXCHANGE ",2.9593000411987305,-0.022282387588972937,6189,6.273020422787531,-20608,-3.837692583303475,0.05832325634850045,0.09479096605189564,-0.03831401831853065,-0.007772108805172762,0.021477157793549393
2014-01-14,285579,40713,71712,164302,143644,022651,"#2 HEATING OIL, NY HARBOR-ULSD - NEW YORK MERCANTILE EXCHANGE ",2.936300039291382,-0.07233725168867458,20658,5.209304669976562,-30999,-3.7410937055585363,0.04698551044663675,0.09242606181899043,-0.007772108805172762,0.02670023348180184,0.017236972769028254
2014-01-21,279427,42310,66425,156928,148597,022651,"#2 HEATING OIL, NY HARBOR-ULSD - NEW YORK MERCANTILE EXCHANGE ",3.014699935913086,-0.0298145848468473,8331,-4.316493859842636,-24115,2.410541391348804,0.04034694378528762,0.06330988182278015,0.02670023348180184,0.035525927022576065,0.01396682597424843
2014-01-28,283200,55823,67701,153969,158391,022651,"#2 HEATING OIL, NY HARBOR-ULSD - NEW YORK MERCANTILE EXCHANGE ",3.121799945831299,0.015614406779661017,-4422,-4.563982721784223,-11878,4.379319106600293,0.04082789089512102,0.11972572131731485,0.035525927022576065,-0.0444935754982253,0.01120533055044878
2014-02-04,284444,59543,63279,154094,170717,022651,"#2 HEATING OIL, NY HARBOR-ULSD - NEW YORK MERCANTILE EXCHANGE ",2.982899904251098,0.05844032568800889,-16623,-4.308262711864407,-3736,2.875,0.038333061380310396,0.06629105534839036,-0.0444935754982253,0.015153076178451297,0.008873041391171364
2014-02-11,290530,59880,62184,151433,171118,022651,"#2 HEATING OIL, NY HARBOR-ULSD - NEW YORK MERCANTILE EXCHANGE ",3.02810001373291,0.0677554813616494,-19685,-1.076486057009464,-2304,0.5034382866223228,0.009493072413354788,0.01173155066194783,0.015153076178451297,0.024305687874721427,0.006311964166333103
2014-02-18,310372,63727,62082,165275,188801,022651,"#2 HEATING OIL, NY HARBOR-ULSD - NEW YORK MERCANTILE EXCHANGE ",3.1017000675201416,0.07579936334463161,-23526,-1.3220665679964203,1645,1.359240009637559,0.08903455755261583,0.03138885135403668,0.024305687874721427,0.0008382353382032637,0.003615196995626372
2014-02-25,300016,73065,57729,150596,187537,022651,"#2 HEATING OIL, NY HARBOR-ULSD - NEW YORK MERCANTILE EXCHANGE ",3.104300022125244,0.1231300997280145,-36941,-4.322232675627956,15336,4.411158223035583,0.047150085912939586,0.10467605547655091,0.0008382353382032637,-0.020487730847752794,0.003227183681694911
2014-03-04,302763,71104,57531,155027,191349,022651,"#2 HEATING OIL, NY HARBOR-ULSD - NEW YORK MERCANTILE EXCHANGE ",3.040699958801269,0.11996842414694002,-36322,0.20632232947576126,13573,-0.5876353261159405,0.023797838187403286,0.016783923504489446,-0.020487730847752794,-0.026211067916403152,0.003696584394370859
2014-03-11,285806,61343,56750,145942,170661,022651,"#2 HEATING OIL, NY HARBOR-ULSD - NEW YORK MERCANTILE EXCHANGE ",2.9609999656677246,0.08648873711538596,-24719,3.8323705340480836,4593,-2.966016322998517,0.09403890676967686,0.08926862726833935,-0.026211067916403152,-0.015366443965513565,0.004187081075889678
2014-03-18,281962,53481,58117,152815,161148,022651,"#2 HEATING OIL, NY HARBOR-ULSD - NEW YORK MERCANTILE EXCHANGE ",2.9154999256134038,0.02955362779381619,-8333,5.733259623660805,-4636,-3.2291134545810793,0.05219086325458733,0.08269861467051381,-0.015366443965513565,0.0020579804886828867,0.004086288515380543
2014-03-25,271061,53744,57510,141855,152517,022651,"#2 HEATING OIL, NY HARBOR-ULSD - NEW YORK MERCANTILE EXCHANGE ",2.921499967575073,0.03933431958120128,-10662,-0.8259978294947546,-3766,0.30855221625609125,0.06655184596361068,0.007819943552591368,0.0020579804886828867,-0.011535166761209692,0.004665801675763222
2014-04-01,250431,53820,61790,130430,134524,022651,"#2 HEATING OIL, NY HARBOR-ULSD - NEW YORK MERCANTILE EXCHANGE ",2.8877999782562256,0.01634781636458745,-4094,2.423070821696961,-7970,-1.550942407797507,0.11103059398990013,0.037678401522359656,-0.011535166761209692,0.01613688750231046,0.0044524788956439515
2014-04-08,247251,49485,65156,128193,129453,022651,"#2 HEATING OIL, NY HARBOR-ULSD - NEW YORK MERCANTILE EXCHANGE ",2.934400081634521,0.005096036011987818,-1260,1.1316490370601082,-15671,-3.0750985301340488,0.02836450012808272,0.06717491996755087,0.01613688750231046,0.017925267672459944,0.004775070725771805
2014-04-15,264061,54612,76649,136558,137228,022651,"#2 HEATING OIL, NY HARBOR-ULSD - NEW YORK MERCANTILE EXCHANGE ",2.986999988555908,0.0025372925195314717,-670,0.2386239084978423,-22037,-2.574711527961464,0.05895115162937477,0.12661795963766848,0.017925267672459944,0.00522262005656593,0.00567028814875376
2014-04-22,280091,64609,76736,140579,151004,022651,"#2 HEATING OIL, NY HARBOR-ULSD - NEW YORK MERCANTILE EXCHANGE ",3.0025999546051025,0.03722004634208168,-10425,-3.694222168362613,-12127,3.7529207266502813,0.061035794267841406,0.0713431674272171,0.00522262005656593,-0.010823962266563014,0.007968599060677558
2014-04-29,270015,66612,73438,135162,149461,022651,"#2 HEATING OIL, NY HARBOR-ULSD - NEW YORK MERCANTILE EXCHANGE ",2.970099925994873,0.05295631724163472,-14299,-1.3831219139493949,-6826,1.8925991909772182,0.02445339976038479,0.03785076758300607,-0.010823962266563014,-0.027743122176500545,0.010133213060320641
2014-05-06,266412,57569,69028,140778,147449,022651,"#2 HEATING OIL, NY HARBOR-ULSD - NEW YORK MERCANTILE EXCHANGE ",2.887700080871582,0.025040163356004983,-6671,2.825028239171898,-11459,-1.7158306020035923,0.026465251347028557,0.10626634122451559,-0.027743122176500545,0.019496458521922166,0.01163296089125981
2014-05-13,276315,54979,70232,153851,156000,022651,"#2 HEATING OIL, NY HARBOR-ULSD - NEW YORK MERCANTILE EXCHANGE ",2.944000005722046,0.0077773555543492025,-2149,1.6973709892947764,-15253,-1.4241100250739456,0.06978838215787589,0.0303008521615513,0.019496458521922166,0.0017662735054682077,0.013528361776034474
2014-05-20,271644,57150,67479,145079,153251,022651,"#2 HEATING OIL, NY HARBOR-ULSD - NEW YORK MERCANTILE EXCHANGE ",2.949199914932251,0.030083491628749393,-8172,-2.1797586088341205,-10329,1.7820241391165879,0.038618308584453455,0.03950926349405034,0.0017662735054682077,-0.0031533954235951622,0.01585996326296762
2014-05-27,270902,56624,62421,141975,153794,022651,"#2 HEATING OIL, NY HARBOR-ULSD - NEW YORK MERCANTILE EXCHANGE ",2.9398999214172363,0.04362832315745177,-11819,-1.342566005507208,-5797,1.668360059489626,0.0123305687884802,0.04690663194590281,-0.0031533954235951622,-0.02520494558600006,0.018239658455282824
2014-06-03,257686,47669,59787,142887,141769,022651,"#2 HEATING OIL, NY HARBOR-ULSD - NEW YORK MERCANTILE EXCHANGE ",2.865799903869629,-0.004338613661588135,1118,4.775527681597035,-12118,-2.3333161069316577,0.0454478387948963,0.10784879392495533,-0.02520494558600006,0.006385671390668035,0.02012881006899262
2014-06-10,279832,49221,62866,153178,146305,022651,"#2 HEATING OIL, NY HARBOR-ULSD - NEW YORK MERCANTILE EXCHANGE ",2.8840999603271484,-0.024561165270590928,6873,2.2333382488765396,-13645,-0.5925816691632452,0.0495086532457602,0.04131612051352967,0.006385671390668035,0.04642693699288203,0.02155023582769277
2014-06-17,285621,59911,69656,148101,157548,022651,"#2 HEATING OIL, NY HARBOR-ULSD - NEW YORK MERCANTILE EXCHANGE ",3.0179998874664307,0.033075299085151305,-9447,-5.832070670974013,-9745,1.3936933588724663,0.053394580057516954,0.1349108955212361,0.04642693699288203,0.00781978209109857,0.022946863089605148
2014-06-24,304075,65151,60872,155488,181620,022651,"#2 HEATING OIL, NY HARBOR-ULSD - NEW YORK MERCANTILE EXCHANGE ",3.041599988937378,0.08593932417988984,-26132,-5.841657301108812,4279,4.91000311601738,0.0933202415842994,0.11128127405314903,0.00781978209109857,-0.020844302461435205,0.02648988425154249
2014-07-01,292289,68692,60878,146287,171894,022651,"#2 HEATING OIL, NY HARBOR-ULSD - NEW YORK MERCANTILE EXCHANGE ",2.978199958801269,0.08760849706968103,-25607,0.17265477267121598,7814,1.1625421359861876,0.059485010104311696,0.027375164004013276,-0.020844302461435205,-0.03512187030579861,0.029692382122075162
2014-07-08,289193,57008,60412,154837,163407,022651,"#2 HEATING OIL, NY HARBOR-ULSD - NEW YORK MERCANTILE EXCHANGE ",2.873600006103516,0.029634188932650515,-8570,5.828820106127839,-3404,-3.8379822709715383,0.05353439499252146,0.10347470618293306,-0.03512187030579861,-0.0062987274607493315,0.030821620981477543
2014-07-15,304676,56005,60637,165203,166556,022651,"#2 HEATING OIL, NY HARBOR-ULSD - NEW YORK MERCANTILE EXCHANGE ",2.8554999828338623,0.004440782995706915,-1353,2.495565245355178,-4632,-0.42462991842817777,0.04073740275320338,0.010527940193069392,-0.0062987274607493315,-0.0004552955768366562,0.030628300832647226
2014-07-22,329082,50021,61128,185345,176494,022651,"#2 HEATING OIL, NY HARBOR-ULSD - NEW YORK MERCANTILE EXCHANGE ",2.854199886322021,-0.026896031992026302,8851,3.3491315364518375,-11107,-2.1252084181228583,0.08313089523240999,0.058255134998965355,-0.0004552955768366562,0.018393949838038992,0.028513028543785894
2014-07-29,336160,50292,58936,184161,183183,022651,"#2 HEATING OIL, NY HARBOR-ULSD - NEW YORK MERCANTILE EXCHANGE ",2.9066998958587646,-0.0029093288910042835,978,-2.3924128332755967,-8644,0.7484456761536638,0.021432227013371663,0.022549163218222434,0.018393949838038992,-0.020573128198364432,0.026581485587283994
2014-08-05,342910,48361,58564,185990,182135,022651,"#2 HEATING OIL, NY HARBOR-ULSD - NEW YORK MERCANTILE EXCHANGE ",2.84689998626709,-0.01124201685573474,3855,0.855842455973346,-10203,-0.4637672536887197,0.00781528013582343,0.021538461538461538,-0.020573128198364432,-0.0006673777322793173,0.024461047457107796
2014-08-12,356605,53999,56915,174724,180826,022651,"#2 HEATING OIL, NY HARBOR-ULSD - NEW YORK MERCANTILE EXCHANGE ",2.845000028610229,0.01711136972280254,-6102,-2.903677349741915,-2916,2.125047388527602,0.03536774012093939,0.06569955100348017,-0.0006673777322793173,-0.009806671446211945,0.023559791279063765
2014-08-19,357649,56108,53776,178703,183132,022651,"#2 HEATING OIL, NY HARBOR-ULSD - NEW YORK MERCANTILE EXCHANGE ",2.817100048065185,0.012383649891373945,-4429,0.4691465346812299,2332,1.4716563144095007,0.01736979562507773,0.04775945542572167,-0.009806671446211945,0.009619767608960883,0.022106026586863396
2014-08-26,360704,63040,61495,176182,184737,022651,"#2 HEATING OIL, NY HARBOR-ULSD - NEW YORK MERCANTILE EXCHANGE ",2.8441998958587646,0.02371750798438609,-8555,-1.1536450542291465,1545,-0.22004814776498746,0.011431927939509973,0.11764564178744931,0.009619767608960883,-0.01670061769040443,0.020231692158212796
2014-09-02,363011,62512,62436,180990,186482,022651,"#2 HEATING OIL, NY HARBOR-ULSD - NEW YORK MERCANTILE EXCHANGE ",2.7967000007629395,0.015129018128927222,-5492,0.8491727288857345,76,-0.4072591376863024,0.017832651195193103,0.011756890866600506,-0.01670061769040443,-0.0018593017516310706,0.018071697764363077
2014-09-09,366013,56636,59211,187116,188971,022651,"#2 HEATING OIL, NY HARBOR-ULSD - NEW YORK MERCANTILE EXCHANGE ",2.7915000915527344,0.005068125995524749,-1855,1.0018980141097653,-2575,-0.7302809005787703,0.022906933767984534,0.07856051516223984,-0.0018593017516310706,-0.012609750264766961,0.016208902330717468
2014-09-16,374326,58145,60819,192123,189203,022651,"#2 HEATING OIL, NY HARBOR-ULSD - NEW YORK MERCANTILE EXCHANGE ",2.75629997253418,-0.007800687101617307,2920,1.3045984705461282,-2674,-0.02704821959875742,0.013738900573262772,0.02620120372549679,-0.012609750264766961,-0.026521093768921977,0.014778132920438721
2014-09-23,384597,59560,66697,202620,192720,022651,"#2 HEATING OIL, NY HARBOR-ULSD - NEW YORK MERCANTILE EXCHANGE ",2.683199882507324,-0.025741230430814593,9900,1.8646847934687947,-7137,-1.1922762511821248,0.03544796883695047,0.057763133925247706,-0.026521093768921977,-0.013416732449772373,0.013097664865210423
2014-09-30,376640,61933,71970,197370,187187,022651,"#2 HEATING OIL, NY HARBOR-ULSD - NEW YORK MERCANTILE EXCHANGE ",2.647200107574463,-0.02703642735768904,10183,0.07358351729212656,-10037,-0.7540360429228516,0.02804005648057375,0.05710103582444008,-0.013416732449772373,-0.015072553206014638,0.012409300137934072
2014-10-07,388563,60156,74043,203615,190283,022651,"#2 HEATING OIL, NY HARBOR-ULSD - NEW YORK MERCANTILE EXCHANGE ",2.607300043106079,-0.03431103836443511,13332,0.8360768903993202,-13887,-1.0221962616822429,0.023714261052353657,0.02868873836615772,-0.015072553206014638,-0.05181610249410884,0.011392537771215497
2014-10-14,394133,63140,81785,211847,195715,022651,"#2 HEATING OIL, NY HARBOR-ULSD - NEW YORK MERCANTILE EXCHANGE ",2.4721999168396,-0.040930345847721455,16132,0.7206038660397412,-18645,-1.2245118552203889,0.033526187426698266,0.07401069518716577,-0.05181610249410884,0.016584470985975708,0.010210489324336904
2014-10-21,392127,62155,84267,221076,197990,022651,"#2 HEATING OIL, NY HARBOR-ULSD - NEW YORK MERCANTILE EXCHANGE ",2.513200044631958,-0.058873783238593616,23086,1.764379029413929,-22112,-0.8796523001118911,0.027451523149098232,0.023678135799265136,0.016584470985975708,-0.007997818069703233,0.008776675005389993
2014-10-28,388708,61803,88312,225820,200677,022651,"#2 HEATING OIL, NY HARBOR-ULSD - NEW YORK MERCANTILE EXCHANGE ",2.4930999279022217,-0.06468351564670652,25143,0.5245749463821671,-26509,-1.121320388547588,0.017423334747958368,0.029290876994304365,-0.007997818069703233,-0.020215803677963606,0.008657155598000236
2014-11-04,403115,57418,85879,226512,202859,022651,"#2 HEATING OIL, NY HARBOR-ULSD - NEW YORK MERCANTILE EXCHANGE ",2.442699909210205,-0.058675564044999566,23653,-0.3833211562406742,-28461,-0.5021764409273799,0.0066935121375220966,0.04757950271115236,-0.020215803677963606,0.010643969318601343,0.009174924764655992
2014-11-11,405089,59826,87736,219669,198297,022651,"#2 HEATING OIL, NY HARBOR-ULSD - NEW YORK MERCANTILE EXCHANGE ",2.4686999320983887,-0.05275877646640615,21372,-0.5658434937920941,-27910,0.13668556119221562,0.027286908504519505,0.028903105135468482,0.010643969318601343,-0.035403233267770506,0.010145926772462554
2014-11-18,387099,62231,84912,205327,187012,022651,"#2 HEATING OIL, NY HARBOR-ULSD - NEW YORK MERCANTILE EXCHANGE ",2.38129997253418,-0.0473134779475018,18315,-0.754648978372654,-22681,1.2908274477954227,0.06531851281672227,0.03553685870207893,-0.035403233267770506,0.005669161953628432,0.010891525849840721
2014-11-25,372718,54736,76667,197800,176406,022651,"#2 HEATING OIL, NY HARBOR-ULSD - NEW YORK MERCANTILE EXCHANGE ",2.3947999477386475,-0.057399964584484785,21394,0.7954037597617147,-21931,0.19374888594390582,0.04845726685301679,0.11978417539934401,0.005669161953628432,-0.10038410002509823,0.01039175173630313
2014-12-02,359634,52580,81149,191530,165162,022651,"#2 HEATING OIL, NY HARBOR-ULSD - NEW YORK MERCANTILE EXCHANGE ",2.154400110244751,-0.07331898541294761,26368,1.3345210051567136,-28569,-1.7809711363550997,0.04910118533636863,0.04963770012487942,-0.10038410002509823,-0.03267730969923344,0.008572970831533482
2014-12-09,361674,54519,83132,199650,172062,022651,"#2 HEATING OIL, NY HARBOR-ULSD - NEW YORK MERCANTILE EXCHANGE ",2.0840001106262207,-0.07627863766817632,27588,0.3392337765617266,-28613,-0.012234660794029486,0.04040762741046832,0.02849234658665756,-0.03267730969923344,-0.05950099131328124,0.006655447072859118
2014-12-16,357248,59212,91943,196307,164217,022651,"#2 HEATING OIL, NY HARBOR-ULSD - NEW YORK MERCANTILE EXCHANGE ",1.9600000381469729,-0.08982555535650305,32090,1.2447673872050522,-32731,-1.138594424813506,0.031032608092665122,0.0893387582283087,-0.05950099131328124,0.015663248847197275,0.00532447400395961
2014-12-23,354472,58401,87374,191991,164002,022651,"#2 HEATING OIL, NY HARBOR-ULSD - NEW YORK MERCANTILE EXCHANGE ",1.9907000064849851,-0.07895969216186328,27989,-1.1479420458616985,-28973,1.0519303117162306,0.012727778355192378,0.03690619104784771,0.015663248847197275,-0.06123472247356487,0.003906647803440916
2014-12-30,342899,56315,84766,188214,162311,022651,"#2 HEATING OIL, NY HARBOR-ULSD - NEW YORK MERCANTILE EXCHANGE ",1.8688000440597532,-0.07554119434585695,25903,-0.588480895529125,-28451,0.14726127874698142,0.015599457955923258,0.033271666631226035,-0.06123472247356487,-0.07630568072948829,0.0016740218255774074
2015-01-06,359244,62178,86465,190168,166416,022651,"#2 HEATING OIL, NY HARBOR-ULSD - NEW YORK MERCANTILE EXCHANGE",1.726199984550476,-0.06611662268541715,23752,-0.627298417318219,-24287,1.2143517478907784,0.016991788751037625,0.050873569559279616,-0.07630568072948829,-0.0539914083954085,0.000831055766030403
2015-01-13,373833,67320,96043,194294,166134,022651,"#2 HEATING OIL, NY HARBOR-ULSD - NEW YORK MERCANTILE EXCHANGE",1.6330000162124634,-0.07532775330160793,28160,1.227021188941221,-28723,-1.2348153344245136,0.01222990444693531,0.09010608277272088,-0.0539914083954085,-0.0039191604804491575,0.0007735461196278386
2015-01-20,377479,69672,101341,198419,167793,022651,"#2 HEATING OIL, NY HARBOR-ULSD - NEW YORK MERCANTILE EXCHANGE",1.6266000270843506,-0.08113299017958615,30626,0.6596528396369502,-31669,-0.7880524191283274,0.01579413017596365,0.044733441317326754,-0.0039191604804491575,0.02225496540468197,-0.00021334629061713954
2015-01-27,392614,68386,99776,208750,182828,022651,"#2 HEATING OIL, NY HARBOR-ULSD - NEW YORK MERCANTILE EXCHANGE",1.6627999544143677,-0.06602413566505524,25922,-1.2461620381531158,-31390,0.07391139639556107,0.06477892016405416,0.01695388970159727,0.02225496540468197,0.11047635898629649,-0.0017833182607078367
2015-02-03,379514,67464,103147,200968,171529,022651,"#2 HEATING OIL, NY HARBOR-ULSD - NEW YORK MERCANTILE EXCHANGE",1.846500039100647,-0.07757026091264091,29439,0.8957907766916107,-35683,-1.093440376553052,0.051224573620727146,0.025162504176166837,0.11047635898629649,-0.007473612073676583,-0.004398906464566487
2015-02-10,397329,64159,101190,212779,183731,022651,"#2 HEATING OIL, NY HARBOR-ULSD - NEW YORK MERCANTILE EXCHANGE",1.83270001411438,-0.0731081798710892,29048,-0.10302650231612008,-37031,-0.355191112844322,0.06056089379839096,0.031823597360733966,-0.007473612073676583,0.07895450975627227,-0.0071078230267345366
2015-02-17,395666,65298,95098,212335,191748,022651,"#2 HEATING OIL, NY HARBOR-ULSD - NEW YORK MERCANTILE EXCHANGE",1.9773999452590945,-0.05203125868788321,20587,-2.1294695328053073,-29800,1.8199023982644107,0.020938767530433104,0.04508217162522756,0.07895450975627227,0.02604428250854096,-0.009566104219667514
2015-02-24,368870,67275,92056,198432,185441,022651,"#2 HEATING OIL, NY HARBOR-ULSD - NEW YORK MERCANTILE EXCHANGE",2.028899908065796,-0.03521836961531163,12991,-1.9198010443151547,-24781,1.2684941339412534,0.052647620436967434,0.031500461303826624,0.02604428250854096,-0.04406325489966134,-0.012611267091654556
2015-03-03,375130,67612,83020,201161,197317,022651,"#2 HEATING OIL, NY HARBOR-ULSD - NEW YORK MERCANTILE EXCHANGE",1.9394999742507932,-0.010247114333697651,3844,-2.4797354081383687,-15408,2.541003605606311,0.036651960710503466,0.06222449413139306,-0.04406325489966134,-0.06496516070819969,-0.01511541206243605
2015-03-10,385006,64978,85728,205761,195933,022651,"#2 HEATING OIL, NY HARBOR-ULSD - NEW YORK MERCANTILE EXCHANGE",1.8135000467300413,-0.025526874905845622,9828,1.595180337483006,-20750,-1.4240396662490338,0.014896911579460983,0.035446498480485186,-0.06496516070819969,-0.06594985085199301,-0.017269558447459733
2015-03-17,378817,62193,86661,205647,187683,022651,"#2 HEATING OIL, NY HARBOR-ULSD - NEW YORK MERCANTILE EXCHANGE",1.6938999891281128,-0.04742131424936051,17964,2.113213820044363,-24468,-0.9656992358560647,0.021264586988025323,0.02497749472637618,-0.06594985085199301,0.00743849362921023,-0.0187498457944439
2015-03-24,364661,57338,87832,199981,177114,022651,"#2 HEATING OIL, NY HARBOR-ULSD - NEW YORK MERCANTILE EXCHANGE",1.7065000534057615,-0.0627075557846877,22867,1.2942924947930003,-30494,-1.5907417037778135,0.043052811625717655,0.041509953847213614,0.00743849362921023,0.0066803305027678395,-0.020712189551480225
2015-03-31,364522,59271,88193,196488,172795,022651,"#2 HEATING OIL, NY HARBOR-ULSD - NEW YORK MERCANTILE EXCHANGE",1.717900037765503,-0.06499744871365788,23693,0.22651174652622572,-28922,0.431085309369524,0.021154507518623928,0.01555633917430695,0.0066803305027678395,0.03836076995084925,-0.022276521572215713
2015-04-07,363677,57424,91220,196710,169791,022651,"#2 HEATING OIL, NY HARBOR-ULSD - NEW YORK MERCANTILE EXCHANGE",1.7838000059127808,-0.07401897837916613,26919,0.8849945956622646,-33796,-1.3370935087594165,0.008802158793564002,0.03278975269772073,0.03836076995084925,0.010034751666360586,-0.02379796415666098
2015-04-14,365300,62741,86680,192600,175941,022651,"#2 HEATING OIL, NY HARBOR-ULSD - NEW YORK MERCANTILE EXCHANGE",1.801699995994568,-0.045603613468382154,16659,-2.821184732606131,-23939,2.7103721159160465,0.027839507680285234,0.06596796969636129,0.010034751666360586,0.028584094422597017,-0.024723750810274704
2015-04-21,360816,63688,84304,186461,179015,022651,"#2 HEATING OIL, NY HARBOR-ULSD - NEW YORK MERCANTILE EXCHANGE",1.8531999588012693,-0.02063655713715578,7446,-2.522036682179031,-20616,0.9096632904462085,0.02520822160689074,0.022453916427915024,0.028584094422597017,0.034211111345544554,-0.025836377800260043
2015-04-28,360668,67832,81786,188637,188801,022651,"#2 HEATING OIL, NY HARBOR-ULSD - NEW YORK MERCANTILE EXCHANGE",1.916599988937378,0.00045471181252564687,-164,-2.109108243536872,-13954,1.8463704492040263,0.03169262236446781,0.04452672806747851,0.034211111345544554,0.05107999287953713,-0.026846024058512143
2015-05-05,354999,70204,81005,185456,189118,022651,"#2 HEATING OIL, NY HARBOR-ULSD - NEW YORK MERCANTILE EXCHANGE",2.01449990272522,0.010315522015554973,-3662,-0.9698670245211662,-10801,0.8742111859105881,0.009338608659437121,0.020851933416661708,0.05107999287953713,-0.0077437813815735,-0.02712919023813618
2015-05-12,367727,71442,82731,195561,200003,022651,"#2 HEATING OIL, NY HARBOR-ULSD - NEW YORK MERCANTILE EXCHANGE",1.998900055885315,0.012079613408860377,-4442,-0.21971892878571486,-11289,-0.13746517595824215,0.05306347392583754,0.019225156155747117,-0.0077437813815735,-0.034869178408931445,-0.02704645451016481
2015-05-19,362911,70615,76520,190353,202498,022651,"#2 HEATING OIL, NY HARBOR-ULSD - NEW YORK MERCANTILE EXCHANGE",1.9292000532150269,0.03346550531673055,-12145,-2.094760515273559,-5905,1.4641296396511543,0.019607942960562657,0.04783362218370884,-0.034869178408931445,-0.015032159998487282,-0.02698141578539594
2015-05-26,352075,66685,74741,187660,198542,022651,"#2 HEATING OIL, NY HARBOR-ULSD - NEW YORK MERCANTILE EXCHANGE",1.9002000093460083,0.030908187176027835,-10882,0.34801921132178415,-8056,-0.5927073028924447,0.017216378993376524,0.0403674006194052,-0.015032159998487282,0.023839599328307592,-0.027226033785038708
2015-06-02,342066,65847,70931,179885,193648,022651,"#2 HEATING OIL, NY HARBOR-ULSD - NEW YORK MERCANTILE EXCHANGE",1.9455000162124636,0.04023492542374863,-13763,-0.8182915571966201,-5084,0.8441383228005396,0.033916682060219576,0.03398207314041732,0.023839599328307592,-0.014186609993592891,-0.026368850341089926
2015-06-09,353855,65362,66699,183729,196972,022651,"#2 HEATING OIL, NY HARBOR-ULSD - NEW YORK MERCANTILE EXCHANGE",1.9178999662399288,0.03742493394186885,-13243,0.15201744692544714,-1337,1.0954026415954816,0.018828424406555275,0.03571834228121853,-0.014186609993592891,-0.017206315736738698,-0.025176809971619543
2015-06-16,368951,65727,60368,198471,211635,022651,"#2 HEATING OIL, NY HARBOR-ULSD - NEW YORK MERCANTILE EXCHANGE",1.884899973869324,0.03567953468075707,-13164,0.02232552881830128,5359,1.8923005185739923,0.07170097486991169,0.053102819302906536,-0.017206315736738698,0.013953033601031617,-0.025126728517857893
2015-06-23,371685,65238,59819,197758,218379,022651,"#2 HEATING OIL, NY HARBOR-ULSD - NEW YORK MERCANTILE EXCHANGE",1.9112000465393064,0.05547977454026931,-20621,-2.0211355979520316,5419,0.016262322096972225,0.017919579369294246,0.008300215101913528,0.013953033601031617,-0.012871509205037546,-0.025712489087850596
2015-06-30,367511,64368,58356,194327,211198,022651,"#2 HEATING OIL, NY HARBOR-ULSD - NEW YORK MERCANTILE EXCHANGE",1.8866000175476076,0.04590610893279385,-16871,1.0089188425683038,6012,0.15954369963813445,0.026168546945317797,0.01901013656660474,-0.012871509205037546,-0.09291847793257013,-0.026514458090483042
2015-07-07,376020,59056,59642,207940,210099,022651,"#2 HEATING OIL, NY HARBOR-ULSD - NEW YORK MERCANTILE EXCHANGE",1.711300015449524,0.005741715866177331,-2159,4.003145484080749,-586,-1.7953204121781388,0.03519288870177185,0.055586446275421655,-0.09291847793257013,0.008180879353972381,-0.02697392872637676
2015-07-14,376772,58970,57122,203834,211359,022651,"#2 HEATING OIL, NY HARBOR-ULSD - NEW YORK MERCANTILE EXCHANGE",1.7252999544143677,0.019972290934570508,-7525,-1.4270517525663529,1848,0.6473059943620021,0.012924109992220486,0.02244771388209351,0.008180879353972381,-0.027183629502520734,-0.026675245881398614
2015-07-21,391674,61904,57390,205917,216678,022651,"#2 HEATING OIL, NY HARBOR-ULSD - NEW YORK MERCANTILE EXCHANGE",1.6784000396728516,0.027474379203112794,-10761,-0.8588748633125605,4514,0.7075897359676409,0.01751558821093482,0.026841249350344525,-0.027183629502520734,-0.04408960867761791,-0.025629661050722858
2015-07-28,400345,67248,54691,208665,224162,022651,"#2 HEATING OIL, NY HARBOR-ULSD - NEW YORK MERCANTILE EXCHANGE",1.6044000387191772,0.038709113389701386,-15497,-1.209168849604518,12557,2.053493466505308,0.023639930041332913,0.0659592091127531,-0.04408960867761791,-0.03546498568990741,-0.02482930639147852
2015-08-04,409973,73207,67658,212009,221121,022651,"#2 HEATING OIL, NY HARBOR-ULSD - NEW YORK MERCANTILE EXCHANGE",1.5475000143051147,0.022225853897695703,-9112,1.5948744208120498,5549,-1.7504902022006021,0.014741532565280631,0.1343555886842012,-0.03546498568990741,0.009951491256200873,-0.024185693492374087
2015-08-11,432352,73659,69135,219567,224233,022651,"#2 HEATING OIL, NY HARBOR-ULSD - NEW YORK MERCANTILE EXCHANGE",1.5628999471664429,0.01079213233661461,-4666,1.084461659670271,4524,-0.25001646449888165,0.024042361424064893,0.013508970965166603,0.009951491256200873,-0.00275129466296431,-0.02430721728826232
2015-08-18,423212,69951,68019,214122,220575,022651,"#2 HEATING OIL, NY HARBOR-ULSD - NEW YORK MERCANTILE EXCHANGE",1.5585999488830566,0.015247677287033449,-6453,-0.41332062763674043,1932,-0.5995115091407002,0.020941023287485306,0.03496412263535551,-0.00275129466296431,-0.10483763642220967,-0.024252139838345788
2015-08-25,435992,70319,72958,232506,231367,022651,"#2 HEATING OIL, NY HARBOR-ULSD - NEW YORK MERCANTILE EXCHANGE",1.39520001411438,-0.002612433255656067,1139,1.7938999839324028,-2639,-1.0800733438560342,0.06289652555764186,0.037040139031386754,-0.10483763642220967,0.13094899377004987,-0.024758484862192752
2015-09-01,415701,61095,66993,231877,226413,022651,"#2 HEATING OIL, NY HARBOR-ULSD - NEW YORK MERCANTILE EXCHANGE",1.5779000520706177,-0.013144062679666394,5464,0.99199067872805,-5898,-0.7474907796473329,0.012182242684762923,0.11858253700580851,0.13094899377004987,0.010076618351611888,-0.025302197954665706
2015-09-08,399246,60902,65701,220803,219283,022651,"#2 HEATING OIL, NY HARBOR-ULSD - NEW YORK MERCANTILE EXCHANGE",1.5937999486923218,-0.003807176527754818,1520,-0.9487588434956855,-4799,0.2643727101931436,0.041364642365355864,0.011729579867775645,0.010076618351611888,-0.058853025292968875,-0.025472876849344163
2015-09-15,410649,59243,65559,224382,218179,022651,"#2 HEATING OIL, NY HARBOR-ULSD - NEW YORK MERCANTILE EXCHANGE",1.5,-0.01510535761684553,6203,1.1729610315444612,-6316,-0.3799662363555302,0.010581592142100185,0.014430858479832054,-0.058853025292968875,0.021333297093709236,-0.02561335128232932
2015-09-22,389170,58113,65966,215293,205787,022651,"#2 HEATING OIL, NY HARBOR-ULSD - NEW YORK MERCANTILE EXCHANGE",1.531999945640564,-0.024426343243312693,9506,0.8043365501925002,-7853,-0.374285582090788,0.0510140590861594,0.012387269400946171,0.021333297093709236,-0.022454299926692678,-0.025588064990261974
2015-09-29,385757,56633,67705,213006,203694,022651,"#2 HEATING OIL, NY HARBOR-ULSD - NEW YORK MERCANTILE EXCHANGE",1.497599959373474,-0.024139548990685846,9312,-0.04984968008839325,-11072,-0.8271449495079272,0.010511159107271418,0.025889108719779955,-0.022454299926692678,0.0760550671153255,-0.02553235579089653
2015-10-06,385732,55502,60633,210247,210327,022651,"#2 HEATING OIL, NY HARBOR-ULSD - NEW YORK MERCANTILE EXCHANGE",1.6115000247955322,0.00020739788246762,-80,-2.434693343218658,-5131,1.540088708694852,0.02233138520212852,0.07063331467688466,0.0760550671153255,-0.0873099475508724,-0.02486853970922532
2015-10-13,376990,53315,66590,203122,193849,022651,"#2 HEATING OIL, NY HARBOR-ULSD - NEW YORK MERCANTILE EXCHANGE",1.4708000421524048,-0.024597469428897317,9273,2.4247404933995624,-13275,-2.1113104435203716,0.05945774376465787,0.067920437012635,-0.0873099475508724,-0.015025897706793634,-0.02455444593194024
2015-10-20,394212,59181,69376,215100,208927,022651,"#2 HEATING OIL, NY HARBOR-ULSD - NEW YORK MERCANTILE EXCHANGE",1.448699951171875,-0.015659086988726877,6173,-0.8223029788588557,-10195,0.8169977983500889,0.0638072575567122,0.06730088598831646,-0.015025897706793634,-0.016773645357165412,-0.02372339408098127
2015-10-27,378501,57266,71918,210608,200747,022651,"#2 HEATING OIL, NY HARBOR-ULSD - NEW YORK MERCANTILE EXCHANGE",1.424399971961975,-0.026052771326892134,9861,0.9355372236258662,-14652,-1.130609925623776,0.030805508623937963,0.034501176616299235,-0.016773645357165412,0.09941028894025838,-0.022980495151754068
2015-11-03,355913,55316,70027,198600,190858,022651,"#2 HEATING OIL, NY HARBOR-ULSD - NEW YORK MERCANTILE EXCHANGE",1.565999984741211,-0.021752506932874047,7742,-0.5598400004227202,-14711,-0.015587805580434398,0.056224291194429184,0.030643913102446886,0.09941028894025838,-0.050766258442088374,-0.02227043636113627
2015-11-10,369963,55687,66715,218168,205288,022651,"#2 HEATING OIL, NY HARBOR-ULSD - NEW YORK MERCANTILE EXCHANGE",1.4865000247955322,-0.034814292240034815,12880,1.4436112195958,-11028,1.0348034491575187,0.08028697196402933,0.030089377624548618,-0.050766258442088374,-0.07965016865728403,-0.021925350126013744
2015-11-17,374351,56635,73893,218454,197774,022651,"#2 HEATING OIL, NY HARBOR-ULSD - NEW YORK MERCANTILE EXCHANGE",1.3681000471115112,-0.05524227262649225,20680,2.1083189400021083,-17258,-1.683952179001684,0.018739729186887957,0.06225484187300809,-0.07965016865728403,0.02309772486364481,-0.02207782694676356
2015-11-24,362990,54912,79605,206525,182327,022651,"#2 HEATING OIL, NY HARBOR-ULSD - NEW YORK MERCANTILE EXCHANGE",1.3997000455856323,-0.06666299347089452,24198,0.9397597441972908,-24693,-1.9861039505704539,0.0704021067141226,0.05527182437907476,0.02309772486364481,-0.0219333332481656,-0.022255962117656052
2015-12-01,345784,58434,76870,191938,171417,022651,"#2 HEATING OIL, NY HARBOR-ULSD - NEW YORK MERCANTILE EXCHANGE",1.36899995803833,-0.059346297110334775,20521,-1.012975564065126,-18436,1.7237389459764731,0.07017104484594955,0.04624401348075445,-0.0219333332481656,-0.08020451751845437,-0.021987256573375042
2015-12-08,347675,58261,74473,196656,182536,022651,"#2 HEATING OIL, NY HARBOR-ULSD - NEW YORK MERCANTILE EXCHANGE",1.2591999769210815,-0.040612641115984754,14120,-1.8511556347315088,-16212,0.6431760868056359,0.04176512162703855,0.019362032335347387,-0.08020451751845437,-0.08934240341344524,-0.021301372024294433
2015-12-15,350446,64715,78081,198382,188203,022651,"#2 HEATING OIL, NY HARBOR-ULSD - NEW YORK MERCANTILE EXCHANGE",1.1467000246047974,-0.02904584443823014,10179,-1.1335298770403395,-13366,0.8185805709355001,0.019123866678738183,0.07046415865990643,-0.08934240341344524,-0.0515392261137263,-0.02013253142971226
2015-12-22,353619,61397,75093,201701,189469,022651,"#2 HEATING OIL, NY HARBOR-ULSD - NEW YORK MERCANTILE EXCHANGE",1.0875999927520752,-0.03459090150698916,12232,0.5858249202444885,-13696,-0.09416572025361968,0.011721246516859678,0.046201186900139204,-0.0515392261137263,0.03852522894299848,-0.019279285455580067
2015-12-29,343460,62664,71240,189929,183728,022651,"#2 HEATING OIL, NY HARBOR-ULSD - NEW YORK MERCANTILE EXCHANGE",1.1295000314712524,-0.01805450416351249,6201,-1.7055079054010107,-8576,1.4478860016005928,0.04686918751689383,0.03823634842872506,0.03852522894299848,-0.0037184431805482587,-0.018173772182842673
2016-01-05,345966,65815,68854,182054,184381,022651,"#2 HEATING OIL, NY HARBOR-ULSD - NEW YORK MERCANTILE EXCHANGE",1.125300049781799,0.006726094471711093,-2327,-2.4829674489023468,-3039,1.6121236825248935,0.023272886050732054,0.041115624234233566,-0.0037184431805482587,-0.12014575461659194,-0.016772950699051745
2016-01-12,345023,68490,63458,178974,185470,022651,"#2 HEATING OIL, NY HARBOR-ULSD - NEW YORK MERCANTILE EXCHANGE",0.9901000261306764,0.018827730325224695,-6496,-1.2050317083181585,5032,2.3328882028869886,0.011439343218711243,0.06116803589292752,-0.12014575461659194,-0.08221395279620503,-0.014962268321612656
2016-01-19,361345,69154,69492,192685,194055,022651,"#2 HEATING OIL, NY HARBOR-ULSD - NEW YORK MERCANTILE EXCHANGE",0.9086999893188475,0.003791390499384245,-1370,1.4856980549122811,-338,-1.556417977931906,0.057651135129544395,0.048310084676081534,-0.08221395279620503,0.06492793656024487,-0.01332910715470938
2016-01-26,349566,70030,65395,188551,194543,022651,"#2 HEATING OIL, NY HARBOR-ULSD - NEW YORK MERCANTILE EXCHANGE",0.9677000045776368,0.01714125515639393,-5992,-1.2791099918360571,4635,1.3762470768932737,0.012064924013427514,0.03672143252722909,0.06492793656024487,0.04464195082915556,-0.011729772715835356
2016-02-02,358889,67586,65080,200418,203779,022651,"#2 HEATING OIL, NY HARBOR-ULSD - NEW YORK MERCANTILE EXCHANGE",1.0109000205993652,0.009365012580491461,-3361,0.752647568699473,2506,-0.609040925032755,0.05220968982946435,0.0207965869175222,0.04464195082915556,-0.03561184352345337,-0.010057940533275118
2016-02-09,358222,70436,66950,198339,200069,022651,"#2 HEATING OIL, NY HARBOR-ULSD - NEW YORK MERCANTILE EXCHANGE",0.9749000072479248,0.004829407462411577,-1730,0.4544580636352744,3486,0.2730649309396499,0.014530330716250678,0.03435575677288807,-0.03561184352345337,0.05344131990324352,-0.00855914077686164
2016-02-16,367721,69009,65042,205961,210886,022651,"#2 HEATING OIL, NY HARBOR-ULSD - NEW YORK MERCANTILE EXCHANGE",1.0269999504089355,0.013393306338229256,-4925,-0.8919050197921959,3967,0.1342742768450849,0.04423445532773416,0.024878590984028465,0.05344131990324352,-0.004771157618599919,-0.007300976064821018
2016-02-23,373763,68869,70362,213914,212763,022651,"#2 HEATING OIL, NY HARBOR-ULSD - NEW YORK MERCANTILE EXCHANGE",1.0220999717712402,-0.0030794915494578115,1151,1.652339681443268,-1493,-1.4848213727255175,0.023038504536218262,0.03921540461535147,-0.004771157618599919,0.07572641741377062,-0.006682920717400751
2016-03-01,364300,65582,70792,213954,210106,022651,"#2 HEATING OIL, NY HARBOR-ULSD - NEW YORK MERCANTILE EXCHANGE",1.0994999408721924,-0.010562723030469394,3848,0.7215802527269954,-5210,-0.9944804595425443,0.006359949063811725,0.027255928549430243,0.07572641741377062,0.09140528623566868,-0.0066889901154155934
2016-03-08,363738,65163,69242,206972,206262,022651,"#2 HEATING OIL, NY HARBOR-ULSD - NEW YORK MERCANTILE EXCHANGE",1.2000000476837158,-0.001951954428737168,710,-0.8613779851770519,-4079,0.31045841339555313,0.026198231510475904,0.014649752613370039,0.09140528623566868,-0.018583336727486577,-0.006235626260086584
2016-03-15,358306,64545,67621,201557,203953,022651,"#2 HEATING OIL, NY HARBOR-ULSD - NEW YORK MERCANTILE EXCHANGE",1.1777000427246094,0.006687021707702355,-2396,-0.8539113317827668,-3076,0.2757479284539971,0.01904761904761905,0.01694081685153519,-0.018583336727486577,0.06317393684387818,-0.005195081337835376
2016-03-22,378646,62999,63507,216132,226173,022651,"#2 HEATING OIL, NY HARBOR-ULSD - NEW YORK MERCANTILE EXCHANGE",1.2520999908447266,0.026518172646746566,-10041,-2.1336511250160477,-508,0.7167058324448934,0.08318920202122969,0.044740960903040174,0.06317393684387818,-0.07715033718682451,-0.003479201944923178
2016-03-29,377333,64101,62948,211442,219877,022651,"#2 HEATING OIL, NY HARBOR-ULSD - NEW YORK MERCANTILE EXCHANGE",1.155500054359436,0.022354260030265045,-8435,0.42414286695224557,1153,0.43866830760129516,0.025470707295528368,0.013073695975568482,-0.07715033718682451,-0.07001304132027975,-0.0017993613921554292
2016-04-05,382411,65573,65789,210635,211213,022651,"#2 HEATING OIL, NY HARBOR-ULSD - NEW YORK MERCANTILE EXCHANGE",1.0745999813079834,0.0015114627978797682,-578,2.082245655694042,-216,-0.3628095077822507,0.02245121465551573,0.03283293494313424,-0.07001304132027975,0.1873255429813505,-0.00034685290798146967
2016-04-12,387559,66282,61723,211782,222227,022651,"#2 HEATING OIL, NY HARBOR-ULSD - NEW YORK MERCANTILE EXCHANGE",1.2759000062942505,0.02695073524289205,-10445,-2.5802082053079016,4559,1.2486565501515385,0.028020156264040606,0.03730323034256474,0.1873255429813505,-0.0099537280348313,0.0010484230287738036
2016-04-19,395331,68133,66444,218985,229121,022651,"#2 HEATING OIL, NY HARBOR-ULSD - NEW YORK MERCANTILE EXCHANGE",1.263200044631958,0.025639274430793436,-10136,0.07972979597945087,1689,-0.7405324092589773,0.031459074415428494,0.04883449623635539,-0.0099537280348313,0.0548606189408003,0.0019383428666189808
2016-04-26,393354,66810,62635,217303,233294,022651,"#2 HEATING OIL, NY HARBOR-ULSD - NEW YORK MERCANTILE EXCHANGE",1.3324999809265137,0.04065294874337111,-15991,-1.4810374091584013,4175,0.6288401364932171,0.01299387257349694,0.03964618177604388,0.0548606189408003,0.0006754447647214779,0.0027113858845198547
2016-05-03,393146,68958,61848,213789,234903,022651,"#2 HEATING OIL, NY HARBOR-ULSD - NEW YORK MERCANTILE EXCHANGE",1.333400011062622,0.053705239274976724,-21114,-1.3023891964998449,7110,0.7461472363316504,0.011417631693901385,0.022437808663211167,0.0006754447647214779,0.0030748200551256044,0.0035458035241241193
2016-05-10,389661,69791,61120,210339,231864,022651,"#2 HEATING OIL, NY HARBOR-ULSD - NEW YORK MERCANTILE EXCHANGE",1.337499976158142,0.05524032428187579,-21525,-0.10454131544006552,8671,0.3970535119268669,0.01467425594127584,0.01192413166196882,0.0030748200551256044,0.0971214810865435,0.0043758171947590315
2016-05-17,399144,67647,59227,206755,227552,022651,"#2 HEATING OIL, NY HARBOR-ULSD - NEW YORK MERCANTILE EXCHANGE",1.4673999547958374,0.05210400256549015,-20797,0.18682906423788884,8420,-0.06441496582927211,0.018180687854443975,0.031818970001734004,0.0971214810865435,0.0145155227576097,0.004734249834158254
2016-05-24,413495,72773,61239,222449,249286,022651,"#2 HEATING OIL, NY HARBOR-ULSD - NEW YORK MERCANTILE EXCHANGE",1.488700032234192,0.06490284042128684,-26837,-1.5132383300262562,11534,0.7801695628645301,0.0793411555216382,0.05326388681610602,0.0145155227576097,0.005911137472162542,0.005387993165797851
2016-05-31,409390,75921,63725,217640,247814,022651,"#2 HEATING OIL, NY HARBOR-ULSD - NEW YORK MERCANTILE EXCHANGE",1.497499942779541,0.07370478028285986,-30174,-0.8070230595291358,12196,0.16009867108429363,0.013494351751193458,0.0403448720335706,0.005911137472162542,0.029382324704623652,0.006031644220780758
2016-06-07,416893,75842,66151,223089,254057,022651,"#2 HEATING OIL, NY HARBOR-ULSD - NEW YORK MERCANTILE EXCHANGE",1.5414999723434448,0.07428284955612112,-30968,-0.19394709201494906,9691,-0.611885976697037,0.024504030212974644,0.017641714732416387,0.029382324704623652,-0.02562439104854597,0.00674045029028561
2016-06-14,412607,77881,63445,216290,250845,022651,"#2 HEATING OIL, NY HARBOR-ULSD - NEW YORK MERCANTILE EXCHANGE",1.5019999742507937,0.08374797325299861,-34555,-0.8604126238627177,14436,1.1381817396790064,0.021430635683474798,0.03357485529909571,-0.02562439104854597,0.009786987599455621,0.007664843339751793
2016-06-21,404416,75014,60156,216277,246856,022651,"#2 HEATING OIL, NY HARBOR-ULSD - NEW YORK MERCANTILE EXCHANGE",1.516700029373169,0.07561273540117107,-30579,0.9636288284008754,14858,0.10227650039868447,0.008641146279794357,0.045542649996300956,0.009786987599455621,-0.030065310058113637,0.008052015663999905
2016-06-28,381857,71429,56578,206079,234308,022651,"#2 HEATING OIL, NY HARBOR-ULSD - NEW YORK MERCANTILE EXCHANGE",1.4710999727249146,0.07392557947084903,-28229,0.5810848235480297,14851,-0.0017308909637600888,0.05165002599985921,0.05595787730358496,-0.030065310058113637,-0.017333927259399418,0.00859085163588558
2016-07-05,375277,73354,59573,200109,228474,022651,"#2 HEATING OIL, NY HARBOR-ULSD - NEW YORK MERCANTILE EXCHANGE",1.4456000328063965,0.07558416849420561,-28365,-0.03561542671733135,13781,-0.280209607261357,0.027541923034744727,0.0370127964973256,-0.017333927259399418,0.012174833910193472,0.009933975724886124
2016-07-12,367029,75458,60419,188346,216115,022651,"#2 HEATING OIL, NY HARBOR-ULSD - NEW YORK MERCANTILE EXCHANGE",1.4631999731063845,0.07565887164229529,-27769,0.1588160212323164,15039,0.3352190515272719,0.05963986639008458,0.021710811984368215,0.012174833910193472,-0.05405960513470087,0.011004871507726987
2016-07-19,370482,70379,59592,198996,215219,022651,"#2 HEATING OIL, NY HARBOR-ULSD - NEW YORK MERCANTILE EXCHANGE",1.3840999603271484,0.04378890202492969,-16223,3.1458004680829035,10787,-1.158491563336957,0.027874413046364812,0.045440906048272306,-0.05405960513470087,-0.04197672623944593,0.011318612331223464
2016-07-26,368432,68058,55245,199813,218479,022651,"#2 HEATING OIL, NY HARBOR-ULSD - NEW YORK MERCANTILE EXCHANGE",1.3259999752044678,0.05066335171754897,-18666,-0.6594112534482107,12813,0.5468551778493962,0.009746779761506317,0.05407816517035271,-0.04197672623944593,-0.05052792814790308,0.011548501529835917
2016-08-02,393209,71313,58584,208873,224522,022651,"#2 HEATING OIL, NY HARBOR-ULSD - NEW YORK MERCANTILE EXCHANGE",1.258999943733215,0.03979817349043384,-15649,0.8188756676944458,12729,-0.02279932253441612,0.03484811776785611,0.05076329707383542,-0.05052792814790308,0.05695003918567676,0.01188643075277319
2016-08-09,398408,72124,63220,202748,218225,022651,"#2 HEATING OIL, NY HARBOR-ULSD - NEW YORK MERCANTILE EXCHANGE",1.3307000398635864,0.038847111503785066,-15477,0.04374264068218174,8904,-0.9727651198217742,0.029507830668475177,0.040245596406194586,0.05695003918567676,0.09814381278543105,0.012425949582911083
2016-08-16,401075,71247,56483,203583,226704,022651,"#2 HEATING OIL, NY HARBOR-ULSD - NEW YORK MERCANTILE EXCHANGE",1.461300015449524,0.05764757214984729,-23121,-1.9186361719644183,14764,1.4708539989156844,0.021646017657981766,0.05961011508651061,0.09814381278543105,0.027714997047300294,0.013241332176426736
2016-08-23,402986,78195,57318,207039,243490,022651,"#2 HEATING OIL, NY HARBOR-ULSD - NEW YORK MERCANTILE EXCHANGE",1.5017999410629272,0.09045227377626022,-36451,-3.3235679112385466,20877,1.5241538365642338,0.04492940521031943,0.05743360415605883,0.027714997047300294,-0.020442115822886686,0.015031038080886664
2016-08-30,387074,77924,56263,199509,237345,022651,"#2 HEATING OIL, NY HARBOR-ULSD - NEW YORK MERCANTILE EXCHANGE",1.4710999727249146,0.09774875088484372,-37836,-0.3436843959839796,21661,0.19454770140898195,0.031303364510797654,0.009881732209528494,-0.020442115822886686,-0.04255320355827297,0.017163592187896475
2016-09-06,382084,71262,53883,205116,230434,022651,"#2 HEATING OIL, NY HARBOR-ULSD - NEW YORK MERCANTILE EXCHANGE",1.4084999561309814,0.06626291600799825,-25318,3.2340069340746216,17379,-1.1062484176152365,0.02874067271266215,0.07225218746254344,-0.04255320355827297,0.010223646282625065,0.018511093967430187
2016-09-13,385339,69160,51630,206323,231758,022651,"#2 HEATING OIL, NY HARBOR-ULSD - NEW YORK MERCANTILE EXCHANGE",1.4228999614715576,0.0660068147786754,-25435,-0.030621538719234512,17530,0.039520105526533435,0.005777470376482888,0.036054309131550624,0.010223646282625065,-0.01257993574142413,0.02007094343657482
2016-09-20,400134,69246,52792,207219,232031,022651,"#2 HEATING OIL, NY HARBOR-ULSD - NEW YORK MERCANTILE EXCHANGE",1.4049999713897705,0.06200922690898549,-24812,0.1616758231064076,16454,-0.2792346479333781,0.0026613545816733066,0.010226322948589784,-0.01257993574142413,0.0034875293505154392,0.021733165939503633
2016-09-27,399090,72384,53730,212153,237554,022651,"#2 HEATING OIL, NY HARBOR-ULSD - NEW YORK MERCANTILE EXCHANGE",1.4098999500274658,0.06364729760204466,-25401,-0.1472006877695972,18654,0.5498158117030795,0.023252918011060535,0.032319964476584674,0.0034875293505154392,0.10248955407319693,0.02342137452782537
2016-10-04,391294,73866,47003,206725,249395,022651,"#2 HEATING OIL, NY HARBOR-ULSD - NEW YORK MERCANTILE EXCHANGE",1.5543999671936035,0.10904843928094987,-42670,-4.327094139166604,26863,2.056929514645819,0.037860650705954575,0.06791650464552532,0.10248955407319693,0.02116570797159234,0.02551447147779618
2016-10-11,411530,75348,46729,207084,258079,022651,"#2 HEATING OIL, NY HARBOR-ULSD - NEW YORK MERCANTILE EXCHANGE",1.587299942970276,0.12391563191018881,-50995,-2.127556262043374,28619,0.44876742296074046,0.019440497202056053,0.014384363967004432,0.02116570797159234,-0.011780939385457545,0.028370492657393994
2016-10-18,420723,80183,54528,212303,257724,022651,"#2 HEATING OIL, NY HARBOR-ULSD - NEW YORK MERCANTILE EXCHANGE",1.568600058555603,0.10795939371035099,-45421,1.3544577552061818,25655,-0.7202391077199718,0.011858893212517579,0.09378595660339542,-0.011780939385457545,-0.003506361083754239,0.030747771132376256
2016-10-25,412448,80399,53266,213546,256306,022651,"#2 HEATING OIL, NY HARBOR-ULSD - NEW YORK MERCANTILE EXCHANGE",1.563099980354309,0.1036736752269377,-42760,0.6324826548584223,27133,0.3513000240062939,0.005663485523100891,0.011057494482474844,-0.003506361083754239,-0.02955667429033637,0.033242510489180685
2016-11-01,387430,82001,48790,195620,241832,022651,"#2 HEATING OIL, NY HARBOR-ULSD - NEW YORK MERCANTILE EXCHANGE",1.5168999433517456,0.11927832124512815,-46212,-0.8369539917759329,33211,1.4736403134455738,0.07406526887521374,0.04647108746014634,-0.02955667429033637,-0.049970297875490566,0.0359546418002961
2016-11-08,392006,78280,50836,198631,230889,022651,"#2 HEATING OIL, NY HARBOR-ULSD - NEW YORK MERCANTILE EXCHANGE",1.441100001335144,0.08228955679249808,-32258,3.60168288465013,27444,-1.4885269597088506,0.032487427826410877,0.04466526224480312,-0.049970297875490566,0.0019429517662721274,0.03820663889707559
2016-11-15,404085,78858,54687,202190,231077,022651,"#2 HEATING OIL, NY HARBOR-ULSD - NEW YORK MERCANTILE EXCHANGE",1.4438999891281128,0.07148743457440886,-28887,0.8599358173089187,24171,-0.8349361999561232,0.008648246923952205,0.03316485079935602,0.0019429517662721274,0.0570676396932015,0.04064374865093907
2016-11-22,398285,78658,53126,194863,228501,022651,"#2 HEATING OIL, NY HARBOR-ULSD - NEW YORK MERCANTILE EXCHANGE",1.5262999534606934,0.0844571098585184,-33638,-1.1757427273964636,25532,0.33681032456042664,0.02339121890382744,0.013362775450737571,0.0570676396932015,-0.04166936123563403,0.043549904484197
2016-11-29,388453,78389,47020,189281,229817,022651,"#2 HEATING OIL, NY HARBOR-ULSD - NEW YORK MERCANTILE EXCHANGE",1.4627000093460083,0.10435239269615629,-40536,-1.7319256311435278,31369,1.4655334747730897,0.016459157524015864,0.0508336722244815,-0.04166936123563403,0.11977848115450862,0.046697956211244916
2016-12-06,410034,88770,40296,191609,255528,022651,"#2 HEATING OIL, NY HARBOR-ULSD - NEW YORK MERCANTILE EXCHANGE",1.6378999948501587,0.1558870727793305,-63919,-6.0195184488213505,48474,4.403364113547843,0.06270785016672742,0.13252909364201262,0.11977848115450862,0.022467810616839445,0.0504767968630779
2016-12-13,446194,89735,40152,216193,283048,022651,"#2 HEATING OIL, NY HARBOR-ULSD - NEW YORK MERCANTILE EXCHANGE",1.6747000217437744,0.1498339287395169,-66855,-0.7160381821995249,49583,0.2704653760419868,0.10436642823806538,0.008538190889003518,0.022467810616839445,-0.003523034150076265,0.05391679250111149
2016-12-20,440699,90267,48332,216784,276451,022651,"#2 HEATING OIL, NY HARBOR-ULSD - NEW YORK MERCANTILE EXCHANGE",1.6687999963760376,0.13539172995627402,-59667,1.6109584620142807,41935,-1.7140526318148608,0.014573175058542075,0.06285759637515423,-0.003523034150076265,0.018336500365849995,0.0571856892600204
2016-12-27,439089,95230,47004,220122,290924,022651,"#2 HEATING OIL, NY HARBOR-ULSD - NEW YORK MERCANTILE EXCHANGE",1.6993999481201172,0.16124749196632118,-70802,-2.52666786173783,48226,1.4275049410141616,0.034852048543575334,0.04422993095884247,0.018336500365849995,-0.013357627879569955,0.06063380457020951
2017-01-03,429039,101869,47210,209599,288522,022651,"#2 HEATING OIL, NY HARBOR-ULSD - NEW YORK MERCANTILE EXCHANGE",1.676699995994568,0.18395297397206314,-78923,-1.8495111469428747,54659,1.4650788336760885,0.025947510745381142,0.0459152529866715,-0.013357627879569955,-0.038945540614876095,0.06404201379137013
2017-01-10,418260,93307,46439,205440,274598,022651,"#2 HEATING OIL, NY HARBOR-ULSD - NEW YORK MERCANTILE EXCHANGE",1.6114000082015991,0.16534691340314636,-69158,2.2760168655996305,46868,-1.8159188325536841,0.03766993446352164,0.06678545360869005,-0.038945540614876095,0.02308549948536709,0.06685969038902248
2017-01-17,434436,98157,48688,214000,286401,022651,"#2 HEATING OIL, NY HARBOR-ULSD - NEW YORK MERCANTILE EXCHANGE",1.6485999822616575,0.16665515749155227,-72401,-0.7753550423181753,49469,0.6218619997130972,0.04069336392213445,0.048343491436548744,0.02308549948536709,-0.0043066760601407905,0.06999168590810262
2017-01-24,423582,98782,50991,201982,273077,022651,"#2 HEATING OIL, NY HARBOR-ULSD - NEW YORK MERCANTILE EXCHANGE",1.6414999961853027,0.16784235401882044,-71095,0.3006196539881594,47791,-0.38624791683930426,0.05334495294268712,0.019549585038691888,-0.0043066760601407905,-0.018154089717427158,0.07288978396314928
2017-01-31,405318,96897,49013,192102,257921,022651,"#2 HEATING OIL, NY HARBOR-ULSD - NEW YORK MERCANTILE EXCHANGE",1.6117000579833984,0.16238854430348518,-65819,1.2455675642496613,47884,0.021955607178775302,0.0556327121058257,0.026475224453430198,-0.018154089717427158,0.006452774868490163,0.07583254418859148
2017-02-07,415983,94740,50046,201993,262104,022651,"#2 HEATING OIL, NY HARBOR-ULSD - NEW YORK MERCANTILE EXCHANGE",1.622099995613098,0.1445035013450069,-60111,1.4082769578454448,44694,-0.7870363517040941,0.03032555694176002,0.022032516956059286,0.006452774868490163,0.0099254355849836,0.07851858445556446
2017-02-14,441884,91210,53883,222403,279430,022651,"#2 HEATING OIL, NY HARBOR-ULSD - NEW YORK MERCANTILE EXCHANGE",1.638200044631958,0.1290542314272524,-57027,0.7413764504799475,37327,-1.7709858335556983,0.07519633025329144,0.05077433094635854,0.0099254355849836,0.002624831013450679,0.08074283301496875
2017-02-21,437684,91738,55197,227664,283792,022651,"#2 HEATING OIL, NY HARBOR-ULSD - NEW YORK MERCANTILE EXCHANGE",1.6425000429153442,0.12823863792142276,-56128,0.2034470585040418,36541,-0.17787473635614776,0.01881491271976475,0.012536155442882908,0.002624831013450679,-0.013211582367012364,0.08326818165863953
2017-02-28,405810,89518,52448,208614,262103,022651,"#2 HEATING OIL, NY HARBOR-ULSD - NEW YORK MERCANTILE EXCHANGE",1.6208000183105469,0.1318079889603509,-53489,0.602946417963645,37070,0.12086345399877538,0.08654669366094703,0.03500133834861868,-0.013211582367012364,-0.004257201394266219,0.08600607996615531
2017-03-07,393821,83348,46002,201326,250432,022651,"#2 HEATING OIL, NY HARBOR-ULSD - NEW YORK MERCANTILE EXCHANGE",1.6138999462127686,0.12469116679912956,-49106,1.08006209802617,37346,0.06801212390034746,0.041967159408355804,0.09753382296095864,-0.004257201394266219,-0.0755932728701394,0.08844152460515274
2017-03-14,424538,82912,51581,222350,259650,022651,"#2 HEATING OIL, NY HARBOR-ULSD - NEW YORK MERCANTILE EXCHANGE",1.4918999671936035,0.0878602151044194,-37300,2.997808649107082,31331,-1.52734364089269,0.06274273858921162,0.044723517209074075,-0.0755932728701394,0.0076412525038025425,0.09000254755508962
2017-03-21,420771,80408,55042,227893,256431,022651,"#2 HEATING OIL, NY HARBOR-ULSD - NEW YORK MERCANTILE EXCHANGE",1.5032999515533447,0.06782311518617015,-28538,2.063890629342956,25366,-1.4050567911470822,0.018091195150353897,0.04403839055001846,0.0076412525038025425,0.008913775195680707,0.09079687337315545
2017-03-28,418596,80363,55017,229234,259546,022651,"#2 HEATING OIL, NY HARBOR-ULSD - NEW YORK MERCANTILE EXCHANGE",1.516700029373169,0.07241349654559527,-30312,-0.4216070023837194,25346,-0.0047531792827927785,0.009116575964646672,0.000517063081695967,0.008913775195680707,0.04984507587124476,0.09175955099845026
2017-04-04,421223,81772,55669,228481,262098,022651,"#2 HEATING OIL, NY HARBOR-ULSD - NEW YORK MERCANTILE EXCHANGE",1.5923000574111938,0.0798080826545559,-33617,-0.7895440950224082,26103,0.18084262630316583,0.006736937374000926,0.014995525352696793,0.04984507587124476,0.03661363876105295,0.09326525522646326
2017-04-11,426921,84664,54127,225716,267896,022651,"#2 HEATING OIL, NY HARBOR-ULSD - NEW YORK MERCANTILE EXCHANGE",1.6505999565124512,0.09880048065098695,-42180,-2.0328899419072557,30537,1.052649071869295,0.017347633363856634,0.031947316468647104,0.03661363876105295,-0.017387613500159937,0.09464698109969585
2017-04-18,434644,89451,57133,226423,276105,022651,"#2 HEATING OIL, NY HARBOR-ULSD - NEW YORK MERCANTILE EXCHANGE",1.621899962425232,0.11430504044689448,-49682,-1.7572337739300714,32318,0.4171732006624176,0.01774229495669893,0.053164056104349725,-0.017387613500159937,-0.0472901991057576,0.09635209198462089
2017-04-25,430616,89441,56673,230636,272713,022651,"#2 HEATING OIL, NY HARBOR-ULSD - NEW YORK MERCANTILE EXCHANGE",1.545199990272522,0.09771350809073513,-42077,1.7497078068488234,32768,0.10353300632241558,0.01510880124923264,0.0032166664385342952,-0.0472901991057576,-0.04996112891475646,0.09744941043360864
2017-05-02,426835,80018,63384,237467,255984,022651,"#2 HEATING OIL, NY HARBOR-ULSD - NEW YORK MERCANTILE EXCHANGE",1.468000054359436,0.04338210315461478,-18517,5.471231909636428,16634,-3.746725620970888,0.04774536884108047,0.11250889108938508,-0.04996112891475646,-0.017643055405438646,0.09725088858514014
2017-05-09,435136,81159,68818,237730,247280,022651,"#2 HEATING OIL, NY HARBOR-ULSD - NEW YORK MERCANTILE EXCHANGE",1.4421000480651855,0.02194716134725695,-9550,2.1008117890988323,12341,-1.0057750653062658,0.018488278592193975,0.04384005547517286,-0.017643055405438646,0.051522036647782876,0.0966106354517821
2017-05-16,422713,86330,71347,223019,235223,022651,"#2 HEATING OIL, NY HARBOR-ULSD - NEW YORK MERCANTILE EXCHANGE",1.5163999795913696,0.028870652191912715,-12204,-0.609924253566701,14983,0.6071664950728048,0.05841454951750385,0.04883400876475326,0.051522036647782876,0.0595489087090626,0.09616384025229022
2017-05-23,405080,84997,68939,216964,234590,022651,"#2 HEATING OIL, NY HARBOR-ULSD - NEW YORK MERCANTILE EXCHANGE",1.6066999435424805,0.04351239261380468,-17626,-1.2826669631641328,16058,0.2543096616380381,0.014811074644450055,0.02430230745244777,0.0595489087090626,-0.03566314408038718,0.09575248548676173
2017-05-30,385694,81981,64793,203368,228400,022651,"#2 HEATING OIL, NY HARBOR-ULSD - NEW YORK MERCANTILE EXCHANGE",1.549399971961975,0.06490119109968005,-25032,-1.8282808334156218,17188,0.27895724301372565,0.04582553593596561,0.0487961083025604,-0.03566314408038718,-0.05369819244891383,0.0955831856947775
2017-06-06,378134,76862,68557,199968,207893,022651,"#2 HEATING OIL, NY HARBOR-ULSD - NEW YORK MERCANTILE EXCHANGE",1.4661999940872192,0.020958178846652246,-7925,4.4353814163559715,8305,-2.3031211271111296,0.05861555775129272,0.061085552781961094,-0.05369819244891383,-0.012617630958055792,0.09455771125805695
2017-06-13,404508,78040,78022,210101,207047,022651,"#2 HEATING OIL, NY HARBOR-ULSD - NEW YORK MERCANTILE EXCHANGE",1.447700023651123,-0.007549912486279628,3054,2.9034680827431547,18,-2.191551143245516,0.026319196064706053,0.06819725493714036,-0.012617630958055792,-0.03647168505625897,0.09280198268614773
2017-06-20,417211,76900,76247,225849,220567,022651,"#2 HEATING OIL, NY HARBOR-ULSD - NEW YORK MERCANTILE EXCHANGE",1.3948999643325806,-0.012660260635505776,5282,0.5507925677613298,653,0.15698082608996608,0.06556216623060106,0.019034000013059348,-0.03647168505625897,0.013477683488859249,0.0911044250700578
2017-06-27,424566,76556,81968,236490,226920,022651,"#2 HEATING OIL, NY HARBOR-ULSD - NEW YORK MERCANTILE EXCHANGE",1.413699984550476,-0.02254066505560973,9570,1.027777311719969,-5412,-1.4537008851636222,0.03667162987419348,0.03825919103731927,0.013477683488859249,0.04428097706589318,0.08924930498301052
2017-07-11,413360,72972,66022,209394,217451,022651,"#2 HEATING OIL, NY HARBOR-ULSD - NEW YORK MERCANTILE EXCHANGE",1.4763000011444092,0.019491484420359976,-8057,-4.151769100681637,6950,2.911679220662983,0.08566341411987959,0.14050966228758077,0.04428097706589318,0.023098323964062972,0.08817059952005193
2017-07-18,424156,71615,62518,218923,229053,022651,"#2 HEATING OIL, NY HARBOR-ULSD - NEW YORK MERCANTILE EXCHANGE",1.5104000568389893,0.023882722394590668,-10130,-0.5014999032320495,9097,0.5194019740661893,0.0471699376752326,0.03624014970216129,0.023098323964062972,0.03846662005844603,0.08717490434221148
2017-07-25,409427,78079,68202,219286,234195,022651,"#2 HEATING OIL, NY HARBOR-ULSD - NEW YORK MERCANTILE EXCHANGE",1.56850004196167,0.03641430584695196,-14909,-1.1267080979639565,9877,0.1838946048152095,0.012139428112754449,0.08304564502566977,0.03846662005844603,0.046413719533419995,0.08703308518494267
2017-08-01,404687,90276,67843,204777,239795,022651,"#2 HEATING OIL, NY HARBOR-ULSD - NEW YORK MERCANTILE EXCHANGE",1.6412999629974363,0.08653107216194245,-35018,-4.91149826464791,22433,3.0667249595165926,0.04523226833898671,0.07940854672746475,0.046413719533419995,-0.007372193737143262,0.08772284903964253
2017-08-08,413357,96248,70834,198104,242099,022651,"#2 HEATING OIL, NY HARBOR-ULSD - NEW YORK MERCANTILE EXCHANGE",1.6291999816894531,0.10643342195729115,-43995,-2.2182575669591564,25414,0.7366186707257707,0.02039286420128895,0.053644318358650245,-0.007372193737143262,-0.018168441293887505,0.08900429612554364
2017-08-15,414679,103448,70430,189016,238250,022651,"#2 HEATING OIL, NY HARBOR-ULSD - NEW YORK MERCANTILE EXCHANGE",1.5995999574661257,0.1187279799555801,-49234,-1.2674274295584689,33018,1.8395720890174838,0.030278561832675664,0.04373181196010996,-0.018168441293887505,-0.0052512900739335455,0.09054046667269357
2017-08-22,400167,93577,68363,182932,222405,022651,"#2 HEATING OIL, NY HARBOR-ULSD - NEW YORK MERCANTILE EXCHANGE",1.5911999940872192,0.0986413172500481,-39473,2.353868896182348,25214,-1.8819375951036825,0.05410066191835436,0.07371866123255527,-0.0052512900739335455,0.04669435081169371,0.09132880792462049
2017-08-29,395651,97205,65746,187944,238156,022651,"#2 HEATING OIL, NY HARBOR-ULSD - NEW YORK MERCANTILE EXCHANGE",1.6655000448226929,0.12690982709509138,-50212,-2.6836295846484095,31459,1.5605984501470636,0.04872799812250645,0.03832440426876791,0.04669435081169371,0.04953466148678265,0.09202991471921339
2017-09-05,413259,105898,64523,185493,251800,022651,"#2 HEATING OIL, NY HARBOR-ULSD - NEW YORK MERCANTILE EXCHANGE",1.7480000257492063,0.1604490162343712,-66307,-4.067979102795141,41375,2.5062491943657417,0.03680598591790859,0.05818531753715798,0.04953466148678265,-0.004233430062440813,0.09323568905285816
2017-09-12,437212,108721,64654,199885,270802,022651,"#2 HEATING OIL, NY HARBOR-ULSD - NEW YORK MERCANTILE EXCHANGE",1.7405999898910522,0.16220277577010694,-70917,-1.115523194897147,44067,0.6514074708596788,0.0709473599228362,0.017038211968276856,-0.004233430062440813,0.018384502490923493,0.09508068635597564
2017-09-19,451351,112457,64041,212967,292059,022651,"#2 HEATING OIL, NY HARBOR-ULSD - NEW YORK MERCANTILE EXCHANGE",1.7726000547409058,0.17523390886471948,-79092,-1.8698022927092577,48416,0.994711947522026,0.06799451909406644,0.024640505841425964,0.018384502490923493,0.04101314577272763,0.09718120739609187
2017-09-26,463971,122815,63721,213265,300632,022651,"#2 HEATING OIL, NY HARBOR-ULSD - NEW YORK MERCANTILE EXCHANGE",1.8452999591827397,0.1883027171956868,-87367,-1.8333846607185982,59094,2.365786272767757,0.017262214023432712,0.057243641977956,0.04101314577272763,-0.0513737590198341,0.09960992836314381
2017-10-03,449485,122836,67540,204928,287428,022651,#2 HEATING OIL- NY HARBOR-ULSD - NEW YORK MERCANTILE EXCHANGE,1.750499963760376,0.18354338854466778,-82500,1.0489879755415747,55296,-0.8185856443613932,0.04375086319654884,0.02017060974072362,-0.0513737590198341,0.00822622430088038,0.1019156224197327
2017-10-10,443169,118466,65798,192956,273525,022651,#2 HEATING OIL- NY HARBOR-ULSD - NEW YORK MERCANTILE EXCHANGE,1.764899969100952,0.18180197622126096,-80569,0.42960276761182237,52668,-0.5846691213277417,0.05546849710920702,0.03316979985238571,0.00822622430088038,0.025440569146184977,0.10331472889935409
2017-10-17,455118,121365,69708,194389,270891,022651,#2 HEATING OIL- NY HARBOR-ULSD - NEW YORK MERCANTILE EXCHANGE,1.8098000288009644,0.16809267047227314,-76502,0.9177085942383154,51657,-0.2281296751352193,0.00874097317744154,0.035635594772678504,0.025440569146184977,0.0067963389877934155,0.10416428733324032
2017-10-24,431665,122727,71923,177149,254150,022651,#2 HEATING OIL- NY HARBOR-ULSD - NEW YORK MERCANTILE EXCHANGE,1.822100043296814,0.17838138371190623,-77001,-0.10964189506897112,50804,-0.18742392082932338,0.07878756964426072,0.018376573336758285,0.0067963389877934155,0.0342461895194095,0.10551855637173177
2017-10-31,431874,125861,69236,171629,257169,022651,#2 HEATING OIL- NY HARBOR-ULSD - NEW YORK MERCANTILE EXCHANGE,1.8845000267028809,0.19806702880932864,-85540,-1.9781543558083234,56625,1.3484994150556566,0.019913805568122986,0.029836440334807812,0.0342461895194095,0.019846116592187046,0.10733381317139314
2017-11-07,435238,126417,66779,168113,255377,022651,#2 HEATING OIL- NY HARBOR-ULSD - NEW YORK MERCANTILE EXCHANGE,1.9219000339508057,0.2004971992335228,-87264,-0.3991905046379268,59638,0.6976571870499266,0.012533944130912182,0.015595560984699476,0.019846116592187046,-0.007752790492235873,0.10889571467116996
2017-11-14,453966,127732,64981,174540,261476,022651,#2 HEATING OIL- NY HARBOR-ULSD - NEW YORK MERCANTILE EXCHANGE,1.906999945640564,0.19150332844309925,-86936,0.07536106681861418,62751,0.7152408567266645,0.028728303548493633,0.016153554767971024,-0.007752790492235873,0.015154707970050696,0.11099597951060458
2017-11-21,452617,129669,66947,169939,255735,022651,#2 HEATING OIL- NY HARBOR-ULSD - NEW YORK MERCANTILE EXCHANGE,1.9358999729156492,0.1895554077730178,-85796,0.25112012793909677,62722,-0.006388143605468251,0.02429558770326588,0.01985087683606624,0.015154707970050696,0.007645060139144677,0.11326651745673169
2017-11-28,433665,130395,67712,154451,240625,022651,#2 HEATING OIL- NY HARBOR-ULSD - NEW YORK MERCANTILE EXCHANGE,1.950700044631958,0.19871098659103226,-86174,-0.08351431784488873,62683,-0.008616556603044076,0.07744838967692293,0.007526235822055758,0.007645060139144677,-0.01886503616734092,0.11546370739389542
2017-12-05,421613,120780,65247,155033,230711,022651,#2 HEATING OIL- NY HARBOR-ULSD - NEW YORK MERCANTILE EXCHANGE,1.9139000177383425,0.1794963627781876,-75678,2.4203013847093957,55533,-1.648738081237822,0.027209755692894768,0.06493681024797475,-0.01886503616734092,0.010293082690909783,0.11690878374162679
2017-12-12,447105,118409,67888,173816,248030,022651,#2 HEATING OIL- NY HARBOR-ULSD - NEW YORK MERCANTILE EXCHANGE,1.9335999488830569,0.16598785520179823,-74214,0.3472378698000299,50521,-1.1887678985230532,0.08558099401203283,0.02690327809894953,0.010293082690909783,0.003258218819827796,0.11710302955744348
2017-12-19,457983,120904,69029,171743,245881,022651,#2 HEATING OIL- NY HARBOR-ULSD - NEW YORK MERCANTILE EXCHANGE,1.9399000406265257,0.16187937106835842,-74138,0.016998244260296797,51875,0.30283714116370875,0.01010957224680574,0.019143592740598,0.003258218819827796,0.05082737660726533,0.11733467267915197
2017-12-26,447530,132052,74429,166929,248366,022651,#2 HEATING OIL- NY HARBOR-ULSD - NEW YORK MERCANTILE EXCHANGE,2.0385000705718994,0.1819699238039908,-81437,-1.593727278086741,57623,1.2550684195701587,0.0175754584090827,0.08014296714951981,0.05082737660726533,,0.11823040717622345
