,Open_Interest_All,NonComm_Positions_Long_All,NonComm_Positions_Short_All,Comm_Positions_Long_All,Comm_Positions_Short_All,CFTC_Contract_Market_Code,Market_and_Exchange_Names,KC_Close,HP,NetLong_Comm,Q_Comm,NetLong_NonComm,Q_NonComm,PT_Comm,PT_NonComm,Ret,Ret_Lead,HP_Smooth_52w
2003-01-07,68571,15420,13870,31633,41525,083731,"COFFEE C - COFFEE,SUGAR AND COCOA EXCHANGE ",63.5,0.14425923495355178,-9892,,1550,,,,,0.022047268124077313,
2003-01-14,67411,15033,12283,30345,41177,083731,"COFFEE C - COFFEE,SUGAR AND COCOA EXCHANGE ",64.9000015258789,0.16068594146355936,-10832,-1.370841901095215,2750,1.75001093756836,0.022874080702441207,0.07226533899546053,0.022047268124077313,0.023112480196196605,
2003-01-21,67998,15564,11323,30269,43052,083731,"COFFEE C - COFFEE,SUGAR AND COCOA EXCHANGE ",66.4000015258789,0.18799082325950764,-12783,-2.8941864087463474,4241,2.211805194997849,0.026609020608011347,0.05545430877375684,0.023112480196196605,-0.018825300772211895,
2003-01-28,71893,18221,10999,30861,46310,083731,"COFFEE C - COFFEE,SUGAR AND COCOA EXCHANGE ",65.1500015258789,0.21488879306747527,-15449,-3.920703550104415,7222,4.38395246919027,0.04988920708556323,0.10201916495550993,-0.018825300772211895,-0.0015348959597701883,
2003-02-04,71431,18516,8162,30471,49342,083731,"COFFEE C - COFFEE,SUGAR AND COCOA EXCHANGE ",65.05000305175781,0.2641850177093979,-18871,-4.759851445898766,10354,4.356474204720905,0.042875220828687055,0.11740010495539396,-0.0015348959597701883,0.01614135854118004,
2003-02-11,73058,20172,8229,29756,50305,083731,"COFFEE C - COFFEE,SUGAR AND COCOA EXCHANGE ",66.0999984741211,0.28126967614771825,-20549,-2.349120129915583,11943,2.22452436617155,0.020959018748204494,0.06066687792683356,0.01614135854118004,-0.11195155646000243,
2003-02-25,71166,15667,14700,33868,41669,083731,"COFFEE C - COFFEE, SUGAR AND COCOA EXCHANGE ",58.70000076293945,0.10961695191524043,-7801,17.449149990418572,967,-15.023679816036573,0.16876497610442565,0.36144498962689764,-0.11195155646000243,-0.028960830338059518,
2003-03-04,74722,13535,19936,37845,38394,083731,"COFFEE C - COFFEE, SUGAR AND COCOA EXCHANGE ",57.0,0.007347233746420064,-549,10.190259393530617,-6401,-10.353258578534694,0.09512191922769186,0.22013085955005826,-0.028960830338059518,0.006140324107387407,
2003-03-11,75991,14490,21863,38274,38047,083731,"COFFEE C - COFFEE, SUGAR AND COCOA EXCHANGE ",57.34999847412109,-0.002987195852140385,227,1.038516099676133,-7373,-1.3008217124809294,0.01016758166166586,0.07927818887024454,0.006140324107387407,-0.013077594070703191,
2003-03-18,78177,14599,22238,40155,39032,083731,"COFFEE C - COFFEE, SUGAR AND COCOA EXCHANGE ",56.59999847412109,-0.014364838763319135,1123,1.1790869971443987,-7639,-0.35004145227724337,0.036192809425789584,0.013138963542090832,-0.013077594070703191,0.025618388728445574,
2003-03-25,78853,14528,22318,40418,39551,083731,"COFFEE C - COFFEE, SUGAR AND COCOA EXCHANGE ",58.04999923706055,-0.010995142860766235,867,-0.3274620412653338,-7790,-0.19315143840259924,0.009778789280846328,0.004098138196819193,0.025618388728445574,0.004306632270210109,
2003-04-01,80382,14269,23609,42141,39570,083731,"COFFEE C - COFFEE, SUGAR AND COCOA EXCHANGE ",58.29999923706055,-0.03198477271030828,2571,2.1609830951263747,-9340,-1.9656829797217608,0.021319039052269586,0.040920851153703995,0.004306632270210109,0.049742736943904076,
2003-04-08,78349,14379,20003,38794,40587,083731,"COFFEE C - COFFEE, SUGAR AND COCOA EXCHANGE ",61.20000076293945,0.022884784745178625,-1793,-5.429076161329651,-5624,4.622925530591425,0.054975371940388755,0.10807980920248968,0.049742736943904076,-0.03267973815469505,
2003-04-15,82088,13652,21706,41463,40818,083731,"COFFEE C - COFFEE, SUGAR AND COCOA EXCHANGE ",59.20000076293945,-0.007857421303966475,645,3.111718081915532,-8054,-3.1015073581028476,0.0352450748046329,0.06872560665195995,-0.03267973815469505,0.09459463203797935,
2003-04-22,76496,16806,19970,37783,41876,083731,"COFFEE C - COFFEE, SUGAR AND COCOA EXCHANGE ",64.80000305175781,0.05350606567663669,-4093,-5.771854595068707,-3164,5.957021732774583,0.05947852722228499,0.13296715249075483,0.09459463203797935,0.009259235275681288,
2003-04-29,73095,15806,16776,35863,42946,083731,"COFFEE C - COFFEE, SUGAR AND COCOA EXCHANGE ",65.4000015258789,0.09690129283808742,-7083,-3.9087011085546957,-970,2.8681238234678936,0.037939829207324034,0.12872137990301394,0.009259235275681288,0.05045864442461001,
2003-05-06,73652,19357,12955,32677,48001,083731,"COFFEE C - COFFEE, SUGAR AND COCOA EXCHANGE ",68.69999694824219,0.20805952316298268,-15324,-11.274368971885902,6402,10.085505164511936,0.10214680582066982,0.22815053230997773,0.05045864442461001,-0.02474522596446327,
2003-05-13,73261,19156,11600,30830,47891,083731,"COFFEE C - COFFEE, SUGAR AND COCOA EXCHANGE ",67.0,0.2328797040717435,-17061,-2.3583880953674035,7556,1.5668277847173193,0.024859948425451913,0.0505917544544154,-0.02474522596446327,0.002238828744461241,
2003-05-20,72610,19906,12692,30031,47484,083731,"COFFEE C - COFFEE, SUGAR AND COCOA EXCHANGE ",67.1500015258789,0.24036634072441812,-17453,-0.5350732313236237,7214,-0.46682409467520236,0.015558279042765917,0.05650653414319897,0.002238828744461241,-0.08935219454444332,
2003-05-27,71460,16666,14315,31070,42694,083731,"COFFEE C - COFFEE, SUGAR AND COCOA EXCHANGE ",61.150001525878906,0.1626644276518332,-11624,8.02781985952348,2351,-6.697424597162925,0.07902228729461526,0.15696717342887576,-0.08935219454444332,-0.025347555406059152,
2003-06-03,72412,14798,21577,35363,36825,083731,"COFFEE C - COFFEE, SUGAR AND COCOA EXCHANGE ",59.59999847412109,0.020190023752969122,-1462,14.220542961097118,-6779,-12.776378393506857,0.1407713193328531,0.25099656357388317,-0.025347555406059152,0.011744979544645595,
2003-06-10,73459,16092,24555,35982,36056,083731,"COFFEE C - COFFEE, SUGAR AND COCOA EXCHANGE ",60.29999923706055,0.0010073646523911298,-74,1.9168093686129368,-8463,-2.3255813953488373,0.019267608762042254,0.10510000738061849,0.011744979544645595,-0.010779398331768997,
2003-06-17,71035,13123,25270,35647,32645,083731,"COFFEE C - COFFEE, SUGAR AND COCOA EXCHANGE ",59.650001525878906,-0.042260857323854435,3002,4.18736982534475,-12147,-5.0150424046066515,0.0548526913840567,0.09595499179537936,-0.010779398331768997,-0.036881822408420084,
2003-06-24,71555,13907,30788,38661,28706,083731,"COFFEE C - COFFEE, SUGAR AND COCOA EXCHANGE ",57.45000076293945,-0.13912375096079937,9955,9.788132610684874,-16881,-6.664320405433941,0.10321077085219767,0.14100011186933661,-0.036881822408420084,0.023498667644787252,
2003-07-01,72623,13172,31439,40505,31080,083731,"COFFEE C - COFFEE, SUGAR AND COCOA EXCHANGE ",58.79999923706055,-0.12977982181953376,9425,-0.740688980504507,-18267,-1.9369715603382014,0.05892295872040232,0.031068570531931586,0.023498667644787252,0.03316327871158209,
2003-07-08,71414,13985,26026,35949,33219,083731,"COFFEE C - COFFEE, SUGAR AND COCOA EXCHANGE ",60.75,-0.03822779847088806,2730,-9.218842515456537,-12041,8.573041598391693,0.09679331482766597,0.1556072080177951,0.03316327871158209,0.004115226337448652,0.07658159997975135
2003-07-15,69974,13432,23428,34735,33758,083731,"COFFEE C - COFFEE, SUGAR AND COCOA EXCHANGE ",61.0,-0.013962328865007003,977,-2.454700758954827,-9996,2.863584171170919,0.025593856306483875,0.08548562126966902,0.004115226337448652,-0.024590163934426257,0.07322812113364918
2003-07-22,72983,12036,27888,39195,32170,083731,"COFFEE C - COFFEE, SUGAR AND COCOA EXCHANGE ",59.5,-0.09625529232835044,7025,8.643210335267385,-15852,-8.368822705576356,0.0847474252084355,0.14667868951006913,-0.024590163934426257,0.05798320609982266,0.06717514208143491
2003-07-29,74029,12047,25216,36778,32683,083731,"COFFEE C - COFFEE, SUGAR AND COCOA EXCHANGE ",62.95000076293945,-0.05531615988328898,4095,-4.014633544798104,-13169,3.6761985667895263,0.04218194382459222,0.07200171752140193,0.05798320609982266,0.004765674875689019,0.06295130408265133
2003-08-05,70123,13854,17686,32723,37557,083731,"COFFEE C - COFFEE, SUGAR AND COCOA EXCHANGE ",63.25,0.06893601243529227,-4834,-12.061489416309824,-3832,12.612624782179957,0.12704894706886738,0.29603677869372225,0.004765674875689019,-0.04426876264127344,0.0631507943610727
2003-08-12,65849,10819,17361,31705,32772,083731,"COFFEE C - COFFEE, SUGAR AND COCOA EXCHANGE ",60.45000076293945,0.016203738857082112,-1067,5.371989218943856,-6542,-3.864637850633886,0.09000108565845186,0.11923349893541518,-0.04426876264127344,-0.020678246223717944,0.06163637321578268
2003-08-19,68794,12269,22641,32763,30713,083731,"COFFEE C - COFFEE, SUGAR AND COCOA EXCHANGE ",59.20000076293945,-0.029799110387533797,2050,4.7335570775562275,-10372,-5.816337377940439,0.04910517360892306,0.19278143798338584,-0.020678246223717944,0.01858105506663632,0.05877901435317904
2003-08-26,66716,12081,23573,33213,29889,083731,"COFFEE C - COFFEE, SUGAR AND COCOA EXCHANGE ",60.29999923706055,-0.04982313088314647,3324,1.8519056894496615,-11492,-1.6280489577579442,0.02018953440461475,0.031413025186514835,0.01858105506663632,0.02653403497615625,0.05548804025510857
2003-09-02,69764,11654,25957,34958,30089,083731,"COFFEE C - COFFEE, SUGAR AND COCOA EXCHANGE ",61.900001525878906,-0.06979244309385929,4869,2.3157863181245877,-14303,-4.2133820972480365,0.029901455870370654,0.07473877323123554,0.02653403497615625,0.11793207176758025,0.05180332015660951
2003-09-09,76236,24595,18517,30562,45237,083731,"COFFEE C - COFFEE, SUGAR AND COCOA EXCHANGE ",69.19999694824219,0.19249435962012698,-14675,-28.014448712803166,6078,29.21420790092311,0.25783981319014765,0.47274540731118947,0.11793207176758025,-0.12572250479648595,0.055823064141281444
2003-09-16,74304,20447,13382,29841,45306,083731,"COFFEE C - COFFEE, SUGAR AND COCOA EXCHANGE ",60.5,0.2081314599483204,-15465,-1.0362558371373105,7065,1.2946639382968677,0.010512728385697367,0.274409530284667,-0.12572250479648595,0.06115697435111045,0.060053852913699184
2003-09-23,73345,19443,14580,30940,41647,083731,"COFFEE C - COFFEE, SUGAR AND COCOA EXCHANGE ",64.19999694824219,0.14598132115345286,-10707,6.403423772609819,4863,-2.963501291989664,0.06554892749390387,0.06472092408076889,0.06115697435111045,-0.0202491508435948,0.06237621692017902
2003-09-30,74222,19871,16691,30734,40759,083731,"COFFEE C - COFFEE, SUGAR AND COCOA EXCHANGE ",62.900001525878906,0.13506776966398104,-10025,0.9298520689890245,3180,-2.294634944440657,0.015302197417929028,0.0694436846999617,-0.0202491508435948,0.006359263934470283,0.06428915251870011
2003-10-07,74876,18695,16323,30791,40420,083731,"COFFEE C - COFFEE, SUGAR AND COCOA EXCHANGE ",63.29999923706055,0.12859928414979432,-9629,0.5335345315405136,2372,-1.0886260138503407,0.005560938619033577,0.04409161002912788,0.006359263934470283,-0.02922588461956832,0.06593813025283074
2003-10-14,79112,14864,23023,37373,35460,083731,"COFFEE C - COFFEE, SUGAR AND COCOA EXCHANGE ",61.45000076293945,-0.0241809080796845,1913,15.414819167690583,-8159,-14.064586783482024,0.15847212115387255,0.27795813867553515,-0.02922588461956832,0.016273392800396858,0.06368515429451786
2003-10-21,81142,15597,25901,38242,35201,083731,"COFFEE C - COFFEE, SUGAR AND COCOA EXCHANGE ",62.45000076293945,-0.03747750856523132,3041,1.4258266761047629,-10304,-2.711345939933259,0.015358849720191168,0.0870162417465902,0.016273392800396858,0.03362693776081738,0.061217772273548375
2003-10-28,81547,17468,22224,36086,40961,083731,"COFFEE C - COFFEE, SUGAR AND COCOA EXCHANGE ",64.55000305175781,0.059781475713392276,-4875,-9.755736856375243,-4756,6.83739616967785,0.10274248186172077,0.13977627733548323,0.03362693776081738,-0.07436100425756831,0.06118357473640179
2003-11-04,86024,17882,31251,41006,34777,083731,"COFFEE C - COFFEE, SUGAR AND COCOA EXCHANGE ",59.75,-0.07241002510927183,6229,13.616687309159135,-13369,-10.562007186039953,0.14652362667088925,0.19215191419209085,-0.07436100425756831,-0.0075313935219991635,0.05807674683301404
2003-11-11,83286,17736,32145,39732,34965,083731,"COFFEE C - COFFEE, SUGAR AND COCOA EXCHANGE ",59.29999923706055,-0.05723651033787191,4767,-1.6995257137543012,-14409,-1.2089649400167395,0.01957240585297937,0.020849622100599426,-0.0075313935219991635,0.005059009121758162,0.055455990988221175
2003-11-18,74596,16546,31313,34989,28369,083731,"COFFEE C - COFFEE, SUGAR AND COCOA EXCHANGE ",59.59999847412109,-0.08874470480990938,6620,2.2248637225944337,-14767,-0.42984415147803956,0.17896713911423973,0.0422491067510813,0.005059009121758162,-0.03523487462894692,0.05225153108159605
2003-11-25,81487,15253,39653,41293,25420,083731,"COFFEE C - COFFEE, SUGAR AND COCOA EXCHANGE ",57.5,-0.19479180728214315,15873,12.404150356587484,-24400,-12.913561048849804,0.13869860446989343,0.17544530652387716,-0.03523487462894692,0.07826086956521738,0.046881023725862586
2003-12-02,78440,14712,34231,40032,30540,083731,"COFFEE C - COFFEE, SUGAR AND COCOA EXCHANGE ",62.0,-0.12100968893421724,9492,-7.83069692098126,-19519,5.989912501380588,0.09041829620812787,0.12183560468299859,0.07826086956521738,0.024193548387096753,0.0433088809033077
2003-12-09,74039,16277,24599,37118,38231,083731,"COFFEE C - COFFEE, SUGAR AND COCOA EXCHANGE ",63.5,0.015032617944596767,-1113,-13.519887812340642,-8322,14.274604793472717,0.14074506629152345,0.27392602015852824,0.024193548387096753,-0.055118110236220486,0.042719792091667895
2003-12-16,76875,15694,27341,40337,37778,083731,"COFFEE C - COFFEE, SUGAR AND COCOA EXCHANGE ",60.0,-0.033287804878048784,2559,4.959548346141898,-11647,-4.4908764299896005,0.0470076169749728,0.0772626931567329,-0.055118110236220486,0.06083335876464835,0.04116861664330633
2003-12-30,77553,16441,26320,38426,37728,083731,"COFFEE C - COFFEE, SUGAR AND COCOA EXCHANGE ",63.650001525878906,-0.009000296571376994,698,-2.4208130081300814,-9879,2.2998373983739837,0.025750453029387818,0.04134608638712846,0.06083335876464835,0.10054990373058814,0.04016523837901266
2004-01-06,79148,18698,18800,35204,46551,083731,"COFFEE C - COFFEE, SUGAR AND COCOA EXCHANGE ",70.05000305175781,0.14336433011573255,-11347,-15.531314069088237,-102,12.606862403775482,0.1473304385052902,0.2607339058083098,0.10054990373058814,-0.0014276388173992682,0.04218874998169344
2004-01-13,85777,26182,19882,36468,53332,083731,"COFFEE C - COFFEE, SUGAR AND COCOA EXCHANGE ",69.94999694824219,0.1966028189374774,-16864,-6.970485672411179,6300,8.088644059230807,0.08958797327394209,0.1859586662035429,-0.0014276388173992682,0.06790564985320358,0.04515825130776621
2004-01-20,93318,30080,20139,38796,59629,083731,"COFFEE C - COFFEE, SUGAR AND COCOA EXCHANGE ",74.69999694824219,0.22324739064274846,-20833,-4.6271144945614795,9941,4.244727607633748,0.08763017526035052,0.0827376092713913,0.06790564985320358,0.05287824282474318,0.04667725430178923
2004-01-27,107004,43187,19966,39056,72660,083731,"COFFEE C - COFFEE, SUGAR AND COCOA EXCHANGE ",78.6500015258789,0.31404433479122273,-33604,-13.685462611714783,23221,14.230909363681176,0.11897132013319489,0.21028296359634538,0.05287824282474318,-0.05085823168972026,0.04962645417347506
2004-02-03,109783,43708,18379,36337,72929,083731,"COFFEE C - COFFEE, SUGAR AND COCOA EXCHANGE ",74.6500015258789,0.3333120792836778,-36592,-2.7924189749915893,25329,1.970019812343464,0.02734610949426171,0.033952357176220464,-0.05085823168972026,-0.006697923506761905,0.052421093712401404
2004-02-10,108141,40494,17113,38966,74532,083731,"COFFEE C - COFFEE, SUGAR AND COCOA EXCHANGE ",74.1500015258789,0.32888543660591263,-35566,0.9345709262818469,23381,-1.7744095169561773,0.03728700065199387,0.07776832676584443,-0.006697923506761905,0.0020229470369808045,0.05461333685737135
2004-02-17,110426,42276,15141,41241,80260,083731,"COFFEE C - COFFEE, SUGAR AND COCOA EXCHANGE ",74.30000305175781,0.3533497545867821,-39019,-3.193053513468527,27135,3.471393828427701,0.06586777063563262,0.06538133305467023,0.0020229470369808045,-0.016150801189076525,0.05632804333578259
2004-02-24,95151,32798,10972,39584,72638,083731,"COFFEE C - COFFEE, SUGAR AND COCOA EXCHANGE ",73.0999984741211,0.3473846832928713,-33054,5.401807545324471,21826,-4.807744552913263,0.08268432214717257,0.3117888965044551,-0.016150801189076525,0.008207913633999642,0.05759948578088169
2004-03-02,97874,36683,10774,38997,76121,083731,"COFFEE C - COFFEE, SUGAR AND COCOA EXCHANGE ",73.69999694824219,0.3793040031060343,-37124,-4.277411692993242,25909,4.291074187344327,0.035355027015757746,0.08603577975851824,0.008207913633999642,-0.021709613844960396,0.06278577522685849
2004-03-09,97845,34840,10182,41020,75899,083731,"COFFEE C - COFFEE, SUGAR AND COCOA EXCHANGE ",72.0999984741211,0.3564719709745005,-34879,2.2937654535423095,24658,-1.2781739787890554,0.01920132741470591,0.05408466971702723,-0.021709613844960396,0.06171989836080183,0.06949971248124466
2004-03-16,107979,40929,11732,43075,84505,083731,"COFFEE C - COFFEE, SUGAR AND COCOA EXCHANGE ",76.55000305175781,0.3836857166671297,-41430,-6.695283356328888,29197,4.63896979917216,0.08356325442859382,0.1450599115094662,0.06171989836080183,-0.0019595234474057976,0.07693573002969216
2004-03-23,108352,39695,11157,41838,82971,083731,"COFFEE C - COFFEE, SUGAR AND COCOA EXCHANGE ",76.4000015258789,0.37962381866509154,-41133,0.2750534826216208,28538,-0.6103038553792868,0.022201924540698185,0.03557382207189491,-0.0019595234474057976,-0.0405758954477381,0.08451243498023851
2004-03-30,102117,33037,13674,43856,73637,083731,"COFFEE C - COFFEE, SUGAR AND COCOA EXCHANGE ",73.30000305175781,0.2916360645142337,-29781,10.476963969285293,19363,-8.467771707028943,0.09661852195449942,0.19642054334096895,-0.0405758954477381,-0.0068212821170955396,0.0903322658912962
2004-04-06,103619,30857,14068,46083,71395,083731,"COFFEE C - COFFEE, SUGAR AND COCOA EXCHANGE ",72.80000305175781,0.24427952402551656,-25312,4.376352615137538,16789,-2.520638091600811,0.03804116515432677,0.05729549248747913,-0.0068212821170955396,-0.0432692499152697,0.0956450408285236
2004-04-20,97960,26662,20091,50106,64768,083731,"COFFEE C - COFFEE, SUGAR AND COCOA EXCHANGE ",69.6500015258789,0.14967333605553287,-14662,10.278037811598258,6571,-9.861125855296809,0.09271027386527848,0.21855282013988409,-0.0432692499152697,-0.0064609413894918255,0.09808328219987658
2004-04-27,92635,25962,23868,47272,56721,083731,"COFFEE C - COFFEE, SUGAR AND COCOA EXCHANGE ",69.19999694824219,0.10200248286284881,-9449,5.321559820334831,2094,-4.570232748060433,0.1046320425413249,0.08984547461368654,-0.0064609413894918255,0.01300580297065701,0.10019597266462302
2004-05-04,96486,26210,26093,49568,56907,083731,"COFFEE C - COFFEE, SUGAR AND COCOA EXCHANGE ",70.0999984741211,0.07606284849615488,-7339,2.277756787391375,117,-2.134182544394667,0.023310636299600847,0.04728218266638625,0.01300580297065701,0.0049928456738883575,0.10062975694961375
2004-05-11,96949,26441,23686,50264,59230,083731,"COFFEE C - COFFEE, SUGAR AND COCOA EXCHANGE ",70.44999694824219,0.09248161404449762,-8966,-1.686255000725494,2755,2.7340754099040274,0.027572287065957952,0.05262632912402498,0.0049928456738883575,0.004258382750225165,0.10054476312666011
2004-05-18,95374,25374,22842,49440,57766,083731,"COFFEE C - COFFEE, SUGAR AND COCOA EXCHANGE ",70.75,0.08729842514731478,-8326,0.6601408988230926,2532,-0.23001784443367132,0.021342089062179357,0.039634146341463415,0.004258382750225165,0.0996466862439267,0.0982224343186665
2004-05-25,92547,26926,14423,46996,66215,083731,"COFFEE C - COFFEE, SUGAR AND COCOA EXCHANGE ",77.80000305175781,0.20766745545506607,-19219,-11.42135173107975,12503,10.454631241218781,0.09621856533375732,0.24114247019274954,0.0996466862439267,0.06555267704460421,0.09773758338373038
2004-06-01,112457,42629,19183,47262,77922,083731,"COFFEE C - COFFEE, SUGAR AND COCOA EXCHANGE ",82.9000015258789,0.2726375414602915,-30660,-12.362367229623866,23446,11.824262266740144,0.09564321319018405,0.33105222286934577,0.06555267704460421,-0.0156815805528302,0.0983581833978818
2004-06-08,114567,47401,18734,44113,79713,083731,"COFFEE C - COFFEE, SUGAR AND COCOA EXCHANGE ",81.5999984741211,0.3107352029816614,-35600,-4.392790133117548,28667,4.642663418017554,0.03989469093728296,0.07894458304982234,-0.0156815805528302,-0.041666686145309106,0.10120569830807079
2004-06-15,103388,40466,15175,44022,76799,083731,"COFFEE C - COFFEE, SUGAR AND COCOA EXCHANGE ",78.19999694824219,0.31702905559639416,-32777,2.464060331509073,25291,-2.946747318163171,0.02487150412593837,0.18860193023130425,-0.041666686145309106,-0.05242965005273259,0.10691414122813667
2004-06-22,91710,29848,13179,41996,66380,083731,"COFFEE C - COFFEE, SUGAR AND COCOA EXCHANGE ",74.0999984741211,0.2658815832515538,-24384,8.117963400007739,16669,-8.33945912485008,0.11483169705469845,0.29316475701303835,-0.05242965005273259,-0.03171388019585197,0.11200787620119748
2004-06-29,87157,24548,14950,44269,61833,083731,"COFFEE C - COFFEE, SUGAR AND COCOA EXCHANGE ",71.75,0.2015213924297532,-17564,7.436484570930106,9598,-7.710173372587505,0.06427777044730543,0.17902172261886679,-0.03171388019585197,-0.04250875333460369,0.11669599638876688
2004-07-06,88907,22491,18609,47857,58350,083731,"COFFEE C - COFFEE, SUGAR AND COCOA EXCHANGE ",68.69999694824219,0.11802220297614362,-10493,8.112945603910186,3882,-6.558279885723464,0.0665775325543514,0.13907542579075427,-0.04250875333460369,-0.002183317367501214,0.12164111088755422
2004-07-13,88745,19815,20713,50080,56425,083731,"COFFEE C - COFFEE, SUGAR AND COCOA EXCHANGE ",68.55000305175781,0.07149698574567581,-6345,4.665549394310909,-898,-5.376404557571394,0.03894652833200319,0.11794315041452823,-0.002183317367501214,0.04813997484247601,0.12551181872534672
2004-07-20,90210,21163,20425,49037,57122,083731,"COFFEE C - COFFEE, SUGAR AND COCOA EXCHANGE ",71.8499984741211,0.08962421017625541,-8085,-1.9606738407797624,738,1.8434841399515467,0.016390508576757504,0.039338270654996635,0.04813997484247601,-0.05427977186782551,0.12797051119933026
2004-07-27,89390,19442,23118,50583,52437,083731,"COFFEE C - COFFEE, SUGAR AND COCOA EXCHANGE ",67.94999694824219,0.0207405750083902,-1854,6.907216494845361,-3676,-4.893027380556479,0.060483401281304604,0.10371240601503759,-0.05427977186782551,-0.016924119913652502,0.12863787473535712
2004-08-03,92676,20179,32161,53548,47162,083731,"COFFEE C - COFFEE, SUGAR AND COCOA EXCHANGE ",66.80000305175781,-0.06890672881868014,6386,9.218033337062312,-11982,-9.291867099228101,0.08181908450004964,0.1868551776843714,-0.016924119913652502,0.003742514799083052,0.12916380864900462
2004-08-10,94054,19897,34461,56739,47861,083731,"COFFEE C - COFFEE, SUGAR AND COCOA EXCHANGE ",67.05000305175781,-0.09439258298424309,8878,2.688937804825413,-14564,-2.7860503258664595,0.03718929254302103,0.04749990801721918,0.003742514799083052,0.032065530180882096,0.12841233897398627
2004-08-17,89976,14879,32870,57685,45370,083731,"COFFEE C - COFFEE, SUGAR AND COCOA EXCHANGE ",69.19999694824219,-0.13686983195518804,12315,3.6542837093584537,-17991,-3.6436515193399535,0.03335112318664791,0.13841127562880898,0.032065530180882096,0.0036127169223285627,0.12445453427416935
2004-08-24,80485,15527,32470,48778,37915,083731,"COFFEE C - COFFEE, SUGAR AND COCOA EXCHANGE ",69.44999694824219,-0.13496924892837175,10863,-1.6137636703120832,-16943,1.1647550457899885,0.18873496130022033,0.021834698001958457,0.0036127169223285627,-0.0021597394251313684,0.1215473614321414
2004-08-31,81082,15304,32491,48767,37829,083731,"COFFEE C - COFFEE, SUGAR AND COCOA EXCHANGE ",69.30000305175781,-0.1349004711279939,10938,0.09318506554016276,-17187,-0.30316207989066285,0.0011201441175112015,0.005105136520556544,-0.0021597394251313684,-0.031024551676760326,0.11952618141790176
2004-09-07,80812,14736,32204,49327,37768,083731,"COFFEE C - COFFEE, SUGAR AND COCOA EXCHANGE ",67.1500015258789,-0.1430356877691432,11559,0.7658913198983746,-17468,-0.34656273895562517,0.007130145243699409,0.01821474222411589,-0.031024551676760326,0.10201039938146805,0.11773363224701722
2004-09-14,82325,17742,26595,47700,44277,083731,"COFFEE C - COFFEE, SUGAR AND COCOA EXCHANGE ",74.0,-0.04157910719708473,3423,-10.067811711132011,-8853,10.660545463545018,0.08845689683290388,0.19430723774725397,0.10201039938146805,0.10337839899836365,0.11827619639887826
2004-09-21,81731,21005,21497,43716,49123,083731,"COFFEE C - COFFEE, SUGAR AND COCOA EXCHANGE ",81.6500015258789,0.06615604850056894,-5407,-10.725781961737017,-492,10.156088672942605,0.09511089089714451,0.19672015434567786,0.10337839899836365,-0.006736105835631778,0.11584661349273294
2004-09-28,87632,27480,20411,41766,54160,083731,"COFFEE C - COFFEE, SUGAR AND COCOA EXCHANGE ",81.0999984741211,0.14143235347818148,-12394,-8.548775862279918,7069,9.251079761657143,0.0728373954923587,0.15787935102628886,-0.006736105835631778,-0.036374808924115154,0.11456393836830717
2004-10-05,81983,23796,18736,41582,52452,083731,"COFFEE C - COFFEE, SUGAR AND COCOA EXCHANGE ",78.1500015258789,0.13258846346193723,-10870,1.7390907431075404,5060,-2.292541537337959,0.02012038198949316,0.12599924762531742,-0.036374808924115154,-0.04670507299568294,0.1143063834127011
2004-10-12,79132,20117,18242,42405,48911,083731,"COFFEE C - COFFEE, SUGAR AND COCOA EXCHANGE ",74.5,0.0822170550472628,-6506,5.323054779649439,1875,-3.884951758291353,0.04779009155022121,0.10878802888500742,-0.04670507299568294,-0.02080541009070891,0.11329002351622575
2004-10-19,77479,17364,19429,41905,43843,083731,"COFFEE C - COFFEE, SUGAR AND COCOA EXCHANGE ",72.94999694824219,0.02501322939118987,-1938,5.772633068796441,-2065,-4.979022392963656,0.06493445911274899,0.1070855869322969,-0.02080541009070891,0.039067939996456635,0.1112979840016372
2004-10-26,71953,18511,12856,37305,46371,083731,"COFFEE C - COFFEE, SUGAR AND COCOA EXCHANGE ",75.80000305175781,0.12599891595902882,-9066,-9.199912234282838,5655,9.963990242517328,0.08518571633443281,0.2461185322153856,0.039067939996456635,-0.0013193416819170523,0.11418605754084324
2004-11-02,75702,18658,14076,39722,48256,083731,"COFFEE C - COFFEE, SUGAR AND COCOA EXCHANGE ",75.69999694824219,0.11273149982827402,-8534,0.7393715341959335,4582,-1.4912512334440537,0.0488985882834345,0.04176086026761166,-0.0013193416819170523,0.05680321301330871,0.11707469231764141
2004-11-09,77213,20347,11573,38564,52692,083731,"COFFEE C - COFFEE, SUGAR AND COCOA EXCHANGE ",80.0,0.18297436960097394,-14128,-7.389500937888034,8774,5.53750231169586,0.061300078898921716,0.13132832080200502,0.05680321301330871,0.07562503814697275,0.11944378643086415
2004-11-16,91727,31675,11545,41892,68006,083731,"COFFEE C - COFFEE, SUGAR AND COCOA EXCHANGE ",86.05000305175781,0.2846926204934207,-26114,-15.52329270977685,20130,14.70736793027081,0.16963002056452348,0.26274872744099953,0.07562503814697275,0.03718764479668213,0.12631114500014667
2004-11-23,88424,37139,12302,36064,67145,083731,"COFFEE C - COFFEE, SUGAR AND COCOA EXCHANGE ",89.25,0.3514995928707138,-31081,-5.4149814122341295,24837,5.131531610103895,0.06481023941710509,0.12582674298659008,0.03718764479668213,0.05826327112876406,0.13417145467723485
2004-11-30,97071,43466,14213,37505,73219,083731,"COFFEE C - COFFEE, SUGAR AND COCOA EXCHANGE ",94.4499969482422,0.36791626747432293,-35714,-5.239527730028047,29253,4.994119243644259,0.06787146418120732,0.14282494495396938,0.05826327112876406,0.0015881580807366458,0.14295339645193164
2004-12-07,105792,49147,15162,38796,78986,083731,"COFFEE C - COFFEE, SUGAR AND COCOA EXCHANGE ",94.5999984741211,0.37989640048396855,-40190,-4.611057885465278,33985,4.874782375786795,0.05992426686590481,0.1030959896748511,0.0015881580807366458,-0.030655407744770935,0.1540050927551261
2004-12-14,104651,47640,12968,39750,79855,083731,"COFFEE C - COFFEE, SUGAR AND COCOA EXCHANGE ",91.6999969482422,0.38322615168512486,-40105,0.08034633998790079,34672,0.6493874773139746,0.015241837715814556,0.0610645459345301,-0.030655407744770935,0.14558349561397121,0.16370193584395962
2004-12-21,111732,50931,12843,41042,83797,083731,"COFFEE C - COFFEE, SUGAR AND COCOA EXCHANGE ",105.0500030517578,0.3826567142806,-42755,-2.5322261612406955,38088,3.2641828553955525,0.041926000688887285,0.05356414839903409,0.14558349561397121,0.0014278333377153452,0.17077163000426737
2004-12-28,110637,49418,13716,41645,82927,083731,"COFFEE C - COFFEE, SUGAR AND COCOA EXCHANGE ",105.1999969482422,0.37313014633440894,-41282,1.318333154333584,35702,-2.1354670103461855,0.011824487043637415,0.03779263154560142,0.0014278333377153452,-0.03564638886676941,0.17858735983527618
2005-01-04,107609,46750,11205,41031,82121,083731,COFFEE C - NEW YORK BOARD OF TRADE ,101.4499969482422,0.3818453846797201,-41090,0.1735404973019876,35545,-0.14190551081464609,0.011530466415486553,0.08936243637304805,-0.03564638886676941,-0.05717097680468475,0.18610362293625882
2005-01-11,98761,40365,10639,39280,74707,083731,COFFEE C - NEW YORK BOARD OF TRADE ,95.6500015258789,0.358714472311945,-35427,5.262570974546739,29726,-5.407540261502291,0.0804039057085457,0.13628342875068622,-0.05717097680468475,0.09147935034410448,0.19024497182464753
2005-01-18,100093,42441,11033,37767,74369,083731,COFFEE C - NEW YORK BOARD OF TRADE ,104.4000015258789,0.3656799176765608,-36602,-1.1897408896224217,31408,1.703101426676522,0.016506741813512162,0.046190672102330105,0.09147935034410448,0.012931019678064315,0.1934964544927068
2005-01-25,102991,42710,11319,38820,76122,083731,COFFEE C - NEW YORK BOARD OF TRADE ,105.75,0.3621869872124749,-37302,-0.6993496048674732,31391,-0.016984204689638637,0.024412312296636565,0.010272261193062985,0.012931019678064315,0.00047284209700038105,0.19616836981135538
2005-02-01,105119,42677,12422,39673,75680,083731,COFFEE C - NEW YORK BOARD OF TRADE ,105.8000030517578,0.3425356025076342,-36007,1.257391422551485,30255,-1.1030090007864766,0.011226409369500576,0.020617434073213668,0.00047284209700038105,0.05576553616542057,0.19671627880590178
2005-02-08,107658,48126,12814,37670,78777,083731,COFFEE C - NEW YORK BOARD OF TRADE ,111.6999969482422,0.38182949711122255,-41107,-4.8516443269056975,35312,4.810738306110219,0.043796748735476225,0.09584837545126354,0.05576553616542057,0.05461062014479845,0.19764930607181608
2005-02-15,111705,53993,9632,39454,87217,083731,COFFEE C - NEW YORK BOARD OF TRADE ,117.8000030517578,0.42758157647374784,-47763,-6.182541009493024,44361,8.405320552118747,0.08071302823850764,0.14222396856581532,0.05461062014479845,-0.02292024200076126,0.19954730876158214
2005-02-22,106000,53226,10718,36403,84696,083731,COFFEE C - NEW YORK BOARD OF TRADE ,115.0999984741211,0.4555943396226415,-48293,-0.4744639899735912,42508,-1.6588335347567251,0.04601194064360564,0.028978481171024646,-0.02292024200076126,0.034318024587331575,0.2015135507815025
2005-03-01,109420,53228,11283,36993,84968,083731,COFFEE C - NEW YORK BOARD OF TRADE ,119.0500030517578,0.4384481813196856,-47975,0.3,41945,-0.5311320754716982,0.007067833159780585,0.008789198741299933,0.034318024587331575,0.09743797183846681,0.20326477189740277
2005-03-08,115553,54337,12128,39428,86957,083731,COFFEE C - NEW YORK BOARD OF TRADE ,130.64999389648438,0.4113177502964008,-47529,0.4076037287515993,42209,0.24127216231036372,0.03500415397396843,0.029398931768600017,0.09743797183846681,0.0332951114177793,0.20388042088183292
2005-03-15,121409,54550,13822,43752,89513,083731,COFFEE C - NEW YORK BOARD OF TRADE ,135.0,0.3769160441153456,-45761,1.530033837286786,40728,-1.2816629598539198,0.05162645856001201,0.027891534546305507,0.0332951114177793,-0.027036991825810208,0.20427357613454145
2005-03-22,123010,54140,14652,45308,89629,083731,COFFEE C - NEW YORK BOARD OF TRADE ,131.35000610351562,0.36030404032192503,-44321,1.1860735200850019,39488,-1.0213410867398627,0.012390967636749002,0.01802535178509129,-0.027036991825810208,-0.07080321750749363,0.2038239285125183
2005-03-29,115850,46991,10927,45403,85938,083731,COFFEE C - NEW YORK BOARD OF TRADE ,122.0500030517578,0.34989210185584807,-40535,3.077798552963174,36064,-2.78351353548492,0.02882572844732414,0.1877481957249905,-0.07080321750749363,0.03318308333549003,0.20325216472772517
2005-04-05,116331,46792,11173,44636,84547,083731,COFFEE C - NEW YORK BOARD OF TRADE ,126.0999984741211,0.34308137985575643,-39911,0.5386275356063875,35619,-0.38411739318083726,0.016704984401972395,0.007677046493573709,0.03318308333549003,-0.0892149098820868,0.20424149771506214
2005-04-12,107667,38141,8155,47027,80811,083731,COFFEE C - NEW YORK BOARD OF TRADE ,114.8499984741211,0.31378231027148523,-33784,5.2668678168330025,29986,-4.842217465679828,0.04792784618032197,0.25205201313288406,-0.0892149098820868,0.027427092448666368,0.20557808975825387
2005-04-19,99450,32320,8693,47495,75630,083731,COFFEE C - NEW YORK BOARD OF TRADE ,118.0,0.2829059829059829,-28135,5.246732982250829,23627,-5.906173665097012,0.045880203045685276,0.15504839928803063,0.027427092448666368,0.09830513647047145,0.2081402560438394
2005-04-26,98929,35318,9994,42912,72532,083731,COFFEE C - NEW YORK BOARD OF TRADE ,129.60000610351562,0.2994066451697682,-29620,-1.493212669683258,25324,1.7063851181498242,0.0665344236166453,0.09487552966101695,0.09830513647047145,-0.08101857357173148,0.2119364899343571
2005-05-03,97451,35979,10470,41987,72251,083731,COFFEE C - NEW YORK BOARD OF TRADE ,119.0999984741211,0.3105560743347939,-30264,-0.650971909146964,25509,0.1870027999878701,0.01055690750888496,0.024478460246722213,-0.08101857357173148,0.00041984091014635183,0.21644597504663862
2005-05-10,97209,35551,11055,42260,71227,083731,COFFEE C - NEW YORK BOARD OF TRADE ,119.1500015258789,0.2979868119207069,-28967,1.3309252855281115,24496,-1.0394967727370679,0.011428621780468247,0.021735398875681242,0.00041984091014635183,-0.0289551366634887,0.2203979980827196
2005-05-17,95682,32700,11049,43296,68936,083731,COFFEE C - NEW YORK BOARD OF TRADE ,115.6999969482422,0.26797098722852786,-25640,3.4225226059315492,21651,-2.9266837432747996,0.029643951814099366,0.06530434981371003,-0.0289551366634887,0.03414005775128692,0.22387247043043518
2005-05-24,95040,33504,10606,43450,70205,083731,COFFEE C - NEW YORK BOARD OF TRADE ,119.6500015258789,0.28151304713804715,-26755,-1.1653184507012815,22898,1.3032754332058276,0.012520346663147244,0.028270233507141238,0.03414005775128692,-0.010865048350848894,0.22529257796280022
2005-05-31,94661,32801,10649,43979,69329,083731,COFFEE C - NEW YORK BOARD OF TRADE ,118.3499984741211,0.26779772028607346,-25350,1.4783249158249159,22152,-0.7849326599326599,0.012399830550358315,0.01716915995397008,-0.010865048350848894,0.06252641843081252,0.22519950447868065
2005-06-07,102392,37109,11249,44924,74968,083731,COFFEE C - NEW YORK BOARD OF TRADE ,125.75,0.29342136104383154,-30044,-4.9587475306620465,25860,3.917135884894518,0.0549160911487005,0.10149303114272716,0.06252641843081252,-0.11928429423459241,0.22486654597987624
2005-06-14,93474,26788,11080,53687,71980,083731,COFFEE C - NEW YORK BOARD OF TRADE ,110.75,0.19570147848599612,-18293,11.476482537698256,15708,-9.914837096648176,0.09350903578505097,0.27701489384176614,-0.11928429423459241,-0.02708803611738153,0.22253332334313777
2005-06-21,88338,26021,13494,47907,61978,083731,COFFEE C - NEW YORK BOARD OF TRADE ,107.75,0.1592859245171953,-14071,4.516764019941374,12527,-3.403085349936881,0.14362287846384858,0.08050107554093382,-0.02708803611738153,-0.0320185331623406,0.22048340682901552
2005-06-28,89892,26832,14800,47958,62456,083731,COFFEE C - NEW YORK BOARD OF TRADE ,104.3000030517578,0.1612824278022516,-14498,-0.4833706898503475,12032,-0.5603477552129321,0.004791059104823664,0.050850307455803226,-0.0320185331623406,-0.02013428611764745,0.21970958058617895
2005-07-05,89739,27632,15536,47741,62243,083731,COFFEE C - NEW YORK BOARD OF TRADE ,102.1999969482422,0.161601979072644,-14502,-0.004449784185467005,12096,0.07119654696747207,0.003909659586848996,0.03558191252779837,-0.02013428611764745,0.001467725345968951,0.22054765320341935
2005-07-12,94357,28171,15806,48913,63944,083731,COFFEE C - NEW YORK BOARD OF TRADE ,102.3499984741211,0.15929925707684645,-15031,-0.5894872909214499,12365,0.29975818763302464,0.02545699424935981,0.018395979716670077,0.001467725345968951,-0.08011721612595368,0.2222361584213265
2005-07-19,94874,26761,16400,50038,62984,083731,COFFEE C - NEW YORK BOARD OF TRADE ,94.1500015258789,0.13645466618883995,-12946,2.209692974554087,10361,-2.123848787053425,0.018447735839040188,0.0464308055883784,-0.08011721612595368,0.08178435287784569,0.22313674411387618
2005-07-26,93932,25627,16442,50986,62671,083731,COFFEE C - NEW YORK BOARD OF TRADE ,101.8499984741211,0.12439850104330792,-11685,1.3291312688407784,9185,-1.239538756666737,0.011094785187010039,0.027954075447479142,0.08178435287784569,0.04663721228436657,0.22513016576839384
2005-08-02,93689,26818,16687,50182,63196,083731,COFFEE C - NEW YORK BOARD OF TRADE ,106.5999984741211,0.13890638175239356,-13014,-1.4148532981305626,10131,1.00711152748797,0.011721850799978832,0.033007700264337435,0.04663721228436657,-0.03752345269471147,0.22912657174091444
2005-08-09,93177,27198,16739,50756,63327,083731,COFFEE C - NEW YORK BOARD OF TRADE ,102.5999984741211,0.13491526878950813,-12571,0.4728409952075484,10459,0.3500944614629252,0.006179711262852485,0.00983225982656986,-0.03752345269471147,-0.055555526637555475,0.2335363381211789
2005-08-16,91538,24192,18032,53053,61268,083731,COFFEE C - NEW YORK BOARD OF TRADE ,96.9000015258789,0.08974414997050405,-8215,4.674973437650923,6160,-4.613799542805628,0.03810323562600047,0.10181413414172034,-0.055555526637555475,0.02115578317938227,0.2378942993120576
2005-08-23,83729,22876,18898,46616,52685,083731,COFFEE C - NEW YORK BOARD OF TRADE ,98.9499969482422,0.07248384669588792,-6069,2.3443815683104283,3978,-2.3837094976949462,0.1512572884462392,0.052233446641451624,0.02115578317938227,-0.04497217873154524,0.24188378192021648
2005-08-30,82756,20194,19211,47182,49483,083731,COFFEE C - NEW YORK BOARD OF TRADE ,94.5,0.0278046304799652,-2301,4.500232894218252,983,-3.577016326481864,0.038979982413489885,0.07600558304783657,-0.04497217873154524,0.03121689892319801,0.24501272618190797
2005-09-06,85493,21282,18919,46712,51360,083731,COFFEE C - NEW YORK BOARD OF TRADE ,97.4499969482422,0.05436702420081176,-4648,-2.836048141524482,2363,1.6675528058388516,0.02393139734072926,0.03432750429093804,0.03121689892319801,-0.09030267519697477,0.24880893218133016
2005-09-13,84539,19096,19616,48296,49080,083731,COFFEE C - NEW YORK BOARD OF TRADE ,88.6500015258789,0.009273826281361265,-784,4.519668276934953,-520,-3.3722059115951013,0.039681235622740715,0.07447303161810291,-0.09030267519697477,0.03496896131712002,0.24978687320976184
2005-09-20,85023,18598,20089,47577,47190,083731,COFFEE C - NEW YORK BOARD OF TRADE ,91.75,-0.004551709537419286,387,1.3851595121778115,-1491,-1.1485823111226772,0.027530680511148396,0.025098870421588648,0.03496896131712002,-0.03378744930922173,0.2484271086321082
2005-09-27,86506,19503,21580,48535,46974,083731,COFFEE C - NEW YORK BOARD OF TRADE ,88.6500015258789,-0.018044991098883315,1561,1.3808028415840419,-2077,-0.6892252684567706,0.012292035305573297,0.05832096000778911,-0.03378744930922173,0.04568522676427711,0.24536023662101084
2005-10-04,87370,19833,21869,48333,48156,083731,COFFEE C - NEW YORK BOARD OF TRADE ,92.6999969482422,-0.002025867002403571,177,-1.5998890250387259,-2036,0.0473955563775923,0.014343603934127206,0.014843412785957508,0.04568522676427711,0.08683930223053205,0.24277149949669657
2005-10-11,87862,19630,19777,47381,50044,083731,COFFEE C - NEW YORK BOARD OF TRADE ,100.75,0.030308893492067106,-2663,-3.2505436648735264,-147,2.1620693601922856,0.029150628688734925,0.05823838404344406,0.08683930223053205,0.03870969256455492,0.2417732656206351
2005-10-18,85868,17960,16066,46820,51774,083731,COFFEE C - NEW YORK BOARD OF TRADE ,104.6500015258789,0.057693203521684444,-4954,-2.607498122055041,1894,2.3229610070337574,0.02323670811611254,0.15814377240933403,0.03870969256455492,-0.009077922253080684,0.24240172666160614
2005-10-25,84812,19481,15222,46664,54389,083731,COFFEE C - NEW YORK BOARD OF TRADE ,103.6999969482422,0.0910838088949677,-7725,-3.2270461638794425,4259,2.7542274188289,0.027421254193344086,0.06814972768924876,-0.009077922253080684,-0.06364511734185718,0.2417302822949896
2005-11-01,83960,18780,14589,47298,54473,083731,COFFEE C - NEW YORK BOARD OF TRADE ,97.0999984741211,0.08545736064792758,-7175,0.648493137763524,4191,-0.08017733339621752,0.007055054976368514,0.03997722436992418,-0.06364511734185718,0.11071060936077215,0.24120577961844447
2005-11-08,87206,21814,14581,46194,57601,083731,COFFEE C - NEW YORK BOARD OF TRADE ,107.8499984741211,0.13080521982432403,-11407,-5.040495474035255,7233,3.623153882801334,0.04077267691121923,0.08358290974034895,0.11071060936077215,-0.10523874487438734,0.24020252673812428
2005-11-15,83925,18490,12833,46678,55656,083731,COFFEE C - NEW YORK BOARD OF TRADE ,96.5,0.10697646708370569,-8978,2.7853588055867715,5657,-1.8072150998784489,0.023736001719858502,0.1619257414679309,-0.10523874487438734,0.02227980855833067,0.23678490840332211
2005-11-22,74016,18344,13383,39929,47541,083731,COFFEE C - NEW YORK BOARD OF TRADE ,98.6500015258789,0.10284262862083873,-7612,1.627643729520405,4961,-0.8293118856121537,0.16993254830227505,0.02193715132221767,0.02227980855833067,-0.029903745889581446,0.23200304370620908
2005-11-29,75398,18371,14481,41638,47631,083731,COFFEE C - NEW YORK BOARD OF TRADE ,95.6999969482422,0.07948486697259874,-5993,2.187364894076956,3890,-1.4469844357976653,0.020152572561583527,0.034244490441982224,-0.029903745889581446,-0.031347963382094,0.22645628600425288
2005-12-06,79957,18400,20323,44256,44785,083731,COFFEE C - NEW YORK BOARD OF TRADE ,92.6999969482422,0.006616056130169966,-529,7.246876574975464,-1923,-7.709753574365368,0.06136498916229602,0.15161531906102316,-0.031347963382094,0.029126263932287122,0.2192778178436029
2005-12-13,82493,18147,22632,46060,44371,083731,COFFEE C - NEW YORK BOARD OF TRADE ,95.4000015258789,-0.020474464500018184,1689,2.773991020173343,-4485,-3.20422226946984,0.02452698742687795,0.06282645479290812,0.029126263932287122,0.07337526088090396,0.21151434445542705
2005-12-20,81396,18039,20817,45048,45468,083731,COFFEE C - NEW YORK BOARD OF TRADE ,102.4000015258789,0.005159958720330237,-420,-2.5565805583504053,-2778,2.0692664832167575,0.023299748110831235,0.04949042618900556,0.07337526088090396,0.03710932974354453,0.20425479146388342
2005-12-27,82702,20628,19576,44514,48498,083731,COFFEE C - NEW YORK BOARD OF TRADE ,106.1999969482422,0.0481729583323257,-3984,-4.37859354268023,1052,4.705390928301146,0.03831763643400851,0.09526415282061486,0.03710932974354453,0.022598885073872088,0.19800561477153564
2006-01-03,82671,20375,17531,43409,50330,083731,COFFEE C - NEW YORK BOARD OF TRADE ,108.5999984741211,0.0837173857821969,-6921,-3.5513046842881675,2844,2.1668157964740877,0.03133167625001333,0.06062364797129742,0.022598885073872088,0.0966850842313971,0.19227238402350635
2006-01-10,94198,30175,16049,41734,60507,083731,COFFEE C - NEW YORK BOARD OF TRADE ,119.0999984741211,0.1992929786195036,-18773,-14.336345272223634,14126,13.646865285287465,0.11592218385970403,0.2440723433714088,0.0966850842313971,0.03946267538078896,0.1892065860678825
2006-01-17,102720,33601,14923,44329,67210,083731,COFFEE C - NEW YORK BOARD OF TRADE ,123.8000030517578,0.22275116822429908,-22881,-4.361026773392217,18678,4.832374360389817,0.08336097687804266,0.09380924903140714,0.03946267538078896,-0.011308574243682257,0.18645795627072362
2006-01-24,110657,36212,13681,45936,73188,083731,COFFEE C - NEW YORK BOARD OF TRADE ,122.4000015258789,0.24627452397950422,-27252,-4.255257009345794,22531,3.750973520249221,0.06367314730868674,0.07722526206081014,-0.011308574243682257,-0.03431376246142204,0.18422887043932035
2006-01-31,114017,36635,12936,46154,75394,083731,COFFEE C - NEW YORK BOARD OF TRADE ,118.1999969482422,0.2564529850811721,-29240,-1.7965424690710936,23699,1.0555138852490127,0.019942738671142265,0.023562163361642897,-0.03431376246142204,-0.027918743718820083,0.18257343548881144
2006-02-07,108355,34986,12548,46445,74235,083731,COFFEE C - NEW YORK BOARD OF TRADE ,114.9000015258789,0.2564717825665636,-27790,1.2717401790960998,22438,-1.1059754247173668,0.012015246934040437,0.04285353641603905,-0.027918743718820083,-0.06396865427774312,0.18016271020910646
2006-02-14,101784,29851,11291,48169,70662,083731,COFFEE C - NEW YORK BOARD OF TRADE ,107.5500030517578,0.22098758154523304,-22493,4.888560749388584,18560,-3.5789765123898296,0.04457591032642997,0.15536434786835837,-0.06396865427774312,0.03347278820985844,0.17618974876817348
2006-02-21,96019,23050,11937,49610,64311,083731,COFFEE C - NEW YORK BOARD OF TRADE ,111.1500015258789,0.1531051146127329,-14701,7.655427179124421,11113,-7.3164741020199635,0.06839827599827951,0.21285048732386314,0.03347278820985844,0.005847966864197973,0.1703726482872137
2006-02-28,94778,22605,13786,49468,61882,083731,COFFEE C - NEW YORK BOARD OF TRADE ,111.8000030517578,0.13097976323619406,-12414,2.3818202647392703,8819,-2.389110488549141,0.023089357880556802,0.06303756423291473,0.005847966864197973,-0.045617226872118666,0.16445979409330042
2006-03-07,97499,22683,14067,50523,62206,083731,COFFEE C - NEW YORK BOARD OF TRADE ,106.6999969482422,0.11982687001917969,-11683,0.7712760345227795,8616,-0.21418472641330266,0.0122328770768835,0.009768707482993197,-0.045617226872118666,-0.019681335840522785,0.1588542002418154
2006-03-14,97433,21541,15223,53273,61704,083731,COFFEE C - NEW YORK BOARD OF TRADE ,104.5999984741211,0.0865312573768641,-8431,3.3354188248084595,6318,-2.356947250741033,0.028283917653095837,0.0625068001305625,-0.019681335840522785,0.008126180559471008,0.1532698774199215
2006-03-21,99731,22581,15194,54378,63659,083731,COFFEE C - NEW YORK BOARD OF TRADE ,105.4499969482422,0.0930603322938705,-9281,-0.8723943633060668,7387,1.0971642051461004,0.02592407465455747,0.02829913964262078,0.008126180559471008,0.0009483746458966991,0.1481305753424589
2006-03-28,104816,24141,16841,56358,65031,083731,COFFEE C - NEW YORK BOARD OF TRADE ,105.5500030517578,0.08274500076324225,-8673,0.6096399314155078,7300,-0.08723466123873219,0.02761370470141446,0.07825386755160803,0.0009483746458966991,0.014211273866704177,0.14299313109067804
2006-04-04,106170,25707,16294,54155,66504,083731,COFFEE C - NEW YORK BOARD OF TRADE ,107.0500030517578,0.11631345954601112,-12349,-3.507098152953748,9413,2.0159136009769503,0.030466024084403152,0.05030832599223828,0.014211273866704177,-0.02148531514423002,0.13863220954625988
2006-04-11,107761,26101,17715,56435,67605,083731,COFFEE C - NEW YORK BOARD OF TRADE ,104.75,0.1036553112907267,-11170,1.1104831873410568,8386,-0.9673165677686729,0.027257336343115123,0.041423224392915826,-0.02148531514423002,0.0424820711049374,0.13459130571970682
2006-04-18,101523,26627,18240,52433,63501,083731,COFFEE C - NEW YORK BOARD OF TRADE ,109.1999969482422,0.10901963101957192,-11068,0.09465391004166628,8387,0.0009279795102124145,0.06991909189711387,0.023424788820291084,0.0424820711049374,-0.02289377353357369,0.1312473374141989
2006-04-25,101002,28156,15605,51161,68242,083731,COFFEE C - NEW YORK BOARD OF TRADE ,106.6999969482422,0.16911546306013742,-17081,-5.922795819666479,12551,4.1015336426228535,0.05035886870514141,0.09515321861931857,-0.02289377353357369,0.03420807526029668,0.12874173775824446
2006-05-02,100244,28512,15239,48870,66715,083731,COFFEE C - NEW YORK BOARD OF TRADE ,110.3499984741211,0.1780156418339252,-17845,-0.756420664937328,13273,0.7148373299538623,0.033031967815893064,0.016502479943315582,0.03420807526029668,-0.02990480714086463,0.12619288328707393
2006-05-09,99976,27686,16387,49459,65287,083731,COFFEE C - NEW YORK BOARD OF TRADE ,107.0500030517578,0.15831799631911658,-15828,2.012090499181996,11299,-1.969195163800327,0.017577954787094976,0.0447893267987203,-0.02990480714086463,-0.057916902390362845,0.12350694452550488
2006-05-16,102842,26797,23606,54157,60815,083731,COFFEE C - NEW YORK BOARD OF TRADE ,100.8499984741211,0.06474008673499154,-6658,9.172201328318796,3191,-8.109946387132911,0.07975854990780364,0.1608634406682142,-0.057916902390362845,0.005453674368661066,0.11959865797755224
2006-05-23,106517,28266,27985,56603,60044,083731,COFFEE C - NEW YORK BOARD OF TRADE ,101.4000015258789,0.032304702535745466,-3441,3.128099414636044,281,-2.8295832441998408,0.027578934734712422,0.10396259622051164,0.005453674368661066,-0.026134136942814412,0.11480618981212339
2006-05-30,112292,28793,31669,62566,62989,083731,COFFEE C - NEW YORK BOARD OF TRADE ,98.75,0.0037669646991771452,-423,2.83335054498343,-2876,-2.9638461466244825,0.07094898649994026,0.06964705104032284,-0.026134136942814412,-0.026835458489912978,0.10972867528160615
2006-06-06,120532,29826,35973,70352,67546,083731,COFFEE C - NEW YORK BOARD OF TRADE ,96.0999984741211,-0.023280124780141374,2806,2.8755387739108755,-6147,-2.9129412602856837,0.08950818721083699,0.08111065517713036,-0.026835458489912978,-0.008324614308695577,0.10363826209268359
2006-06-13,126941,30081,38661,75009,70273,083731,COFFEE C - NEW YORK BOARD OF TRADE ,95.3000030517578,-0.0373086709573739,4736,1.6012345269306074,-8580,-2.018551090166927,0.0508252915020443,0.04281225451688924,-0.008324614308695577,0.001573912819320178,0.09915729768031109
2006-06-20,121700,31047,39915,70578,65267,083731,COFFEE C - NEW YORK BOARD OF TRADE ,95.4499969482422,-0.04364009860312243,5311,0.4529663386927786,-8868,-0.2268770531191656,0.06946887997349921,0.031284349370085396,0.001573912819320178,-0.0010476529839527071,0.09525487415876652
2006-06-27,117763,32231,42663,64017,57312,083731,COFFEE C - NEW YORK BOARD OF TRADE ,95.3499984741211,-0.05693638918845478,6705,1.1454396055875105,-10432,-1.285127362366475,0.1196416355529181,0.052500867893289185,-0.0010476529839527071,0.03146303144214757,0.09105835844740678
2006-07-11,118855,31808,36327,61209,60758,083731,COFFEE C - NEW YORK BOARD OF TRADE ,98.3499984741211,-0.003794539565016196,451,-5.310666338323582,-4519,5.021101704270441,0.05127616486426657,0.09920011741395758,0.03146303144214757,-0.022877478748431712,0.08787765616591331
2006-07-18,120361,33282,37253,60220,60317,083731,COFFEE C - NEW YORK BOARD OF TRADE ,96.0999984741211,0.0008059088907536495,-97,-0.46106600479575954,-3971,0.46106600479575954,0.011863577158880676,0.034025661019352095,-0.022877478748431712,-0.010405827428491499,0.0848297071623346
2006-07-25,123006,33849,41600,62921,58559,083731,COFFEE C - NEW YORK BOARD OF TRADE ,95.0999984741211,-0.03546168479586362,4362,3.704688395742807,-7751,-3.1405521722152523,0.0367056305564702,0.06513008787392809,-0.010405827428491499,0.03364883942145913,0.08152362348955185
2006-08-01,120726,32681,39494,61470,59538,083731,COFFEE C - NEW YORK BOARD OF TRADE ,98.3000030517578,-0.016003180756423638,1932,-1.9755133895907515,-6813,0.7625644277514918,0.020081316937723127,0.045361967440249396,0.03364883942145913,0.08952182247369667,0.07882359114724931
2006-08-08,112927,32113,28353,56561,65330,083731,COFFEE C - NEW YORK BOARD OF TRADE ,107.0999984741211,0.07765193443552029,-8769,-8.863873564932161,3760,8.757848350810928,0.08779155146811496,0.19364601594284392,0.08952182247369667,-0.039682540247906184,0.07764562100654021
2006-08-15,107829,29277,24363,56858,66493,083731,COFFEE C - NEW YORK BOARD OF TRADE ,102.8499984741211,0.08935444082760667,-9635,-0.7668670911296679,4914,1.0218991029603195,0.011836142390414346,0.1272557792692021,-0.039682540247906184,0.05201748715112786,0.07676945123804212
2006-08-22,101960,30430,22546,50326,62297,083731,COFFEE C - NEW YORK BOARD OF TRADE ,108.1999969482422,0.11740878775990585,-11971,-2.1663930853480973,7884,2.754361071696853,0.09525585360006393,0.05606312292358804,0.05201748715112786,-0.04528645133722442,0.07730146350322291
2006-08-29,99833,30328,24458,50839,60333,083731,COFFEE C - NEW YORK BOARD OF TRADE ,103.3000030517578,0.0950988150210852,-9494,2.429384072185171,5870,-1.9752844252648099,0.022280790127010397,0.0367612163691454,-0.04528645133722442,0.030493647661424816,0.07773636674024595
2006-09-05,101785,31035,25567,51599,61671,083731,COFFEE C - NEW YORK BOARD OF TRADE ,106.4499969482422,0.09895367686790785,-10072,-0.5789668746807167,5468,-0.4026724630132321,0.01852211529972632,0.03208367195505459,0.030493647661424816,-0.05965240635195679,0.07910461763232177
2006-09-12,104099,30903,29961,53400,57052,083731,COFFEE C - NEW YORK BOARD OF TRADE ,100.0999984741211,0.03508198926022344,-3652,6.3074126835977795,942,-4.4466276956329525,0.058124796291601784,0.07436251314405888,-0.05965240635195679,0.0034964883062569285,0.07873375157577199
2006-09-19,107299,30477,34258,56176,54769,083731,COFFEE C - NEW YORK BOARD OF TRADE ,100.4499969482422,-0.013112890148090849,1407,4.859796924081883,-3781,-4.537027252903486,0.04559917076028663,0.07295898663783115,0.0034964883062569285,0.06421109779585299,0.07830323779828254
2006-09-26,105801,29371,32009,55387,56075,083731,COFFEE C - NEW YORK BOARD OF TRADE ,106.9000015258789,0.006502774075859396,-688,-1.9524879076226247,-2638,1.0652475791945872,0.01879564335827457,0.05465949820788531,0.06421109779585299,-0.02478953683866303,0.0785158240216148
2006-10-03,110868,30475,32380,58483,58410,083731,COFFEE C - NEW YORK BOARD OF TRADE ,104.25,-0.0006584406681819822,73,0.7192748650768896,-1905,0.6928100868611828,0.04646129366172483,0.02346670909235542,-0.02478953683866303,-0.013429271231452322,0.07885018076066674
2006-10-10,109769,29985,32852,59240,59390,083731,COFFEE C - NEW YORK BOARD OF TRADE ,102.8499984741211,0.0013665060262915759,-150,-0.2011400945268247,-2867,-0.8676985243713244,0.014642164713816066,0.015309451437847128,-0.013429271231452322,-0.0038891738630364436,0.07891541870352627
2006-10-17,110507,29426,34567,61753,59691,083731,COFFEE C - NEW YORK BOARD OF TRADE ,102.4499969482422,-0.0186594514374655,2062,2.0151408867713103,-5141,-2.071623135858029,0.0231711735450084,0.0355351366555717,-0.0038891738630364436,0.045876083139476886,0.07797371976257374
2006-10-24,112676,30203,30904,61017,64970,083731,COFFEE C - NEW YORK BOARD OF TRADE ,107.1500015258789,0.035082892541446274,-3953,-5.443094102636032,-701,4.017845023392183,0.04774302110535214,0.07265943345279592,0.045876083139476886,0.010265967881068372,0.07753890608987682
2006-10-31,116804,31703,28301,59130,68341,083731,COFFEE C - NEW YORK BOARD OF TRADE ,108.25,0.07885860073285161,-9211,-4.666477333238666,3402,3.6414143207071605,0.04124859772026579,0.06837877474835011,0.010265967881068372,0.04341798566505495,0.07730380593291306
2006-11-07,122312,37324,25564,56993,74273,083731,COFFEE C - NEW YORK BOARD OF TRADE ,112.9499969482422,0.14127804303747793,-17280,-6.908153830348275,11760,7.155576863806035,0.06147060167903341,0.13290293855743543,0.04341798566505495,0.025232458437529415,0.07837728059425057
2006-11-14,118573,39957,20921,52983,78016,083731,COFFEE C - NEW YORK BOARD OF TRADE ,115.8000030517578,0.21111888878581128,-25033,-6.3387075675322135,19036,5.948721302897509,0.05918365789051825,0.11951772397253524,0.025232458437529415,-0.0034542445193209703,0.07992177422812531
2006-11-21,111680,41549,21520,51781,76316,083731,COFFEE C - NEW YORK BOARD OF TRADE ,115.4000015258789,0.21969018624641834,-24535,0.4199944338087086,20029,0.8374587806667623,0.02265470697986682,0.03473972950260826,-0.0034542445193209703,0.04289425375035316,0.08208934575048518
2006-11-28,114569,43699,22391,51852,78275,083731,COFFEE C - NEW YORK BOARD OF TRADE ,120.3499984741211,0.23062957693616948,-26423,-1.69054441260745,21308,1.1452363896848137,0.015600144474244392,0.045710394916023606,0.04289425375035316,0.025342775990260247,0.08454678706424154
2006-12-05,118588,46298,23610,52676,81131,083731,COFFEE C - NEW YORK BOARD OF TRADE ,123.4000015258789,0.23994839275474752,-28455,-1.773603679878501,22688,1.2045143101537064,0.02750229808604931,0.054614636379241285,0.025342775990260247,0.0036466526959306744,0.08763262409851363
2006-12-12,123449,48346,22618,54548,85812,083731,COFFEE C - NEW YORK BOARD OF TRADE ,123.8499984741211,0.2532543803514002,-31264,-2.3687050966370964,25728,2.5634971497959325,0.046687090339127955,0.04283862240009019,0.0036466526959306744,-0.006863128660423046,0.09237566879507576
2006-12-19,121993,45991,22563,56282,84962,083731,COFFEE C - NEW YORK BOARD OF TRADE ,123.0,0.23509545629667275,-28680,2.093172079158195,23428,-1.8631175627182073,0.018294582424740167,0.035154768503661345,-0.006863128660423046,0.03821135730278202,0.0972904749642429
2006-12-26,125443,47008,22168,58412,88939,083731,COFFEE C - NEW YORK BOARD OF TRADE ,127.6999969482422,0.2433535550010762,-30527,-1.5140212963038862,24840,1.1574434598706485,0.04144525656425813,0.02041170348097606,0.03821135730278202,-0.07282690402986192,0.10187112104656491
2007-01-09,125640,40198,23082,62924,84323,083731,COFFEE C - NEW YORK BOARD OF TRADE ,118.4000015258789,0.1703199617956065,-21399,7.276611688177101,17116,-6.157378251476767,0.06199107621887033,0.1220606826801517,-0.07282690402986192,0.027449323970571315,0.10422010188239725
2007-01-16,128442,38084,22990,65811,86205,083731,COFFEE C - NEW YORK BOARD OF TRADE ,121.6500015258789,0.15877983837062642,-20394,0.7999044890162369,15094,-1.609360076408787,0.03137169771602989,0.036120116579886695,0.027449323970571315,-0.049321824288868665,0.1056636105860209
2007-01-23,125945,34444,22751,68183,84359,083731,COFFEE C - NEW YORK BOARD OF TRADE ,115.6500015258789,0.12843701615784667,-16176,3.2839725323492317,11693,-2.647887762569876,0.027651400925646708,0.06782061369000787,-0.049321824288868665,0.007782114258576112,0.10430099592329672
2007-01-30,131947,33345,22506,70886,86498,083731,COFFEE C - NEW YORK BOARD OF TRADE ,116.5500030517578,0.11832023463966593,-15612,0.44781452221207674,10839,-0.6780737623565842,0.030765516189701622,0.024064027501745716,0.007782114258576112,-0.0004290266018748268,0.10229270873897686
2007-02-06,137834,34349,22819,77754,93840,083731,COFFEE C - NEW YORK BOARD OF TRADE ,116.5,0.11670560239128226,-16086,-0.3592351474455653,11530,0.5236951200103072,0.08281175332470832,0.023037363560033584,-0.0004290266018748268,-0.024034360959294454,0.09980099870843412
2007-02-13,132796,31349,21218,81141,94575,083731,COFFEE C - NEW YORK BOARD OF TRADE ,113.6999969482422,0.10116268562306094,-13434,1.924053571687682,10131,-1.0149890447930119,0.023458307723827086,0.08752639488652576,-0.024034360959294454,-0.004397537497099591,0.09681464679577814
2007-02-20,128677,33524,24723,74544,87141,083731,COFFEE C - NEW YORK BOARD OF TRADE ,113.1999969482422,0.09789628294100733,-12597,0.6302900689779812,8801,-1.001536190849122,0.0867798497077651,0.09751575188421721,-0.004397537497099591,0.03621913616649852,0.09376511795682514
2007-02-27,128130,35062,22687,72020,89194,083731,COFFEE C - NEW YORK BOARD OF TRADE ,117.3000030517578,0.13403574494653867,-17174,-3.5569682227593122,12375,2.7774971440117504,0.028390834542905703,0.061888517550087445,0.03621913616649852,-0.04518331554875754,0.09209296725300407
2007-03-06,132106,36966,26778,74771,88298,083731,COFFEE C - NEW YORK BOARD OF TRADE ,112.0,0.10239504640213162,-13527,2.846327948177632,10188,-1.706860220088972,0.022364765835321244,0.0940480672690763,-0.04518331554875754,-0.016071455819266056,0.09111777363356945
2007-03-13,136470,37385,30691,75939,86373,083731,COFFEE C - NEW YORK BOARD OF TRADE ,110.1999969482422,0.07645636403605188,-10434,2.3413016819826504,6694,-2.6448458056409248,0.019055892355463552,0.06363476114930372,-0.016071455819266056,-0.011796691999672815,0.09006924672587441
2007-03-20,143287,39176,35513,78479,85635,083731,COFFEE C - NEW YORK BOARD OF TRADE ,108.9000015258789,0.049941725348426586,-7156,2.401993112039276,3663,-2.221000952590313,0.019973920567410458,0.08854048119535675,-0.011796691999672815,0.03259867192490051,0.08872530163605223
2007-03-27,151347,42616,36550,79004,89260,083731,COFFEE C - NEW YORK BOARD OF TRADE ,112.4499969482422,0.06776480538101184,-10256,-2.1634900584142316,6066,1.677053745280451,0.024663623829220747,0.056552055175201475,0.03259867192490051,-0.015117803418213227,0.08836440832843968
2007-04-03,154517,41991,36933,80306,89481,083731,COFFEE C - NEW YORK BOARD OF TRADE ,110.75,0.059378579703204176,-9175,0.7142526776216245,5058,-0.6660191480505064,0.008970062490061076,0.012771780447012316,-0.015117803418213227,-0.013544018058690765,0.08771668231708073
2007-04-10,150046,41915,36935,79475,88650,083731,COFFEE C - NEW YORK BOARD OF TRADE ,109.25,0.06114791463951055,-9175,0.0,4980,-0.05047988247247876,0.00988550185873606,0.0009892200380469246,-0.013544018058690765,0.0032036473603760385,0.08730135373777818
2007-04-17,144376,39767,34795,78355,87707,083731,COFFEE C - NEW YORK BOARD OF TRADE ,109.5999984741211,0.06477530891560924,-9352,-0.11796382442717566,4972,-0.0053316982791943805,0.012423070901229662,0.05750918698532765,0.0032036473603760385,-0.04744522829049147,0.0863102354564243
2007-04-24,142969,41344,41098,77799,80989,083731,COFFEE C - NEW YORK BOARD OF TRADE ,104.4000015258789,0.022312529289566268,-3190,4.268022385992132,246,-3.273397240538594,0.0458095070156435,0.09558234880279469,-0.04744522829049147,-0.024425316230725413,0.08474595118717122
2007-05-01,153966,47753,52043,83094,80396,083731,COFFEE C - NEW YORK BOARD OF TRADE ,101.8499984741211,-0.01752334931088682,2698,4.118375312130602,-4290,-3.1727157635571346,0.03601443513364732,0.17389474528037197,-0.024425316230725413,0.003927359173996781,0.0823124323346624
2007-05-08,158054,47879,55424,85775,81592,083731,COFFEE C - NEW YORK BOARD OF TRADE ,102.25,-0.0264656383261417,4183,0.9644986555473287,-7545,-2.1141031136744473,0.023164662089898248,0.03394867525628491,0.003927359173996781,0.023471897563607902,0.07855125730800319
2007-05-15,160710,47191,55847,86200,81558,083731,COFFEE C - NEW YORK BOARD OF TRADE ,104.6500015258789,-0.028884325804243667,4642,0.2904070760626115,-8656,-0.7029243170055803,0.002736084121174549,0.010782429783186786,0.023471897563607902,0.06593407955347796,0.07457241177649994
2007-05-22,158629,44849,49251,84926,85373,083731,COFFEE C - NEW YORK BOARD OF TRADE ,111.5500030517578,0.0028178958450220323,-447,-3.1665733308443778,-4402,2.6470039201045363,0.029882735659046734,0.09498405951115835,0.06593407955347796,-0.007619955896560615,0.0715820252289212
2007-05-29,161365,45853,47411,83277,86254,083731,COFFEE C - NEW YORK BOARD OF TRADE ,110.6999969482422,0.01844885817866328,-2977,-1.5949164402473694,-1558,1.7928625913294545,0.014923524311187925,0.03049408131755018,-0.007619955896560615,0.05284558504776449,0.07069180929514565
2007-06-05,159466,46717,36514,79788,93612,083731,COFFEE C - NEW YORK BOARD OF TRADE ,116.5500030517578,0.08668932562427101,-13824,-6.722027701174356,10203,7.288445449756763,0.06255478662053056,0.14130552318246808,0.05284558504776449,-0.026598078269795877,0.07173766743146345
2007-06-12,161803,46099,32499,82619,100181,083731,COFFEE C - NEW YORK BOARD OF TRADE ,113.4499969482422,0.10853939667373287,-17562,-2.3440733447882307,13600,2.130234658171648,0.05142231947483589,0.05894552024224535,-0.026598078269795877,-0.0008814321446543039,0.07375252189251259
2007-06-19,153798,47668,32147,79471,98256,083731,COFFEE C - NEW YORK BOARD OF TRADE ,113.3499984741211,0.12214073004850519,-18785,-0.7558574315680179,15521,1.1872462191677533,0.02854377781653885,0.02406815761448349,-0.0008814321446543039,-0.0299956027494358,0.0765490767930635
2007-06-26,152703,48999,34071,73908,91524,083731,COFFEE C - NEW YORK BOARD OF TRADE ,109.9499969482422,0.11536119133219387,-17616,0.7600879075150522,14928,-0.38557068362397434,0.07432056675854731,0.03918382087396172,-0.0299956027494358,-0.0077307730578768385,0.07948503568324748
2007-07-03,158500,48616,40064,80282,91079,083731,COFFEE C - NEW YORK BOARD OF TRADE ,109.0999984741211,0.0681198738170347,-10797,4.465531129054439,8552,-4.1754254991715944,0.0397931851471455,0.07189896256202075,-0.0077307730578768385,-0.00549952779571683,0.08163426592209667
2007-07-10,163546,49725,45609,82757,89666,083731,COFFEE C - NEW YORK BOARD OF TRADE ,108.5,0.042244995291844493,-6909,2.4529968454258677,4116,-2.798738170347003,0.022549195872940384,0.06979671470828876,-0.00549952779571683,0.019354824646277358,0.08354160023902549
2007-07-17,170200,50612,48980,84536,90263,083731,COFFEE C - NEW YORK BOARD OF TRADE ,110.5999984741211,0.03364864864864865,-5727,0.722732442248664,1632,-1.5188387365022684,0.013592755107294664,0.04275443810747851,0.019354824646277358,0.04656420973716324,0.08426166155082673
2007-07-24,171727,50833,43388,81343,93593,083731,COFFEE C - NEW YORK BOARD OF TRADE ,115.75,0.0713341524629208,-12250,-3.8325499412455937,7445,3.415393654524089,0.037287922440206706,0.061695375765487524,0.04656420973716324,-0.012526971475094628,0.08561797392721458
2007-07-31,175837,52344,40946,80916,95990,083731,COFFEE C - NEW YORK BOARD OF TRADE ,114.3000030517578,0.08572712227801885,-15074,-1.6444705841248026,11398,2.3019094260075588,0.015963279933976237,0.04237324472076321,-0.012526971475094628,0.027559000983210957,0.08794852790940462
2007-08-07,171918,52999,35793,75611,98462,083731,COFFEE C - NEW YORK BOARD OF TRADE ,117.4499969482422,0.13291801905559628,-22851,-4.422846158658303,17206,3.3030590831281246,0.04467665864321291,0.06541129831516353,0.027559000983210957,0.014474283710589342,0.09081239713655885
2007-08-14,166572,55182,29053,72813,103972,083731,COFFEE C - NEW YORK BOARD OF TRADE ,119.1500015258789,0.18706025022212616,-31159,-4.832536441792017,26129,5.190265126397469,0.04699493735328224,0.10592983914049979,0.014474283710589342,-0.04112464509549041,0.09291640320937819
2007-08-21,159535,51208,24969,70127,99296,083731,COFFEE C - NEW YORK BOARD OF TRADE ,114.25,0.18283762183846805,-29169,1.1946785774319812,26239,0.0660375093052854,0.04345336819676195,0.105779959830395,-0.04112464509549041,-0.00525162778224153,0.0947141566903563
2007-08-28,153817,52508,28298,67124,93727,083731,COFFEE C - NEW YORK BOARD OF TRADE ,113.6500015258789,0.1729522744560094,-26603,1.6084244836556243,24210,-1.2718212304509984,0.05329155553897707,0.05728535009776502,-0.00525162778224153,0.00791906303383505,0.09578230066528137
2007-09-04,158302,52846,32340,68368,91709,083731,COFFEE C - ICE FUTURES U.S. ,114.5500030517578,0.14744602089676695,-23341,2.1207018730049345,20506,-2.4080563266739046,0.020377693235130594,0.051416899490526614,0.00791906303383505,0.017459624152924125,0.09678897770135217
2007-09-11,158880,54679,34421,67030,90176,083731,COFFEE C - ICE FUTURES U.S. ,116.5500030517578,0.14568227593152064,-23146,0.12318227186011547,20258,-0.1566625816477366,0.018262661730468303,0.04392817059483726,0.017459624152924125,0.08708703243857463,0.09768760460642165
2007-09-18,161055,58933,28385,65773,99313,083731,COFFEE C - ICE FUTURES U.S. ,126.6999969482422,0.20825183943373382,-33540,-6.542044310171198,30548,6.476586102719033,0.06296112329331378,0.11784511784511785,0.08708703243857463,0.05051309636485524,0.10101779403283531
2007-09-25,168146,61413,24818,67958,108890,083731,COFFEE C - ICE FUTURES U.S. ,133.10000610351562,0.24343130374793334,-40932,-4.589736425444723,36595,3.7546179876439725,0.06650909255405772,0.07012559288422957,0.05051309636485524,0.009015754269078746,0.10595133622314347
2007-10-02,170840,63401,24583,68919,113463,083731,COFFEE C - ICE FUTURES U.S. ,134.3000030517578,0.26073519082182156,-44544,-2.148133169983229,38818,1.3220653479714057,0.030342906646489236,0.02526595744680851,0.009015754269078746,-0.004095331640058486,0.1108404211605658
2007-10-09,176866,66836,24618,69248,116384,083731,COFFEE C - ICE FUTURES U.S. ,133.75,0.2665068469915077,-47136,-1.5172090845235309,42218,1.9901662374151252,0.01750775728322703,0.03794257222210073,-0.004095331640058486,-0.04186920451226639,0.11597821515402139
2007-10-16,176688,70270,23009,66362,118771,083731,COFFEE C - ICE FUTURES U.S. ,128.14999389648438,0.2966188988499502,-52409,-2.981353114787466,47261,2.851311162122737,0.028482226291368908,0.054063615604798505,-0.04186920451226639,-0.033554394281412825,0.12165614578524558
2007-10-23,172511,66331,20741,67465,117746,083731,COFFEE C - ICE FUTURES U.S. ,123.8499984741211,0.29146547176701776,-50281,1.204382866974554,45590,-0.94573485465906,0.011489598349990011,0.07128583241455347,-0.033554394281412825,-0.01574482819755263,0.12762008661610105
2007-10-30,168366,61875,20926,70549,114175,083731,COFFEE C - ICE FUTURES U.S. ,121.9000015258789,0.2591140729125833,-43626,3.857725014636748,40949,-2.6902632295911566,0.03602672094584353,0.056050047704737864,-0.01574482819755263,-0.00984417196567422,0.1319283785463152
2007-11-06,163302,59709,21715,69694,109219,083731,COFFEE C - ICE FUTURES U.S. ,120.6999969482422,0.2420362273579013,-39525,2.43576494066498,37994,-1.7551049499305087,0.032479473263541496,0.036291511102377674,-0.00984417196567422,0.015741520910672824,0.13506640982756618
2007-11-13,159930,59283,21816,70509,109353,083731,COFFEE C - ICE FUTURES U.S. ,122.5999984741211,0.24288126055149128,-38844,0.417018775030312,37467,-0.3227149698105351,0.005276267360531963,0.006498230557713412,0.015741520910672824,0.014274062167866974,0.1370203178566818
2007-11-20,153591,59230,21107,66330,107109,083731,COFFEE C - ICE FUTURES U.S. ,124.3499984741211,0.2655038381155146,-40779,-1.2099043331457513,38123,0.41017945351091106,0.03703319322643696,0.009485044251092273,0.014274062167866974,-0.016887804582950028,0.1380661822668684
2007-11-27,152293,59493,22481,63959,103881,083731,COFFEE C - ICE FUTURES U.S. ,122.25,0.2621394286014459,-39922,0.5579754022045562,37012,-0.7233496754367118,0.0333591515729266,0.019969746504989387,-0.016887804582950028,0.04171777892941586,0.13888251385061895
2007-12-04,155570,62297,22480,63481,107945,083731,COFFEE C - ICE FUTURES U.S. ,127.3499984741211,0.2858134601786977,-44464,-2.9824089091422454,39817,1.8418443395297222,0.026495397430961465,0.033086804203970414,0.04171777892941586,0.021594092362343886,0.13994374237451374
2007-12-11,159046,63392,22043,63497,110013,083731,COFFEE C - ICE FUTURES U.S. ,130.10000610351562,0.2924688454912415,-46516,-1.3190203766793083,41349,0.9847657003278267,0.012010835110368278,0.01793176098788553,0.021594092362343886,0.009607993400134296,0.14095375108098476
2007-12-18,161560,64865,22375,63993,113215,083731,COFFEE C - ICE FUTURES U.S. ,131.35000610351562,0.30466699678138154,-49222,-1.7013945650943754,42490,0.717402512480666,0.020868132364227347,0.020690050435580008,0.009607993400134296,0.03121424175264531,0.14194245524309979
2008-01-08,171672,65742,23519,69756,117787,083731,COFFEE C - ICE FUTURES U.S. ,135.4499969482422,0.27978354070553146,-48031,0.7371874226293638,42223,-0.16526367912849715,0.05510736204497102,0.022641467158109364,0.03121424175264531,0.01033598513707168,0.14280184148173167
2008-01-15,180100,66411,25850,77595,124642,083731,COFFEE C - ICE FUTURES U.S. ,136.85000610351562,0.2612270960577457,-47047,0.5731860757724032,40561,-0.9681252621277786,0.07265732778868357,0.03251644790323105,0.01033598513707168,-0.013518494855719987,0.14314556342512916
2008-01-22,175730,62623,22547,78046,122539,083731,COFFEE C - ICE FUTURES U.S. ,135.0,0.2531895521538724,-44493,1.4181010549694613,40076,-0.2692948362021099,0.012732756686691427,0.0832570153810027,-0.013518494855719987,-0.009629652235243036,0.14473920939355736
2008-01-29,183544,63028,22765,82527,127860,083731,COFFEE C - ICE FUTURES U.S. ,133.6999969482422,0.24698709846140435,-45333,-0.47800603198087976,40263,0.10641324759574347,0.046590331151639595,0.007261664704579627,-0.009629652235243036,0.06656701090815131,0.14643550285684154
2008-02-05,190091,70878,20648,82057,137475,083731,COFFEE C - ICE FUTURES U.S. ,142.60000610351562,0.2915340547422024,-55418,-5.494595301399119,50230,5.430305539816066,0.04593863309221435,0.10889801804951599,0.06656701090815131,0.03751746574851422,0.14957198436807914
2008-02-12,192447,76229,19364,84249,146763,083731,COFFEE C - ICE FUTURES U.S. ,147.9499969482422,0.3248374877238928,-62514,-3.732948956026324,56865,3.4904335292044335,0.0496943881703115,0.06940884792819559,0.03751746574851422,0.04798922777943315,0.1535434700043143
2008-02-19,201843,75000,19011,94673,158194,083731,COFFEE C - ICE FUTURES U.S. ,155.0500030517578,0.3147049934850354,-63521,-0.5232609497679881,55989,-0.4551902601755289,0.08642883413019492,0.01682781802129538,0.04798922777943315,0.020315987323346718,0.1573511506022711
2008-02-26,191977,73837,19011,86664,148277,083731,COFFEE C - ICE FUTURES U.S. ,158.1999969482422,0.32093948754277857,-61613,0.9452891603870336,54826,-0.576190405414109,0.07630000723585921,0.01252584869894882,0.020315987323346718,0.02907715671461486,0.16157762756226568
2008-03-04,192088,70621,15622,83497,145263,083731,COFFEE C - ICE FUTURES U.S. ,162.8000030517578,0.3215505393361376,-61766,-0.07969704704209359,54999,0.09011496168811889,0.027019583843329253,0.07658592581426898,0.02907715671461486,-0.07770275748245359,0.1658786709544797
2008-03-11,187900,62792,15403,87455,141080,083731,COFFEE C - ICE FUTURES U.S. ,150.14999389648438,0.285391165513571,-53625,4.238161675898546,47389,-3.9617258756403317,0.03562255234427987,0.10292218172517424,-0.07770275748245359,-0.09557103848182413,0.16878935211923032
2008-03-18,176631,51171,12287,90326,134902,083731,COFFEE C - ICE FUTURES U.S. ,135.8000030517578,0.25236793088415965,-44576,4.815859499733901,38884,-4.52634379989356,0.04017706501855897,0.2322323426518327,-0.09557103848182413,-0.023195943184720402,0.171673446051577
2008-03-25,169494,45994,12280,90205,128656,083731,COFFEE C - ICE FUTURES U.S. ,132.64999389648438,0.22685758787921698,-38451,3.4676812111124318,33714,-2.9270060181961264,0.029091523843900922,0.08895905549644781,-0.023195943184720402,-0.026762065256776713,0.1745657772793302
2008-04-01,160969,45773,14567,90938,123522,083731,COFFEE C - ICE FUTURES U.S. ,129.10000610351562,0.20242406923072145,-32584,3.461479462399849,31206,-1.4796983964034125,0.027357082905903198,0.04156446801458402,-0.026762065256776713,0.03175825446080216,0.1774981300462974
2008-04-08,161591,44598,14624,90394,122799,083731,COFFEE C - ICE FUTURES U.S. ,133.1999969482422,0.20053715862888402,-32405,0.11120153569942037,29974,-0.765364759674223,0.005942971861177431,0.02080307993651008,0.03175825446080216,0.007507507679512804,0.18005144453183336
2008-04-15,167583,40633,14796,98286,128959,083731,COFFEE C - ICE FUTURES U.S. ,134.1999969482422,0.18303169175871062,-30673,1.0718418723815064,25837,-2.5601673360521318,0.061836344033972146,0.07463602085550886,0.007507507679512804,0.008196766978615377,0.18242938899443928
2008-04-22,155657,42927,15580,89333,119944,083731,COFFEE C - ICE FUTURES U.S. ,135.3000030517578,0.19665675170406727,-30611,0.03699659273315312,27347,0.9010460488235681,0.08585749986859521,0.05260908951065685,0.008196766978615377,-0.007021411136840627,0.1850353281687577
2008-04-29,151237,42998,16937,86361,115459,083731,COFFEE C - ICE FUTURES U.S. ,134.35000610351562,0.19240000793456627,-29098,0.9720089684370121,26061,-0.8261755012623909,0.03694876622733129,0.023825811295570203,-0.007021411136840627,-0.01116486737517719,0.18748964930373765
2008-05-06,148003,40587,17506,82941,109437,083731,COFFEE C - ICE FUTURES U.S. ,132.85000610351562,0.17902339817436133,-26496,1.7204784543464893,23081,-1.9704172920647725,0.04908045618521868,0.05129705816535555,-0.01116486737517719,0.030485416687245248,0.19050331985921445
2008-05-13,148899,40926,14877,82850,110018,083731,COFFEE C - ICE FUTURES U.S. ,136.89999389648438,0.18245925090161788,-27168,-0.45404485044222076,26049,2.0053647561198087,0.003484248294170106,0.05318710463595147,0.030485416687245248,-0.0007303933468555401,0.19434913909407034
2008-05-20,150178,40942,14627,81920,111096,083731,COFFEE C - ICE FUTURES U.S. ,136.8000030517578,0.1942761256642118,-29176,-1.348565134755774,26315,0.17864458458418123,0.010403282629419322,0.00478684158433659,-0.0007303933468555401,-0.035087740823673386,0.19859417301696175
2008-05-27,151882,40104,15975,82519,108716,083731,COFFEE C - ICE FUTURES U.S. ,132.0,0.172482585164799,-26197,1.9836460733263193,24129,-1.4556060141964868,0.015577692368028865,0.038980723622033205,-0.035087740823673386,0.0037878787878788955,0.20246661361252027
2008-06-03,153194,39533,16683,83566,105670,083731,COFFEE C - ICE FUTURES U.S. ,132.5,0.14428763528597727,-22104,2.6948552165496897,22850,-0.8421011048050461,0.02162907691982498,0.022751529813576206,0.0037878787878788955,0.019245306051002276,0.2051871855248463
2008-06-10,148748,38499,17273,81695,101917,083731,COFFEE C - ICE FUTURES U.S. ,135.0500030517578,0.1359480463602872,-20222,1.2285076439025027,21226,-1.0600937373526378,0.03062980633074091,0.02911855411317507,0.019245306051002276,0.02998891492216882,0.20744678529756985
2008-06-17,144066,37824,15265,83837,107251,083731,COFFEE C - ICE FUTURES U.S. ,139.10000610351562,0.16252273263643052,-23414,-2.145911205528814,22559,0.8961465028101218,0.039123335845265006,0.050537776187157414,0.02998891492216882,0.048526237985760945,0.20890512004780368
2008-06-24,140857,39984,14246,75652,104463,083731,COFFEE C - ICE FUTURES U.S. ,145.85000610351562,0.20454077539632393,-28811,-3.7461996584898585,25738,2.206627517943165,0.06092218860172668,0.05862068965517241,0.048526237985760945,0.046965996284325406,0.2107513004078535
2008-07-01,148775,43195,14420,79184,111257,083731,COFFEE C - ICE FUTURES U.S. ,152.6999969482422,0.21558057469332886,-32073,-2.3158238497199286,28775,2.156087379398965,0.05422151742534433,0.058752061095200904,0.046965996284325406,-0.08513425186515466,0.21254822049717706
2008-07-08,148715,39817,12454,80239,109146,083731,COFFEE C - ICE FUTURES U.S. ,139.6999969482422,0.1943785092290623,-28907,2.1280457066039324,27363,-0.9490841875315074,0.0167172690550994,0.10223642172523961,-0.08513425186515466,-0.008589813704053095,0.21406778430288603
2008-07-15,145873,37738,12187,81521,111640,083731,COFFEE C - ICE FUTURES U.S. ,138.5,0.20647412475235308,-30119,-0.8149816763608243,25551,-1.218437951786975,0.019548459575173042,0.046990485728592886,-0.008589813704053095,-0.007581249471175555,0.2167284429747191
2008-07-22,146500,38219,14780,81956,108159,083731,COFFEE C - ICE FUTURES U.S. ,137.4499969482422,0.17886006825938566,-26203,2.684526951526328,23439,-1.4478347603737498,0.02059805906951056,0.05800109436027095,-0.007581249471175555,-0.007639163878288002,0.21935565591640258
2008-07-29,146668,36027,18786,83703,102868,083731,COFFEE C - ICE FUTURES U.S. ,136.39999389648438,0.13066926664303052,-19165,4.804095563139931,17241,-4.230716723549488,0.03772290441708519,0.11307536533304142,-0.007639163878288002,0.027859261156871318,0.22122143703167915
2008-08-05,145055,36591,19216,84382,101970,083731,COFFEE C - ICE FUTURES U.S. ,140.1999969482422,0.12125056013236359,-17588,1.0752174980227454,17375,0.09136280579267461,0.008462479608482872,0.01781138566846453,0.027859261156871318,-0.01961483637560435,0.22218136794839924
2008-08-12,132765,33762,19774,79294,95076,083731,COFFEE C - ICE FUTURES U.S. ,137.4499969482422,0.11887169058110195,-15782,1.2450449829375063,13988,-2.3349763882665195,0.0687159488444113,0.06326583980872684,-0.01961483637560435,-0.009094216280490008,0.22281876349268925
2008-08-19,128667,32062,23080,81069,87641,083731,COFFEE C - ICE FUTURES U.S. ,136.1999969482422,0.05107758788189668,-6572,6.937069257710993,8982,-3.770572063420329,0.054590717799774764,0.09078379456675492,-0.009094216280490008,0.055066080528989314,0.2212449090470412
2008-08-26,126493,36063,22633,75729,92858,083731,COFFEE C - ICE FUTURES U.S. ,143.6999969482422,0.13541460792296808,-17129,-8.204901023572479,13430,3.4569858627309253,0.06262048675164751,0.07578029167234565,0.055066080528989314,-0.021920626049970915,0.22025172361821121
2008-09-02,127113,39861,20840,73560,95077,083731,COFFEE C - ICE FUTURES U.S. ,140.5500030517578,0.16927458245812782,-21517,-3.4689666621868405,19021,4.420007431241254,0.02602038698506259,0.09210721404919194,-0.021920626049970915,-0.03237284207017954,0.21999089593782006
2008-09-09,123156,35942,20932,75148,91614,083731,COFFEE C - ICE FUTURES U.S. ,136.0,0.1337003475267141,-16466,3.973629762494788,15010,-3.155460102428548,0.030288674877969803,0.07052431691106657,-0.03237284207017954,-0.04522054335650272,0.2192360511891798
2008-09-16,126229,33585,27906,79211,85321,083731,COFFEE C - ICE FUTURES U.S. ,129.85000610351562,0.04840409097750913,-6110,8.408847315599727,5679,-7.576569554061516,0.06294216322660637,0.15174578393586052,-0.04522054335650272,0.03889093227260165,0.21733139869073254
2008-09-23,123753,33343,30597,77314,80223,083731,COFFEE C - ICE FUTURES U.S. ,134.89999389648438,0.023506500852504587,-2909,2.535867352193236,2746,-2.323554809116764,0.044402267403847985,0.04587112918360963,0.03889093227260165,-0.03298737694278098,0.2149818645545976
2008-09-30,137031,32737,31146,89001,89860,083731,COFFEE C - ICE FUTURES U.S. ,130.4499969482422,0.006268654538024243,-859,1.6565254983717568,1591,-0.9333107076192093,0.11922107111108626,0.018079927367218196,-0.03298737694278098,-0.12456880322080344,0.2110975725373724
2008-10-07,138300,27789,36423,89075,79927,083731,COFFEE C - ICE FUTURES U.S. ,114.1999969482422,-0.06614605929139551,9148,7.302727120140698,-8634,-7.461815209697075,0.059212317013999836,0.15923814863265434,-0.12456880322080344,0.04159369638295862,0.205144161709693
2008-10-14,132198,25834,35452,87952,77754,083731,COFFEE C - ICE FUTURES U.S. ,118.9499969482422,-0.07714186296313107,10198,0.7592190889370932,-9618,-0.7114967462039046,0.01989064970489904,0.04774336716378945,0.04159369638295862,-0.039512375526056354,0.19864652605998237
2008-10-21,129213,26406,35598,85195,74985,083731,COFFEE C - ICE FUTURES U.S. ,114.25,-0.07901681719331646,10210,0.009077293151182319,-9192,0.3222439068669723,0.034498688974903234,0.011579898071092188,-0.039512375526056354,-0.05733044246615138,0.19200184021027422
2008-10-28,128577,27169,34795,81913,73487,083731,COFFEE C - ICE FUTURES U.S. ,107.6999969482422,-0.06553271580453736,8426,-1.3806660320555981,-7626,1.2119523577349027,0.03075933075933076,0.025272739009747594,-0.05733044246615138,0.08356546197791603,0.18503738608230333
2008-11-04,125623,27065,32819,81179,75589,083731,COFFEE C - ICE FUTURES U.S. ,116.6999969482422,-0.04449822086719789,5590,-2.2056821982158548,-5754,1.4559369094005927,0.018090426617677076,0.034733818716184625,0.08356546197791603,-0.03770346196697716,0.17857654583933763
2008-11-11,122993,26027,31654,82190,76263,083731,COFFEE C - ICE FUTURES U.S. ,112.3000030517578,-0.04818973437512704,5927,0.268262977321032,-5627,0.10109613685392006,0.010634068146390412,0.03819281912588201,-0.03770346196697716,-0.015138063503463917,0.1726668572376509
2008-11-18,111924,18360,27085,77446,67630,083731,COFFEE C - ICE FUTURES U.S. ,110.5999984741211,-0.0877023694649941,9816,3.161968567316839,-8725,-2.5188425357540676,0.09220684330971353,0.2692485421938607,-0.015138063503463917,0.017179037541519282,0.1663257303756721
2008-11-25,108048,18881,26667,73023,64611,083731,COFFEE C - ICE FUTURES U.S. ,112.5,-0.07785428698356286,8412,-1.2544226439369572,-7786,0.8389621528894606,0.05407094177310839,0.02061561429700536,0.017179037541519282,-0.020000000000000018,0.16015773907692107
2008-12-02,109380,18573,26840,73530,64352,083731,COFFEE C - ICE FUTURES U.S. ,110.25,-0.08390930700310843,9178,0.7089441729601659,-8267,-0.4451725159188509,0.005555474971352316,0.01059168079624777,-0.020000000000000018,-0.019954620845734294,0.15343825551694756
2008-12-09,114655,19029,30167,77513,64993,083731,COFFEE C - ICE FUTURES U.S. ,108.0500030517578,-0.10919715668745367,12520,3.0554031815688427,-11138,-2.6247942951179373,0.03244775658568762,0.07689649565005285,-0.019954620845734294,0.014345167779595824,0.14629716733831488
2008-12-16,119674,18273,28336,76989,66107,083731,COFFEE C - ICE FUTURES U.S. ,109.5999984741211,-0.09093036081354346,10882,-1.4286337272687628,-10063,0.937595394880293,0.011446860848661039,0.05550430174429831,0.014345167779595824,-0.01870433805569205,0.13905209385769485
2008-12-30,122856,19040,30699,78989,66958,083731,COFFEE C - ICE FUTURES U.S. ,107.5500030517578,-0.09792765514097805,12031,0.9601082941992414,-11659,-1.333623009174925,0.019534488547212344,0.06292848670057702,-0.01870433805569205,0.07949786313114893,0.13154446884553678
2009-01-06,127437,22457,29557,78073,70907,083731,COFFEE C - ICE FUTURES U.S. ,116.0999984741211,-0.05623170664720607,7166,-3.959920557400534,-7100,3.7108484730090514,0.032655389985232916,0.08764947898642673,0.07949786313114893,-0.011627893986768778,0.1246041091642178
2009-01-13,127162,26783,25680,70073,71427,083731,COFFEE C - ICE FUTURES U.S. ,114.75,0.010647835045060632,-1354,-6.685656442006639,1103,6.436906079082213,0.06021201413427562,0.15635781407849342,-0.011627893986768778,0.0013072028399032654,0.11942842251690106
2009-01-20,128222,27606,24448,69048,73762,083731,COFFEE C - ICE FUTURES U.S. ,114.9000015258789,0.0367643618099858,-4714,-2.6422987999559617,3158,1.6160488196159228,0.023527764162173517,0.03947823414146848,0.0013072028399032654,0.0609225405312408,0.1151118314736749
2009-01-27,134488,29767,21873,71509,81009,083731,COFFEE C - ICE FUTURES U.S. ,121.9000015258789,0.07063827255963358,-9500,-3.7325887913150626,7894,3.6935939230397277,0.06365150342910345,0.09171185127807902,0.0609225405312408,-0.021739142680128,0.11160122994301647
2009-02-03,137744,29790,20847,72931,82985,083731,COFFEE C - ICE FUTURES U.S. ,119.25,0.07299047508421419,-10054,-0.4119326631372316,8943,0.7799952412111117,0.021793786397803945,0.020716077176767975,-0.021739142680128,-0.02012579895915223,0.10825514103191665
2009-02-10,136959,29013,19379,73009,83339,083731,COFFEE C - ICE FUTURES U.S. ,116.8499984741211,0.0754240320095795,-10330,-0.2003717040306656,9634,0.5016552445115576,0.002763067004374856,0.0463919656141511,-0.02012579895915223,-0.05562687278459455,0.10409917905628929
2009-02-17,130901,28773,21778,72486,79829,083731,COFFEE C - ICE FUTURES U.S. ,110.3499984741211,0.05609582814493396,-7343,2.1809446622711905,6995,-1.926854022006586,0.02647802251912156,0.05220470416015509,-0.05562687278459455,0.007702750211822096,0.09893107021823239
2009-02-24,123023,29748,23463,65386,66425,083731,COFFEE C - ICE FUTURES U.S. ,111.1999969482422,0.00844557521764223,-1039,4.8158532020381815,6285,-0.5423946341128029,0.155556061330238,0.049989663791321345,0.007702750211822096,-0.0638489088936377,0.09304146602078253
2009-03-03,127510,28728,27997,69137,69186,083731,COFFEE C - ICE FUTURES U.S. ,104.0999984741211,0.00038428358560112935,-49,0.8047275712671614,731,-4.514602960422035,0.04707821548115643,0.09791097399735567,-0.0638489088936377,-0.002401537018870803,0.08687694286775988
2009-03-10,131281,29858,29368,72172,71907,083731,COFFEE C - ICE FUTURES U.S. ,103.8499984741211,-0.0020185708518368995,265,0.24625519567092777,490,-0.1890047839385146,0.03995030504098446,0.04222807550737852,-0.002401537018870803,0.05199808960251984,0.0806544599795296
2009-03-17,136670,28723,27642,77965,79499,083731,COFFEE C - ICE FUTURES U.S. ,109.25,0.011224116484963782,-1534,-1.3703430046998424,1081,0.45017938620211606,0.08500355636843977,0.05075844939235341,0.05199808960251984,0.06864988558352403,0.07538201672897946
2009-03-24,139628,29100,22542,77874,85498,083731,COFFEE C - ICE FUTURES U.S. ,116.75,0.05460222877932793,-7624,-4.455988878320041,6558,4.007463232604082,0.03727688955267733,0.10605708531815189,0.06864988558352403,-0.008565310492505307,0.07157883015004039
2009-03-31,142245,30464,21345,80064,90712,083731,COFFEE C - ICE FUTURES U.S. ,115.75,0.07485676122183557,-10648,-2.165754719683731,9119,1.8341593376686627,0.04335503817866679,0.04943156594414098,-0.008565310492505307,0.015118790496760237,0.06865573732970612
2009-04-07,142856,29740,18273,79749,92804,083731,COFFEE C - ICE FUTURES U.S. ,117.5,0.09138573108584869,-13055,-1.6921508664627931,11467,1.6506731343808219,0.013949337305059895,0.07906192072980235,0.015118790496760237,-0.017872327439328428,0.06652038467307396
2009-04-14,140059,28232,17379,81726,93307,083731,COFFEE C - ICE FUTURES U.S. ,115.4000015258789,0.0826865820832649,-11581,1.0318082544660359,10853,-0.42980343842750746,0.014168756748727383,0.0526627348665892,-0.017872327439328428,-0.027296373346862635,0.06425402743181205
2009-04-21,127578,29647,21861,71216,78379,083731,COFFEE C - ICE FUTURES U.S. ,112.25,0.05614604398877549,-7163,3.154384937776223,7786,-2.1897914450338787,0.17004579030047795,0.11448706996971345,-0.027296373346862635,0.03073493940527583,0.06181391882085177
2009-04-28,123772,29659,20219,68556,77498,083731,COFFEE C - ICE FUTURES U.S. ,115.6999969482422,0.07224574217108877,-8942,-1.3944410478295632,9440,1.2964617724059007,0.024244457529406932,0.03316091262680942,0.03073493940527583,0.06871222806680888,0.059421399406756024
2009-05-05,127805,31891,17425,67540,83250,083731,COFFEE C - ICE FUTURES U.S. ,123.6500015258789,0.12292163843355111,-15710,-5.468118799082183,14466,4.060692240571373,0.044883612971682474,0.10191418606537432,0.06871222806680888,0.03639298273412206,0.058085276916351875
2009-05-12,133300,33345,13053,68561,91214,083731,COFFEE C - ICE FUTURES U.S. ,128.14999389648438,0.16993998499624907,-22653,-5.43249481632174,20292,4.5585071006611635,0.05623533093412612,0.12556575714470453,0.03639298273412206,0.03238399807202241,0.05791059589369588
2009-05-19,137013,36975,12360,66279,93959,083731,COFFEE C - ICE FUTURES U.S. ,132.3000030517578,0.20202462540050944,-27680,-3.7711927981995497,24615,3.2430607651912977,0.03137208402501279,0.08762541806020067,0.03238399807202241,0.031368055939203776,0.058286853095597634
2009-05-26,141549,40792,12324,66992,97903,083731,COFFEE C - ICE FUTURES U.S. ,136.4499969482422,0.21837667521494322,-30911,-2.358170392590484,28468,2.812141913541051,0.02824221474271506,0.07253934784245801,0.031368055939203776,0.04067426292331122,0.058750325202342475
2009-06-02,144634,45428,11748,66722,103392,083731,COFFEE C - ICE FUTURES U.S. ,142.0,0.2535365128531327,-36670,-4.0685557651414,33680,3.6821171467124456,0.03385376864925873,0.09115712886525815,0.04067426292331122,-0.07640849368672975,0.06030905458096428
2009-06-09,136437,41657,9244,65398,100057,083731,COFFEE C - ICE FUTURES U.S. ,131.14999389648438,0.25402933221926605,-34659,1.3904061285728113,32413,-0.8760042590262317,0.028158713849687225,0.12327852105066699,-0.07640849368672975,-0.06671744397877566,0.06241947182968137
2009-06-16,126171,31488,9112,68889,93089,083731,COFFEE C - ICE FUTURES U.S. ,122.4000015258789,0.1918031877372772,-24200,7.665809128022458,22376,-7.356508864897352,0.06457049722801862,0.2537192118226601,-0.06671744397877566,-0.051062090866711096,0.06349360916385426
2009-06-23,112453,27132,10534,64190,80884,083731,COFFEE C - ICE FUTURES U.S. ,116.1500015258789,0.14845313153050607,-16694,5.949069120479349,16598,-4.579499251016478,0.11651984504459793,0.15340094514947167,-0.051062090866711096,0.009901003106079775,0.06322303991181724
2009-06-30,111402,27620,13872,63293,77651,083731,COFFEE C - ICE FUTURES U.S. ,117.3000030517578,0.12888458016911725,-14358,2.0773122993606217,13748,-2.534392146052128,0.029302417981609718,0.09221054661139497,0.009901003106079775,-0.028133017612128275,0.0617681130805248
2009-07-07,111378,27159,15413,62577,74271,083731,COFFEE C - ICE FUTURES U.S. ,114.0,0.10499380488067661,-11694,2.391339473259008,11746,-1.797095204753954,0.02993101835613235,0.04702621441322935,-0.028133017612128275,-0.009649109422114832,0.05964144443028149
2009-07-14,107649,23539,16963,63456,70434,083731,COFFEE C - ICE FUTURES U.S. ,112.9000015258789,0.06482178190229357,-6978,4.234229381026774,6576,-4.641850275637918,0.035222944207931886,0.1276480173818577,-0.009649109422114832,0.062444599885566054,0.057149968904766715
2009-07-21,107678,24224,17039,61933,70621,083731,COFFEE C - ICE FUTURES U.S. ,119.9499969482422,0.08068500529356043,-8688,-1.5884959451550873,7185,0.5657275032745311,0.012900402854685638,0.01844267261226765,0.062444599885566054,0.02375995144664622,0.05473094737671301
2009-07-28,105603,23964,15700,60118,69758,083731,COFFEE C - ICE FUTURES U.S. ,122.8000030517578,0.09128528545590561,-9640,-0.884117461319861,8264,1.00206170248333,0.020619667991006806,0.04031363453005244,0.02375995144664622,0.08306186233515889,0.05304681693818454
2009-08-04,103833,25737,11001,56609,73866,083731,COFFEE C - ICE FUTURES U.S. ,133.0,0.16619957046411063,-17257,-7.2128632709298035,14736,6.1286137704421275,0.05837899980839241,0.1761663672491698,0.08306186233515889,0.029323262379581827,0.053730092011666855
2009-08-11,106270,30695,9043,54707,78842,083731,COFFEE C - ICE FUTURES U.S. ,136.89999389648438,0.22711019102286628,-24135,-6.624098311712076,21652,6.660695539953579,0.05150169600670915,0.17403996174945896,0.029323262379581827,-0.08875087244833246,0.05576585414417652
2009-08-18,102590,28341,5405,56579,80903,083731,COFFEE C - ICE FUTURES U.S. ,124.75,0.23709913246905157,-24324,-0.17784887550578715,22936,1.2082431542297922,0.028607381329919555,0.17756178510045634,-0.08875087244833246,-0.03767532623841441,0.05803945879586787
2009-08-25,93025,23887,8090,52968,69314,083731,COFFEE C - ICE FUTURES U.S. ,120.0500030517578,0.17571620532115023,-16346,7.776586411930987,15797,-6.958767911102447,0.12430284097414174,0.22325421396628828,-0.03767532623841441,-0.0070804338351339036,0.06043635528508427
2009-09-01,94776,22962,12754,55463,65622,083731,COFFEE C - ICE FUTURES U.S. ,119.1999969482422,0.10718958386089306,-10159,6.650900295619457,10208,-6.0080623488309595,0.051096337283726305,0.15648448874454027,-0.0070804338351339036,0.031879221049039064,0.0598935663608136
2009-09-08,96145,23456,15586,56874,65321,083731,COFFEE C - ICE FUTURES U.S. ,123.0,0.08785688283322066,-8447,1.8063644804591878,7870,-2.4668692495990547,0.014010393223945334,0.08519030787357205,0.031879221049039064,0.08617891141069611,0.05832784136802693
2009-09-15,96285,26109,13200,56593,70736,083731,COFFEE C - ICE FUTURES U.S. ,133.60000610351562,0.14688684634159008,-14143,-5.924385043423995,12909,5.241042175880181,0.044734506671693014,0.1281894731486428,0.08617891141069611,0.033308358869342136,0.05858142788369762
2009-09-22,103574,29875,9174,57132,79461,083731,COFFEE C - ICE FUTURES U.S. ,138.0500030517578,0.21558499237260317,-22329,-8.501843485485798,20701,8.092641636807395,0.06782192352463157,0.19954416246254705,0.033308358869342136,-0.0909091110056155,0.06179644521821866
2009-09-29,98940,27335,7733,56408,77819,083731,COFFEE C - ICE FUTURES U.S. ,125.5,0.2164038811400849,-21411,0.8863228223299284,19602,-1.061077104292583,0.017626855997675578,0.11352229953233717,-0.0909091110056155,0.06454188130291327,0.06550601022374905
2009-10-06,101848,28283,8993,56382,78375,083731,COFFEE C - ICE FUTURES U.S. ,133.60000610351562,0.21593943916424477,-21993,-0.5882352941176471,19290,-0.31534263189812006,0.004318885104298849,0.059233823371606396,0.06454188130291327,0.03630232502361341,0.0695381406973302
2009-10-13,110478,35558,9272,54823,83178,083731,COFFEE C - ICE FUTURES U.S. ,138.4499969482422,0.2566574340592697,-28355,-6.246563506401697,26286,6.869059775351505,0.046101115209310074,0.1685032344412224,0.03630232502361341,0.024196505434145976,0.075745900184843
2009-10-20,122452,44265,10881,54858,91907,083731,COFFEE C - ICE FUTURES U.S. ,141.8000030517578,0.3025593702022017,-37049,-7.869440069516102,33384,6.424808559170152,0.05971450959016114,0.18706705835418708,0.024196505434145976,-0.038434392319814714,0.08304784697648401
2009-10-27,122873,43835,10317,56429,93017,083731,COFFEE C - ICE FUTURES U.S. ,136.35000610351562,0.29777086910875455,-36588,0.37647404697350795,33518,0.10943063404436024,0.017939590219878752,0.018355739400206825,-0.038434392319814714,0.03483681545561379,0.09029376402075462
2009-11-03,125359,43005,9084,57380,94395,083731,COFFEE C - ICE FUTURES U.S. ,141.10000610351562,0.29527197887666623,-37015,-0.34751328607586696,33921,0.3279809233924459,0.015345083182342283,0.039605290944345256,0.03483681545561379,-0.037916412984353,0.09723231584154698
2009-11-17,113767,31304,7393,64696,90648,083731,COFFEE C - ICE FUTURES U.S. ,135.75,0.2281153585837721,-25952,8.825054443637873,23911,-7.985066887897957,0.07121613966422907,0.34607333901852855,-0.037916412984353,0.0022099672321016506,0.10247488467714258
2009-11-24,107505,30221,7580,60121,84997,083731,COFFEE C - ICE FUTURES U.S. ,136.0500030517578,0.23139388865634156,-24876,0.9457927166928899,22641,-1.1163166823419797,0.0704667925412423,0.03359699478849766,0.0022099672321016506,0.047409017299238077,0.10785149281236313
2009-12-01,112189,35189,8669,58937,88574,083731,COFFEE C - ICE FUTURES U.S. ,142.5,0.26417028407419624,-29637,-4.428631226454584,26520,3.608204269568857,0.032275559110845974,0.13810479274020704,0.047409017299238077,0.00807013260690792,0.1146182746111937
2009-12-08,120127,40108,9079,59353,93694,083731,COFFEE C - ICE FUTURES U.S. ,143.64999389648438,0.2858724516553314,-34341,-4.192924440007487,31029,4.019110607991871,0.036171894908100126,0.10834163498485372,0.00807013260690792,0.024712866011786794,0.12161301958501859
2009-12-15,127695,45676,8875,60015,100820,083731,COFFEE C - ICE FUTURES U.S. ,147.1999969482422,0.3195504914053017,-40805,-5.380971804839878,36801,4.804914798504916,0.048422296142008894,0.10580924272698942,0.024712866011786794,-0.03226902240813345,0.1293718618621034
2009-12-22,130027,45380,9390,61614,101617,083731,COFFEE C - ICE FUTURES U.S. ,142.4499969482422,0.3076514877679251,-40003,0.6280590469478052,35990,-0.6351070911155487,0.014678584337533924,0.01480737630089465,-0.03226902240813345,-0.042821979469349736,0.13738818194778377
2009-12-29,124939,38824,8204,62853,96970,083731,COFFEE C - ICE FUTURES U.S. ,136.35000610351562,0.27306925779780533,-34117,4.526752136094811,30620,-4.1299114799234005,0.036828241241873824,0.16462532959088202,-0.042821979469349736,0.034103364050854124,0.14438817461338663
2010-01-05,127082,38275,10725,64035,95311,083731,COFFEE C - ICE FUTURES U.S. ,141.0,0.24610881163343354,-31276,2.273909667917944,27550,-2.457199113167226,0.017829126554792716,0.0626530612244898,0.034103364050854124,0.014893660308621381,0.15100426051289453
2010-01-12,129501,40747,9983,63478,98536,083731,COFFEE C - ICE FUTURES U.S. ,143.10000610351562,0.2707160562466699,-35058,-2.9760312239341524,30764,2.5290757148927465,0.023343661658868985,0.06335501675537157,0.014893660308621381,-0.015373949078938631,0.1572917174916229
2010-01-19,131971,41209,9283,64931,100241,083731,COFFEE C - ICE FUTURES U.S. ,140.89999389648438,0.26755878185358906,-35310,-0.19459309194523594,31926,0.8972903684141436,0.019119463347298575,0.023013546700467402,-0.015373949078938631,-0.018807622507288846,0.16223231262255616
2010-01-26,130012,38679,10802,66336,97504,083731,COFFEE C - ICE FUTURES U.S. ,138.25,0.23973171707227026,-31168,3.1385683218282807,27877,-3.0680982943222372,0.02528076171875,0.08182938905842646,-0.018807622507288846,-0.023146451705187587,0.1661355309929847
2010-02-02,128899,34984,14778,69496,91025,083731,COFFEE C - ICE FUTURES U.S. ,135.0500030517578,0.16702224222065337,-21529,7.4139310217518375,20206,-5.900224594652801,0.06004821799016951,0.15415377195450344,-0.023146451705187587,-0.03443175897960793,0.16798906887108125
2010-02-09,134866,35540,18898,72076,89699,083731,COFFEE C - ICE FUTURES U.S. ,130.39999389648438,0.13067044325478624,-17623,3.030279521175494,16642,-2.764955507800681,0.024144645340751045,0.08589588155332673,-0.03443175897960793,0.02338959504997362,0.16909829902820764
2010-02-16,125351,34359,18803,71110,86809,083731,COFFEE C - ICE FUTURES U.S. ,133.4499969482422,0.12524032516693126,-15699,1.426601218987736,15556,-0.8052437233995225,0.02441758116502764,0.024002106767992176,0.02338959504997362,-0.023229605961916033,0.170056304665849
2010-02-23,122879,32963,19216,67511,82178,083731,COFFEE C - ICE FUTURES U.S. ,130.35000610351562,0.11936132292743268,-14667,0.8232882067155427,13747,-1.4431476414228845,0.05498065990152917,0.03466911976082332,-0.023229605961916033,-0.0011508181683882457,0.17127294879628166
2010-03-02,121176,30318,20182,67479,78111,083731,COFFEE C - ICE FUTURES U.S. ,130.1999969482422,0.08774014656367597,-10632,3.2837181292165467,10136,-2.938663237819318,0.028154406209217667,0.0715049504950495,-0.0011508181683882457,0.00038404802557479023,0.17279784439909002
2010-03-09,125550,31094,20528,67607,79009,083731,COFFEE C - ICE FUTURES U.S. ,130.25,0.09081640780565511,-11402,-0.635439360929557,10566,0.35485574701260975,0.0069978719921427405,0.02173491922048739,0.00038404802557479023,0.0007678011786227401,0.17453692371101412
2010-03-16,122903,30449,20999,68459,78518,083731,COFFEE C - ICE FUTURES U.S. ,130.35000610351562,0.08184503226121413,-10059,1.0696933492632419,9450,-0.8888888888888888,0.009137484096151099,0.021691805317990982,0.0007678011786227401,0.03375522585699131,0.17614968530934208
2010-03-23,125387,31131,18006,67473,81385,083731,COFFEE C - ICE FUTURES U.S. ,134.75,0.11095249108759281,-13912,-3.134992636469411,13125,2.9901629740527085,0.025883728116728694,0.07479089077477258,0.03375522585699131,0.03116880852127779,0.17806753866708488
2010-03-30,129655,35097,14267,66778,89323,083731,COFFEE C - ICE FUTURES U.S. ,138.9499969482422,0.17388453974007945,-22545,-6.885083780615216,20830,6.144975156914194,0.05530393783511957,0.15608540636901386,0.03116880852127779,0.0017992083878426435,0.18036142926248394
2010-04-06,130970,35256,13439,67104,91173,083731,COFFEE C - ICE FUTURES U.S. ,139.1999969482422,0.18377491028479803,-24069,-1.175427094982839,21817,0.7612510123018781,0.013748049305963595,0.02026902146010884,0.0017992083878426435,-0.05028735742431634,0.18245600905215634
2010-04-13,132943,30960,15381,73936,92033,083731,COFFEE C - ICE FUTURES U.S. ,132.1999969482422,0.1361260088910285,-18097,4.5598228601969915,15579,-4.762922806749637,0.04634600437431086,0.13461081979240844,-0.05028735742431634,-0.02307112800427613,0.18331639900994826
2010-04-20,133901,31639,24129,75160,83494,083731,COFFEE C - ICE FUTURES U.S. ,129.14999389648438,0.06224001314403925,-8334,7.343748824684263,7510,-6.069518515453991,0.06153642517679983,0.1690395925979056,-0.02307112800427613,0.01277591353659635,0.18292319576111699
2010-04-27,138415,33782,30492,74547,79184,083731,COFFEE C - ICE FUTURES U.S. ,130.8000030517578,0.03350070440342449,-4637,2.760995063517076,3290,-3.1515821390430245,0.03202346956697088,0.13233967078445405,0.01277591353659635,0.05045864442461001,0.1824877084613987
2010-05-04,134962,34925,23833,69410,80773,083731,COFFEE C - ICE FUTURES U.S. ,137.39999389648438,0.0841940694417688,-11363,-4.85929993136582,11092,5.636672325976231,0.04478536185853259,0.13278191905783043,0.05045864442461001,-0.015647700087266014,0.18271748398583487
2010-05-11,136643,34078,22656,70295,81792,083731,COFFEE C - ICE FUTURES U.S. ,135.25,0.08413896064928317,-11497,-0.09928720676931284,11422,0.2445132704020391,0.012519150223227495,0.03567525645997109,-0.015647700087266014,0.007393715341959428,0.18197166325921435
2010-05-18,133675,35034,22248,70090,82591,083731,COFFEE C - ICE FUTURES U.S. ,136.25,0.09351786048251357,-12501,-0.7347613855082221,12786,0.9982216432601743,0.006575801835198879,0.023812017736810867,0.007393715341959428,-0.025688073394495414,0.18050200701856556
2010-05-25,138973,35868,26787,74207,82008,083731,COFFEE C - ICE FUTURES U.S. ,132.75,0.056133205730609544,-7801,3.515990274920516,9081,-2.7716476528894707,0.030086739429632237,0.08575532678956188,-0.025688073394495414,0.028625258393655928,0.1776964027941444
2010-06-01,137543,37516,22660,69774,83733,083731,COFFEE C - ICE FUTURES U.S. ,136.5500030517578,0.10148826185265698,-13959,-4.431076540047347,14856,4.1554834392292035,0.0401154344753008,0.09596849242222813,0.028625258393655928,-0.021969973877355997,0.17544854869102353
2010-06-08,139955,38222,26006,67867,80965,083731,COFFEE C - ICE FUTURES U.S. ,133.5500030517578,0.09358722446500661,-13098,0.6259860552699883,12216,-1.9193997513504868,0.03141125564394754,0.06308774989101326,-0.021969973877355997,0.19318609106851858,0.1723726008374057
2010-06-15,151217,46063,18349,65179,93971,083731,COFFEE C - ICE FUTURES U.S. ,159.35000610351562,0.1904018728053063,-28792,-11.213604372834125,27714,11.073559358365188,0.09861137291863022,0.2406073402471589,0.19318609106851858,-0.001568873488700051,0.1711489958486757
2010-06-22,161586,51591,16172,69525,107966,083731,COFFEE C - ICE FUTURES U.S. ,159.10000610351562,0.23789808523015607,-38441,-6.380896327793832,35419,5.0953265836513095,0.10333481697663544,0.11370511931289937,-0.001568873488700051,0.015084813352696402,0.17203543618507725
2010-06-29,165410,53040,15837,71572,112136,083731,COFFEE C - ICE FUTURES U.S. ,161.5,0.24523305725167766,-40564,-1.3138514475263947,37203,1.104056044459297,0.033841748862324994,0.02590124424699101,0.015084813352696402,-0.037151702786377694,0.17389658860279206
2010-07-06,165787,53011,14519,73547,115042,083731,COFFEE C - ICE FUTURES U.S. ,155.5,0.25029103608847497,-41495,-0.5628438425730005,38492,0.7792757390726075,0.025881679207164787,0.01994669035984007,-0.037151702786377694,0.04983922829581999,0.1762313281397028
2010-07-13,171872,54891,13677,74199,119020,083731,COFFEE C - ICE FUTURES U.S. ,163.25,0.26078127909141685,-44821,-2.006188663767364,41214,1.6418657675209756,0.023962446757306476,0.03969781822424454,0.04983922829581999,-0.04165392374736787,0.17922724110529395
2010-07-20,170879,55722,14011,73176,117712,083731,COFFEE C - ICE FUTURES U.S. ,156.4499969482422,0.2606288660397123,-44536,0.1658210761496928,41711,0.28916868367156956,0.012211349063325092,0.016706580815395868,-0.04165392374736787,0.0466602952646451,0.18299276195409048
2010-07-27,166376,55044,11910,70936,117035,083731,COFFEE C - ICE FUTURES U.S. ,163.75,0.27707722267634755,-46099,-0.9146823190678783,43134,0.8327530006612867,0.015518351235030935,0.0415061086716253,0.0466602952646451,0.017709886390744334,0.1867695353652979
2010-08-03,166182,56126,11767,70671,118400,083731,COFFEE C - ICE FUTURES U.S. ,166.64999389648438,0.2872092043662972,-47729,-0.9797086118190125,44359,0.7362840794345339,0.008621100010049135,0.018043097226518198,0.017709886390744334,0.018001800839329674,0.1905373030366516
2010-08-10,162731,54769,12153,69770,115083,083731,COFFEE C - ICE FUTURES U.S. ,169.64999389648438,0.278453398553441,-45313,1.45382773104187,42616,-1.0488500559627396,0.02281813116368141,0.02604524670511939,0.018001800839329674,0.03448279583838443,0.19269603049990794
2010-08-17,158710,57633,13128,69081,115832,083731,COFFEE C - ICE FUTURES U.S. ,175.5,0.29456871022619874,-46751,-0.8836669104227223,44505,1.1608114004092644,0.007776630090907616,0.05425304899591583,0.03448279583838443,-0.04928771450988245,0.19399330971535664
2010-08-24,144730,51146,11584,64785,104790,083731,COFFEE C - ICE FUTURES U.S. ,166.85000610351562,0.27641124853174875,-40005,4.2505198160166335,39562,-3.114485539663537,0.09044965354562878,0.12802486848397895,-0.04928771450988245,0.05963438168572255,0.1947493119473316
2010-08-31,140836,48674,10975,62944,102043,083731,COFFEE C - ICE FUTURES U.S. ,176.8000030517578,0.27762077877815333,-39099,0.6259932287708146,37699,-1.2872244869757479,0.027808251559213758,0.051652165166222404,0.05963438168572255,0.0786198736230519,0.1967090152830432
2010-09-07,147717,52205,11448,63501,105724,083731,COFFEE C - ICE FUTURES U.S. ,190.6999969482422,0.28583710744193286,-42223,-2.218182850975603,40757,2.171319832997245,0.025043581031171516,0.06290355521342278,0.0786198736230519,0.015731515721073785,0.20014454458267855
2010-09-14,146581,54049,11705,62749,106910,083731,COFFEE C - ICE FUTURES U.S. ,193.6999969482422,0.30127369850117003,-44161,-1.3119681553240317,42344,1.0743516318365522,0.011422913019645289,0.03195242874958178,0.015731515721073785,-0.055756340846219055,0.2042487141147545
2010-09-21,141606,52361,12092,61789,104151,083731,COFFEE C - ICE FUTURES U.S. ,182.8999938964844,0.2991539906501137,-42362,1.227307768401089,40269,-1.4155995661102052,0.022411715077738942,0.03219400183079143,-0.055756340846219055,0.033078202589672534,0.20717692842837998
2010-09-28,140907,51567,12396,62021,103311,083731,COFFEE C - ICE FUTURES U.S. ,188.9499969482422,0.29303015464100435,-41290,0.7570300693473441,39171,-0.7753908732680819,0.006483923257445625,0.01716617419445617,0.033078202589672534,-0.06324422937945628,0.20866625847200307
2010-10-05,132541,44483,12440,63451,96675,083731,COFFEE C - ICE FUTURES U.S. ,177.0,0.25066960412249795,-33224,5.724343006380095,32043,-5.058655709084715,0.05037283139527622,0.1252217908402579,-0.06324422937945628,0.04915252513131185,0.2093252146832033
2010-10-12,135111,45371,13244,64023,97648,083731,COFFEE C - ICE FUTURES U.S. ,185.6999969482422,0.2488694480834277,-33625,-0.30254789084132455,32127,0.06337661553783358,0.009556444878797064,0.028866331143905143,0.04915252513131185,0.028002138038222713,0.2099584840854953
2010-10-19,140137,48599,11726,65528,103964,083731,COFFEE C - ICE FUTURES U.S. ,190.8999938964844,0.27427445999272143,-38436,-3.5607759545854893,36873,3.5126673623909226,0.046143770797441766,0.07867384997927891,0.028002138038222713,0.056836073600919024,0.21029727304575402
2010-10-26,148371,53613,13295,66944,109861,083731,COFFEE C - ICE FUTURES U.S. ,201.75,0.2892546387097209,-42917,-3.1975852201773978,40318,2.4583086551017934,0.041361952433471905,0.09838883242661565,0.056836073600919024,-0.011648109558937247,0.21004141282474473
2010-11-02,148595,53680,12650,67624,111795,083731,COFFEE C - ICE FUTURES U.S. ,199.3999938964844,0.29725764662337223,-44171,-0.8451786400307337,41030,0.47987814330293654,0.014569248518830223,0.010734207749133123,-0.011648109558937247,0.08851559526343888,0.21003154316156433
2010-11-09,148813,53926,11780,70704,116365,083731,COFFEE C - ICE FUTURES U.S. ,217.0500030517578,0.3068347523401853,-45661,-1.0027255291227835,42146,0.7510346916114271,0.040894001678525034,0.01698475025111862,0.08851559526343888,-0.0886892408631279,0.21025390418970893
2010-11-16,133788,40889,7024,70728,106599,083731,COFFEE C - ICE FUTURES U.S. ,197.8000030517578,0.2681182168804377,-35871,6.578726320953142,33865,-5.56470200856108,0.05520873865795959,0.37136059107131675,-0.0886892408631279,0.06344794164878675,0.2110231899261832
2010-11-23,130796,42036,7206,68103,105152,083731,COFFEE C - ICE FUTURES U.S. ,210.3500061035156,0.2832578977950396,-37049,-0.8804975035130206,34830,0.7212903997368971,0.023502929208392254,0.026989155598879006,0.06344794164878675,-0.044687467946388115,0.2120205747173121
2010-11-30,127596,40730,7552,66994,102208,083731,COFFEE C - ICE FUTURES U.S. ,200.9499969482422,0.27598043825825264,-35214,1.4029481023884522,33178,-1.2630355668369062,0.023953617569532275,0.03421564972453502,-0.044687467946388115,0.03309285521903349,0.21224769306700544
2010-12-07,131104,43321,6458,66075,105793,083731,COFFEE C - ICE FUTURES U.S. ,207.6000061035156,0.3029503295093971,-39718,-3.5298912191604757,36863,2.888021568074234,0.026206158214443644,0.07402720022499447,0.03309285521903349,0.042148360995890366,0.21257611379496827
2010-12-14,133138,44374,6387,66770,107936,083731,COFFEE C - ICE FUTURES U.S. ,216.3500061035156,0.30919797503342394,-41166,-1.1044666829387357,37987,0.8573346350988529,0.016244433505431984,0.02214298378676543,0.042148360995890366,0.08088744860782149,0.2123770269416629
2010-12-21,137925,44842,6728,68887,110408,083731,COFFEE C - ICE FUTURES U.S. ,233.8500061035156,0.3010404205183977,-41521,-0.26664062852078296,38114,0.09538974597785757,0.02559469031484425,0.015687415163854954,0.08088744860782149,0.023305524079523465,0.21224989103301814
2010-12-28,139628,44925,6989,70155,111655,083731,COFFEE C - ICE FUTURES U.S. ,239.3000030517578,0.2972183229724697,-41500,0.015225666122892877,37936,-0.12905564618452056,0.013833122490512073,0.006626343568208961,0.023305524079523465,-0.01817804449661775,0.21271429613253096
2011-01-04,140740,44781,7245,70285,110943,083731,COFFEE C - ICE FUTURES U.S. ,234.9499969482422,0.28888730993321016,-40658,0.6030309107055891,37536,-0.28647549202165756,0.0046460811795086855,0.007688463460577404,-0.01817804449661775,-0.0010640561959873729,0.2135369595613728
2011-01-11,138452,47061,7464,65911,108679,083731,COFFEE C - ICE FUTURES U.S. ,234.6999969482422,0.30890127986594634,-42768,-1.4992184169390366,39597,1.4644024442233905,0.038020505183572945,0.045832187070151305,-0.0010640561959873729,0.0027695320141685187,0.21427129078482043
2011-01-18,138410,49321,6897,65630,111329,083731,COFFEE C - ICE FUTURES U.S. ,235.3500061035156,0.3301712304024276,-45699,-2.1169791696761333,42424,2.0418628838875565,0.016563158697777452,0.05028638514354833,0.0027695320141685187,-0.017420888027138037,0.21547537633383657
2011-01-25,136873,45527,6736,67542,108933,083731,COFFEE C - ICE FUTURES U.S. ,231.25,0.3024044186947024,-41391,3.1124918719745684,38791,-2.624810346073261,0.02441138971525712,0.07567495168666169,-0.017420888027138037,0.07848646009290561,0.21668062059580637
2011-02-01,142532,49875,9011,67284,112207,083731,COFFEE C - ICE FUTURES U.S. ,249.3999938964844,0.31517834591530325,-44923,-2.5804943268577443,40864,1.51454267824918,0.019677866856834047,0.11247155520836871,0.07848646009290561,-0.0072172728028049304,0.21952977643608812
2011-02-08,146637,50685,11355,71251,114797,083731,COFFEE C - ICE FUTURES U.S. ,247.6000061035156,0.2969646132967805,-43546,0.9660988409620297,39330,-1.0762495439620576,0.03524359305125559,0.050838168923275306,-0.0072172728028049304,0.04220509463591959,0.222727741244588
2011-02-15,128663,44458,6496,65348,106972,083731,COFFEE C - ICE FUTURES U.S. ,258.04998779296875,0.3235118099220444,-41624,1.3107196682965419,37962,-0.9329159761860921,0.07966573816155989,0.21756878753385406,0.04220509463591959,0.060259713412668336,0.22654065441295554
2011-02-22,126328,44364,7625,63604,104089,083731,COFFEE C - ICE FUTURES U.S. ,273.6000061035156,0.32047527072383003,-40485,0.8852583881924097,36739,-0.9505452227913231,0.027592087922572797,0.023524207043797728,0.060259713412668336,-0.015716440842914237,0.23040823033211708
2011-03-01,121382,41163,9907,61283,96244,083731,COFFEE C - ICE FUTURES U.S. ,269.29998779296875,0.28802458354616006,-34961,4.372743968083085,31256,-4.340288772085365,0.064534968608556,0.10736244370471901,-0.015716440842914237,0.06628298148026013,0.23425985412024172
2011-03-08,128569,44702,10568,63107,101729,083731,COFFEE C - ICE FUTURES U.S. ,287.1499938964844,0.30039900753680904,-38622,-3.0160979387388576,34134,2.3710270056515794,0.044341042005387174,0.07599059164103492,0.06628298148026013,-0.0860176988140815,0.23829028873045624
2011-03-15,122449,36663,9153,65281,95667,083731,COFFEE C - ICE FUTURES U.S. ,262.45001220703125,0.248152291974618,-30386,6.40589877808803,27510,-5.152097317393773,0.05117180704326863,0.20634712764099877,-0.0860176988140815,0.04191274333537742,0.2414885052634063
2011-03-22,121437,37038,9648,64069,94787,083731,COFFEE C - ICE FUTURES U.S. ,273.45001220703125,0.25295420670800495,-30718,-0.271133288144452,27390,-0.09799998366666939,0.013169159490356045,0.01863513687186737,0.04191274333537742,-0.04388370621433613,0.24421930748687581
2011-03-29,121346,34188,10252,64982,91658,083731,COFFEE C - ICE FUTURES U.S. ,261.45001220703125,0.21983419313368385,-26676,3.328474847040029,23936,-2.8442731622157993,0.025804392236976507,0.07772277227722772,-0.04388370621433613,0.02600874918905771,0.24510295466752205
2011-04-05,124409,36455,10440,65051,93571,083731,COFFEE C - ICE FUTURES U.S. ,268.25,0.22924386499369018,-28520,-1.5196215779671352,26015,1.7132826792807345,0.01249511417079598,0.052350996907985926,0.02600874918905771,0.02068960966623945,0.24597735764269302
2011-04-12,121875,36667,7154,67970,99938,083731,COFFEE C - ICE FUTURES U.S. ,273.79998779296875,0.2623015384615385,-31968,-2.7715036693486805,29513,2.8116936877557093,0.055304095099697456,0.07982474156226467,0.02068960966623945,0.06355012852381625,0.2484038101344336
2011-04-19,116648,41405,6922,60110,98268,083731,COFFEE C - ICE FUTURES U.S. ,291.20001220703125,0.32712091077429534,-38158,-5.078974358974359,34483,4.0779487179487175,0.060172498705628304,0.10284106193225319,0.06355012852381625,0.012877746712915306,0.25349767355040004
2011-04-26,116698,42612,8488,58930,97428,083731,COFFEE C - ICE FUTURES U.S. ,294.95001220703125,0.32989425697098496,-38498,-0.2914752074617653,34124,-0.30776352787874633,0.012919070338581973,0.05426614481409002,0.012877746712915306,0.0337344678001541,0.2591975495613147
2011-05-03,120301,44725,11092,59099,97270,083731,COFFEE C - ICE FUTURES U.S. ,304.8999938964844,0.3172957830774474,-38171,0.28021045776277226,33633,-0.4207441430015939,0.0020912073364925273,0.08450830392174427,0.0337344678001541,-0.07609046295136912,0.2636802748235393
2011-05-10,115685,39941,11178,58658,90316,083731,COFFEE C - ICE FUTURES U.S. ,281.70001220703125,0.2736569131693824,-31658,5.413920083789827,28763,-4.048179150630501,0.049639534415401344,0.09526790430172734,-0.07609046295136912,-0.05892795663535755,0.2673248508335412
2011-05-17,110725,32450,10926,60764,84466,083731,COFFEE C - ICE FUTURES U.S. ,265.1000061035156,0.21406186498080831,-23702,6.877296105804555,21524,-6.25750961663137,0.054782069820285065,0.17850885282183696,-0.05892795663535755,-0.014711406287035378,0.26964300476620073
2011-05-24,112608,29337,11486,62806,81719,083731,COFFEE C - ICE FUTURES U.S. ,261.20001220703125,0.167954319408923,-18913,4.325129826145857,17851,-3.317227365093701,0.03313613561667532,0.08997378928545183,-0.014711406287035378,0.013016821353704522,0.27179341079847597
2011-05-31,112192,29468,10758,60410,80844,083731,COFFEE C - ICE FUTURES U.S. ,264.6000061035156,0.1821341985168283,-20434,-1.3507033248081841,18710,0.762823245240125,0.023156866354227135,0.02135434793417193,0.013016821353704522,-0.0060468861171896204,0.27334429419586387
2011-06-07,112646,28083,12499,63399,79817,083731,COFFEE C - ICE FUTURES U.S. ,263.0,0.14574862844663813,-16418,3.579577866514547,15584,-2.7862949229891614,0.028041559602279074,0.07702922477945888,-0.0060468861171896204,0.023764258555132978,0.27434739811858755
2011-06-14,107353,28688,10992,61942,81307,083731,COFFEE C - ICE FUTURES U.S. ,269.25,0.1803862025281082,-19365,-2.616160360776237,17696,1.8749001296095733,0.020572569442020537,0.0532258064516129,0.023764258555132978,-0.09563602599814303,0.2741547890747953
2011-06-21,107398,24491,14370,66820,76248,083731,COFFEE C - ICE FUTURES U.S. ,243.5,0.08778561984394495,-9428,9.25637848965562,10121,-7.056160517172319,0.06945648223222524,0.19492550371838088,-0.09563602599814303,0.0591375519362809,0.2712680108942912
2011-06-28,106103,25139,16328,66146,74479,083731,COFFEE C - ICE FUTURES U.S. ,257.8999938964844,0.0785368933960397,-8333,1.0195720590700013,8811,-1.21976200674128,0.017372444444444444,0.06284515397786192,0.0591375519362809,0.04284613637866985,0.26806231543552894
2011-07-05,107245,26523,15804,66155,77431,083731,COFFEE C - ICE FUTURES U.S. ,268.95001220703125,0.10514243088255863,-11276,-2.7737198759695767,10719,1.798252641301377,0.020621787639463457,0.04507761003614714,0.04284613637866985,-0.04554749746793185,0.26527099610464594
2011-07-12,108202,26946,15603,65652,78004,083731,COFFEE C - ICE FUTURES U.S. ,256.70001220703125,0.11415685477163084,-12352,-1.0033101776306588,11343,0.5818453074735419,0.007490115275380075,0.01466544454628781,-0.04554749746793185,-0.050058455365993515,0.26245129563695774
2011-07-19,108597,26608,17811,65874,76125,083731,COFFEE C - ICE FUTURES U.S. ,243.8500061035156,0.09439487278654106,-10251,1.9417386000258774,8797,-2.3530064139295024,0.014795878844217214,0.057317814448771924,-0.050058455365993515,0.004510932200918694,0.25925448807439677
2011-07-26,107293,26674,19893,61776,68993,083731,COFFEE C - ICE FUTURES U.S. ,244.9499969482422,0.06726440681125516,-7217,2.7938156670994596,6781,-1.8564048730627918,0.08587662213521553,0.04612708570446883,0.004510932200918694,-0.0071443152553692935,0.25521962623083727
2011-08-02,111530,27030,20979,63992,70059,083731,COFFEE C - ICE FUTURES U.S. ,243.1999969482422,0.05439791984219493,-6067,1.071831340348392,6051,-0.6803798943081095,0.02448321907333776,0.03003603491012102,-0.0071443152553692935,-0.03474505367712033,0.2507424861438353
2011-08-09,109031,29243,21646,62450,69255,083731,COFFEE C - ICE FUTURES U.S. ,234.75,0.062413442048591686,-6805,-0.661705370752264,7597,1.3861741235542007,0.017812535590903913,0.0565937628957142,-0.03474505367712033,0.07156550820770091,0.24658787159566517
2011-08-16,107446,28361,21318,61663,69589,083731,COFFEE C - ICE FUTURES U.S. ,251.5500030517578,0.07376728775384844,-7926,-1.0281479579202244,7043,-0.5081123717107979,0.008540822235089751,0.024356367881801164,0.07156550820770091,0.06877361495478995,0.24234169039427378
2011-08-23,102412,29633,17510,55206,69162,083731,COFFEE C - ICE FUTURES U.S. ,268.8500061035156,0.13627309299691442,-13956,-5.612121437745472,12123,4.727956368780597,0.055351858999099446,0.1077572492204569,0.06877361495478995,0.06918358073740949,0.23964672586475771
2011-08-30,106243,34595,14627,52007,74741,083731,COFFEE C - ICE FUTURES U.S. ,287.45001220703125,0.21398115640559848,-22734,-8.571261180330431,19968,7.660235128695855,0.06925553065926089,0.1593799520539596,0.06918358073740949,-0.017568335696954818,0.23842288697297784
2011-09-06,113221,39345,14607,52151,79208,083731,COFFEE C - ICE FUTURES U.S. ,282.3999938964844,0.23897510179207038,-27057,-4.068973955931214,24738,4.489707557203769,0.03510227696617666,0.08841192170818506,-0.017568335696954818,-0.03381723795811897,0.23752169455663436
2011-09-13,114618,36880,12856,56353,82725,083731,COFFEE C - ICE FUTURES U.S. ,272.8500061035156,0.23008602488265367,-26372,0.6050114378074739,24024,-0.6306250607219508,0.05550122952587756,0.08476757278430111,-0.03381723795811897,-0.04911120981027428,0.23615270083320136
2011-09-20,114007,34023,11768,57748,81716,083731,COFFEE C - ICE FUTURES U.S. ,259.45001220703125,0.21023270500934152,-23968,2.097401804254131,22255,-1.543387600551397,0.017237423277691732,0.08615230067043743,-0.04911120981027428,-0.07169013385389078,0.23444267610934036
2011-09-27,115239,28793,14755,63418,77379,083731,COFFEE C - ICE FUTURES U.S. ,240.8500061035156,0.1211482223899895,-13961,8.777531204224303,14038,-7.207452173989316,0.07107395754170899,0.1886883438963902,-0.07169013385389078,-0.05937306493408079,0.23113725433528237
2011-10-04,117030,30983,19108,65117,76268,083731,COFFEE C - ICE FUTURES U.S. ,226.5500030517578,0.095283260702384,-11151,2.438410607520024,11875,-1.876968734542993,0.0198748099161863,0.13062226747319877,-0.05937306493408079,-0.013904255629401896,0.22814905542335712
2011-10-11,117657,30365,21351,65023,73072,083731,COFFEE C - ICE FUTURES U.S. ,223.3999938964844,0.06841071929421964,-8049,2.6506024096385543,9014,-2.4446723062462614,0.023824179007205185,0.055321370562301804,-0.013904255629401896,0.036257861794163126,0.22467869525433384
2011-10-18,120745,26769,16779,70255,79043,083731,COFFEE C - ICE FUTURES U.S. ,231.5,0.0727814816348503,-8788,-0.6280969258097691,9990,0.8295299047230509,0.07503784377553617,0.18756314870947002,0.036257861794163126,0.021814268042150475,0.22080383028591324
2011-10-25,122607,29129,15149,70197,84044,083731,COFFEE C - ICE FUTURES U.S. ,236.5500030517578,0.11293808673240517,-13847,-4.189821524700816,13980,3.304484657749803,0.03279932054382428,0.09011247120466145,0.021814268042150475,-0.05453396317416592,0.2174131273632726
2011-11-01,122541,27723,17450,71504,81069,083731,COFFEE C - ICE FUTURES U.S. ,223.6499938964844,0.07805550795244041,-9565,3.492459647491579,10273,-3.0234815304183282,0.028065254009556083,0.0820622938480951,-0.05453396317416592,0.026604124164586906,0.21319770161960078
2011-11-08,114896,23724,16047,68899,74987,083731,COFFEE C - ICE FUTURES U.S. ,229.6000061035156,0.05298704915749895,-6088,2.8374176806130196,7677,-2.118474632979982,0.060374185118774584,0.13582761308491112,0.026604124164586906,0.04311843916947011,0.20831601501993374
2011-11-15,104414,23112,16662,65471,70126,083731,COFFEE C - ICE FUTURES U.S. ,239.5,0.044582144156913826,-4655,1.2472148725804206,6450,-1.0679222949449938,0.061129671010420585,0.030849298536732538,0.04311843916947011,-0.027557436757893905,0.20401724439063523
2011-11-22,97495,22787,14421,60892,67892,083731,COFFEE C - ICE FUTURES U.S. ,232.8999938964844,0.07179855377198831,-7000,-2.2458674124159597,8366,1.8350029689505238,0.05290253447633246,0.06896366372823048,-0.027557436757893905,-0.032846689982673594,0.19995071854403806
2011-11-29,99583,24739,15322,60058,67840,083731,COFFEE C - ICE FUTURES U.S. ,225.25,0.07814586827068877,-7782,-0.8020924149956409,9417,1.0780040002051388,0.006927395268104271,0.07121639499762862,-0.032846689982673594,0.03374031566488611,0.19614620758273876
2011-12-06,100602,27104,16082,56182,66235,083731,COFFEE C - ICE FUTURES U.S. ,232.8500061035156,0.09992843084630525,-10053,-2.2805097255555666,11022,1.6117208760531416,0.04477319326564121,0.07236141342101607,0.03374031566488611,-0.06098351657641121,0.19224194030075623
2011-12-13,103082,24271,20445,60681,62817,083731,COFFEE C - ICE FUTURES U.S. ,218.6499938964844,0.020721367455035798,-2136,7.869624858352717,3826,-7.1529393053816035,0.06410630131662051,0.16092673763306198,-0.06098351657641121,0.018980147592586594,0.18669431323194108
2011-12-20,103143,23427,22152,62195,61042,083731,COFFEE C - ICE FUTURES U.S. ,222.8000030517578,-0.011178654877209312,1153,3.1906637434275624,1275,-2.4747288566384045,0.026688413382344588,0.05596875754185041,0.018980147592586594,0.0002244302112786034,0.18069010024356402
2011-12-27,104103,24039,22458,61988,61803,083731,COFFEE C - ICE FUTURES U.S. ,222.8500061035156,-0.0017770861550579714,185,-0.9385028552592033,1581,0.2966754893691283,0.007819631475632315,0.01974320923930576,0.0002244302112786034,0.019519814788364842,0.17494018852957313
2012-01-03,105415,24915,20510,60889,63301,083731,COFFEE C - ICE FUTURES U.S. ,227.1999969482422,0.02288099416591567,-2412,-2.494644726857055,4405,2.7126980010182224,0.02091150656252516,0.062168409466153,0.019519814788364842,-0.00550176063728014,0.16982468245712512
2012-01-10,111501,28714,23404,62025,65565,083731,COFFEE C - ICE FUTURES U.S. ,225.9499969482422,0.03174859418301181,-3540,-1.0700564435801356,5310,0.8585115970212968,0.02664785641507955,0.12842012356575463,-0.00550176063728014,-0.00354061988299581,0.1644948231170687
2012-01-17,112656,30116,19722,60685,69643,083731,COFFEE C - ICE FUTURES U.S. ,225.1499938964844,0.07951640391989774,-8958,-4.859149245298249,10394,4.559600362328589,0.04157203363820514,0.10201051406557246,-0.00354061988299581,-0.020874959252288994,0.15967453799240466
2012-01-24,116252,30647,21778,63567,71093,083731,COFFEE C - ICE FUTURES U.S. ,220.4499969482422,0.06473867116264666,-7526,1.2711262604743645,8869,-1.353678454764948,0.03216990940145552,0.04934668574153553,-0.020874959252288994,-0.024495323072071584,0.15510404284755747
2012-01-31,124356,33055,24414,65470,72602,083731,COFFEE C - ICE FUTURES U.S. ,215.0500030517578,0.05735147479816012,-7132,0.3389189003199945,8641,-0.1961256580531948,0.024711744597021842,0.08776905810088917,-0.024495323072071584,0.027435451349723472,0.1501458337876124
2012-02-07,136418,37328,26881,69632,79201,083731,COFFEE C - ICE FUTURES U.S. ,220.9499969482422,0.07014470231201161,-9569,-1.9596963556241755,10447,1.4522821576763485,0.0723025135554615,0.10496970829634475,0.027435451349723472,-0.07580900760964349,0.14578391242252067
2012-02-14,130330,32984,29770,73294,75202,083731,COFFEE C - ICE FUTURES U.S. ,204.1999969482422,0.014639760607688176,-1908,5.615827823307774,3214,-5.302086234954332,0.05159061523542722,0.11525958504637154,-0.07580900760964349,0.0022037069293212586,0.1398440653203215
2012-02-21,129976,34016,32656,71633,72408,083731,COFFEE C - ICE FUTURES U.S. ,204.6499938964844,0.005962639256478119,-775,0.8693316964628252,1360,-1.4225427760300775,0.030928693913538505,0.058765298776097916,0.0022037069293212586,0.00732958731852551,0.1337957454844109
2012-02-28,133823,36666,35076,70922,71911,083731,COFFEE C - ICE FUTURES U.S. ,206.1499938964844,0.007390358906914357,-989,-0.16464578075952482,1590,0.17695574567612482,0.008457429305552638,0.07066990047670821,0.00732958731852551,-0.06403103244752184,0.12839893347211773
2012-03-06,139102,37674,36219,73308,73282,083731,COFFEE C - ICE FUTURES U.S. ,192.9499969482422,-0.00018691320038532875,26,0.7584645389805937,1455,-0.10087951996293612,0.02562930622825568,0.029109658560350776,-0.06403103244752184,-0.039388395775747265,0.12261843499640243
2012-03-13,147387,37348,38479,78332,76284,083731,COFFEE C - ICE FUTURES U.S. ,185.3500061035156,-0.013895391045343212,2048,1.4536095814582106,-1131,-1.8590674469094621,0.051909246132353704,0.034103947142838306,-0.039388395775747265,-0.012139195715717421,0.11757905647678779
2012-03-20,155555,40018,41475,82234,79214,083731,COFFEE C - ICE FUTURES U.S. ,183.1000061035156,-0.01941435505126804,3020,0.6594882859410939,-1457,-0.22118640042880308,0.04231703087062088,0.06952744407495122,-0.012139195715717421,0.02321135913888095,0.11234119951987871
2012-03-27,154900,40041,40991,83502,81186,083731,COFFEE C - ICE FUTURES U.S. ,187.3500061035156,-0.014951581665590704,2316,-0.4525730449037318,-950,0.3259297354633409,0.019673564558437773,0.0062567874419982225,0.02321135913888095,-0.010675206484353938,0.1078260884660465
2012-04-03,157812,40807,39725,84436,84290,083731,COFFEE C - ICE FUTURES U.S. ,185.3500061035156,-0.0009251514460243835,146,-1.4009038089089736,1082,1.3118140735958683,0.023932292592724298,0.025232205831222373,-0.010675206484353938,-0.0388454921496475,0.10339976122682124
2012-04-10,158097,42601,41105,85747,86304,083731,COFFEE C - ICE FUTURES U.S. ,178.14999389648438,0.0035231535070241685,-557,-0.4454667579144805,1496,0.2623374648315717,0.01932566506442857,0.03791842878646692,-0.0388454921496475,-0.02862751063404445,0.0984232538238498
2012-04-17,145225,36822,43194,83465,76526,083731,COFFEE C - ICE FUTURES U.S. ,173.0500030517578,-0.047781029437080395,6939,4.741392942307571,-6372,-4.976691524823368,0.07537924008225462,0.09833033393321336,-0.02862751063404445,0.05460847605657526,0.09121360112747719
2012-04-24,146367,38133,42665,83510,78469,083731,COFFEE C - ICE FUTURES U.S. ,182.5,-0.03444082340964835,5041,-1.3069375107591668,-4532,1.2669994835599931,0.012273195908111545,0.02277284091190376,0.05460847605657526,0.0019178416630991624,0.08420715727400345
2012-05-01,144219,38524,42703,81474,77017,083731,COFFEE C - ICE FUTURES U.S. ,182.8500061035156,-0.03090438846476539,4457,-0.39899704168289296,-4179,0.24117458170215966,0.022007558788827125,0.005281495069373484,0.0019178416630991624,-0.04211108531586305,0.07751100012896092
2012-05-08,146714,39191,44365,83163,77062,083731,COFFEE C - ICE FUTURES U.S. ,175.14999389648438,-0.04158430688277874,6101,1.1399330185343124,-5174,-0.6899229643805601,0.010822281167108753,0.027873521949351332,-0.04211108531586305,0.010847897353604141,0.07144866897411166
2012-05-15,145889,38954,41984,82330,78755,083731,COFFEE C - ICE FUTURES U.S. ,177.0500030517578,-0.024504931831735088,3575,-1.7217170822143764,-3030,1.4613465654266122,0.015681162119377968,0.032345746126664854,0.010847897353604141,-0.014402728087004713,0.06686084595848583
2012-05-22,149445,39576,41048,82584,79937,083731,COFFEE C - ICE FUTURES U.S. ,174.5,-0.01771220181337616,2647,-0.6361000486671373,-1472,1.067935211016595,0.008835781222118987,0.019324270688628697,-0.014402728087004713,-0.05214903211183741,0.06329033593498007
2012-05-29,150688,37715,42750,83395,76673,083731,COFFEE C - ICE FUTURES U.S. ,165.39999389648438,-0.04460872796772138,6722,2.7267556626183542,-5035,-2.384154705744588,0.025457930379588673,0.044280121792083516,-0.05214903211183741,-0.055622716370836156,0.058929895041046426
2012-06-05,159364,37632,43478,86005,78984,083731,COFFEE C - ICE FUTURES U.S. ,156.1999969482422,-0.04405637408699581,7021,0.19842323210872798,-5846,-0.5381981312380548,0.029826230839631734,0.009998767106398718,-0.055622716370836156,-0.012804097561299632,0.05527979883847654
2012-06-12,151728,34339,43279,88148,78181,083731,COFFEE C - ICE FUTURES U.S. ,154.1999969482422,-0.06568991880206686,9967,1.8485981777565823,-8940,-1.9414673326472727,0.01771188427754631,0.04498956427632766,-0.012804097561299632,0.015564262015381303,0.05054756573597318
2012-06-19,142573,34185,43701,82350,71934,083731,COFFEE C - ICE FUTURES U.S. ,156.60000610351562,-0.07305731099156222,10416,0.2959242855636402,-9516,-0.37962670041126223,0.07807031189235436,0.007395424081349665,0.015564262015381303,0.05619404501907743,0.04745443245067496
2012-06-26,139446,34670,43505,80449,70720,083731,COFFEE C - ICE FUTURES U.S. ,165.39999389648438,-0.06976894281657416,9729,-0.4818584163902001,-8835,0.4776500459413774,0.020606076642697906,0.008711224816117684,0.05619404501907743,0.08887553052892638,0.04460239713889392
2012-07-03,137944,33517,39748,79885,72353,083731,COFFEE C - ICE FUTURES U.S. ,180.10000610351562,-0.0546018674244621,7532,-1.575520273080619,-6231,1.867389527128781,0.01443135091107345,0.06701699310721354,0.08887553052892638,0.02026648402436182,0.04153039140222045
2012-07-10,139115,33805,35501,79921,76746,083731,COFFEE C - ICE FUTURES U.S. ,183.75,-0.022822844409301657,3175,-3.1585280983587545,-1696,3.2875659687989325,0.02827015261669656,0.06543445011975875,0.02026648402436182,-0.01632653061224487,0.03889616641797174
2012-07-17,139757,34561,34347,78452,77497,083731,COFFEE C - ICE FUTURES U.S. ,180.75,-0.006833289209127271,955,-1.595802034288179,214,1.3729648132839736,0.014235423119096627,0.027718116909502526,-0.01632653061224487,-0.029322285210278354,0.036949470994978126
2012-07-24,135078,33069,32653,77174,76622,083731,COFFEE C - ICE FUTURES U.S. ,175.4499969482422,-0.004086527783947053,552,-0.28835764934851205,416,0.14453658850719464,0.013999063694764493,0.04847691792702596,-0.029322285210278354,-0.005984628498269862,0.03557733763737809
2012-07-31,136278,31782,31985,78001,76461,083731,COFFEE C - ICE FUTURES U.S. ,174.39999389648438,-0.011300430003375453,1540,0.7314292482861754,-203,-0.458253749685367,0.006396395229894732,0.030658491069048253,-0.005984628498269862,-0.010034404020901055,0.034313907832655574
2012-08-07,138521,32429,33579,76924,74396,083731,COFFEE C - ICE FUTURES U.S. ,172.64999389648438,-0.018249940442243415,2528,0.724988626190581,-1150,-0.694903065791984,0.020763943959820248,0.03395043025087868,-0.010034404020901055,-0.05560377170057951,0.032762688938601056
2012-08-14,137525,30956,38017,80801,71847,083731,COFFEE C - ICE FUTURES U.S. ,163.0500030517578,-0.06510816215233593,8954,4.639007803870894,-7061,-4.267223020336266,0.042096850269901995,0.08570020152813419,-0.05560377170057951,-0.014719467098148975,0.030092007209635972
2012-08-21,135950,32205,45504,79736,65593,083731,COFFEE C - ICE FUTURES U.S. ,160.64999389648438,-0.10403089371092314,14143,3.773132157789493,-13299,-4.535902563170333,0.05036159335026044,0.11241941087904876,-0.014719467098148975,0.0441954956318924,0.025470776696023708
2012-08-28,136235,32945,47687,79814,64532,083731,COFFEE C - ICE FUTURES U.S. ,167.75,-0.11217381730098726,15282,0.8378080176535491,-14742,-1.0614196395733726,0.007890762473501171,0.03625111618216093,0.0441954956318924,-0.016989604193833885,0.019198565663204752
2012-09-04,138853,33374,50277,80620,63519,083731,COFFEE C - ICE FUTURES U.S. ,164.89999389648438,-0.12315902429187701,17101,1.3351928652695708,-16903,-1.5862296766616508,0.012619762867787343,0.03609042330635617,-0.016989604193833885,0.0748939148613208,0.012234447853898073
2012-09-11,143251,33556,50381,82077,65450,083731,COFFEE C - ICE FUTURES U.S. ,177.25,-0.11606899777313945,16627,-0.3413682095453465,-16825,0.05617451549480386,0.022965287710046297,0.0034073173928065095,0.0748939148613208,0.0008462279068230938,0.00557762049513282
2012-09-18,139043,32052,40523,79232,70842,083731,COFFEE C - ICE FUTURES U.S. ,177.39999389648438,-0.06034104557582906,8390,-5.750047120089912,-8471,5.83172194260424,0.0548862561136506,0.15655528763348261,0.0008462279068230938,-0.021138670400339343,0.0003742791377256939
2012-09-25,140955,30084,38833,79688,71271,083731,COFFEE C - ICE FUTURES U.S. ,173.64999389648438,-0.059714093150296195,8417,0.01941845328423581,-8749,-0.19993814863027987,0.0058625189621022925,0.053078340612620976,-0.021138670400339343,0.05758710251358368,-0.003103842314972108
2012-10-02,140954,31072,34875,80649,77210,083731,COFFEE C - ICE FUTURES U.S. ,183.6499938964844,-0.024398030563162452,3439,-3.5316235678053283,-3803,3.5089212869355473,0.043709893005783644,0.0749996209076986,0.05758710251358368,-0.09991827636580097,-0.005405405608540309
2012-10-09,140404,28864,34169,80246,75756,083731,COFFEE C - ICE FUTURES U.S. ,165.3000030517578,-0.031979145893279395,4490,0.7456333271847553,-5305,-1.0655958681555686,0.011903693542390481,0.04622975266923675,-0.09991827636580097,-0.015124016659680328,-0.007335979939069138
2012-10-16,150187,31047,43023,81340,70892,083731,COFFEE C - ICE FUTURES U.S. ,162.8000030517578,-0.06956660696331907,10448,4.243468847041395,-11976,-4.751289137061622,0.03913763203531452,0.14900769542324827,-0.015124016659680328,-0.011977868007915449,-0.010073443181341624
2012-10-23,151686,32593,47163,80629,67120,083731,COFFEE C - ICE FUTURES U.S. ,160.85000610351562,-0.08905897709742494,13509,2.038125803165387,-14570,-1.7271801154560649,0.03034199893061882,0.07129244194794122,-0.011977868007915449,-0.019272651450946143,-0.01395800210114605
2012-10-30,152813,31955,48213,80217,65055,083731,COFFEE C - ICE FUTURES U.S. ,157.75,-0.09921930725789037,15162,1.0897511965507694,-16258,-1.1128251783289163,0.01705077372101988,0.021055782856002396,-0.019272651450946143,-0.04532484244998014,-0.01736713316288318
2012-11-06,152787,32857,53258,82967,63504,083731,COFFEE C - ICE FUTURES U.S. ,150.60000610351562,-0.1273864923062826,19463,2.8145511180331515,-20401,-2.7111567733111714,0.02936417447822436,0.06905881669860071,-0.04532484244998014,-0.030544528001903215,-0.02083585511410975
2012-11-13,140426,37218,56196,74672,56281,083731,COFFEE C - ICE FUTURES U.S. ,146.0,-0.1309657755686269,18391,-0.7016303743119506,-18978,0.9313619614234195,0.11850053072476385,0.07813603956580384,-0.030544528001903215,-0.015410958904109595,-0.024211776647293223
2012-11-20,134382,40673,58204,72555,54691,083731,COFFEE C - ICE FUTURES U.S. ,143.75,-0.13293447039037967,17864,-0.37528662783245265,-17531,1.0304359591528633,0.029132546406173868,0.055250462696076946,-0.015410958904109595,-0.027478239639945667,-0.028148950188877222
2012-11-27,135236,41679,57780,71415,55317,083731,COFFEE C - ICE FUTURES U.S. ,139.8000030517578,-0.119036351267414,16098,-1.314164099358545,-16101,1.0641306127308716,0.013934917779250702,0.014377783810414341,-0.027478239639945667,-0.017525013553362556,-0.03194091594922535
2012-12-04,139259,43986,58860,69503,55101,083731,COFFEE C - ICE FUTURES U.S. ,137.35000610351562,-0.10341880955629439,14402,-1.2541039368215565,-14874,0.9073027891981426,0.017078103431671536,0.032932734379557786,-0.017525013553362556,0.027666455217372432,-0.035851439803121506
2012-12-11,140759,44448,57538,70892,57621,083731,COFFEE C - ICE FUTURES U.S. ,141.14999389648438,-0.0942817155563765,13271,-0.8121557673112688,-13090,1.2810662147509317,0.030417156241002857,0.01749259702312082,0.027666455217372432,-0.05419762116387106,-0.038063037553340964
2012-12-18,143616,44564,60254,71569,57440,083731,COFFEE C - ICE FUTURES U.S. ,133.5,-0.0983804032976827,14129,0.6095524975312413,-15690,-1.847128780397701,0.0066506987884566195,0.027018260222480873,-0.05419762116387106,0.1097377819961376,-0.03973999425373469
2013-01-08,147907,45546,59060,74746,62802,083731,COFFEE C - ICE FUTURES U.S. ,148.14999389648438,-0.08075344642241408,11944,-1.5214182263814617,-13514,1.5151515151515151,0.0620801465670166,0.02080186604974858,0.1097377819961376,0.029362175381222544,-0.04125877041272231
2013-01-15,149185,46641,51740,75849,72134,083731,COFFEE C - ICE FUTURES U.S. ,152.5,-0.024901967355967423,3715,-5.563631200686918,-5099,5.689385897895299,0.07051485643621226,0.08553480855043148,0.029362175381222544,-0.02557373046875,-0.04217767351891236
2013-01-22,152505,46802,50307,77762,74932,083731,COFFEE C - ICE FUTURES U.S. ,148.60000610351562,-0.018556768630536704,2830,-0.5932231792740557,-3505,1.068472031370446,0.03085255478276815,0.016414544480944093,-0.02557373046875,0.00807534925271991,-0.04314508434224983
2013-01-29,155683,45262,48483,79454,76924,083731,COFFEE C - ICE FUTURES U.S. ,149.8000030517578,-0.01625097152547163,2530,-0.1967148618078096,-3221,0.18622340251139305,0.023558301039788204,0.035884580510960586,0.00807534925271991,-0.038384511901600527,-0.044986764639276165
2013-02-05,162774,45611,54530,83689,75785,083731,COFFEE C - ICE FUTURES U.S. ,144.0500030517578,-0.04855812353324241,7904,3.4518862046594685,-8919,-3.6600014131279583,0.03369828310571002,0.06386994337983444,-0.038384511901600527,-0.02360297871046768,-0.04716554915265865
2013-02-12,159769,43982,62685,89542,72038,083731,COFFEE C - ICE FUTURES U.S. ,140.64999389648438,-0.10955817461459982,17504,5.8977477975598065,-18703,-6.010787963679704,0.05941329372447085,0.09172471336027074,-0.02360297871046768,-0.02950582350923303,-0.05037535010290403
2013-02-19,159526,47265,67694,86616,67179,083731,COFFEE C - ICE FUTURES U.S. ,136.5,-0.12184220753983677,19437,1.2098717523424445,-20429,-1.0803096971252246,0.05061933092753341,0.07213006376186293,-0.02950582350923303,0.04688640217204676,-0.05406740606159343
2013-02-26,161433,51426,66605,84858,70359,083731,COFFEE C - ICE FUTURES U.S. ,142.89999389648438,-0.08981435022579026,14499,-3.095420182290034,-15179,3.2909995862743373,0.03181352558031659,0.04447984004202286,0.04688640217204676,-0.01679491951709189,-0.056076138962237246
2013-03-05,167363,53294,68636,86252,72229,083731,COFFEE C - ICE FUTURES U.S. ,140.5,-0.08378793401169912,14023,-0.2948591675803584,-15342,-0.1009706813352908,0.02059552880155981,0.03197736406134667,-0.01679491951709189,0.00818500993939053,-0.05780211152508681
2013-03-12,165838,50793,66448,87354,73053,083731,COFFEE C - ICE FUTURES U.S. ,141.64999389648438,-0.08623475922285603,14301,0.16610600909400525,-15655,-0.18701863613821454,0.012006957302362117,0.039994541158809634,0.00818500993939053,-0.06035995878133926,-0.05960259456604393
2013-03-19,174067,54225,73809,90772,71592,083731,COFFEE C - ICE FUTURES U.S. ,133.10000610351562,-0.11018745655408549,19180,2.9420277620328275,-19584,-2.369179560776179,0.030049764726170825,0.0842979208647703,-0.06035995878133926,0.03380916449019722,-0.061717989630538164
2013-03-26,175183,53266,72024,91473,73012,083731,COFFEE C - ICE FUTURES U.S. ,137.60000610351562,-0.10538122991386151,18461,-0.4130593392199555,-18758,0.4745299223862076,0.012894792838252728,0.02190118924096097,0.03380916449019722,-0.010537878944136159,-0.06347733268570198
2013-04-02,175853,53986,69377,92086,74815,083731,COFFEE C - ICE FUTURES U.S. ,136.14999389648438,-0.0982127117535669,17271,-0.6792896571014311,-15391,1.9219901474458136,0.014475647239980587,0.027293434822434605,-0.010537878944136159,-0.005508630434241768,-0.06499268569920773
2013-04-09,174767,52367,65605,90017,76529,083731,COFFEE C - ICE FUTURES U.S. ,135.39999389648438,-0.07717704143230701,13488,-2.15122858296418,-13238,1.2243180383615861,0.022714445258367057,0.04569728410131218,-0.005508630434241768,0.0033235762726495643,-0.06618932915625995
2013-04-16,166541,48676,65993,92624,74775,083731,COFFEE C - ICE FUTURES U.S. ,135.85000610351562,-0.10717480980659418,17849,2.4953223434630107,-17317,-2.3339646500769593,0.026051529579029745,0.03557195057077327,0.0033235762726495643,0.012513778961090516,-0.06823259181704014
2013-04-23,159443,46892,56932,87037,77285,083731,COFFEE C - ICE FUTURES U.S. ,137.5500030517578,-0.061162923427180875,9752,-4.861865846848524,-10040,4.3694945989275915,0.04927520356373462,0.10445561719833564,0.012513778961090516,-0.018902261329193037,-0.06947655483500563
2013-04-30,165460,49385,61813,88447,75770,083731,COFFEE C - ICE FUTURES U.S. ,134.9499969482422,-0.07661670494379307,12677,1.8345113927861367,-12428,-1.4977139165720665,0.01781179780412503,0.06631414234068958,-0.018902261329193037,0.05446466298427999,-0.07003108705628856
2013-05-07,159403,46456,50547,83999,79555,083731,COFFEE C - ICE FUTURES U.S. ,142.3000030517578,-0.027879023606832996,4444,-4.975824972803094,-4091,5.038680043515049,0.05033811462880761,0.1463356803397833,0.05446466298427999,-0.004567878716327356,-0.06990489859854211
2013-05-14,157426,46907,41745,82331,88299,083731,COFFEE C - ICE FUTURES U.S. ,141.64999389648438,0.037909875115927485,-5968,-6.531872047577523,5162,5.804784100675646,0.061020922463810585,0.10437440779677841,-0.004567878716327356,-0.06318388516686213,-0.06858154737583648
2013-05-21,162110,47348,50323,86609,83334,083731,COFFEE C - ICE FUTURES U.S. ,132.6999969482422,-0.020202331750046265,3275,5.871330021724493,-2975,-5.168777711432673,0.05438882448821075,0.09234061287383154,-0.06318388516686213,-0.04709871999799453,-0.06817035554636086
2013-05-28,176276,52511,63028,91907,81843,083731,COFFEE C - ICE FUTURES U.S. ,126.4499969482422,-0.05709228709523701,10064,4.18789710690272,-10517,-4.652396520880883,0.03907338129496403,0.15464907953158674,-0.04709871999799453,0.009489953393418293,-0.06879703545527435
2013-06-04,180876,57170,67945,93457,82744,083731,COFFEE C - ICE FUTURES U.S. ,127.6500015258789,-0.05922842168115173,10713,0.3681726383625678,-10775,-0.1463613878236402,0.013910250225594634,0.0765375854214123,0.009489953393418293,0.0003916601783444662,-0.06959542429888542
2013-06-11,180237,55795,67780,94488,82766,083731,COFFEE C - ICE FUTURES U.S. ,127.6999969482422,-0.06503659071111925,11722,0.5578407306663129,-11985,-0.6689665848426546,0.005940627573989867,0.012462067570301437,0.0003916601783444662,-0.04463584247815178,-0.06998826781318154
2013-06-18,163099,48567,67247,91077,73055,083731,COFFEE C - ICE FUTURES U.S. ,122.0,-0.11049730531762916,18022,3.4953977263270026,-18680,-3.7145536155173464,0.07994784685497039,0.06701262368970937,-0.04463584247815178,-0.014344262295082011,-0.07126597802915526
2013-06-25,152768,49280,67677,82009,63650,083731,COFFEE C - ICE FUTURES U.S. ,120.25,-0.12017569124423963,18359,0.20662297132416507,-18397,0.17351424594877957,0.12682360856521052,0.009772822490316954,-0.014344262295082011,0.03201661932741029,-0.07231378134535088
2013-07-02,150935,48225,62612,81191,67002,083731,COFFEE C - ICE FUTURES U.S. ,124.0999984741211,-0.0940073541590751,14189,-2.729629241726016,-14387,2.6248952660242986,0.028138980923525403,0.055216218410819494,0.03201661932741029,-0.01651889965809139,-0.07271666679087999
2013-07-09,152611,48237,63224,81889,67506,083731,COFFEE C - ICE FUTURES U.S. ,122.0500030517578,-0.09424615525748471,14383,0.12853214960082154,-14987,-0.39752211216748934,0.008045784664814752,0.005598370730569437,-0.01651889965809139,0.029086401750091362,-0.07318738241474365
2013-07-16,152920,46595,58559,83034,72305,083731,COFFEE C - ICE FUTURES U.S. ,125.5999984741211,-0.07016086842793617,10729,-2.394322820766524,-11964,1.9808532805630001,0.03826469849812346,0.05997869790973239,0.029086401750091362,0.003980891768107897,-0.07348659397250276
2013-07-23,153455,45804,52041,82416,77967,083731,COFFEE C - ICE FUTURES U.S. ,126.0999984741211,-0.028992212700791765,4449,-4.106722469264975,-6237,3.7450954747580436,0.039156269679454805,0.07469978026470438,0.003980891768107897,-0.045995206126458466,-0.07360523567041605
2013-07-30,156861,47566,52863,82388,78684,083731,COFFEE C - ICE FUTURES U.S. ,120.3000030517578,-0.02361326269754751,3704,-0.4854843439444788,-5297,0.6125574272588056,0.0046252607529552,0.025729619930498163,-0.045995206126458466,-0.019950136866133894,-0.07392792746827027
2013-08-06,162900,47621,59416,86468,75872,083731,COFFEE C - ICE FUTURES U.S. ,117.9000015258789,-0.06504604051565377,10596,4.393698879900039,-11795,-4.142521085547076,0.04245410866083529,0.06173566150022889,-0.019950136866133894,0.022900737178103814,-0.07510022579003386
2013-08-13,153212,41819,54148,84443,73554,083731,COFFEE C - ICE FUTURES U.S. ,120.5999984741211,-0.07107145654387385,10889,0.17986494782074894,-12329,-0.3278084714548803,0.027487863693614435,0.11535215230235393,0.022900737178103814,-0.04684910113901286,-0.07624966860812038
2013-08-20,143386,42212,54589,75241,65116,083731,COFFEE C - ICE FUTURES U.S. ,114.9499969482422,-0.07061358849539007,10125,-0.49865545779703935,-12377,-0.03132913870976164,0.1256795172310608,0.008615613475067407,-0.04684910113901286,-0.015658942759030903,-0.07725666183991166
2013-08-27,146682,43772,60393,76595,62738,083731,COFFEE C - ICE FUTURES U.S. ,113.1500015258789,-0.09446966908005072,13857,2.6027645655782297,-16621,-2.9598426624635596,0.026784753073571945,0.07069553112849805,-0.015658942759030903,-0.0030932255360249794,-0.07782130620390616
2013-09-03,151073,44190,60490,77327,64011,083731,COFFEE C - ICE FUTURES U.S. ,112.8000030517578,-0.08814281837257484,13316,-0.3688250773782741,-16300,0.21884075755716448,0.014185852353931709,0.004919755445166221,-0.0030932255360249794,-0.00398940217608168,-0.0775157662935533
2013-09-10,153986,45861,63444,78460,63640,083731,COFFEE C - ICE FUTURES U.S. ,112.3499984741211,-0.096242515553362,14820,0.9955452000026477,-17583,-0.849258305587365,0.010584095707248416,0.04231279447417776,-0.00398940217608168,-0.011570942946320883,-0.07720939510609898
2013-09-17,156812,45402,64841,79375,62740,083731,COFFEE C - ICE FUTURES U.S. ,111.0500030517578,-0.10608244267020381,16635,1.1786785811697167,-19439,-1.205304378320107,0.012771347148436125,0.01683553604310478,-0.011570942946320883,0.06123363561902817,-0.0768809993056822
2013-09-24,155332,43780,62805,79625,63047,083731,COFFEE C - ICE FUTURES U.S. ,117.8499984741211,-0.10672623799345918,16578,-0.03634925898528174,-19025,0.26401040736678316,0.003904059661321072,0.03432002627011305,0.06123363561902817,-0.03182011072171098,-0.07670133084838064
2013-10-01,157422,43782,64052,80305,63133,083731,COFFEE C - ICE FUTURES U.S. ,114.0999984741211,-0.10908259328429318,17172,0.3824067159374759,-20270,-0.8015090258285479,0.005340286395515832,0.011582617727247436,-0.03182011072171098,0.00832607002928376,-0.07763866830431265
2013-10-08,158240,44277,63347,80635,64672,083731,COFFEE C - ICE FUTURES U.S. ,115.0500030517578,-0.10087841253791709,15963,-0.7679993901741815,-19070,0.7622822731257385,0.012862422319640486,0.01114992938378057,0.00832607002928376,0.012168568964353588,-0.07843028983099766
2013-10-15,155828,42582,57803,80165,68493,083731,COFFEE C - ICE FUTURES U.S. ,116.4499969482422,-0.07490309828785584,11672,-2.7117037411526796,-15221,2.432381193124368,0.02886491140739146,0.07211236738556558,0.012168568964353588,-0.03864319551678552,-0.07940154113339562
2013-10-22,160516,44001,63731,82216,66201,083731,COFFEE C - ICE FUTURES U.S. ,111.9499969482422,-0.09977198534725511,16015,2.787047257232333,-19730,-2.893574967271607,0.02926214651960355,0.06819700738870531,-0.03864319551678552,-0.04466279710853094,-0.0807052495844336
2013-10-29,169232,45884,70229,87122,65804,083731,COFFEE C - ICE FUTURES U.S. ,106.9499969482422,-0.12596908386120828,21318,3.3037205013830393,-24345,-2.8751027934909916,0.03467690255417653,0.07217968702901484,-0.04466279710853094,-0.032725573631328,-0.08178991260170071
2013-11-05,170609,48227,75715,88016,65146,083731,COFFEE C - ICE FUTURES U.S. ,103.4499969482422,-0.13404920021804242,22870,0.9170842393873498,-27488,-1.8572137657180674,0.010133061725493268,0.06316664246179665,-0.032725573631328,0.022716347731661646,-0.08265510920017413
2013-11-12,163377,46968,73845,87838,65270,083731,COFFEE C - ICE FUTURES U.S. ,105.8000030517578,-0.13813449873605219,22568,-0.17701293601158205,-26877,0.35812882087111464,0.0019724638817044176,0.025899530679645403,0.022716347731661646,-0.010869579326158507,-0.08340347826706185
2013-11-19,151998,47718,70386,82399,62419,083731,COFFEE C - ICE FUTURES U.S. ,104.6500015258789,-0.13144909801444757,19980,-1.5840663006420734,-22668,2.5762500229530474,0.057244265215649986,0.035638081690713266,-0.010869579326158507,0.03344481556586021,-0.08348160529991117
2013-11-26,149127,45683,66648,82903,64024,083731,COFFEE C - ICE FUTURES U.S. ,108.1500015258789,-0.12659679333722262,18879,-0.7243516362057395,-20965,1.120409479072093,0.014354066985645933,0.0513927589000365,0.03344481556586021,0.012944997745042874,-0.0833975864108457
2013-12-03,147610,45797,64328,80301,63815,083731,COFFEE C - ICE FUTURES U.S. ,109.5500030517578,-0.11168620012194296,16486,-1.6046725274430518,-18531,1.6321658720419507,0.019505120874850814,0.02210215664018161,0.012944997745042874,0.0009128112399399146,-0.08298896582876038
2013-12-10,151686,46815,66210,82119,64161,083731,COFFEE C - ICE FUTURES U.S. ,109.6500015258789,-0.11838930422056089,17958,0.9972224104057992,-19395,-0.5853261974120995,0.014793546622914957,0.025658040256580403,0.0009128112399399146,0.035567728879223326,-0.08297652261632091
2013-12-17,146349,44848,56807,79220,69048,083731,COFFEE C - ICE FUTURES U.S. ,113.5500030517578,-0.0695050871546782,10172,-5.1329720607043505,-11959,4.90223224292288,0.05251301696927186,0.11184890069352221,0.035567728879223326,0.01056800454417628,-0.08232433564705907
2013-12-24,142762,44124,51227,77358,71670,083731,COFFEE C - ICE FUTURES U.S. ,114.75,-0.039842535128395515,5688,-3.063908875359586,-7103,3.318095784733753,0.030088305553318838,0.06611362230076244,0.01056800454417628,-0.03529414424189803,-0.08127742833113635
2013-12-31,141904,42681,50966,77404,71616,083731,COFFEE C - ICE FUTURES U.S. ,110.6999969482422,-0.04078813845980381,5788,0.07004665106961236,-8285,-0.8279514156428182,0.0006710508656556167,0.018195991329140283,-0.03529414424189803,0.059168954221563874,-0.08016988477656174
2014-01-07,142987,43856,46885,76415,75362,083731,COFFEE C - ICE FUTURES U.S. ,117.25,-0.007364305845985999,1053,-3.3367628819483595,-3029,3.7039125042282106,0.031197085197361918,0.05792309981155156,0.059168954221563874,0.016631104036180844,-0.07875855515009199
2014-01-14,146448,45349,45521,76977,79568,083731,COFFEE C - ICE FUTURES U.S. ,119.1999969482422,0.017692286681962197,-2591,-2.548483428563436,-172,1.9980837418786324,0.030457695870197067,0.03144051942335204,0.016631104036180844,-0.02516778587924484,-0.07793943488013179
2014-01-21,146886,44602,46736,77010,78659,083731,COFFEE C - ICE FUTURES U.S. ,116.1999969482422,0.011226393257356046,-1649,0.6432317273025238,-2134,-1.339724680432645,0.0060513011582267505,0.02148065427313933,-0.02516778587924484,-0.013339031523844969,-0.0773666817669031
2014-01-28,152207,45801,50710,80064,79207,083731,COFFEE C - ICE FUTURES U.S. ,114.6500015258789,-0.005630490056304901,857,1.706084991081519,-4909,-1.8892202115926637,0.022615542063526943,0.05360010775973723,-0.013339031523844969,0.18839946085169057,-0.07716244173864989
2014-02-04,159981,49902,40315,81541,93694,083731,COFFEE C - ICE FUTURES U.S. ,136.25,0.07596527087591652,-12153,-8.5475700854757,9587,9.52387209523872,0.091100522155962,0.1606792511389206,0.18839946085169057,0.006605459790711032,-0.0747677610769353
2014-02-11,164134,48891,29926,85221,108188,083731,COFFEE C - ICE FUTURES U.S. ,137.14999389648438,0.1399283512252184,-22967,-6.759552696882755,18965,5.861946106100099,0.09396667166471054,0.1446388469492622,0.006605459790711032,0.11301495216761603,-0.06996994327232339
2014-02-18,165144,52814,24427,87973,119752,083731,COFFEE C - ICE FUTURES U.S. ,152.64999389648438,0.1924320592937073,-31779,-5.3687840423068955,28387,5.740431598571898,0.06891804067878204,0.12198184901800857,0.11301495216761603,0.1506714767089794,-0.06392620737167831
2014-02-25,161217,51927,19520,83348,119234,083731,COFFEE C - ICE FUTURES U.S. ,175.64999389648438,0.22259439141033513,-35886,-2.4869205057404447,32407,2.434239209417236,0.025387250594820863,0.08109507747001274,0.1506714767089794,0.054084829661871,-0.057918346955598984
2014-03-04,160659,50510,16189,85594,123506,083731,COFFEE C - ICE FUTURES U.S. ,185.1499938964844,0.23597806534336702,-37912,-1.2566912918612803,34321,1.1872197100802024,0.03117168818747011,0.07118547504460336,0.054084829661871,0.10748047427103513,-0.0517690008141554
2014-03-11,167384,52298,14873,89149,130542,083731,COFFEE C - ICE FUTURES U.S. ,205.0500030517578,0.2472936481384123,-41393,-2.1667009006653846,37425,1.9320424003635028,0.048208620289406486,0.04621041818641974,0.10748047427103513,-0.06876374490936521,-0.04535499298028486
2014-03-18,171534,56416,13943,86088,132098,083731,COFFEE C - ICE FUTURES U.S. ,190.9499969482422,0.268226707241713,-46010,-2.7583281556182193,42473,3.0158199111026143,0.02116084441714867,0.07174632953850964,-0.06876374490936521,-0.08195859725897969,-0.03807779752267335
2014-03-25,173855,57666,15528,86249,132865,083731,COFFEE C - ICE FUTURES U.S. ,175.3000030517578,0.2681314888844152,-46616,-0.35328273112036096,42138,-0.1952965592827078,0.004235238277791469,0.03873268300680384,-0.08195859725897969,-0.000285242731815849,-0.030894860622706497
2014-04-01,172107,55849,16740,87148,129985,083731,COFFEE C - ICE FUTURES U.S. ,175.25,0.24889748819048615,-42837,2.1736504558396366,39109,-1.742256478099566,0.017404079527294333,0.04172808552259984,-0.000285242731815849,0.12125534950071337,-0.024219664469936245
2014-04-08,167229,53572,16457,82389,124258,083731,COFFEE C - ICE FUTURES U.S. ,196.5,0.2503692541365433,-41869,0.5624408071722824,37115,-1.158581580063565,0.05074353849801836,0.03655628382527239,0.12125534950071337,-0.022137435641300773,-0.01792069724745835
2014-04-15,155943,51530,11044,80376,124685,083731,COFFEE C - ICE FUTURES U.S. ,192.1499938964844,0.2841358701576858,-44309,-1.4590770739524843,40486,2.0157986952023874,0.011898898376580628,0.11913893949563717,-0.022137435641300773,0.10226390725705325,-0.010395491863529886
2014-04-22,152506,51798,10837,77100,123594,083731,COFFEE C - ICE FUTURES U.S. ,211.8000030517578,0.3048666937694255,-46494,-1.401152985385686,40961,0.30459847508384474,0.021759494553897973,0.007583619382134589,0.10226390725705325,-0.013692205446119488,-0.00335646076359515
2014-04-29,157392,54310,10881,79423,126661,083731,COFFEE C - ICE FUTURES U.S. ,208.8999938964844,0.3001296126867948,-47238,-0.4878496583740967,43429,1.6182969850366542,0.026154383649385687,0.03920786611648847,-0.013692205446119488,-0.04475821502110611,0.0038886607293007703
2014-05-06,158272,54612,11310,78988,125935,083731,COFFEE C - ICE FUTURES U.S. ,199.5500030517578,0.29662227052163365,-46947,0.18488868557487037,43302,-0.08069025109281286,0.005665542667245746,0.011088862595188253,-0.04475821502110611,-0.07967932303739123,0.010129070231771283
2014-05-13,160791,53288,12455,81848,125405,083731,COFFEE C - ICE FUTURES U.S. ,183.6499938964844,0.2708920275388548,-43557,2.1418823291548725,40833,-1.5599727052163366,0.01635681992540518,0.037555329084465267,-0.07967932303739123,0.011162554423569837,0.014609496239904502
2014-05-20,163890,54498,12007,82184,127103,083731,COFFEE C - ICE FUTURES U.S. ,185.6999969482422,0.27408017572762217,-44919,-0.8470623355784839,42491,1.0311522411080223,0.009718711625662369,0.024930456356664913,0.011162554423569837,-0.03419488933269299,0.020268775229859662
2014-05-27,165402,55021,13641,82568,126537,083731,COFFEE C - ICE FUTURES U.S. ,179.35000610351562,0.26583112658855396,-43969,0.5796570870705962,41380,-0.6778937091951919,0.0045431720905765045,0.031414756342664066,-0.03419488933269299,-0.04572072443810482,0.026478840877624872
2014-06-03,165409,54545,13858,81093,124564,083731,COFFEE C - ICE FUTURES U.S. ,171.14999389648438,0.2628091579055553,-43471,0.30108463017375847,40687,-0.418979214277941,0.016765779915101357,0.010131134599359676,-0.04572072443810482,-0.032135554753957685,0.032671871254292315
2014-06-10,170653,55746,14070,85862,129117,083731,COFFEE C - ICE FUTURES U.S. ,165.64999389648438,0.2534675628321799,-43255,0.13058539740884717,41676,0.5979118427655086,0.043362374929644294,0.020238913716053627,-0.032135554753957685,0.02052525976788222,0.038796951130125
2014-06-17,160937,56794,11946,81550,128028,083731,COFFEE C - ICE FUTURES U.S. ,169.0500030517578,0.2887962370368529,-46478,-1.8886278002730688,44848,1.8587425946218348,0.025770834725018846,0.04614489380273494,0.02052525976788222,0.03016853447299317,0.04647567309848041
2014-06-24,156765,57018,11365,76868,124653,083731,COFFEE C - ICE FUTURES U.S. ,174.14999389648438,0.30481931553599334,-47785,-0.8121190279426111,45653,0.5001957287634292,0.03998094491392957,0.01177193162043198,0.03016853447299317,-0.03359167987225897,0.054648653998100274
2014-07-01,158283,56484,12008,79075,125881,083731,COFFEE C - ICE FUTURES U.S. ,168.3000030517578,0.2957108470271602,-46806,0.6245016425860365,44476,-0.7508053455809651,0.016759694763754173,0.01718448869941015,-0.03359167987225897,0.01128932776014313,0.062143234790143276
2014-07-08,157792,54678,11470,79082,124486,083731,COFFEE C - ICE FUTURES U.S. ,170.1999969482422,0.2877458933279254,-45404,0.8857552611461749,43208,-0.8010967697099499,0.006887133537687652,0.035435689665598354,0.01128932776014313,-0.0634547781751259,0.06948923572447809
2014-07-15,161474,53225,14702,83352,122876,083731,COFFEE C - ICE FUTURES U.S. ,159.39999389648438,0.2447700558603862,-39524,3.72642466031231,38523,-2.9690985601297912,0.028512132203192583,0.06897110132936829,-0.0634547781751259,0.05583443849472891,0.07554559965309968
2014-07-22,161474,53837,13814,82630,123886,083731,COFFEE C - ICE FUTURES U.S. ,168.3000030517578,0.25549624088088485,-41256,-1.0726185020498655,40023,0.9289421207129321,0.008386759379418544,0.022172621247283853,0.05583443849472891,0.0736779184292169,0.08101653145274729
2014-07-29,163730,55697,11179,80211,126451,083731,COFFEE C - ICE FUTURES U.S. ,180.6999969482422,0.2824161729676907,-46240,-3.086565019755503,44518,2.7837298884030868,0.02411667360230715,0.0672139482026437,0.0736779184292169,0.0481460824303952,0.08690171290784804
2014-08-05,164938,57646,9766,78405,129336,083731,COFFEE C - ICE FUTURES U.S. ,189.3999938964844,0.3087887569874741,-50931,-2.865082758199475,47880,2.05338056556526,0.022581002305755726,0.04987242627425384,0.0481460824303952,-0.025343125383584852,0.09409084362906202
2014-08-12,158959,55403,10406,77404,126164,083731,COFFEE C - ICE FUTURES U.S. ,184.6000061035156,0.3067457646311313,-48760,1.316252167481114,44997,-1.747929525033649,0.020499292619665172,0.043808597608229874,-0.025343125383584852,-0.013001132588953412,0.10135655942088903
2014-08-19,155428,56863,10269,76574,126242,083731,COFFEE C - ICE FUTURES U.S. ,182.1999969482422,0.3195563218982423,-49668,-0.5712164772048138,46594,1.0046615794009777,0.004476964342063743,0.02378895310731097,-0.013001132588953412,0.059824420075977214,0.10885982692845889
2014-08-26,152147,58640,10663,70201,122180,083731,COFFEE C - ICE FUTURES U.S. ,193.1000061035156,0.3416367066061112,-51979,-1.4868620840517797,47977,0.8898010654450936,0.05424132320759326,0.031326205214781466,0.059824420075977214,0.05877778604855233,0.11724648799934662
2014-09-02,153642,60714,10146,69884,124469,083731,COFFEE C - ICE FUTURES U.S. ,204.4499969482422,0.3552739485296989,-54585,-1.712817209672225,50568,1.7029583232005887,0.013408591583356059,0.03656505786057014,0.05877778604855233,-0.07997060938506984,0.12577373351669804
2014-09-09,156966,62492,12140,72434,126217,083731,COFFEE C - ICE FUTURES U.S. ,188.1000061035156,0.3426410815080973,-53783,0.5219926842920556,50352,-0.14058655836294764,0.021635934377375397,0.05054132275699432,-0.07997060938506984,-0.039872406999671095,0.13421380269095687
2014-09-16,154824,57883,14281,75701,121713,083731,COFFEE C - ICE FUTURES U.S. ,180.6000061035156,0.2971890662946313,-46012,4.950753666399093,43602,-4.300294331256451,0.039363976212426675,0.09353694362840197,-0.039872406999671095,0.0016610619204346921,0.1419690240172037
2014-09-23,153446,54434,14790,77366,118088,083731,COFFEE C - ICE FUTURES U.S. ,180.8999938964844,0.26538326186410854,-40722,3.4167829277114663,39644,-2.556451196196972,0.02706519180983761,0.057176701721946145,0.0016610619204346921,0.06882262369867975,0.14912497593754154
2014-09-30,155757,56110,12989,77362,122387,083731,COFFEE C - ICE FUTURES U.S. ,193.3500061035156,0.2890720802275339,-45025,-2.8042438382232184,43121,2.265943719614718,0.021542035254244075,0.05031910736768984,0.06882262369867975,0.11895525872228974,0.15678179658199978
2014-10-07,163536,59705,12049,79761,129985,083731,COFFEE C - ICE FUTURES U.S. ,216.3500061035156,0.3071128069660503,-50224,-3.3378917159421406,47656,2.9115866381607245,0.04766241072535352,0.0632020514535775,0.11895525872228974,0.025652820135874332,0.16462778157246066
2014-10-14,170089,64579,11029,79742,135997,083731,COFFEE C - ICE FUTURES U.S. ,221.8999938964844,0.33073861331420606,-56255,-3.6878730065551313,53550,3.6040994031895117,0.027955075345672317,0.07795471378690086,0.025652820135874332,-0.10049566654504583,0.1724285837186542
2014-10-21,173882,62989,9854,82264,138347,083731,COFFEE C - ICE FUTURES U.S. ,199.6000061035156,0.32253482246581017,-56083,0.10112352944634867,53135,-0.24398991116415525,0.022084120918721188,0.03795834877750779,-0.10049566654504583,-0.036322644179880625,0.18054986848429005
2014-10-28,171373,58312,9842,84177,135608,083731,COFFEE C - ICE FUTURES U.S. ,192.3500061035156,0.30011145279594803,-51431,2.6753775548935486,48470,-2.6828538894192615,0.021166139636462907,0.06880007042873493,-0.036322644179880625,-0.021575300356580285,0.1887437249584661
2014-11-04,165953,56241,9928,80154,128717,083731,COFFEE C - ICE FUTURES U.S. ,188.1999969482422,0.29263104613956964,-48563,1.6735425066959206,46313,-1.2586580149731872,0.05225234714249465,0.03259834665780048,-0.021575300356580285,-0.01939422930749668,0.19694911431149714
2014-11-11,160282,55562,9980,78178,125730,083731,COFFEE C - ICE FUTURES U.S. ,184.5500030517578,0.29667710659961816,-47552,0.6092086313594813,45582,-0.4404861617445903,0.02433940796829943,0.011153153702969088,-0.01939422930749668,0.03549175260604476,0.2053108759525677
2014-11-18,149577,53835,9345,75431,122512,083731,COFFEE C - ICE FUTURES U.S. ,191.1000061035156,0.3147609592383856,-47081,0.2938570769019603,44490,-0.6812992101421245,0.03013493783563955,0.03738524849635961,0.03549175260604476,0.01648348401819577,0.21389183859204527
2014-11-25,151317,56670,8344,72777,123721,083731,COFFEE C - ICE FUTURES U.S. ,194.25,0.3366706979387643,-50944,-2.5826163113312877,48326,2.5645654077832822,0.01965923317285672,0.05900267634663303,0.01648348401819577,-0.06151864580819655,0.22280082880889118
2014-12-02,154685,55026,9734,77783,124760,083731,COFFEE C - ICE FUTURES U.S. ,182.3000030517578,0.30369460516533603,-46977,2.621648592028655,45292,-2.0050622203718023,0.02984551428585535,0.046849907350216186,-0.06151864580819655,-0.015633604255653633,0.23078892121826192
2014-12-09,154418,49648,11849,81931,120352,083731,COFFEE C - ICE FUTURES U.S. ,179.4499969482422,0.24881166703363597,-38421,5.531240908943983,37799,-4.84403788344054,0.042297177716367665,0.12184334195163991,-0.015633604255653633,-0.0153246032140818,0.2378504783577657
2014-12-16,154924,48218,12071,83410,119890,083731,COFFEE C - ICE FUTURES U.S. ,176.6999969482422,0.23547029511244222,-36480,1.256977813467342,36147,-1.069823466176223,0.00954746679783571,0.02740135016337972,-0.0153246032140818,-0.03225804780241048,0.24371538955521035
2014-12-23,156285,45803,13059,87245,119785,083731,COFFEE C - ICE FUTURES U.S. ,171.0,0.20820936110311292,-32540,2.5431824636596008,32744,-2.1965608943740156,0.01903105830072936,0.05781319017362645,-0.03225804780241048,-0.03625729209498352,0.24848561832889318
2014-12-30,159202,46078,16256,88884,118644,083731,COFFEE C - ICE FUTURES U.S. ,164.8000030517578,0.18693232497079182,-29760,1.7788015484531465,29822,-1.86966119589212,0.01339578273775105,0.05569993903808516,-0.03625729209498352,0.06128635107824909,0.25286485801025077
2015-01-06,163882,48830,17816,88857,120403,083731,COFFEE C - ICE FUTURES U.S.,174.89999389648438,0.1924921589924458,-31546,-1.1218452029497117,31014,0.7487343123830102,0.00853483704482462,0.06470005701767548,0.06128635107824909,0.01172100127671305,0.256708251564836
2015-01-13,166898,51532,13593,85663,123863,083731,COFFEE C - ICE FUTURES U.S.,176.9499969482422,0.22888231135184364,-38200,-4.060238464260871,37939,4.22560134731087,0.03175739526359497,0.10633397312859885,0.01172100127671305,-0.07148908796073328,0.26076959819310297
2015-01-20,164622,51025,16331,85059,120640,083731,COFFEE C - ICE FUTURES U.S.,164.3000030517578,0.21613757577966494,-35581,1.5692219199750748,34694,-1.9443013097820225,0.01860485466628423,0.04817685135696894,-0.07148908796073328,0.023737028752554457,0.2647101978569935
2015-01-27,169601,49766,20949,87179,117114,083731,COFFEE C - ICE FUTURES U.S.,168.1999969482422,0.1765024970371637,-29935,3.429675256041113,28817,-3.569996719757991,0.027636776590485235,0.08310825143180373,0.023737028752554457,-0.04429249157795567,0.26821275530109867
2015-02-03,167838,48908,22994,87433,113192,083731,COFFEE C - ICE FUTURES U.S.,160.75,0.15347537506404985,-25759,2.46224963296207,25914,-1.7116644359408257,0.020814953271028037,0.0403743984868293,-0.04429249157795567,-0.008398171717049041,0.2697033342277936
2015-02-10,173921,52995,25844,86955,115230,083731,COFFEE C - ICE FUTURES U.S.,159.39999389648438,0.16257381224808964,-28275,-1.4990645741727142,27151,0.737020221880623,0.012444048767218142,0.08798944684737249,-0.008398171717049041,-0.02352572235627115,0.27013882386284876
2015-02-17,170223,48652,27165,88695,111152,083731,COFFEE C - ICE FUTURES U.S.,155.64999389648438,0.13192694289255857,-22457,3.345196957239206,21487,-3.256651008216374,0.02911227088722873,0.07470620045636203,-0.02352572235627115,-0.06617403274566647,0.2689752639320575
2015-02-24,173849,46923,33542,95265,108783,083731,COFFEE C - ICE FUTURES U.S.,145.35000610351562,0.0777571340646193,-13518,5.2513467627758885,13381,-4.761988685430288,0.04380831961107191,0.10073945193562418,-0.06617403274566647,-0.13140698521823901,0.26618993206002445
2015-03-03,184961,48753,44670,100495,105372,083731,COFFEE C - ICE FUTURES U.S.,126.25,0.02636772076275539,-4877,4.97040535177079,4083,-5.3483195186627475,0.04197370146745229,0.13870246085011187,-0.13140698521823901,0.043168292659343965,0.2621589638950127
2015-03-10,192829,50365,48810,102485,105020,083731,COFFEE C - ICE FUTURES U.S.,131.6999969482422,0.013146362839614373,-2535,1.2662128773092707,1555,-1.366774617351766,0.0112864750246982,0.05799848752205697,0.043168292659343965,0.017084282856014488,0.25765613148542044
2015-03-17,196301,50114,49830,105001,106197,083731,COFFEE C - ICE FUTURES U.S.,133.9499969482422,0.006092684194171197,-1196,0.6943976269129644,284,-0.6591332216627167,0.01748596104129774,0.01271712158808933,0.017084282856014488,0.02500937797564906,0.25261509258066
2015-03-24,198350,48473,50668,106479,105119,083731,COFFEE C - ICE FUTURES U.S.,137.3000030517578,-0.006856566675069322,1360,1.3020820067141787,-2195,-1.2628565315510365,0.012079509258121532,0.0250047911560303,0.02500937797564906,-0.03204667922414228,0.24732686074297763
2015-03-31,204283,47878,50771,111652,109692,083731,COFFEE C - ICE FUTURES U.S.,132.89999389648438,-0.00959453307421567,1960,0.3024955886059995,-2893,-0.35190320141164605,0.044031010553708255,0.00707559123762025,-0.03204667922414228,0.06809633910748603,0.24235586033404105
2015-04-07,199144,46694,45254,110958,114372,083731,COFFEE C - ICE FUTURES U.S.,141.9499969482422,0.01714337363917567,-3414,-2.630664323511991,1440,2.1210771331926788,0.023849465228775575,0.07287814851872798,0.06809633910748603,-0.05177873196719063,0.23787074724755322
2015-04-14,190341,44029,49368,112599,109106,083731,COFFEE C - ICE FUTURES U.S.,134.60000610351562,-0.01835127481730158,3493,3.468344514522155,-5339,-3.4040694171052106,0.031154010960510587,0.07258263113376233,-0.05177873196719063,0.042347672286571436,0.23205368676726496
2015-04-21,178742,45968,46930,102922,104012,083731,COFFEE C - ICE FUTURES U.S.,140.3000030517578,0.006098175023217823,-1090,-2.4077839246405137,-962,2.2995571106592902,0.07138024684198827,0.04711619195246399,0.042347672286571436,-0.015324369982232189,0.22630813832983793
2015-04-28,186486,46879,48241,103217,103072,083731,COFFEE C - ICE FUTURES U.S.,138.14999389648438,-0.0007775382602447368,145,0.6909400140985331,-1362,-0.22378623938414027,0.005986746748493618,0.023359966358284273,-0.015324369982232189,-0.04053558517651934,0.22052146235008716
2015-05-05,190513,46115,49678,103870,101498,083731,COFFEE C - ICE FUTURES U.S.,132.5500030517578,-0.012450593922724433,2372,1.1941915210793304,-3563,-1.180249455723218,0.010843948424292003,0.02297662668462205,-0.04053558517651934,0.014711406287035267,0.21457775341846488
2015-05-12,188317,44307,49550,102662,98890,083731,COFFEE C - ICE FUTURES U.S.,134.5,-0.020030055703946007,3772,0.7348579886936849,-5243,-0.881829586432422,0.018933079304596333,0.020627124242198237,0.014711406287035267,0.03977699705216087,0.20898309797148792
2015-05-19,184474,43723,42820,99667,102332,083731,COFFEE C - ICE FUTURES U.S.,139.85000610351562,0.014446480262801263,-2665,-3.418172549477742,903,3.2636458737129415,0.03186649438858608,0.0845129011011867,0.03977699705216087,-0.11297820780975021,0.20399014228947215
2015-05-26,195178,44016,56830,106006,94911,083731,COFFEE C - ICE FUTURES U.S.,124.0500030517578,-0.05684554611687793,11095,7.459045719179938,-12814,-7.435736201307501,0.06848599172792745,0.1418301172084168,-0.11297820780975021,0.06972989668428564,0.19778482166052155
2015-06-02,194722,43852,54582,105302,95435,083731,COFFEE C - ICE FUTURES U.S.,132.6999969482422,-0.050672240424810756,9867,-0.6291692711268688,-10730,1.067743290739735,0.006117457170327344,0.02450372838653311,0.06972989668428564,0.0350415166707736,0.19175633323109142
2015-06-09,189236,42534,42986,100587,100589,083731,COFFEE C - ICE FUTURES U.S.,137.35000610351562,1.0568813544991439e-05,-2,-5.068251147790183,-452,5.278294183502634,0.04905654750069591,0.15100561272217025,0.0350415166707736,-0.05824535598470015,0.1868821602691946
2015-06-16,180352,41178,45539,97204,94307,083731,COFFEE C - ICE FUTURES U.S.,129.35000610351562,-0.016063032292405962,2897,1.5319495233465092,-4361,-2.0656746073685768,0.05046707499830297,0.04507766643218746,-0.05824535598470015,-0.012756158310135435,0.1810194820128627
2015-06-23,181352,42610,51019,103209,97017,083731,COFFEE C - ICE FUTURES U.S.,127.6999969482422,-0.03414354404693634,6192,1.8269827892122072,-8409,-2.244499645138396,0.04352581582811423,0.07382328124833118,-0.012756158310135435,0.023100994665159025,0.17450096548242178
2015-06-30,174382,40846,47123,96655,91934,083731,COFFEE C - ICE FUTURES U.S.,130.64999389648438,-0.027072748334117054,4721,-0.8111297366447572,-6277,1.1756142750011027,0.06170561379507818,0.06434084734395071,0.023100994665159025,-0.05931873503756824,0.16829358864855104
2015-07-07,185414,39329,56243,103409,89948,083731,COFFEE C - ICE FUTURES U.S.,122.9000015258789,-0.07259969581584994,13461,5.011985181956853,-16914,-6.099826816987992,0.04520136328139142,0.11129828820156532,-0.05931873503756824,0.05655007722821925,0.1613638657804015
2015-07-14,182704,39780,53737,102341,90652,083731,COFFEE C - ICE FUTURES U.S.,129.85000610351562,-0.06397780015763202,11689,-0.9556991381449081,-13957,1.5948094534393302,0.009181680164565555,0.03161991937294823,0.05655007722821925,-0.046207218693631535,0.15542640701082425
2015-07-21,185511,41124,54914,102694,90864,083731,COFFEE C - ICE FUTURES U.S.,123.8499984741211,-0.06376980340788417,11830,0.0771740082318942,-13790,0.09140467641649883,0.0029190216885894666,0.026250026031362585,-0.046207218693631535,-0.029067408304194076,0.14928667538988638
2015-07-28,194985,41804,61106,109067,92237,083731,COFFEE C - ICE FUTURES U.S.,120.25,-0.08631433187168244,16830,2.6952579631396523,-19302,-2.9712523785651523,0.03847911616261972,0.06677679525799242,-0.029067408304194076,0.03866945135866029,0.14219570414297536
2015-08-04,195037,42802,57954,106608,93024,083731,COFFEE C - ICE FUTURES U.S.,124.9000015258789,-0.0696483231386865,13584,-1.6647434418032157,-15152,2.1283688488858115,0.016259918249579227,0.04118861407757354,0.03866945135866029,0.09847874517291144,0.13491806798670303
2015-08-11,189198,43371,47056,99805,97616,083731,COFFEE C - ICE FUTURES U.S.,137.1999969482422,-0.011569889745134726,2189,-5.842481170239493,-3685,5.879397242574486,0.057719290247744665,0.12680947062271225,0.09847874517291144,-0.013848352323223012,0.12879661309485174
2015-08-18,169434,41773,35697,91699,99233,083731,COFFEE C - ICE FUTURES U.S.,135.3000030517578,0.04446569165574796,-7534,-5.139060666603241,6076,5.159145445512109,0.05092388913330401,0.16725183942171162,-0.013848352323223012,-0.13488543672108155,0.12350640866711148
2015-08-25,169849,37500,50278,94526,83559,083731,COFFEE C - ICE FUTURES U.S.,117.0500030517578,-0.06456911727475581,10967,10.919296009065476,-12778,-11.127636719902736,0.10388859252604093,0.21479186128642713,-0.13488543672108155,0.0,0.11569475820786404
2015-09-01,175913,38322,55329,97212,81994,083731,COFFEE C - ICE FUTURES U.S.,117.0500030517578,-0.08650867190031436,15218,2.5028113206436307,-17007,-2.489858639144181,0.02372130397419729,0.06271155673724786,0.0,0.0055531301113849185,0.10719893858420994
2015-09-08,179552,39685,59986,102776,84741,083731,COFFEE C - ICE FUTURES U.S.,117.6999969482422,-0.10044443949385136,18035,1.6013597630646965,-20301,-1.8725165280564824,0.04432131486745202,0.06039871176169598,0.0055531301113849185,-0.018691563341413087,0.09867806318032632
2015-09-15,188257,40401,63828,108715,87911,083731,COFFEE C - ICE FUTURES U.S.,115.5,-0.11050850698778797,20804,1.542171627160934,-23427,-1.7409998217786489,0.04632652853640922,0.04373063159005651,-0.018691563341413087,-0.0004329268550459231,0.09083772523258747
2015-09-22,193509,40960,65735,110568,89208,083731,COFFEE C - ICE FUTURES U.S.,115.4499969482422,-0.11038246283118615,21360,0.295340943497453,-24775,-0.7160424313571341,0.015767659778952427,0.023112610712779418,-0.0004329268550459231,0.04677350947267489,0.08361146129613949
2015-09-29,194475,41495,62807,111664,93073,083731,COFFEE C - ICE FUTURES U.S.,120.8499984741211,-0.09559583494022368,18591,-1.4309411965334946,-21312,1.7895808463689027,0.02423108671124418,0.03320166439761462,0.04677350947267489,0.05999178916785053,0.07621400138906723
2015-10-06,190831,39995,55172,108850,96057,083731,COFFEE C - ICE FUTURES U.S.,128.10000610351562,-0.06703837426833166,12793,-2.9813600719886875,-15177,3.154647126880062,0.02829576344390382,0.095989155904883,0.05999178916785053,0.04879000548172874,0.06901878636532913
2015-10-13,181065,39406,44712,100815,96980,083731,COFFEE C - ICE FUTURES U.S.,134.35000610351562,-0.0211802391406401,3835,-4.694205868019347,-5306,5.172639665463159,0.04528931469450694,0.1313511971278442,0.04879000548172874,-0.07145519663109579,0.06225111612581285
2015-10-20,182654,39485,43017,97622,96713,083731,COFFEE C - ICE FUTURES U.S.,124.75,-0.004976622466521401,909,-1.6159942562063347,-3532,0.9797586502084886,0.017804306995651838,0.02150250903008412,-0.07145519663109579,-0.059719414414767136,0.055952819107883404
2015-10-27,195212,38752,50854,105878,97064,083731,COFFEE C - ICE FUTURES U.S.,117.3000030517578,-0.04515091285371801,8814,4.3278548512488095,-12102,-4.691931192308956,0.042411132244680745,0.09564091690288597,-0.059719414414767136,0.025149163439838418,0.04931315823000521
2015-11-03,199749,38882,54539,109029,96798,083731,COFFEE C - ICE FUTURES U.S.,120.25,-0.061231845966688195,12231,1.7504046882363788,-15657,-1.8210970637051003,0.016601320526461544,0.04083664272486914,0.025149163439838418,-0.03284820746978967,0.04250810261257717
2015-11-10,200154,39448,59053,112572,95599,083731,COFFEE C - ICE FUTURES U.S.,116.3000030517578,-0.08479970422774463,16973,2.373979344076816,-19605,-1.9764804830061729,0.02277934966926229,0.05157308047634034,-0.03284820746978967,-0.017626852948967486,0.03517201009666635
2015-11-17,186049,38382,63890,105525,83619,083731,COFFEE C - ICE FUTURES U.S.,114.25,-0.1177431751850319,21906,2.464602256262678,-25508,-2.9492290935979293,0.10059531362348263,0.05771863266583229,-0.017626852948967486,0.07177240217279834,0.026854622896216016
2015-11-24,172995,37127,54229,96902,82895,083731,COFFEE C - ICE FUTURES U.S.,122.4499969482422,-0.08096765802479841,14007,-4.245655714354821,-17102,4.518164569548882,0.051986406892217334,0.11948859407154429,0.07177240217279834,-0.04328293633689129,0.018823116050762884
2015-12-01,172338,37093,53241,97071,83335,083731,COFFEE C - ICE FUTURES U.S.,117.1500015258789,-0.0797038378071,13736,-0.15665192635625308,-16148,0.5514610248851123,0.0033757192111127125,0.011313569641552461,-0.04328293633689129,0.04353391726584377,0.01145006907052373
2015-12-08,165755,36499,41223,92090,89943,083731,COFFEE C - ICE FUTURES U.S.,122.25,-0.012952852100992429,2147,-6.7245761236639625,-4724,6.62883403544198,0.06366428065240917,0.1622706569568462,0.04353391726584377,-0.05398771757972265,0.006416136010242413
2015-12-15,166913,36278,42523,94084,90303,083731,COFFEE C - ICE FUTURES U.S.,115.6500015258789,-0.022652519576066572,3781,0.9857922837923441,-6245,-0.9176193779976471,0.012766626714464685,0.019301785510336164,-0.05398771757972265,0.030263726362483423,0.0014522357277710906
2015-12-22,173177,35130,46578,100161,91563,083731,COFFEE C - ICE FUTURES U.S.,119.1500015258789,-0.049648625394827256,8598,2.8859345886779337,-11448,-3.1171927890577726,0.038268552711189,0.06367797522886376,0.030263726362483423,0.019303360410480197,-0.003506571704881605
2015-12-29,172364,35045,45523,98756,91779,083731,COFFEE C - ICE FUTURES U.S.,121.4499969482422,-0.040478290130189595,6977,-0.9360365406491624,-10478,0.5601205702835826,0.008507623271314982,0.014149538278224605,0.019303360410480197,0.012762479133024307,-0.007879852764515864
2016-01-05,172537,34747,38024,96253,95378,083731,COFFEE C - ICE FUTURES U.S.,123.0,-0.005071375994714177,875,-3.5401824046784713,-3277,4.177786544754126,0.03184244720321869,0.10714432947190501,0.012762479133024307,-0.07032521565755212,-0.01167915151426894
2016-01-12,190471,36860,53860,108901,94571,083731,COFFEE C - ICE FUTURES U.S.,114.3499984741211,-0.07523455014149136,14330,7.798327315300487,-17000,-7.9536563171957315,0.0661270346779901,0.1978505291005291,-0.07032521565755212,0.011368631999169043,-0.017527552696833072
2016-01-19,200017,36511,57314,116383,98385,083731,COFFEE C - ICE FUTURES U.S.,115.6500015258789,-0.08998235150012249,17998,1.9257524767549914,-20803,-1.9966294081513722,0.052596289950085674,0.04053290700772715,0.011368631999169043,0.009079078326932333,-0.023414474375290525
2016-01-26,203588,35634,54316,118914,102455,083731,COFFEE C - ICE FUTURES U.S.,116.6999969482422,-0.08084464703224159,16459,-0.7694345980591649,-18682,1.0604098651614613,0.029818990012151655,0.04307948860478043,0.009079078326932333,0.02699230169882494,-0.02836345791508678
2016-02-02,201589,38749,46756,112118,106124,083731,COFFEE C - ICE FUTURES U.S.,119.8499984741211,-0.029733765235206287,5994,-5.140283317287856,-8007,5.243432815293633,0.04795135675076292,0.1248465002046664,0.02699230169882494,-0.0425531792995586,-0.0318867106131494
2016-02-09,197231,36744,42272,111279,107718,083731,COFFEE C - ICE FUTURES U.S.,114.75,-0.018054971074526825,3561,-1.2069110913789938,-5528,1.2297297967647045,0.011109741229331909,0.08212260807937632,-0.0425531792995586,0.0013072028399032654,-0.035360341061661256
2016-02-16,188424,34590,45509,109546,101559,083731,COFFEE C - ICE FUTURES U.S.,114.9000015258789,-0.04238844308580648,7987,2.2440691372045976,-10919,-2.7333431357139597,0.037384240070107294,0.06730421103883943,0.0013072028399032654,0.025239351500145224,-0.03871256002278366
2016-02-23,181121,37899,45170,102804,97790,083731,COFFEE C - ICE FUTURES U.S.,117.8000030517578,-0.02768315104267313,5014,-1.5778244809578397,-7271,1.9360591007514967,0.05239937385963688,0.043915299329473086,0.025239351500145224,-0.044991535776354175,-0.04074025781330851
2016-03-01,195239,36553,53877,108522,95171,083731,COFFEE C - ICE FUTURES U.S.,112.5,-0.0683828538355554,13351,4.603000204283324,-17324,-5.550433135859453,0.0409292415546926,0.11116885989162889,-0.044991535776354175,0.06844441731770856,-0.04256238424789142
2016-03-08,193513,42520,45490,102461,101636,083731,COFFEE C - ICE FUTURES U.S.,120.1999969482422,-0.0042632794695963575,825,-6.415726366146108,-2970,7.352014710175733,0.06137277862976918,0.16309510282922396,0.06844441731770856,0.03244593697916831,-0.04289718506153008
2016-03-15,190078,45991,32549,95197,110076,083731,COFFEE C - ICE FUTURES U.S.,124.0999984741211,0.07827839097633603,-14879,-8.115217065520145,13442,8.481083958183689,0.07650299844597196,0.20896358543417368,0.03244593697916831,0.0850120511851844,-0.04150899839264229
2016-03-22,196145,55141,29247,91573,121179,083731,COFFEE C - ICE FUTURES U.S.,134.64999389648438,0.15093935608860792,-29606,-7.747871926261849,25894,6.550994854743843,0.06922144092652478,0.14755652462435417,0.0850120511851844,-0.05347194411146694,-0.038474461416417735
2016-03-29,198274,56230,30427,92489,122556,083731,COFFEE C - ICE FUTURES U.S.,127.4499969482422,0.1516436850015635,-30067,-0.23503020724464047,25803,-0.046394249152412755,0.010662884512543887,0.026183689719237915,-0.05347194411146694,-0.051392668334258707,-0.035373726453421975
2016-04-05,197959,48921,31599,97858,119528,083731,COFFEE C - ICE FUTURES U.S.,120.9000015258789,0.10946711187670174,-21670,4.235048468281268,17322,-4.277414083540958,0.038627142502277056,0.10532786885245901,-0.051392668334258707,0.03060377916910273,-0.03359826994885417
2016-04-12,195442,46139,33167,96893,114296,083731,COFFEE C - ICE FUTURES U.S.,124.5999984741211,0.08904432005403137,-17403,2.1554968453063514,12972,-2.1974247192600487,0.02934338436187491,0.054850830958565557,0.03060377916910273,0.010032102851587288,-0.031532970047482387
2016-04-19,186945,48692,32923,92161,113018,083731,COFFEE C - ICE FUTURES U.S.,125.8499984741211,0.11156757335045067,-20857,-1.767276225171662,15769,1.431115113435188,0.029291496693131365,0.03427066103044783,0.010032102851587288,-0.004767568386140897,-0.029504712387343292
2016-04-26,178924,45618,32334,91430,110784,083731,COFFEE C - ICE FUTURES U.S.,125.25,0.10816883145916702,-19354,0.8039797801492418,13284,-1.3292679665142155,0.014662684087155192,0.04699045566502463,-0.004767568386140897,-0.05309382455791545,-0.027409589892739214
2016-05-03,192813,45547,43818,96750,104670,083731,COFFEE C - ICE FUTURES U.S.,118.5999984741211,0.04107606852235067,-7920,6.390422749323735,1729,-6.458049227605017,0.0567669546221825,0.12930118055167011,-0.05309382455791545,0.06998316322549458,-0.026380230999564696
2016-05-10,189256,44806,35896,94987,109145,083731,COFFEE C - ICE FUTURES U.S.,126.9000015258789,0.0748087246903665,-14158,-3.235259033363933,8910,3.724333940138891,0.0305586581231752,0.1073455428613913,0.06998316322549458,0.03900712780233695,-0.024556408299674072
2016-05-17,187484,48333,27037,92312,117957,083731,COFFEE C - ICE FUTURES U.S.,131.85000610351562,0.1367850056538158,-25645,-6.069556579447943,21296,6.544574544532273,0.054630021543831946,0.16433594268276502,0.03900712780233695,-0.07622300027705387,-0.022203744349846868
2016-05-24,186763,41990,31768,96610,112268,083731,COFFEE C - ICE FUTURES U.S.,121.8000030517578,0.08383887600863126,-15658,5.326854558255638,10222,-5.9066373663885985,0.04781259874184931,0.1501396458689227,-0.07622300027705387,-0.0020525451045658727,-0.019498274693587076
2016-05-31,196842,40334,39096,102226,110446,083731,COFFEE C - ICE FUTURES U.S.,121.5500030517578,0.041759380619989635,-8220,3.9825875574926513,1238,-4.810374645941648,0.03497404453806801,0.11310587939065844,-0.0020525451045658727,0.0876182116749884,-0.017720743519648606
2016-06-07,188825,44011,35471,95520,109568,083731,COFFEE C - ICE FUTURES U.S.,132.1999969482422,0.07439692837283199,-14048,-2.960750246390506,8540,3.7095741762428744,0.036979247932594786,0.09186985732618706,0.0876182116749884,0.0219365296688232,-0.016290236605046936
2016-06-14,182178,50147,25283,88275,118309,083731,COFFEE C - ICE FUTURES U.S.,135.10000610351562,0.16486074059436376,-30034,-8.466039984112275,24864,8.645041705282669,0.07738256592959765,0.21641256794378894,0.0219365296688232,0.025166496986530396,-0.012810933280301362
2016-06-21,174909,55652,23271,79542,116900,083731,COFFEE C - ICE FUTURES U.S.,138.5,0.2135853500963358,-37358,-4.0202439372481855,32381,4.126184281307292,0.05162847049001741,0.09524473220734134,0.025166496986530396,0.0028880425738944115,-0.008046916085238436
2016-06-28,172146,56936,23141,80774,119506,083731,COFFEE C - ICE FUTURES U.S.,138.89999389648438,0.2249950623308122,-38732,-0.7855513438416548,33795,0.8084203785968703,0.019163171559816256,0.017658004170985425,0.0028880425738944115,0.03815697109178884,-0.00319945818783595
2016-07-05,176566,58947,21317,79598,122438,083731,COFFEE C - ICE FUTURES U.S.,144.1999969482422,0.24262881868536412,-42840,-2.3863464733423956,37630,2.2277601570759704,0.020333009958621237,0.04777982657231137,0.03815697109178884,0.012135922586934189,0.0028626286294950896
2016-07-12,180521,62995,20586,78705,128552,083731,COFFEE C - ICE FUTURES U.S.,145.9499969482422,0.2761285390619374,-49847,-3.9684877043145343,42409,2.706636611805217,0.03380826703078786,0.05717806678551345,0.012135922586934189,-0.008907181082153937,0.009403135152948348
2016-07-19,186943,64471,21368,81093,130775,083731,COFFEE C - ICE FUTURES U.S.,144.64999389648438,0.26576015149002635,-49682,0.09140210834196576,43103,0.38444280720802565,0.021763550890176904,0.02630505947180186,-0.008907181082153937,-0.021085294999399817,0.01574024967021586
2016-07-26,184613,61044,20145,84438,131028,083731,COFFEE C - ICE FUTURES U.S.,141.60000610351562,0.25236575972439645,-46590,1.6539800901879183,40899,-1.178968990547921,0.016698690280601117,0.0572737686139748,-0.021085294999399817,-0.0024717944098092692,0.022253328354755835
2016-08-02,189156,60199,21617,86052,131300,083731,COFFEE C - ICE FUTURES U.S.,141.25,0.239209964262302,-45248,0.726926056128225,38582,-1.255057877830922,0.008677168832124849,0.028319644079397674,-0.0024717944098092692,-0.001061903691924826,0.02819291080477485
2016-08-09,184791,58062,23197,85645,127704,083731,COFFEE C - ICE FUTURES U.S.,141.10000610351562,0.22760307590737644,-42059,1.6859100425045994,34865,-1.9650447249888978,0.018762684615348562,0.04574262543225981,-0.001061903691924826,-0.02622262258668362,0.03279239091347698
2016-08-16,172337,55237,22335,82769,122039,083731,COFFEE C - ICE FUTURES U.S.,137.39999389648438,0.22786749218101743,-39270,1.5092726377366863,32902,-1.062281171702085,0.04170247255966564,0.04753003661114835,-0.02622262258668362,0.0574964301761558,0.03631934861588601
2016-08-23,164169,61307,23013,69927,113438,083731,COFFEE C - ICE FUTURES U.S.,145.3000030517578,0.26503785732994656,-43511,-2.4608760742034503,38294,3.128753546829758,0.1169416191748698,0.08002846299810247,0.0574964301761558,-0.0037852927749897347,0.042657944281361056
2016-08-30,166041,57593,19641,73089,115606,083731,COFFEE C - ICE FUTURES U.S.,144.75,0.2560632614836095,-42517,0.605473627786001,37952,-0.20832191217586754,0.028246641405442644,0.09174715798741487,-0.0037852927749897347,0.053195142993037514,0.04924586607720575
2016-09-06,176478,64486,17286,73379,125692,083731,COFFEE C - ICE FUTURES U.S.,152.4499969482422,0.29642788336223214,-52313,-5.899747652688191,47200,5.569708686408779,0.05212210718788774,0.113094946925598,0.053195142993037514,-0.03345353195682943,0.05687802613213043
2016-09-13,178115,66697,18653,73108,125200,083731,COFFEE C - ICE FUTURES U.S.,147.35000610351562,0.29246273475002105,-52092,0.12522807375423564,48044,0.4782465803102936,0.0038475502753292858,0.04192149970708846,-0.03345353195682943,0.0553104415262724,0.06462747308862676
2016-09-20,181537,71278,21099,71644,126457,083731,COFFEE C - ICE FUTURES U.S.,155.5,0.30193844780953744,-54813,-1.5276647110013193,50179,1.1986637846335233,0.013735417791934417,0.07606871840393171,0.0553104415262724,-0.011575582326416756,0.07255672137017913
2016-09-27,185532,70148,21897,76870,130670,083731,COFFEE C - ICE FUTURES U.S.,153.6999969482422,0.2899769312032426,-53800,0.5580129670535483,48251,-1.0620424486468323,0.045480389322540234,0.020946276277907544,-0.011575582326416756,-0.04066363125631456,0.07997158225755349
2016-10-04,184912,66725,24130,77259,125687,083731,COFFEE C - ICE FUTURES U.S.,147.4499969482422,0.26189755126763004,-48428,2.895457387404868,42595,-3.0485307116831595,0.026470095493382476,0.06225304055913269,-0.04066363125631456,0.022719607818584953,0.08629727313324506
2016-10-11,185562,64117,22520,79706,127425,083731,COFFEE C - ICE FUTURES U.S.,150.8000030517578,0.257159332190858,-47719,0.3834256294886216,41597,-0.5397161893224885,0.02020460481531012,0.04868589632605007,0.022719607818584953,0.052718811587249004,0.09164995719731232
2016-10-18,193462,69392,19844,80790,135635,083731,COFFEE C - ICE FUTURES U.S.,158.75,0.2834923654257684,-54845,-3.840225908321747,49548,4.28482124572919,0.04294328289245697,0.08910081133174952,0.052718811587249004,0.03622047244094495,0.09719743773370251
2016-10-25,205446,77852,16929,81327,146774,083731,COFFEE C - ICE FUTURES U.S.,164.5,0.31856059499819905,-65447,-5.480145971818755,60923,5.87970764284459,0.05118785099583079,0.12001350481636615,0.03622047244094495,-0.018541051986369683,0.10419188980777784
2016-11-01,217273,81673,17268,82965,151704,083731,COFFEE C - ICE FUTURES U.S.,161.4499969482422,0.3163715694080719,-68739,-1.6023675321008926,64405,1.6948492547920135,0.02798835807030328,0.04204525929594405,-0.018541051986369683,0.03747292143769654,0.11145349394960015
2016-11-08,224538,84500,19397,90343,159975,083731,COFFEE C - ICE FUTURES U.S.,167.5,0.3101123195182998,-69632,-0.41100366819623235,65103,0.32125482687678636,0.06251647903866282,0.04770108857811101,0.03747292143769654,-0.034029832526819015,0.1190479559447164
2016-11-15,204830,74337,15038,89241,154019,083731,COFFEE C - ICE FUTURES U.S.,161.8000030517578,0.31625250207489136,-64778,2.161772172193571,59299,-2.5848631412054974,0.029014223464605773,0.16248391608391607,-0.034029832526819015,-0.028121155537322973,0.12739402666125338
2016-11-22,191007,71125,13981,83503,146308,083731,COFFEE C - ICE FUTURES U.S.,157.25,0.3288099389027627,-62805,0.9632378069618709,57144,-1.0520919787140557,0.058522002863222386,0.05016097572439076,-0.028121155537322973,-0.04674089731965425,0.13527436506370646
2016-11-29,186449,64941,14319,86071,142317,083731,COFFEE C - ICE FUTURES U.S.,149.89999389648438,0.30166962547399023,-56246,3.433905563670441,50622,-3.4145345458543406,0.02871867173406659,0.08228614685844057,-0.04674089731965425,-0.0797197960961522,0.14260847012680436
2016-12-06,185690,58473,21171,90308,132237,083731,COFFEE C - ICE FUTURES U.S.,137.9499969482422,0.2258010662932845,-41929,7.678775429205842,37302,-7.144044752184244,0.06433305623581748,0.1672442368540003,-0.0797197960961522,0.006886531129091766,0.1471998916343866
2016-12-13,185708,55956,24930,90734,126396,083731,COFFEE C - ICE FUTURES U.S.,138.89999389648438,0.19203265341288475,-35662,3.3749798050514297,31026,-3.379826592708277,0.028862893197623543,0.07759068318374007,0.006886531129091766,0.035637238477636446,0.15132845265340492
2016-12-20,188916,56998,27804,91139,125064,083731,COFFEE C - ICE FUTURES U.S.,143.85000610351562,0.17957716657138623,-33925,0.935339349947229,29194,-0.9864949275206237,0.008034116085345717,0.046178156175561896,0.035637238477636446,-0.06708382861193074,0.15573664096044748
2016-12-27,189312,55603,32119,93829,120546,083731,COFFEE C - ICE FUTURES U.S.,134.1999969482422,0.1411268171061528,-26717,3.815452370365665,23484,-3.0225073577674735,0.03362332361516035,0.06509199516654887,-0.06708382861193074,0.02384498525343748,0.15922904686883868
2017-01-03,194266,57680,37243,96690,120439,083731,COFFEE C - ICE FUTURES U.S.,137.39999389648438,0.1222499047697487,-23749,1.5677822853279244,20437,-1.609512339418526,0.013669293369379493,0.07586148773216186,0.02384498525343748,0.0749636354388612,0.16167753303738602
2017-01-10,186933,57406,32201,92406,120538,083731,COFFEE C - ICE FUTURES U.S.,147.6999969482422,0.15049242241872757,-28132,-2.2561848187536677,25205,2.4543666930909165,0.020582876249154707,0.05932572232080083,0.0749636354388612,0.014895037194977867,0.16601843635585178
2017-01-17,179348,56201,25005,86593,119893,083731,COFFEE C - ICE FUTURES U.S.,149.89999389648438,0.18567254722662088,-33300,-2.764626898407451,31196,3.2048915921747363,0.03127572813653226,0.10345294682658916,0.014895037194977867,0.01634431158631755,0.17131949210059685
2017-01-24,180324,54570,18325,86465,125757,083731,COFFEE C - ICE FUTURES U.S.,152.35000610351562,0.2178966748741155,-39292,-3.3409906996453818,36245,2.815197270111738,0.02823458453883198,0.11401330681116675,0.01634431158631755,-0.018378752475108673,0.17706451752187297
2017-01-31,185226,54959,19178,88277,127068,083731,COFFEE C - ICE FUTURES U.S.,149.5500030517578,0.2094252426765141,-38791,0.2778332335130099,35781,-0.257314611477119,0.014502310246348881,0.016752768523139592,-0.018378752475108673,-0.04647273023349163,0.18166372921248294
2017-02-07,181894,53807,22594,90112,124312,083731,COFFEE C - ICE FUTURES U.S.,142.60000610351562,0.18802159499488713,-34200,2.478593717944565,31213,-2.466176454709382,0.021410849531768833,0.05978979332731247,-0.04647273023349163,0.007363167938482018,0.18562674009843322
2017-02-14,174739,55075,27029,84192,114677,083731,COFFEE C - ICE FUTURES U.S.,143.64999389648438,0.1744601949192796,-30485,2.0423983199006015,28046,-1.741123951312303,0.07821731893859778,0.06946068401052324,0.007363167938482018,0.04664122862308884,0.18979690621391565
2017-02-21,173929,57280,26408,83492,117194,083731,COFFEE C - ICE FUTURES U.S.,150.35000610351562,0.1937687217197822,-33702,-1.841031481237732,30872,1.6172691843263383,0.01603001704154749,0.033768282190995126,0.04664122862308884,-0.06418362995362592,0.19405559607473208
2017-02-28,176736,57747,29000,85762,115841,083731,COFFEE C - ICE FUTURES U.S.,140.6999969482422,0.17019169835234474,-30079,2.0830338816413594,28747,-1.2217629032536264,0.017970962733689477,0.035263467324518426,-0.06418362995362592,-0.012082423490510474,0.1986435682321917
2017-03-07,175170,58490,33408,86555,113701,083731,COFFEE C - ICE FUTURES U.S.,139.0,0.1549694582405663,-27146,1.6595373891001266,25082,-2.073714466775303,0.014646252796420582,0.05605127423883001,-0.012082423490510474,0.004316590672774234,0.20170573626507945
2017-03-14,183783,59850,37457,89654,114471,083731,COFFEE C - ICE FUTURES U.S.,139.60000610351562,0.13503425235195857,-24817,1.329565564879831,22393,-1.535080207798139,0.018954072259644825,0.055586956745146805,0.004316590672774234,0.02793691780781482,0.20279719513768757
2017-03-21,187689,61442,37497,90192,116670,083731,COFFEE C - ICE FUTURES U.S.,143.5,0.14107379761200708,-26478,-0.9037832661345174,23945,0.8444741896693383,0.013231042917500557,0.016495012078149164,0.02793691780781482,-0.03240413865145908,0.2026074728592914
2017-03-28,191066,60215,45524,94038,111114,083731,COFFEE C - ICE FUTURES U.S.,138.85000610351562,0.08937225880062387,-17076,5.0093505746207825,14691,-4.930496725966893,0.04582943378568086,0.08751737769413367,-0.03240413865145908,-0.007922261830478727,0.20140994543235027
2017-04-04,198653,62223,47872,97849,115095,083731,COFFEE C - ICE FUTURES U.S.,137.75,0.0868146969841885,-17246,-0.0889744904901971,14351,-0.1779489809803942,0.036591779998497255,0.03956582951087697,-0.007922261830478727,0.01778582176582355,0.2009743220690327
2017-04-11,204349,63696,48512,100526,118455,083731,COFFEE C - ICE FUTURES U.S.,140.1999969482422,0.08773715555251066,-17929,-0.3438155980528862,15184,0.41932414813770746,0.027568601842168954,0.018831099386852988,0.01778582176582355,0.01925818121978251,0.2009491842901573
2017-04-18,192352,63183,45289,95525,115571,083731,COFFEE C - ICE FUTURES U.S.,142.89999389648438,0.10421518882049575,-20046,-1.0359727720713094,17894,1.326162594385096,0.03735267366506234,0.03444206799911498,0.01925818121978251,-0.09097271207315161,0.20080779227996587
2017-04-25,200491,52764,51650,106606,109236,083731,COFFEE C - ICE FUTURES U.S.,129.89999389648438,0.013117795811283299,-2630,9.054233904508402,1114,-8.723590084844451,0.08068865188424866,0.16070641867948743,-0.09097271207315161,0.031562789038950045,0.1989798877482758
2017-05-02,206724,51488,54707,111290,109310,083731,COFFEE C - ICE FUTURES U.S.,134.0,-0.009577988042027051,1980,2.2993550832705707,-3219,-2.1611942680718834,0.02156844968268359,0.04080229765996516,0.031562789038950045,-0.008955201106285005,0.19800577127588392
2017-05-09,207823,53081,54189,109446,109234,083731,COFFEE C - ICE FUTURES U.S.,132.8000030517578,-0.0010200988341040212,212,-0.8552466090052437,-1108,1.0211683210464193,0.008779952441924272,0.019679313880861377,-0.008955201106285005,-0.026731950076644417,0.19654752466964412
2017-05-16,211577,52578,54791,109294,108353,083731,COFFEE C - ICE FUTURES U.S.,129.25,-0.004447553373003682,941,0.35077926889709027,-2213,-0.5317024583419544,0.0047462174989777025,0.010291611172684853,-0.026731950076644417,0.007736943907156624,0.19383151391912834
2017-05-23,213102,53624,58569,110423,107918,083731,COFFEE C - ICE FUTURES U.S.,130.25,-0.011754934256834755,2505,0.7392107837808457,-4945,-1.2912556657859786,0.0071631072496690954,0.04299733494959579,0.007736943907156624,0.01420350175443863,0.19199317141402322
2017-05-30,215278,54826,61706,111950,107208,083731,COFFEE C - ICE FUTURES U.S.,132.10000610351562,-0.022027332100818475,4742,1.0497320531951837,-6880,-0.9080158797195709,0.010207247739074093,0.037234407716335426,0.01420350175443863,-0.04958366956187077,0.19076650386169997
2017-06-06,224297,56498,69672,112657,102416,083731,COFFEE C - ICE FUTURES U.S.,125.5500030517578,-0.045658212102703113,10241,2.554371556777748,-13174,-2.9236614981558726,0.025568062936770306,0.07638899896964413,-0.04958366956187077,0.006770198753166978,0.1884577511602474
2017-06-13,222738,54204,74472,116581,100107,083731,COFFEE C - ICE FUTURES U.S.,126.4000015258789,-0.07396133573974804,16474,2.778904755747959,-20268,-3.1627707905143625,0.02876486007531566,0.05513071590661817,0.006770198753166978,-0.035205731993014355,0.1838650189230529
2017-06-20,214847,56693,81723,107120,85551,083731,COFFEE C - ICE FUTURES U.S.,121.9499969482422,-0.1003923722462962,21569,2.287440849787643,-25030,-2.137937846258833,0.12465290573049395,0.07036758756213154,-0.035205731993014355,0.006560090789484274,0.17782698580107928
2017-06-27,221973,55255,86099,111980,84414,083731,COFFEE C - ICE FUTURES U.S.,122.75,-0.12418627490730855,27566,2.791288684505718,-30844,-2.7061117911816317,0.030535556076051202,0.04113077804660639,0.006560090789484274,0.013849262307472188,0.17111196008496155
2017-07-11,227103,52314,81488,117897,90152,083731,COFFEE C - ICE FUTURES U.S.,124.4499969482422,-0.12216923598543392,27745,0.08064043825149905,-29174,0.7523437535195722,0.05602045671933054,0.0564416077487631,0.013849262307472188,0.059863375901411775,0.16409661287975388
2017-07-18,223173,52574,71545,115986,98925,083731,COFFEE C - ICE FUTURES U.S.,131.89999389648438,-0.07644741971475044,17061,-4.704473300660934,-18971,4.492675129786925,0.0497136023749366,0.08220336934715877,0.059863375901411775,-0.009855859386839638,0.15731630598020216
2017-07-25,224494,49215,63149,117306,104837,083731,COFFEE C - ICE FUTURES U.S.,130.60000610351562,-0.05554268710967777,12469,-2.0575965730621535,-13934,2.256993453509161,0.032555606073565224,0.10461535723185361,-0.009855859386839638,0.05551301425096056,0.1511374052379002
2017-08-01,213961,47954,54666,114899,108920,083731,COFFEE C - ICE FUTURES U.S.,137.85000610351562,-0.027944344997452807,5979,-2.890945860468431,-6712,3.217012481402621,0.028996644610153742,0.09495225102319237,0.05551301425096056,0.03554583735603778,0.14574682630094157
2017-08-08,205335,46630,46804,112163,113509,083731,COFFEE C - ICE FUTURES U.S.,142.75,0.006555141597876641,-1346,-3.4235211089871522,-174,3.0556970662877814,0.03245861249955688,0.09831538840250872,0.03554583735603778,-0.07530647985989491,0.14127269509585644
2017-08-15,191562,44371,40187,104166,108988,083731,COFFEE C - ICE FUTURES U.S.,132.0,0.025172006974243325,-4822,-1.6928434022451118,4184,2.122385370248618,0.05872749279863385,0.10496937013647437,-0.07530647985989491,-0.04659092065059778,0.1373797899240654
2017-08-22,185359,42369,52185,104278,96632,083731,COFFEE C - ICE FUTURES U.S.,125.8499984741211,-0.041249683047491624,7646,6.5085977385911615,-9816,-7.308338814587444,0.062057637748245485,0.14806354041077058,-0.04659092065059778,0.011521689274671454,0.1322044596312095
2017-08-29,194047,42976,60710,108303,93498,083731,COFFEE C - ICE FUTURES U.S.,127.3000030517578,-0.07629594891959164,14805,3.8622349063169312,-17734,-4.2717105724566915,0.035475542737647484,0.08807360685145535,0.011521689274671454,-0.006284391457811123,0.12564034797256451
2017-09-05,206646,47399,69510,111522,92700,083731,COFFEE C - ICE FUTURES U.S.,126.5,-0.09108330187857495,18822,2.070117033502193,-22111,-2.2556390977443606,0.01966977113141581,0.11310506462291184,-0.006284391457811123,0.05770753400599071,0.11896445252329174
2017-09-12,205989,48071,70002,106318,88117,083731,COFFEE C - ICE FUTURES U.S.,133.8000030517578,-0.08835908713572084,18201,-0.3005139223599779,-21931,0.08710548474202259,0.050335587728546814,0.009858307995900841,0.05770753400599071,0.0011210305909061802,0.1115647030906388
2017-09-19,189841,44135,54632,98816,90336,083731,COFFEE C - ICE FUTURES U.S.,133.9499969482422,-0.04466895981373887,8480,-4.719184034098908,-10497,5.550781837865128,0.0513925308746405,0.19547014691141779,0.0011210305909061802,-0.012691280231227342,0.10508140127210495
2017-09-26,189928,47444,57279,100541,92995,083731,COFFEE C - ICE FUTURES U.S.,132.25,-0.039730845372983443,7546,-0.49199066587302004,-9835,0.34871287024404635,0.022652116402116403,0.05687384815179092,-0.012691280231227342,-0.05141779245185485,0.09851083794167186
2017-10-03,208591,48807,69961,107042,90622,083731,COFFEE C - ICE FUTURES U.S.,125.4499969482422,-0.07871864078507702,16420,4.672296870392991,-21154,-5.959626805947517,0.0448943661971831,0.11825575912703759,-0.05141779245185485,0.044240758762613686,0.09142053848035801
2017-10-10,216316,48907,71485,110430,92301,083731,COFFEE C - ICE FUTURES U.S.,131.0,-0.08380794763216776,18129,0.8193066814963254,-22578,-0.6826756667353817,0.024993710877961435,0.013489268389926241,0.044240758762613686,-0.05229006468794728,0.08477235580920807
2017-10-17,229958,48392,78036,121117,97184,083731,COFFEE C - ICE FUTURES U.S.,124.1500015258789,-0.10407552683533515,23933,2.6831117439301764,-29644,-3.2665175021727473,0.0713235395165391,0.05588951814471478,-0.05229006468794728,-0.007652070607817696,0.07782553159716589
2017-10-24,237644,50371,83388,125582,98922,083731,COFFEE C - ICE FUTURES U.S.,123.1999969482422,-0.11218461227718772,26660,1.1858687238539212,-33017,-1.4667895876638342,0.027629797241919964,0.054807526970147805,-0.007652070607817696,0.015422090689475532,0.07021635894903212
2017-10-31,239067,52133,84949,123891,98242,083731,COFFEE C - ICE FUTURES U.S.,125.0999984741211,-0.1072879151032974,25649,-0.4254262678628537,-32816,0.08458029657807477,0.010673785524888242,0.024240965261668197,0.015422090689475532,-0.0031974542826364027,0.06202696452400333
2017-11-07,240183,52145,87460,122971,93922,083731,COFFEE C - ICE FUTURES U.S.,124.6999969482422,-0.12094527922459125,29049,1.422195451484312,-35315,-1.0453136568409693,0.024159378126541658,0.01807241860964865,-0.0031974542826364027,0.018845277955307216,0.05361702512722136
2017-11-14,218750,49565,83712,113291,84781,083731,COFFEE C - ICE FUTURES U.S.,127.0500030517578,-0.13033142857142857,28510,-0.22441221901633338,-34147,0.4862958660687892,0.09502100246375056,0.047480060325487516,0.018845277955307216,-0.025186969703047457,0.04514695304857273
2017-11-21,201113,49455,86229,101964,70511,083731,COFFEE C - ICE FUTURES U.S.,123.8499984741211,-0.15639466369652882,31453,1.3453714285714287,-36774,-1.2009142857142856,0.14840991448035948,0.0193611627015713,-0.025186969703047457,0.029067408304194187,0.036057584476045415
2017-11-28,195617,48928,79169,95731,70105,083731,COFFEE C - ICE FUTURES U.S.,127.4499969482422,-0.13100088438121432,25626,-2.8973761019924122,-30241,3.2484225286281845,0.04003352709906172,0.05922855336190543,0.029067408304194187,-0.011769321584285009,0.027215068643661248
2017-12-05,191144,47180,75639,94927,70869,083731,COFFEE C - ICE FUTURES U.S.,125.9499969482422,-0.1258632235382748,24058,-0.8015663260350583,-28459,0.910963771042394,0.009457405486260223,0.04297380698426139,-0.011769321584285009,-0.07066291474498221,0.018993283085733073
2017-12-12,214892,46251,92446,109429,70016,083731,COFFEE C - ICE FUTURES U.S.,117.0500030517578,-0.18340840980585596,39413,8.033210563763445,-46195,-9.278868287783034,0.08556939452199838,0.12787587330656033,-0.07066291474498221,0.04015375331655413,0.011123870083826527
2017-12-19,218688,47918,94942,110436,70770,083731,COFFEE C - ICE FUTURES U.S.,121.75,-0.18138169446883232,39666,0.11773355918321762,-47024,-0.385775180090464,0.009718221250951955,0.02914041719165617,0.04015375331655413,0.003696073496855856,0.003942824932255043
2017-12-26,220632,49417,96683,117074,76444,083731,COFFEE C - ICE FUTURES U.S.,122.1999969482422,-0.18415279741832555,40630,0.4408106526192566,-47266,-0.11065993561603746,0.0636219886522184,0.02217659137577002,0.003696073496855856,,-0.0030519820675471055
