,Open_Interest_All,NonComm_Positions_Long_All,NonComm_Positions_Short_All,Comm_Positions_Long_All,Comm_Positions_Short_All,CFTC_Contract_Market_Code,Market_and_Exchange_Names,LB_Close,HP,NetLong_Comm,Q_Comm,NetLong_NonComm,Q_NonComm,PT_Comm,PT_NonComm,Ret,Ret_Lead,HP_Smooth_52w
2003-01-07,3975,168,1389,1011,190,058643,RANDOM LENGTH LUMBER - CHICAGO MERCANTILE EXCHANGE ,221.3999938964844,-0.20654088050314465,821,,-1221,,,,,0.021680231183755172,
2003-01-14,2669,194,994,627,371,058643,RANDOM LENGTH LUMBER - CHICAGO MERCANTILE EXCHANGE ,226.1999969482422,-0.09591607343574372,256,-14.213836477987421,-800,10.59119496855346,0.5661322645290581,0.3543771043771044,0.021680231183755172,0.035366932395805906,
2003-01-21,2910,229,1033,665,370,058643,RANDOM LENGTH LUMBER - CHICAGO MERCANTILE EXCHANGE ,234.1999969482422,-0.1013745704467354,295,1.4612214312476584,-804,-0.14986886474334957,0.03768115942028986,0.058637083993660855,0.035366932395805906,0.08411612811675595,
2003-01-28,3020,240,1088,700,472,058643,RANDOM LENGTH LUMBER - CHICAGO MERCANTILE EXCHANGE ,253.8999938964844,-0.07549668874172186,228,-2.302405498281787,-848,-1.5120274914089347,0.11689419795221843,0.04969879518072289,0.08411612811675595,0.09610080536840138,
2003-02-04,3451,411,1143,543,972,058643,RANDOM LENGTH LUMBER - CHICAGO MERCANTILE EXCHANGE ,278.29998779296875,0.12431179368299043,-429,-21.75496688741722,-732,3.8410596026490067,0.43366336633663366,0.14543114543114544,0.09610080536840138,-0.0071864897151480145,
2003-02-11,3361,375,795,497,1286,058643,RANDOM LENGTH LUMBER - CHICAGO MERCANTILE EXCHANGE ,276.29998779296875,0.2347515620351086,-789,-10.431758910460736,-420,9.040857722399306,0.20190689848569826,0.3282051282051282,-0.0071864897151480145,-0.06623231488045123,
2003-02-18,3091,316,803,467,1045,058643,RANDOM LENGTH LUMBER - CHICAGO MERCANTILE EXCHANGE ,258.0,0.18699450016175995,-578,6.277893484082118,-487,-1.9934543290687297,0.17923280423280424,0.05987488829311886,-0.06623231488045123,-0.022868193397226344,
2003-02-25,3217,320,866,339,1221,058643,RANDOM LENGTH LUMBER - CHICAGO MERCANTILE EXCHANGE ,252.1000061035156,0.2741684799502642,-882,-9.835004852798447,-546,-1.9087673891944354,0.19487179487179487,0.05649241146711636,-0.022868193397226344,-0.058310241376968386,
2003-03-04,2456,181,605,592,781,058643,RANDOM LENGTH LUMBER - CHICAGO MERCANTILE EXCHANGE ,237.3999938964844,0.07695439739413681,-189,21.54180913894933,-424,3.7923531240285984,0.504734158776402,0.5089058524173028,-0.058310241376968386,-0.05096879172626545,
2003-03-11,2606,300,1047,539,439,058643,RANDOM LENGTH LUMBER - CHICAGO MERCANTILE EXCHANGE ,225.3000030517578,-0.03837298541826554,100,11.767100977198696,-747,-13.151465798045603,0.40388548057259716,0.41648106904231624,-0.05096879172626545,0.09187748188128886,
2003-03-18,2294,247,996,581,395,058643,RANDOM LENGTH LUMBER - CHICAGO MERCANTILE EXCHANGE ,246.0,-0.08108108108108109,186,3.300076745970836,-749,-0.07674597083653108,0.08811475409836066,0.083668543845535,0.09187748188128886,-0.023170719301797482,
2003-03-25,2548,235,1034,722,402,058643,RANDOM LENGTH LUMBER - CHICAGO MERCANTILE EXCHANGE ,240.3000030517578,-0.12558869701726844,320,5.841325196163906,-799,-2.1795989537925022,0.13167259786476868,0.039401103230890466,-0.023170719301797482,-0.030794877491863937,
2003-04-01,2998,385,1323,752,331,058643,RANDOM LENGTH LUMBER - CHICAGO MERCANTILE EXCHANGE ,232.8999938964844,-0.14042695130086724,421,3.9638932496075356,-938,-5.455259026687599,0.09325946445060018,0.2570257611241218,-0.030794877491863937,0.027050249965046902,
2003-04-08,2803,331,1146,730,463,058643,RANDOM LENGTH LUMBER - CHICAGO MERCANTILE EXCHANGE ,239.1999969482422,-0.0952550838387442,267,-5.136757838559039,-815,4.10273515677118,0.12908633696563285,0.15639810426540285,0.027050249965046902,0.029682300142553686,
2003-04-15,2643,227,903,693,457,058643,RANDOM LENGTH LUMBER - CHICAGO MERCANTILE EXCHANGE ,246.3000030517578,-0.08929247067726069,236,-1.1059579022475918,-676,4.958972529432751,0.03739130434782609,0.3070796460176991,0.029682300142553686,0.007714144835333725,
2003-04-22,2695,130,920,687,416,058643,RANDOM LENGTH LUMBER - CHICAGO MERCANTILE EXCHANGE ,248.1999969482422,-0.10055658627087198,271,1.324252743094968,-790,-4.313280363223609,0.04261106074342702,0.10857142857142857,0.007714144835333725,-0.04875097096495873,
2003-04-29,2856,308,1041,496,302,058643,RANDOM LENGTH LUMBER - CHICAGO MERCANTILE EXCHANGE ,236.1000061035156,-0.06792717086834733,194,-2.857142857142857,-733,2.1150278293135436,0.38220551378446116,0.22164566345441067,-0.04875097096495873,-0.0529436665686468,
2003-05-06,3115,282,1134,676,266,058643,RANDOM LENGTH LUMBER - CHICAGO MERCANTILE EXCHANGE ,223.6000061035156,-0.13162118780096307,410,7.563025210084033,-852,-4.166666666666666,0.22929936305732485,0.08403954802259887,-0.0529436665686468,0.007155593922416381,
2003-05-13,3287,371,1338,719,337,058643,RANDOM LENGTH LUMBER - CHICAGO MERCANTILE EXCHANGE ,225.1999969482422,-0.11621539397627015,382,-0.8988764044943821,-967,-3.6918138041733553,0.10795454545454546,0.17144528964306613,0.007155593922416381,0.10879218619896713,
2003-05-20,2868,364,1182,564,373,058643,RANDOM LENGTH LUMBER - CHICAGO MERCANTILE EXCHANGE ,249.6999969482422,-0.06659693165969316,191,-5.810769698813507,-818,4.533008822634621,0.20384204909284953,0.1054333764553687,0.10879218619896713,-0.020024029079329098,
2003-05-27,2667,379,1044,527,377,058643,RANDOM LENGTH LUMBER - CHICAGO MERCANTILE EXCHANGE ,244.6999969482422,-0.0562429696287964,150,-1.4295676429567643,-665,5.334728033472803,0.04535398230088496,0.10751932536893886,-0.020024029079329098,0.06661219147953457,
2003-06-03,2752,394,896,676,621,058643,RANDOM LENGTH LUMBER - CHICAGO MERCANTILE EXCHANGE ,261.0,-0.01998546511627907,55,-3.562054743157105,-502,6.111736032995876,0.30300693909020815,0.1263565891472868,0.06661219147953457,0.04022988505747116,
2003-06-10,2937,379,967,668,818,058643,RANDOM LENGTH LUMBER - CHICAGO MERCANTILE EXCHANGE ,271.5,0.05107252298263534,-150,-7.449127906976743,-588,-3.125,0.1379542395693136,0.0638930163447251,0.04022988505747116,0.04640886225972607,
2003-06-17,3313,426,940,577,921,058643,RANDOM LENGTH LUMBER - CHICAGO MERCANTILE EXCHANGE ,284.1000061035156,0.10383338364020525,-344,-6.605379639087504,-514,2.519577800476677,0.1295060080106809,0.05417276720351391,0.04640886225972607,0.06300596097123012,
2003-06-24,3573,591,493,502,1368,058643,RANDOM LENGTH LUMBER - CHICAGO MERCANTILE EXCHANGE ,302.0,0.24237335572348168,-866,-15.756112284938123,98,18.472683368548143,0.279144385026738,0.5645756457564576,0.06300596097123012,-0.07119205298013243,
2003-07-01,3069,494,447,301,831,058643,RANDOM LENGTH LUMBER - CHICAGO MERCANTILE EXCHANGE ,280.5,0.17269468882372108,-530,9.403862300587742,47,-1.4273719563392109,0.6519434628975265,0.15196599362380447,-0.07119205298013243,-0.01889478714070858,-0.005436019361067331
2003-07-08,2938,565,420,340,917,058643,RANDOM LENGTH LUMBER - CHICAGO MERCANTILE EXCHANGE ,275.20001220703125,0.19639210347174949,-577,-1.531443466927338,145,3.1932225480612577,0.09944311853619729,0.09949238578680203,-0.01889478714070858,-0.06867741124896509,0.002039096299407366
2003-07-15,2238,382,428,246,505,058643,RANDOM LENGTH LUMBER - CHICAGO MERCANTILE EXCHANGE ,256.29998779296875,0.11572832886505809,-259,10.823689584751532,-46,-6.5010211027910145,0.6737683089214381,0.23580246913580247,-0.06867741124896509,0.039406970677166475,0.006099426033894892
2003-07-22,2146,236,442,262,512,058643,RANDOM LENGTH LUMBER - CHICAGO MERCANTILE EXCHANGE ,266.3999938964844,0.11649580615097857,-250,0.40214477211796246,-206,-7.149240393208221,0.029715762273901807,0.2359882005899705,0.039406970677166475,0.06981984433056354,0.00990619776207019
2003-07-29,1893,282,376,216,415,058643,RANDOM LENGTH LUMBER - CHICAGO MERCANTILE EXCHANGE ,285.0,0.10512414157422081,-199,2.3765144454799625,-94,5.21901211556384,0.2266244057052298,0.1702127659574468,0.06981984433056354,0.07228072317023027,0.013080129222475211
2003-08-05,2134,283,403,263,612,058643,RANDOM LENGTH LUMBER - CHICAGO MERCANTILE EXCHANGE ,305.6000061035156,0.1635426429240862,-349,-7.923930269413629,-120,-1.3734812466983624,0.27885714285714286,0.04081632653061224,0.07228072317023027,-0.030431996481690815,0.01793375869672073
2003-08-12,2566,386,503,513,734,058643,RANDOM LENGTH LUMBER - CHICAGO MERCANTILE EXCHANGE ,296.29998779296875,0.08612626656274357,-221,5.998125585754452,-117,0.14058106841611998,0.2983159582999198,0.2283464566929134,-0.030431996481690815,0.03678712407399276,0.02006477456753394
2003-08-19,2890,433,443,632,1002,058643,RANDOM LENGTH LUMBER - CHICAGO MERCANTILE EXCHANGE ,307.20001220703125,0.12802768166089964,-370,-5.806703039750585,-10,4.169914263445051,0.23684210526315788,0.12214611872146118,0.03678712407399276,0.11979162217014538,0.02333637781278745
2003-08-26,3400,622,499,674,1459,058643,RANDOM LENGTH LUMBER - CHICAGO MERCANTILE EXCHANGE ,344.0,0.23088235294117648,-785,-14.359861591695502,123,4.602076124567474,0.23394280356305672,0.21855486173059768,0.11979162217014538,0.01860463342001273,0.02944067119891654
2003-09-02,3788,880,422,501,1708,058643,RANDOM LENGTH LUMBER - CHICAGO MERCANTILE EXCHANGE ,350.3999938964844,0.3186378035902851,-1207,-12.411764705882353,458,9.852941176470589,0.19103666817564507,0.2572964669738863,0.01860463342001273,0.005993168208033639,0.0377034464100985
2003-09-09,3860,1096,392,550,1633,058643,RANDOM LENGTH LUMBER - CHICAGO MERCANTILE EXCHANGE ,352.5,0.2805699481865285,-1083,3.2734952481520594,704,6.4941921858500535,0.056802565277141545,0.16532258064516128,0.005993168208033639,-0.0822695035460993,0.044449738126110444
2003-09-16,3451,1075,396,358,1393,058643,RANDOM LENGTH LUMBER - CHICAGO MERCANTILE EXCHANGE ,323.5,0.2999130686757462,-1035,1.2435233160621761,679,-0.6476683937823834,0.24671616219303255,0.01699524133242692,-0.0822695035460993,-0.02472952086553326,0.05135415246528978
2003-09-23,3195,1007,397,347,1369,058643,RANDOM LENGTH LUMBER - CHICAGO MERCANTILE EXCHANGE ,315.5,0.3198748043818466,-1022,0.37670240509997105,610,-1.999420457838308,0.020396270396270396,0.049145299145299144,-0.02472952086553326,-0.019017432646592725,0.05842048541046234
2003-09-30,3263,883,274,510,1455,058643,RANDOM LENGTH LUMBER - CHICAGO MERCANTILE EXCHANGE ,309.5,0.28961078761875575,-945,2.4100156494522693,609,-0.03129890453834116,0.1267175572519084,0.21348314606741572,-0.019017432646592725,-0.022617124394184174,0.06434844187734165
2003-10-07,3271,1022,283,573,1519,058643,RANDOM LENGTH LUMBER - CHICAGO MERCANTILE EXCHANGE ,302.5,0.28920819321308466,-946,-0.030646644192460923,739,3.9840637450199203,0.0607074569789675,0.11340996168582375,-0.022617124394184174,0.0023140899405991178,0.06996993566073523
2003-10-14,3654,964,316,771,1898,058643,RANDOM LENGTH LUMBER - CHICAGO MERCANTILE EXCHANGE ,303.20001220703125,0.30842911877394635,-1127,-5.533476001222867,648,-2.7820238459186792,0.21618583739228175,0.07109375,0.0023140899405991178,-0.06728239971221683,0.07578601329764281
2003-10-21,2813,822,230,485,1323,058643,RANDOM LENGTH LUMBER - CHICAGO MERCANTILE EXCHANGE ,282.79998779296875,0.29790259509420547,-838,7.909140667761358,592,-1.532567049808429,0.476216814159292,0.21673003802281368,-0.06728239971221683,-0.05445542631267142,0.08107450334041812
2003-10-28,2447,565,276,461,915,058643,RANDOM LENGTH LUMBER - CHICAGO MERCANTILE EXCHANGE ,267.3999938964844,0.1855333060890887,-454,13.650906505510132,289,-10.771418414504089,0.313953488372093,0.36028537455410226,-0.05445542631267142,-0.006357448497591345,0.08350377782294534
2003-11-04,1968,375,197,317,826,058643,RANDOM LENGTH LUMBER - CHICAGO MERCANTILE EXCHANGE ,265.70001220703125,0.25863821138211385,-509,-2.2476501838986516,178,-4.536166734777279,0.20384951881014873,0.47027972027972026,-0.006357448497591345,0.03123819123689575,0.08748410585838098
2003-11-11,1736,234,193,355,584,058643,RANDOM LENGTH LUMBER - CHICAGO MERCANTILE EXCHANGE ,274.0,0.13191244239631336,-229,14.227642276422763,41,-6.961382113821138,0.29818956336528224,0.3395784543325527,0.03123819123689575,0.12408759124087587,0.08847140222589059
2003-11-18,1732,243,153,366,407,058643,RANDOM LENGTH LUMBER - CHICAGO MERCANTILE EXCHANGE ,308.0,0.02367205542725173,-41,10.829493087557603,90,2.82258064516129,0.24320827943078913,0.12373737373737374,0.12408759124087587,0.017857142857142794,0.08706272077374626
2003-11-25,1912,317,235,315,416,058643,RANDOM LENGTH LUMBER - CHICAGO MERCANTILE EXCHANGE ,313.5,0.05282426778242678,-101,-3.4642032332563506,82,-0.4618937644341801,0.08207934336525308,0.2826086956521739,0.017857142857142794,-0.0488037888132975,0.08633424305052671
2003-12-02,1875,376,255,349,448,058643,RANDOM LENGTH LUMBER - CHICAGO MERCANTILE EXCHANGE ,298.20001220703125,0.0528,-99,0.10460251046025104,121,2.0397489539748954,0.08281053952321205,0.12519809825673534,-0.0488037888132975,-0.02850435832342857,0.08563561298697407
2003-12-09,1871,405,362,297,386,058643,RANDOM LENGTH LUMBER - CHICAGO MERCANTILE EXCHANGE ,289.70001220703125,0.04756814537680385,-89,0.5333333333333333,43,-4.16,0.16691068814055637,0.1773142112125163,-0.02850435832342857,-0.03693480067713839,0.08485872589288897
2003-12-16,1948,276,365,418,341,058643,RANDOM LENGTH LUMBER - CHICAGO MERCANTILE EXCHANGE ,279.0,-0.039527720739219716,77,8.872260823089258,-89,-7.055050774986638,0.21870882740447958,0.2059282371294852,-0.03693480067713839,0.10573476702508966,0.08237099696024679
2003-12-30,1916,414,489,364,413,058643,RANDOM LENGTH LUMBER - CHICAGO MERCANTILE EXCHANGE ,308.5,0.0255741127348643,-49,-6.46817248459959,-75,0.7186858316221766,0.16216216216216217,0.2901439645625692,0.10573476702508966,0.05316043402426063,0.08125733256367067
2004-01-06,2253,618,262,242,762,058643,RANDOM LENGTH LUMBER - CHICAGO MERCANTILE EXCHANGE ,324.8999938964844,0.23080337328007103,-520,-24.582463465553236,356,22.494780793319418,0.46912350597609564,0.48977272727272725,0.05316043402426063,-0.005540128737405392,0.08413321796206298
2004-01-13,2576,739,224,206,900,058643,RANDOM LENGTH LUMBER - CHICAGO MERCANTILE EXCHANGE ,323.1000061035156,0.2694099378881988,-694,-7.723035952063914,515,7.057256990679095,0.15732368896925858,0.16510903426791276,-0.005540128737405392,0.09811198109138064,0.09328611831574266
2004-01-20,3322,922,395,281,1387,058643,RANDOM LENGTH LUMBER - CHICAGO MERCANTILE EXCHANGE ,354.79998779296875,0.3329319686935581,-1106,-15.993788819875776,527,0.4658385093167702,0.3369304556354916,0.26879271070615035,0.09811198109138064,-0.05524232316877753,0.10153319604899846
2004-01-27,3386,1034,363,319,1608,058643,RANDOM LENGTH LUMBER - CHICAGO MERCANTILE EXCHANGE ,335.20001220703125,0.380685174246899,-1289,-5.508729680915112,671,4.334738109572546,0.1344058121432278,0.10307802433786686,-0.05524232316877753,-0.002088341830366325,0.11080357575464528
2004-02-03,3368,1012,346,307,1605,058643,RANDOM LENGTH LUMBER - CHICAGO MERCANTILE EXCHANGE ,334.5,0.3853919239904988,-1298,-0.2658003544004725,666,-0.14766686355581807,0.007845188284518828,0.028718703976435934,-0.002088341830366325,0.09865470852017943,0.11966681830718799
2004-02-10,3885,1122,466,384,1983,058643,RANDOM LENGTH LUMBER - CHICAGO MERCANTILE EXCHANGE ,367.5,0.4115830115830116,-1599,-8.93705463182898,656,-0.29691211401425177,0.1922264469792987,0.14483627204030228,0.09865470852017943,0.025306089232568274,0.1251912648052653
2004-02-17,4255,1148,461,591,2178,058643,RANDOM LENGTH LUMBER - CHICAGO MERCANTILE EXCHANGE ,376.7999877929688,0.372972972972973,-1587,0.3088803088803089,687,0.797940797940798,0.14517876489707476,0.019266625233064015,0.025306089232568274,0.03609343562661693,0.1278493688617627
2004-02-24,4166,1152,320,621,2169,058643,RANDOM LENGTH LUMBER - CHICAGO MERCANTILE EXCHANGE ,390.3999938964844,0.371579452712434,-1548,0.9165687426556992,832,3.4077555816686247,0.013978494623655914,0.09850543478260869,0.03609343562661693,-0.0035860499958296765,0.1313990794877372
2004-03-02,4202,1267,371,452,2268,058643,RANDOM LENGTH LUMBER - CHICAGO MERCANTILE EXCHANGE ,389.0,0.4321751546882437,-1816,-6.43302928468555,896,1.5362457993278924,0.09852941176470588,0.10134310134310134,-0.0035860499958296765,-0.033419023136246784,0.1344376693865445
2004-03-09,3729,1185,385,522,2086,058643,RANDOM LENGTH LUMBER - CHICAGO MERCANTILE EXCHANGE ,376.0,0.4194153928667203,-1564,5.997144217039505,800,-2.284626368396002,0.09662576687116564,0.061146496815286625,-0.033419023136246784,-0.04946810133913726,0.14102345776101724
2004-03-16,3605,1184,353,455,2016,058643,RANDOM LENGTH LUMBER - CHICAGO MERCANTILE EXCHANGE ,357.3999938964844,0.4330097087378641,-1561,0.08045052292839903,831,0.8313220702601234,0.05544314042897612,0.02147039687703318,-0.04946810133913726,-0.01762727448393142,0.15008850957171205
2004-03-23,3626,1232,310,313,2013,058643,RANDOM LENGTH LUMBER - CHICAGO MERCANTILE EXCHANGE ,351.1000061035156,0.4688361831218974,-1700,-3.855755894590846,922,2.524271844660194,0.06233877901977644,0.05901426718547341,-0.01762727448393142,0.09512957367091857,0.16066384157561547
2004-03-30,4038,1353,477,641,2271,058643,RANDOM LENGTH LUMBER - CHICAGO MERCANTILE EXCHANGE ,384.5,0.40366518078256564,-1630,1.9305019305019304,876,-1.26861555432984,0.20123626373626374,0.15737704918032788,0.09512957367091857,0.010663214833590784,0.17084180076407385
2004-04-06,4943,1538,546,754,2686,058643,RANDOM LENGTH LUMBER - CHICAGO MERCANTILE EXCHANGE ,388.6000061035156,0.3908557556139996,-1932,-7.478949975235265,992,2.8727092620108965,0.15348837209302327,0.1218809980806142,0.010663214833590784,0.04709209342650911,0.18105877589705208
2004-04-20,5462,1867,666,930,2884,058643,RANDOM LENGTH LUMBER - CHICAGO MERCANTILE EXCHANGE ,406.8999938964844,0.357744415964848,-1954,-0.44507384179647985,1201,4.228201497066559,0.09805977975878342,0.17726016581129095,0.04709209342650911,0.018677823095394563,0.18977030473942882
2004-04-27,5710,1702,659,1161,2963,058643,RANDOM LENGTH LUMBER - CHICAGO MERCANTILE EXCHANGE ,414.5,0.31558669001751316,-1802,2.782863419992677,1043,-2.892713291834493,0.07516973811833172,0.07285048708174502,0.018677823095394563,0.039806996381182236,0.19755644244509754
2004-05-04,5961,2045,510,1034,2977,058643,RANDOM LENGTH LUMBER - CHICAGO MERCANTILE EXCHANGE ,431.0,0.32595202147290725,-1943,-2.469352014010508,1535,8.61646234676007,0.035153328347045626,0.19256360078277887,0.039806996381182236,0.035730844307388265,0.20575853105555483
2004-05-11,5535,2166,526,833,2981,058643,RANDOM LENGTH LUMBER - CHICAGO MERCANTILE EXCHANGE ,446.3999938964844,0.3880758807588076,-2148,-3.439020298607616,1640,1.7614494212380472,0.05374934452018878,0.05089153046062407,0.035730844307388265,-0.07974911870579204,0.2145278205099232
2004-05-18,5464,2126,571,837,2984,058643,RANDOM LENGTH LUMBER - CHICAGO MERCANTILE EXCHANGE ,410.7999877929688,0.3929355783308931,-2147,0.01806684733514002,1555,-1.5356820234869015,0.0018319811567652448,0.03151649981460882,-0.07974911870579204,-0.043086616882699214,0.22461545062784352
2004-05-25,5095,1899,513,833,2766,058643,RANDOM LENGTH LUMBER - CHICAGO MERCANTILE EXCHANGE ,393.1000061035156,0.3793915603532875,-1933,3.916544655929722,1386,-3.0929721815519766,0.06168380105584885,0.1181592039800995,-0.043086616882699214,0.008140375578143733,0.23414635359571964
2004-06-01,5228,2019,571,838,2685,058643,RANDOM LENGTH LUMBER - CHICAGO MERCANTILE EXCHANGE ,396.2999877929688,0.35328997704667175,-1847,1.68792934249264,1448,1.2168792934249264,0.024411013340902638,0.06872586872586872,0.008140375578143733,-0.01564466787895058,0.24222110184007278
2004-06-08,5206,2006,399,900,2779,058643,RANDOM LENGTH LUMBER - CHICAGO MERCANTILE EXCHANGE ,390.1000061035156,0.3609296965040338,-1879,-0.612088752869166,1607,3.041315990818669,0.04240282685512368,0.07692307692307693,-0.01564466787895058,0.005126890460671385,0.250243653111858
2004-06-15,5182,2005,400,991,2806,058643,RANDOM LENGTH LUMBER - CHICAGO MERCANTILE EXCHANGE ,392.1000061035156,0.3502508683905828,-1815,1.2293507491356128,1605,-0.0384172109104879,0.03107716618382934,0.0008316008316008316,0.005126890460671385,-0.034685044355559635,0.2573635826023746
2004-06-22,5055,1815,354,1010,2590,058643,RANDOM LENGTH LUMBER - CHICAGO MERCANTILE EXCHANGE ,378.5,0.3125618199802176,-1580,4.534928598996527,1461,-2.7788498649170204,0.06527777777777778,0.10880590133702167,-0.034685044355559635,0.0026420079260238705,0.26239222292925113
2004-06-29,4642,1781,364,921,2363,058643,RANDOM LENGTH LUMBER - CHICAGO MERCANTILE EXCHANGE ,379.5,0.31064196467040067,-1442,2.7299703264094957,1417,-0.8704253214638972,0.09622411693057248,0.020512820512820513,0.0026420079260238705,0.011330666121129873,0.2663693110259857
2004-07-06,4522,1829,319,672,2199,058643,RANDOM LENGTH LUMBER - CHICAGO MERCANTILE EXCHANGE ,383.7999877929688,0.33768244139761167,-1527,-1.8311072813442482,1510,2.003446790176648,0.14385231626610936,0.04329608938547486,0.011330666121129873,0.06044818380647232,0.2682021780581805
2004-07-13,4551,1873,310,548,2449,058643,RANDOM LENGTH LUMBER - CHICAGO MERCANTILE EXCHANGE ,407.0,0.4177103933201494,-1901,-8.270676691729323,1563,1.172047766475011,0.12479145812479146,0.024278515803939534,0.06044818380647232,0.004914004914004844,0.27291401852926567
2004-07-20,5103,2331,509,804,3035,058643,RANDOM LENGTH LUMBER - CHICAGO MERCANTILE EXCHANGE ,409.0,0.4371938075641779,-2231,-7.251153592617007,1822,5.691056910569105,0.21932794998697577,0.23133802816901408,0.004914004914004844,0.035696836438913415,0.2775448205310431
2004-07-27,5987,2476,922,936,3148,058643,RANDOM LENGTH LUMBER - CHICAGO MERCANTILE EXCHANGE ,423.6000061035156,0.3694671788875898,-2212,0.3723300019596316,1554,-5.251812659220067,0.05999020568070519,0.16421424367274867,0.035696836438913415,-0.012039674291858593,0.2824244138007072
2004-08-03,6284,2547,1033,1151,3275,058643,RANDOM LENGTH LUMBER - CHICAGO MERCANTILE EXCHANGE ,418.5,0.33800127307447486,-2124,1.4698513445799233,1514,-0.6681142475363288,0.07727067329417081,0.050837988826815644,-0.012039674291858593,-0.010991651382355139,0.28668413431846673
2004-08-10,6297,2531,702,1227,3632,058643,RANDOM LENGTH LUMBER - CHICAGO MERCANTILE EXCHANGE ,413.8999938964844,0.3819279021756392,-2405,-4.471674092934436,1829,5.012730744748568,0.08911298621115456,0.10733065264460254,-0.010991651382355139,0.03165017225584177,0.29200728356080174
2004-08-17,6124,2225,636,1285,3616,058643,RANDOM LENGTH LUMBER - CHICAGO MERCANTILE EXCHANGE ,427.0,0.38063357282821686,-2331,1.1751627759250438,1589,-3.8113387327298716,0.015098959396041623,0.13002446696959105,0.03165017225584177,0.032318472583065194,0.2961821091358811
2004-08-24,6268,2387,649,1238,3603,058643,RANDOM LENGTH LUMBER - CHICAGO MERCANTILE EXCHANGE ,440.7999877929688,0.37731333758774727,-2365,-0.5551926845199217,1738,2.4330502939255387,0.01239413344350341,0.05764163372859025,0.032318472583065194,-0.000680553088194924,0.3017818605017466
2004-08-31,5665,2302,363,997,3540,058643,RANDOM LENGTH LUMBER - CHICAGO MERCANTILE EXCHANGE ,440.5,0.44889673433362753,-2543,-2.839821314613912,1939,3.206764518187619,0.06700462860921313,0.13921200750469043,-0.000680553088194924,0.006356385455093871,0.30795241920699135
2004-09-07,5600,2413,288,665,3334,058643,RANDOM LENGTH LUMBER - CHICAGO MERCANTILE EXCHANGE ,443.2999877929688,0.47660714285714284,-2669,-2.224183583406884,2125,3.2833186231244484,0.1345336334083521,0.06886338393187708,0.006356385455093871,-0.09587187270541608,0.3126778959361446
2004-09-14,4814,2388,378,424,3100,058643,RANDOM LENGTH LUMBER - CHICAGO MERCANTILE EXCHANGE ,400.7999877929688,0.5558786871624429,-2676,-0.125,2010,-2.0535714285714284,0.1347900113507378,0.041576283441793205,-0.09587187270541608,-0.13223553296956925,0.31724022062022456
2004-09-21,4219,1708,269,446,2668,058643,RANDOM LENGTH LUMBER - CHICAGO MERCANTILE EXCHANGE ,347.79998779296875,0.5266650865133918,-2222,9.430826755297051,1439,-11.86123805567096,0.1457931920359666,0.3990895295902883,-0.13223553296956925,-0.02702701042669331,0.32197281943420264
2004-09-28,3995,1465,275,546,2476,058643,RANDOM LENGTH LUMBER - CHICAGO MERCANTILE EXCHANGE ,338.3999938964844,0.4831038798498123,-1930,6.92107134392036,1190,-5.901872481630718,0.09662475181998677,0.14310344827586208,-0.02702701042669331,-0.03427897846553751,0.3254957196490886
2004-10-05,3841,1197,355,747,2323,058643,RANDOM LENGTH LUMBER - CHICAGO MERCANTILE EXCHANGE ,326.79998779296875,0.4103098151523041,-1576,8.86107634543179,842,-8.710888610763453,0.11530944625407166,0.22422680412371135,-0.03427897846553751,-0.05416151270074787,0.32723485447159734
2004-10-12,3692,1149,560,775,2019,058643,RANDOM LENGTH LUMBER - CHICAGO MERCANTILE EXCHANGE ,309.1000061035156,0.3369447453954496,-1244,8.643582400416557,589,-6.58682634730539,0.11882605583392986,0.14803978935049736,-0.05416151270074787,-0.04788100297089748,0.3281451228903799
2004-10-19,3879,1108,820,988,1877,058643,RANDOM LENGTH LUMBER - CHICAGO MERCANTILE EXCHANGE ,294.29998779296875,0.2291827790667698,-889,9.615384615384617,288,-8.15276273022752,0.12390924956369982,0.15612033195020747,-0.04788100297089748,0.030920851107602454,0.32699078800295084
2004-10-26,4048,1203,797,882,1744,058643,RANDOM LENGTH LUMBER - CHICAGO MERCANTILE EXCHANGE ,303.3999938964844,0.21294466403162055,-862,0.6960556844547563,406,3.042021139468935,0.09101294744859101,0.059,0.030920851107602454,0.01845750236048538,0.3251545484886753
2004-11-02,3670,1246,683,868,1725,058643,RANDOM LENGTH LUMBER - CHICAGO MERCANTILE EXCHANGE ,309.0,0.2335149863760218,-857,0.12351778656126483,563,3.8784584980237153,0.012726571538758195,0.08138932089165371,0.01845750236048538,-0.02686080191899276,0.3239163252440948
2004-11-09,3577,1167,827,804,1411,058643,RANDOM LENGTH LUMBER - CHICAGO MERCANTILE EXCHANGE ,300.70001220703125,0.16969527537042214,-607,6.811989100817439,340,-6.076294277929155,0.1706546275395034,0.11183550651955868,-0.02686080191899276,0.103092779320064,0.3236117477302743
2004-11-16,3621,1067,840,591,1460,058643,RANDOM LENGTH LUMBER - CHICAGO MERCANTILE EXCHANGE ,331.70001220703125,0.23998895332781,-869,-7.324573665082472,227,-3.159071847917249,0.12774256460263286,0.05925537493445202,0.103092779320064,-0.011757685470413226,0.3232531081523069
2004-11-23,3375,1094,754,528,1430,058643,RANDOM LENGTH LUMBER - CHICAGO MERCANTILE EXCHANGE ,327.79998779296875,0.26725925925925925,-902,-0.9113504556752278,340,3.1206848936757803,0.047497446373850866,0.061147186147186144,-0.011757685470413226,0.034472296312846984,0.32585593155351744
2004-11-30,3342,977,766,646,1401,058643,RANDOM LENGTH LUMBER - CHICAGO MERCANTILE EXCHANGE ,339.1000061035156,0.22591262716935967,-755,4.355555555555555,211,-3.822222222222222,0.0718124084025403,0.07401032702237521,0.034472296312846984,-0.023886776637340956,0.32974517331778874
2004-12-07,3480,916,788,810,1448,058643,RANDOM LENGTH LUMBER - CHICAGO MERCANTILE EXCHANGE ,331.0,0.18333333333333332,-638,3.500897666068223,128,-2.483542788749252,0.09344552701505757,0.04870892018779343,-0.023886776637340956,0.0012084407748773618,0.3322549630399215
2004-12-14,3389,621,749,974,1408,058643,RANDOM LENGTH LUMBER - CHICAGO MERCANTILE EXCHANGE ,331.3999938964844,0.12806137503688403,-434,5.862068965517241,-128,-7.35632183908046,0.08564231738035265,0.24379562043795622,0.0012084407748773618,0.02051906588951513,0.33370229717524624
2004-12-21,3572,547,784,894,1287,058643,RANDOM LENGTH LUMBER - CHICAGO MERCANTILE EXCHANGE ,338.20001220703125,0.11002239641657335,-393,1.209796400118029,-237,-3.216287990557687,0.0921595598349381,0.08189331329827197,0.02051906588951513,0.051744527996312684,0.3349033404644726
2004-12-28,3875,814,692,808,1556,058643,RANDOM LENGTH LUMBER - CHICAGO MERCANTILE EXCHANGE ,355.70001220703125,0.19303225806451613,-748,-9.938409854423293,122,10.050391937290033,0.15016920473773265,0.23837981407702524,0.051744527996312684,0.014619009027265761,0.33937564774915985
2005-01-04,3628,1238,625,507,1801,058643,RANDOM LENGTH LUMBER - CHICAGO MERCANTILE EXCHANGE ,360.8999938964844,0.35667034178610807,-1294,-14.090322580645163,613,12.670967741935485,0.2365684575389948,0.2635534084809447,0.014619009027265761,-0.033250208376124024,0.3457428829232222
2005-01-11,3717,1411,620,573,1939,058643,RANDOM LENGTH LUMBER - CHICAGO MERCANTILE EXCHANGE ,348.8999938964844,0.36750067258541835,-1366,-1.9845644983461963,791,4.906284454244763,0.08121019108280254,0.08764155588380108,-0.033250208376124024,0.03668678284455518,0.3483716771406327
2005-01-18,3521,1262,658,481,1897,058643,RANDOM LENGTH LUMBER - CHICAGO MERCANTILE EXCHANGE ,361.7000122070313,0.4021584777051974,-1416,-1.3451708366962605,604,-5.030938929244014,0.056349873843566024,0.09739583333333333,0.03668678284455518,0.037600152410703025,0.35092453367557497
2005-01-25,3904,1513,312,502,2419,058643,RANDOM LENGTH LUMBER - CHICAGO MERCANTILE EXCHANGE ,375.2999877929688,0.49103483606557374,-1917,-14.228912240840671,1201,16.955410394774212,0.1858952413557001,0.3271232876712329,0.037600152410703025,0.05062616738074932,0.35396497343272915
2005-02-01,4352,1697,368,549,2698,058643,RANDOM LENGTH LUMBER - CHICAGO MERCANTILE EXCHANGE ,394.2999877929688,0.4937959558823529,-2149,-5.942622950819672,1329,3.278688524590164,0.10040036957191253,0.1162227602905569,0.05062616738074932,0.04387526970868283,0.35614018077187254
2005-02-08,5295,2225,475,567,3056,058643,RANDOM LENGTH LUMBER - CHICAGO MERCANTILE EXCHANGE ,411.6000061035156,0.47006610009442873,-2489,-7.8125,1750,9.673713235294118,0.1037813966326249,0.2351851851851852,0.04387526970868283,-0.06365406175538801,0.35776853031233274
2005-02-15,5325,2157,394,740,3347,058643,RANDOM LENGTH LUMBER - CHICAGO MERCANTILE EXCHANGE ,385.3999938964844,0.4895774647887324,-2607,-2.2285174693106704,1763,0.24551463644948063,0.11353070712013702,0.05840846726773814,-0.06365406175538801,-0.003373087217323434,0.35926842364321193
2005-02-22,5258,2028,378,661,3230,058643,RANDOM LENGTH LUMBER - CHICAGO MERCANTILE EXCHANGE ,384.1000061035156,0.4885888170406999,-2569,0.7136150234741784,1650,-2.1220657276995305,0.050372654844512976,0.06026600166251039,-0.003373087217323434,0.07445979080720955,0.361491805259899
2005-03-01,5199,2126,295,848,3434,058643,RANDOM LENGTH LUMBER - CHICAGO MERCANTILE EXCHANGE ,412.7000122070313,0.49740334679746107,-2586,-0.32331685051350323,1831,3.4423735260555346,0.09131247080803363,0.07476249483684427,0.07445979080720955,-0.042888324893366137,0.36391149553076485
2005-03-08,5104,2034,404,876,3241,058643,RANDOM LENGTH LUMBER - CHICAGO MERCANTILE EXCHANGE ,395.0,0.46336206896551724,-2365,4.2508174648970956,1630,-3.866128101557992,0.05367986397862521,0.08244462674323216,-0.042888324893366137,0.032911392405063244,0.3645112438822509
2005-03-15,4824,1985,438,754,3044,058643,RANDOM LENGTH LUMBER - CHICAGO MERCANTILE EXCHANGE ,408.0,0.4747097844112769,-2290,1.469435736677116,1547,-1.6261755485893419,0.08399157451290153,0.03425505571605448,0.032911392405063244,-0.03308823529411764,0.3655745975658001
2005-03-22,5022,1891,519,1050,3235,058643,RANDOM LENGTH LUMBER - CHICAGO MERCANTILE EXCHANGE ,394.5,0.43508562325766625,-2185,2.1766169154228856,1372,-3.627694859038143,0.11365227537922987,0.07261410788381743,-0.03308823529411764,0.007858063633753076,0.3656145189988732
2005-03-29,5023,1983,512,1059,3346,058643,RANDOM LENGTH LUMBER - CHICAGO MERCANTILE EXCHANGE ,397.6000061035156,0.4553055942663747,-2287,-2.031063321385902,1471,1.971326164874552,0.02724177071509648,0.039679358717434866,0.007858063633753076,-0.023390387745933605,0.3653543153670362
2005-04-05,5244,1812,576,1243,3314,058643,RANDOM LENGTH LUMBER - CHICAGO MERCANTILE EXCHANGE ,388.2999877929688,0.39492753623188404,-2071,4.3002189926338845,1236,-4.678478996615568,0.04739960500329164,0.09840871021775545,-0.023390387745933605,-0.038114829405711315,0.3651862837410616
2005-04-12,4784,1490,515,1238,2837,058643,RANDOM LENGTH LUMBER - CHICAGO MERCANTILE EXCHANGE ,373.5,0.3342391304347826,-1599,9.000762776506484,975,-4.977116704805492,0.11828220858895705,0.1910224438902743,-0.038114829405711315,-0.0069611943869226645,0.36409750248761513
2005-04-19,4481,1373,438,1265,2787,058643,RANDOM LENGTH LUMBER - CHICAGO MERCANTILE EXCHANGE ,370.8999938964844,0.33965632671278734,-1522,1.6095317725752507,935,-0.8361204013377926,0.019002961500493583,0.10712313638873551,-0.0069611943869226645,-0.05365326024253947,0.3637496546173831
2005-04-26,4444,1236,531,1206,2551,058643,RANDOM LENGTH LUMBER - CHICAGO MERCANTILE EXCHANGE ,351.0,0.30265526552655264,-1345,3.950011158223611,705,-5.1327828609685335,0.07852009582113388,0.13016411997736277,-0.05365326024253947,-0.019658102269186295,0.3635009733771724
2005-05-03,3932,1238,371,932,2373,058643,RANDOM LENGTH LUMBER - CHICAGO MERCANTILE EXCHANGE ,344.1000061035156,0.36648016276703965,-1441,-2.16021602160216,867,3.6453645364536458,0.1367624810892587,0.10068365444375388,-0.019658102269186295,-0.018018053173664006,0.36428036070975184
2005-05-10,3399,1075,322,876,1966,058643,RANDOM LENGTH LUMBER - CHICAGO MERCANTILE EXCHANGE ,337.8999938964844,0.32068255369226245,-1090,8.92675483214649,753,-2.899287894201424,0.16291344123856438,0.15175375805297064,-0.018018053173664006,0.05978103750194075,0.36298433518924134
2005-05-17,3265,1160,385,759,1748,058643,RANDOM LENGTH LUMBER - CHICAGO MERCANTILE EXCHANGE ,358.1000061035156,0.3029096477794793,-989,2.971462194763166,775,0.6472491909385114,0.1336258476266454,0.09579288025889968,0.05978103750194075,0.005305763373640193,0.36125306729402185
2005-05-24,3408,1178,464,942,1807,058643,RANDOM LENGTH LUMBER - CHICAGO MERCANTILE EXCHANGE ,360.0,0.2538145539906103,-865,3.7978560490045945,714,-1.8683001531393568,0.08803201164059658,0.05907429963459196,0.005305763373640193,0.026388888888888795,0.3588381248639704
2005-05-31,3509,1259,391,1004,1961,058643,RANDOM LENGTH LUMBER - CHICAGO MERCANTILE EXCHANGE ,369.5,0.2727272727272727,-957,-2.699530516431925,868,4.518779342723005,0.07284991568296796,0.09333333333333334,0.026388888888888795,-0.050608964024441816,0.35728884208859735
2005-06-07,3419,1233,501,1096,1836,058643,RANDOM LENGTH LUMBER - CHICAGO MERCANTILE EXCHANGE ,350.79998779296875,0.21643755484059665,-740,6.184098033627814,732,-3.875748076375036,0.07401091405184175,0.0784313725490196,-0.050608964024441816,-0.040478854571208034,0.35451014705660816
2005-06-14,3640,1176,655,1217,1689,058643,RANDOM LENGTH LUMBER - CHICAGO MERCANTILE EXCHANGE ,336.6000061035156,0.12967032967032968,-472,7.838549283416203,521,-6.171395144779175,0.09222298692360634,0.1152375750955762,-0.040478854571208034,0.03357096728481235,0.3502682136196802
2005-06-21,3587,1091,664,1052,1513,058643,RANDOM LENGTH LUMBER - CHICAGO MERCANTILE EXCHANGE ,347.8999938964844,0.1285196543072205,-461,0.30219780219780223,427,-2.582417582417582,0.13294346978557506,0.05356125356125356,0.03357096728481235,-0.06726069073587537,0.3467289412028918
2005-06-28,3720,1061,798,1344,1401,058643,RANDOM LENGTH LUMBER - CHICAGO MERCANTILE EXCHANGE ,324.5,0.01532258064516129,-57,11.26289378310566,263,-4.572065793141902,0.1471766848816029,0.08821947283485745,-0.06726069073587537,0.035439137134052334,0.34104972227932956
2005-07-05,3408,887,801,1204,1432,058643,RANDOM LENGTH LUMBER - CHICAGO MERCANTILE EXCHANGE ,336.0,0.06690140845070422,-228,-4.596774193548387,86,-4.758064516129032,0.06487101669195751,0.10485781990521327,0.035439137134052334,-0.008035750616164461,0.33584239472265826
2005-07-12,3596,877,942,982,1048,058643,RANDOM LENGTH LUMBER - CHICAGO MERCANTILE EXCHANGE ,333.29998779296875,0.01835372636262514,-66,4.753521126760563,-65,-4.43075117370892,0.29852216748768473,0.08301264431006047,-0.008035750616164461,-0.006900653696985448,0.3281624588196289
2005-07-19,3216,969,820,833,1067,058643,RANDOM LENGTH LUMBER - CHICAGO MERCANTILE EXCHANGE ,331.0,0.07276119402985075,-234,-4.671857619577309,149,5.951056729699666,0.08842105263157894,0.11961989938513136,-0.006900653696985448,-0.0540785314093184,0.32115413932858417
2005-07-26,3541,931,1059,1027,973,058643,RANDOM LENGTH LUMBER - CHICAGO MERCANTILE EXCHANGE ,313.1000061035156,-0.015249929398475007,54,8.955223880597014,-128,-8.613184079601991,0.144,0.13919597989949747,-0.0540785314093184,-0.06196101411147992,0.313755733400006
2005-08-02,4102,1116,1228,1072,1018,058643,RANDOM LENGTH LUMBER - CHICAGO MERCANTILE EXCHANGE ,293.70001220703125,-0.013164310092637738,54,0.0,-112,0.451849759954815,0.0430622009569378,0.15102389078498293,-0.06196101411147992,0.014981252004112156,0.30700254910833075
2005-08-09,4200,1102,1132,1063,951,058643,RANDOM LENGTH LUMBER - CHICAGO MERCANTILE EXCHANGE ,298.1000061035156,-0.02666666666666667,112,1.4139444173573867,-30,1.999024865919064,0.03773584905660377,0.049239033124440466,0.014981252004112156,-0.07212344703050455,0.2991449612459787
2005-08-16,4145,978,1350,1136,633,058643,RANDOM LENGTH LUMBER - CHICAGO MERCANTILE EXCHANGE ,276.6000061035156,-0.12135102533172497,503,9.309523809523808,-372,-8.142857142857144,0.2210288298473714,0.14690721649484537,-0.07212344703050455,0.0093998772456374,0.28949141128136446
2005-08-23,4198,995,1831,1165,499,058643,RANDOM LENGTH LUMBER - CHICAGO MERCANTILE EXCHANGE ,279.20001220703125,-0.1586469747498809,666,3.9324487334137515,-836,-11.194209891435463,0.09795673076923077,0.1762208067940552,0.0093998772456374,0.02793691780781482,0.2791844821979485
2005-08-30,4344,1059,1905,1153,573,058643,RANDOM LENGTH LUMBER - CHICAGO MERCANTILE EXCHANGE ,287.0,-0.13351749539594843,580,-2.048594568842306,-846,-0.23820867079561697,0.04982618771726535,0.0465587044534413,0.02793691780781482,0.15609751844239983,0.2679842085493028
2005-09-06,4038,1048,1605,857,519,058643,RANDOM LENGTH LUMBER - CHICAGO MERCANTILE EXCHANGE ,331.79998779296875,-0.08370480435859336,338,-5.570902394106814,-557,6.652854511970534,0.2543604651162791,0.11722578213343385,0.15609751844239983,0.01567212898837078,0.25720897879515403
2005-09-13,3882,1326,1641,616,456,058643,RANDOM LENGTH LUMBER - CHICAGO MERCANTILE EXCHANGE ,337.0,-0.04121586810922205,160,-4.408122833085686,-315,5.993065874195146,0.2835820895522388,0.10583080552746882,0.01567212898837078,-0.11305639793328082,0.2457263911937759
2005-09-20,3809,1230,1517,643,545,058643,RANDOM LENGTH LUMBER - CHICAGO MERCANTILE EXCHANGE ,298.8999938964844,-0.025728537673930164,98,-1.5971148892323546,-287,0.7212776919113859,0.09764309764309764,0.08008736803785949,-0.11305639793328082,0.06222819164712745,0.2351034368824812
2005-09-27,3808,1243,1048,658,885,058643,RANDOM LENGTH LUMBER - CHICAGO MERCANTILE EXCHANGE ,317.5,0.05961134453781513,-227,-8.532423208191126,195,12.654239957994223,0.23007128969539858,0.21038847664775207,0.06222819164712745,-0.05732287309301176,0.22695934966494283
2005-10-04,3968,1184,773,704,1317,058643,RANDOM LENGTH LUMBER - CHICAGO MERCANTILE EXCHANGE ,299.29998779296875,0.1544858870967742,-613,-10.13655462184874,411,5.6722689075630255,0.23651657595249875,0.17066939192641797,-0.05732287309301176,-0.06448375736760437,0.222039658740798
2005-10-11,3883,1101,872,825,1091,058643,RANDOM LENGTH LUMBER - CHICAGO MERCANTILE EXCHANGE ,280.0,0.06850373422611383,-266,8.744959677419354,229,-4.586693548387097,0.18110647181628392,0.09224531170805879,-0.06448375736760437,0.012499999999999956,0.2168773316029262
2005-10-18,3896,1048,975,838,1092,058643,RANDOM LENGTH LUMBER - CHICAGO MERCANTILE EXCHANGE ,283.5,0.06519507186858316,-254,0.3090394025238218,73,-4.0175122328096835,0.007253886010362694,0.07711319822046465,0.012499999999999956,0.032804189745921475,0.2137237218491149
2005-10-25,3814,968,763,811,1271,058643,RANDOM LENGTH LUMBER - CHICAGO MERCANTILE EXCHANGE ,292.79998779296875,0.12060828526481385,-460,-5.287474332648871,205,3.3880903490759757,0.0989433237271854,0.1686886192952051,0.032804189745921475,0.034494557802567494,0.21194802225744552
2005-11-01,3679,1470,555,563,1485,058643,RANDOM LENGTH LUMBER - CHICAGO MERCANTILE EXCHANGE ,302.8999938964844,0.25061157923348737,-922,-12.11326691137913,915,18.615626638699528,0.2255859375,0.3506172839506173,0.034494557802567494,0.05645429662623069,0.21227680288931988
2005-11-08,4475,2058,308,509,2241,058643,RANDOM LENGTH LUMBER - CHICAGO MERCANTILE EXCHANGE ,320.0,0.3870391061452514,-1732,-22.016852405544984,1750,22.696384887197606,0.29454545454545455,0.352916314454776,0.05645429662623069,0.015625,0.21645649194268196
2005-11-15,4898,2533,225,463,2704,058643,RANDOM LENGTH LUMBER - CHICAGO MERCANTILE EXCHANGE ,325.0,0.4575336872192732,-2241,-11.374301675977653,2308,12.469273743016759,0.1607199242185033,0.20232052211747642,0.015625,0.012307692307692353,0.22064004451751779
2005-11-22,5196,2468,159,475,2947,058643,RANDOM LENGTH LUMBER - CHICAGO MERCANTILE EXCHANGE ,329.0,0.47575057736720555,-2472,-4.716210698244181,2309,0.02041649652919559,0.07451782583284629,0.04986676817662733,0.012307692307692353,-0.012765994550246962,0.22464949294267061
2005-11-29,5296,2417,240,525,3089,058643,RANDOM LENGTH LUMBER - CHICAGO MERCANTILE EXCHANGE ,324.79998779296875,0.48413897280966767,-2564,-1.770592763664357,2177,-2.5404157043879905,0.053126729385722195,0.049680090327436956,-0.012765994550246962,0.009236453549106072,0.22961538420498423
2005-12-06,4983,2297,126,662,3130,058643,RANDOM LENGTH LUMBER - CHICAGO MERCANTILE EXCHANGE ,327.79998779296875,0.495283965482641,-2468,1.812688821752266,2171,-0.11329305135951663,0.0469409282700422,0.09657449442839455,0.009236453549106072,-0.012202562992547517,0.23561443482324013
2005-12-13,5088,2020,357,963,3075,058643,RANDOM LENGTH LUMBER - CHICAGO MERCANTILE EXCHANGE ,323.79998779296875,0.41509433962264153,-2112,7.144290587999197,1663,-10.19466185029099,0.08816245666171373,0.21371476651241061,-0.012202562992547517,0.03983948394189096,0.24113429952681242
2005-12-20,5113,2079,400,938,2981,058643,RANDOM LENGTH LUMBER - CHICAGO MERCANTILE EXCHANGE ,336.70001220703125,0.39956972423234893,-2043,1.3561320754716981,1679,0.3144654088050315,0.030364889002296506,0.041145623235175476,0.03983948394189096,0.0816750787139584,0.24670251736942347
2005-12-27,5493,2396,384,856,3274,058643,RANDOM LENGTH LUMBER - CHICAGO MERCANTILE EXCHANGE ,364.2000122070313,0.440196613872201,-2418,-7.334246039507139,2012,6.512810483082339,0.09079903147699758,0.1197841726618705,0.0816750787139584,-0.009610104016170129,0.2514556780580328
2006-01-03,5318,2472,178,739,3451,058643,RANDOM LENGTH LUMBER - CHICAGO MERCANTILE EXCHANGE ,360.7000122070313,0.5099661526889808,-2712,-5.3522665210267615,2294,5.133806663025669,0.07016706443914081,0.10641509433962264,-0.009610104016170129,0.009703354259913644,0.2544036744215496
2006-01-10,6457,3479,261,743,4261,058643,RANDOM LENGTH LUMBER - CHICAGO MERCANTILE EXCHANGE ,364.2000122070313,0.5448350627226266,-3518,-15.156073711921774,3218,17.374952989845806,0.16266986410871304,0.2914438502673797,0.009703354259913644,0.014003227388796446,0.2578139511549574
2006-01-17,6500,3340,191,642,4293,058643,RANDOM LENGTH LUMBER - CHICAGO MERCANTILE EXCHANGE ,369.2999877929688,0.5616923076923077,-3651,-2.0597800836301685,3149,-1.0686077125600124,0.02695035460992908,0.059190031152647975,0.014003227388796446,0.016246954233217092,0.2608819094239403
2006-01-24,5685,2163,186,846,3816,058643,RANDOM LENGTH LUMBER - CHICAGO MERCANTILE EXCHANGE ,375.2999877929688,0.5224274406332454,-2970,10.476923076923077,1977,-18.03076923076923,0.14607464607464607,0.5031928480204342,0.016246954233217092,-0.05195843494340069,0.261485613357934
2006-01-31,5719,1944,182,880,3498,058643,RANDOM LENGTH LUMBER - CHICAGO MERCANTILE EXCHANGE ,355.79998779296875,0.45777233782129745,-2618,6.191732629727353,1762,-3.781882145998241,0.08040201005025126,0.10489181561618062,-0.05195843494340069,-0.030354098267291074,0.2607928514721445
2006-02-07,5408,1950,293,900,3256,058643,RANDOM LENGTH LUMBER - CHICAGO MERCANTILE EXCHANGE ,345.0,0.4356508875739645,-2356,4.581220493093198,1657,-1.8359853121175032,0.06304138594802695,0.0521622826571556,-0.030354098267291074,-0.029275380010190255,0.26013102046213554
2006-02-14,5058,1763,345,983,2849,058643,RANDOM LENGTH LUMBER - CHICAGO MERCANTILE EXCHANGE ,334.8999938964844,0.36892052194543296,-1866,9.060650887573965,1418,-4.419378698224852,0.1278705636743215,0.11337760910815939,-0.029275380010190255,0.009853742522213604,0.2578106946382259
2006-02-21,5049,1801,465,1030,2722,058643,RANDOM LENGTH LUMBER - CHICAGO MERCANTILE EXCHANGE ,338.20001220703125,0.33511586452762926,-1692,3.4400948991696323,1336,-1.6211941478845395,0.04637526652452026,0.06972639011473963,0.009853742522213604,-0.02276762841249591,0.25485929170528226
2006-02-28,4656,1663,676,1024,2247,058643,RANDOM LENGTH LUMBER - CHICAGO MERCANTILE EXCHANGE ,330.5,0.26267182130584193,-1223,9.288968112497525,987,-6.912259853436324,0.1470498318557016,0.14920906370243694,-0.02276762841249591,0.013615733736762392,0.2503452239073665
2006-03-07,4137,1675,535,770,1909,058643,RANDOM LENGTH LUMBER - CHICAGO MERCANTILE EXCHANGE ,335.0,0.27532028039642253,-1139,1.804123711340206,1140,3.2860824742268044,0.2209779768570362,0.06923076923076923,0.013615733736762392,-0.02507460864622202,0.24672903566565316
2006-03-14,3944,1652,704,794,1700,058643,RANDOM LENGTH LUMBER - CHICAGO MERCANTILE EXCHANGE ,326.6000061035156,0.2297160243407708,-906,5.632100555958424,948,-4.641044234952864,0.0934242181234964,0.08149405772495756,-0.02507460864622202,-0.007348419631454939,0.24201761720275883
2006-03-21,3944,1508,815,779,1291,058643,RANDOM LENGTH LUMBER - CHICAGO MERCANTILE EXCHANGE ,324.20001220703125,0.12981744421906694,-512,9.989858012170385,693,-6.4655172413793105,0.20483091787439614,0.10977184674989238,-0.007348419631454939,0.00400983264657806,0.23614707529817036
2006-03-28,4160,1574,914,841,1237,058643,RANDOM LENGTH LUMBER - CHICAGO MERCANTILE EXCHANGE ,325.5,0.09519230769230769,-396,2.941176470588235,660,-0.8367139959432048,0.05582290664100096,0.06631832797427653,0.00400983264657806,0.004301056517617141,0.22922181978713063
2006-04-04,5075,1753,866,1016,1458,058643,RANDOM LENGTH LUMBER - CHICAGO MERCANTILE EXCHANGE ,326.8999938964844,0.0870935960591133,-442,-1.1057692307692308,887,5.456730769230769,0.16006467259498788,0.08667430316914854,0.004301056517617141,-0.0006117518910583319,0.22330193632226963
2006-04-11,4789,1796,778,1026,1450,058643,RANDOM LENGTH LUMBER - CHICAGO MERCANTILE EXCHANGE ,326.70001220703125,0.08853622885779912,-424,0.35467980295566504,1018,2.58128078817734,0.007269789983844911,0.050893550893550896,-0.0006117518910583319,-0.002142675790864801,0.2185768805227123
2006-04-18,4906,1934,1062,999,1509,058643,RANDOM LENGTH LUMBER - CHICAGO MERCANTILE EXCHANGE ,326.0,0.10395434162250305,-510,-1.795782000417624,872,-3.048653163499687,0.0342902711323764,0.14085447263017356,-0.002142675790864801,0.03404909847704185,0.2140441500402068
2006-04-25,5134,2091,1225,939,1676,058643,RANDOM LENGTH LUMBER - CHICAGO MERCANTILE EXCHANGE ,337.1000061035156,0.14355278535255162,-737,-4.626987362413371,866,-0.12229922543823889,0.08680688336520076,0.09650180940892641,0.03404909847704185,-0.002669812756419865,0.21098448695993754
2006-05-02,4927,2605,944,534,2043,058643,RANDOM LENGTH LUMBER - CHICAGO MERCANTILE EXCHANGE ,336.20001220703125,0.3062715648467627,-1509,-15.037008180755745,1661,15.485001947798988,0.2995731470702367,0.22400676246830092,-0.002669812756419865,-0.01963118936310848,0.20982662930762455
2006-05-09,4332,2296,788,571,1849,058643,RANDOM LENGTH LUMBER - CHICAGO MERCANTILE EXCHANGE ,329.6000061035156,0.2950138504155125,-1278,4.688451390298356,1508,-3.105337933833976,0.09545454545454546,0.1507782101167315,-0.01963118936310848,-0.01092234841277584,0.20933300039845626
2006-05-16,4528,2367,959,571,1576,058643,RANDOM LENGTH LUMBER - CHICAGO MERCANTILE EXCHANGE ,326.0,0.22195229681978798,-1005,6.301939058171745,1408,-2.308402585410896,0.12715416860735912,0.07276007215874924,-0.01092234841277584,-0.0279141291518884,0.20777612826461606
2006-05-23,4240,2278,1132,655,1329,058643,RANDOM LENGTH LUMBER - CHICAGO MERCANTILE EXCHANGE ,316.8999938964844,0.1589622641509434,-674,7.310070671378092,1146,-5.786219081272085,0.16683467741935484,0.07683284457478005,-0.0279141291518884,-0.03881346806521724,0.20595204576769938
2006-05-30,4979,2231,1323,722,1085,058643,RANDOM LENGTH LUMBER - CHICAGO MERCANTILE EXCHANGE ,304.6000061035156,0.072906206065475,-363,7.334905660377358,908,-5.613207547169812,0.17210846707249586,0.06696679797411367,-0.03881346806521724,-0.04661855522814895,0.20210933294728017
2006-06-06,5550,2502,1971,1138,1052,058643,RANDOM LENGTH LUMBER - CHICAGO MERCANTILE EXCHANGE ,290.3999938964844,-0.015495495495495495,86,9.01787507531633,531,-7.5718015665796345,0.2050228310502283,0.20545495193382518,-0.04661855522814895,0.0444214675193233,0.1976490819792784
2006-06-13,5568,2336,2171,1320,1011,058643,RANDOM LENGTH LUMBER - CHICAGO MERCANTILE EXCHANGE ,303.29998779296875,-0.05549568965517242,309,4.018018018018018,165,-6.594594594594596,0.09566709566709566,0.08120701131573109,0.0444214675193233,-0.03395973691894605,0.19408819699224955
2006-06-20,5457,2312,2050,1293,1066,058643,RANDOM LENGTH LUMBER - CHICAGO MERCANTILE EXCHANGE ,293.0,-0.04159794759025105,227,-1.4727011494252873,262,1.7420977011494254,0.0347604917337855,0.03324163227877121,-0.03395973691894605,0.015358361774743923,0.19081670464806738
2006-06-27,5266,2525,2186,944,916,058643,RANDOM LENGTH LUMBER - CHICAGO MERCANTILE EXCHANGE ,297.5,-0.005317128750474744,28,-3.6466923217885285,339,1.4110317024005865,0.2682795698924731,0.0740819358947145,0.015358361774743923,0.01109239594275202,0.19041978715968977
2006-07-11,5032,2567,2631,717,438,058643,RANDOM LENGTH LUMBER - CHICAGO MERCANTILE EXCHANGE ,300.79998779296875,-0.055445151033386327,279,4.766426129889859,-64,-7.6528674515761494,0.6103896103896104,0.09368988072335514,0.01109239594275202,-0.0651594959486087,0.18806696870807266
2006-07-18,5175,2669,2670,750,474,058643,RANDOM LENGTH LUMBER - CHICAGO MERCANTILE EXCHANGE ,281.20001220703125,-0.05333333333333334,276,-0.05961844197138314,-1,1.2519872813990462,0.056372549019607844,0.026409439970031843,-0.0651594959486087,-0.030227594704874794,0.18668837140622727
2006-07-25,5446,2578,2709,882,474,058643,RANDOM LENGTH LUMBER - CHICAGO MERCANTILE EXCHANGE ,272.70001220703125,-0.0749173705471906,408,2.550724637681159,-131,-2.5120772946859904,0.09734513274336283,0.024588613580480423,-0.030227594704874794,-0.0168683751287233,0.18384839901051495
2006-08-01,6733,2723,2766,1196,918,058643,RANDOM LENGTH LUMBER - CHICAGO MERCANTILE EXCHANGE ,268.1000061035156,-0.041289172731323334,278,-2.387073081160485,-43,1.6158648549394052,0.35856196783349104,0.036800874476225175,-0.0168683751287233,0.01491980570285989,0.1833476443310371
2006-08-08,6617,2843,2814,1061,1019,058643,RANDOM LENGTH LUMBER - CHICAGO MERCANTILE EXCHANGE ,272.1000061035156,-0.00634728729031283,42,-3.505124016040398,29,1.0693598693004605,0.11346153846153846,0.029697719639384834,0.01491980570285989,-0.02315331925479691,0.1834787409233895
2006-08-15,6509,3088,2897,1009,822,058643,RANDOM LENGTH LUMBER - CHICAGO MERCANTILE EXCHANGE ,265.79998779296875,-0.028729451528652635,187,2.1913253740365723,191,2.4482393834063774,0.13599126160567995,0.05480367585630744,-0.02315331925479691,0.05831452487527167,0.1834390719837359
2006-08-22,6176,2947,2630,996,854,058643,RANDOM LENGTH LUMBER - CHICAGO MERCANTILE EXCHANGE ,281.29998779296875,-0.02299222797927461,142,-0.6913504378552773,317,1.9357812259947764,0.024324324324324326,0.07315761161915008,0.05831452487527167,0.007820875586565634,0.18533058731743687
2006-08-29,6112,2697,2237,834,831,058643,RANDOM LENGTH LUMBER - CHICAGO MERCANTILE EXCHANGE ,283.5,-0.0004908376963350785,3,-2.2506476683937824,460,2.3154145077720205,0.1111111111111111,0.13032022699635185,0.007820875586565634,-0.02751318445491624,0.18837205149154354
2006-09-05,5822,2631,2267,898,800,058643,RANDOM LENGTH LUMBER - CHICAGO MERCANTILE EXCHANGE ,275.70001220703125,-0.01683270353830299,98,1.5543193717277488,364,-1.5706806282722512,0.05594817432273263,0.019599836668027767,-0.02751318445491624,0.006528791125395728,0.19061598979649827
2006-09-12,5581,2838,2468,960,688,058643,RANDOM LENGTH LUMBER - CHICAGO MERCANTILE EXCHANGE ,277.5,-0.04873678552230783,272,2.9886636894537957,370,0.10305736860185502,0.10558252427184465,0.07689408217112703,0.006528791125395728,-0.07171168971706077,0.19128845169719608
2006-09-19,5858,2944,2578,1009,719,058643,RANDOM LENGTH LUMBER - CHICAGO MERCANTILE EXCHANGE ,257.6000061035156,-0.04950495049504951,290,0.3225228453682136,366,-0.07167174341515857,0.046296296296296294,0.039116262223831945,-0.07171168971706077,-0.008152197413659024,0.1911290462666994
2006-09-26,6420,2920,2874,1221,881,058643,RANDOM LENGTH LUMBER - CHICAGO MERCANTILE EXCHANGE ,255.5,-0.0529595015576324,340,0.8535336292249914,46,-5.4626152270399455,0.1779257849666984,0.055229547808077324,-0.008152197413659024,-0.07514675909292445,0.19060537388432053
2006-10-03,6490,2818,2934,1344,1075,058643,RANDOM LENGTH LUMBER - CHICAGO MERCANTILE EXCHANGE ,236.3000030517578,-0.04144838212634823,269,-1.1059190031152648,-116,-2.5233644859813085,0.13104588673005374,0.028164116828929067,-0.07514675909292445,0.08082941429561918,0.18866191760231737
2006-10-10,6210,2612,2741,1315,1061,058643,RANDOM LENGTH LUMBER - CHICAGO MERCANTILE EXCHANGE ,255.3999938964844,-0.04090177133655395,254,-0.23112480739599386,-129,-0.20030816640986132,0.0180976430976431,0.07453764244348964,0.08082941429561918,-0.012137787465974048,0.18490446263244567
2006-10-17,6444,2777,2533,1299,1121,058643,RANDOM LENGTH LUMBER - CHICAGO MERCANTILE EXCHANGE ,252.3000030517578,-0.027622594661700806,178,-1.2238325281803542,244,6.006441223832528,0.03140495867768595,0.07024482109227873,-0.012137787465974048,-0.025762980267053592,0.18305587938460308
2006-10-24,6542,2970,2554,1246,1255,058643,RANDOM LENGTH LUMBER - CHICAGO MERCANTILE EXCHANGE ,245.8000030517578,0.0013757260776520942,-9,-2.9019242706393547,416,2.6691495965238983,0.07477009196321471,0.0387400434467777,-0.025762980267053592,-0.0077298988270285696,0.181828584273239
2006-10-31,6129,1979,2525,2036,1198,058643,RANDOM LENGTH LUMBER - CHICAGO MERCANTILE EXCHANGE ,243.8999938964844,-0.1367270354054495,838,12.947110975236932,-546,-14.70498318557016,0.2619047619047619,0.22646536412078153,-0.0077298988270285696,-0.03034027913762516,0.17687982810650318
2006-11-07,6146,2123,2531,1924,1224,058643,RANDOM LENGTH LUMBER - CHICAGO MERCANTILE EXCHANGE ,236.5,-0.11389521640091116,700,-2.2515907978463043,-408,2.2515907978463043,0.04383735705209657,0.03223033949290933,-0.03034027913762516,-0.012684989429175508,0.16987008203661091
2006-11-14,5933,2182,2469,1927,1212,058643,RANDOM LENGTH LUMBER - CHICAGO MERCANTILE EXCHANGE ,233.5,-0.1205123883364234,715,0.24406117800195248,-287,1.9687601692157501,0.004778591908251036,0.02601591055686949,-0.012684989429175508,0.12334041881357072,0.16010947637350179
2006-11-21,6046,2264,2446,1788,1297,058643,RANDOM LENGTH LUMBER - CHICAGO MERCANTILE EXCHANGE ,262.29998779296875,-0.08121071782997023,491,-3.775493005225013,-182,1.7697623461992245,0.07260940032414911,0.022292993630573247,0.12334041881357072,0.008387389666093759,0.1497490070456317
2006-11-28,6260,2271,2486,1729,1319,058643,RANDOM LENGTH LUMBER - CHICAGO MERCANTILE EXCHANGE ,264.5,-0.06549520766773163,410,-1.3397287462785312,-215,-0.5458154151505128,0.0265748031496063,0.009880176581879336,0.008387389666093759,-0.019281686591741454,0.1393404342564983
2006-12-05,7491,2387,2974,2051,1388,058643,RANDOM LENGTH LUMBER - CHICAGO MERCANTILE EXCHANGE ,259.3999938964844,-0.08850620744893872,663,4.041533546325879,-587,-5.942492012779553,0.11369584181448095,0.11266554747248647,-0.019281686591741454,0.021202776134970902,0.12832802694383277
2006-12-12,7465,2386,2991,2084,1446,058643,RANDOM LENGTH LUMBER - CHICAGO MERCANTILE EXCHANGE ,264.8999938964844,-0.08546550569323509,638,-0.3337338139100253,-605,-0.24028834601521826,0.025779036827195467,0.0033475915938255534,0.021202776134970902,-0.02076255238476621,0.11715976788275825
2006-12-19,6707,2088,3134,2095,1333,058643,RANDOM LENGTH LUMBER - CHICAGO MERCANTILE EXCHANGE ,259.3999938964844,-0.11361264350678396,762,1.6610850636302747,-1046,-5.907568653717347,0.03617269544924154,0.08445040214477212,-0.02076255238476621,0.04163461281674774,0.10699232589950006
2006-12-26,6534,2131,3194,1825,1267,058643,RANDOM LENGTH LUMBER - CHICAGO MERCANTILE EXCHANGE ,270.20001220703125,-0.08539944903581267,558,-3.0415983301028775,-1063,-0.2534665275085731,0.10866752910737387,0.019342723004694834,0.04163461281674774,0.0070318053687894455,0.0976659956443431
2007-01-09,5972,2066,2453,1406,1531,058643,RANDOM LENGTH LUMBER - CHICAGO MERCANTILE EXCHANGE ,272.1000061035156,0.020931011386470195,-125,-10.453014998469543,-387,10.3458830731558,0.23255022131426625,0.1783580438150033,0.0070318053687894455,0.0,0.0896031955965406
2007-01-16,5921,1997,2434,1509,1104,058643,RANDOM LENGTH LUMBER - CHICAGO MERCANTILE EXCHANGE ,272.1000061035156,-0.0684006080054045,405,8.874748827863362,-437,-0.8372404554588079,0.20283199387677,0.019860076732114647,0.0,-0.042998941361949816,0.07848075789087934
2007-01-23,6623,2558,3612,1753,901,058643,RANDOM LENGTH LUMBER - CHICAGO MERCANTILE EXCHANGE ,260.3999938964844,-0.12864260908953645,852,7.549400439115014,-1054,-10.420537071440634,0.16842501883948757,0.2818476499189627,-0.042998941361949816,-0.0042242938913159556,0.06552926420218388
2007-01-30,7469,2643,3952,1952,1008,058643,RANDOM LENGTH LUMBER - CHICAGO MERCANTILE EXCHANGE ,259.29998779296875,-0.12638907484268308,944,1.3890985958025064,-1309,-3.850218934017817,0.10337837837837838,0.06444275966641395,-0.0042242938913159556,-0.008869988049537092,0.052296929922664846
2007-02-06,8733,2803,4188,2324,1254,058643,RANDOM LENGTH LUMBER - CHICAGO MERCANTILE EXCHANGE ,257.0,-0.12252376044887209,1070,1.6869728209934396,-1385,-1.0175391618690588,0.1727221911682504,0.0566442569017308,-0.008869988049537092,0.036575851737293386,0.0398940222095472
2007-02-13,7777,2451,3869,2410,1329,058643,RANDOM LENGTH LUMBER - CHICAGO MERCANTILE EXCHANGE ,266.3999938964844,-0.138999614247139,1081,0.12595900606893393,-1418,-0.37787701820680175,0.04305964161540519,0.10617088607594936,0.036575851737293386,0.004504550429898169,0.028417638515923424
2007-02-20,6929,2345,3646,2143,1220,058643,RANDOM LENGTH LUMBER - CHICAGO MERCANTILE EXCHANGE ,267.6000061035156,-0.13320825515947468,923,-2.0316317346020316,-1301,1.5044361579015044,0.11180493606898602,0.054915706893673845,0.004504550429898169,-0.05605381038069779,0.017478039617203435
2007-02-27,7049,2573,3616,1880,1093,058643,RANDOM LENGTH LUMBER - CHICAGO MERCANTILE EXCHANGE ,252.6000061035156,-0.11164704213363598,787,-1.9627651897820755,-1043,3.7234810217924665,0.1311806256306761,0.04168686379059622,-0.05605381038069779,-0.02929536411903677,0.008236355692605958
2007-03-06,7042,2547,3363,1875,1126,058643,RANDOM LENGTH LUMBER - CHICAGO MERCANTILE EXCHANGE ,245.1999969482422,-0.10636182902584493,749,-0.5390835579514826,-816,3.220314938289119,0.012662445851382872,0.047208121827411166,-0.02929536411903677,-0.03140292432331282,-0.0002535999526531614
2007-03-13,7562,2494,3361,2188,1474,058643,RANDOM LENGTH LUMBER - CHICAGO MERCANTILE EXCHANGE ,237.5,-0.09441946574980165,714,-0.4970178926441352,-867,-0.7242260721385969,0.1805024576734025,0.009393680614859094,-0.03140292432331282,0.02357897306743406,-0.007120740088338615
2007-03-20,7820,2454,3495,2349,1593,058643,RANDOM LENGTH LUMBER - CHICAGO MERCANTILE EXCHANGE ,243.1000061035156,-0.09667519181585678,756,0.5554086220576567,-1041,-2.3009785770960063,0.07102993404363267,0.02924861321230459,0.02357897306743406,-0.004524911871237047,-0.014274499169343988
2007-03-27,8126,2631,3737,2382,1612,058643,RANDOM LENGTH LUMBER - CHICAGO MERCANTILE EXCHANGE ,242.0,-0.09475756829928624,770,0.17902813299232737,-1106,-0.8312020460358057,0.013019529293940912,0.06579773869346733,-0.004524911871237047,0.04462811178412318,-0.020514375950883547
2007-04-03,9021,2523,4011,2318,1441,058643,RANDOM LENGTH LUMBER - CHICAGO MERCANTILE EXCHANGE ,252.8000030517578,-0.09721760336991464,877,1.3167610140290427,-1488,-4.700959881860694,0.06251662676243681,0.058463422099785736,0.04462811178412318,0.00949364662781682,-0.02488043455836396
2007-04-10,8491,2531,3993,2364,1422,058643,RANDOM LENGTH LUMBER - CHICAGO MERCANTILE EXCHANGE ,255.1999969482422,-0.11094099634907549,942,0.7205409599822636,-1462,0.28821638399290544,0.01716851558372953,0.00398528510116493,0.00949364662781682,-0.045846383574272176,-0.02884453655915979
2007-04-17,8467,2871,3999,2208,1449,058643,RANDOM LENGTH LUMBER - CHICAGO MERCANTILE EXCHANGE ,243.5,-0.08964214007322546,759,-2.1552231774820396,-1128,3.9335767283005536,0.05004101722723544,0.05036390101892285,-0.045846383574272176,-0.03449689485209195,-0.03224330071555092
2007-04-24,8710,2952,3869,2356,1628,058643,RANDOM LENGTH LUMBER - CHICAGO MERCANTILE EXCHANGE ,235.1000061035156,-0.08358208955223881,728,-0.366127317822133,-917,2.492027872918389,0.08207831325301204,0.030933880662659435,-0.03449689485209195,-0.02084223321166534,-0.03555326837728242
2007-05-01,8817,2914,3977,2556,1669,058643,RANDOM LENGTH LUMBER - CHICAGO MERCANTILE EXCHANGE ,230.1999969482422,-0.10060111148916866,887,1.82548794489093,-1063,-1.6762342135476462,0.05704142011834319,0.021187055579741692,-0.02084223321166534,-0.0013032278702646005,-0.039487027090968414
2007-05-08,8192,2961,4136,2595,1717,058643,RANDOM LENGTH LUMBER - CHICAGO MERCANTILE EXCHANGE ,229.8999938964844,-0.107177734375,878,-0.10207553589656344,-1175,-1.2702733356016787,0.020176252319109463,0.029026349161617584,-0.0013032278702646005,0.04393217212551681,-0.04430876785495979
2007-05-15,7181,2654,3986,2134,937,058643,RANDOM LENGTH LUMBER - CHICAGO MERCANTILE EXCHANGE ,240.0,-0.16668987606182983,1197,3.89404296875,-1332,-1.91650390625,0.4041028980788017,0.06882530120481928,0.04393217212551681,0.12125002543131513,-0.05340418018012502
2007-05-22,7219,2698,3684,2091,1171,058643,RANDOM LENGTH LUMBER - CHICAGO MERCANTILE EXCHANGE ,269.1000061035156,-0.1274414738883502,920,-3.857401476117532,-986,4.818270435872441,0.08491722869405273,0.054214979630209964,0.12125002543131513,0.06354517174160779,-0.06152832103212239
2007-05-29,7659,2744,3264,2107,1739,058643,RANDOM LENGTH LUMBER - CHICAGO MERCANTILE EXCHANGE ,286.20001220703125,-0.04804804804804805,368,-7.646488433301012,-520,6.455187699127303,0.1518460738429537,0.07756324900133156,0.06354517174160779,-0.03913351407871146,-0.06672063535650385
2007-06-05,8005,2661,2745,1917,1891,058643,RANDOM LENGTH LUMBER - CHICAGO MERCANTILE EXCHANGE ,275.0,-0.0032479700187382885,26,-4.465334900117509,-84,5.69264917091004,0.0898109243697479,0.11135775064742878,-0.03913351407871146,0.026909068714488615,-0.06984006293669004
2007-06-12,8330,2706,2654,1952,1995,058643,RANDOM LENGTH LUMBER - CHICAGO MERCANTILE EXCHANGE ,282.3999938964844,0.005162064825930372,-43,-0.8619612742036228,52,1.6989381636477203,0.035216620217887004,0.025373134328358207,0.026909068714488615,0.027266332767180268,-0.07114283488360436
2007-06-19,8239,2753,2302,2174,2691,058643,RANDOM LENGTH LUMBER - CHICAGO MERCANTILE EXCHANGE ,290.1000061035156,0.06275033377837116,-517,-5.690276110444178,451,4.789915966386555,0.18869475847893113,0.07893175074183977,0.027266332767180268,-0.03895214778628686,-0.06963810739756847
2007-06-26,7935,2841,2274,2306,2775,058643,RANDOM LENGTH LUMBER - CHICAGO MERCANTILE EXCHANGE ,278.79998779296875,0.059105229993698806,-469,0.5825949751183396,567,1.4079378565359875,0.04251131666994686,0.02267839687194526,-0.03895214778628686,0.006097605026775144,-0.06743424355816709
2007-07-03,7484,2754,2054,1801,2376,058643,RANDOM LENGTH LUMBER - CHICAGO MERCANTILE EXCHANGE ,280.5,0.07683057188669161,-575,-1.3358538122243226,700,1.6761184625078764,0.21642327028968159,0.06385191347753744,0.006097605026775144,-0.012121190361798151,-0.06515677202976435
2007-07-10,7130,2822,1950,1800,2530,058643,RANDOM LENGTH LUMBER - CHICAGO MERCANTILE EXCHANGE ,277.1000061035156,0.10238429172510519,-730,-2.071084981293426,872,2.2982362373062535,0.03579676674364896,0.03604358759430008,-0.012121190361798151,0.08119812163264517,-0.06308559086677243
2007-07-17,6946,2624,1762,1839,2471,058643,RANDOM LENGTH LUMBER - CHICAGO MERCANTILE EXCHANGE ,299.6000061035156,0.09098761877339476,-632,1.3744740532959325,862,-0.1402524544179523,0.022737819025522042,0.08800729594163247,0.08119812163264517,-0.031041449002286114,-0.060269576062795864
2007-07-24,6904,2574,1897,1988,2211,058643,RANDOM LENGTH LUMBER - CHICAGO MERCANTILE EXCHANGE ,290.29998779296875,0.03230011587485516,-223,5.8882810250503885,677,-2.663403397638929,0.09740414384377233,0.04137776783717289,-0.031041449002286114,-0.037202853073045605,-0.058622778962638386
2007-07-31,8103,2598,2075,2066,2143,058643,RANDOM LENGTH LUMBER - CHICAGO MERCANTILE EXCHANGE ,279.5,0.009502653338269777,-77,2.1147161066048668,523,-2.2305909617612976,0.03468757424566405,0.04322704900492189,-0.037202853073045605,-0.023613617543884136,-0.056999316964841076
2007-08-07,8391,2707,2318,2463,2497,058643,RANDOM LENGTH LUMBER - CHICAGO MERCANTILE EXCHANGE ,272.8999938964844,0.004051960433798117,-34,0.5306676539553251,389,-1.6537085030235716,0.15141129032258063,0.0700497512437811,-0.023613617543884136,0.04727004098570098,-0.056127372096281054
2007-08-14,7971,2167,2443,2552,2170,058643,RANDOM LENGTH LUMBER - CHICAGO MERCANTILE EXCHANGE ,285.79998779296875,-0.04792372349767909,382,4.957692766058873,-276,-7.925157907281612,0.08809826344769166,0.1442516268980477,0.04727004098570098,-0.039888013937713795,-0.05692691894642272
2007-08-21,7618,2229,2060,2498,2282,058643,RANDOM LENGTH LUMBER - CHICAGO MERCANTILE EXCHANGE ,274.3999938964844,-0.028353898661065895,216,-2.08254924099862,169,5.582737423158951,0.03472803347280335,0.10375378876194917,-0.039888013937713795,-0.06049565041090299,-0.056919696775892197
2007-08-28,6830,2431,2579,2189,1889,058643,RANDOM LENGTH LUMBER - CHICAGO MERCANTILE EXCHANGE ,257.79998779296875,-0.043923865300146414,300,1.1026516145970071,-148,-4.161197164610134,0.17214320745463463,0.1439121756487026,-0.06049565041090299,-0.036850214084727106,-0.05732222826283204
2007-09-04,6104,2191,2823,2065,1126,058643,RANDOM LENGTH LUMBER - CHICAGO MERCANTILE EXCHANGE ,248.3000030517578,-0.15383355176933158,939,9.355783308931185,-632,-7.086383601756954,0.27796928862425574,0.09652971679297966,-0.036850214084727106,-0.02819170323788056,-0.060271126610389664
2007-09-11,5808,2337,3010,1768,693,058643,RANDOM LENGTH LUMBER - CHICAGO MERCANTILE EXCHANGE ,241.3000030517578,-0.18508953168044076,1075,2.2280471821756227,-673,-0.6716906946264745,0.29662738724095894,0.062277912848326164,-0.02819170323788056,0.0,-0.06350683484389232
2007-09-18,6049,2469,3343,1772,420,058643,RANDOM LENGTH LUMBER - CHICAGO MERCANTILE EXCHANGE ,241.3000030517578,-0.22350801785419078,1352,4.769283746556474,-874,-3.460743801652893,0.12636861313868614,0.08000688231245699,0.0,0.025694143679361403,-0.06686782008104392
2007-09-25,7327,3203,3831,1875,817,058643,RANDOM LENGTH LUMBER - CHICAGO MERCANTILE EXCHANGE ,247.5,-0.144397434147673,1058,-4.860307488841131,-628,4.066787898826252,0.18573551263001487,0.17372760875746374,0.025694143679361403,-0.028282828282828243,-0.06869267553590205
2007-10-02,9641,3666,4044,2231,1510,058643,RANDOM LENGTH LUMBER - CHICAGO MERCANTILE EXCHANGE ,240.5,-0.07478477336375895,721,-4.599426777671625,-378,3.4120376688958647,0.28040630847367015,0.08767833981841763,-0.028282828282828243,0.01122659853738961,-0.0691123923014045
2007-10-09,9752,4136,4047,2197,1785,058643,RANDOM LENGTH LUMBER - CHICAGO MERCANTILE EXCHANGE ,243.1999969482422,-0.04224774405250205,412,-3.205061715589669,89,4.843895861425163,0.07759919638372677,0.05780276182329219,0.01122659853738961,-0.03824014460714409,-0.06912776464613822
2007-10-16,9192,4349,4280,2154,1602,058643,RANDOM LENGTH LUMBER - CHICAGO MERCANTILE EXCHANGE ,233.8999938964844,-0.06005221932114883,552,1.435602953240361,69,-0.20508613617719443,0.06017039403620873,0.051686174527755244,-0.03824014460714409,-0.037622864568621406,-0.0694960424919958
2007-10-23,8847,4320,4373,2103,1406,058643,RANDOM LENGTH LUMBER - CHICAGO MERCANTILE EXCHANGE ,225.1000061035156,-0.07878376850909913,697,1.5774586597040907,-53,-1.3272410791993037,0.07039042462239954,0.01403428045553894,-0.037622864568621406,0.009773420206974581,-0.07047991121983038
2007-10-30,8991,4387,4658,2108,1415,058643,RANDOM LENGTH LUMBER - CHICAGO MERCANTILE EXCHANGE ,227.3000030517578,-0.07707707707707707,693,-0.04521306657624054,-271,-2.464112128405109,0.003973885892705081,0.038916528468767274,0.009773420206974581,-0.00043997405267459655,-0.07198861897280595
2007-11-06,8958,4484,4707,2209,1593,058643,RANDOM LENGTH LUMBER - CHICAGO MERCANTILE EXCHANGE ,227.1999969482422,-0.06876534940835008,616,-0.8564119675230787,-223,0.5338672005338673,0.07338243029984219,0.015885104994015884,-0.00043997405267459655,0.04313381682830886,-0.07068166347286173
2007-11-13,8650,4486,4104,2112,1915,058643,RANDOM LENGTH LUMBER - CHICAGO MERCANTILE EXCHANGE ,237.0,-0.02277456647398844,197,-4.67738334449654,382,6.7537396740343825,0.10404767817233673,0.07043073341094296,0.04313381682830886,0.07932490739138309,-0.06892934328195938
2007-11-20,8861,4361,3784,2066,2166,058643,RANDOM LENGTH LUMBER - CHICAGO MERCANTILE EXCHANGE ,255.8000030517578,0.011285407967498025,-100,-3.4335260115606934,577,2.254335260115607,0.07017958412098299,0.05463474524248005,0.07932490739138309,-0.009773260243058579,-0.06639477027611472
2007-11-27,8932,4328,3642,2053,2128,058643,RANDOM LENGTH LUMBER - CHICAGO MERCANTILE EXCHANGE ,253.3000030517578,0.008396775638154948,-75,0.2821351991874506,686,1.2301094684572846,0.012198038746711314,0.021957340025094103,-0.009773260243058579,-0.029214406103901025,-0.06467154924788156
2007-12-04,10470,3921,3947,2537,2149,058643,RANDOM LENGTH LUMBER - CHICAGO MERCANTILE EXCHANGE ,245.8999938964844,-0.03705826170009551,388,5.183609493954322,-26,-7.971339005821765,0.10776781903542466,0.09049313675648195,-0.029214406103901025,0.024806857482410072,-0.06412468490235008
2007-12-11,10367,3965,4325,2521,2072,058643,RANDOM LENGTH LUMBER - CHICAGO MERCANTILE EXCHANGE ,252.0,-0.04331050448538632,449,0.5826170009551098,-360,-3.1900668576886346,0.020248203788373612,0.05090470446320868,0.024806857482410072,-0.03015875437903015,-0.06325553676843562
2007-12-18,9036,3877,4338,2556,1957,058643,RANDOM LENGTH LUMBER - CHICAGO MERCANTILE EXCHANGE ,244.3999938964844,-0.06629039397963701,599,1.4468988135429728,-461,-0.974245201118935,0.03323731442499446,0.012294583079732198,-0.03015875437903015,-0.09410802199013824,-0.0628867846200972
2008-01-08,9131,4166,4711,3000,2063,058643,RANDOM LENGTH LUMBER - CHICAGO MERCANTILE EXCHANGE ,221.3999938964844,-0.10261745701456576,937,3.740593182824258,-545,-0.9296148738379815,0.10863124629666206,0.07457474371972513,-0.09410802199013824,-0.10975604545106843,-0.06267533872601608
2008-01-15,9397,4004,4671,3209,1936,058643,RANDOM LENGTH LUMBER - CHICAGO MERCANTILE EXCHANGE ,197.1000061035156,-0.13546876662764712,1273,3.6797722045778114,-667,-1.3361077647574198,0.0653061224489796,0.02328530259365994,-0.10975604545106843,0.12582438876203805,-0.06363821021816674
2008-01-22,10019,4283,4742,3286,2039,058643,RANDOM LENGTH LUMBER - CHICAGO MERCANTILE EXCHANGE ,221.8999938964844,-0.12446351931330472,1247,-0.2766840481004576,-459,2.213472384803661,0.03380281690140845,0.038781163434903045,0.12582438876203805,-0.022983285196058745,-0.06643425888547011
2008-01-29,10693,4349,4653,3258,2340,058643,RANDOM LENGTH LUMBER - CHICAGO MERCANTILE EXCHANGE ,216.8000030517578,-0.08585055643879173,918,-3.283760854376684,-304,1.5470605848887116,0.05877098963915684,0.01721839591201955,-0.022983285196058745,0.021678952408133112,-0.0667698348168814
2008-02-05,13147,4743,4675,3738,3276,058643,RANDOM LENGTH LUMBER - CHICAGO MERCANTILE EXCHANGE ,221.5,-0.03514109682817373,462,-4.264472084541289,68,3.4789114373889456,0.2018819503849444,0.04417073688681249,0.021678952408133112,0.031151213979613512,-0.06497172881185519
2008-02-12,13491,4914,4548,3896,4352,058643,RANDOM LENGTH LUMBER - CHICAGO MERCANTILE EXCHANGE ,228.3999938964844,0.033800311318656885,-456,-6.982581577546208,366,2.266676808397353,0.14961202715809893,0.03149439864722046,0.031151213979613512,-0.031085775107088875,-0.06189116369336788
2008-02-19,13376,5134,4650,3832,4463,058643,RANDOM LENGTH LUMBER - CHICAGO MERCANTILE EXCHANGE ,221.3000030517578,0.04717404306220096,-631,-1.2971610703431917,484,0.8746571788599807,0.02109704641350211,0.03291087489779231,-0.031085775107088875,-0.029371892952390843,-0.058627744395078014
2008-02-26,13011,5261,4558,4098,4612,058643,RANDOM LENGTH LUMBER - CHICAGO MERCANTILE EXCHANGE ,214.8000030517578,0.03950503420182922,-514,0.8747009569377991,703,1.6372607655502394,0.04764638346727899,0.022303696914146045,-0.029371892952390843,-0.03910618731811355,-0.05519496269413631
2008-03-04,13689,5437,4523,4266,5026,058643,RANDOM LENGTH LUMBER - CHICAGO MERCANTILE EXCHANGE ,206.3999938964844,0.055519029878004236,-760,-1.8907078625778186,914,1.621704711398048,0.06263452432199741,0.021184738955823294,-0.03910618731811355,-0.08866273417695347,-0.05156559182803096
2008-03-11,13094,5472,4727,4360,4640,058643,RANDOM LENGTH LUMBER - CHICAGO MERCANTILE EXCHANGE ,188.1000061035156,0.021383839926683978,-280,3.5064650449265837,745,-1.2345679012345678,0.05333333333333334,0.023433669967643886,-0.08866273417695347,0.17650183876108705,-0.04900730563456327
2008-03-18,13225,5591,3738,4318,4509,058643,RANDOM LENGTH LUMBER - CHICAGO MERCANTILE EXCHANGE ,221.3000030517578,0.01444234404536862,-191,0.6797006262410265,1853,8.461890942416375,0.01959895774328764,0.11876942866330796,0.17650183876108705,0.01671937142891422,-0.04668414846011685
2008-03-25,13326,5220,4087,4276,4960,058643,RANDOM LENGTH LUMBER - CHICAGO MERCANTILE EXCHANGE ,225.0,0.05132823052678973,-684,-3.7277882797731565,1133,-5.4442344045368625,0.05337808575140754,0.07736112603416784,0.01671937142891422,-0.03555555555555556,-0.04388130814710548
2008-04-01,15224,4486,4343,5679,5453,058643,RANDOM LENGTH LUMBER - CHICAGO MERCANTILE EXCHANGE ,217.0,-0.014844981607987388,226,6.828755815698634,143,-7.429085997298514,0.1703197987782968,0.11213047910295616,-0.03555555555555556,0.12396310551375311,-0.042307650258492605
2008-04-08,14818,4255,3803,5684,6187,058643,RANDOM LENGTH LUMBER - CHICAGO MERCANTILE EXCHANGE ,243.8999938964844,0.03394520178161695,-503,-4.7884918549658435,452,2.029689963215975,0.06225254822677112,0.0956813104988831,0.12396310551375311,-0.11234110119786822,-0.039832596987706
2008-04-15,14567,4197,3898,5676,6048,058643,RANDOM LENGTH LUMBER - CHICAGO MERCANTILE EXCHANGE ,216.5,0.025537173062401317,-372,0.88405992711567,299,-1.032528006478607,0.012538382804503583,0.018900555898702903,-0.11234110119786822,-0.020785219399538146,-0.037471928210161466
2008-04-22,14263,4295,4294,5895,5870,058643,RANDOM LENGTH LUMBER - CHICAGO MERCANTILE EXCHANGE ,212.0,-0.0017527869312206408,25,2.725338092949818,1,-2.0457197775794604,0.033744156396090096,0.057515426708580744,-0.020785219399538146,0.03679246722527263,-0.0353721549521258
2008-04-29,14777,4261,4366,6602,6302,058643,RANDOM LENGTH LUMBER - CHICAGO MERCANTILE EXCHANGE ,219.8000030517578,-0.020301820396562226,300,1.928065624342705,-105,-0.7431816588375517,0.08826720396776193,0.012287005911672656,0.03679246722527263,0.0013648910263532876,-0.03403868726603612
2008-05-06,14351,4312,4535,5928,5731,058643,RANDOM LENGTH LUMBER - CHICAGO MERCANTILE EXCHANGE ,220.1000061035156,-0.013727266392585882,197,-0.6970291669486364,-223,-0.7985382689314474,0.10678445835834978,0.024867186616932293,0.0013648910263532876,0.029532030076105276,-0.03269532528219664
2008-05-13,14900,4665,4712,5853,5787,058643,RANDOM LENGTH LUMBER - CHICAGO MERCANTILE EXCHANGE ,226.6000061035156,-0.0044295302013422815,66,-0.9128283743293151,-47,1.2263953731447286,0.011254295532646048,0.056521275461234935,0.029532030076105276,0.08120032392266974,-0.030845871795892287
2008-05-20,14681,4924,4917,5656,5801,058643,RANDOM LENGTH LUMBER - CHICAGO MERCANTILE EXCHANGE ,245.0,0.009876711395681493,-145,-1.4161073825503356,7,0.3624161073825503,0.018416688487387624,0.047149679910578196,0.08120032392266974,0.03265306122448974,-0.02859482476184072
2008-05-27,15434,4611,4479,5989,6431,058643,RANDOM LENGTH LUMBER - CHICAGO MERCANTILE EXCHANGE ,253.0,0.028638071789555526,-442,-2.023022954839589,132,0.8514406375587493,0.07753623188405798,0.08261826182618262,0.03265306122448974,-0.031225272318120223,-0.024838518072391
2008-06-03,14828,4558,4655,5261,5390,058643,RANDOM LENGTH LUMBER - CHICAGO MERCANTILE EXCHANGE ,245.1000061035156,0.008699757216077691,-129,2.0279901516133214,-97,-1.4837372035765195,0.16608769129659187,0.024856181482687506,-0.031225272318120223,-0.0024480052573404576,-0.022220417474228923
2008-06-10,14741,4851,5183,5563,5288,058643,RANDOM LENGTH LUMBER - CHICAGO MERCANTILE EXCHANGE ,244.5,-0.018655450783528933,275,2.724575128135959,-332,-1.5848394928513623,0.03723159155838172,0.08182180586007574,-0.0024480052573404576,0.0,-0.021655175219142016
2008-06-17,14166,4527,5148,5581,5095,058643,RANDOM LENGTH LUMBER - CHICAGO MERCANTILE EXCHANGE ,244.5,-0.03430749682337993,486,1.4313818601180381,-621,-1.960518282341768,0.019763956538029225,0.03710594315245478,0.0,-0.008179959100204526,-0.022252473811538973
2008-06-24,14153,4474,4933,5549,5146,058643,RANDOM LENGTH LUMBER - CHICAGO MERCANTILE EXCHANGE ,242.5,-0.02847452836854377,403,-0.5859099251729494,-459,1.1435832274459974,0.0077606358111266946,0.028489422770277453,-0.008179959100204526,-0.014432989690721598,-0.02289933137297117
2008-07-01,14813,4482,5406,5985,4873,058643,RANDOM LENGTH LUMBER - CHICAGO MERCANTILE EXCHANGE ,239.0,-0.07506919597650712,1112,5.009538613721473,-924,-3.2855225040627425,0.06529747651501197,0.04864482200647249,-0.014432989690721598,0.04184100418410042,-0.025549706945180366
2008-07-08,14662,4043,5413,6129,4832,058643,RANDOM LENGTH LUMBER - CHICAGO MERCANTILE EXCHANGE ,249.0,-0.08845996453416996,1297,1.2489029906163507,-1370,-3.0108688314318504,0.01687802207827753,0.047165820642978,0.04184100418410042,0.0008032005953502175,-0.02838749914763938
2008-07-15,13997,3895,5442,5964,4495,058643,RANDOM LENGTH LUMBER - CHICAGO MERCANTILE EXCHANGE ,249.1999969482422,-0.10495106094163036,1469,1.1731005319874506,-1547,-1.2072022916382485,0.047996940434075916,0.01895683838492021,0.0008032005953502175,-0.012439770797310401,-0.03188329977895327
2008-07-22,14253,3850,5708,6035,4298,058643,RANDOM LENGTH LUMBER - CHICAGO MERCANTILE EXCHANGE ,246.1000061035156,-0.12186908019364344,1737,1.9146960062870617,-1858,-2.221904693862971,0.025936320526468597,0.03253818790541954,-0.012439770797310401,0.00243799605788797,-0.036195864623544585
2008-07-29,14562,3835,5296,6012,4686,058643,RANDOM LENGTH LUMBER - CHICAGO MERCANTILE EXCHANGE ,246.6999969482422,-0.09105892047795633,1326,-2.883603451904862,-1461,2.78537851680348,0.03841839596186203,0.04676377176650969,0.00243799605788797,0.05918115535197854,-0.039696759609147494
2008-08-05,14036,3957,4716,5474,4939,058643,RANDOM LENGTH LUMBER - CHICAGO MERCANTILE EXCHANGE ,261.29998779296875,-0.03811627244229125,535,-5.431946161241587,-759,4.8207663782447465,0.0759627388840872,0.08094085091663784,0.05918115535197854,0.006505978899540521,-0.041050920922938765
2008-08-12,14795,4365,4644,5270,5256,058643,RANDOM LENGTH LUMBER - CHICAGO MERCANTILE EXCHANGE ,263.0,-0.0009462656302805002,14,-3.711883727557709,-279,3.419777714448561,0.04949648489454684,0.05328005328005328,0.006505978899540521,0.019771909532438237,-0.04125186167233397
2008-08-19,14386,4217,4030,5169,5850,058643,RANDOM LENGTH LUMBER - CHICAGO MERCANTILE EXCHANGE ,268.20001220703125,0.0473376894202697,-681,-4.697532950321055,187,3.1497127407908074,0.06307287412650876,0.09239723535831211,0.019771909532438237,-0.0387771213300111,-0.040419443807209514
2008-08-26,13238,3852,3713,5170,5822,058643,RANDOM LENGTH LUMBER - CHICAGO MERCANTILE EXCHANGE ,257.79998779296875,0.04925215289318628,-652,0.2015848741832337,139,-0.333657722786042,0.002638282387190684,0.09015201586252479,-0.0387771213300111,-0.01861903809252108,-0.038550676953539025
2008-09-02,12831,3613,3983,5031,5096,058643,RANDOM LENGTH LUMBER - CHICAGO MERCANTILE EXCHANGE ,253.0,0.005065856129685917,-65,4.434204562622752,-370,-3.844991690587702,0.08541522662190185,0.06700895208004212,-0.01861903809252108,-0.016205557721405528,-0.03790798936140918
2008-09-09,12436,3864,4883,4647,3664,058643,RANDOM LENGTH LUMBER - CHICAGO MERCANTILE EXCHANGE ,248.8999938964844,-0.07904470890961723,983,8.167718806016678,-1019,-5.058062504871016,0.2185055949945855,0.1315879730193209,-0.016205557721405528,-0.08879064438192719,-0.03858339020005285
2008-09-16,11935,4132,5253,4573,3179,058643,RANDOM LENGTH LUMBER - CHICAGO MERCANTILE EXCHANGE ,226.8000030517578,-0.11679932970255551,1394,3.304921196526214,-1121,-0.8201994210357028,0.07211042311661507,0.06798082045817794,-0.08879064438192719,-0.16446209237151388,-0.037871193621845614
2008-10-21,8844,2830,4530,3693,1688,058643,RANDOM LENGTH LUMBER - CHICAGO MERCANTILE EXCHANGE ,189.5,-0.22670737222976028,2005,5.119396732299958,-1700,-4.851277754503561,0.44062441925292695,0.2751358695652174,-0.16446209237151388,-0.061741408697847944,-0.03867153670933254
2008-10-28,8914,2715,4503,3520,1478,058643,RANDOM LENGTH LUMBER - CHICAGO MERCANTILE EXCHANGE ,177.8000030517578,-0.22907785505945705,2042,0.4183627317955676,-1788,-0.9950248756218906,0.07663065226090436,0.01967303962316431,-0.061741408697847944,0.0815523045619917,-0.038778648963279955
2008-11-04,8264,2484,3834,3178,1521,058643,RANDOM LENGTH LUMBER - CHICAGO MERCANTILE EXCHANGE ,192.3000030517578,-0.2005082284607938,1657,-4.319048687457931,-1350,4.913619026250841,0.08193232602681422,0.14245014245014245,0.0815523045619917,-0.023920988198203652,-0.039857702700070746
2008-11-11,7622,2854,3703,2620,1481,058643,RANDOM LENGTH LUMBER - CHICAGO MERCANTILE EXCHANGE ,187.6999969482422,-0.1494358436106009,1139,-6.268151016456922,-849,6.06243949661181,0.14581809314801267,0.07640689339637029,-0.023920988198203652,0.06393180711296953,-0.0412933002048177
2008-11-18,7501,2891,3702,2512,1347,058643,RANDOM LENGTH LUMBER - CHICAGO MERCANTILE EXCHANGE ,199.6999969482422,-0.15531262498333556,1165,0.3411178168459722,-811,0.49855680923642093,0.06271054677377559,0.005763688760806916,0.06393180711296953,-0.011016509673820285,-0.043467624838102965
2008-11-25,7802,2942,3704,2570,1334,058643,RANDOM LENGTH LUMBER - CHICAGO MERCANTILE EXCHANGE ,197.5,-0.15842091771340683,1236,0.9465404612718306,-762,0.6532462338354886,0.018186475409836065,0.007974721637074932,-0.011016509673820285,-0.0602531336530856,-0.04535933057641561
2008-12-02,8824,2717,3715,2521,1084,058643,RANDOM LENGTH LUMBER - CHICAGO MERCANTILE EXCHANGE ,185.6000061035156,-0.16285131459655486,1437,2.5762624967956933,-998,-3.024865419123302,0.08294036061026352,0.03669154228855721,-0.0602531336530856,-0.07812499743083423,-0.046976014155020535
2008-12-09,7849,2801,3749,2395,1077,058643,RANDOM LENGTH LUMBER - CHICAGO MERCANTILE EXCHANGE ,171.10000610351562,-0.16791948018855904,1318,-1.3485947416137807,-948,0.5666364460562103,0.038306451612903226,0.01801526717557252,-0.07812499743083423,-0.01811809464016101,-0.048722983445625964
2008-12-16,8172,2711,4307,3182,1188,058643,RANDOM LENGTH LUMBER - CHICAGO MERCANTILE EXCHANGE ,168.0,-0.2440039158100832,1994,8.612562109822907,-1596,-8.255828767995924,0.20549199084668193,0.09233399829011114,-0.01811809464016101,0.02678571428571419,-0.052092955876428516
2008-12-30,7951,2475,3796,3450,1930,058643,RANDOM LENGTH LUMBER - CHICAGO MERCANTILE EXCHANGE ,172.5,-0.19117092189661677,1520,-5.800293685756241,-1321,3.3651492902594224,0.18773234200743494,0.11911975761441557,0.02678571428571419,-0.024927553923233647,-0.055331347326863685
2009-01-06,7835,2567,3895,3302,1738,058643,RANDOM LENGTH LUMBER - CHICAGO MERCANTILE EXCHANGE ,168.1999969482422,-0.199617102744097,1564,0.5533895107533644,-1328,-0.08803924034712615,0.06746031746031746,0.02955741256576911,-0.024927553923233647,-0.07074907320091206,-0.05938716484054821
2009-01-13,7901,2749,3767,3212,1532,058643,RANDOM LENGTH LUMBER - CHICAGO MERCANTILE EXCHANGE ,156.3000030517578,-0.2126313124920896,1680,1.4805360561582641,-1018,3.956604977664327,0.06239460370994941,0.04757519950890117,-0.07074907320091206,0.023672404836850625,-0.06363770499689905
2009-01-20,7789,2667,3978,3151,1227,058643,RANDOM LENGTH LUMBER - CHICAGO MERCANTILE EXCHANGE ,160.0,-0.24701502118372062,1924,3.08821668143273,-1311,-3.7083913428679915,0.08359981726815897,0.04409330323551543,0.023672404836850625,-0.0725000381469727,-0.06767533498696877
2009-01-27,8114,2724,4026,3055,1236,058643,RANDOM LENGTH LUMBER - CHICAGO MERCANTILE EXCHANGE ,148.39999389648438,-0.22418042888834114,1819,-1.3480549492874567,-1302,0.11554756708178199,0.024469820554649267,0.015555555555555555,-0.0725000381469727,0.10309975526299708,-0.07115360276394866
2009-02-03,8197,2630,3935,2903,1211,058643,RANDOM LENGTH LUMBER - CHICAGO MERCANTILE EXCHANGE ,163.6999969482422,-0.20641698182261803,1692,-1.565195957604141,-1305,-0.03697313285679073,0.04302382109868741,0.02817974105102818,0.10309975526299708,-0.03665241363380756,-0.07384834483785216
2009-02-10,7946,2681,3667,2797,1424,058643,RANDOM LENGTH LUMBER - CHICAGO MERCANTILE EXCHANGE ,157.6999969482422,-0.17279134155549963,1373,-3.8916676832987678,-986,3.8916676832987678,0.07557450841032931,0.05025204788909893,-0.03665241363380756,-0.04882686808655656,-0.0751978426174855
2009-02-17,7725,2756,3653,2723,1511,058643,RANDOM LENGTH LUMBER - CHICAGO MERCANTILE EXCHANGE ,150.0,-0.15689320388349515,1212,-2.02617669267556,-897,1.1200604077523282,0.03802550779404818,0.013886721797472305,-0.04882686808655656,-0.06866668701171874,-0.07560985102625181
2009-02-24,8137,2717,3712,2932,1370,058643,RANDOM LENGTH LUMBER - CHICAGO MERCANTILE EXCHANGE ,139.6999969482422,-0.1919626397935357,1562,4.53074433656958,-995,-1.2686084142394822,0.08135750813575081,0.015243428215896719,-0.06866668701171874,0.18396562283221707,-0.07690791103548701
2009-03-03,7757,2309,3586,3265,1662,058643,RANDOM LENGTH LUMBER - CHICAGO MERCANTILE EXCHANGE ,165.39999389648438,-0.20665205620729662,1603,0.503871205604031,-1277,-3.4656507312277247,0.12685203978079967,0.0905852417302799,0.18396562283221707,-0.11729138217880386,-0.07923101680026595
2009-03-10,6685,2329,3190,2548,1395,058643,RANDOM LENGTH LUMBER - CHICAGO MERCANTILE EXCHANGE ,146.0,-0.1724756918474196,1153,-5.801211808688926,-861,5.362898027587986,0.24955617550088766,0.07537597390831673,-0.11729138217880386,0.09452056884765625,-0.08187206670448223
2009-03-17,6454,2468,3204,2289,1252,058643,RANDOM LENGTH LUMBER - CHICAGO MERCANTILE EXCHANGE ,159.8000030517578,-0.1606755500464828,1037,-1.7352281226626778,-736,1.8698578908002992,0.11352725218864727,0.026974612129760225,0.09452056884765625,0.046933666187545686,-0.0856119871153503
2009-03-24,6613,2471,3459,2458,1284,058643,RANDOM LENGTH LUMBER - CHICAGO MERCANTILE EXCHANGE ,167.3000030517578,-0.17752910933010738,1174,2.122714595599628,-988,-3.9045553145336225,0.05371459112773918,0.04350758853288364,0.046933666187545686,0.023909144811925076,-0.08993320158443316
2009-03-31,7945,2815,3291,2335,1672,058643,RANDOM LENGTH LUMBER - CHICAGO MERCANTILE EXCHANGE ,171.3000030517578,-0.08344870988042795,663,-7.727203992136701,-476,7.7423257220626045,0.1275268280509109,0.08385194890271863,0.023909144811925076,0.07413891840039799,-0.09229769666293809
2009-04-07,7788,2869,3134,2118,2108,058643,RANDOM LENGTH LUMBER - CHICAGO MERCANTILE EXCHANGE ,184.0,-0.0012840267077555213,10,-8.219005663939585,-265,2.655758338577722,0.1545196403218173,0.035149092120606365,0.07413891840039799,-0.0320651842200238,-0.09339006313574116
2009-04-14,7617,2864,2904,2175,2178,058643,RANDOM LENGTH LUMBER - CHICAGO MERCANTILE EXCHANGE ,178.10000610351562,0.00039385584875935406,-3,-0.16692347200821775,-40,2.889060092449923,0.029175281415116012,0.04074202496532594,-0.0320651842200238,-0.040426793713002174,-0.09379371667570124
2009-04-21,7194,2788,2836,2177,2141,058643,RANDOM LENGTH LUMBER - CHICAGO MERCANTILE EXCHANGE ,170.89999389648438,-0.0050041701417848205,36,0.5120126033871603,-48,-0.10502822633582776,0.009031959240389069,0.025604551920341393,-0.040426793713002174,-0.05032177385527381,-0.09416768810237727
2009-04-28,8102,3077,3224,2324,2060,058643,RANDOM LENGTH LUMBER - CHICAGO MERCANTILE EXCHANGE ,162.3000030517578,-0.03258454702542582,264,3.16930775646372,-147,-1.3761467889908259,0.05200729927007299,0.10744326297413109,-0.05032177385527381,-0.06715963616955323,-0.09578139536299682
2009-05-05,8007,3196,3706,2259,1786,058643,RANDOM LENGTH LUMBER - CHICAGO MERCANTILE EXCHANGE ,151.39999389648438,-0.05907331085300362,473,2.5796099728462107,-510,-4.480375215996051,0.08380716934487022,0.08707620979426253,-0.06715963616955323,0.05019819293197547,-0.09663194015617022
2009-05-12,7556,3368,3546,2180,1947,058643,RANDOM LENGTH LUMBER - CHICAGO MERCANTILE EXCHANGE ,159.0,-0.030836421386977238,233,-2.9973772948669914,-178,4.146371924566005,0.05815362248606736,0.048018513161700895,0.05019819293197547,0.11823901290413708,-0.09787774060172008
2009-05-19,7583,3193,3499,2356,1903,058643,RANDOM LENGTH LUMBER - CHICAGO MERCANTILE EXCHANGE ,177.8000030517578,-0.059738889621521823,453,2.9115934356802544,-306,-1.694017998941239,0.05165531814980042,0.03317393903167962,0.11823901290413708,-0.014623206180478854,-0.09951766488410321
2009-05-26,7863,3255,3712,2565,1698,058643,RANDOM LENGTH LUMBER - CHICAGO MERCANTILE EXCHANGE ,175.1999969482422,-0.11026325829835941,867,5.4595806409072924,-457,-1.991296320717394,0.09711470795214637,0.03947179560786565,-0.014623206180478854,0.1872146325518922,-0.10160440471808665
2009-06-02,9275,3466,2442,2469,3657,058643,RANDOM LENGTH LUMBER - CHICAGO MERCANTILE EXCHANGE ,208.0,0.12808625336927223,-1188,-26.135062953071348,1024,18.835050235279155,0.3354554358472086,0.250677048070413,0.1872146325518922,-0.04903844686654901,-0.09875078791489753
2009-06-09,9096,3653,2142,2532,4381,058643,RANDOM LENGTH LUMBER - CHICAGO MERCANTILE EXCHANGE ,197.8000030517578,0.20327616534740545,-1849,-7.126684636118598,1511,5.250673854447439,0.11384348329234775,0.08403796376186368,-0.04903844686654901,0.07785638856868315,-0.09457764499682078
2009-06-16,9077,3604,1929,2636,4877,058643,RANDOM LENGTH LUMBER - CHICAGO MERCANTILE EXCHANGE ,213.1999969482422,0.24688773823950644,-2241,-4.309586631486368,1675,1.8029903254177662,0.07986157327299348,0.04735225013555033,0.07785638856868315,-0.057692322832180065,-0.08974462060372754
2009-06-23,8991,3460,1450,2726,5132,058643,RANDOM LENGTH LUMBER - CHICAGO MERCANTILE EXCHANGE ,200.8999938964844,0.26760093426760095,-2406,-1.8177812052440234,2010,3.690646689434835,0.04390430134894375,0.12688391038696537,-0.057692322832180065,-0.04927821900077045,-0.08478838554849831
2009-06-30,8273,3219,1093,2610,4915,058643,RANDOM LENGTH LUMBER - CHICAGO MERCANTILE EXCHANGE ,191.0,0.278617188444337,-2305,1.1233455677900124,2126,1.2901790679568457,0.04425249169435216,0.13868274582560297,-0.04927821900077045,-0.023560209424083767,-0.07998109484359867
2009-07-07,7734,3164,1098,2566,4653,058643,RANDOM LENGTH LUMBER - CHICAGO MERCANTILE EXCHANGE ,186.5,0.26984742694595293,-2087,2.63507796446271,2066,-0.7252508159071679,0.04238814240199473,0.014077897700610043,-0.023560209424083767,-0.09919571045576403,-0.0749590242718703
2009-07-14,7551,3080,1790,2508,3871,058643,RANDOM LENGTH LUMBER - CHICAGO MERCANTILE EXCHANGE ,168.0,0.18050589325917096,-1363,9.361261960175847,1290,-10.033617791569691,0.131682081831008,0.1593429158110883,-0.09919571045576403,0.125,-0.0711289984248953
2009-07-21,7818,3318,2509,2524,3545,058643,RANDOM LENGTH LUMBER - CHICAGO MERCANTILE EXCHANGE ,189.0,0.13059606037349705,-1021,4.529201430274136,809,-6.370017216262747,0.05635195254572417,0.16423545563754935,0.125,0.09523809523809534,-0.06795777617110921
2009-07-28,8612,3144,2346,2832,3982,058643,RANDOM LENGTH LUMBER - CHICAGO MERCANTILE EXCHANGE ,207.0,0.13353460287970273,-1150,-1.650038372985418,798,-0.14070094653364032,0.10933372468447314,0.061384335154826955,0.09523809523809534,0.0,-0.06484221595479676
2009-08-04,9336,3292,2472,3002,4356,058643,RANDOM LENGTH LUMBER - CHICAGO MERCANTILE EXCHANGE ,207.0,0.14502999143101972,-1354,-2.3687877380399445,820,0.25545750116117044,0.07393313400380538,0.04753643303261624,0.0,-0.06425122247226,-0.060609539273882795
2009-08-11,8838,3213,2562,3089,4201,058643,RANDOM LENGTH LUMBER - CHICAGO MERCANTILE EXCHANGE ,193.6999969482422,0.1258203213396696,-1112,2.5921165381319624,651,-1.810197086546701,0.033196159122085046,0.029264069264069263,-0.06425122247226,-0.06350027488665588,-0.056488764545539735
2009-08-18,8855,3440,2519,2839,4023,058643,RANDOM LENGTH LUMBER - CHICAGO MERCANTILE EXCHANGE ,181.3999938964844,0.1337097684923772,-1184,-0.8146639511201629,921,3.054989816700611,0.062372486155639756,0.045309615707333446,-0.06350027488665588,-0.017640557088818287,-0.05189913321027035
2009-08-25,8632,3503,2740,2683,3693,058643,RANDOM LENGTH LUMBER - CHICAGO MERCANTILE EXCHANGE ,178.1999969482422,0.1170064874884152,-1010,1.9649915302089216,763,-1.7843026538678715,0.07622333751568382,0.04549094986384751,-0.017640557088818287,-0.04601569634495484,-0.047305372293307696
2009-09-01,9551,3564,3626,2966,3273,058643,RANDOM LENGTH LUMBER - CHICAGO MERCANTILE EXCHANGE ,170.0,0.032143231075280075,-307,8.144114921223355,-62,-9.55746061167748,0.11267831383234493,0.1317107093184979,-0.04601569634495484,0.03411766501034008,-0.044936100148053146
2009-09-08,9277,3887,3740,2883,2992,058643,RANDOM LENGTH LUMBER - CHICAGO MERCANTILE EXCHANGE ,175.8000030517578,0.01174948798102835,-109,2.0730813527379333,147,2.1882525390011516,0.06195744680851064,0.05729644683361741,0.03411766501034008,-0.018771348091423223,-0.04397714321683545
2009-09-15,8842,3766,3878,2657,2682,058643,RANDOM LENGTH LUMBER - CHICAGO MERCANTILE EXCHANGE ,172.5,0.0028274146120787153,-25,0.9054651288131939,-112,-2.7918508138406812,0.10039333208466004,0.03388278388278388,-0.018771348091423223,0.019130452473958393,-0.04390457244294393
2009-09-22,9333,3930,3897,2728,2978,058643,RANDOM LENGTH LUMBER - CHICAGO MERCANTILE EXCHANGE ,175.8000030517578,0.02678667095253402,-250,-2.544673150870844,33,1.639900475005655,0.06431826147914475,0.0233806055960138,0.019130452473958393,-0.04323097822289623,-0.04429978433655423
2009-09-29,10243,3941,3941,2887,2999,058643,RANDOM LENGTH LUMBER - CHICAGO MERCANTILE EXCHANGE ,168.1999969482422,0.01093429659279508,-112,1.4786242365798778,0,-0.35358405657344905,0.03058103975535168,0.00697792438467394,-0.04323097822289623,0.018430476574084365,-0.04503666618848483
2009-10-06,10125,3896,3907,2753,3006,058643,RANDOM LENGTH LUMBER - CHICAGO MERCANTILE EXCHANGE ,171.3000030517578,0.024987654320987655,-253,-1.3765498389143804,-11,-0.10739041296495166,0.02448341725994096,0.010124311162373447,0.018430476574084365,-0.007005236000373061,-0.04465355468480595
2009-10-13,10007,4038,4718,2855,2436,058643,RANDOM LENGTH LUMBER - CHICAGO MERCANTILE EXCHANGE ,170.10000610351562,-0.04187069051663835,419,6.637037037037037,-680,-6.607407407407408,0.127008127008127,0.10883965280950206,-0.007005236000373061,0.02880654744657951,-0.04393866971571021
2009-10-20,9124,3795,4412,2936,2554,058643,RANDOM LENGTH LUMBER - CHICAGO MERCANTILE EXCHANGE ,175.0,-0.041867601928978516,382,-0.3697411811731788,-617,0.6295593084840612,0.036247723132969034,0.0668941147800658,0.02880654744657951,0.0028571428571428914,-0.04249767495083372
2009-10-27,9175,3796,4508,2929,2533,058643,RANDOM LENGTH LUMBER - CHICAGO MERCANTILE EXCHANGE ,175.5,-0.04316076294277929,396,0.15344147303814115,-712,-1.041209995615958,0.005126327352618088,0.01168111753371869,0.0028571428571428914,0.06609690087473274,-0.03896793246454563
2009-11-03,9376,4223,3876,2955,3300,058643,RANDOM LENGTH LUMBER - CHICAGO MERCANTILE EXCHANGE ,187.1000061035156,0.03679607508532423,-345,-8.076294277929156,347,11.542234332425068,0.12677857713828936,0.13075688356587234,0.06609690087473274,0.28006409506739094,-0.03385497226945368
2009-11-17,10596,4557,2779,2846,4614,058643,RANDOM LENGTH LUMBER - CHICAGO MERCANTILE EXCHANGE ,239.5,0.16685541713854285,-1768,-15.177047781569966,1778,15.262372013651875,0.19075067024128686,0.19506543075245367,0.28006409506739094,-0.01962420437679413,-0.026790286777158744
2009-11-24,11169,4781,2563,3021,5383,058643,RANDOM LENGTH LUMBER - CHICAGO MERCANTILE EXCHANGE ,234.8000030517578,0.21147819858537023,-2362,-5.605889014722537,2218,4.152510381275953,0.11232746311280342,0.05991285403050109,-0.01962420437679413,0.02640543810757756,-0.019849632119543915
2009-12-01,11433,4968,2020,2678,5858,058643,RANDOM LENGTH LUMBER - CHICAGO MERCANTILE EXCHANGE ,241.0,0.2781422198897927,-3180,-7.32384277912078,2948,6.535947712418301,0.09582942830365511,0.10446479679450486,0.02640543810757756,-0.11203319502074693,-0.011513962025829912
2009-12-08,10050,4728,1512,2482,5778,058643,RANDOM LENGTH LUMBER - CHICAGO MERCANTILE EXCHANGE ,214.0,0.32796019900497514,-3296,-1.0146068398495582,3216,2.344091664480014,0.03341404358353511,0.11987179487179488,-0.11203319502074693,-0.005607462374963457,-0.0021604790120148746
2009-12-15,9415,4494,1291,2410,5723,058643,RANDOM LENGTH LUMBER - CHICAGO MERCANTILE EXCHANGE ,212.8000030517578,0.35188528943175784,-3313,-0.1691542288557214,3203,-0.12935323383084577,0.015615394073527604,0.07865168539325842,-0.005607462374963457,-0.014567697645951783,0.007738301834683447
2009-12-22,8793,4314,1534,2466,5420,058643,RANDOM LENGTH LUMBER - CHICAGO MERCANTILE EXCHANGE ,209.6999969482422,0.3359490503809849,-2954,3.8130642591609134,2780,-4.492830589484865,0.045523712908952574,0.07233242134062927,-0.014567697645951783,-0.023366685587953406,0.01742808126871314
2009-12-29,8788,4285,1808,2479,4955,058643,RANDOM LENGTH LUMBER - CHICAGO MERCANTILE EXCHANGE ,204.8000030517578,0.28174783796085573,-2476,5.4361423859888545,2477,-3.445922893210508,0.06429916599408125,0.04972919743968488,-0.023366685587953406,-0.017089843495341484,0.027538691918154275
2010-01-05,8589,4302,1918,2651,4628,058643,RANDOM LENGTH LUMBER - CHICAGO MERCANTILE EXCHANGE ,201.3000030517578,0.2301781348236116,-1977,5.678197542102867,2384,-1.058261265361857,0.06855337271603242,0.020418006430868166,-0.017089843495341484,0.043219060190502256,0.03564155839354328
2010-01-12,9390,4223,1960,2835,5135,058643,RANDOM LENGTH LUMBER - CHICAGO MERCANTILE EXCHANGE ,210.0,0.24494142705005326,-2300,-3.760624054022587,2263,-1.4087786703923624,0.08670012547051444,0.019569788128740093,0.043219060190502256,0.20857144310360853,0.04419076088958463
2010-01-19,10060,4086,1647,2839,5814,058643,RANDOM LENGTH LUMBER - CHICAGO MERCANTILE EXCHANGE ,253.8000030517578,0.2957256461232604,-2975,-7.188498402555911,2439,1.8743343982960599,0.07893216225586502,0.07849293563579278,0.20857144310360853,-0.026398726823009033,0.05396685624757213
2010-01-26,10497,4061,1408,2943,6004,058643,RANDOM LENGTH LUMBER - CHICAGO MERCANTILE EXCHANGE ,247.1000061035156,0.29160712584547965,-3061,-0.8548707753479126,2653,2.1272365805168985,0.03286017659550687,0.04827207899067471,-0.026398726823009033,0.05625250325028874,0.06432497445967214
2010-02-02,10392,3946,1226,2789,5874,058643,RANDOM LENGTH LUMBER - CHICAGO MERCANTILE EXCHANGE ,261.0,0.29686297151655117,-3085,-0.22863675335810232,2720,0.6382776031247023,0.032783100542537226,0.0574245939675174,0.05625250325028874,0.034482758620689724,0.07434503985207391
2010-02-09,10328,3882,1018,2726,6148,058643,RANDOM LENGTH LUMBER - CHICAGO MERCANTILE EXCHANGE ,270.0,0.33133230054221535,-3422,-3.242879137798307,2864,1.3856812933025404,0.03797610998422357,0.05551020408163265,0.034482758620689724,0.0,0.08468637220524378
2010-02-16,10596,4190,936,2619,6420,058643,RANDOM LENGTH LUMBER - CHICAGO MERCANTILE EXCHANGE ,270.0,0.3587202718006795,-3801,-3.669635941130906,3254,3.7761425251742837,0.04192941697090386,0.07608271556769411,0.0,-0.043703658492476816,0.0949077493851703
2010-02-23,9869,4268,824,2586,6322,058643,RANDOM LENGTH LUMBER - CHICAGO MERCANTILE EXCHANGE ,258.20001220703125,0.3785591245313608,-3736,0.613439033597584,3444,1.793129482823707,0.014705882352941176,0.03731343283582089,-0.043703658492476816,-0.023625119345945356,0.10520490954699446
2010-03-02,9564,3758,643,2688,6101,058643,RANDOM LENGTH LUMBER - CHICAGO MERCANTILE EXCHANGE ,252.1000061035156,0.3568590547887913,-3413,3.2728746580200627,3115,-3.3336710912959777,0.0367504835589942,0.15700977050670303,-0.023625119345945356,0.08607687887378646,0.11575917290434691
2010-03-09,9495,3812,600,2764,6346,058643,RANDOM LENGTH LUMBER - CHICAGO MERCANTILE EXCHANGE ,273.79998779296875,0.37725118483412323,-3582,-1.7670430782099538,3212,1.0142199916352992,0.03523600439077936,0.02198549410698096,0.08607687887378646,-0.005113199265527224,0.12698808138591267
2010-03-16,9276,3679,622,2762,6190,058643,RANDOM LENGTH LUMBER - CHICAGO MERCANTILE EXCHANGE ,272.3999938964844,0.3695558430357913,-3428,1.6219062664560295,3057,-1.6324381253291207,0.017649687220732797,0.03603813066728668,-0.005113199265527224,0.017254083378640983,0.13741176474905134
2010-03-23,9541,3818,640,2776,6262,058643,RANDOM LENGTH LUMBER - CHICAGO MERCANTILE EXCHANGE ,277.1000061035156,0.36537050623624356,-3486,-0.6252695127210005,3178,1.304441569642087,0.009515379508740872,0.03521758636159713,0.017254083378640983,0.0003609025669897292,0.14752803506218068
2010-03-30,9586,3724,648,2615,6266,058643,RANDOM LENGTH LUMBER - CHICAGO MERCANTILE EXCHANGE ,277.20001220703125,0.38086793240141875,-3651,-1.7293784718582956,3076,-1.0690703280578555,0.018578988852606688,0.02333028362305581,0.0003609025669897292,0.05699851045160953,0.1582664397108639
2010-04-06,9816,4356,1098,2323,6367,058643,RANDOM LENGTH LUMBER - CHICAGO MERCANTILE EXCHANGE ,293.0,0.4119804400977995,-4044,-4.099728771124557,3258,1.8986021281034844,0.04522439585730725,0.1983865053171984,0.05699851045160953,0.005460771684353771,0.16779392336429136
2010-04-13,9975,4748,1029,2253,6537,058643,RANDOM LENGTH LUMBER - CHICAGO MERCANTILE EXCHANGE ,294.6000061035156,0.42947368421052634,-4284,-2.444987775061125,3719,4.696414017929911,0.027303754266211604,0.07979920373896486,0.005460771684353771,0.08520029050744848,0.17607772549733522
2010-04-20,11078,5596,1164,2110,7018,058643,RANDOM LENGTH LUMBER - CHICAGO MERCANTILE EXCHANGE ,319.70001220703125,0.4430402599747247,-4908,-6.255639097744361,4432,7.147869674185464,0.06836108676599474,0.14541420118343196,0.08520029050744848,-0.053800474039059076,0.18459015634591147
2010-04-27,11045,5584,1044,2072,6930,058643,RANDOM LENGTH LUMBER - CHICAGO MERCANTILE EXCHANGE ,302.5,0.4398370303304663,-4858,0.45134500812421013,4540,0.9749052175482938,0.013996889580093312,0.019915509957754977,-0.053800474039059076,-0.06710739766270657,0.1931447948165317
2010-05-04,10648,5002,844,2291,6912,058643,RANDOM LENGTH LUMBER - CHICAGO MERCANTILE EXCHANGE ,282.20001220703125,0.43397821187077384,-4621,2.145767315527388,4158,-3.458578542326845,0.02575247201999348,0.13376667807047554,-0.06710739766270657,-0.040396966410118584,0.20211715556453552
2010-05-11,8229,3600,494,2132,5504,058643,RANDOM LENGTH LUMBER - CHICAGO MERCANTILE EXCHANGE ,270.79998779296875,0.4097703244622676,-3372,11.729902329075882,3106,-9.879789631855749,0.20521215295966475,0.42794333170493404,-0.040396966410118584,-0.10376658829914531,0.21113337932059845
2010-05-18,7437,3146,1230,2097,4029,058643,RANDOM LENGTH LUMBER - CHICAGO MERCANTILE EXCHANGE ,242.6999969482422,0.25978217022993144,-1932,17.499088589135983,1916,-14.461052375744318,0.2464903689193601,0.2719378427787934,-0.10376658829914531,-0.03172639903198793,0.21672219839015436
2010-05-25,7606,3151,1566,2158,3699,058643,RANDOM LENGTH LUMBER - CHICAGO MERCANTILE EXCHANGE ,235.0,0.2026032079936892,-1541,5.257496302272421,1585,-4.45071937609251,0.0667577257981902,0.07229171083315666,-0.03172639903198793,-0.025957472780917423,0.22176723872890844
2010-06-01,8988,3232,1963,2530,3868,058643,RANDOM LENGTH LUMBER - CHICAGO MERCANTILE EXCHANGE ,228.8999938964844,0.14886515353805074,-1338,2.6689455692874047,1269,-4.154614777806994,0.08455767427321038,0.09201154956689124,-0.025957472780917423,-0.06465700387769258,0.22675047741807017
2010-06-08,9656,3377,2242,2797,3679,058643,RANDOM LENGTH LUMBER - CHICAGO MERCANTILE EXCHANGE ,214.1000061035156,0.09134217067108534,-882,5.07343124165554,1135,-1.4908767245215844,0.07041383570105003,0.07545826659547962,-0.06465700387769258,-0.05184495930443289,0.226043860443105
2010-06-15,9361,3458,2754,2715,3458,058643,RANDOM LENGTH LUMBER - CHICAGO MERCANTILE EXCHANGE ,203.0,0.07937186198055764,-743,1.4395194697597349,704,-4.463545981772991,0.049084723797181276,0.095460399227302,-0.05184495930443289,-0.09556647239647487,0.223661085378358
2010-06-22,9442,3510,3343,2721,3223,058643,RANDOM LENGTH LUMBER - CHICAGO MERCANTILE EXCHANGE ,183.6000061035156,0.053166701969921626,-502,2.5745112701634443,167,-5.736566606131824,0.04054508748317631,0.09353567780534072,-0.09556647239647487,0.0076252388341155886,0.2199356808347121
2010-06-29,9384,3768,3617,2766,3064,058643,RANDOM LENGTH LUMBER - CHICAGO MERCANTILE EXCHANGE ,185.0,0.03175618073316283,-298,2.160559203558568,151,-0.16945562380851514,0.03499142367066895,0.07203791469194312,0.0076252388341155886,0.05675675675675684,0.2154002048052037
2010-07-06,8941,3690,3564,2824,3103,058643,RANDOM LENGTH LUMBER - CHICAGO MERCANTILE EXCHANGE ,195.5,0.031204563247958842,-279,0.20247229326513214,126,-0.26641091219096336,0.016365783701704065,0.018059001929969672,0.05675675675675684,0.05166243531210024,0.21064226970527333
2010-07-13,8504,3675,3589,2562,2670,058643,RANDOM LENGTH LUMBER - CHICAGO MERCANTILE EXCHANGE ,205.6000061035156,0.012699905926622766,-108,1.9125377474555418,86,-0.4473772508667934,0.13283639143730888,0.005506607929515419,0.05166243531210024,-0.033073943822424345,0.2056971250702862
2010-07-20,8312,3559,3479,2504,2449,058643,RANDOM LENGTH LUMBER - CHICAGO MERCANTILE EXCHANGE ,198.8000030517578,-0.006616939364773821,55,1.916745061147695,80,-0.07055503292568203,0.056329497274379164,0.03211139528275078,-0.033073943822424345,0.007545271513951901,0.20209860905828728
2010-07-27,8689,3486,3621,2573,2564,058643,RANDOM LENGTH LUMBER - CHICAGO MERCANTILE EXCHANGE ,200.3000030517578,-0.0010357923811715962,9,-0.5534167468719923,-135,-2.5866217516843117,0.03581857115047693,0.030251864359082593,0.007545271513951901,0.023964068789941395,0.19956722727454365
2010-08-03,10015,3728,3993,2757,2830,058643,RANDOM LENGTH LUMBER - CHICAGO MERCANTILE EXCHANGE ,205.1000061035156,0.0072890664003994006,-73,-0.9437219472896765,-265,-1.4961445505811946,0.08054412027921962,0.079523377800803,0.023964068789941395,-0.02437835129793442,0.1971394284960955
2010-08-10,10049,3733,4153,2887,2777,058643,RANDOM LENGTH LUMBER - CHICAGO MERCANTILE EXCHANGE ,200.1000061035156,-0.01094636282217136,110,1.8272591113330006,-420,-1.547678482276585,0.0323093220338983,0.02092315495815369,-0.02437835129793442,0.03698147761502946,0.19413988322199568
2010-08-17,9841,3655,4479,3099,2486,058643,RANDOM LENGTH LUMBER - CHICAGO MERCANTILE EXCHANGE ,207.5,-0.06229041764048369,613,5.005473181411086,-824,-4.020300527415664,0.0900626678603402,0.04966805999508237,0.03698147761502946,0.004819277108433662,0.19052236901083885
2010-08-24,8934,3524,3959,2791,2539,058643,RANDOM LENGTH LUMBER - CHICAGO MERCANTILE EXCHANGE ,208.5,-0.028206850235057087,252,-3.6683263895945535,-435,3.952850320089422,0.06772983114446529,0.08699719363891488,0.004819277108433662,-0.01918465227817745,0.18740858788146514
2010-08-31,8650,3529,3891,2757,2467,058643,RANDOM LENGTH LUMBER - CHICAGO MERCANTILE EXCHANGE ,204.5,-0.03352601156069364,290,0.4253413924334005,-362,0.8171032012536378,0.020290964777947933,0.009838274932614556,-0.01918465227817745,0.02689486552567244,0.18451373213052072
2010-09-07,8341,3548,4230,2764,2237,058643,RANDOM LENGTH LUMBER - CHICAGO MERCANTILE EXCHANGE ,210.0,-0.06318187267713703,527,2.739884393063584,-682,-3.6994219653179194,0.047390521895620874,0.04602725636410388,0.02689486552567244,0.032380966913132525,0.1826805570583589
2010-09-14,8541,3970,3669,2331,2923,058643,RANDOM LENGTH LUMBER - CHICAGO MERCANTILE EXCHANGE ,216.8000030517578,0.06931272684697343,-592,-13.41565759501259,301,11.78515765495744,0.21298058622002283,0.12868176462887812,0.032380966913132525,0.07011068604373327,0.1837875424211655
2010-09-21,8740,3877,3618,2350,2906,058643,RANDOM LENGTH LUMBER - CHICAGO MERCANTILE EXCHANGE ,232.0,0.06361556064073226,-556,0.42149631190727077,259,-0.49174569722514927,0.00684931506849315,0.019212808539026016,0.07011068604373327,-0.016810318519329348,0.18495654522940883
2010-09-28,9399,4003,3032,2448,3727,058643,RANDOM LENGTH LUMBER - CHICAGO MERCANTILE EXCHANGE ,228.1000061035156,0.13607830620278752,-1279,-8.272311212814646,971,8.14645308924485,0.1488259109311741,0.10120824449182658,-0.016810318519329348,-0.049539687634333696,0.18705830744575988
2010-10-05,9494,3822,3026,2698,3766,058643,RANDOM LENGTH LUMBER - CHICAGO MERCANTILE EXCHANGE ,216.8000030517578,0.11249210027385717,-1068,2.2449196723055644,796,-1.8619002021491649,0.04470915841584158,0.027307242990654207,-0.049539687634333696,0.12546123877013327,0.18901134213193416
2010-10-12,10056,3954,3347,3019,4094,058643,RANDOM LENGTH LUMBER - CHICAGO MERCANTILE EXCHANGE ,244.0,0.10690135242641209,-1075,-0.07373077733305244,607,-1.9907309879924162,0.09124138900604527,0.062046295028078347,0.12546123877013327,-0.0233606432305008,0.19058660555703846
2010-10-19,9891,4115,2713,2885,4694,058643,RANDOM LENGTH LUMBER - CHICAGO MERCANTILE EXCHANGE ,238.3000030517578,0.18289353958143767,-1809,-7.2991249005568815,1402,7.905727923627685,0.09684654967673835,0.11643233743409491,-0.0233606432305008,-0.0004196647177293622,0.19490899459738606
2010-10-26,9353,4000,2505,2582,4572,058643,RANDOM LENGTH LUMBER - CHICAGO MERCANTILE EXCHANGE ,238.1999969482422,0.2127659574468085,-1990,-1.8299464159336771,1495,0.9402487109493479,0.059407324573665085,0.04965411222136818,-0.0004196647177293622,0.11670866250178169,0.1998057938161512
2010-11-02,9917,4113,1822,2421,5111,058643,RANDOM LENGTH LUMBER - CHICAGO MERCANTILE EXCHANGE ,266.0,0.27125138650801656,-2690,-7.484229658932963,2291,8.51063829787234,0.09293680297397769,0.1341196293176074,0.11670866250178169,-0.02819548872180455,0.2058521813055896
2010-11-09,10137,4099,1718,2503,5541,058643,RANDOM LENGTH LUMBER - CHICAGO MERCANTILE EXCHANGE ,258.5,0.2996941896024465,-3038,-3.509125743672482,2381,0.9075325199152969,0.06364992541024365,0.02028537046587588,-0.02819548872180455,0.002321106783426119,0.2109079142770727
2010-11-16,9578,4096,1606,2472,5213,058643,RANDOM LENGTH LUMBER - CHICAGO MERCANTILE EXCHANGE ,259.1000061035156,0.28617665483399457,-2741,2.929860905593371,2490,1.0752688172043012,0.04671437865972674,0.020168361978253245,0.002321106783426119,-0.025086838467318073,0.21320255346352368
2010-11-23,9104,4005,1625,2492,4914,058643,RANDOM LENGTH LUMBER - CHICAGO MERCANTILE EXCHANGE ,252.6000061035156,0.26603690685413006,-2422,3.330549175193151,2380,-1.1484652328252245,0.04307318390494194,0.019538188277087035,-0.025086838467318073,-0.022169461473491414,0.2142517593917691
2010-11-30,8483,3967,2121,2337,4340,058643,RANDOM LENGTH LUMBER - CHICAGO MERCANTILE EXCHANGE ,247.0,0.23611929741836615,-2003,4.602372583479789,1846,-5.865553602811951,0.10918076980679946,0.08771353482260184,-0.022169461473491414,0.010121457489878471,0.21344362626731858
2010-12-07,9343,4073,2706,2459,4097,058643,RANDOM LENGTH LUMBER - CHICAGO MERCANTILE EXCHANGE ,249.5,0.17531842020764207,-1638,4.302723093245314,1367,-5.646587292231522,0.05567419158023185,0.10193243841274524,0.010121457489878471,0.08456916273954151,0.21050820744429294
2010-12-14,9278,4081,2463,2607,4557,058643,RANDOM LENGTH LUMBER - CHICAGO MERCANTILE EXCHANGE ,270.6000061035156,0.2101746065962492,-1950,-3.3393984801455634,1618,2.6865032644760785,0.08486878838637632,0.03835574572127139,0.08456916273954151,0.1038433313736371,0.20778300200514854
2010-12-21,10133,4388,1612,2590,5860,058643,RANDOM LENGTH LUMBER - CHICAGO MERCANTILE EXCHANGE ,298.70001220703125,0.32270798381525706,-3270,-14.227204138823021,2776,12.481138176331106,0.15621301775147928,0.193,0.1038433313736371,0.04620015811517231,0.20752836610965378
2010-12-28,11117,5104,1987,2732,6511,058643,RANDOM LENGTH LUMBER - CHICAGO MERCANTILE EXCHANGE ,312.5,0.3399298371862913,-3779,-5.023191552353696,3117,3.365242277706503,0.08579465541490858,0.15385700183330983,0.04620015811517231,-0.02400000000000002,0.2086472507101429
2011-01-04,11783,5581,1965,2724,6991,058643,RANDOM LENGTH LUMBER - CHICAGO MERCANTILE EXCHANGE ,305.0,0.36213188491895104,-4267,-4.389673473059279,3616,4.488621030853648,0.050231600617601645,0.06612774980121919,-0.02400000000000002,-0.06032784884093234,0.211184822827361
2011-01-11,11242,5378,1357,2626,7015,058643,RANDOM LENGTH LUMBER - CHICAGO MERCANTILE EXCHANGE ,286.6000061035156,0.3904109589041096,-4389,-1.0353899685988288,4021,3.43715522362726,0.012654288974172803,0.12041573867854491,-0.06032784884093234,0.03663642629584429,0.2139823138245544
2011-01-18,11000,5184,1321,2448,6803,058643,RANDOM LENGTH LUMBER - CHICAGO MERCANTILE EXCHANGE ,297.1000061035156,0.39590909090909093,-4355,0.3024372887386586,3863,-1.4054438711972959,0.042157604583288294,0.035357417371252885,0.03663642629584429,0.04678557257128202,0.21590891853197422
2011-01-25,11046,5025,1375,2504,6808,058643,RANDOM LENGTH LUMBER - CHICAGO MERCANTILE EXCHANGE ,311.0,0.38964330979540107,-4304,0.4636363636363636,3650,-1.9363636363636365,0.006550687285223368,0.03328125,0.04678557257128202,0.015112579443830487,0.21779422976178037
2011-02-01,10363,5251,1392,2358,6866,058643,RANDOM LENGTH LUMBER - CHICAGO MERCANTILE EXCHANGE ,315.70001220703125,0.43500916722956673,-4508,-1.8468223791417708,3859,1.8920876335325003,0.022116218560277536,0.03657985849766672,0.015112579443830487,-0.04371244148542208,0.2204508873716461
2011-02-08,10178,5077,1409,2524,6739,058643,RANDOM LENGTH LUMBER - CHICAGO MERCANTILE EXCHANGE ,301.8999938964844,0.4141285124778935,-4215,2.827366592685516,3668,-1.843095628678954,0.031631220986721366,0.02944804193647857,-0.04371244148542208,0.04438553881216367,0.22204312221656292
2011-02-15,10607,5199,1397,2601,7005,058643,RANDOM LENGTH LUMBER - CHICAGO MERCANTILE EXCHANGE ,315.29998779296875,0.4151975110775903,-4404,-1.8569463548830811,3802,1.3165651404991157,0.03570684988548824,0.02031534263189812,0.04438553881216367,-0.02632409804728142,0.22312922297188814
2011-02-22,10361,4738,1371,2713,6739,058643,RANDOM LENGTH LUMBER - CHICAGO MERCANTILE EXCHANGE ,307.0,0.3885725316089181,-4026,3.5636843593853116,3367,-4.1010653342132555,0.03999153618281845,0.07971844819119332,-0.02632409804728142,-0.061889250814332275,0.2233217884926104
2011-03-01,9781,4481,1569,2864,5773,058643,RANDOM LENGTH LUMBER - CHICAGO MERCANTILE EXCHANGE ,288.0,0.2974133524179532,-2909,10.780812662870378,2912,-4.391468005018821,0.12932731272432557,0.07520661157024794,-0.061889250814332275,0.04375002119276261,0.22217860190855585
2011-03-08,9534,4276,1362,2880,5657,058643,RANDOM LENGTH LUMBER - CHICAGO MERCANTILE EXCHANGE ,300.6000061035156,0.29127333752884416,-2777,1.3495552601983438,2914,0.020447806972702178,0.015462106126273866,0.07307555870876198,0.04375002119276261,-0.06852962636475046,0.22052518176806968
2011-03-15,9065,4191,1474,2747,5367,058643,RANDOM LENGTH LUMBER - CHICAGO MERCANTILE EXCHANGE ,280.0,0.28902371759514617,-2620,1.6467379903503252,2717,-2.066289070694357,0.052132117328074934,0.03477493380406002,-0.06852962636475046,0.12678571428571428,0.2189764870480573
2011-03-22,9429,4405,1486,2601,5518,058643,RANDOM LENGTH LUMBER - CHICAGO MERCANTILE EXCHANGE ,315.5,0.3093647258457949,-2917,-3.2763375620518476,2919,2.2283507997793714,0.036580859711787164,0.038363605499915125,0.12678571428571428,-0.03137874452134504,0.2178994528097794
2011-03-29,9748,4470,1614,2769,5677,058643,RANDOM LENGTH LUMBER - CHICAGO MERCANTILE EXCHANGE ,305.6000061035156,0.29831760361099713,-2908,0.09545020680878143,2856,-0.6681514476614699,0.03871655221406583,0.03172255095332018,-0.03137874452134504,-0.04417539178787566,0.21631194648688667
2011-04-05,10112,4642,2183,2814,5231,058643,RANDOM LENGTH LUMBER - CHICAGO MERCANTILE EXCHANGE ,292.1000061035156,0.2390229430379747,-2417,5.0369306524415265,2459,-4.072630283135002,0.061031696706028586,0.10857142857142857,-0.04417539178787566,-0.1749401062504825,0.21298584077419774
2011-04-12,9967,4125,2732,3189,4520,058643,RANDOM LENGTH LUMBER - CHICAGO MERCANTILE EXCHANGE ,241.0,0.13354068425805157,-1331,10.739715189873419,1393,-10.541930379746836,0.14087430276300428,0.15546157211608574,-0.1749401062504825,0.012448132780082943,0.20729482154434245
2011-04-19,9708,3907,3414,3311,3682,058643,RANDOM LENGTH LUMBER - CHICAGO MERCANTILE EXCHANGE ,244.0,0.03821590440873506,-371,9.631784890137455,493,-9.029798334503862,0.13728013728013727,0.12293402540636525,0.012448132780082943,-0.05491800777247702,0.19950973778345807
2011-04-26,9335,3998,3686,3085,3377,058643,RANDOM LENGTH LUMBER - CHICAGO MERCANTILE EXCHANGE ,230.6000061035156,0.031280128548473486,-292,0.8137618459002883,312,-1.8644416975690155,0.08217270194986072,0.04724102030192608,-0.05491800777247702,0.036426685490691835,0.19165287428765052
2011-05-03,10000,4262,4101,3541,3457,058643,RANDOM LENGTH LUMBER - CHICAGO MERCANTILE EXCHANGE ,239.0,-0.0084,84,4.02785216925549,161,-1.6175682913765401,0.07659331237496428,0.08119096018175297,0.036426685490691835,-0.06108789164650874,0.18314560098244334
2011-05-10,9862,4389,4367,3284,3041,058643,RANDOM LENGTH LUMBER - CHICAGO MERCANTILE EXCHANGE ,224.3999938964844,-0.024640032447779354,243,1.59,22,-1.39,0.10640316205533597,0.04488350845134765,-0.06108789164650874,-0.008466996203934207,0.1747915556572501
2011-05-17,9966,4413,4999,3209,2558,058643,RANDOM LENGTH LUMBER - CHICAGO MERCANTILE EXCHANGE ,222.5,-0.06532209512341963,651,4.1370918677752995,-586,-6.165078077469073,0.0967574128663083,0.06969825754356142,-0.008466996203934207,-0.004494382022471877,0.16853955055430106
2011-05-24,10302,4485,4997,3106,2485,058643,RANDOM LENGTH LUMBER - CHICAGO MERCANTILE EXCHANGE ,221.5,-0.06027955736750146,621,-0.30102347983142685,-512,0.7425245835841863,0.031479162940439995,0.007804260704492723,-0.004494382022471877,0.09932279909706554,0.16348411275889355
2011-05-31,10823,4440,4846,3297,2859,058643,RANDOM LENGTH LUMBER - CHICAGO MERCANTILE EXCHANGE ,243.5,-0.040469370784440545,438,-1.7763541059988353,-406,1.02892642205397,0.09178037686809616,0.021107042860219687,0.09932279909706554,-0.061601642710472304,0.15984306421423028
2011-06-07,11067,4203,4872,3468,2869,058643,RANDOM LENGTH LUMBER - CHICAGO MERCANTILE EXCHANGE ,228.5,-0.054124875756754315,599,1.4875727617111707,-669,-2.430010163540608,0.02856241123560044,0.028980716253443527,-0.061601642710472304,-0.021444174601682242,0.15704562101369485
2011-06-14,10183,4194,5129,3070,2344,058643,RANDOM LENGTH LUMBER - CHICAGO MERCANTILE EXCHANGE ,223.6000061035156,-0.0712952960817048,726,1.1475557965121532,-935,-2.403542061986085,0.17048393055042482,0.02853158854445994,-0.021444174601682242,0.03935593717691965,0.15414817566634367
2011-06-21,10168,4081,4912,3073,2205,058643,RANDOM LENGTH LUMBER - CHICAGO MERCANTILE EXCHANGE ,232.3999938964844,-0.08536585365853659,868,1.3944809977413337,-831,1.0213100265147794,0.026904130352406214,0.036695207383520514,0.03935593717691965,-0.01635106666423325,0.1514840880581041
2011-06-28,9690,3964,4747,3091,1990,058643,RANDOM LENGTH LUMBER - CHICAGO MERCANTILE EXCHANGE ,228.6000061035156,-0.11362229102167183,1101,2.291502753737215,-783,0.47206923682140045,0.04585711474119268,0.03237286189874871,-0.01635106666423325,0.050306210380381744,0.14868834821666496
2011-07-05,9214,3903,4554,2964,2282,058643,RANDOM LENGTH LUMBER - CHICAGO MERCANTILE EXCHANGE ,240.1000061035156,-0.07401779900151943,682,-4.3240454076367385,-651,1.3622291021671828,0.07987037743042318,0.030034291119782428,0.050306210380381744,0.0366513434788287,0.14666484125032883
2011-07-12,8835,3925,3897,2847,2579,058643,RANDOM LENGTH LUMBER - CHICAGO MERCANTILE EXCHANGE ,248.8999938964844,-0.030333899264289758,268,-4.49316257868461,28,7.36922075103104,0.07629929966826392,0.08680644336486833,0.0366513434788287,0.06749706196270067,0.14583726807358052
2011-07-19,8902,3826,3821,2868,2506,058643,RANDOM LENGTH LUMBER - CHICAGO MERCANTILE EXCHANGE ,265.70001220703125,-0.04066501909683217,362,1.0639501980758348,5,-0.26032823995472554,0.017491626349088202,0.022884791421472473,0.06749706196270067,-0.036507383369907664,0.1451824973095025
2011-07-26,9463,3822,3847,2998,2493,058643,RANDOM LENGTH LUMBER - CHICAGO MERCANTILE EXCHANGE ,256.0,-0.05336574025150587,505,1.6063805886317684,-25,-0.33700292069197935,0.026042615188490256,0.003911852914330421,-0.036507383369907664,-0.107421875,0.1441761521581499
2011-08-02,10693,3846,4155,3349,2693,058643,RANDOM LENGTH LUMBER - CHICAGO MERCANTILE EXCHANGE ,228.5,-0.06134854577761152,656,1.595688470886611,-309,-3.0011624220648843,0.09119496855345911,0.04149481314835646,-0.107421875,-0.021006577907036417,0.14285619807780353
2011-08-09,11029,4158,4907,3326,2002,058643,RANDOM LENGTH LUMBER - CHICAGO MERCANTILE EXCHANGE ,223.6999969482422,-0.1200471484268746,1324,6.247077527354343,-749,-4.1148414850837,0.134009009009009,0.11737451737451737,-0.021006577907036417,0.025927595578375318,0.14075810604694386
2011-08-16,9592,4141,4975,3101,1747,058643,RANDOM LENGTH LUMBER - CHICAGO MERCANTILE EXCHANGE ,229.5,-0.14115929941618016,1354,0.27201015504578835,-834,-0.7706954392964004,0.09900990099009901,0.00932426502852128,0.025927595578375318,-0.050108932461873645,0.13924139678202663
2011-08-23,9676,4139,5018,2999,1670,058643,RANDOM LENGTH LUMBER - CHICAGO MERCANTILE EXCHANGE ,218.0,-0.13735014468788756,1329,-0.2606338615512927,-879,-0.4691409507923269,0.03833797387020775,0.004914273233591788,-0.050108932461873645,0.06697250506199826,0.13714248727331835
2011-08-30,9506,3971,4914,3115,1760,058643,RANDOM LENGTH LUMBER - CHICAGO MERCANTILE EXCHANGE ,232.6000061035156,-0.14254155270355565,1355,0.2687060768912774,-943,-0.6614303431169904,0.042256410256410255,0.030613393359594822,0.06697250506199826,0.08985379771307112,0.13504603455903252
2011-09-06,9445,3997,4014,3161,2310,058643,RANDOM LENGTH LUMBER - CHICAGO MERCANTILE EXCHANGE ,253.5,-0.09010058231868713,851,-5.3019145802650955,-17,9.741216074058489,0.10893803692195211,0.11559106228935213,0.08985379771307112,-0.04654833550989279,0.1345283670659258
2011-09-13,9690,3973,2860,3018,3320,058643,RANDOM LENGTH LUMBER - CHICAGO MERCANTILE EXCHANGE ,241.6999969482422,0.031166150670794635,-302,-12.207517204870303,1113,11.964002117522499,0.18191858630482802,0.1723986535928582,-0.04654833550989279,0.013653302000100842,0.13379477906253773
2011-09-20,9178,3933,2852,2894,3017,058643,RANDOM LENGTH LUMBER - CHICAGO MERCANTILE EXCHANGE ,245.0,0.013401612551754195,-123,1.8472652218782248,1081,-0.3302373581011352,0.07223819996616478,0.00707442888725129,0.013653302000100842,-0.07020406917649868,0.13282912621467277
2011-09-27,9364,3870,3428,2855,2620,058643,RANDOM LENGTH LUMBER - CHICAGO MERCANTILE EXCHANGE ,227.8000030517578,-0.02509611277231952,235,3.9006319459577248,442,-6.962301154935716,0.07963470319634704,0.08755823513291312,-0.07020406917649868,-0.052677786827217576,0.12972961815745918
2011-10-04,10856,4208,4545,3224,2427,058643,RANDOM LENGTH LUMBER - CHICAGO MERCANTILE EXCHANGE ,215.8000030517578,-0.07341562269712601,797,6.001708671507902,-337,-8.319094404100811,0.09945142452663246,0.16622872158117216,-0.052677786827217576,0.04494901209948421,0.12615446963878643
2011-10-11,10714,4210,4926,3287,2203,058643,RANDOM LENGTH LUMBER - CHICAGO MERCANTILE EXCHANGE ,225.5,-0.10117603136083629,1084,2.6436993367722916,-716,-3.491156963890936,0.052276867030965395,0.041922066549912436,0.04494901209948421,0.014190673828125,0.12215298148903164
2011-10-18,10275,4086,4896,3451,2249,058643,RANDOM LENGTH LUMBER - CHICAGO MERCANTILE EXCHANGE ,228.6999969482422,-0.11698296836982969,1202,1.1013627030054134,-810,-0.877356729512787,0.03684210526315789,0.017145401914940992,0.014190673828125,-0.03498032403476814,0.11638612556689189
2011-10-25,9945,4270,4962,3019,2040,058643,RANDOM LENGTH LUMBER - CHICAGO MERCANTILE EXCHANGE ,220.6999969482422,-0.09844142785319256,979,-2.170316301703163,-692,1.1484184914841848,0.12670488238782368,0.027079722703639515,-0.03498032403476814,0.0009061937064236414,0.11040136815727648
2011-11-01,9588,4052,4733,2984,2030,058643,RANDOM LENGTH LUMBER - CHICAGO MERCANTILE EXCHANGE ,220.8999938964844,-0.09949937421777222,954,-0.2513826043237808,-681,0.11060834590246355,0.008974870362983646,0.050882185543540126,0.0009061937064236414,-0.01312808500050644,0.10327154583562671
2011-11-08,9588,3985,4629,2930,2062,058643,RANDOM LENGTH LUMBER - CHICAGO MERCANTILE EXCHANGE ,218.0,-0.09052982895285774,868,-0.8969545264914477,-644,0.38589904046725076,0.017227564102564104,0.01985140469003947,-0.01312808500050644,0.007339477539062278,0.09576723778648624
2011-11-15,9343,4089,4920,2888,1693,058643,RANDOM LENGTH LUMBER - CHICAGO MERCANTILE EXCHANGE ,219.6000061035156,-0.12790324306967785,1195,3.410513141426783,-831,-1.950354609929078,0.08971840209561231,0.04384504384504385,0.007339477539062278,0.10018214657803592,0.08780416282680024
2011-11-22,9526,3757,4279,2832,2265,058643,RANDOM LENGTH LUMBER - CHICAGO MERCANTILE EXCHANGE ,241.6000061035156,-0.0595213100986773,567,-6.721609761318634,-522,3.307288879374933,0.12320973121443987,0.1210801393728223,0.10018214657803592,-0.0769867782848741,0.08154342788540009
2011-11-29,10219,3707,4557,3130,2306,058643,RANDOM LENGTH LUMBER - CHICAGO MERCANTILE EXCHANGE ,223.0,-0.08063411292690087,824,2.697879487717825,-850,-3.443208062145706,0.06236203090507726,0.03969022265246854,-0.0769867782848741,0.03139013452914807,0.0754520161479911
2011-12-06,12366,3964,4903,3622,2408,058643,RANDOM LENGTH LUMBER - CHICAGO MERCANTILE EXCHANGE ,230.0,-0.09817240821607634,1214,3.8164203933848713,-939,-0.8709267051570604,0.09850746268656717,0.06800496221946543,0.03139013452914807,-0.0017391038977582207,0.07019257713984267
2011-12-13,11183,3830,5055,3481,2145,058643,RANDOM LENGTH LUMBER - CHICAGO MERCANTILE EXCHANGE ,229.6000061035156,-0.11946704819815791,1336,0.9865760957464014,-1225,-2.312793142487466,0.07180945609669392,0.032189082723691614,-0.0017391038977582207,0.06707314236542872,0.06385331454764254
2011-12-20,10051,3721,5243,3383,1944,058643,RANDOM LENGTH LUMBER - CHICAGO MERCANTILE EXCHANGE ,245.0,-0.14316983384737836,1439,0.9210408655995708,-1522,-2.655816864884199,0.056129153369626435,0.03313253012048193,0.06707314236542872,0.007346951231664622,0.05489412574643801
2011-12-27,9559,3529,4838,3130,1818,058643,RANDOM LENGTH LUMBER - CHICAGO MERCANTILE EXCHANGE ,246.8000030517578,-0.13725285071660215,1312,-1.263555865088051,-1309,2.119192120187046,0.07659660468876314,0.07135173897454285,0.007346951231664622,0.017017815625234745,0.0457175355944593
2012-01-03,8658,3515,3681,2501,2327,058643,RANDOM LENGTH LUMBER - CHICAGO MERCANTILE EXCHANGE ,251.0,-0.020097020097020097,174,-11.905010984412595,-166,11.957317711057643,0.23570836785418392,0.16272929405225126,0.017017815625234745,-0.004382494436317108,0.03836697972876754
2012-01-10,8781,3511,3981,2574,2301,058643,RANDOM LENGTH LUMBER - CHICAGO MERCANTILE EXCHANGE ,249.8999938964844,-0.031089853091902972,273,1.1434511434511436,-470,-3.511203511203511,0.020307692307692308,0.0405766150560598,-0.004382494436317108,-0.03161262140629262,0.030261194882690377
2012-01-17,9111,3792,4481,2690,2108,058643,RANDOM LENGTH LUMBER - CHICAGO MERCANTILE EXCHANGE ,242.0,-0.0638788277905828,582,3.5189613939186883,-689,-2.494021182097711,0.06440183409754065,0.09440348120391635,-0.03161262140629262,-0.027685937802653715,0.02141911952308127
2012-01-24,9643,3959,4796,2617,1902,058643,RANDOM LENGTH LUMBER - CHICAGO MERCANTILE EXCHANGE ,235.3000030517578,-0.07414704967333817,715,1.4597738996817033,-837,-1.6244100537811434,0.06173932285903961,0.05505425471159338,-0.027685937802653715,0.05482360275892906,0.012500074148682436
2012-01-31,10079,3781,4989,2727,1963,058643,RANDOM LENGTH LUMBER - CHICAGO MERCANTILE EXCHANGE ,248.1999969482422,-0.07580117075106657,764,0.5081406201389609,-1208,-3.847350409623561,0.03646055437100213,0.04230330672748005,0.05482360275892906,0.08541497666763909,0.0026767984182856416
2012-02-07,9867,3765,3455,2681,3020,058643,RANDOM LENGTH LUMBER - CHICAGO MERCANTILE EXCHANGE ,269.3999938964844,0.034356947400425664,-339,-10.94354598670503,310,15.061017958130767,0.1934748289773724,0.2146814404432133,0.08541497666763909,-0.011135857713318043,-0.0046265009101272014
2012-02-14,10035,3863,3123,2691,3383,058643,RANDOM LENGTH LUMBER - CHICAGO MERCANTILE EXCHANGE ,266.3999938964844,0.0689586447433981,-692,-3.5775818384514038,740,4.35796087970001,0.061409285479091205,0.06155167477812768,-0.011135857713318043,-0.024774798253487162,-0.011284940647323206
2012-02-21,10004,4157,3269,2729,3294,058643,RANDOM LENGTH LUMBER - CHICAGO MERCANTILE EXCHANGE ,259.79998779296875,0.05647740903638544,-565,1.2655705032386646,888,1.474838066766318,0.021085837622447284,0.059251279288984646,-0.024774798253487162,0.030408101559873613,-0.017671385312179603
2012-02-28,10457,4237,3357,2671,3717,058643,RANDOM LENGTH LUMBER - CHICAGO MERCANTILE EXCHANGE ,267.70001220703125,0.10002868891651526,-1046,-4.808076769292283,880,-0.07996801279488205,0.07529743268628679,0.022122728469844616,0.030408101559873613,0.0029883741370548833,-0.021467244225668793
2012-03-06,10377,4154,3346,2590,3562,058643,RANDOM LENGTH LUMBER - CHICAGO MERCANTILE EXCHANGE ,268.5,0.09366869037294015,-972,0.7076599407095725,808,-0.6885339963660706,0.03836150845253576,0.012533333333333334,0.0029883741370548833,0.011173184357541999,-0.025267333594051564
2012-03-13,10043,4034,3220,2594,3589,058643,RANDOM LENGTH LUMBER - CHICAGO MERCANTILE EXCHANGE ,271.5,0.09907398187792492,-995,-0.22164402042979667,814,0.057820179242555655,0.005013747371825974,0.03391232423490488,0.011173184357541999,-0.026151035372064868,-0.02892021312707505
2012-03-20,10347,4107,3132,2628,3683,058643,RANDOM LENGTH LUMBER - CHICAGO MERCANTILE EXCHANGE ,264.3999938964844,0.10196192132985406,-1055,-0.5974310465000499,975,1.6031066414418003,0.020282047219141182,0.022240640972510016,-0.026151035372064868,-0.01928897965675569,-0.03290872859853545
2012-03-27,9664,4161,3651,2865,3258,058643,RANDOM LENGTH LUMBER - CHICAGO MERCANTILE EXCHANGE ,259.29998779296875,0.040666390728476824,-393,6.397989755484682,510,-4.4940562481878805,0.10811693614241386,0.07334869431643626,-0.01928897965675569,-0.0019282685057402382,-0.037863559615507
2012-04-03,10658,4362,4160,3075,3129,058643,RANDOM LENGTH LUMBER - CHICAGO MERCANTILE EXCHANGE ,258.79998779296875,0.005066616626008632,-54,3.5078642384105962,202,-3.1870860927152322,0.054642166344294,0.08331377610889462,-0.0019282685057402382,0.012751230549465031,-0.04236271973881403
2012-04-10,10472,4285,4159,3025,3017,058643,RANDOM LENGTH LUMBER - CHICAGO MERCANTILE EXCHANGE ,262.1000061035156,-0.0007639419404125286,8,0.5817226496528429,126,-0.7130793769938075,0.026812313803376366,0.009237328280435813,0.012751230549465031,-0.00648612044045449,-0.04494550101186142
2012-04-17,9919,4321,4327,3073,2907,058643,RANDOM LENGTH LUMBER - CHICAGO MERCANTILE EXCHANGE ,260.3999938964844,-0.01673555801996169,166,1.5087853323147442,-6,-1.2605042016806722,0.026421404682274247,0.02358926919518964,-0.00648612044045449,0.06528417971759981,-0.04600225990472097
2012-04-24,9356,4177,3976,2824,3191,058643,RANDOM LENGTH LUMBER - CHICAGO MERCANTILE EXCHANGE ,277.3999938964844,0.03922616502778965,-367,-5.373525557011796,201,2.0869039217663072,0.0886118038237739,0.06071384766343677,0.06528417971759981,0.036409539746726116,-0.04584945151088796
2012-05-01,8927,3731,3321,2789,3401,058643,RANDOM LENGTH LUMBER - CHICAGO MERCANTILE EXCHANGE ,287.5,0.06855606586759269,-612,-2.618640444634459,410,2.233860624198375,0.0395799676898223,0.1561259217243335,0.036409539746726116,0.007304369055706417,-0.04436952716728042
2012-05-08,8996,3605,3402,2923,3335,058643,RANDOM LENGTH LUMBER - CHICAGO MERCANTILE EXCHANGE ,289.6000061035156,0.04579813250333482,-412,2.240394309398454,203,-2.3188081102274003,0.03195909236177692,0.029541886684743827,0.007304369055706417,0.00966846593217241,-0.043014947072066684
2012-05-15,9217,3568,3078,2741,3395,058643,RANDOM LENGTH LUMBER - CHICAGO MERCANTILE EXCHANGE ,292.3999938964844,0.07095584246501031,-654,-2.6900844819919967,490,3.190306803023566,0.0394393741851369,0.05431838699969907,0.00966846593217241,-0.03043773625944446,-0.04039421750305842
2012-05-22,9633,3835,3314,2667,3542,058643,RANDOM LENGTH LUMBER - CHICAGO MERCANTILE EXCHANGE ,283.5,0.09083359285788435,-875,-2.3977433004231314,521,0.33633503309102747,0.03559349331615397,0.07035949083787943,-0.03043773625944446,0.029276852885251392,-0.03748819538333946
2012-05-29,9600,3960,3348,2578,3706,058643,RANDOM LENGTH LUMBER - CHICAGO MERCANTILE EXCHANGE ,291.79998779296875,0.1175,-1128,-2.6263884563479705,612,0.9446693657219973,0.04026098026734564,0.02175697865353038,0.029276852885251392,-0.04146667612105037,-0.034450322868254064
2012-06-05,8589,3444,2731,2280,3533,058643,RANDOM LENGTH LUMBER - CHICAGO MERCANTILE EXCHANGE ,279.70001220703125,0.1458842705786471,-1253,-1.3020833333333335,713,1.0520833333333333,0.08102528814725615,0.18348178137651822,-0.04146667612105037,0.01215585894922211,-0.030603993131034807
2012-06-12,8290,3310,2709,2172,3347,058643,RANDOM LENGTH LUMBER - CHICAGO MERCANTILE EXCHANGE ,283.1000061035156,0.14173703256936068,-1175,0.9081383164512749,601,-1.3039934800325998,0.05327052002174307,0.02591792656587473,0.01215585894922211,-0.03532320658567378,-0.026507217580052776
2012-06-19,7748,2744,3333,2701,2322,058643,RANDOM LENGTH LUMBER - CHICAGO MERCANTILE EXCHANGE ,273.1000061035156,-0.04891584925141972,379,18.745476477683955,-589,-14.354644149577805,0.30937686641449336,0.19582030607207504,-0.03532320658567378,0.004760116308734075,-0.02580625595683899
2012-06-26,7317,2687,3451,2588,1698,058643,RANDOM LENGTH LUMBER - CHICAGO MERCANTILE EXCHANGE ,274.3999938964844,-0.12163454967883013,890,6.595250387196695,-764,-2.258647392875581,0.17195520298646758,0.028510915607689803,0.004760116308734075,0.029518973337044896,-0.025960337854092037
2012-07-03,6734,2811,3471,2122,1372,058643,RANDOM LENGTH LUMBER - CHICAGO MERCANTILE EXCHANGE ,282.5,-0.11137511137511137,750,-1.913352466858002,-660,1.4213475468088015,0.22667429879793932,0.022922636103151862,0.029518973337044896,-0.006725642111449104,-0.026678747707430343
2012-07-10,7112,3381,2835,1940,2454,058643,RANDOM LENGTH LUMBER - CHICAGO MERCANTILE EXCHANGE ,280.6000061035156,0.07227221597300337,-514,-18.77041877041877,546,17.909117909117906,0.2876649977241693,0.19401544401544402,-0.006725642111449104,0.024946542579252995,-0.024705553183636243
2012-07-17,7468,3623,2891,1875,2601,058643,RANDOM LENGTH LUMBER - CHICAGO MERCANTILE EXCHANGE ,287.6000061035156,0.09721478307445099,-726,-2.9808773903262096,732,2.6152980877390326,0.04736371760500447,0.045747620509671474,0.024946542579252995,0.021210034680319456,-0.022054018526496185
2012-07-24,8873,3996,3124,2137,3379,058643,RANDOM LENGTH LUMBER - CHICAGO MERCANTILE EXCHANGE ,293.70001220703125,0.1399752056801533,-1242,-6.9094804499196565,872,1.8746652383502946,0.1885424220449601,0.0851123595505618,0.021210034680319456,-0.04324144255764928,-0.018335923412425813
2012-07-31,8288,3711,3152,2029,3151,058643,RANDOM LENGTH LUMBER - CHICAGO MERCANTILE EXCHANGE ,281.0,0.13537644787644787,-1122,1.3524174461850558,559,-3.5275555054660206,0.06486486486486487,0.04560687745883724,-0.04324144255764928,0.03060500392710197,-0.014552750457540054
2012-08-07,7875,3682,3063,2130,3228,058643,RANDOM LENGTH LUMBER - CHICAGO MERCANTILE EXCHANGE ,289.6000061035156,0.13942857142857143,-1098,0.28957528957528955,619,0.7239382239382239,0.033221351250466595,0.01749444032616753,0.03060500392710197,0.06284523931587094,-0.009562832768012246
2012-08-14,9539,4551,2692,2403,5024,058643,RANDOM LENGTH LUMBER - CHICAGO MERCANTILE EXCHANGE ,307.79998779296875,0.27476674703847365,-2621,-19.33968253968254,1859,15.746031746031747,0.27857816076477715,0.17119977909705922,0.06284523931587094,-0.040610787835403395,-0.0015642549515765963
2012-08-21,10070,4841,2824,2204,4876,058643,RANDOM LENGTH LUMBER - CHICAGO MERCANTILE EXCHANGE ,295.29998779296875,0.2653426017874876,-2672,-0.5346472376559388,2017,1.6563581088164379,0.04901129943502825,0.05505544683626876,-0.040610787835403395,-0.028106969644671187,0.006179836326796003
2012-08-28,9690,4480,2734,2560,4904,058643,RANDOM LENGTH LUMBER - CHICAGO MERCANTILE EXCHANGE ,287.0,0.24189886480908152,-2344,3.257199602780536,1746,-2.6911618669314796,0.05144694533762058,0.06251732741890768,-0.028106969644671187,-0.016724696142748297,0.013572921278962102
2012-09-04,9086,3856,2310,2692,4711,058643,RANDOM LENGTH LUMBER - CHICAGO MERCANTILE EXCHANGE ,282.20001220703125,0.22220999339643407,-2019,3.3539731682146545,1546,-2.063983488132095,0.04390112116709442,0.16996432046707752,-0.016724696142748297,0.023033308713081846,0.019578893888868278
2012-09-11,8099,3196,2061,2746,4061,058643,RANDOM LENGTH LUMBER - CHICAGO MERCANTILE EXCHANGE ,288.70001220703125,0.16236572416347697,-1315,7.74818401937046,1135,-4.523442659035879,0.10342294696635816,0.1729123073996576,0.023033308713081846,-0.054035349649824815,0.022101962609881398
2012-09-18,8182,3246,2537,2900,3725,058643,RANDOM LENGTH LUMBER - CHICAGO MERCANTILE EXCHANGE ,273.1000061035156,0.10083109264238573,-825,6.050129645635264,709,-5.259908630695147,0.0739622641509434,0.09095625108075393,-0.054035349649824815,-0.0025632083170511466,0.02378329876547047
2012-09-25,8085,3312,2383,2699,3628,058643,RANDOM LENGTH LUMBER - CHICAGO MERCANTILE EXCHANGE ,272.3999938964844,0.11490414347557204,-929,-1.2710828648252261,929,2.6888291371302864,0.047099731310257624,0.038630377524143986,-0.0025632083170511466,0.034875184335026566,0.026475611385622228
2012-10-02,6972,3102,2220,2192,2975,058643,RANDOM LENGTH LUMBER - CHICAGO MERCANTILE EXCHANGE ,281.8999938964844,0.11230636833046471,-783,1.805813234384663,882,-0.5813234384662956,0.22450164505515774,0.07008643367155205,0.034875184335026566,-0.032280973042011496,0.03004718813615282
2012-10-09,7116,3048,2599,2387,2834,058643,RANDOM LENGTH LUMBER - CHICAGO MERCANTILE EXCHANGE ,272.79998779296875,0.06281618887015177,-447,4.819277108433735,449,-6.210556511761331,0.06435548745451063,0.07667788206127148,-0.032280973042011496,0.0872434727842033,0.033200884679056436
2012-10-16,7606,3249,2305,2546,3588,058643,RANDOM LENGTH LUMBER - CHICAGO MERCANTILE EXCHANGE ,296.6000061035156,0.13699710754667369,-1042,-8.361439010680158,944,6.956155143338955,0.1488425171177046,0.08912495498739648,0.0872434727842033,0.007080263183752988,0.03808511690821997
2012-10-23,8987,4024,2295,2859,4753,058643,RANDOM LENGTH LUMBER - CHICAGO MERCANTILE EXCHANGE ,298.70001220703125,0.21074885946366975,-1894,-11.201682881935314,1729,10.320799368919275,0.19416710457172884,0.12422851717043835,0.007080263183752988,0.03314360057549193,0.04403108397200577
2012-10-30,10428,4507,2513,3279,5714,058643,RANDOM LENGTH LUMBER - CHICAGO MERCANTILE EXCHANGE ,308.6000061035156,0.233505945531262,-2435,-6.019806387003449,1994,2.9487036830978077,0.15356388302012677,0.09985754985754985,0.03314360057549193,0.05217111401519259,0.050435032428717975
2012-11-06,10850,4778,2199,2894,6338,058643,RANDOM LENGTH LUMBER - CHICAGO MERCANTILE EXCHANGE ,324.70001220703125,0.3174193548387097,-3444,-9.675872650556194,2579,5.609896432681243,0.10929376083188908,0.08384692561272754,0.05217111401519259,-0.013858946199024946,0.058280209040094275
2012-11-13,10458,4576,2182,2843,6093,058643,RANDOM LENGTH LUMBER - CHICAGO MERCANTILE EXCHANGE ,320.20001220703125,0.3107668770319373,-3250,1.7880184331797235,2394,-1.705069124423963,0.03312444046553268,0.0324060372891388,-0.013858946199024946,0.012179868044360775,0.06671617288820225
2012-11-20,10882,4701,2197,3096,6482,058643,RANDOM LENGTH LUMBER - CHICAGO MERCANTILE EXCHANGE ,324.1000061035156,0.3111560374931079,-3386,-1.300439854656722,2504,1.0518263530311722,0.06702860722489037,0.02029573789504204,0.012179868044360775,0.015427336951061354,0.07384458341881352
2012-11-27,10607,4404,2123,3340,6366,058643,RANDOM LENGTH LUMBER - CHICAGO MERCANTILE EXCHANGE ,329.1000061035156,0.28528330347883474,-3026,3.3082154015805916,2281,-2.0492556515346445,0.0370904595095817,0.056840815075838824,0.015427336951061354,0.018535417776920138,0.0808814568112315
2012-12-04,10649,4322,2147,2985,5998,058643,RANDOM LENGTH LUMBER - CHICAGO MERCANTILE EXCHANGE ,335.20001220703125,0.28293736501079914,-3013,0.12256057320637315,2175,-0.9993400584519656,0.0804853612378938,0.016385840160766732,0.018535417776920138,0.031921185261903906,0.08821049091174835
2012-12-11,10809,4368,2430,2976,5997,058643,RANDOM LENGTH LUMBER - CHICAGO MERCANTILE EXCHANGE ,345.8999938964844,0.27948931446017206,-3021,-0.0751244248286224,1938,-2.225561085547939,0.0011144544745347153,0.04839658723153869,0.031921185261903906,0.03700496830415512,0.09588272865517776
2012-12-18,10650,4714,2273,2364,5739,058643,RANDOM LENGTH LUMBER - CHICAGO MERCANTILE EXCHANGE ,358.70001220703125,0.31690140845070425,-3375,-3.275048570635582,2441,4.653529466185586,0.10736764161421695,0.0719908401316731,0.03700496830415512,0.03289653579983187,0.10473025254552551
2013-01-08,9811,4524,1587,2068,5591,058643,RANDOM LENGTH LUMBER - CHICAGO MERCANTILE EXCHANGE ,370.5,0.35908673937417185,-3523,-1.3896713615023475,2937,4.657276995305164,0.057971014492753624,0.14334806087383406,0.03289653579983187,-0.00782724398511303,0.11427524466265576
2013-01-15,9932,4682,1528,1827,5370,058643,RANDOM LENGTH LUMBER - CHICAGO MERCANTILE EXCHANGE ,367.6000061035156,0.3567257349979863,-3543,-0.2038528182652125,3154,2.2118030781775557,0.06419341392246769,0.03494363929146538,-0.00782724398511303,-0.038901028490516465,0.12152183610679052
2013-01-22,9175,4192,1988,1855,4673,058643,RANDOM LENGTH LUMBER - CHICAGO MERCANTILE EXCHANGE ,353.29998779296875,0.30713896457765666,-2818,7.299637535239629,2204,-9.565042287555377,0.11106004901960784,0.15372168284789645,-0.038901028490516465,-0.0028304558011645886,0.12802623644658973
2013-01-29,8588,3895,1999,1687,4209,058643,RANDOM LENGTH LUMBER - CHICAGO MERCANTILE EXCHANGE ,352.29998779296875,0.2936655798789008,-2522,3.2261580381471386,1896,-3.356948228882834,0.10719131614654002,0.052256532066508314,-0.0028304558011645886,0.07578771822927699,0.13490209044023366
2013-02-05,7896,3157,2036,2107,3962,058643,RANDOM LENGTH LUMBER - CHICAGO MERCANTILE EXCHANGE ,379.0,0.2349290780141844,-1855,7.766651141127154,1121,-9.024219841639496,0.10990278464326907,0.14923936067783555,0.07578771822927699,0.027176748794113026,0.14084586212653216
2013-02-12,8091,3357,1802,2149,4297,058643,RANDOM LENGTH LUMBER - CHICAGO MERCANTILE EXCHANGE ,389.2999877929688,0.26548016314423434,-2148,-3.710739614994934,1555,5.49645390070922,0.05848588271796463,0.08412483039348712,0.027176748794113026,0.001284356577647472,0.1474089647014418
2013-02-19,8674,3716,1666,2104,4954,058643,RANDOM LENGTH LUMBER - CHICAGO MERCANTILE EXCHANGE ,389.7999877929688,0.32856813465529167,-2850,-8.676307007786429,2050,6.117908787541713,0.09946160385378294,0.09197324414715718,0.001284356577647472,-0.03771160120523309,0.15306687214865075
2013-02-26,8277,3533,1649,2197,4659,058643,RANDOM LENGTH LUMBER - CHICAGO MERCANTILE EXCHANGE ,375.1000061035156,0.2974507671861786,-2462,4.47313811390362,1884,-1.9137652755360848,0.056592765460910154,0.0385951370127364,-0.03771160120523309,0.032524610746304194,0.15746095142639654
2013-03-05,8512,3533,1541,2123,4772,058643,RANDOM LENGTH LUMBER - CHICAGO MERCANTILE EXCHANGE ,387.2999877929688,0.3112077067669173,-2649,-2.259272683339374,1992,1.3048205871692642,0.0271211022480058,0.02128498226251478,0.032524610746304194,0.004389393908114325,0.1623596109981375
2013-03-12,8628,3625,1769,2033,4675,058643,RANDOM LENGTH LUMBER - CHICAGO MERCANTILE EXCHANGE ,389.0,0.30621233194251274,-2642,0.08223684210526315,1856,-1.5977443609022555,0.02787716159809183,0.05932517612161661,0.004389393908114325,-0.007712082262210762,0.16632468105632978
2013-03-19,8750,3631,1672,1905,4515,058643,RANDOM LENGTH LUMBER - CHICAGO MERCANTILE EXCHANGE ,386.0,0.29828571428571427,-2610,0.3708854891052387,1959,1.1937876680574873,0.044859813084112146,0.019422968131246464,-0.007712082262210762,-0.00466318081079975,0.17025962382388313
2013-03-26,8444,3091,1614,2093,4419,058643,RANDOM LENGTH LUMBER - CHICAGO MERCANTILE EXCHANGE ,384.2000122070313,0.2754618664140218,-2326,3.245714285714286,1477,-5.508571428571429,0.04361179361179361,0.1270988310308183,-0.00466318081079975,-0.02160337857062422,0.17365169852650036
2013-04-02,8409,2919,1730,2456,4444,058643,RANDOM LENGTH LUMBER - CHICAGO MERCANTILE EXCHANGE ,375.8999938964844,0.2364133666309906,-1988,4.002842254855519,1189,-3.4107058266224537,0.05623188405797101,0.06194880619488062,-0.02160337857062422,-0.0013301410165430516,0.17623730324382997
2013-04-09,7715,2575,1788,2364,3750,058643,RANDOM LENGTH LUMBER - CHICAGO MERCANTILE EXCHANGE ,375.3999938964844,0.179650032404407,-1386,7.158996313473659,787,-4.780592222618623,0.12855740922473013,0.09213843685537475,-0.0013301410165430516,-0.02264251501917669,0.1789100655837517
2013-04-16,7357,2382,1632,2295,3519,058643,RANDOM LENGTH LUMBER - CHICAGO MERCANTILE EXCHANGE ,366.8999938964844,0.16637216256626342,-1224,2.099805573558004,750,-0.47958522359040834,0.05159958720330237,0.08694569008470354,-0.02264251501917669,-0.028345582091829025,0.18201209531337195
2013-04-23,6759,2315,1547,1945,3195,058643,RANDOM LENGTH LUMBER - CHICAGO MERCANTILE EXCHANGE ,356.5,0.1849386003846723,-1250,-0.3534049204838929,768,0.24466494495038738,0.1311284046692607,0.03935784567581564,-0.028345582091829025,-0.030855539971949564,0.1855832980503928
2013-04-30,6156,2108,1353,1843,3122,058643,RANDOM LENGTH LUMBER - CHICAGO MERCANTILE EXCHANGE ,345.5,0.20776478232618584,-1279,-0.4290575528924397,755,-0.1923361444000592,0.035246727089627394,0.11586246749494365,-0.030855539971949564,-0.031259009531023896,0.1899006122878187
2013-05-07,5782,1917,1201,1792,2843,058643,RANDOM LENGTH LUMBER - CHICAGO MERCANTILE EXCHANGE ,334.70001220703125,0.18177101349014183,-1051,3.7037037037037033,716,-0.6335282651072125,0.07119741100323625,0.11000641436818473,-0.031259009531023896,-0.04242608810616866,0.1926418593736332
2013-05-14,5673,1898,1567,1822,2403,058643,RANDOM LENGTH LUMBER - CHICAGO MERCANTILE EXCHANGE ,320.5,0.1024149479992949,-581,8.128675198893117,331,-6.658595641646489,0.11124260355029586,0.1111111111111111,-0.04242608810616866,-0.02776909172070008,0.19329299172231978
2013-05-21,5709,1917,1937,1810,2010,058643,RANDOM LENGTH LUMBER - CHICAGO MERCANTILE EXCHANGE ,311.6000061035156,0.03503240497460151,-200,6.71602326811211,-20,-6.187202538339503,0.10602094240837696,0.10093409444732745,-0.02776909172070008,-0.07766370902763031,0.19308595850061336
2013-05-28,6083,2309,2480,1881,1913,058643,RANDOM LENGTH LUMBER - CHICAGO MERCANTILE EXCHANGE ,287.3999938964844,0.005260562222587539,-32,2.9427220178665268,-171,-2.6449465755824138,0.04428044280442804,0.19523908958028816,-0.07766370902763031,0.03862215149355097,0.19182258772672062
2013-06-04,6860,2331,2822,2220,1832,058643,RANDOM LENGTH LUMBER - CHICAGO MERCANTILE EXCHANGE ,298.5,-0.0565597667638484,388,6.904487917146144,-491,-5.26056222258754,0.10365251727541955,0.07063846303124394,0.03862215149355097,0.013735363830873037,0.18898810004168728
2013-06-11,6664,2530,2544,2165,1907,058643,RANDOM LENGTH LUMBER - CHICAGO MERCANTILE EXCHANGE ,302.6000061035156,-0.03871548619447779,258,-1.8950437317784257,-14,6.9533527696793,0.03192534381139489,0.09400867165944028,0.013735363830873037,-0.07204235912371182,0.18598395607640889
2013-06-18,6801,2728,2678,2098,1894,058643,RANDOM LENGTH LUMBER - CHICAGO MERCANTILE EXCHANGE ,280.79998779296875,-0.02999558888398765,204,-0.8103241296518607,50,0.9603841536614646,0.02004008016032064,0.06141324454310026,-0.07204235912371182,0.029202323944105935,0.1826016510867428
2013-06-25,6686,2733,2789,1937,1725,058643,RANDOM LENGTH LUMBER - CHICAGO MERCANTILE EXCHANGE ,289.0,-0.03170804666467245,212,0.11762976032936333,-56,-1.558594324364064,0.09011469142545057,0.021006881564650488,0.029202323944105935,0.02145332943609435,0.17926616879378063
2013-07-02,6460,2535,2482,1798,1607,058643,RANDOM LENGTH LUMBER - CHICAGO MERCANTILE EXCHANGE ,295.20001220703125,-0.02956656346749226,191,-0.3140891414896799,53,1.630272210589291,0.07547723935389133,0.10065776360374726,0.02145332943609435,0.036585322989060254,0.17963827044347155
2013-07-09,6027,2210,2392,1975,1560,058643,RANDOM LENGTH LUMBER - CHICAGO MERCANTILE EXCHANGE ,306.0,-0.06885681101708976,415,3.4674922600619196,-182,-3.637770897832817,0.06336633663366337,0.09017818339852238,0.036585322989060254,0.03202610389859073,0.18065322695619734
2013-07-16,5587,2520,2050,1677,1637,058643,RANDOM LENGTH LUMBER - CHICAGO MERCANTILE EXCHANGE ,315.79998779296875,-0.007159477358152855,40,-6.222000995520159,470,10.817985730877718,0.11315630657815329,0.14266958424507659,0.03202610389859073,0.03514884905819726,0.18265737376421576
2013-07-23,5583,2264,1859,1871,1907,058643,RANDOM LENGTH LUMBER - CHICAGO MERCANTILE EXCHANGE ,326.8999938964844,0.006448146157979581,-36,-1.3603006980490424,405,-1.163415070699839,0.1228163049232398,0.10841620179480961,0.03514884905819726,-0.020801431385532587,0.18139152626777302
2013-07-30,5704,2179,1931,2038,1934,058643,RANDOM LENGTH LUMBER - CHICAGO MERCANTILE EXCHANGE ,320.1000061035156,-0.0182328190743338,104,2.507612394769837,248,-2.812108185563317,0.048841893252769386,0.038199513381995134,-0.020801431385532587,-0.06154330469041147,0.17917138007260408
2013-08-06,5945,2131,2146,2190,1541,058643,RANDOM LENGTH LUMBER - CHICAGO MERCANTILE EXCHANGE ,300.3999938964844,-0.10916736753574433,649,9.554698457223001,-15,-4.610799438990183,0.14607343875636558,0.06149169978957213,-0.06154330469041147,0.06890816453932525,0.17438017674152914
2013-08-13,5842,2052,2227,2347,1640,058643,RANDOM LENGTH LUMBER - CHICAGO MERCANTILE EXCHANGE ,321.1000061035156,-0.12102019856213625,707,0.975609756097561,-175,-2.6913372582001682,0.06420867820416352,0.0373919139985978,0.06890816453932525,-0.011522927862662402,0.16944947200232557
2013-08-20,5365,1966,2074,2256,1517,058643,RANDOM LENGTH LUMBER - CHICAGO MERCANTILE EXCHANGE ,317.3999938964844,-0.13774464119291704,739,0.5477576172543649,-108,1.1468675111263265,0.056718791412668966,0.059158415841584155,-0.011522927862662402,-0.034971664514699796,0.16411921791345077
2013-08-27,5166,1854,2286,2212,1236,058643,RANDOM LENGTH LUMBER - CHICAGO MERCANTILE EXCHANGE ,306.29998779296875,-0.1889276035617499,976,4.417520969245107,-432,-6.039142590866729,0.09425754060324826,0.0782608695652174,-0.034971664514699796,0.07737516536582545,0.15520201886344648
2013-09-03,5495,1929,2281,2316,1450,058643,RANDOM LENGTH LUMBER - CHICAGO MERCANTILE EXCHANGE ,330.0,-0.1575978161965423,866,-2.129307007355788,-352,1.548586914440573,0.0844397238449283,0.019002375296912115,0.07737516536582545,-0.007878806374289726,0.14706854928683055
2013-09-10,5502,1978,2093,2155,1656,058643,RANDOM LENGTH LUMBER - CHICAGO MERCANTILE EXCHANGE ,327.3999938964844,-0.09069429298436932,499,-6.678798908098271,-115,4.313011828935396,0.09630018367882445,0.05821665438467207,-0.007878806374289726,0.04398287771818743,0.14067252702157187
2013-09-17,5679,1919,1905,1745,1869,058643,RANDOM LENGTH LUMBER - CHICAGO MERCANTILE EXCHANGE ,341.79998779296875,0.021834830075717557,-124,-11.323155216284988,14,2.3446019629225736,0.1723851687880465,0.06459205020920503,0.04398287771818743,0.04417790123697096,0.1368191584961735
2013-09-24,5821,1965,1449,1672,2268,058643,RANDOM LENGTH LUMBER - CHICAGO MERCANTILE EXCHANGE ,356.8999938964844,0.10238790585809998,-596,-8.311322415918296,516,8.839584433879203,0.11979695431472082,0.14704159343878148,0.04417790123697096,-0.052675786255186985,0.13566573891337777
2013-10-01,5271,1985,1410,1422,1985,058643,RANDOM LENGTH LUMBER - CHICAGO MERCANTILE EXCHANGE ,338.1000061035156,0.10681085183077214,-563,0.5669129015633052,575,1.0135715512798487,0.15644261813912533,0.017378497790868926,-0.052675786255186985,-0.010647755215991928,0.13578073428238518
2013-10-08,4692,1871,1383,1396,1725,058643,RANDOM LENGTH LUMBER - CHICAGO MERCANTILE EXCHANGE ,334.5,0.07011935208866155,-329,4.43938531587934,488,-1.6505406943653957,0.09163729573854534,0.04333128457283344,-0.010647755215991928,0.00926758177433662,0.13491948829417538
2013-10-15,4546,1838,1293,1273,1726,058643,RANDOM LENGTH LUMBER - CHICAGO MERCANTILE EXCHANGE ,337.6000061035156,0.0996480422349318,-453,-2.6427962489343564,545,1.2148337595907928,0.041347115705235075,0.03928457361865219,0.00926758177433662,0.05568716662642559,0.13467605894618434
2013-10-22,4960,2089,1331,1276,2028,058643,RANDOM LENGTH LUMBER - CHICAGO MERCANTILE EXCHANGE ,356.3999938964844,0.15161290322580645,-752,-6.5772107347118345,758,4.685437747470304,0.09231234866828088,0.08450292397660819,0.05568716662642559,0.012345662098306232,0.13638368806840848
2013-10-29,4942,1719,1424,1361,2055,058643,RANDOM LENGTH LUMBER - CHICAGO MERCANTILE EXCHANGE ,360.7999877929688,0.14042897612302713,-694,1.1693548387096775,295,-9.33467741935484,0.03278688524590164,0.14731148584155265,0.012345662098306232,0.002771618719050073,0.13644968554103068
2013-11-05,4721,1292,1048,1620,2209,058643,RANDOM LENGTH LUMBER - CHICAGO MERCANTILE EXCHANGE ,361.7999877929688,0.12476170302901927,-589,2.1246458923512748,244,-1.0319708619991905,0.10786106032906764,0.34316239316239316,0.002771618719050073,0.018794965561021337,0.13479608637882584
2013-11-12,4705,1252,1021,1613,2193,058643,RANDOM LENGTH LUMBER - CHICAGO MERCANTILE EXCHANGE ,368.6000061035156,0.12327311370882041,-580,0.19063757678457952,231,-0.2753653886888371,0.00604308985811876,0.029476462824461064,0.018794965561021337,-0.013836153063121137,0.13267622422839428
2013-11-19,4544,1196,1005,1739,2068,058643,RANDOM LENGTH LUMBER - CHICAGO MERCANTILE EXCHANGE ,363.5,0.0724031690140845,-329,5.334750265674814,191,-0.8501594048884166,0.0659311794063567,0.03271240345297592,-0.013836153063121137,-0.005777183228378613,0.12796437450099762
2013-11-26,4557,1470,933,1541,2140,058643,RANDOM LENGTH LUMBER - CHICAGO MERCANTILE EXCHANGE ,361.3999938964844,0.1314461268378319,-599,-5.941901408450704,537,7.614436619718309,0.07334963325183375,0.143986683312526,-0.005777183228378613,-0.022689490392747036,0.1245158985357264
2013-12-03,4308,1516,854,1364,2030,058643,RANDOM LENGTH LUMBER - CHICAGO MERCANTILE EXCHANGE ,353.20001220703125,0.15459610027855153,-666,-1.4702655255650647,662,2.7430326969497476,0.08456098998232174,0.052742616033755275,-0.022689490392747036,-0.01472257085875528,0.12150513051236954
2013-12-10,3700,1119,869,1383,1624,058643,RANDOM LENGTH LUMBER - CHICAGO MERCANTILE EXCHANGE ,348.0,0.06513513513513514,-241,9.865366759517178,250,-9.563602599814299,0.14133688061190555,0.20724346076458752,-0.01472257085875528,0.04339082213653911,0.11727151189037531
2013-12-17,3718,988,920,1474,1670,058643,RANDOM LENGTH LUMBER - CHICAGO MERCANTILE EXCHANGE ,363.1000061035156,0.052716514254975796,-196,1.2162162162162162,68,-4.918918918918918,0.04357506361323155,0.09538784067085954,0.04339082213653911,0.03194713827740525,0.1128441878373787
2013-12-24,4535,1282,1000,1565,2297,058643,RANDOM LENGTH LUMBER - CHICAGO MERCANTILE EXCHANGE ,374.7000122070313,0.16141124586549063,-732,-14.41635287789134,282,5.755782678859602,0.18591403417918176,0.16389132340052587,0.03194713827740525,-0.03896451995696437,0.11057345574901944
2013-12-31,4389,1330,823,1509,2344,058643,RANDOM LENGTH LUMBER - CHICAGO MERCANTILE EXCHANGE ,360.1000061035156,0.19024834814308497,-835,-2.2712238147739803,507,4.961411245865491,0.0267324162989878,0.10450534138411519,-0.03896451995696437,-0.01638432045676874,0.10813781997387294
2014-01-07,3836,1024,923,1383,1937,058643,RANDOM LENGTH LUMBER - CHICAGO MERCANTILE EXCHANGE ,354.20001220703125,0.14442127215849843,-554,6.4023695602642965,101,-9.250398724082935,0.16054216867469878,0.20852593733949668,-0.01638432045676874,0.019762845168702414,0.10400963791203305
2014-01-14,3800,903,1177,1489,1725,058643,RANDOM LENGTH LUMBER - CHICAGO MERCANTILE EXCHANGE ,361.2000122070313,0.06210526315789474,-236,8.289885297184567,-274,-9.775808133472367,0.09894212818917238,0.18028846153846154,0.019762845168702414,0.014396405076732233,0.09834385960741591
2014-01-21,3938,980,1302,1536,1664,058643,RANDOM LENGTH LUMBER - CHICAGO MERCANTILE EXCHANGE ,366.3999938964844,0.03250380904012189,-128,2.8421052631578947,-322,-1.263157894736842,0.03375,0.08851884312007012,0.014396405076732233,-0.041484666874059606,0.09306241430861716
2014-01-28,4087,913,1618,1762,1289,058643,RANDOM LENGTH LUMBER - CHICAGO MERCANTILE EXCHANGE ,351.20001220703125,-0.11573281135307072,473,15.26155408836973,-705,-9.725749111223973,0.1969845952146837,0.15132358751481628,-0.041484666874059606,0.0,0.08518936832338693
2014-02-04,4524,999,2124,2008,1189,058643,RANDOM LENGTH LUMBER - CHICAGO MERCANTILE EXCHANGE ,351.20001220703125,-0.1810344827586207,819,8.465867384389528,-1125,-10.27648642035723,0.10822646230841414,0.18956131924431635,0.0,0.02220953166815587,0.07719006907775607
2014-02-11,4455,958,2146,2072,1108,058643,RANDOM LENGTH LUMBER - CHICAGO MERCANTILE EXCHANGE ,359.0,-0.21638608305274973,964,3.205128205128205,-1188,-1.3925729442970822,0.04559748427672956,0.02029639175257732,0.02220953166815587,0.007520925367775266,0.06792341049704484
2014-02-18,4601,864,2147,2284,1298,058643,RANDOM LENGTH LUMBER - CHICAGO MERCANTILE EXCHANGE ,361.7000122070313,-0.21430123886111715,986,0.49382716049382713,-1283,-2.132435465768799,0.11222780569514237,0.03155097974094985,0.007520925367775266,-0.0033177002115898357,0.05748361485249852
2014-02-25,4742,932,2069,2266,1409,058643,RANDOM LENGTH LUMBER - CHICAGO MERCANTILE EXCHANGE ,360.5,-0.18072543230704344,857,-2.803738317757009,-1137,3.173223212345142,0.03510204081632653,0.04865044985004998,-0.0033177002115898357,-0.00832177531206657,0.048287918708398096
2014-03-04,4626,957,2240,2379,1272,058643,RANDOM LENGTH LUMBER - CHICAGO MERCANTILE EXCHANGE ,357.5,-0.23929961089494164,1107,5.27203711514129,-1283,-3.0788696752425135,0.06847439057792386,0.06130747575852362,-0.00832177531206657,0.013986013986013957,0.03770123952259311
2014-03-11,4419,887,2249,2188,1153,058643,RANDOM LENGTH LUMBER - CHICAGO MERCANTILE EXCHANGE ,362.5,-0.23421588594704684,1035,-1.556420233463035,-1362,-1.7077388672719411,0.09278659084106555,0.025191326530612245,0.013986013986013957,-0.0813793103448276,0.027308389178563118
2014-03-18,4658,950,2542,2628,919,058643,RANDOM LENGTH LUMBER - CHICAGO MERCANTILE EXCHANGE ,333.0,-0.366895663374839,1709,15.252319529305272,-1592,-5.20479746548993,0.19001973498731323,0.10194730813287514,-0.0813793103448276,-0.007207188878331494,0.014516439608167862
2014-03-25,4623,863,2353,2645,873,058643,RANDOM LENGTH LUMBER - CHICAGO MERCANTILE EXCHANGE ,330.6000061035156,-0.38330088686999786,1772,1.3525118076427651,-1490,2.18978102189781,0.017907902217168845,0.08582089552238806,-0.007207188878331494,0.031457936190200764,0.0018479251219367164
2014-04-01,5358,846,2355,2945,1025,058643,RANDOM LENGTH LUMBER - CHICAGO MERCANTILE EXCHANGE ,341.0,-0.3583426651735722,1920,3.201384382435648,-1509,-0.4109885355829548,0.11385390428211586,0.005935645110902843,0.031457936190200764,-0.03577716189745239,-0.009589690874304876
2014-04-08,5205,892,2455,2878,1024,058643,RANDOM LENGTH LUMBER - CHICAGO MERCANTILE EXCHANGE ,328.79998779296875,-0.3561959654178674,1854,-1.2318029115341544,-1563,-1.007838745800672,0.01742696053305997,0.04362115327158649,-0.03577716189745239,-0.01399019390728784,-0.019894421601656307
2014-04-15,5104,1059,2375,2800,926,058643,RANDOM LENGTH LUMBER - CHICAGO MERCANTILE EXCHANGE ,324.20001220703125,-0.36716300940438873,1874,0.38424591738712777,-1316,4.745437079731028,0.04723564143853999,0.07192778101339546,-0.01399019390728784,0.03423804801971797,-0.030154713370322696
2014-04-22,4827,1108,2140,2525,949,058643,RANDOM LENGTH LUMBER - CHICAGO MERCANTILE EXCHANGE ,335.29998779296875,-0.3264967888957945,1576,-5.838557993730407,-1032,5.564263322884012,0.08578008059873345,0.0874384236453202,0.03423804801971797,0.005964807852110399,-0.03999000931802398
2014-04-29,4658,1069,2075,2453,899,058643,RANDOM LENGTH LUMBER - CHICAGO MERCANTILE EXCHANGE ,337.29998779296875,-0.33361957921854873,1554,-0.45576962916925623,-1006,0.5386368344727575,0.03639618138424821,0.03307888040712468,0.005964807852110399,0.0032612100306117497,-0.05040124704003811
2014-05-06,4327,1047,1724,2221,1005,058643,RANDOM LENGTH LUMBER - CHICAGO MERCANTILE EXCHANGE ,338.3999938964844,-0.2810261150912873,1216,-7.256333190210391,-677,7.063117217689996,0.10477371357718537,0.1346084446048358,0.0032612100306117497,-0.001182015081852339,-0.059301191820450204
2014-05-13,4333,1236,1609,2067,1293,058643,RANDOM LENGTH LUMBER - CHICAGO MERCANTILE EXCHANGE ,338.0,-0.1786291253173321,774,-10.214929512364225,-373,7.025652877282182,0.13154761904761905,0.10685413005272408,-0.001182015081852339,-0.050295857988165715,-0.06470588553807764
2014-05-20,4313,1372,1825,2033,1025,058643,RANDOM LENGTH LUMBER - CHICAGO MERCANTILE EXCHANGE ,321.0,-0.23371203338743335,1008,5.400415416570505,-453,-1.8462958689129931,0.0987573577501635,0.11010322177040976,-0.050295857988165715,-0.012772604683849331,-0.06987404781427063
2014-05-27,4542,1422,2098,2062,954,058643,RANDOM LENGTH LUMBER - CHICAGO MERCANTILE EXCHANGE ,316.8999938964844,-0.24394539850286218,1108,2.3185717597959656,-676,-5.1704150243450036,0.033156498673740056,0.09176136363636364,-0.012772604683849331,-0.028084550545594444,-0.07466647013591389
2014-06-03,5549,1540,2426,2213,995,058643,RANDOM LENGTH LUMBER - CHICAGO MERCANTILE EXCHANGE ,308.0,-0.2194990088304199,1218,2.42184059885513,-886,-4.623513870541611,0.059850374064837904,0.1124558749369642,-0.028084550545594444,-0.028571388938210207,-0.07779991709873256
2014-06-10,5363,1397,2622,2345,874,058643,RANDOM LENGTH LUMBER - CHICAGO MERCANTILE EXCHANGE ,299.20001220703125,-0.27428677978743243,1471,4.559380068480808,-1225,-6.109208866462425,0.07859583721652687,0.084349340631998,-0.028571388938210207,0.046122951971739434,-0.08233013428321248
2014-06-17,5005,1445,3041,2257,506,058643,RANDOM LENGTH LUMBER - CHICAGO MERCANTILE EXCHANGE ,313.0,-0.34985014985014984,1751,5.22095841879545,-1596,-6.917769904903971,0.16503800217155265,0.10410164957646009,0.046122951971739434,0.057507987220447365,-0.08848118353256172
2014-06-24,4695,1492,2337,1951,1014,058643,RANDOM LENGTH LUMBER - CHICAGO MERCANTILE EXCHANGE ,331.0,-0.19957401490947818,937,-16.263736263736263,-845,15.004995004995006,0.27453625632377743,0.1961347610342126,0.057507987220447365,0.009063444108761365,-0.09170937522957723
2014-07-01,4281,1410,1808,1736,1323,058643,RANDOM LENGTH LUMBER - CHICAGO MERCANTILE EXCHANGE ,334.0,-0.09647278673207195,413,-11.160809371671991,-398,9.52076677316294,0.17129780974174566,0.18986948415164698,0.009063444108761365,-0.00928145539974734,-0.0929960333692807
2014-07-08,4140,1453,1704,1531,1210,058643,RANDOM LENGTH LUMBER - CHICAGO MERCANTILE EXCHANGE ,330.8999938964844,-0.07753623188405798,321,-2.1490306003270265,-251,3.433777154870357,0.11601605253557096,0.04656319290465632,-0.00928145539974734,0.0163191115022312,-0.09316294530903006
2014-07-15,3915,1402,1530,1504,1144,058643,RANDOM LENGTH LUMBER - CHICAGO MERCANTILE EXCHANGE ,336.29998779296875,-0.09195402298850575,360,0.9420289855072465,-128,2.971014492753623,0.03512084592145015,0.0767394270122783,0.0163191115022312,-0.011596770853543048,-0.09479360964807533
2014-07-22,3963,1363,1507,1611,1143,058643,RANDOM LENGTH LUMBER - CHICAGO MERCANTILE EXCHANGE ,332.3999938964844,-0.11809235427706283,468,2.7586206896551726,-144,-0.4086845466155811,0.0392156862745098,0.021602787456445994,-0.011596770853543048,-0.0312875875073666,-0.09718861927182615
2014-07-29,4065,1245,1563,1796,1004,058643,RANDOM LENGTH LUMBER - CHICAGO MERCANTILE EXCHANGE ,322.0,-0.1948339483394834,792,8.17562452687358,-318,-4.390613171839516,0.11571428571428571,0.06196581196581197,-0.0312875875073666,0.026397515527950333,-0.10058479483461748
2014-08-05,4483,1370,1856,1821,1062,058643,RANDOM LENGTH LUMBER - CHICAGO MERCANTILE EXCHANGE ,330.5,-0.16930626812402408,759,-0.8118081180811807,-486,-4.132841328413284,0.02878945542837322,0.12957222566646,0.026397515527950333,0.04114979153862519,-0.10174131215362286
2014-08-12,4379,1547,1650,1609,1402,058643,RANDOM LENGTH LUMBER - CHICAGO MERCANTILE EXCHANGE ,344.1000061035156,-0.0472710664535282,207,-12.313183136292661,-103,8.54338612536248,0.18332779807372965,0.1197998123240538,0.04114979153862519,0.024702121038158165,-0.10032305961307271
2014-08-19,4337,1476,1563,1579,1536,058643,RANDOM LENGTH LUMBER - CHICAGO MERCANTILE EXCHANGE ,352.6000061035156,-0.009914687572054416,43,-3.7451472939027175,-87,0.3653802237953871,0.05264847512038523,0.05199078644290885,0.024702121038158165,-0.009642637089138928,-0.09786479127420995
2014-08-26,4432,1618,1461,1471,1672,058643,RANDOM LENGTH LUMBER - CHICAGO MERCANTILE EXCHANGE ,349.20001220703125,0.045351985559566786,-201,-5.626008761816924,157,5.626008761816924,0.07763283487114223,0.07924650860669048,-0.009642637089138928,0.001431844165296292,-0.09335941456033849
2014-09-02,4258,1630,1248,1293,1770,058643,RANDOM LENGTH LUMBER - CHICAGO MERCANTILE EXCHANGE ,349.70001220703125,0.11202442461249412,-477,-6.227436823104693,382,5.0767148014440435,0.0901077375122429,0.07817929117442668,0.001431844165296292,-0.010580532107161478,-0.08817437146785703
2014-09-09,3755,1330,1065,1270,1382,058643,RANDOM LENGTH LUMBER - CHICAGO MERCANTILE EXCHANGE ,346.0,0.029826897470039946,-112,8.572099577266322,265,-2.7477689055894783,0.15497737556561086,0.20167014613778705,-0.010580532107161478,-0.028901734104046284,-0.08585665626681069
2014-09-16,3707,1542,1072,1010,1366,058643,RANDOM LENGTH LUMBER - CHICAGO MERCANTILE EXCHANGE ,336.0,0.09603452926895063,-356,-6.498002663115845,470,5.459387483355526,0.11616161616161616,0.0837796480489671,-0.028901734104046284,-0.011904761904761862,-0.08442973897463313
2014-09-23,3587,1479,1359,1199,961,058643,RANDOM LENGTH LUMBER - CHICAGO MERCANTILE EXCHANGE ,332.0,-0.06635071090047394,238,16.023738872403563,120,-9.441596978688967,0.275,0.12332628611698379,-0.011904761904761862,0.002710824989410776,-0.08767471237383648
2014-09-30,3884,1459,1471,1148,906,058643,RANDOM LENGTH LUMBER - CHICAGO MERCANTILE EXCHANGE ,332.8999938964844,-0.06230690010298661,242,0.1115137998327293,-12,-3.679955394480067,0.05160662122687439,0.04505119453924915,0.002710824989410776,0.04325621556172843,-0.09092697683410106
2014-10-07,3720,1525,1298,981,1082,058643,RANDOM LENGTH LUMBER - CHICAGO MERCANTILE EXCHANGE ,347.29998779296875,0.0271505376344086,-101,-8.831101956745622,227,6.153450051493306,0.1662627241880756,0.08466170740347148,0.04325621556172843,-0.013820869454882034,-0.09175330018899054
2014-10-14,3650,1586,1349,981,1097,058643,RANDOM LENGTH LUMBER - CHICAGO MERCANTILE EXCHANGE ,342.5,0.03178082191780822,-116,-0.4032258064516129,237,0.2688172043010753,0.007218479307025986,0.038160136286201025,-0.013820869454882034,-0.03766421575615875,-0.09305843904124292
2014-10-21,3529,1358,1562,1072,821,058643,RANDOM LENGTH LUMBER - CHICAGO MERCANTILE EXCHANGE ,329.6000061035156,-0.07112496457920091,251,10.054794520547945,-204,-12.082191780821917,0.19387216059165346,0.15102739726027398,-0.03766421575615875,-0.007888367886434655,-0.09734185957595459
2014-10-28,3655,1195,2180,1278,605,058643,RANDOM LENGTH LUMBER - CHICAGO MERCANTILE EXCHANGE ,327.0,-0.18413132694938442,673,11.958061773873618,-985,-22.130915273448572,0.22411046202867765,0.2314074074074074,-0.007888367886434655,-0.007951089001576817,-0.10358340386580868
2014-11-04,4094,1375,2447,1619,518,058643,RANDOM LENGTH LUMBER - CHICAGO MERCANTILE EXCHANGE ,324.3999938964844,-0.26893014167073764,1101,11.709986320109438,-1072,-2.3803009575923393,0.200280767430978,0.11695447409733124,-0.007951089001576817,0.012638736685130603,-0.11115440087926554
2014-11-11,4271,1411,2734,1711,453,058643,RANDOM LENGTH LUMBER - CHICAGO MERCANTILE EXCHANGE ,328.5,-0.2945446031374385,1258,3.8348803126526625,-1323,-6.130923302393747,0.07255083179297597,0.07792521109770809,0.012638736685130603,-0.02983253513841322,-0.11918935697246283
2014-11-18,4949,1475,2788,2292,668,058643,RANDOM LENGTH LUMBER - CHICAGO MERCANTILE EXCHANGE ,318.70001220703125,-0.32814710042432815,1624,8.569421681105126,-1313,0.23413720440177946,0.2689189189189189,0.02768003753225428,-0.02983253513841322,0.03545650254204613,-0.12689224676935537
2014-11-25,5013,1424,2729,2278,761,058643,RANDOM LENGTH LUMBER - CHICAGO MERCANTILE EXCHANGE ,330.0,-0.3026132056652703,1517,-2.1620529399878765,-1305,0.16164881794301877,0.03520895031260283,0.02648687695641705,0.03545650254204613,-0.003333351828835207,-0.13523954162518426
2014-12-02,5518,1357,2668,2424,811,058643,RANDOM LENGTH LUMBER - CHICAGO MERCANTILE EXCHANGE ,328.8999938964844,-0.2923160565422254,1613,1.9150209455415919,-1311,-0.11968880909634949,0.060587326120556416,0.031801242236024846,-0.003333351828835207,0.015202189397345078,-0.14383400617942996
2014-12-09,4657,1538,2200,1576,771,058643,RANDOM LENGTH LUMBER - CHICAGO MERCANTILE EXCHANGE ,333.8999938964844,-0.17285806313077087,805,-14.642986589343964,-662,11.761507792678506,0.3783553472518108,0.17362225789192082,0.015202189397345078,-0.0011979452045404182,-0.14841079845377433
2014-12-16,4118,1452,2180,1413,675,058643,RANDOM LENGTH LUMBER - CHICAGO MERCANTILE EXCHANGE ,333.5,-0.17921321029626033,738,-1.438694438479708,-728,-1.4172213871591153,0.12404214559386974,0.02918502202643172,-0.0011979452045404182,0.014092990126030713,-0.15287098546437503
2014-12-23,3542,1395,2234,1119,441,058643,RANDOM LENGTH LUMBER - CHICAGO MERCANTILE EXCHANGE ,338.20001220703125,-0.19141727837380013,678,-1.4570179698882952,-839,-2.6954832442933463,0.3384615384615385,0.030586938550564893,0.014092990126030713,-0.007392075428044653,-0.1596561493920537
2014-12-30,3500,1408,2223,1126,411,058643,RANDOM LENGTH LUMBER - CHICAGO MERCANTILE EXCHANGE ,335.70001220703125,-0.2042857142857143,715,1.0446075663466967,-815,0.6775832862789385,0.024072869225764477,0.006609749380335995,-0.007392075428044653,-0.047661600888273314,-0.1672433429002998
2015-01-06,4037,1478,2564,1478,323,058643,RANDOM LENGTH LUMBER - CHICAGO MERCANTILE EXCHANGE,319.70001220703125,-0.28610354223433243,1155,12.571428571428573,-1086,-7.742857142857143,0.24430871737923376,0.1016823354774864,-0.047661600888273314,0.0015639661586130948,-0.1755226662540081
2015-01-13,4617,1445,2797,1894,451,058643,RANDOM LENGTH LUMBER - CHICAGO MERCANTILE EXCHANGE,320.20001220703125,-0.3125406107862248,1443,7.1340104037651715,-1352,-6.589051275699777,0.23198294243070364,0.0627062706270627,0.0015639661586130948,-0.054028787167444636,-0.18272739459908732
2015-01-20,5167,1701,2889,2091,621,058643,RANDOM LENGTH LUMBER - CHICAGO MERCANTILE EXCHANGE,302.8999938964844,-0.2844977743371395,1470,0.5847953216374269,-1188,3.5520901017977042,0.13532448377581122,0.07581699346405228,-0.054028787167444636,0.02905255360802106,-0.18882357889480386
2015-01-27,5528,1596,3226,2335,665,058643,RANDOM LENGTH LUMBER - CHICAGO MERCANTILE EXCHANGE,311.70001220703125,-0.3020984081041968,1670,3.870718018192375,-1630,-8.554286820205148,0.096,0.0916632102861883,0.02905255360802106,0.0064164257994048235,-0.19240753267847938
2015-02-03,5574,1471,2959,2212,781,058643,RANDOM LENGTH LUMBER - CHICAGO MERCANTILE EXCHANGE,313.70001220703125,-0.25672766415500536,1431,-4.3234442836468885,-1488,2.568740955137482,0.07985299031072503,0.08848758465011286,0.0064164257994048235,0.013069733587487642,-0.19386317078225604
2015-02-10,5166,1643,2762,2054,754,058643,RANDOM LENGTH LUMBER - CHICAGO MERCANTILE EXCHANGE,317.79998779296875,-0.2516453735965931,1300,-2.3501973448152134,-1119,6.620021528525297,0.06588319088319089,0.08376844494892167,0.013069733587487642,-0.03618628206962582,-0.19454123406194532
2015-02-17,4859,1646,2924,1938,506,058643,RANDOM LENGTH LUMBER - CHICAGO MERCANTILE EXCHANGE,306.29998779296875,-0.2947108458530562,1432,2.5551684088269457,-1278,-3.077816492450639,0.14893617021276595,0.036105032822757115,-0.03618628206962582,-0.03623890312865463,-0.19608757265794413
2015-02-24,5180,1813,3291,2008,238,058643,RANDOM LENGTH LUMBER - CHICAGO MERCANTILE EXCHANGE,295.20001220703125,-0.3416988416988417,1770,6.956163819715991,-1478,-4.116073266104136,0.15048975957257346,0.10462382445141066,-0.03623890312865463,-0.002710089015801942,-0.19918321514624793
2015-03-03,5558,1713,3581,2398,330,058643,RANDOM LENGTH LUMBER - CHICAGO MERCANTILE EXCHANGE,294.3999938964844,-0.37207628643396906,2068,5.7528957528957525,-1868,-7.5289575289575295,0.17668621700879766,0.07366830374008311,-0.002710089015801942,-0.03124993845172419,-0.20173661275276772
2015-03-10,5871,1875,3798,2489,361,058643,RANDOM LENGTH LUMBER - CHICAGO MERCANTILE EXCHANGE,285.20001220703125,-0.36245954692556637,2128,1.0795250089960418,-1923,-0.9895645915797049,0.04280701754385965,0.06680768552793936,-0.03124993845172419,-0.04242638704633728,-0.2042028370023546
2015-03-17,6648,2330,4063,2680,590,058643,RANDOM LENGTH LUMBER - CHICAGO MERCANTILE EXCHANGE,273.1000061035156,-0.31438026474127556,2090,-0.6472491909385114,-1733,3.2362459546925564,0.12844036697247707,0.11262318160488034,-0.04242638704633728,0.046503044326697385,-0.2031929254901707
2015-03-24,6687,2289,3920,2695,680,058643,RANDOM LENGTH LUMBER - CHICAGO MERCANTILE EXCHANGE,285.79998779296875,-0.30133094063107524,2015,-1.128158844765343,-1631,1.5342960288808665,0.03111111111111111,0.02963440167498792,0.046503044326697385,-0.026591938105479773,-0.20161658037019145
2015-03-31,7035,2261,3920,2756,911,058643,RANDOM LENGTH LUMBER - CHICAGO MERCANTILE EXCHANGE,278.20001220703125,-0.2622601279317697,1845,-2.5422461492448036,-1659,-0.41872289516973227,0.07962912462503409,0.004530011325028313,-0.026591938105479773,-0.033429251985891306,-0.19976883926938752
2015-04-07,7311,2333,3944,2874,947,058643,RANDOM LENGTH LUMBER - CHICAGO MERCANTILE EXCHANGE,268.8999938964844,-0.26357543427711666,1927,1.1656005685856432,-1611,0.6823027718550106,0.04030358544883538,0.015293930221443364,-0.033429251985891306,-0.06805499519651736,-0.1979876752089885
2015-04-14,6803,2358,4046,2581,676,058643,RANDOM LENGTH LUMBER - CHICAGO MERCANTILE EXCHANGE,250.6000061035156,-0.28002351903571954,1905,-0.3009164273013268,-1688,-1.0532074955546435,0.17316548971446116,0.019831355402873205,-0.06805499519651736,-0.03072630494610018,-0.19631191577882176
2015-04-21,6838,2478,3993,2591,874,058643,RANDOM LENGTH LUMBER - CHICAGO MERCANTILE EXCHANGE,242.8999938964844,-0.25109681193331385,1717,-2.7634866970454213,-1515,2.542995737174776,0.06002886002886003,0.026734662339669295,-0.03072630494610018,0.03540554269087637,-0.19486191622185098
2015-04-28,6409,2412,3883,2382,798,058643,RANDOM LENGTH LUMBER - CHICAGO MERCANTILE EXCHANGE,251.5,-0.24715244187860821,1584,-1.9450131617431996,-1471,0.6434630008774496,0.08962264150943396,0.027958697378872122,0.03540554269087637,-0.03777335984095431,-0.19319908665762137
2015-05-05,6448,2322,4099,2343,702,058643,RANDOM LENGTH LUMBER - CHICAGO MERCANTILE EXCHANGE,242.0,-0.25449751861042186,1641,0.8893743173662036,-1777,-4.774535809018567,0.04433497536945813,0.04765612832892073,-0.03777335984095431,-0.03305785123966942,-0.19268892134068166
2015-05-12,6575,2244,4179,2545,700,058643,RANDOM LENGTH LUMBER - CHICAGO MERCANTILE EXCHANGE,234.0,-0.28060836501901143,1845,3.163771712158809,-1935,-2.4503722084367245,0.06286594761171033,0.024599096995173594,-0.03305785123966942,0.1217948717948718,-0.19465006056571396
2015-05-19,6511,2127,4113,2624,819,058643,RANDOM LENGTH LUMBER - CHICAGO MERCANTILE EXCHANGE,262.5,-0.27722316080479187,1805,-0.6083650190114068,-1986,-0.7756653992395437,0.05750798722044728,0.029326923076923077,0.1217948717948718,0.05219052269345248,-0.19548681301604776
2015-05-26,6097,2118,3481,2212,909,058643,RANDOM LENGTH LUMBER - CHICAGO MERCANTILE EXCHANGE,276.20001220703125,-0.2137116614728555,1303,-7.710029181385347,-1363,9.568422669328829,0.16084588272989425,0.11448472941596714,0.05219052269345248,-0.03910216449393744,-0.1949053949962399
2015-06-02,6065,2062,2921,1803,1074,058643,RANDOM LENGTH LUMBER - CHICAGO MERCANTILE EXCHANGE,265.3999938964844,-0.12019785655399835,729,-9.414466130884042,-859,8.266360505166476,0.19951338199513383,0.12362030905077263,-0.03910216449393744,0.09005272963874389,-0.19299575745246259
2015-06-09,4762,1973,2060,1198,1308,058643,RANDOM LENGTH LUMBER - CHICAGO MERCANTILE EXCHANGE,289.29998779296875,0.023099538009239817,-110,-13.833470733718054,-87,12.728771640560593,0.3347964884277733,0.2355566575750062,0.09005272963874389,0.013135217666397914,-0.1872767898025266
2015-06-16,4309,1973,1730,1046,1525,058643,RANDOM LENGTH LUMBER - CHICAGO MERCANTILE EXCHANGE,293.1000061035156,0.1111626827570202,-479,-7.748845023099538,243,6.9298614027719445,0.14352392065344224,0.08911693221712125,0.013135217666397914,-0.012964920612129949,-0.17841115840623487
2015-06-23,4309,1926,1750,1212,1555,058643,RANDOM LENGTH LUMBER - CHICAGO MERCANTILE EXCHANGE,289.29998779296875,0.07960083546066372,-343,3.1561847296356462,176,-1.5548851241587376,0.07083483917600289,0.01822633297062024,-0.012964920612129949,-0.0034566195720534543,-0.17304241128373213
2015-06-30,4004,1715,1564,1237,1308,058643,RANDOM LENGTH LUMBER - CHICAGO MERCANTILE EXCHANGE,288.29998779296875,0.017732267732267732,-71,6.3123694592712924,151,-0.5801810164771408,0.1068762278978389,0.12107349801768832,-0.0034566195720534543,-0.024627040882971074,-0.170846160236341
2015-07-07,3813,1403,1615,1132,993,058643,RANDOM LENGTH LUMBER - CHICAGO MERCANTILE EXCHANGE,281.20001220703125,-0.036454235510097036,139,5.244755244755245,-212,-9.065934065934066,0.1976470588235294,0.12027833001988071,-0.024627040882971074,0.029160673305433482,-0.17005612184453406
2015-07-14,4080,1457,1698,1107,951,058643,RANDOM LENGTH LUMBER - CHICAGO MERCANTILE EXCHANGE,289.3999938964844,-0.03823529411764706,156,0.44584316810910046,-241,-0.7605559926567007,0.03255587949465501,0.043423137876386686,0.029160673305433482,-0.07912921347425972,-0.1690230693662483
2015-07-21,4371,1433,1852,1268,892,058643,RANDOM LENGTH LUMBER - CHICAGO MERCANTILE EXCHANGE,266.5,-0.08602150537634409,376,5.392156862745098,-419,-4.362745098039215,0.10185185185185185,0.05418569254185693,-0.07912921347425972,-0.0390243673414048,-0.1684063222720037
2015-07-28,5024,1426,2362,1734,863,058643,RANDOM LENGTH LUMBER - CHICAGO MERCANTILE EXCHANGE,256.1000061035156,-0.17336783439490447,871,11.324639670555937,-936,-11.827956989247312,0.19060454370427415,0.13648363252375925,-0.0390243673414048,0.010152307854552234,-0.1679935123884541
2015-08-04,5962,1461,2968,2154,810,058643,RANDOM LENGTH LUMBER - CHICAGO MERCANTILE EXCHANGE,258.70001220703125,-0.22542770882254276,1344,9.414808917197453,-1507,-11.365445859872612,0.1595816464237517,0.14472792955520433,0.010152307854552234,-0.03324316079518885,-0.16907277086342562
2015-08-11,6076,1524,3131,2434,751,058643,RANDOM LENGTH LUMBER - CHICAGO MERCANTILE EXCHANGE,250.1000061035156,-0.2769914417379855,1683,5.6860114055686015,-1607,-1.677289500167729,0.10643642072213501,0.04854994629430719,-0.03324316079518885,0.0019992002710829126,-0.17349047038812676
2015-08-18,6261,1716,3481,2418,710,058643,RANDOM LENGTH LUMBER - CHICAGO MERCANTILE EXCHANGE,250.6000061035156,-0.2727998722248842,1708,0.4114549045424622,-1765,-2.600394996708361,0.018222506393861894,0.10429093707908409,0.0019992002710829126,-0.02194732588205972,-0.17854595470837345
2015-08-25,6552,1894,3793,2442,555,058643,RANDOM LENGTH LUMBER - CHICAGO MERCANTILE EXCHANGE,245.1000061035156,-0.288003663003663,1887,2.858968215939946,-1899,-2.140233189586328,0.05972639305972639,0.08616142078424477,-0.02194732588205972,-0.04120769421462178,-0.18495664025766637
2015-09-01,6547,1936,3752,2368,428,058643,RANDOM LENGTH LUMBER - CHICAGO MERCANTILE EXCHANGE,235.0,-0.2963189246983351,1940,0.808913308913309,-1816,1.2667887667887667,0.07188841201716738,0.014592123769338959,-0.04120769421462178,-0.014042566177692839,-0.19280939697518232
2015-09-08,6534,2042,3861,2458,452,058643,RANDOM LENGTH LUMBER - CHICAGO MERCANTILE EXCHANGE,231.6999969482422,-0.30700948882767065,2006,1.0080953108293875,-1819,-0.04582251412860852,0.03917525773195876,0.036422158224631546,-0.014042566177692839,0.09063444228137407,-0.1992870197885998
2015-09-15,5589,1962,3292,1812,336,058643,RANDOM LENGTH LUMBER - CHICAGO MERCANTILE EXCHANGE,252.6999969482422,-0.2640901771336554,1476,-8.111417202326294,-1330,7.483930211202939,0.3547486033519553,0.12352493338408832,0.09063444228137407,-0.11278195624924103,-0.20621249491172683
2015-09-22,5618,1853,3214,1764,285,058643,RANDOM LENGTH LUMBER - CHICAGO MERCANTILE EXCHANGE,224.1999969482422,-0.26326094695621216,1479,0.05367686527106817,-1361,-0.5546609411343711,0.048316251830161056,0.03690546674560884,-0.11278195624924103,-0.016949166384846226,-0.20999923022049105
2015-09-29,6583,1530,3777,2576,411,058643,RANDOM LENGTH LUMBER - CHICAGO MERCANTILE EXCHANGE,220.3999938964844,-0.32887741151450706,2165,12.210751156995373,-2247,-15.770736917052334,0.31402745229327084,0.16694931222913134,-0.016949166384846226,0.05353903529280446,-0.21512558620917413
2015-10-06,6968,1572,3992,2493,433,058643,RANDOM LENGTH LUMBER - CHICAGO MERCANTILE EXCHANGE,232.1999969482422,-0.2956371986222732,2060,-1.5950174692389487,-2420,-2.6279811636032204,0.03588516746411483,0.04618979151689432,0.05353903529280446,0.11369513136194409,-0.22133304267564877
2015-10-13,5743,1439,3203,2082,705,058643,RANDOM LENGTH LUMBER - CHICAGO MERCANTILE EXCHANGE,258.6000061035156,-0.23977015497126938,1377,-9.80195177956372,-1764,9.414466130884042,0.2450663796196627,0.1986212839293408,0.11369513136194409,0.005413742704723612,-0.22655517684659257
2015-10-20,4993,1528,2428,1406,812,058643,RANDOM LENGTH LUMBER - CHICAGO MERCANTILE EXCHANGE,260.0,-0.11896655317444423,594,-13.63398920424865,-900,15.044401880550234,0.3530207394048693,0.21840242669362994,0.005413742704723612,-0.019230769230769273,-0.2274752073965011
2015-10-27,4483,1643,2062,1024,889,058643,RANDOM LENGTH LUMBER - CHICAGO MERCANTILE EXCHANGE,255.0,-0.030113763105063574,135,-9.192870018025236,-419,9.633486881634289,0.23993727130162049,0.12982456140350876,-0.019230769230769273,-0.03450981588924629,-0.2245133311687257
2015-11-03,4036,1472,1846,972,753,058643,RANDOM LENGTH LUMBER - CHICAGO MERCANTILE EXCHANGE,246.1999969482422,-0.054261645193260655,219,1.8737452598706226,-374,1.0037921035021191,0.10898550724637682,0.1166365280289331,-0.03450981588924629,0.0316815724957038,-0.22038509085185115
2015-11-10,3822,1392,1905,883,342,058643,RANDOM LENGTH LUMBER - CHICAGO MERCANTILE EXCHANGE,254.0,-0.14154892726321297,541,7.978196233894945,-513,-3.44400396432111,0.40816326530612246,0.0421595389748256,0.0316815724957038,-0.05826772855022766,-0.21744286631580836
2015-11-17,3976,1350,1863,1155,434,058643,RANDOM LENGTH LUMBER - CHICAGO MERCANTILE EXCHANGE,239.1999969482422,-0.1813380281690141,721,4.709576138147567,-513,0.0,0.2290748898678414,0.026143790849673203,-0.05826772855022766,0.03929769763879798,-0.21461961492628306
2015-11-24,3982,1344,1916,1145,551,058643,RANDOM LENGTH LUMBER - CHICAGO MERCANTILE EXCHANGE,248.6000061035156,-0.14917127071823205,594,-3.194164989939638,-572,-1.4839034205231387,0.07488207547169812,0.018098159509202454,0.03929769763879798,-0.02775546655618455,-0.2116688084849939
2015-12-01,4222,1317,1959,1118,541,058643,RANDOM LENGTH LUMBER - CHICAGO MERCANTILE EXCHANGE,241.6999969482422,-0.13666508763619137,577,-0.42692114515318935,-642,-1.757910597689603,0.02230259192284509,0.021367521367521368,-0.02775546655618455,0.10633015007338043,-0.20867552062141628
2015-12-08,4367,1259,1837,967,677,058643,RANDOM LENGTH LUMBER - CHICAGO MERCANTILE EXCHANGE,267.3999938964844,-0.06640714449278681,290,-6.797726196115585,-578,1.5158692562766463,0.1745742092457421,0.05813953488372093,0.10633015007338043,-0.043006732470053266,-0.20662838757068586
2015-12-15,4087,1234,1635,896,744,058643,RANDOM LENGTH LUMBER - CHICAGO MERCANTILE EXCHANGE,255.8999938964844,-0.03719109371176903,152,-3.160064117242958,-401,4.05312571559423,0.08414634146341464,0.07912164517253398,-0.043006732470053266,0.04962881012091214,-0.20389719302098408
2015-12-22,4045,1366,1601,779,876,058643,RANDOM LENGTH LUMBER - CHICAGO MERCANTILE EXCHANGE,268.6000061035156,0.023980222496909766,-97,-6.092488377783215,-235,4.061658918522144,0.15045317220543808,0.05594876980114594,0.04962881012091214,-0.0450484208062617,-0.19975493338885505
2015-12-29,3845,1276,1650,877,817,058643,RANDOM LENGTH LUMBER - CHICAGO MERCANTILE EXCHANGE,256.5,-0.015604681404421327,60,3.881334981458591,-374,-3.4363411619283064,0.09268004722550177,0.04750512645249488,-0.0450484208062617,0.0,-0.19612645198729173
2016-01-05,3825,1142,1540,937,856,058643,RANDOM LENGTH LUMBER - CHICAGO MERCANTILE EXCHANGE,256.5,-0.021176470588235293,81,0.5461638491547465,-398,-0.6241872561768531,0.05521472392638037,0.09097688292319164,0.0,-0.001169543052509714,-0.19103170060948216
2016-01-12,4299,1055,2000,1331,585,058643,RANDOM LENGTH LUMBER - CHICAGO MERCANTILE EXCHANGE,256.20001220703125,-0.17352872761107235,746,17.38562091503268,-945,-14.300653594771243,0.34707724425887265,0.17905073649754502,-0.001169543052509714,-0.030445034890333122,-0.18835839516380615
2016-01-19,4541,1072,2198,1432,532,058643,RANDOM LENGTH LUMBER - CHICAGO MERCANTILE EXCHANGE,248.3999938964844,-0.19819423034573883,900,3.5822284252151664,-1126,-4.210281460804839,0.07841140529531568,0.06574923547400612,-0.030445034890333122,-0.04911432064417165,-0.18669871162551
2016-01-26,5313,1146,2715,1887,521,058643,RANDOM LENGTH LUMBER - CHICAGO MERCANTILE EXCHANGE,236.1999969482422,-0.25710521362695277,1366,10.262056815679365,-1569,-9.755560449240255,0.19352159468438537,0.15306915306915306,-0.04911432064417165,0.05292125385902979,-0.18583345788556296
2016-02-02,5890,1211,3088,2207,558,058643,RANDOM LENGTH LUMBER - CHICAGO MERCANTILE EXCHANGE,248.6999969482422,-0.2799660441426146,1649,5.326557500470544,-1877,-5.797101449275362,0.1291139240506329,0.10188415910676901,0.05292125385902979,0.00804181754942368,-0.18628034980840164
2016-02-09,5552,1101,2706,1990,600,058643,RANDOM LENGTH LUMBER - CHICAGO MERCANTILE EXCHANGE,250.6999969482422,-0.2503602305475504,1390,-4.397283531409168,-1605,4.6179966044142615,0.1,0.12923561859732072,0.00804181754942368,-0.005584339503495905,-0.18625563551899693
2016-02-16,5460,1121,2693,2023,565,058643,RANDOM LENGTH LUMBER - CHICAGO MERCANTILE EXCHANGE,249.3000030517578,-0.26703296703296703,1458,1.2247838616714697,-1572,0.5943804034582133,0.02627511591962906,0.00865233350812795,-0.005584339503495905,0.04973930607092303,-0.18572336861861063
2016-02-23,4652,1361,2069,1364,589,058643,RANDOM LENGTH LUMBER - CHICAGO MERCANTILE EXCHANGE,261.70001220703125,-0.16659501289767842,775,-12.50915750915751,-708,15.824175824175823,0.3497183819764465,0.2518950437317784,0.04973930607092303,-0.03515480236108326,-0.18235598729551133
2016-03-01,4336,1322,1820,1112,546,058643,RANDOM LENGTH LUMBER - CHICAGO MERCANTILE EXCHANGE,252.5,-0.1305350553505535,566,-4.4926913155631985,-498,4.514187446259673,0.1779252110977081,0.0916613621896881,-0.03515480236108326,0.1112871528852104,-0.17771096362083025
2016-03-08,4253,1757,1564,717,1110,058643,RANDOM LENGTH LUMBER - CHICAGO MERCANTILE EXCHANGE,280.6000061035156,0.09240536092170233,-393,-22.117158671586715,193,15.936346863468634,0.524904214559387,0.20806985847636253,0.1112871528852104,-0.01995725581506136,-0.16896356154684433
2016-03-15,4375,2004,1496,529,1382,058643,RANDOM LENGTH LUMBER - CHICAGO MERCANTILE EXCHANGE,275.0,0.19497142857142857,-853,-10.815894662591113,508,7.406536562426523,0.24071166928309787,0.09,-0.01995725581506136,0.13090909090909086,-0.1591683366754462
2016-03-22,4547,2081,1301,515,1678,058643,RANDOM LENGTH LUMBER - CHICAGO MERCANTILE EXCHANGE,311.0,0.2557730371673631,-1163,-7.085714285714285,780,6.217142857142857,0.14135886912904697,0.08042578356002365,0.13090909090909086,0.006109305133390253,-0.1484547986408608
2016-03-29,4892,2277,1236,584,2171,058643,RANDOM LENGTH LUMBER - CHICAGO MERCANTILE EXCHANGE,312.8999938964844,0.32440719542109564,-1587,-9.324829557950297,1041,5.740048383549593,0.20399274047186933,0.07429547395388557,0.006109305133390253,-0.07734094650528855,-0.13717273473022878
2016-04-05,4914,2414,1285,545,2027,058643,RANDOM LENGTH LUMBER - CHICAGO MERCANTILE EXCHANGE,288.70001220703125,0.30158730158730157,-1482,2.1463614063777596,1129,1.7988552739165986,0.07115085536547434,0.050283860502838604,-0.07734094650528855,0.027710424876127293,-0.12630422057899
2016-04-12,5146,2677,1272,489,2227,058643,RANDOM LENGTH LUMBER - CHICAGO MERCANTILE EXCHANGE,296.70001220703125,0.33773804897007387,-1738,-5.2096052096052095,1405,5.616605616605617,0.09425625920471281,0.06989111167384147,0.027710424876127293,-0.0471857075294998,-0.11442419042503241
2016-04-19,4201,2072,1120,505,1875,058643,RANDOM LENGTH LUMBER - CHICAGO MERCANTILE EXCHANGE,282.70001220703125,0.32611283027850513,-1370,7.151185386708122,952,-8.802953750485814,0.1546218487394958,0.23715538847117795,-0.0471857075294998,0.012380614958859004,-0.10332400499788202
2016-04-26,3952,1918,1060,506,1956,058643,RANDOM LENGTH LUMBER - CHICAGO MERCANTILE EXCHANGE,286.20001220703125,0.36690283400809715,-1450,-1.904308497976672,858,-2.2375624851225897,0.03330625507717303,0.07186030893216924,0.012380614958859004,0.009084470562694236,-0.09151524969236847
2016-05-03,4299,2286,1016,371,2235,058643,RANDOM LENGTH LUMBER - CHICAGO MERCANTILE EXCHANGE,288.79998779296875,0.43358920679227725,-1864,-10.475708502024291,1270,10.425101214574898,0.15886415963161934,0.12477286493034524,0.009084470562694236,0.0664820395380179,-0.07828281266539348
2016-05-10,4823,2685,982,415,2689,058643,RANDOM LENGTH LUMBER - CHICAGO MERCANTILE EXCHANGE,308.0,0.47149077337756584,-2274,-9.537101651546871,1703,10.07210979297511,0.16043814432989692,0.11808017452958822,0.0664820395380179,0.051298661665482914,-0.06381936769622855
2016-05-17,5496,3126,1161,540,3020,058643,RANDOM LENGTH LUMBER - CHICAGO MERCANTILE EXCHANGE,323.79998779296875,0.4512372634643377,-2480,-4.271200497615592,1965,5.432303545511092,0.12808988764044943,0.14462327968276184,0.051298661665482914,-0.07041380065630698,-0.04981051338336067
2016-05-24,5317,2859,1058,602,2866,058643,RANDOM LENGTH LUMBER - CHICAGO MERCANTILE EXCHANGE,301.0,0.4258040248260297,-2264,3.9301310043668125,1801,-2.9839883551673942,0.06228373702422145,0.09446004595353587,-0.07041380065630698,0.007973401649449707,-0.0375121348006898
2016-05-31,5379,2719,1029,805,2786,058643,RANDOM LENGTH LUMBER - CHICAGO MERCANTILE EXCHANGE,303.3999938964844,0.36828406767057076,-1981,5.322550310325371,1690,-2.0876434079368065,0.07880813143971038,0.045090715048025615,0.007973401649449707,-0.014831905374181775,-0.02811825164252501
2016-06-07,5307,2359,1096,891,2692,058643,RANDOM LENGTH LUMBER - CHICAGO MERCANTILE EXCHANGE,298.8999938964844,0.33936310533257963,-1801,3.3463469046291134,1263,-7.938278490425729,0.050237231370360035,0.123589001447178,-0.014831905374181775,-0.005018400905419496,-0.022036259963230012
2016-06-14,5039,1930,1158,1146,2375,058643,RANDOM LENGTH LUMBER - CHICAGO MERCANTILE EXCHANGE,297.3999938964844,0.24389759872990674,-1229,10.778217448652724,772,-9.25193141134351,0.16245384833854018,0.15900259067357514,-0.005018400905419496,0.004707444267707972,-0.01948366542528989
2016-06-21,4659,1969,1057,1005,2286,058643,RANDOM LENGTH LUMBER - CHICAGO MERCANTILE EXCHANGE,298.79998779296875,0.2749517063747585,-1281,-1.0319507838856916,912,2.7783290335384003,0.06988757216651474,0.046265697290152015,0.004707444267707972,0.0016733601754577165,-0.015726917907711142
2016-06-28,3994,1644,946,1102,2084,058643,RANDOM LENGTH LUMBER - CHICAGO MERCANTILE EXCHANGE,299.29998779296875,0.24586880320480722,-982,6.4176861987550975,698,-4.593260356299635,0.0938480853735091,0.16833976833976835,0.0016733601754577165,0.06080859655637716,-0.011339676840931538
2016-07-05,4063,2046,1008,780,2268,058643,RANDOM LENGTH LUMBER - CHICAGO MERCANTILE EXCHANGE,317.5,0.36623184838789075,-1488,-12.669003505257887,1038,8.512769153730595,0.16601049868766404,0.15193189259986903,0.06080859655637716,-0.0028346264456200476,-0.0035957136890471552
2016-07-12,4316,2558,1098,471,2402,058643,RANDOM LENGTH LUMBER - CHICAGO MERCANTILE EXCHANGE,316.6000061035156,0.4474050046339203,-1931,-10.903273443268521,1460,10.386413979817869,0.15419422206752523,0.16466083150984684,-0.0028346264456200476,0.028742911964885653,0.005743522825406063
2016-07-19,4921,3279,1291,318,2698,058643,RANDOM LENGTH LUMBER - CHICAGO MERCANTILE EXCHANGE,325.70001220703125,0.48364153627311524,-2380,-10.403151065801667,1988,12.233549582947173,0.14887267904509283,0.2,0.028742911964885653,0.013816394938111154,0.016698581318664897
2016-07-26,5219,3469,1300,311,2822,058643,RANDOM LENGTH LUMBER - CHICAGO MERCANTILE EXCHANGE,330.20001220703125,0.4811266526154436,-2511,-2.6620605567973987,2169,3.678114204429994,0.041812958825406955,0.04172782553994548,0.013816394938111154,-0.04633560794950531,0.029285013761171593
2016-08-02,5328,3258,1396,465,2537,058643,RANDOM LENGTH LUMBER - CHICAGO MERCANTILE EXCHANGE,314.8999938964844,0.3888888888888889,-2072,8.411573098294692,1862,-5.88235294117647,0.14623584277148569,0.06596476149548776,-0.04633560794950531,0.05493813479156118,0.04109879448639143
2016-08-09,5408,3141,1360,592,2663,058643,RANDOM LENGTH LUMBER - CHICAGO MERCANTILE EXCHANGE,332.20001220703125,0.38295118343195267,-2071,0.01876876876876877,1781,-1.5202702702702704,0.07772657450076804,0.03399244612308376,0.05493813479156118,-0.026791162212588593,0.05378999881658254
2016-08-16,5332,3229,1249,480,2773,058643,RANDOM LENGTH LUMBER - CHICAGO MERCANTILE EXCHANGE,323.29998779296875,0.4300450112528132,-2293,-4.105029585798817,1980,3.679733727810651,0.06824469720258224,0.044439481911567665,-0.026791162212588593,0.005258312005009591,0.06730624657576903
2016-08-23,5148,3438,1176,278,2755,058643,RANDOM LENGTH LUMBER - CHICAGO MERCANTILE EXCHANGE,325.0,0.48115773115773114,-2477,-3.45086271567892,2262,5.288822205551388,0.07253544345532476,0.0611183355006502,0.005258312005009591,-0.03876924954927885,0.08209781184810352
2016-08-30,4300,2809,1040,276,1949,058643,RANDOM LENGTH LUMBER - CHICAGO MERCANTILE EXCHANGE,312.3999938964844,0.38906976744186045,-1673,15.61771561771562,1769,-9.576534576534575,0.36314606741573036,0.19875292283710055,-0.03876924954927885,0.00032012197653497054,0.09527836362003038
2016-09-06,3565,1985,1091,301,1222,058643,RANDOM LENGTH LUMBER - CHICAGO MERCANTILE EXCHANGE,312.5,0.25834502103786816,-921,17.488372093023255,894,-20.348837209302324,0.4937623112278398,0.28446033810143045,0.00032012197653497054,-0.008000000000000007,0.1061505657328292
2016-09-13,3102,1751,1000,300,1033,058643,RANDOM LENGTH LUMBER - CHICAGO MERCANTILE EXCHANGE,310.0,0.23629916183107672,-733,5.273492286115007,751,-4.011220196353436,0.14253563390847712,0.11813885859687387,-0.008000000000000007,-0.0119355232484879,0.11577343763599712
2016-09-20,3482,1840,1319,627,1116,058643,RANDOM LENGTH LUMBER - CHICAGO MERCANTILE EXCHANGE,306.29998779296875,0.14043653072946582,-489,7.865892972275951,521,-7.414571244358478,0.23522662076878945,0.1291547958214625,-0.0119355232484879,0.06496906695116533,0.12353685066841401
2016-09-27,3654,1854,1033,525,1384,058643,RANDOM LENGTH LUMBER - CHICAGO MERCANTILE EXCHANGE,326.20001220703125,0.2350848385331144,-859,-10.626076967260195,821,8.61573808156232,0.19381875327396542,0.10391409767925182,0.06496906695116533,0.01256890077409123,0.1343822785539452
2016-10-04,4073,2089,908,450,1737,058643,RANDOM LENGTH LUMBER - CHICAGO MERCANTILE EXCHANGE,330.29998779296875,0.3159833046894181,-1287,-11.713191023535853,1181,9.852216748768473,0.1957018747142204,0.12012012012012012,0.01256890077409123,0.0060551016467296215,0.14614421130993924
2016-10-11,4856,2642,926,483,2323,058643,RANDOM LENGTH LUMBER - CHICAGO MERCANTILE EXCHANGE,332.29998779296875,0.37891268533772654,-1840,-13.577215811441198,1716,13.135281119567885,0.22059871703492517,0.16003363228699552,0.0060551016467296215,-0.06500143358234134,0.15804195823895842
2016-10-18,4593,2378,883,542,2267,058643,RANDOM LENGTH LUMBER - CHICAGO MERCANTILE EXCHANGE,310.70001220703125,0.37557152188112347,-1725,2.368204283360791,1495,-4.551070840197694,0.04093983624065504,0.09414290095062865,-0.06500143358234134,-0.011586758809384312,0.16755230583618083
2016-10-25,3842,1937,1019,484,1718,058643,RANDOM LENGTH LUMBER - CHICAGO MERCANTILE EXCHANGE,307.1000061035156,0.321186881832379,-1234,10.690180709775746,918,-12.562595253646855,0.2756584922797457,0.19519621109607577,-0.011586758809384312,-0.02637579271419921,0.17430808746959323
2016-11-01,3926,1446,1279,1014,1530,058643,RANDOM LENGTH LUMBER - CHICAGO MERCANTILE EXCHANGE,299.0,0.1314314824248599,-516,18.68818323789693,167,-19.54711087975013,0.28223270440251574,0.27559633027522934,-0.02637579271419921,-0.004682253834395911,0.17787910915455704
2016-11-08,3895,1594,1613,1083,1427,058643,RANDOM LENGTH LUMBER - CHICAGO MERCANTILE EXCHANGE,297.6000061035156,0.08831835686777921,-344,4.381049414161997,-19,-4.737646459500764,0.06852589641434263,0.15029622700343,-0.004682253834395911,-0.025537654393972264,0.18229963384938389
2016-11-15,3873,1583,1574,1127,1489,058643,RANDOM LENGTH LUMBER - CHICAGO MERCANTILE EXCHANGE,290.0,0.09346759617867287,-362,-0.46213093709884473,9,0.7188703465982028,0.040519877675840976,0.015837820715869498,-0.025537654393972264,0.11206896551724133,0.18758435739453166
2016-11-22,3772,1558,1363,960,1445,058643,RANDOM LENGTH LUMBER - CHICAGO MERCANTILE EXCHANGE,322.5,0.12857900318133617,-485,-3.1758326878388843,195,4.802478698683191,0.08773388773388774,0.08079424854501883,0.11206896551724133,0.02418600866036824,0.1929257088156772
2016-11-29,3786,1575,1010,789,1615,058643,RANDOM LENGTH LUMBER - CHICAGO MERCANTILE EXCHANGE,330.29998779296875,0.21817221341785525,-826,-9.040296924708377,565,9.809119830328738,0.141846921797005,0.14313346228239845,0.02418600866036824,0.00333032438440517,0.1997495030667166
2016-12-06,3855,1562,861,845,1753,058643,RANDOM LENGTH LUMBER - CHICAGO MERCANTILE EXCHANGE,331.3999938964844,0.23553826199740596,-908,-2.165874273639725,701,3.5921817221341787,0.07467282525019246,0.06685926537350392,0.00333032438440517,-0.047978256455402546,0.2055561454992203
2016-12-13,3680,1442,1009,848,1492,058643,RANDOM LENGTH LUMBER - CHICAGO MERCANTILE EXCHANGE,315.5,0.175,-644,6.848249027237355,433,-6.95201037613489,0.11282051282051282,0.10934312525499797,-0.047978256455402546,-0.014580051041253927,0.20963674345521588
2016-12-20,4191,1439,1430,1261,1282,058643,RANDOM LENGTH LUMBER - CHICAGO MERCANTILE EXCHANGE,310.8999938964844,0.005010737294201861,-21,16.929347826086957,9,-11.521739130434783,0.2449862367282737,0.14778668525618682,-0.014580051041253927,-0.017690576095126143,0.2092719456628561
2016-12-27,4376,1340,1682,1511,1263,058643,RANDOM LENGTH LUMBER - CHICAGO MERCANTILE EXCHANGE,305.3999938964844,-0.056672760511883,248,6.418515867334765,-342,-8.375089477451683,0.0969718817591925,0.11614824619457313,-0.017690576095126143,0.03274394302505956,0.2084821749107895
2017-01-03,3954,1106,1758,1430,1095,058643,RANDOM LENGTH LUMBER - CHICAGO MERCANTILE EXCHANGE,315.3999938964844,-0.08472432979261507,335,1.9881170018281535,-652,-7.084095063985376,0.09861386138613862,0.10824022346368715,0.03274394302505956,-0.027583962770489134,0.2072601006953207
2017-01-10,3584,1078,1535,1388,1017,058643,RANDOM LENGTH LUMBER - CHICAGO MERCANTILE EXCHANGE,306.70001220703125,-0.103515625,371,0.9104704097116844,-457,4.931714719271624,0.0498960498960499,0.09605817068503636,-0.027583962770489134,0.09129442088544559,0.20860650651476437
2017-01-17,3738,1266,1321,1237,1478,058643,RANDOM LENGTH LUMBER - CHICAGO MERCANTILE EXCHANGE,334.70001220703125,0.06447298020331728,-241,-17.075892857142858,-55,11.216517857142858,0.225414364640884,0.1553923463471202,0.09129442088544559,-0.04152979954319369,0.21365779902532311
2017-01-24,3917,1227,1298,1442,1458,058643,RANDOM LENGTH LUMBER - CHICAGO MERCANTILE EXCHANGE,320.79998779296875,0.0040847587439366865,-16,6.019261637239166,-71,-0.4280363830925628,0.07758620689655173,0.024554455445544555,-0.04152979954319369,0.02867834338250841,0.2186806831093787
2017-01-31,3897,1221,1232,1354,1406,058643,RANDOM LENGTH LUMBER - CHICAGO MERCANTILE EXCHANGE,330.0,0.01334359763920965,-52,-0.9190707173857544,-11,1.5317845289762573,0.050724637681159424,0.029351814105177332,0.02867834338250841,0.09666664817116488,0.22432125314364454
2017-02-07,4437,1676,1225,1148,1958,058643,RANDOM LENGTH LUMBER - CHICAGO MERCANTILE EXCHANGE,361.8999938964844,0.18255578093306288,-810,-19.45085963561714,451,11.855273287143957,0.24404378622021894,0.1592554291623578,0.09666664817116488,0.009671180047052141,0.2326465610567333
2017-02-14,5065,2262,1372,766,2288,058643,RANDOM LENGTH LUMBER - CHICAGO MERCANTILE EXCHANGE,365.3999938964844,0.30049358341559723,-1522,-16.046878521523553,890,9.894072571557357,0.23313686967910938,0.20170610897083105,0.009671180047052141,-0.011220597077177485,0.2435605331807441
2017-02-21,5256,2701,1469,509,2365,058643,RANDOM LENGTH LUMBER - CHICAGO MERCANTILE EXCHANGE,361.2999877929688,0.3531202435312024,-1856,-6.594274432379072,1232,6.752221125370188,0.116214335421016,0.12853717026378897,-0.011220597077177485,0.014115710699768913,0.25355505734283795
2017-02-28,5888,3256,1151,467,2937,058643,RANDOM LENGTH LUMBER - CHICAGO MERCANTILE EXCHANGE,366.3999938964844,0.4194972826086957,-2470,-11.681887366818874,2105,16.60958904109589,0.18037602820211515,0.1980939414567733,0.014115710699768913,-0.01501091728062054,0.26413260230359276
2017-03-07,5726,3363,1273,479,2754,058643,RANDOM LENGTH LUMBER - CHICAGO MERCANTILE EXCHANGE,360.8999938964844,0.3973105134474328,-2275,3.3118206521739126,2090,-0.2547554347826087,0.060315496442932263,0.049396031061259706,-0.01501091728062054,-0.04073145452496041,0.26999616292908757
2017-03-14,4957,2719,1257,456,2245,058643,RANDOM LENGTH LUMBER - CHICAGO MERCANTILE EXCHANGE,346.20001220703125,0.36090377244300986,-1789,8.487600419140762,1462,-10.967516590988474,0.19696408737504628,0.1659959758551308,-0.04073145452496041,0.06932408767694609,0.2731871695420026
2017-03-21,5037,2547,1277,581,2225,058643,RANDOM LENGTH LUMBER - CHICAGO MERCANTILE EXCHANGE,370.2000122070313,0.32638475282906493,-1644,2.925156344563244,1270,-3.873310470042364,0.05167498218104063,0.0502092050209205,0.06932408767694609,-0.002701242482511801,0.2745450871508815
2017-03-28,5374,2713,1326,652,2262,058643,RANDOM LENGTH LUMBER - CHICAGO MERCANTILE EXCHANGE,369.2000122070313,0.29959062151097876,-1610,0.6750049632717888,1387,2.3228111971411556,0.03706245710363761,0.05323099777172567,-0.002701242482511801,0.01056336340069608,0.27406784534491774
2017-04-04,5728,2804,1381,645,2432,058643,RANDOM LENGTH LUMBER - CHICAGO MERCANTILE EXCHANGE,373.1000061035156,0.3119762569832402,-1787,-3.293636025307034,1423,0.6698920729438035,0.057523561910952224,0.03488649940262843,0.01056336340069608,0.0814794784217987,0.2742676329486857
2017-04-11,6318,2959,1441,837,2746,058643,RANDOM LENGTH LUMBER - CHICAGO MERCANTILE EXCHANGE,403.5,0.3021525799303577,-1909,-2.1298882681564244,1518,1.6585195530726258,0.14122243929667877,0.048863636363636366,0.0814794784217987,-0.045848822800495626,0.2735832970056143
2017-04-18,6217,2753,1491,792,2586,058643,RANDOM LENGTH LUMBER - CHICAGO MERCANTILE EXCHANGE,385.0,0.28856361589190926,-1794,1.820196264640709,1262,-4.051915163026274,0.06068679692125518,0.060320452403393024,-0.045848822800495626,0.00025975611302753165,0.272861196728949
2017-04-25,6044,2755,1569,812,2668,058643,RANDOM LENGTH LUMBER - CHICAGO MERCANTILE EXCHANGE,385.1000061035156,0.3070814030443415,-1856,-0.9972655621682484,1186,-1.2224545600772077,0.029310344827586206,0.018501387604070305,0.00025975611302753165,0.0002596886573116297,0.2717107845950306
2017-05-02,5816,2723,1601,828,2552,058643,RANDOM LENGTH LUMBER - CHICAGO MERCANTILE EXCHANGE,385.2000122070313,0.29642365887207706,-1724,2.183984116479153,1122,-1.0589013898080741,0.03905325443786982,0.014801110083256245,0.0002596886573116297,-0.01427829653609658,0.26907298559656523
2017-05-09,5483,2645,1600,678,2339,058643,RANDOM LENGTH LUMBER - CHICAGO MERCANTILE EXCHANGE,379.7000122070313,0.30293634871420755,-1661,1.0832187070151307,1045,-1.3239339752407153,0.12031819688432217,0.018610129564193167,-0.01427829653609658,-0.021069264532016962,0.2658315543530391
2017-05-16,4860,1709,1541,1090,1852,058643,RANDOM LENGTH LUMBER - CHICAGO MERCANTILE EXCHANGE,371.7000122070313,0.15679012345679014,-762,16.39613350355645,168,-15.994893306583988,0.305574439157036,0.30615384615384617,-0.021069264532016962,-0.02421307426534902,0.26016910935289395
2017-05-23,4947,1455,1505,1347,1936,058643,RANDOM LENGTH LUMBER - CHICAGO MERCANTILE EXCHANGE,362.7000122070313,0.11906205781281584,-589,3.5596707818930042,-50,-4.48559670781893,0.10386841303685654,0.09797297297297297,-0.02421307426534902,-0.04383794838415045,0.2542702253718706
2017-05-30,5018,1228,1380,1540,1901,058643,RANDOM LENGTH LUMBER - CHICAGO MERCANTILE EXCHANGE,346.79998779296875,0.07194101235552013,-361,4.6088538508186785,-152,-2.0618556701030926,0.06625980819529206,0.13496932515337423,-0.04383794838415045,0.02364478804978054,0.2485713204619658
2017-06-06,4830,1176,1378,1379,1616,058643,RANDOM LENGTH LUMBER - CHICAGO MERCANTILE EXCHANGE,355.0,0.04906832298136646,-237,2.4711040255081707,-202,-0.9964129135113591,0.14891485809682806,0.021143304620203602,0.02364478804978054,0.039154912384463,0.24298872849367323
2017-06-13,4244,1195,1119,1134,1554,058643,RANDOM LENGTH LUMBER - CHICAGO MERCANTILE EXCHANGE,368.8999938964844,0.09896324222431668,-420,-3.7888198757763973,76,5.755693581780538,0.11421130952380952,0.12013828867761452,0.039154912384463,-0.01436700428478721,0.2402015293301042
2017-06-20,4148,1247,1013,1035,1621,058643,RANDOM LENGTH LUMBER - CHICAGO MERCANTILE EXCHANGE,363.6000061035156,0.14127290260366443,-586,-3.9114043355325165,234,3.722902921771913,0.0625,0.06991150442477877,-0.01436700428478721,-0.027502749813356764,0.237630783103737
2017-06-27,4207,1175,1190,1130,1507,058643,RANDOM LENGTH LUMBER - CHICAGO MERCANTILE EXCHANGE,353.6000061035156,0.089612550511053,-377,5.038572806171649,-15,-6.002892960462874,0.07925673113386424,0.10528541226215644,-0.027502749813356764,0.09954745781070051,0.23462585516731865
2017-07-11,3732,1092,1036,1108,1587,058643,RANDOM LENGTH LUMBER - CHICAGO MERCANTILE EXCHANGE,388.7999877929688,0.12834941050375134,-479,-2.424530544330877,56,1.6876634181126695,0.03784786641929499,0.11137218045112782,0.09954745781070051,-0.008487623190785665,0.23005119290031598
2017-07-18,4133,1490,1101,890,1991,058643,RANDOM LENGTH LUMBER - CHICAGO MERCANTILE EXCHANGE,385.5,0.26639245100411324,-1101,-16.666666666666664,389,8.922829581993568,0.2158972578965637,0.1786954843689695,-0.008487623190785665,-0.021530448230787758,0.22657018225358894
2017-07-25,4552,1984,1235,785,2104,058643,RANDOM LENGTH LUMBER - CHICAGO MERCANTILE EXCHANGE,377.2000122070313,0.2897627416520211,-1319,-5.274618920880717,749,8.710379869344303,0.07545863620629976,0.19509164336750542,-0.021530448230787758,0.00980907096954775,0.22284174389549097
2017-08-01,4915,2211,1298,875,2169,058643,RANDOM LENGTH LUMBER - CHICAGO MERCANTILE EXCHANGE,380.8999938964844,0.26327568667344864,-1294,0.5492091388400703,913,3.6028119507908607,0.050919842312746384,0.08264462809917356,0.00980907096954775,-0.03386714125280388,0.21865230224276028
2017-08-08,4747,2058,1272,922,2173,058643,RANDOM LENGTH LUMBER - CHICAGO MERCANTILE EXCHANGE,368.0,0.26353486412471033,-1251,0.8748728382502543,786,-2.5839267548321465,0.016478190630048465,0.053753753753753755,-0.03386714125280388,0.015217407889988044,0.2162416479203722
2017-08-15,4378,1818,1260,853,2002,058643,RANDOM LENGTH LUMBER - CHICAGO MERCANTILE EXCHANGE,373.6000061035156,0.2624486066697122,-1149,2.148725510848957,558,-4.803033494838846,0.0840630472854641,0.08187134502923976,0.015217407889988044,-0.016059956911075535,0.21392429067494453
2017-08-22,4205,1769,1255,869,1886,058643,RANDOM LENGTH LUMBER - CHICAGO MERCANTILE EXCHANGE,367.6000061035156,0.24185493460166468,-1017,3.015075376884422,514,-1.0050251256281406,0.047912885662431945,0.017857142857142856,-0.016059956911075535,0.023666979175738234,0.2103052507393455
2017-08-29,4194,1782,1232,836,1937,058643,RANDOM LENGTH LUMBER - CHICAGO MERCANTILE EXCHANGE,376.2999877929688,0.2625178826895565,-1101,-1.9976218787158144,550,0.8561236623067776,0.030292102416155788,0.011944260119442602,0.023666979175738234,0.053414846546777195,0.2061006382688037
2017-09-05,4808,2173,1446,717,2276,058643,RANDOM LENGTH LUMBER - CHICAGO MERCANTILE EXCHANGE,396.3999938964844,0.3242512479201331,-1559,-10.920362422508346,727,4.220314735336195,0.1530237220180421,0.16717325227963525,0.053414846546777195,-0.0035317707316866453,0.20485412827800123
2017-09-12,5405,2577,1495,761,2792,058643,RANDOM LENGTH LUMBER - CHICAGO MERCANTILE EXCHANGE,395.0,0.3757631822386679,-2031,-9.816971713810316,1082,7.383527454242929,0.15761328454826906,0.1112475442043222,-0.0035317707316866453,-0.03341775242286382,0.2071121698395551
2017-09-19,5559,2630,1503,765,2748,058643,RANDOM LENGTH LUMBER - CHICAGO MERCANTILE EXCHANGE,381.7999877929688,0.3567188343227199,-1983,0.8880666049953747,1127,0.8325624421831638,0.013663535439795047,0.014759254778611178,-0.03341775242286382,0.018596140205655365,0.20942793277208668
2017-09-26,5780,2863,1528,836,2941,058643,RANDOM LENGTH LUMBER - CHICAGO MERCANTILE EXCHANGE,388.8999938964844,0.36418685121107264,-2105,-2.1946393236193558,1335,3.741680158301853,0.0698967434471803,0.058756547483488956,0.018596140205655365,0.05528413560665357,0.21373082355057912
2017-10-03,5673,3172,1605,621,2883,058643,RANDOM LENGTH LUMBER - CHICAGO MERCANTILE EXCHANGE,410.3999938964844,0.3987308302485457,-2262,-2.716262975778547,1567,4.013840830449826,0.0779109589041096,0.08080385178982626,0.05528413560665357,-0.007553621222268991,0.21687786185279895
2017-10-10,6162,3285,1738,876,3224,058643,RANDOM LENGTH LUMBER - CHICAGO MERCANTILE EXCHANGE,407.2999877929688,0.3810451152223304,-2348,-1.5159527586814736,1547,-0.35254715318173807,0.14536585365853658,0.048974716304997015,-0.007553621222268991,0.05205011746233401,0.21812905051689344
2017-10-17,6763,3536,1936,1138,3419,058643,RANDOM LENGTH LUMBER - CHICAGO MERCANTILE EXCHANGE,428.5,0.33727635664645866,-2281,1.0873093151574165,1600,0.8601103537812399,0.10028527540048278,0.08205409356725146,0.05205011746233401,0.028238053917189365,0.2173283518882152
2017-10-24,6836,3516,1998,1183,3401,058643,RANDOM LENGTH LUMBER - CHICAGO MERCANTILE EXCHANGE,440.6000061035156,0.32445874780573436,-2218,0.9315392577258613,1518,-1.2124796687860417,0.0137434554973822,0.014871236851650345,0.028238053917189365,0.04039942702312804,0.21634541392522696
2017-10-31,6775,3607,1771,885,3412,058643,RANDOM LENGTH LUMBER - CHICAGO MERCANTILE EXCHANGE,458.3999938964844,0.3729889298892989,-2527,-4.52018724400234,1836,4.651843183148039,0.07191063532697231,0.05912978802528821,0.04039942702312804,0.013961592455713934,0.21734160715709078
2017-11-07,6911,3934,1995,932,3462,058643,RANDOM LENGTH LUMBER - CHICAGO MERCANTILE EXCHANGE,464.7999877929688,0.36608305599768487,-2530,-0.04428044280442805,1939,1.5202952029520294,0.022075557578516158,0.09293304098498904,0.013961592455713934,0.017642023283967134,0.22185413741810667
2017-11-14,6901,3978,1999,834,3405,058643,RANDOM LENGTH LUMBER - CHICAGO MERCANTILE EXCHANGE,473.0,0.37255470221707,-2571,-0.5932571263203589,1979,0.5787874403125453,0.0365652276480302,0.008030784674585912,0.017642023283967134,-0.08816070234044648,0.22732022098251609
2017-11-21,6840,3797,2032,986,3345,058643,RANDOM LENGTH LUMBER - CHICAGO MERCANTILE EXCHANGE,431.2999877929688,0.3448830409356725,-2359,3.0720185480365165,1765,-3.1009998550934648,0.048949434310782726,0.036712986790186995,-0.08816070234044648,-0.011824659703875473,0.2321551333816892
2017-11-28,6401,3425,1927,927,2994,058643,RANDOM LENGTH LUMBER - CHICAGO MERCANTILE EXCHANGE,426.2000122070313,0.3229182940165599,-2067,4.269005847953217,1498,-3.903508771929825,0.10456516194848253,0.08912556053811659,-0.011824659703875473,-0.0086813986416171,0.2358924274362127
2017-12-05,6377,3406,1908,950,3115,058643,RANDOM LENGTH LUMBER - CHICAGO MERCANTILE EXCHANGE,422.5,0.3395013329151639,-2165,-1.5310107795656929,1498,0.0,0.035424354243542434,0.007150922092585623,-0.0086813986416171,0.002366863905325367,0.23822567973423786
2017-12-12,6320,3436,1953,859,2975,058643,RANDOM LENGTH LUMBER - CHICAGO MERCANTILE EXCHANGE,423.5,0.3348101265822785,-2116,0.7683863885839737,1483,-0.2352203230359103,0.06025039123630673,0.013917238819818148,0.002366863905325367,0.018181847005977136,0.24013475405317772
2017-12-19,6222,3568,2006,773,2842,058643,RANDOM LENGTH LUMBER - CHICAGO MERCANTILE EXCHANGE,431.2000122070313,0.3325297332047573,-2069,0.7436708860759493,1562,1.25,0.06058091286307054,0.033189809831359884,0.018181847005977136,0.048237447133888445,0.24316417199942303
2017-12-26,6198,3703,2156,879,2972,058643,RANDOM LENGTH LUMBER - CHICAGO MERCANTILE EXCHANGE,452.0,0.33768957728299454,-2093,-0.3857280617164899,1547,-0.2410800385728062,0.06128278369254739,0.04864311315924219,0.048237447133888445,,0.2495618419992075
