,Open_Interest_All,NonComm_Positions_Long_All,NonComm_Positions_Short_All,Comm_Positions_Long_All,Comm_Positions_Short_All,CFTC_Contract_Market_Code,Market_and_Exchange_Names,LE_Close,HP,NetLong_Comm,Q_Comm,NetLong_NonComm,Q_NonComm,PT_Comm,PT_NonComm,Ret,Ret_Lead,HP_Smooth_52w
2003-01-07,113039,49168,10099,29045,52086,057642,LIVE CATTLE - CHICAGO MERCANTILE EXCHANGE ,79.67500305175781,0.2038323056644167,-23041,,39069,,,,,-0.005648002013183384,
2003-01-14,114068,47287,10293,30088,52779,057642,LIVE CATTLE - CHICAGO MERCANTILE EXCHANGE ,79.2249984741211,0.19892520251078305,-22691,0.30962765063385206,36994,-1.8356496430435514,0.020949231901722036,0.036036818339701286,-0.005648002013183384,-0.018302265398160045,
2003-01-21,108182,41526,9300,30759,53460,057642,LIVE CATTLE - CHICAGO MERCANTILE EXCHANGE ,77.7750015258789,0.2098408237969348,-22701,-0.008766700564575515,32226,-4.1799628291896065,0.01605338462817179,0.13288474402864675,-0.018302265398160045,0.0073930817995659925,
2003-01-28,109663,42009,8735,32204,55130,057642,LIVE CATTLE - CHICAGO MERCANTILE EXCHANGE ,78.3499984741211,0.20905866153579603,-22926,-0.2079828437263131,33274,0.9687378676674493,0.035667666659033134,0.020652688002522467,0.0073930817995659925,0.010848736320037577,
2003-02-04,117281,50117,10772,32184,57623,057642,LIVE CATTLE - CHICAGO MERCANTILE EXCHANGE ,79.19999694824219,0.2169064042769076,-25439,-2.291565979409646,39345,5.536051357340215,0.027982228556794015,0.16661465946230025,0.010848736320037577,-0.013888870157911182,
2003-02-11,111217,46046,8482,30536,56919,057642,LIVE CATTLE - CHICAGO MERCANTILE EXCHANGE ,78.0999984741211,0.23722092845518222,-26383,-0.8049044602279996,37564,-1.518575046256427,0.026893831113143904,0.1166556631455399,-0.013888870157911182,-0.028489097536389285,
2003-02-18,101302,34623,7943,33157,51240,057642,LIVE CATTLE - CHICAGO MERCANTILE EXCHANGE ,75.875,0.17850585378373576,-18083,7.462887867861928,26680,-9.786273681181834,0.09834472789317156,0.28102241225391156,-0.028489097536389285,0.016144955177872733,
2003-02-25,99858,34422,9068,32590,49795,057642,LIVE CATTLE - CHICAGO MERCANTILE EXCHANGE ,77.0999984741211,0.17229465841494923,-17205,0.8667153659355196,25354,-1.3089573749777892,0.02442192146628634,0.03048976776270407,0.016144955177872733,-0.02658878680848964,
2003-03-04,95238,29228,9694,33308,48810,057642,LIVE CATTLE - CHICAGO MERCANTILE EXCHANGE ,75.05000305175781,0.16277116277116277,-15502,1.7054216988123136,19534,-5.828276152136033,0.02073844954821111,0.14952982888854632,-0.02658878680848964,-0.0303131436824855,
2003-03-11,98065,28085,12179,34399,47508,057642,LIVE CATTLE - CHICAGO MERCANTILE EXCHANGE ,72.7750015258789,0.1336766430428797,-13109,2.5126525126525125,15906,-3.8094038094038094,0.029216062119232788,0.09010530498708524,-0.0303131436824855,0.01408452771401758,
2003-03-18,101603,29157,13913,34903,46354,057642,LIVE CATTLE - CHICAGO MERCANTILE EXCHANGE ,73.80000305175781,0.11270336505811836,-11451,1.6907153418650895,15244,-0.6750624585733952,0.02040439592896612,0.0651497562108196,0.01408452771401758,0.0233739620974176,
2003-03-25,100371,30439,13314,33802,45129,057642,LIVE CATTLE - CHICAGO MERCANTILE EXCHANGE ,75.5250015258789,0.1128513215968756,-11327,0.12204364044368769,17125,1.8513232876981978,0.029468776526333125,0.042991337736840905,0.0233739620974176,0.009268413559744504,
2003-04-01,99845,31168,12714,32591,44423,057642,LIVE CATTLE - CHICAGO MERCANTILE EXCHANGE ,76.2249984741211,0.1185036807050929,-11832,-0.5031333751780892,18454,1.3240876348746151,0.024891578154621237,0.030285766373456088,0.009268413559744504,0.02033457635665359,
2003-04-08,97986,32216,9432,31894,48184,057642,LIVE CATTLE - CHICAGO MERCANTILE EXCHANGE ,77.7750015258789,0.16624823954442472,-16290,-4.464920626971806,22784,4.33672191897441,0.0556707210469792,0.10396657702650787,0.02033457635665359,0.008036001128100656,
2003-04-15,99510,35874,10580,31326,47785,057642,LIVE CATTLE - CHICAGO MERCANTILE EXCHANGE ,78.4000015258789,0.165400462265099,-16459,-0.17247361868021963,25294,2.561590431286102,0.012223331774342379,0.10345718345029492,0.008036001128100656,-0.015624980233153951,
2003-04-22,95247,29358,8527,31309,47653,057642,LIVE CATTLE - CHICAGO MERCANTILE EXCHANGE ,77.17500305175781,0.17159595577813475,-16344,0.11556627474625666,20831,-4.484976384282987,0.0018869836123705072,0.22618450574105847,-0.015624980233153951,0.01943634519838011,
2003-04-29,94183,32550,8959,29335,49080,057642,LIVE CATTLE - CHICAGO MERCANTILE EXCHANGE ,78.67500305175781,0.20964505271651995,-19745,-3.5707161380410932,23591,2.897729062332672,0.04337180386405662,0.08730636729383989,0.01943634519838011,-0.027963196597391993,
2003-05-06,103159,43698,12453,28393,53367,057642,LIVE CATTLE - CHICAGO MERCANTILE EXCHANGE ,76.4749984741211,0.24209230411306817,-24974,-5.551957359608422,31245,8.126732000467175,0.06395547945205479,0.26076116186710835,-0.027963196597391993,0.006865008647977566,
2003-05-13,110518,48951,12150,27490,57433,057642,LIVE CATTLE - CHICAGO MERCANTILE EXCHANGE ,77.0,0.2709332416438951,-29943,-4.816836146143332,36801,5.385860661696992,0.05851182836216337,0.09093140865124957,0.006865008647977566,-0.01883112919795049,
2003-05-20,111757,50553,11538,27437,58846,057642,LIVE CATTLE - CHICAGO MERCANTILE EXCHANGE ,75.55000305175781,0.28104727220666265,-31409,-1.3264807542662733,39015,2.003293581136105,0.016990600697704066,0.03565734164371648,-0.01883112919795049,0.038385093042255125,
2003-05-27,109931,42307,11728,30488,57245,057642,LIVE CATTLE - CHICAGO MERCANTILE EXCHANGE ,78.44999694824219,0.24339813155524828,-26757,4.162602789981835,30579,-7.5485204506205426,0.05302451757035551,0.15612103266401406,0.038385093042255125,-0.03059265761435004,
2003-06-03,116176,49630,14211,30976,61297,057642,LIVE CATTLE - CHICAGO MERCANTILE EXCHANGE ,76.05000305175781,0.26099194325850433,-30321,-3.242033639282823,35419,4.402761732359389,0.049201825019236395,0.15360035087169688,-0.03059265761435004,-0.010848185989884018,
2003-06-10,120122,50737,13145,31142,62662,057642,LIVE CATTLE - CHICAGO MERCANTILE EXCHANGE ,75.2249984741211,0.26239989344166764,-31520,-1.032054813386586,37592,1.8704379562043798,0.016321265617670888,0.0340158417081494,-0.010848185989884018,-0.03256891987954025,
2003-06-17,108639,39702,10112,30594,59352,057642,LIVE CATTLE - CHICAGO MERCANTILE EXCHANGE ,72.7750015258789,0.2647115676690691,-28758,2.2993290155009074,29590,-6.661560746574316,0.042892402107931424,0.28241056731039466,-0.03256891987954025,-0.00377879106991319,
2003-06-24,106172,38593,11294,29572,55718,057642,LIVE CATTLE - CHICAGO MERCANTILE EXCHANGE ,72.5,0.2462607843875975,-26146,2.404293117572879,27299,-2.108819116523532,0.05459022159690468,0.04592378776033836,-0.00377879106991319,-0.004137973127693928,
2003-07-01,104730,41029,10056,28948,56409,057642,LIVE CATTLE - CHICAGO MERCANTILE EXCHANGE ,72.19999694824219,0.26220758139978995,-27461,-1.238556304863806,30973,3.4604227103191048,0.015405883524491255,0.0719193501027699,-0.004137973127693928,0.024238228171318488,0.20438551698432755
2003-07-08,115865,53476,13376,29163,60953,057642,LIVE CATTLE - CHICAGO MERCANTILE EXCHANGE ,73.94999694824219,0.27437103525654855,-31790,-4.133486107132627,40100,8.714790413444094,0.052809711926849835,0.23584933883803028,0.024238228171318488,-0.023664639245689623,0.20697757321663202
2003-07-15,115279,53180,16456,28545,60257,057642,LIVE CATTLE - CHICAGO MERCANTILE EXCHANGE ,72.19999694824219,0.2750891315851109,-31712,0.0673197255426574,36724,-2.913735813230915,0.014796964032341615,0.0484806709173416,-0.023664639245689623,0.04293637443970977,0.20941012887264912
2003-07-22,111718,54564,18597,29013,58409,057642,LIVE CATTLE - CHICAGO MERCANTILE EXCHANGE ,75.30000305175781,0.2631268014106948,-29396,2.00903894031003,35967,-0.6566677365348416,0.026492187321269244,0.04818140812728093,0.04293637443970977,0.056108875204387676,0.2112624279256852
2003-07-29,113782,51501,18245,30714,56790,057642,LIVE CATTLE - CHICAGO MERCANTILE EXCHANGE ,79.5250015258789,0.229175089205674,-26076,2.9717682020802374,33256,-2.426645661397447,0.0379411226915341,0.04896338141255412,0.056108875204387676,-0.019176378454801357,0.21185951663501815
2003-08-05,112116,54237,18744,29263,56014,057642,LIVE CATTLE - CHICAGO MERCANTILE EXCHANGE ,78.0,0.2386010917264262,-26751,-0.5932397039953596,35493,1.966040322722399,0.026114896161919393,0.044326605554870446,-0.019176378454801357,-0.0035256605881911485,0.2127221480895797
2003-08-12,112024,57517,19968,28482,56075,057642,LIVE CATTLE - CHICAGO MERCANTILE EXCHANGE ,77.7249984741211,0.24631329000928373,-27593,-0.7510078846908559,37549,1.8338149773448928,0.009957779959080856,0.05812737949280506,-0.0035256605881911485,0.012865873523728144,0.21377187127457045
2003-08-19,114243,56941,20816,28913,55140,057642,LIVE CATTLE - CHICAGO MERCANTILE EXCHANGE ,78.7249984741211,0.2295720525546423,-26227,1.2193815610940513,36125,-1.271156180818396,0.01625165074417332,0.018313463739599006,0.012865873523728144,0.048586912058106835,0.21425066464669382
2003-08-26,120630,53514,20417,32369,56324,057642,LIVE CATTLE - CHICAGO MERCANTILE EXCHANGE ,82.55000305175781,0.19858244217856255,-23955,1.988743292805686,33097,-2.65049062086955,0.05231528981994069,0.05175095697339411,0.048586912058106835,0.027256207350946804,0.21378983457410175
2003-09-02,124792,52435,20814,34521,56827,057642,LIVE CATTLE - CHICAGO MERCANTILE EXCHANGE ,84.80000305175781,0.1787454323995128,-22306,1.3669899693276963,31621,-1.2235762248196966,0.029064675745500722,0.020150445739873582,0.027256207350946804,0.052476377218124926,0.21278856594054205
2003-09-09,127258,48143,19305,35391,57337,057642,LIVE CATTLE - CHICAGO MERCANTILE EXCHANGE ,89.25,0.17245281239686305,-21946,0.28848003077120327,28838,-2.230110904545163,0.014882236217755154,0.08600699798363183,0.052476377218124926,0.0,0.21166812834210652
2003-09-16,126280,44969,19307,37413,57826,057642,LIVE CATTLE - CHICAGO MERCANTILE EXCHANGE ,89.25,0.161648717136522,-20413,1.2046393939870184,25662,-2.4957173615804114,0.026365249530129465,0.04941191113323791,0.0,0.022969221868434753,0.2103162523635772
2003-09-23,135982,48445,24791,38773,56003,057642,LIVE CATTLE - CHICAGO MERCANTILE EXCHANGE ,91.3000030517578,0.12670794663999646,-17230,2.5205891669306304,23654,-1.5901171998732972,0.033584451759939224,0.12234420230487739,0.022969221868434753,-0.014238806224582845,0.20811603379190402
2003-09-30,139113,50022,22907,41545,59891,057642,LIVE CATTLE - CHICAGO MERCANTILE EXCHANGE ,90.0,0.13187840101212683,-18346,-0.8206968569369475,27115,2.545189804532953,0.0656571631373477,0.04745711582498046,-0.014238806224582845,0.03138885498046884,0.20616122269498668
2003-10-07,133630,50367,20111,41602,57459,057642,LIVE CATTLE - CHICAGO MERCANTILE EXCHANGE ,92.8249969482422,0.11866347377085984,-15857,1.7891929582425798,30256,2.257876690172737,0.025125932506233534,0.044567098952864724,0.03138885498046884,0.08079720168675997,0.20397377897188348
2003-10-14,131486,39556,20770,43273,57568,057642,LIVE CATTLE - CHICAGO MERCANTILE EXCHANGE ,100.3249969482422,0.10871879895958506,-14295,1.1688991992815985,18786,-8.583401930704184,0.017651550460626133,0.19013360739979446,0.08079720168675997,-0.026663299314559907,0.2016504867764616
2003-10-21,114826,36529,18833,38249,52691,057642,LIVE CATTLE - CHICAGO MERCANTILE EXCHANGE ,97.6500015258789,0.12577290857471304,-14442,-0.11179897479579576,17696,-0.828985595424608,0.10887398284583241,0.08966439073732885,-0.026663299314559907,0.02611362398891015,0.19984387777165805
2003-10-28,113441,35668,18281,37989,52957,057642,LIVE CATTLE - CHICAGO MERCANTILE EXCHANGE ,100.1999969482422,0.13194524025704993,-14968,-0.45808440597077316,17387,-0.2691028164353021,0.005783651837354034,0.026191402991714397,0.02611362398891015,-0.030189560764627088,0.19826483968992295
2003-11-04,110676,35578,18243,37767,51095,057642,LIVE CATTLE - CHICAGO MERCANTILE EXCHANGE ,97.1750030517578,0.1204235787343236,-13328,1.4456854223781523,17335,-0.04583880607540483,0.0234520942585132,0.002378253841437357,-0.030189560764627088,0.05685612269589191,0.19649572012275024
2003-11-11,114789,35991,16636,38315,52612,057642,LIVE CATTLE - CHICAGO MERCANTILE EXCHANGE ,102.6999969482422,0.12455026178466577,-14297,-0.8755285698796488,19355,1.825147276735697,0.022710526026372805,0.038383339350523495,0.05685612269589191,-0.029211295902101253,0.1948969321596817
2003-11-18,114251,35656,17156,37572,53508,057642,LIVE CATTLE - CHICAGO MERCANTILE EXCHANGE ,99.6999969482422,0.1394823677692099,-15936,-1.4278371620974135,18500,-0.744844889318663,0.017995169082125603,0.016189502385821404,-0.029211295902101253,0.012036154607503846,0.19369226771641057
2003-11-25,113158,36960,16048,36810,54234,057642,LIVE CATTLE - CHICAGO MERCANTILE EXCHANGE ,100.9000015258789,0.15397939164707755,-17424,-1.302395602664309,20912,2.111141259157469,0.01634374588111243,0.045502565650467855,0.012036154607503846,-0.013131858846373468,0.1928473129064248
2003-12-02,113231,36221,13876,36323,55207,057642,LIVE CATTLE - CHICAGO MERCANTILE EXCHANGE ,99.5749969482422,0.1667741166288384,-18884,-1.290231357924318,22345,1.2663709150038,0.015951054299136895,0.0581072718925285,-0.013131858846373468,-0.040672814928314094,0.19230412131730842
2003-12-09,109692,31996,12294,37409,53920,057642,LIVE CATTLE - CHICAGO MERCANTILE EXCHANGE ,95.5250015258789,0.1505214600882471,-16511,2.095715837535657,19702,-2.3341664385194867,0.025982984594159576,0.1311131180853466,-0.040672814928314094,-0.028003172039030244,0.19145141394528672
2003-12-16,104205,25939,11225,38095,50778,057642,LIVE CATTLE - CHICAGO MERCANTILE EXCHANGE ,92.8499984741211,0.12171200998032725,-12683,3.489771359807461,14714,-4.5472778324763885,0.04307269924499004,0.19174469917124098,-0.028003172039030244,-0.16047390167735753,0.19005662586598757
2003-12-30,100346,24978,9679,40816,51010,057642,LIVE CATTLE - CHICAGO MERCANTILE EXCHANGE ,77.94999694824219,0.10158850377693182,-10194,2.388561009548486,15299,0.5613934072261408,0.03215864787750746,0.0723374787200277,-0.16047390167735753,-0.05131494748686072,0.18832195680541783
2004-01-06,96071,22879,9511,41566,49341,057642,LIVE CATTLE - CHICAGO MERCANTILE EXCHANGE ,73.94999694824219,0.08092972905455341,-7775,2.410659119446714,13368,-1.924341777450023,0.026609612021076486,0.06999073788206236,-0.05131494748686072,0.04259637127616922,0.18625672165636273
2004-01-13,98173,19023,12514,42201,44867,057642,LIVE CATTLE - CHICAGO MERCANTILE EXCHANGE ,77.0999984741211,0.02715614272763387,-2666,5.317941938774448,6509,-7.139511403024847,0.05867827445215234,0.21749056663601485,0.04259637127616922,0.08819718789022102,0.1828591031383477
2004-01-20,100216,15764,16050,45462,41442,057642,LIVE CATTLE - CHICAGO MERCANTILE EXCHANGE ,83.9000015258789,-0.0401133551528698,4020,6.810426492009005,-286,-6.921454982530838,0.07693546902329007,0.2135852140567046,0.08819718789022102,0.015494581629564186,0.1782622077986621
2004-01-27,101647,16097,14440,45446,45279,057642,LIVE CATTLE - CHICAGO MERCANTILE EXCHANGE ,85.19999694824219,-0.0016429407655907209,167,-3.844695457811128,1657,1.9388121657220405,0.04246899972444199,0.06362773029439696,0.015494581629564186,-0.10416667039778693,0.1741952123263058
2004-02-03,100345,16375,15671,46750,46315,057642,LIVE CATTLE - CHICAGO MERCANTILE EXCHANGE ,76.32499694824219,-0.004335044097862375,435,0.2636575599870139,704,-0.9375584129388964,0.02514371675710525,0.04708856019472009,-0.10416667039778693,-0.03570256905439484,0.17009148721796621
2004-02-10,99839,15700,14947,48340,46283,057642,LIVE CATTLE - CHICAGO MERCANTILE EXCHANGE ,73.5999984741211,-0.020603171105479823,2057,1.6164233394787981,753,0.048831531217300314,0.0171417097323061,0.0456488400169674,-0.03570256905439484,0.039062500809845746,0.16552399538368953
2004-02-17,99930,14120,15857,48775,45603,057642,LIVE CATTLE - CHICAGO MERCANTILE EXCHANGE ,76.4749984741211,-0.031742219553687584,3172,1.1167980448522121,-1737,-2.494015364737227,0.011814193985886541,0.08306368215631985,0.039062500809845746,0.04903563353805085,0.16035162715274975
2004-02-24,98090,16454,16483,46552,44709,057642,LIVE CATTLE - CHICAGO MERCANTILE EXCHANGE ,80.2249984741211,-0.018788867366704046,1843,-1.3299309516661664,-29,1.7091964375062545,0.034154786820218934,0.08986853690378602,0.04903563353805085,-0.00903706435538243,0.15655749789985668
2004-03-02,101776,18049,14901,47954,48239,057642,LIVE CATTLE - CHICAGO MERCANTILE EXCHANGE ,79.5,0.002800267253576482,-285,-2.1694362320318077,3148,3.2388622693444793,0.05127192207333174,0.09641881638846737,-0.00903706435538243,0.037735849056603765,0.15329799037752256
2004-03-09,104591,21952,15772,46880,49835,057642,LIVE CATTLE - CHICAGO MERCANTILE EXCHANGE ,82.5,0.02825290895010087,-2955,-2.6234082691400724,6180,2.979091337839962,0.02760688621206638,0.12655073693139646,0.037735849056603765,0.0509090539180872,0.15071110088096368
2004-03-16,115210,27803,15573,48700,58198,057642,LIVE CATTLE - CHICAGO MERCANTILE EXCHANGE ,86.69999694824219,0.082440760350664,-9498,-6.255796387834517,12230,5.784436519394594,0.09525903197440551,0.13947805237919586,0.0509090539180872,-0.054209885970906924,0.14972579544457493
2004-03-23,120828,27673,14653,50818,62395,057642,LIVE CATTLE - CHICAGO MERCANTILE EXCHANGE ,82.0,0.09581388419902671,-11577,-1.8045308566964673,13020,0.6857043659404566,0.05577981327232738,0.024807446959315787,-0.054209885970906924,0.012195121951219523,0.14940099773574625
2004-03-30,121547,25830,15066,52602,62973,057642,LIVE CATTLE - CHICAGO MERCANTILE EXCHANGE ,83.0,0.08532501830567599,-10371,0.9981130201608899,10764,-1.8671168934352964,0.02043694570625135,0.05516431924882629,0.012195121951219523,-0.019277090049651724,0.148871645749377
2004-04-06,119691,27677,9256,51307,65957,057642,LIVE CATTLE - CHICAGO MERCANTILE EXCHANGE ,81.4000015258789,0.12239850949528369,-14650,-3.5204488798571743,18421,6.299620722847951,0.03649031245736117,0.20732136571629708,-0.019277090049651724,0.02180591514257646,0.14894654630303453
2004-04-20,127798,35967,10717,50525,70536,057642,LIVE CATTLE - CHICAGO MERCANTILE EXCHANGE ,83.17500305175781,0.15658304511807697,-20011,-4.4790335112915765,25250,5.70552506036377,0.04428346040425901,0.2088724188158684,0.02180591514257646,0.012022842961336933,0.1487606771794509
2004-04-27,126737,35238,10333,52699,70027,057642,LIVE CATTLE - CHICAGO MERCANTILE EXCHANGE ,84.17500305175781,0.1367240821543827,-17328,2.09940687647694,24905,-0.2699572763267031,0.021861708195492397,0.024423427179565953,0.012022842961336933,0.03593696212430619,0.1482092083311679
2004-05-04,131487,39734,12285,52792,71451,057642,LIVE CATTLE - CHICAGO MERCANTILE EXCHANGE ,87.19999694824219,0.14190756500642648,-18659,-1.0502063327994193,27449,2.0073064693025713,0.012209943417335382,0.1239547088563794,0.03593696212430619,0.008027575712556523,0.14763827773940427
2004-05-11,132603,40102,12018,52217,74067,057642,LIVE CATTLE - CHICAGO MERCANTILE EXCHANGE ,87.9000015258789,0.1647775691349366,-21850,-2.4268558868937613,28084,0.4829374767087241,0.025268442558043773,0.01218342287029931,0.008027575712556523,-0.02161548911144806,0.1467754415166815
2004-05-18,125006,36247,10871,52332,72773,057642,LIVE CATTLE - CHICAGO MERCANTILE EXCHANGE ,86.0,0.16352015103275042,-20441,1.0625702284262046,25376,-2.0421860742215485,0.011262539466847847,0.10615900505114818,-0.02161548911144806,0.0,0.14526443857282928
2004-05-25,125012,35859,11695,53992,75542,057642,LIVE CATTLE - CHICAGO MERCANTILE EXCHANGE ,86.0,0.1723834511886859,-21550,-0.8871574164440108,24164,-0.9695534614338511,0.03419179520434789,0.02548681498927535,0.0,0.007558157277661737,0.14336925029484446
2004-06-01,130593,38996,10558,55655,81090,057642,LIVE CATTLE - CHICAGO MERCANTILE EXCHANGE ,86.6500015258789,0.1947654162167957,-25435,-3.1077016606405787,28438,3.4188717883083224,0.05273318951332773,0.08624934414981636,0.007558157277661737,0.0346220420908363,0.14170998383350086
2004-06-08,130863,40007,7630,52688,78392,057642,LIVE CATTLE - CHICAGO MERCANTILE EXCHANGE ,89.6500015258789,0.19641915591114373,-25704,-0.20598347537770018,32377,3.0162412993039442,0.04321788220933781,0.08268782668933812,0.0346220420908363,-0.05465701553239177,0.14080654199419118
2004-06-15,124660,38252,7816,50506,76409,057642,LIVE CATTLE - CHICAGO MERCANTILE EXCHANGE ,84.75,0.20778918658751805,-25903,-0.15206742929628694,30436,-1.4832305540909194,0.03281723988496238,0.042133368064600156,-0.05465701553239177,0.02241889706051814,0.13978341205821068
2004-06-22,124306,37991,9008,48715,75376,057642,LIVE CATTLE - CHICAGO MERCANTILE EXCHANGE ,86.6500015258789,0.21447878622109953,-26661,-0.6080539066260228,28983,-1.1655703513556874,0.02275749248535349,0.030915551394710524,0.02241889706051814,0.02481248110811385,0.13886185230396897
2004-06-29,119742,36109,7492,48249,71561,057642,LIVE CATTLE - CHICAGO MERCANTILE EXCHANGE ,88.80000305175781,0.1946852399325216,-23312,2.6941579650218013,28617,-0.2944347014625199,0.035731574993740085,0.07793399233962524,0.02481248110811385,-0.007882934161935973,0.1375151921551892
2004-07-06,118662,34758,7837,49261,70717,057642,LIVE CATTLE - CHICAGO MERCANTILE EXCHANGE ,88.0999984741211,0.1808160995095313,-21456,1.5499991648711398,26921,-1.4163785472098345,0.015469502742169398,0.039816879915483036,-0.007882934161935973,-0.019863791490462468,0.1362566405229187
2004-07-13,109901,33119,8155,47062,66556,057642,LIVE CATTLE - CHICAGO MERCANTILE EXCHANGE ,86.3499984741211,0.1773778218578539,-19494,1.6534358092733983,24964,-1.649222160422039,0.055977045890615924,0.04741483742792073,-0.019863791490462468,-0.05037635843647148,0.13462529899326608
2004-07-20,111161,30776,9351,50302,65233,057642,LIVE CATTLE - CHICAGO MERCANTILE EXCHANGE ,82.0,0.1343186909077824,-14931,4.151918544872204,21425,-3.220170881065686,0.039494525468472756,0.08819498093552969,-0.05037635843647148,0.03658536585365857,0.13193198467886674
2004-07-27,119971,33286,8528,51081,68687,057642,LIVE CATTLE - CHICAGO MERCANTILE EXCHANGE ,85.0,0.1467521317651766,-17606,-2.4064195176365812,24758,2.998353739171112,0.03534333043884844,0.07971014492753623,0.03658536585365857,-0.022647094726562456,0.1294639654515603
2004-08-03,115747,31382,9002,51787,65175,057642,LIVE CATTLE - CHICAGO MERCANTILE EXCHANGE ,83.07499694824219,0.11566606477921675,-13388,3.51584966366872,22380,-1.9821456852072583,0.036062994818830046,0.05888470681458003,-0.022647094726562456,0.027685863812800138,0.12662818205480111
2004-08-10,112302,32151,4789,47171,66085,057642,LIVE CATTLE - CHICAGO MERCANTILE EXCHANGE ,85.375,0.1684208651671386,-18914,-4.774205810949743,27362,4.3042152280404675,0.04879211697393516,0.13486735246345424,0.027685863812800138,0.021669089008738984,0.1254598315925216
2004-08-17,110123,29888,4497,47296,64950,057642,LIVE CATTLE - CHICAGO MERCANTILE EXCHANGE ,87.2249984741211,0.16031165151694016,-17654,1.1219746754287547,25391,-1.7550889565635517,0.011225344332982912,0.07430565653628035,0.021669089008738984,-0.04155918674020387,0.12395426543464685
2004-08-24,105379,28794,8921,47535,60651,057642,LIVE CATTLE - CHICAGO MERCANTILE EXCHANGE ,83.5999984741211,0.12446502623862439,-13116,4.120846689610708,19873,-5.010760694859385,0.04194627770691217,0.1463078350788811,-0.04155918674020387,0.007476076691478317,0.1216110295929034
2004-08-31,104295,26374,10688,48813,58057,057642,LIVE CATTLE - CHICAGO MERCANTILE EXCHANGE ,84.2249984741211,0.08863320389280406,-9244,3.6743563708139195,15686,-3.9732774082122626,0.03623093478057453,0.11297285629485726,0.007476076691478317,-0.01810628143077353,0.1189006671186373
2004-09-07,103215,26514,11858,48419,55892,057642,LIVE CATTLE - CHICAGO MERCANTILE EXCHANGE ,82.69999694824219,0.07240226711233833,-7473,1.6980679802483343,14656,-0.9875832973776307,0.024532407895619827,0.0341394767017617,-0.01810628143077353,0.015719505438088754,0.11647412529044067
2004-09-14,104074,26212,12112,46972,54862,057642,LIVE CATTLE - CHICAGO MERCANTILE EXCHANGE ,84.0,0.07581144185867748,-7890,-0.40401104490626366,14100,-0.5386813932083515,0.024323899679871162,0.014507880179521971,0.015719505438088754,0.005952380952380931,0.11449462547234769
2004-09-21,107009,26398,8904,47928,57183,057642,LIVE CATTLE - CHICAGO MERCANTILE EXCHANGE ,84.5,0.0864880524068069,-9255,-1.3115667697984126,17494,3.2611411111324635,0.03117656572575658,0.09614186165089797,0.005952380952380931,0.0,0.11284145701100047
2004-09-28,106117,25739,11543,50182,55492,057642,LIVE CATTLE - CHICAGO MERCANTILE EXCHANGE ,84.5,0.05003910777726472,-5310,3.6866057995121904,14196,-3.081983758375464,0.03733179400798683,0.08846091947856875,0.0,0.019822521322577558,0.11069511836947628
2004-10-05,110739,28003,8521,49964,60511,057642,LIVE CATTLE - CHICAGO MERCANTILE EXCHANGE ,86.17500305175781,0.09524196534193012,-10547,-4.935118783983716,19482,4.981294231838442,0.04740439013351437,0.1447267550104041,0.019822521322577558,0.006962558199861357,0.11009000334451348
2004-10-12,109216,30629,9907,48392,59506,057642,LIVE CATTLE - CHICAGO MERCANTILE EXCHANGE ,86.7750015258789,0.1017616466451802,-11114,-0.5120147373554033,20722,1.1197500428936509,0.023883667908580326,0.09897375172686007,0.006962558199861357,0.012388325316497806,0.10951083499130296
2004-10-19,110869,33875,12423,46698,58665,057642,LIVE CATTLE - CHICAGO MERCANTILE EXCHANGE ,87.8499984741211,0.1079381973319864,-11967,-0.7810210958101378,21452,0.6684002343978904,0.024059679394094702,0.12445462006998143,0.012388325316497806,-0.002561166511430013,0.10930457967517077
2004-10-26,108355,31974,13781,48285,58271,057642,LIVE CATTLE - CHICAGO MERCANTILE EXCHANGE ,87.625,0.09216002953255503,-9986,1.7867934228684303,18193,-2.939505181791123,0.018591163331956904,0.07122718828543328,-0.002561166511430013,-0.021398002853067033,0.10898614180157405
2004-11-02,109242,29312,23847,51862,51414,057642,LIVE CATTLE - CHICAGO MERCANTILE EXCHANGE ,85.75,-0.0041009867999487375,448,9.629458723639887,5465,-11.746573762170643,0.10103024904140362,0.23943264545984688,-0.021398002853067033,-0.020408163265306145,0.10648856689052286
2004-11-09,109608,28122,24990,49430,48165,057642,LIVE CATTLE - CHICAGO MERCANTILE EXCHANGE ,84.0,-0.01154112838478943,1265,0.7478808516870801,3132,-2.1356254920268762,0.058209949280188536,0.04392604307877693,-0.020408163265306145,0.0,0.10372921364741054
2004-11-16,111384,26744,21844,52561,52279,057642,LIVE CATTLE - CHICAGO MERCANTILE EXCHANGE ,84.0,-0.0025317819435466495,282,-0.8968323480037954,4900,1.6130209473761041,0.06910530331934377,0.09310940973079773,0.0,0.011904761904761862,0.10136468748052843
2004-11-23,116244,25500,22200,63865,54831,057642,LIVE CATTLE - CHICAGO MERCANTILE EXCHANGE ,85.0,-0.07771583909707168,9034,7.857501975149034,3300,-1.4364720247073188,0.11673518905439105,0.033542976939203356,0.011904761904761862,0.0,0.09747495477126425
2004-11-30,119083,26281,17871,63608,58692,057642,LIVE CATTLE - CHICAGO MERCANTILE EXCHANGE ,85.0,-0.04128213095068146,4916,-3.5425484326072745,8410,4.395925811224665,0.03367130008176615,0.11573654647581083,0.0,0.016470606186810732,0.09399871441126634
2004-12-07,117984,26586,16564,62062,60031,057642,LIVE CATTLE - CHICAGO MERCANTILE EXCHANGE ,86.4000015258789,-0.01721419853539463,2031,-2.4226799795100895,10022,1.353677686991426,0.023629528310386345,0.03735805330243337,0.016470606186810732,-0.01417822282970882,0.09070652998468033
2004-12-14,118166,26288,16185,61382,60756,057642,LIVE CATTLE - CHICAGO MERCANTILE EXCHANGE ,85.17500305175781,-0.005297632144610125,626,-1.1908394358557093,10103,0.068653376729048,0.011503381421015573,0.015939538059473075,-0.01417822282970882,0.053125843667239936,0.08739745789288325
2004-12-21,127433,34382,16020,62620,65841,057642,LIVE CATTLE - CHICAGO MERCANTILE EXCHANGE ,89.69999694824219,0.02527602740263511,-3221,-3.2555895942995448,18362,6.9893201089992045,0.0492211644000903,0.16386254513709772,0.053125843667239936,0.025641060535207538,0.08498889187969841
2004-12-28,133896,38997,15438,63737,70944,057642,LIVE CATTLE - CHICAGO MERCANTILE EXCHANGE ,92.0,0.053825356993487485,-7207,-3.1279182001522368,23559,4.078221496786546,0.04618320327291897,0.09547166345182327,0.025641060535207538,-0.023369581803031614,0.08368337932225918
2005-01-04,136358,36088,15084,66592,74233,057642,LIVE CATTLE - CHICAGO MERCANTILE EXCHANGE ,89.8499984741211,0.05603631616773493,-7641,-0.3241321622751987,21004,-1.9081974069427017,0.043628617077933605,0.06376534042054248,-0.023369581803031614,0.03505844829575788,0.08280737571439002
2005-01-11,143587,41027,15033,64110,72390,057642,LIVE CATTLE - CHICAGO MERCANTILE EXCHANGE ,93.0,0.05766538753508326,-8280,-0.4686193696006102,25994,3.659484592029804,0.03168498168498168,0.08901177310024973,0.03505844829575788,0.0,0.08235998453132327
2005-01-18,143906,43679,16234,61453,70672,057642,LIVE CATTLE - CHICAGO MERCANTILE EXCHANGE ,93.0,0.06406265200895028,-9219,-0.6539589238580095,27445,1.010537165620843,0.033112582781456956,0.06430991604493182,0.0,-0.016129032258064502,0.08306972509442552
2005-01-25,145413,40369,16252,64227,70677,057642,LIVE CATTLE - CHICAGO MERCANTILE EXCHANGE ,91.5,0.04435641930226321,-6450,1.9241727238614095,24117,-2.3126207385376567,0.02059983395599834,0.058776778933611204,-0.016129032258064502,-0.007923480591487397,0.0846941438339473
2005-02-01,149527,41616,16137,67551,75300,057642,LIVE CATTLE - CHICAGO MERCANTILE EXCHANGE ,90.7750015258789,0.05182341650671785,-7749,-0.8933176538548823,25479,0.9366425285222092,0.055631392149862444,0.02358319048361124,-0.007923480591487397,0.014871919046305138,0.08572234301226092
2005-02-08,149847,46405,15509,67134,76581,057642,LIVE CATTLE - CHICAGO MERCANTILE EXCHANGE ,92.125,0.06304430519129513,-9447,-1.135580864994282,30896,3.622757094036529,0.01181505062102077,0.08749232806796524,0.014871919046305138,-0.020895555514331643,0.08701809972936012
2005-02-15,141651,43250,18030,67865,72799,057642,LIVE CATTLE - CHICAGO MERCANTILE EXCHANGE ,90.1999969482422,0.034832087313185225,-4934,3.011738640079548,25220,-3.7878636208933116,0.03208354660751862,0.09262402088772846,-0.020895555514331643,-0.02106423459830742,0.08808416239125752
2005-02-22,131945,37920,17534,66977,66266,057642,LIVE CATTLE - CHICAGO MERCANTILE EXCHANGE ,88.30000305175781,-0.0053886088900678315,711,3.9851465926820144,20386,-3.4126126889326582,0.055695233520710284,0.10506004977098135,-0.02106423459830742,-0.010758828366969175,0.08859096259632712
2005-03-01,128754,38101,19332,67336,66137,057642,LIVE CATTLE - CHICAGO MERCANTILE EXCHANGE ,87.3499984741211,-0.009312332044053,1199,0.36985107431126607,18769,-1.2255106294289286,0.003656170161755561,0.034457541831351315,-0.010758828366969175,0.0074413455893931335,0.08877320366022426
2005-03-08,136253,44760,16969,66159,70356,057642,LIVE CATTLE - CHICAGO MERCANTILE EXCHANGE ,88.0,0.030802991493765274,-4197,-4.190937757273561,27791,7.007160942572659,0.039526791927627,0.14615496768131672,0.0074413455893931335,0.021590926430442137,0.0893117175879202
2005-03-15,149496,53212,17524,67333,78889,057642,LIVE CATTLE - CHICAGO MERCANTILE EXCHANGE ,89.9000015258789,0.07729972708299887,-11556,-5.400981996726677,35688,5.795835688021548,0.06638535924826633,0.12733261705496493,0.021590926430442137,-0.004449405106670246,0.09025492562893747
2005-03-22,152539,46706,15780,73036,81485,057642,LIVE CATTLE - CHICAGO MERCANTILE EXCHANGE ,89.5,0.05538911360373413,-8449,2.078316476695029,30926,-3.185369508214267,0.053707910251681,0.13202957462471593,-0.004449405106670246,0.006703893565598751,0.08973470165303497
2005-03-29,153910,46067,17604,73291,80960,057642,LIVE CATTLE - CHICAGO MERCANTILE EXCHANGE ,90.0999984741211,0.04982782145409655,-7669,0.5113446397314785,28463,-1.614669035459784,0.005056693311550654,0.038683230984278553,0.006703893565598751,-0.012763613155989284,0.08885035429255554
2005-04-05,148107,45312,13720,71315,81244,057642,LIVE CATTLE - CHICAGO MERCANTILE EXCHANGE ,88.94999694824219,0.0670393701850689,-9929,-1.4683906178935742,31592,2.0330063023845106,0.014813940836004432,0.07858449654424719,-0.012763613155989284,0.0008432218123668456,0.08849870721331311
2005-04-12,139966,42647,14553,68929,77532,057642,LIVE CATTLE - CHICAGO MERCANTILE EXCHANGE ,89.0250015258789,0.06146492719660489,-8603,0.8952986692053718,28094,-2.3618059916141707,0.041635657273950064,0.061153846153846156,0.0008432218123668456,0.01713003650368461,0.08732690755372313
2005-04-19,138611,40654,16572,70713,74432,057642,LIVE CATTLE - CHICAGO MERCANTILE EXCHANGE ,90.5500030517578,0.02683048242924443,-3719,3.489418858865725,24082,-2.8664104139576754,0.03364910951117848,0.0701079928703736,0.01713003650368461,0.03699611663410174,0.08483166596355328
2005-04-26,142633,45428,18159,67684,72913,057642,LIVE CATTLE - CHICAGO MERCANTILE EXCHANGE ,93.9000015258789,0.036660520356439255,-5229,-1.089379630765235,27269,2.299240320032321,0.03234777413458324,0.10003617091543869,0.03699611663410174,-0.041533561900998106,0.08290736669820821
2005-05-03,139364,43917,18284,66077,72092,057642,LIVE CATTLE - CHICAGO MERCANTILE EXCHANGE ,90.0,0.043160357050601304,-6015,-0.551064620389391,25633,-1.1469996424389868,0.017572682729121582,0.026301827944888344,-0.041533561900998106,0.0,0.08100838192982694
2005-05-10,141299,45449,17812,63342,72065,057642,LIVE CATTLE - CHICAGO MERCANTILE EXCHANGE ,90.0,0.06173433640719326,-8723,-1.9431129990528402,27637,1.4379610229327517,0.02039776377882975,0.03167828519941196,0.0,0.0,0.07902678130044727
2005-05-17,153965,50207,17980,66947,78997,057642,LIVE CATTLE - CHICAGO MERCANTILE EXCHANGE ,90.0,0.07826454064235377,-12050,-2.354581419542955,32227,3.2484306329131845,0.0721989256153045,0.07224250956927274,0.0,0.0,0.07738725033140119
2005-05-24,144146,40842,16105,69629,75020,057642,LIVE CATTLE - CHICAGO MERCANTILE EXCHANGE ,90.0,0.03739958098039488,-5391,4.32500893060111,24737,-4.8647419868151855,0.04603557577307828,0.19737650798110523,0.0,0.0,0.07479140667354943
2005-05-31,147167,40486,16161,70439,77014,057642,LIVE CATTLE - CHICAGO MERCANTILE EXCHANGE ,90.0,0.044677135499126844,-6575,-0.8213894246111582,24325,-0.28582132005050437,0.01901622890005629,0.00727311243313856,0.0,-0.054999966091579866,0.07190509358282503
2005-06-07,141343,35240,16284,69333,71223,057642,LIVE CATTLE - CHICAGO MERCANTILE EXCHANGE ,85.05000305175781,0.01337172693377104,-1890,3.183458248112688,18956,-3.6482363573355436,0.0490694100572014,0.10420386615945967,-0.054999966091579866,-0.02527926453536411,0.06838495071787555
2005-06-14,133331,30832,21561,70017,63749,057642,LIVE CATTLE - CHICAGO MERCANTILE EXCHANGE ,82.9000015258789,-0.04701082268939706,6268,5.7717750436880495,9271,-6.852125680083201,0.060987096870654726,0.18485293836962954,-0.02527926453536411,-0.014173739808569397,0.06348495053947334
2005-06-21,130623,31066,28992,71140,59306,057642,LIVE CATTLE - CHICAGO MERCANTILE EXCHANGE ,81.7249984741211,-0.09059660243601816,11834,4.174573055028463,2074,-5.39784446227809,0.042668997132913236,0.12762662759332646,-0.014173739808569397,0.011318483561070014,0.05761811614222108
2005-06-28,125673,28788,32259,72209,56302,057642,LIVE CATTLE - CHICAGO MERCANTILE EXCHANGE ,82.6500015258789,-0.1265745227694095,15907,3.1181338661644578,-3471,-4.245041072399195,0.03169378496782377,0.09083165429914655,0.011318483561070014,-0.030248033319360768,0.05144004378256856
2005-07-05,124653,29660,34150,69224,54616,057642,LIVE CATTLE - CHICAGO MERCANTILE EXCHANGE ,80.1500015258789,-0.11718931754550632,14608,-1.0336349096464634,-4490,-0.8108344672284421,0.03771802325581396,0.04330042313117066,-0.030248033319360768,-0.020274484954006078,0.045709170377663984
2005-07-12,134933,29112,37608,72487,54819,057642,LIVE CATTLE - CHICAGO MERCANTILE EXCHANGE ,78.5250015258789,-0.13093905864391958,17668,2.454814565233087,-8496,-3.213721290301878,0.02722573955665876,0.060041966426858516,-0.020274484954006078,0.009551098190718532,0.03977999959878373
2005-07-19,142552,31344,37663,74679,58532,057642,LIVE CATTLE - CHICAGO MERCANTILE EXCHANGE ,79.2750015258789,-0.11327094674224143,16147,-1.1272261048075711,-6319,1.6133933137186605,0.04432817109698148,0.03314156534844291,0.009551098190718532,-0.0015767896259099023,0.03501866041320635
2005-07-26,136698,31552,37038,73773,57735,057642,LIVE CATTLE - CHICAGO MERCANTILE EXCHANGE ,79.1500015258789,-0.11732432076548303,16038,-0.07646332566361749,-5486,0.5843481676861777,0.012949782522736259,0.01214462749671964,-0.0015767896259099023,0.03253312569299527,0.029940267095309045
2005-08-02,139375,33991,35059,72381,60955,057642,LIVE CATTLE - CHICAGO MERCANTILE EXCHANGE ,81.7249984741211,-0.08198026905829596,11426,-3.3738606270757434,-1068,3.2319419450174838,0.034589308213835726,0.06398262128892107,0.03253312569299527,-0.022025028522126733,0.026139376059972262
2005-08-09,130694,33959,38052,68856,53737,057642,LIVE CATTLE - CHICAGO MERCANTILE EXCHANGE ,79.92500305175781,-0.11568243377660796,15119,2.6496860986547084,-4093,-2.1704035874439462,0.08763143083210298,0.0420074710808071,-0.022025028522126733,-0.014388507750624502,0.020675851080284826
2005-08-16,132570,35216,42699,69114,52707,057642,LIVE CATTLE - CHICAGO MERCANTILE EXCHANGE ,78.7750015258789,-0.12376103190767142,16407,0.9855081335026857,-7483,-2.5938451650420067,0.010572889731655462,0.0757748828851954,-0.014388507750624502,0.02253254828939344,0.01521291486058076
2005-08-23,134147,34885,38355,67081,55772,057642,LIVE CATTLE - CHICAGO MERCANTILE EXCHANGE ,80.55000305175781,-0.08430304069416386,11309,-3.8455155766764726,-3470,3.0270800331900127,0.04149674814615842,0.06383123975969415,0.02253254828939344,0.027312189508280627,0.011198144342642526
2005-08-30,136157,36042,36439,70303,57013,057642,LIVE CATTLE - CHICAGO MERCANTILE EXCHANGE ,82.75,-0.09760790851737333,13290,1.4767382051033566,-397,2.2907705725808256,0.03505451003801564,0.042397317917799146,0.027312189508280627,0.0015105740181269312,0.007616584488600652
2005-09-06,136364,37555,34772,68175,56762,057642,LIVE CATTLE - CHICAGO MERCANTILE EXCHANGE ,82.875,-0.08369511014637294,11413,-1.3785556379767474,2783,2.3355391202802647,0.019041596964870296,0.043966983284250694,0.0015105740181269312,0.029260971966911686,0.004614711849010051
2005-09-13,142365,36452,23490,68873,62276,057642,LIVE CATTLE - CHICAGO MERCANTILE EXCHANGE ,85.30000305175781,-0.04633863660309767,6597,-3.531723915402892,12962,7.464580094453082,0.04736597305354978,0.206616395849321,0.029260971966911686,0.00615467617469867,0.002265671878591298
2005-09-20,148681,38893,22237,71168,67373,057642,LIVE CATTLE - CHICAGO MERCANTILE EXCHANGE ,85.82499694824219,-0.025524444952616677,3795,-1.9681803814139711,16656,2.594738875425842,0.053356046224583335,0.06042859479797154,0.00615467617469867,0.018642658437617365,0.00011158539091007513
2005-09-27,154724,43581,24243,71337,69455,057642,LIVE CATTLE - CHICAGO MERCANTILE EXCHANGE ,87.42500305175781,-0.012163594529614023,1882,-1.286647251498174,19338,1.8038619594971785,0.015988124325245753,0.0986966265628686,0.018642658437617365,0.04032020329924957,-0.0010846204226837468
2005-10-04,164709,50871,22650,71656,75572,057642,LIVE CATTLE - CHICAGO MERCANTILE EXCHANGE ,90.9499969482422,0.023775264253926624,-3916,-3.747317804606913,28221,5.741190765492102,0.043714510826744914,0.12082262210796915,0.04032020329924957,-0.001924083872843707,-0.002458980058991506
2005-10-11,168999,54490,21050,70168,76619,057642,LIVE CATTLE - CHICAGO MERCANTILE EXCHANGE ,90.7750015258789,0.03817182350191421,-6451,-1.5390780103090906,33440,3.168618594005185,0.01726992172331337,0.0690892242520519,-0.001924083872843707,-0.019829281426612333,-0.0036818612732850827
2005-10-18,165123,51040,16397,71420,78492,057642,LIVE CATTLE - CHICAGO MERCANTILE EXCHANGE ,88.9749984741211,0.042828679227000475,-7072,-0.36745779560825803,34643,0.7118385315889443,0.020845562730135013,0.12015659059566706,-0.019829281426612333,-0.0014048890378610679,-0.0049339673906886585
2005-10-25,168332,53274,16287,71404,80364,057642,LIVE CATTLE - CHICAGO MERCANTILE EXCHANGE ,88.8499984741211,0.05322814438134164,-8960,-1.1433900789108724,36987,1.4195478522071425,0.01244004006114596,0.033697042883224795,-0.0014048890378610679,0.012099095060196685,-0.005682657489750454
2005-11-01,168060,51425,16782,72303,79170,057642,LIVE CATTLE - CHICAGO MERCANTILE EXCHANGE ,89.92500305175781,0.04086040699750089,-6867,1.2433761851579022,34643,-1.3924862771190267,0.013817644068579878,0.03436597416687437,0.012099095060196685,0.020016628982789886,-0.004818015301337962
2005-11-08,166183,53997,18117,70047,76137,057642,LIVE CATTLE - CHICAGO MERCANTILE EXCHANGE ,91.7249984741211,0.036646347701028384,-6090,0.4623348803998572,35880,0.7360466500059503,0.03618043014283369,0.05417810688631888,0.020016628982789886,-0.00027257046928097495,-0.003891333068918388
2005-11-15,173332,55519,19330,73914,81384,057642,LIVE CATTLE - CHICAGO MERCANTILE EXCHANGE ,91.6999969482422,0.04309648535757967,-7470,-0.8304098493829092,36189,0.1859395967096514,0.05868716918440675,0.03654023433846811,-0.00027257046928097495,-0.0073609099763032315,-0.0030138663900505743
2005-11-22,178002,56751,19241,76288,83426,057642,LIVE CATTLE - CHICAGO MERCANTILE EXCHANGE ,91.0250015258789,0.040100673026145776,-7138,0.19153993492257632,37510,0.7621212470865161,0.02764942334422781,0.017383408779871566,-0.0073609099763032315,0.02004940310518233,-0.0007481642338348539
2005-11-29,187344,61389,18606,79078,87453,057642,LIVE CATTLE - CHICAGO MERCANTILE EXCHANGE ,92.8499984741211,0.04470386027841831,-8375,-0.6949360119549218,42783,2.9623262659970115,0.040935321351580185,0.0659166197887368,0.02004940310518233,-0.0013462574265398208,0.0009054125205709108
2005-12-06,196414,67484,16249,80413,96337,057642,LIVE CATTLE - CHICAGO MERCANTILE EXCHANGE ,92.7249984741211,0.08107365055444113,-15924,-4.02948586557349,51235,4.511486890426168,0.057816124469589815,0.10093989227664123,-0.0013462574265398208,0.010784578230854214,0.002795563464606214
2005-12-13,199166,68011,17929,82523,96681,057642,LIVE CATTLE - CHICAGO MERCANTILE EXCHANGE ,93.7249984741211,0.07108643041482984,-14158,0.899121243903184,50082,-0.5870253647906972,0.013693890761366933,0.025680707470328135,0.010784578230854214,0.030941601206636804,0.004264487744595444
2005-12-20,198245,68848,19584,80056,93935,057642,LIVE CATTLE - CHICAGO MERCANTILE EXCHANGE ,96.625,0.07000933188731115,-13879,0.14008415090929174,49264,-0.4107126718415794,0.029961319838382443,0.028179844400217115,0.030941601206636804,-0.019146167908109635,0.005124743600069983
2005-12-27,195778,67113,20035,82077,93558,057642,LIVE CATTLE - CHICAGO MERCANTILE EXCHANGE ,94.7750015258789,0.05864295273217624,-11481,1.2096143660621959,47078,-1.1026759817397664,0.013653315113730179,0.025083765548262724,-0.019146167908109635,-0.024531833713575257,0.0052173896719678444
2006-01-03,199893,72727,19808,79345,97234,057642,LIVE CATTLE - CHICAGO MERCANTILE EXCHANGE ,92.4499969482422,0.0894928786900992,-17889,-3.273095036214488,52919,2.983481290032588,0.03628970602393263,0.06312206192251581,-0.024531833713575257,-0.0051378960497644455,0.0058607851050902346
2006-02-07,227304,50977,21318,100981,95823,057642,LIVE CATTLE - CHICAGO MERCANTILE EXCHANGE ,91.9749984741211,-0.02269207757012635,5158,11.52966837257933,29659,-11.636225380578608,0.11710635962683685,0.32173732623279616,-0.0051378960497644455,-0.0054362599434093495,0.004315449237682357
2006-02-14,218888,46180,18557,97855,93259,057642,LIVE CATTLE - CHICAGO MERCANTILE EXCHANGE ,91.4749984741211,-0.020997039581886628,4596,-0.24724597895329606,27623,-0.895716749375286,0.02977280575991293,0.1167493087415234,-0.0054362599434093495,-0.010112002599540704,0.0026796859378585697
2006-02-21,215574,43709,19123,99674,93121,057642,LIVE CATTLE - CHICAGO MERCANTILE EXCHANGE ,90.5500030517578,-0.03039791440526223,6553,0.8940645444245459,24586,-1.387467563320054,0.010150678181488109,0.048335243188184364,-0.010112002599540704,-0.0044174656255975275,0.0012421025973292344
2006-02-28,211135,39966,22804,104875,95671,057642,LIVE CATTLE - CHICAGO MERCANTILE EXCHANGE ,90.1500015258789,-0.043592961849053924,9204,1.2297401356378783,17162,-3.4438290331858203,0.03864948690076092,0.11827306037916202,-0.0044174656255975275,-0.059622849795038846,-0.0005928277556663767
2006-03-07,208661,40647,26069,107519,93452,057642,LIVE CATTLE - CHICAGO MERCANTILE EXCHANGE ,84.7750015258789,-0.06741556879340174,14067,2.3032656830937555,14578,-1.2238615104080328,0.024197521035373263,0.05914623178847653,-0.059622849795038846,-0.019758219069409222,-0.0031016714861413167
2006-03-14,217731,41577,36621,107793,85219,057642,LIVE CATTLE - CHICAGO MERCANTILE EXCHANGE ,83.0999984741211,-0.10367839214443511,22574,4.076947776537063,4956,-4.611307335822219,0.04407497979400245,0.14683239980562163,-0.019758219069409222,0.004512635461922265,-0.005765334552634015
2006-03-21,222381,39682,43176,111754,82454,057642,LIVE CATTLE - CHICAGO MERCANTILE EXCHANGE ,83.4749984741211,-0.13175586043771725,29300,3.0891329208978053,-3494,-3.8809356499533827,0.03463297083539298,0.10198170363754858,0.004512635461922265,-0.02395926968025086,-0.008195474005473427
2006-03-28,230770,42221,46147,112891,84981,057642,LIVE CATTLE - CHICAGO MERCANTILE EXCHANGE ,81.4749984741211,-0.1209429301902327,27910,-0.6250533993461671,-3926,-0.19426120037233396,0.018517021104552438,0.06235288792323013,-0.02395926968025086,-0.0386621857609416,-0.010342216277515344
2006-04-04,237458,47846,45081,114017,93842,057642,LIVE CATTLE - CHICAGO MERCANTILE EXCHANGE ,78.32499694824219,-0.08496239334956077,20175,-3.351822160592798,2765,2.8994236685877715,0.048046993394560734,0.07200275485058164,-0.0386621857609416,0.032237492808936175,-0.012568473678348539
2006-04-11,238034,43884,46060,118269,91790,057642,LIVE CATTLE - CHICAGO MERCANTILE EXCHANGE ,80.8499984741211,-0.11124041103371787,26479,2.6547852672893733,-2176,-2.0807890237431463,0.030010616065010307,0.05493418126834475,0.032237492808936175,0.021954255527253386,-0.016194245565208473
2006-04-18,239631,44239,48721,117274,89785,057642,LIVE CATTLE - CHICAGO MERCANTILE EXCHANGE ,82.625,-0.11471387257909035,27489,0.42430913230882983,-4482,-0.9687691674298629,0.014488624015377259,0.03244406196213425,0.021954255527253386,-0.03479576399394857,-0.0194654568379551
2006-04-25,245764,44557,49517,120495,92876,057642,LIVE CATTLE - CHICAGO MERCANTILE EXCHANGE ,79.75,-0.11238016959359386,27619,0.05425007615876076,-4960,-0.1994733569529819,0.02958227687923851,0.011841741607670557,-0.03479576399394857,-0.05830722916462583,-0.022584841281179914
2006-05-02,241495,49331,48053,120644,99217,057642,LIVE CATTLE - CHICAGO MERCANTILE EXCHANGE ,75.0999984741211,-0.0887264746682126,21427,-2.5194902426718313,1278,2.5382073859474943,0.029518650420038116,0.06405569703442043,-0.05830722916462583,-0.0029959850691425594,-0.025580338297589173
2006-05-09,256111,53763,50700,122085,100186,057642,LIVE CATTLE - CHICAGO MERCANTILE EXCHANGE ,74.875,-0.08550589392880431,21899,0.1954491811424667,3063,0.739145738006998,0.010842620044900145,0.0677656203631908,-0.0029959850691425594,0.03706178999504384,-0.028406700242308586
2006-05-16,271148,52161,45884,128618,108853,057642,LIVE CATTLE - CHICAGO MERCANTILE EXCHANGE ,77.6500015258789,-0.07289377019192471,19765,-0.8332324656106141,6277,1.2549246225269513,0.06400781569117914,0.06545973787546534,0.03706178999504384,-0.00032197714600912253,-0.030324474331177218
2006-05-23,268812,52137,45864,131444,108834,057642,LIVE CATTLE - CHICAGO MERCANTILE EXCHANGE ,77.625,-0.08411082838563755,22610,1.0492424801215572,6273,-0.0014752091108914689,0.011840451477039096,0.00044897501045907697,-0.00032197714600912253,0.031239974901871914,-0.03264700026852485
2006-05-30,259745,51994,42747,127849,107129,057642,LIVE CATTLE - CHICAGO MERCANTILE EXCHANGE ,80.05000305175781,-0.07977054418756857,20720,-0.7030936118923262,9247,1.1063494189247502,0.022555303049647202,0.03440960091195998,0.031239974901871914,0.00218607639839985,-0.03501105606156658
2006-06-06,248837,54642,34827,119518,106994,057642,LIVE CATTLE - CHICAGO MERCANTILE EXCHANGE ,80.2249984741211,-0.050330135791703,12524,-3.1554024139059464,19815,4.068605747945099,0.03737550328459419,0.11811912506007667,0.00218607639839985,-0.0271111930661474,-0.03716614206539151
2006-06-13,244033,54531,32147,115608,104636,057642,LIVE CATTLE - CHICAGO MERCANTILE EXCHANGE ,78.05000305175781,-0.044961132305876665,10972,-0.6237014591881432,22384,1.0324027375350129,0.028459345089991102,0.032199635432289625,-0.0271111930661474,0.049967889096662166,-0.03953586654516517
2006-06-20,222638,49839,24045,113912,107576,057642,LIVE CATTLE - CHICAGO MERCANTILE EXCHANGE ,81.94999694824219,-0.028458753671879913,6336,-1.899743067535948,25794,1.3973519974757513,0.020931156541212165,0.17316333712305776,0.049967889096662166,0.05033557234425845,-0.04080237298078583
2006-06-27,227067,50670,21892,111104,107890,057642,LIVE CATTLE - CHICAGO MERCANTILE EXCHANGE ,86.07499694824219,-0.014154412574262223,3214,-1.4022763409660526,28778,1.3402923130822233,0.014256098340593807,0.04112345304704942,0.05033557234425845,-0.02352592469683179,-0.04193374890527409
2006-07-11,233082,53808,19399,116064,115815,057642,LIVE CATTLE - CHICAGO MERCANTILE EXCHANGE ,84.05000305175781,-0.0010682935619224137,249,-1.3057819938608428,34409,2.479884791713459,0.055567774572082854,0.07691887387818105,-0.02352592469683179,-0.016061939970237638,-0.04221144160711435
2006-07-18,232171,50947,21145,111697,108425,057642,LIVE CATTLE - CHICAGO MERCANTILE EXCHANGE ,82.69999694824219,-0.01409306071817755,3272,1.2969684488720707,29802,-1.9765576063359676,0.053411290102761196,0.0639044554180769,-0.016061939970237638,-0.002418342873305779,-0.041578407723052435
2006-07-25,234577,47918,21551,113161,109302,057642,LIVE CATTLE - CHICAGO MERCANTILE EXCHANGE ,82.5,-0.01645088819449477,3859,0.252830887578552,26367,-1.4795129451998743,0.010523098223075298,0.04944651571204422,-0.002418342873305779,0.015151515151515138,-0.04015252860302313
2006-08-01,233026,45687,19139,112522,107432,057642,LIVE CATTLE - CHICAGO MERCANTILE EXCHANGE ,83.75,-0.021843056139658236,5090,0.5247743811200587,26548,0.07716016489255127,0.011406930540022005,0.07162249714620676,0.015151515151515138,0.019104459392490725,-0.03813846193706639
2006-08-08,233053,50521,18466,111631,112220,057642,LIVE CATTLE - CHICAGO MERCANTILE EXCHANGE ,85.3499984741211,0.0025273221112794087,-589,-2.4370671083913384,32055,2.363255602379134,0.025369553855019635,0.07982663400350791,0.019104459392490725,0.02811952628923131,-0.03583621886674358
2006-08-15,203496,49514,19487,96370,96495,057642,LIVE CATTLE - CHICAGO MERCANTILE EXCHANGE ,87.75,0.0006142626882100876,-125,0.19909634289196018,30027,-0.8701883262605502,0.16066160267544655,0.02939087839306677,0.02811952628923131,-0.007977173199341214,-0.033306347302664165
2006-08-22,203023,52348,23126,92758,92757,057642,LIVE CATTLE - CHICAGO MERCANTILE EXCHANGE ,87.05000305175781,-4.925550307108061e-06,1,0.06191767897157684,29222,-0.39558517120729647,0.03961943778131148,0.08576463417865755,-0.007977173199341214,0.026995960847052913,-0.031128154587434658
2006-08-29,203046,55012,24856,91498,89883,057642,LIVE CATTLE - CHICAGO MERCANTILE EXCHANGE ,89.4000015258789,-0.00795386267151286,1615,0.7949838195672412,30156,0.460046398683893,0.022791802890049125,0.05501577603045024,0.026995960847052913,0.057326620945486795,-0.029024876547165998
2006-09-05,209993,60222,30599,92624,92169,057642,LIVE CATTLE - CHICAGO MERCANTILE EXCHANGE ,94.5250015258789,-0.0021667388912963766,455,-0.5712991144863726,29623,-0.26250209312175565,0.018463902853463065,0.12059986126556634,0.057326620945486795,-0.02565462060419965,-0.027490000967031393
2006-09-12,210851,60501,29941,91192,93820,057642,LIVE CATTLE - CHICAGO MERCANTILE EXCHANGE ,92.0999984741211,0.012463777738782362,-2628,-1.4681441762344458,30560,0.44620534970213294,0.016663783970769463,0.010360230866190487,-0.02565462060419965,-0.021444066306646525,-0.025025650745581583
2006-09-19,216116,52026,26267,96877,94229,057642,LIVE CATTLE - CHICAGO MERCANTILE EXCHANGE ,90.125,-0.012252679116770623,2648,2.5022409189427606,25759,-2.276963353268422,0.031888062122591654,0.15517351487361578,-0.021444066306646525,0.011373109857186092,-0.022881259345756563
2006-09-26,217870,50129,28508,98555,93920,057642,LIVE CATTLE - CHICAGO MERCANTILE EXCHANGE ,91.1500015258789,-0.021274154312204526,4635,0.9194136482259527,21621,-1.914712469229488,0.010323418625795559,0.05262153947887127,0.011373109857186092,-0.0054854634298392435,-0.02166916537687273
2006-10-03,221700,50070,29934,100212,95046,057642,LIVE CATTLE - CHICAGO MERCANTILE EXCHANGE ,90.6500015258789,-0.023301759133964817,5166,0.24372332124661497,20136,-0.6815991187405334,0.014252937139579428,0.01856157192140393,-0.0054854634298392435,-0.026199668615802252,-0.02024020096565334
2006-10-10,209091,49948,27225,98262,93606,057642,LIVE CATTLE - CHICAGO MERCANTILE EXCHANGE ,88.2750015258789,-0.022267816405297215,4656,-0.23004059539918809,22723,1.1668921966621562,0.01766839702295328,0.0366838142873803,-0.026199668615802252,-0.0039648651155048675,-0.019058906855248033
2006-10-17,200539,46237,26439,93730,88388,057642,LIVE CATTLE - CHICAGO MERCANTILE EXCHANGE ,87.92500305175781,-0.026638210023985358,5342,0.3280868138752983,19798,-1.398912435255463,0.05353671795209699,0.061877373548351586,-0.0039648651155048675,0.014785275828742783,-0.018680052497957414
2006-10-24,201415,47219,27826,92721,84767,057642,LIVE CATTLE - CHICAGO MERCANTILE EXCHANGE ,89.2249984741211,-0.039490603976863686,7954,1.3024897900159071,19393,-0.2019557293095109,0.026086270621112413,0.031567726031048036,0.014785275828742783,0.01316898931747934,-0.018948632479192932
2006-10-31,195423,48204,27190,92406,88206,057642,LIVE CATTLE - CHICAGO MERCANTILE EXCHANGE ,90.4000015258789,-0.02149184077616248,4200,-1.8638135193505945,21014,0.8048059975672119,0.020784886939959692,0.02150038464599305,0.01316898931747934,-0.05641591137209345,-0.019128021830088097
2006-11-07,198160,53077,27447,92167,88926,057642,LIVE CATTLE - CHICAGO MERCANTILE EXCHANGE ,85.30000305175781,-0.016355470327008476,3241,-0.4907303643890432,25630,2.3620556433991906,0.005295621586698547,0.06370771447022006,-0.05641591137209345,0.006447777288232537,-0.019899766725875307
2006-11-14,213804,52075,28065,96490,92614,057642,LIVE CATTLE - CHICAGO MERCANTILE EXCHANGE ,85.8499984741211,-0.01812875343772801,3876,0.3204481227291078,24010,-0.8175211949939443,0.042362932566206955,0.020214624407287246,0.006447777288232537,0.023587671075956163,-0.020982470128560735
2006-11-21,219597,50841,28775,101092,94854,057642,LIVE CATTLE - CHICAGO MERCANTILE EXCHANGE ,87.875,-0.028406581146372675,6238,1.10475014499261,22066,-0.9092439804680923,0.03491778347095628,0.024417202572347266,0.023587671075956163,-0.017069701280227556,-0.022352378981894835
2006-11-28,219526,50490,30261,102481,94654,057642,LIVE CATTLE - CHICAGO MERCANTILE EXCHANGE ,86.375,-0.03565409108716052,7827,0.7235982276624908,20229,-0.8365323752145977,0.008060466177999848,0.022748944285519684,-0.017069701280227556,0.0014471780028944004,-0.02406165274090449
2006-12-05,221763,52004,29126,100841,94839,057642,LIVE CATTLE - CHICAGO MERCANTILE EXCHANGE ,86.5,-0.027064929677177888,6002,-0.8313366070533786,22878,1.2066907792243289,0.009326451349141455,0.032651300382102795,0.0014471780028944004,-0.008959555212472936,-0.025367909215417542
2006-12-12,221742,54879,30048,100839,96056,057642,LIVE CATTLE - CHICAGO MERCANTILE EXCHANGE ,85.7249984741211,-0.02157011301422374,4783,-0.5496859259660087,24831,0.8806699043573545,0.006191117092866756,0.04470898536390076,-0.008959555212472936,0.012540152776570057,-0.0264874565368647
2006-12-19,223026,56250,28248,101415,98881,057642,LIVE CATTLE - CHICAGO MERCANTILE EXCHANGE ,86.80000305175781,-0.011361903993256392,2534,-1.014241776478971,28002,1.4300403171253078,0.016979869792706794,0.037527515444152525,0.012540152776570057,0.0048962604541598065,-0.02753473325515001
2006-12-26,229204,57584,28555,101029,98609,057642,LIVE CATTLE - CHICAGO MERCANTILE EXCHANGE ,87.2249984741211,-0.010558279960210118,2420,-0.05111511662317398,29029,0.46048442782455856,0.003295965697913223,0.019050604255911957,0.0048962604541598065,0.058182913917073975,-0.028508943889503004
2007-01-09,255284,62042,27638,107842,109440,057642,LIVE CATTLE - CHICAGO MERCANTILE EXCHANGE ,92.3000030517578,0.006259695084689992,-1598,-1.753023507443151,34404,2.3450725118235285,0.08120322898353292,0.059935325602140946,0.058182913917073975,-0.0002708724274350649,-0.029248254758613167
2007-01-16,261503,64640,30934,111312,109613,057642,LIVE CATTLE - CHICAGO MERCANTILE EXCHANGE ,92.2750015258789,-0.006497057395135046,1699,1.2915027968850379,33706,-0.27342097428746026,0.016489758967975558,0.061669491702764354,-0.0002708724274350649,-0.029260412170022954,-0.030932306834566554
2007-01-23,257867,64581,30378,112231,113257,057642,LIVE CATTLE - CHICAGO MERCANTILE EXCHANGE ,89.57499694824219,0.003978795270430106,-1026,-1.042053054840671,34203,0.19005518101130772,0.020236110125594266,0.006476479322655041,-0.029260412170022954,0.003907408489423281,-0.03222283827965117
2007-01-30,254118,63578,31319,114041,112868,057642,LIVE CATTLE - CHICAGO MERCANTILE EXCHANGE ,89.92500305175781,-0.004615965811158596,1173,0.8527651851535869,32259,-0.7538769986078095,0.00969110965188688,0.020485368346733826,0.003907408489423281,0.02835691226938941,-0.033657940158467896
2007-02-06,268561,68036,32448,118479,119627,057642,LIVE CATTLE - CHICAGO MERCANTILE EXCHANGE ,92.4749984741211,0.004274634068237756,-1148,-0.9133552129325746,35588,1.3100213286740805,0.04702527445759452,0.05560089168424824,0.02835691226938941,0.020816470219207517,-0.034703484748159014
2007-02-13,273259,70945,33903,121204,125149,057642,LIVE CATTLE - CHICAGO MERCANTILE EXCHANGE ,94.4000015258789,0.0144368529490337,-3945,-1.041476610527962,37042,0.5414040013255834,0.0334763530381201,0.04162215779032504,0.020816470219207517,-0.01827328862540556,-0.03614686985856412
2007-02-20,274295,73556,35235,120867,125660,057642,LIVE CATTLE - CHICAGO MERCANTILE EXCHANGE ,92.6750030517578,0.017473887602763447,-4793,-0.3103282965977333,38321,0.46805411715625106,0.0034397855001683385,0.03624380693255876,-0.01827328862540556,0.022390039168203035,-0.03537444745139316
2007-02-27,283602,77244,37949,121865,129936,057642,LIVE CATTLE - CHICAGO MERCANTILE EXCHANGE ,94.75,0.028458896622731857,-8071,-1.1950637087806923,39295,0.35509214531799704,0.020945111417349414,0.055576293698401814,0.022390039168203035,0.030079139568560453,-0.0344233717551505
2007-03-06,285021,74624,37011,123486,128302,057642,LIVE CATTLE - CHICAGO MERCANTILE EXCHANGE ,97.5999984741211,0.016897000571887685,-4816,1.147735206380773,37613,-0.593084675002292,0.01292754221805646,0.031871724817485556,0.030079139568560453,0.02561475449882189,-0.03351385415943608
2007-03-13,299316,76858,40593,121498,125438,057642,LIVE CATTLE - CHICAGO MERCANTILE EXCHANGE ,100.0999984741211,0.01316334576166994,-3940,0.30734577452187734,36265,-0.47294760736928154,0.019648815887517414,0.0495185226179428,0.02561475449882189,-0.024975025355732927,-0.0324223867053837
2007-03-20,297871,74197,41762,118966,121774,057642,LIVE CATTLE - CHICAGO MERCANTILE EXCHANGE ,97.5999984741211,0.00942689956390518,-2808,0.37819561934544094,32435,-1.279584118456748,0.025737309960953726,0.03302891539250942,-0.024975025355732927,-0.007940589528640074,-0.03094464692928164
2007-03-27,298522,73659,42174,117338,119537,057642,LIVE CATTLE - CHICAGO MERCANTILE EXCHANGE ,96.8249969482422,0.00736629126161556,-2199,0.20445092002914014,31485,-0.3189300066136012,0.016316622691292876,0.008201462450251655,-0.007940589528640074,0.01755749683674601,-0.02880917224839605
2007-04-03,298482,74190,46974,120915,118666,057642,LIVE CATTLE - CHICAGO MERCANTILE EXCHANGE ,98.5250015258789,-0.00753479271781883,2249,1.4900074366378357,27216,-1.4300453567911244,0.018565746031613525,0.04399821729226503,0.01755749683674601,0.017761989067722528,-0.02642030556147493
2007-04-10,294301,74068,43347,120023,121321,057642,LIVE CATTLE - CHICAGO MERCANTILE EXCHANGE ,100.2750015258789,0.004410450525142626,-1298,-1.188346365945015,30721,1.1742751656716317,0.014696864226995492,0.031929480901077376,0.017761989067722528,-0.026178010072854918,-0.02400966362464079
2007-04-17,277906,65155,37886,117952,118235,057642,LIVE CATTLE - CHICAGO MERCANTILE EXCHANGE ,97.6500015258789,0.0010183299389002036,-283,0.34488499869181555,27269,-1.1729487837282238,0.021834393933620393,0.13949786977999049,-0.026178010072854918,-0.007680491431443892,-0.022356188176785773
2007-04-24,268049,62560,38650,116169,114136,057642,LIVE CATTLE - CHICAGO MERCANTILE EXCHANGE ,96.9000015258789,-0.007584434189271364,2033,0.8333753139550784,23910,-1.2086820723554008,0.025540044723301708,0.03318842011658927,-0.007680491431443892,-0.031217765513357865,-0.02036280400670026
2007-05-01,264813,63804,41925,115423,113177,057642,LIVE CATTLE - CHICAGO MERCANTILE EXCHANGE ,93.875,-0.008481456726067075,2246,0.07946308324224302,21879,-0.75769728669012,0.007458442694663167,0.04274134816370154,-0.031217765513357865,-0.016511350751081788,-0.01831987293260366
2007-05-08,253456,62977,39919,117061,115015,057642,LIVE CATTLE - CHICAGO MERCANTILE EXCHANGE ,92.3249969482422,-0.008072407045009784,2046,-0.07552499310834437,23058,0.4452198343736901,0.014977852082938347,0.027532654330586222,-0.016511350751081788,0.008665075312228598,-0.016313954422053963
2007-05-15,261875,66057,41341,120292,118923,057642,LIVE CATTLE - CHICAGO MERCANTILE EXCHANGE ,93.125,-0.005227684964200477,1369,-0.26710750583927784,24716,0.654156934536961,0.02984344627218193,0.0419188439263301,0.008665075312228598,-0.006711409395973145,-0.014708208466207576
2007-05-22,266552,69306,43427,120534,119977,057642,LIVE CATTLE - CHICAGO MERCANTILE EXCHANGE ,92.5,-0.0020896485488760166,557,-0.31007159904534604,25879,0.44410501193317425,0.005388526928082292,0.04732420852811511,-0.006711409395973145,-0.01621621621621616,-0.013104049901208956
2007-05-29,265906,65613,39068,122274,121414,057642,LIVE CATTLE - CHICAGO MERCANTILE EXCHANGE ,91.0,-0.0032342256286055976,860,0.11367387976830036,26545,0.2498574386986404,0.013037162273070484,0.0769194027569473,-0.01621621621621616,0.0002747420426254532,-0.011764443274991281
2007-06-05,251058,59638,32893,120256,119257,057642,LIVE CATTLE - CHICAGO MERCANTILE EXCHANGE ,91.0250015258789,-0.003979160194058744,999,0.05227411190420675,26745,0.07521454950245575,0.017431204151757942,0.13130734564632393,0.0002747420426254532,-0.006316996077975645,-0.010223449655922458
2007-06-12,243270,57108,32586,117409,113319,057642,LIVE CATTLE - CHICAGO MERCANTILE EXCHANGE ,90.4499969482422,-0.016812595058987957,4090,1.2311896055891467,24522,-0.8854527639031619,0.038075136090981586,0.03162976341784289,-0.006316996077975645,-0.003869524443670058,-0.009012719864988215
2007-06-19,241428,59227,33440,116376,113255,057642,LIVE CATTLE - CHICAGO MERCANTILE EXCHANGE ,90.0999984741211,-0.012927249531951556,3121,-0.3983228511530398,25787,0.5199983557364245,0.004777229555242977,0.03208261840784745,-0.003869524443670058,-0.050499395110091494,-0.008293433590762227
2007-06-26,227375,53000,35221,112639,102154,057642,LIVE CATTLE - CHICAGO MERCANTILE EXCHANGE ,85.55000305175781,-0.04611324903793293,10485,3.050184734165051,17779,-3.316930927647166,0.06908046351603638,0.0907720384035547,-0.050499395110091494,0.05172408257760264,-0.008315589681763307
2007-07-03,220243,50034,40061,113100,96600,057642,LIVE CATTLE - CHICAGO MERCANTILE EXCHANGE ,89.9749984741211,-0.07491725049150257,16500,2.645409565695437,9973,-3.4330951072017593,0.028683834048640916,0.08664187801764804,0.05172408257760264,0.022228397153852164,-0.009209022312909897
2007-07-10,229572,58623,42518,111121,100202,057642,LIVE CATTLE - CHICAGO MERCANTILE EXCHANGE ,91.9749984741211,-0.047562420504242676,10919,-2.5340192423822776,16105,2.784197454629659,0.026409808681497046,0.1092138697461959,0.022228397153852164,-0.005979836167304131,-0.00985148400387106
2007-07-17,236495,60334,39071,113111,108366,057642,LIVE CATTLE - CHICAGO MERCANTILE EXCHANGE ,91.4250030517578,-0.02006384913000275,4745,-2.689352360043908,21263,2.2467896781837506,0.045846747066286796,0.05188873799104673,-0.005979836167304131,0.013125478897308307,-0.010216783149411065
2007-07-24,241378,61272,38490,115405,111167,057642,LIVE CATTLE - CHICAGO MERCANTILE EXCHANGE ,92.625,-0.017557523883701083,4238,-0.21438085371783758,22782,0.6422968773124167,0.022487332944935826,0.015226238447505062,0.013125478897308307,0.02429149797570851,-0.01028340744105575
2007-07-31,251840,66046,38039,120638,119960,057642,LIVE CATTLE - CHICAGO MERCANTILE EXCHANGE ,94.875,-0.002692185514612452,678,-1.4748651492679532,28007,2.1646546081250153,0.058296411441491613,0.05019935629533554,0.02429149797570851,-0.03135703266530798,-0.010018817004904167
2007-08-07,241527,64256,36321,116949,116727,057642,LIVE CATTLE - CHICAGO MERCANTILE EXCHANGE ,91.9000015258789,-0.0009191518960613099,222,-0.18106734434561628,27935,-0.028589580686149935,0.029622211951591093,0.03487874961472305,-0.03135703266530798,-0.009521218557908329,-0.00961643423098884
2007-08-14,224582,53722,35342,114869,109173,057642,LIVE CATTLE - CHICAGO MERCANTILE EXCHANGE ,91.0250015258789,-0.02536267376726541,5696,2.2664132788466715,18380,-3.9560794445341516,0.043000865909070624,0.1292665948082278,-0.009521218557908329,0.020324069685350388,-0.01015278030557624
2007-08-21,223683,49234,38499,115894,104106,057642,LIVE CATTLE - CHICAGO MERCANTILE EXCHANGE ,92.875,-0.052699579315370414,11788,2.712594954181546,10735,-3.4041018425341303,0.027690909090909092,0.08713938882746515,0.020324069685350388,0.01641993567568134,-0.01117804649795279
2007-08-28,228259,57952,34442,112285,107520,057642,LIVE CATTLE - CHICAGO MERCANTILE EXCHANGE ,94.4000015258789,-0.02087540907477909,4765,-3.1397111090248253,23510,5.711207378298753,0.031951047519392185,0.13826655410524494,0.01641993567568134,0.03416311887703727,-0.011579401950346482
2007-09-04,232177,60908,32148,111546,111866,057642,LIVE CATTLE - CHICAGO MERCANTILE EXCHANGE ,97.625,0.0013782588283938546,-320,-2.227732531904547,28760,2.3000188382495326,0.022760639535924658,0.05641764099037139,0.03416311887703727,-0.019718341119157934,-0.011399938075348275
2007-09-11,227108,59819,32809,113537,109748,057642,LIVE CATTLE - CHICAGO MERCANTILE EXCHANGE ,95.6999969482422,-0.016683692340208185,3789,1.7697704768344842,27010,-0.7537352967778893,0.018402490091139128,0.018892775402686014,-0.019718341119157934,-0.0005224182231723384,-0.011679110257058117
2007-09-18,231028,56766,34237,113872,107742,057642,LIVE CATTLE - CHICAGO MERCANTILE EXCHANGE ,95.6500015258789,-0.02653358034523954,6130,1.03078711450059,22529,-1.9730700811948503,0.01056341205880495,0.049240134940606355,-0.0005224182231723384,0.02012540921750494,-0.012429059450981616
2007-09-25,246914,59737,33851,118090,113221,057642,LIVE CATTLE - CHICAGO MERCANTILE EXCHANGE ,97.5749969482422,-0.019719416476991988,4869,-0.5458212857315996,25886,1.4530706234742108,0.04192191465170269,0.03586998333119631,0.02012540921750494,-0.018959759487386152,-0.012572650554062795
2007-10-02,241252,58021,34902,119245,111095,057642,LIVE CATTLE - CHICAGO MERCANTILE EXCHANGE ,95.7249984741211,-0.033782103360801154,8150,1.3288027410353402,23119,-1.1206330949237386,0.01424416080576539,0.02977734253091269,-0.018959759487386152,-0.019064998457383853,-0.012813188035766579
2007-10-09,232287,52809,38546,121300,105388,057642,LIVE CATTLE - CHICAGO MERCANTILE EXCHANGE ,93.9000015258789,-0.06850146585904505,15912,3.2173826538225594,14263,-3.670850397095154,0.034240894974590624,0.09694050681407695,-0.019064998457383853,0.014376980321443744,-0.013682413165095044
2007-10-16,232179,53405,40166,121374,106259,057642,LIVE CATTLE - CHICAGO MERCANTILE EXCHANGE ,95.25,-0.0651006335628976,15115,-0.3431100319862928,13239,-0.44083396832366856,0.004151419170331191,0.023682551217791836,0.014376980321443744,0.007611532536704324,-0.014506121187356589
2007-10-23,235272,54708,40521,123185,106989,057642,LIVE CATTLE - CHICAGO MERCANTILE EXCHANGE ,95.9749984741211,-0.06883947091026557,16196,0.46558904982793453,14187,0.40830566071866964,0.011039474484520407,0.0174106627182896,0.007611532536704324,-0.016670992441354615,-0.015317683896708132
2007-10-30,232219,53569,44261,124727,104348,057642,LIVE CATTLE - CHICAGO MERCANTILE EXCHANGE ,94.375,-0.08775767702039884,20379,1.7779421265598967,9308,-2.073769934373831,0.018260395067117755,0.0498722273331289,-0.016670992441354615,0.014569536423840956,-0.016245896839853037
2007-11-06,237546,52469,49198,128731,104339,057642,LIVE CATTLE - CHICAGO MERCANTILE EXCHANGE ,95.75,-0.10268326976669782,24392,1.7281101029631514,3271,-2.599701144178556,0.0172180031750118,0.059380133179891215,0.014569536423840956,-0.0018277081123529992,-0.017807270474286412
2007-11-13,247131,52871,42892,129925,111319,057642,LIVE CATTLE - CHICAGO MERCANTILE EXCHANGE ,95.5749969482422,-0.07528800514706775,18606,-2.435738762176589,9979,2.823874112803415,0.03388270796372138,0.07004793082923468,-0.0018277081123529992,0.006277856371164958,-0.01894058845159524
2007-11-20,242358,53918,45536,128957,109584,057642,LIVE CATTLE - CHICAGO MERCANTILE EXCHANGE ,96.1750030517578,-0.07993546736645789,19373,0.310361710995383,8382,-0.6462159745236332,0.011331385380291019,0.03711263498702918,0.006277856371164958,-0.0007798760099476665,-0.02012917910407082
2007-11-27,238458,55183,45822,128418,109560,057642,LIVE CATTLE - CHICAGO MERCANTILE EXCHANGE ,96.0999984741211,-0.07908310897516543,18858,-0.21249556441297587,9361,0.40394787875787064,0.002365764902638059,0.015355675461610811,-0.0007798760099476665,-0.01899060330093183,-0.021103727716162986
2007-12-04,237412,55505,50050,128872,106792,057642,LIVE CATTLE - CHICAGO MERCANTILE EXCHANGE ,94.2750015258789,-0.09300288106751133,22080,1.3511813401102082,5455,-1.6380243061671236,0.01367200760404644,0.04310549002889489,-0.01899060330093183,0.0002651978305407976,-0.02220658906193896
2007-12-11,245789,58879,47451,126507,107911,057642,LIVE CATTLE - CHICAGO MERCANTILE EXCHANGE ,94.3000030517578,-0.07565838991980926,18596,-1.4674911124964198,11428,2.5158795680083568,0.01486233992270218,0.05617417473902003,0.0002651978305407976,-0.011930010218372145,-0.023141078681989564
2007-12-18,242864,57574,52479,124500,99650,057642,LIVE CATTLE - CHICAGO MERCANTILE EXCHANGE ,93.1750030517578,-0.10232064035838988,24850,2.544458865124151,5095,-2.5766002546899984,0.04580861030559893,0.05754500104495107,-0.011930010218372145,0.009659177536967434,-0.024693973438608147
2008-01-08,243690,57012,54191,122174,96589,057642,LIVE CATTLE - CHICAGO MERCANTILE EXCHANGE ,94.0749969482422,-0.10498994624317781,25585,0.30263851373608275,2821,-0.9363265037222478,0.024624822296274964,0.02044908860372472,0.009659177536967434,-0.034812585731852086,-0.026494512712645097
2008-01-15,254705,58063,55888,127244,100854,057642,LIVE CATTLE - CHICAGO MERCANTILE EXCHANGE ,90.8000030517578,-0.10361005869535345,26390,0.33033772415774143,2175,-0.26509089416882103,0.04092539171759507,0.024115628647401077,-0.034812585731852086,0.0024779566801649278,-0.028283969996013236
2008-01-22,253305,59070,54713,127674,101692,057642,LIVE CATTLE - CHICAGO MERCANTILE EXCHANGE ,91.0250015258789,-0.10257199818400742,25982,-0.16018531242025089,4357,0.8566773326004593,0.005528282308624644,0.019176854187356634,0.0024779566801649278,0.0013732490843678669,-0.03037688717425742
2008-01-29,261239,61588,56626,130035,104021,057642,LIVE CATTLE - CHICAGO MERCANTILE EXCHANGE ,91.1500015258789,-0.09957931243037985,26014,0.012632991847772449,4962,0.23884250212194785,0.02003793963837714,0.037482870049232744,0.0013732490843678669,0.0038398076605816733,-0.03216693054031982
2008-02-05,271252,67666,59241,132625,110282,057642,LIVE CATTLE - CHICAGO MERCANTILE EXCHANGE ,91.5,-0.08236989957677732,22343,-1.4052266315519506,8425,1.3256060542262067,0.03643781364884503,0.06849897956771495,0.0038398076605816733,0.004644842095713697,-0.03382748236430458
2008-02-12,270729,69998,57195,131997,112307,057642,LIVE CATTLE - CHICAGO MERCANTILE EXCHANGE ,91.9250030517578,-0.07272955612439007,19690,-0.9780573046466018,12803,1.613997316148821,0.010859421049184623,0.03442013318342991,0.004644842095713697,-0.005983171427779266,-0.03513735910109749
2008-02-19,269699,69089,56013,131914,112537,057642,LIVE CATTLE - CHICAGO MERCANTILE EXCHANGE ,91.375,-0.07184676250190027,19377,-0.11561376875030012,13076,0.10083884622630009,0.0012804202069126329,0.016714361081357612,-0.005983171427779266,0.020519835841313228,-0.036601232112061684
2008-02-26,278145,74847,56539,129302,116804,057642,LIVE CATTLE - CHICAGO MERCANTILE EXCHANGE ,93.25,-0.044933398047780834,12498,-2.550621248132177,18308,1.939940452133675,0.0279513705476502,0.04782853576484557,0.020519835841313228,-0.02198394693574046,-0.03774296770815427
2008-03-04,283138,76481,59481,133563,117286,057642,LIVE CATTLE - CHICAGO MERCANTILE EXCHANGE ,91.1999969482422,-0.05748786810671828,16277,1.3586438728001582,17000,-0.4702583185029391,0.01890778914805321,0.03365646283520395,-0.02198394693574046,-0.01425433624850958,-0.03918453993333661
2008-03-11,276911,77694,57010,130695,116958,057642,LIVE CATTLE - CHICAGO MERCANTILE EXCHANGE ,89.9000015258789,-0.04960799679319348,13737,-0.8970890519817192,20684,1.3011323100396273,0.012905153581826184,0.027348853783109632,-0.01425433624850958,0.011679592931497895,-0.04068582634518133
2008-03-18,272674,83053,56586,128812,118721,057642,LIVE CATTLE - CHICAGO MERCANTILE EXCHANGE ,90.9499969482422,-0.03700756214380543,10091,-1.316668532488778,26467,2.088396632853155,0.014729349218084054,0.04141393163800944,0.011679592931497895,0.0021990608504420806,-0.04172245255125235
2008-03-25,269301,87964,51380,125610,127061,057642,LIVE CATTLE - CHICAGO MERCANTILE EXCHANGE ,91.1500015258789,0.005388023067125633,-1451,-4.232893491862077,36584,3.7102914102554703,0.04567995535696617,0.07260448960845103,0.0021990608504420806,-0.04114097572379438,-0.041871977987685896
2008-04-01,275988,95343,55153,126030,130222,057642,LIVE CATTLE - CHICAGO MERCANTILE EXCHANGE ,87.4000015258789,0.01518906619128368,-4192,-1.0178202086141528,40190,1.3390221350830482,0.013974525076877449,0.07410163725281735,-0.04114097572379438,0.005434765055243762,-0.04176116709100554
2008-04-08,279762,96897,53320,128078,131781,057642,LIVE CATTLE - CHICAGO MERCANTILE EXCHANGE ,87.875,0.013236250813191212,-3703,0.17718161659202575,43577,1.2272272707509022,0.013880604481661209,0.02254738145482868,0.005434765055243762,0.018207664001377966,-0.04164828325347524
2008-04-15,283571,97780,50397,128719,134863,057642,LIVE CATTLE - CHICAGO MERCANTILE EXCHANGE ,89.4749984741211,0.021666531485941793,-6144,-0.8725273625438765,47383,1.3604420900622674,0.014124636735437169,0.02568549774931332,0.018207664001377966,0.015087996615183785,-0.041086719326479844
2008-04-22,291232,96110,46850,132032,138685,057642,LIVE CATTLE - CHICAGO MERCANTILE EXCHANGE ,90.8249969482422,0.022844330293374356,-6653,-0.17949649294180292,49260,0.6619153580584757,0.026355936272934467,0.03649272523782876,0.015087996615183785,0.014863816668057916,-0.040732221638629225
2008-04-29,294520,101583,45338,130945,142226,057642,LIVE CATTLE - CHICAGO MERCANTILE EXCHANGE ,92.1750030517578,0.03830300149395627,-11281,-1.5891110866937699,56245,2.39843149104494,0.01694176907504823,0.04754255688431198,0.014863816668057916,-0.0037971911247897117,-0.040015208724108915
2008-05-06,298329,105226,42940,129247,145831,057642,LIVE CATTLE - CHICAGO MERCANTILE EXCHANGE ,91.8249969482422,0.055589634262844044,-16584,-1.8005568382452806,62286,2.0511340486214857,0.019278168374061176,0.040771836993642264,-0.0037971911247897117,0.027497975603550717,-0.03880032279233747
2008-05-13,298813,103589,38537,132202,153282,057642,LIVE CATTLE - CHICAGO MERCANTILE EXCHANGE ,94.3499984741211,0.07054579285372457,-21080,-1.5070609964167077,65052,0.9271643051798518,0.036450379005478414,0.04249750221634324,0.027497975603550717,-0.007419151664683765,-0.03728056799272609
2008-05-20,297598,97971,39382,134464,150737,057642,LIVE CATTLE - CHICAGO MERCANTILE EXCHANGE ,93.6500015258789,0.05468114705071943,-16273,1.6086984167355503,58589,-2.162891172740142,0.01685477961157219,0.047053941304521923,-0.007419151664683765,0.03256802319987662,-0.03607376887550053
2008-05-27,296795,94441,36360,135667,150619,057642,LIVE CATTLE - CHICAGO MERCANTILE EXCHANGE ,96.6999969482422,0.050378207180040095,-14952,0.4438873917163422,58081,-0.1707000719090854,0.00461426685202909,0.05009136015779696,0.03256802319987662,-0.024560497155663774,-0.035004424795803596
2008-06-03,297547,90811,34357,138279,150139,057642,LIVE CATTLE - CHICAGO MERCANTILE EXCHANGE ,94.3249969482422,0.03985924912702867,-11860,1.041796526221803,56454,-0.5481898279957547,0.010720551421894611,0.045003515275469766,-0.024560497155663774,-0.00874632361445915,-0.034197715225113126
2008-06-10,295678,90131,31005,142097,155019,057642,LIVE CATTLE - CHICAGO MERCANTILE EXCHANGE ,93.5,0.04370294712491291,-12922,-0.35691840280695153,59126,0.8980093901131586,0.02927476137266253,0.03328490291903315,-0.00874632361445915,0.0302138711041946,-0.03329507728754546
2008-06-17,296409,89785,27942,143263,161280,057642,LIVE CATTLE - CHICAGO MERCANTILE EXCHANGE ,96.3249969482422,0.06078425418931274,-18017,-1.7231583005837432,61843,0.9189050250610462,0.024387360733952184,0.02895682383820194,0.0302138711041946,0.014274591679860782,-0.03204962701094216
2008-06-24,302372,89904,27379,144212,165455,057642,LIVE CATTLE - CHICAGO MERCANTILE EXCHANGE ,97.6999969482422,0.07025452092124933,-21243,-1.0883610146790414,62525,0.23008748047461447,0.016546806731101475,0.005814994500481741,0.014274591679860782,0.05757420855376183,-0.0303752593959376
2008-07-01,312602,91334,33090,145808,164360,057642,LIVE CATTLE - CHICAGO MERCANTILE EXCHANGE ,103.3249969482422,0.059347029129692065,-18552,0.8899633563954336,58244,-1.4158056962946304,0.008675943359727632,0.057392464476306825,0.05757420855376183,-0.011855780404568916,-0.028985369421675216
2008-07-08,305885,89092,34121,140517,156656,057642,LIVE CATTLE - CHICAGO MERCANTILE EXCHANGE ,102.0999984741211,0.052761658793337364,-16139,0.771908049212737,54971,-1.0470182532421417,0.04372873713291584,0.026563755447882934,-0.011855780404568916,-0.024485798602961406,-0.027083928886458483
2008-07-15,294372,82033,39320,135165,140135,057642,LIVE CATTLE - CHICAGO MERCANTILE EXCHANGE ,99.5999984741211,0.016883399236340413,-4970,3.651372247740164,42713,-4.007388397600406,0.07945150744642208,0.10101109984920027,-0.024485798602961406,-0.02008032159277251,-0.02531853177630766
2008-07-22,298308,83028,51263,136613,130871,057642,LIVE CATTLE - CHICAGO MERCANTILE EXCHANGE ,97.5999984741211,-0.019248561889054265,5742,3.638933050697757,31765,-3.719103719103719,0.040047255162925635,0.09634301628552919,-0.02008032159277251,-0.0005122481879602514,-0.024774034495246344
2008-07-29,294381,78699,59157,141824,126656,057642,LIVE CATTLE - CHICAGO MERCANTILE EXCHANGE ,97.5500030517578,-0.05152506445728495,15168,3.1598213926545715,19542,-4.097442911353366,0.03510876042908224,0.08866498375116064,-0.0005122481879602514,0.02742178717251309,-0.025379057866924844
2008-08-05,296992,75636,56708,141274,128362,057642,LIVE CATTLE - CHICAGO MERCANTILE EXCHANGE ,100.2249984741211,-0.043475918543260425,12912,-0.76635380680139,18928,-0.2085732435177542,0.008366835289056358,0.04164903584597715,0.02742178717251309,0.025442784640363314,-0.025877488533454836
2008-08-12,276299,75276,55302,139388,127775,057642,LIVE CATTLE - CHICAGO MERCANTILE EXCHANGE ,102.7750015258789,-0.04203055385651052,11613,-0.4373855188018532,19974,0.35219803900441765,0.009256521299730876,0.013524483450504679,0.025442784640363314,-0.020189779098317207,-0.026633995616952875
2008-08-19,275574,74371,57552,140076,123210,057642,LIVE CATTLE - CHICAGO MERCANTILE EXCHANGE ,100.6999969482422,-0.0612031614012933,16866,1.9012012348940823,16819,-1.141878906546893,0.019951687518515986,0.02391546583992177,-0.020189779098317207,0.009930486894790924,-0.027793303492053487
2008-08-26,271356,72047,57865,139739,120246,057642,LIVE CATTLE - CHICAGO MERCANTILE EXCHANGE ,101.6999969482422,-0.07183552233965713,19493,0.9532829657369709,14182,-0.9569117551002635,0.012696886358828393,0.020298355810086828,0.009930486894790924,0.020157356079382183,-0.028687012118445637
2008-09-02,275222,73827,64245,139057,116676,057642,LIVE CATTLE - CHICAGO MERCANTILE EXCHANGE ,103.75,-0.08131980728284803,22381,1.0642845560813101,9582,-1.6951900824009787,0.016626716145354725,0.059099600208586824,0.020157356079382183,-0.010602394931287673,-0.029237401117820208
2008-09-09,272352,74973,70667,138727,110612,057642,LIVE CATTLE - CHICAGO MERCANTILE EXCHANGE ,102.6500015258789,-0.1032303783339208,28115,2.0834090298013965,4306,-1.9169979144109122,0.025643802213051306,0.051963746223564956,-0.010602394931287673,0.0009741692414479974,-0.030821150526649854
2008-09-16,276655,72444,72215,140561,110088,057642,LIVE CATTLE - CHICAGO MERCANTILE EXCHANGE ,102.75,-0.11014801828992789,30473,0.8657913288685232,229,-1.49695981670779,0.009407577927699692,0.028183521246517674,0.0009741692414479974,-0.0053528277543337666,-0.03296588662507912
2008-09-23,256310,68819,69409,135514,105073,057642,LIVE CATTLE - CHICAGO MERCANTILE EXCHANGE ,102.1999969482422,-0.11876633763801646,30441,-0.011566752814877736,-590,-0.2960365798557771,0.04182270862515431,0.04652458257371878,-0.0053528277543337666,-0.032289584353261125,-0.03492901441926774
2008-09-30,246257,66854,64673,130929,102913,057642,LIVE CATTLE - CHICAGO MERCANTILE EXCHANGE ,98.9000015258789,-0.11376732438062674,28016,-0.9461199328937615,2181,1.081112715071593,0.02884426236518675,0.0509477141575494,-0.032289584353261125,-0.05561172816120563,-0.03660658641994827
2008-10-07,239492,58401,59430,133314,102104,057642,LIVE CATTLE - CHICAGO MERCANTILE EXCHANGE ,93.4000015258789,-0.13031750538640122,31210,1.2970189679887272,-1029,-1.303516245223486,0.013567356786651828,0.116234267722416,-0.05561172816120563,-0.020074946138844307,-0.038733472745129206
2008-10-14,231367,56232,55955,127635,98864,057642,LIVE CATTLE - CHICAGO MERCANTILE EXCHANGE ,91.5250015258789,-0.12435221963374206,28771,-1.0184056252400915,277,0.5453209293003524,0.0393776572965002,0.05030885931525043,-0.020074946138844307,0.0032777428829484645,-0.04047520575037807
2008-10-21,225382,56514,59309,121868,92504,057642,LIVE CATTLE - CHICAGO MERCANTILE EXCHANGE ,91.8249969482422,-0.1302854708894233,29364,0.2563027570915472,-2795,-1.3277606573106795,0.05656988785848898,0.031392728559957866,0.0032777428829484645,-0.022597299397807635,-0.04166335969326996
2008-10-28,214044,53412,57362,114014,86671,057642,LIVE CATTLE - CHICAGO MERCANTILE EXCHANGE ,89.75,-0.12774476275905888,27343,-0.8966998251856848,-3950,-0.5124632845568857,0.06820141017016718,0.04557928755845234,-0.022597299397807635,0.045682434252045656,-0.042868054485503834
2008-11-04,216468,53579,54114,113063,87719,057642,LIVE CATTLE - CHICAGO MERCANTILE EXCHANGE ,93.8499984741211,-0.117079660735074,25344,-0.9339201285716956,-535,1.5954663527125263,0.009956071759420666,0.031710510432432934,0.045682434252045656,-0.023974427667363574,-0.04379575044367323
2008-11-11,212279,53304,52222,113000,89766,057642,LIVE CATTLE - CHICAGO MERCANTILE EXCHANGE ,91.5999984741211,-0.10945029889909035,23234,-0.9747399153685533,1082,0.7469926270857586,0.010406083860213251,0.020535223546803632,-0.023974427667363574,-0.048580753519329,-0.044212916249032674
2008-11-18,216423,50741,54482,114836,90066,057642,LIVE CATTLE - CHICAGO MERCANTILE EXCHANGE ,87.1500015258789,-0.11445179116822149,24770,0.723576048502207,-3741,-2.272009949170667,0.010424495612536725,0.0458359864288226,-0.048580753519329,-0.015203724089933202,-0.044439233968292746
2008-11-25,213883,48813,52885,113066,89601,057642,LIVE CATTLE - CHICAGO MERCANTILE EXCHANGE ,85.82499694824219,-0.10970951408012793,23465,-0.602985819436936,-4072,-0.1529412308303646,0.011027942388252651,0.034661448602725714,-0.015203724089933202,-0.01718611740831877,-0.045101186063159285
2008-12-02,213323,48895,53310,113451,89218,057642,LIVE CATTLE - CHICAGO MERCANTILE EXCHANGE ,84.3499984741211,-0.11359768988810395,24233,0.3590748212807937,-4415,-0.1603680516918128,0.0037894300559039615,0.004960618365050634,-0.01718611740831877,-0.020746888342113134,-0.045748536496267866
2008-12-09,210044,45109,55681,114582,84236,057642,LIVE CATTLE - CHICAGO MERCANTILE EXCHANGE ,82.5999984741211,-0.14447449105901622,30346,2.865607552865842,-10572,-2.886233551937672,0.03074671307426893,0.06108740946522472,-0.020746888342113134,0.0481234690986887,-0.047006063074803456
2008-12-16,212225,44946,54990,113193,83095,057642,LIVE CATTLE - CHICAGO MERCANTILE EXCHANGE ,86.57499694824219,-0.14182118035104252,30098,-0.11807049951438747,-10044,0.2513759021919217,0.012889223997391588,0.008545469100224143,0.0481234690986887,-0.008085440056794568,-0.04794487652256368
2008-12-30,211365,44904,55040,111869,83435,057642,LIVE CATTLE - CHICAGO MERCANTILE EXCHANGE ,85.875,-0.13452558370591158,28434,-0.784073506891271,-10136,-0.043350217929084695,0.008520050792610494,0.0009205154886736572,-0.008085440056794568,0.0311499627570051,-0.04907693794152719
2009-01-06,216984,47518,53230,111295,87742,057642,LIVE CATTLE - CHICAGO MERCANTILE EXCHANGE ,88.55000305175781,-0.10854717398517863,23553,-2.3092754240295226,-5712,2.0930617651929126,0.024523078623572503,0.04391154166832096,0.0311499627570051,-0.05053648728730098,-0.04919667897281158
2009-01-13,201142,48645,50026,99865,82632,057642,LIVE CATTLE - CHICAGO MERCANTILE EXCHANGE ,84.07499694824219,-0.08567579123206491,17233,-2.912657154444567,-1381,1.9959997050473768,0.09063162682126281,0.04389334252211896,-0.05053648728730098,-0.01724647042371974,-0.04882525291490557
2009-01-20,203960,51315,54190,97943,78589,057642,LIVE CATTLE - CHICAGO MERCANTILE EXCHANGE ,82.625,-0.09489115512845656,19354,1.0544789253363296,-2875,-0.742758846983723,0.033789907778759655,0.06477418131842093,-0.01724647042371974,-0.01633886201659418,-0.04865758169246523
2009-01-27,206740,54262,58229,99984,78724,057642,LIVE CATTLE - CHICAGO MERCANTILE EXCHANGE ,81.2750015258789,-0.10283447808842024,21260,0.9344969601882722,-3967,-0.5353990978623259,0.01217628757526244,0.062102745997457576,-0.01633886201659418,0.027683789083456034,-0.04866262938293472
2009-02-03,207224,53985,60929,101001,79385,057642,LIVE CATTLE - CHICAGO MERCANTILE EXCHANGE ,83.5250015258789,-0.1043122418252712,21616,0.17219696236819193,-6944,-1.4399729128373804,0.009302274012395641,0.025906329951093862,0.027683789083456034,0.014965578894514664,-0.04875364725591339
2009-02-10,202092,51483,47277,98472,86038,057642,LIVE CATTLE - CHICAGO MERCANTILE EXCHANGE ,84.7750015258789,-0.061526433505532135,12434,-4.430953943558661,4206,5.380650889858318,0.04976424042057341,0.16356824625354394,0.014965578894514664,-0.041580671924881574,-0.04835281136992791
2009-02-17,200762,49932,45498,97440,83739,057642,LIVE CATTLE - CHICAGO MERCANTILE EXCHANGE ,81.25,-0.06824498660105,13701,0.6269421847475407,4434,0.11281990380618727,0.018385132934832404,0.034894687205281355,-0.041580671924881574,0.011692270132211524,-0.048266569648325215
2009-02-24,204978,51070,48240,97858,78523,057642,LIVE CATTLE - CHICAGO MERCANTILE EXCHANGE ,82.19999694824219,-0.09432719608933642,19335,2.8063079666470747,2830,-0.7989559777248683,0.03194221599832182,0.03906958010270869,0.011692270132211524,0.024635055973955433,-0.04869888567885283
2009-03-03,202827,50518,51351,100083,78880,057642,LIVE CATTLE - CHICAGO MERCANTILE EXCHANGE ,84.2249984741211,-0.10453736435484427,21203,0.9113173121017865,-833,-1.7870210461610514,0.014427563239328799,0.03595794598945705,0.024635055973955433,-0.016028477276089137,-0.04984511580014252
2009-03-10,209715,50882,54328,104167,81884,057642,LIVE CATTLE - CHICAGO MERCANTILE EXCHANGE ,82.875,-0.10625372529385117,22283,0.5324734872576137,-3446,-1.288290020559393,0.038097080907923096,0.031755536545955705,-0.016028477276089137,0.01719460695937025,-0.05078292074604892
2009-03-17,206327,48837,52038,103710,82855,057642,LIVE CATTLE - CHICAGO MERCANTILE EXCHANGE ,84.30000305175781,-0.10107741594653148,20855,-0.6809241112938988,-3201,0.11682521517297284,0.007654168788357945,0.04297397769516729,0.01719460695937025,0.013641682738472882,-0.05177271726822849
2009-03-24,211521,47354,50556,105632,88499,057642,LIVE CATTLE - CHICAGO MERCANTILE EXCHANGE ,85.44999694824219,-0.08099904973974216,17133,-1.803932592438217,-3202,-0.00048466754229935976,0.03897368271940082,0.030282912879174752,0.013641682738472882,-0.017846623182538823,-0.0526187074143042
2009-03-31,203981,48951,57967,103492,81744,057642,LIVE CATTLE - CHICAGO MERCANTILE EXCHANGE ,83.92500305175781,-0.10661777322397674,21748,2.181816462668009,-9016,-2.748663253293999,0.048019823360469886,0.08425148244449017,-0.017846623182538823,0.02800117234040278,-0.05477266503528693
2009-04-07,209903,49504,49162,104160,90996,057642,LIVE CATTLE - CHICAGO MERCANTILE EXCHANGE ,86.2750015258789,-0.06271468249620063,13164,-4.2082350807183015,342,4.587682186085959,0.05083112996782062,0.09484523544078001,0.02800117234040278,0.0008692778547176871,-0.0562708140485078
2009-04-14,204002,49150,46941,102044,91417,057642,LIVE CATTLE - CHICAGO MERCANTILE EXCHANGE ,86.3499984741211,-0.05209262654287703,10627,-1.2086535209120404,2209,0.8894584641477253,0.013113754193351632,0.026797514855709692,0.0008692778547176871,0.018818761189521194,-0.05752713861304756
2009-04-21,205944,48555,46981,100056,90505,057642,LIVE CATTLE - CHICAGO MERCANTILE EXCHANGE ,87.9749984741211,-0.04637668492405703,9551,-0.5274458093548102,1574,-0.3112714581229596,0.01521822408572583,0.006646709093954112,0.018818761189521194,-0.023586211812809177,-0.05883566200554754
2009-04-28,206057,47060,46842,97810,88556,057642,LIVE CATTLE - CHICAGO MERCANTILE EXCHANGE ,85.9000015258789,-0.04490990357037131,9254,-0.14421396107679757,218,-0.6584314182496213,0.022509470611592242,0.017401120316926158,-0.023586211812809177,-0.043946466342513646,-0.06013862804138881
2009-05-05,206498,47863,52040,100027,86485,057642,LIVE CATTLE - CHICAGO MERCANTILE EXCHANGE ,82.125,-0.0655793276448198,13542,2.080977593578476,-4177,-2.132904972895849,0.022990477824483144,0.060068266218231685,-0.043946466342513646,0.013089764970985573,-0.06213636514021142
2009-05-12,205439,48893,52207,100547,86396,057642,LIVE CATTLE - CHICAGO MERCANTILE EXCHANGE ,83.19999694824219,-0.06888176052258821,14151,0.2949181105870275,-3314,0.4179217232128156,0.0032576774738824134,0.011839762611275964,0.013089764970985573,-0.018329254235827208,-0.06453004580916205
2009-05-19,205112,51210,55653,99945,84361,057642,LIVE CATTLE - CHICAGO MERCANTILE EXCHANGE ,81.67500305175781,-0.07597800226217871,15584,0.6975306538680581,-4443,-0.5495548556992587,0.014307727366444934,0.05392886218803515,-0.018329254235827208,0.014080120642978367,-0.0673478110998525
2009-05-26,200186,51720,52915,98389,84527,057642,LIVE CATTLE - CHICAGO MERCANTILE EXCHANGE ,82.82499694824219,-0.06924560159052082,13862,-0.8395413237645774,-1195,1.5835250984827802,0.009414157318113233,0.031041238591293544,0.014080120642978367,-0.04286140118522064,-0.06973101780449173
2009-06-02,207951,54871,65356,102855,78121,057642,LIVE CATTLE - CHICAGO MERCANTILE EXCHANGE ,79.2750015258789,-0.11894148140667754,24734,5.430949217227978,-10485,-4.640684163727733,0.06007426399080541,0.12968800685370174,-0.04286140118522064,0.011352904554471799,-0.07298716566192862
2009-06-09,210606,54089,64750,106315,80282,057642,LIVE CATTLE - CHICAGO MERCANTILE EXCHANGE ,80.17500305175781,-0.12360996362876651,26033,0.6246663877548077,-10661,-0.08463532274430034,0.030123742611081635,0.011679667449238046,0.011352904554471799,-0.00717186848456397,-0.07613080436877083
2009-06-16,210684,53109,65309,107071,79153,057642,LIVE CATTLE - CHICAGO MERCANTILE EXCHANGE ,79.5999984741211,-0.13251124907444325,27918,0.8950362287874041,-12200,-0.7307484117261617,0.010122218403642925,0.012996335016635984,-0.00717186848456397,0.02826633220013819,-0.07951953891106613
2009-06-23,212847,53931,56806,104620,84594,057642,LIVE CATTLE - CHICAGO MERCANTILE EXCHANGE ,81.8499984741211,-0.09408636250452203,20026,-3.7458943251504624,-2875,4.426059881149019,0.04170938725464289,0.08420853012091713,0.02826633220013819,0.00824683035236995,-0.0824978200013322
2009-06-30,214013,55509,45410,101172,92642,057642,LIVE CATTLE - CHICAGO MERCANTILE EXCHANGE ,82.5250015258789,-0.03985739184068258,8530,-5.401062735204161,10099,6.0954582399564,0.05931460059644814,0.12855854695349736,0.00824683035236995,0.020296823888431126,-0.08461535678521548
2009-07-07,216834,58729,47770,102096,95515,057642,LIVE CATTLE - CHICAGO MERCANTILE EXCHANGE ,84.19999694824219,-0.03035040630159477,6581,-0.9106923411194647,10959,0.40184474774896856,0.019214517410468042,0.05239485816768233,0.020296823888431126,0.010095084730681547,-0.0863403074665864
2009-07-14,220377,63754,41748,100317,103160,057642,LIVE CATTLE - CHICAGO MERCANTILE EXCHANGE ,85.05000305175781,0.012900620300666585,-2843,-4.346181871846666,22006,5.094680723502772,0.04631481690805349,0.10470891547079676,0.010095084730681547,0.011463826444870984,-0.08710686589913776
2009-07-21,227467,65016,38145,101762,109730,057642,LIVE CATTLE - CHICAGO MERCANTILE EXCHANGE ,86.0250015258789,0.03502925699112399,-7968,-2.32556028986691,26871,2.207580645893174,0.03789741455941596,0.04715929469470052,0.011463826444870984,-0.012786962564483972,-0.08675790709616113
2009-07-28,229406,66824,39691,101406,111380,057642,LIVE CATTLE - CHICAGO MERCANTILE EXCHANGE ,84.92500305175781,0.043477502768018275,-9974,-0.881886163707263,27133,0.11518154281719986,0.009427311947214573,0.03148852274327559,-0.012786962564483972,-0.010008902831567634,-0.08555163662198668
2009-08-04,235693,71965,41613,101290,110606,057642,LIVE CATTLE - CHICAGO MERCANTILE EXCHANGE ,84.07499694824219,0.039525993559418396,-9316,0.28682772028630465,30352,1.4031891057775299,0.0042001736701023145,0.06218633890366092,-0.010008902831567634,-0.009217887893132715,-0.08380065473705006
2009-08-11,226076,69703,47931,103180,100428,057642,LIVE CATTLE - CHICAGO MERCANTILE EXCHANGE ,83.30000305175781,-0.01217289760965339,2752,5.12021994713462,21772,-3.6403287327158633,0.059270755569525754,0.07293809612867028,-0.009217887893132715,0.019807849172096326,-0.08319867356524993
2009-08-18,231480,73063,54046,104388,99483,057642,LIVE CATTLE - CHICAGO MERCANTILE EXCHANGE ,84.94999694824219,-0.021189735614307932,4905,0.9523346131389445,19017,-1.2186167483501125,0.010560599594841836,0.07454232194415816,0.019807849172096326,0.0058858153968461835,-0.08279788859905374
2009-08-25,239923,75742,56573,107743,101942,057642,LIVE CATTLE - CHICAGO MERCANTILE EXCHANGE ,85.44999694824219,-0.024178590631160832,5801,0.38707447727665456,19169,0.06566442025228962,0.027727305243579654,0.03934550126591845,0.0058858153968461835,0.007606805723733512,-0.08208587762270504
2009-09-01,244351,75589,66779,112693,97018,057642,LIVE CATTLE - CHICAGO MERCANTILE EXCHANGE ,86.0999984741211,-0.0641495226129625,15675,4.11548705209588,8810,-4.317635241306586,0.04708384395668325,0.07276213755900203,0.007606805723733512,0.011614402064136664,-0.08193806993565321
2009-09-08,242009,70615,62639,114433,97096,057642,LIVE CATTLE - CHICAGO MERCANTILE EXCHANGE ,87.0999984741211,-0.07163783165088902,17337,0.6801691010063392,7976,-0.34131229256274787,0.008594566229689547,0.06839569543878608,0.011614402064136664,0.001435132057288513,-0.08175187809657708
2009-09-15,253516,73030,60504,114960,102187,057642,LIVE CATTLE - CHICAGO MERCANTILE EXCHANGE ,87.2249984741211,-0.05038340775335679,12773,-1.8858802771797745,12526,1.8800953683540695,0.025871874812914752,0.034073719052825496,0.001435132057288513,-0.02235594132822749,-0.080735590200797
2009-09-22,257090,69348,70639,121229,97644,057642,LIVE CATTLE - CHICAGO MERCANTILE EXCHANGE ,85.2750015258789,-0.09173830176202886,23585,4.264819577462566,-1291,-5.450149103015194,0.04939850963800926,0.09870202233064498,-0.02235594132822749,0.004397537300379728,-0.08038155719064509
2009-09-29,255073,71029,67159,123080,104242,057642,LIVE CATTLE - CHICAGO MERCANTILE EXCHANGE ,85.6500015258789,-0.07385336746735248,18838,-1.846435100548446,3870,2.0074682017970362,0.03716754207687773,0.03734767128838973,0.004397537300379728,-0.039112649322124105,-0.07951784622582464
2009-10-06,255493,68729,67648,125978,102322,057642,LIVE CATTLE - CHICAGO MERCANTILE EXCHANGE ,82.30000305175781,-0.0925896208506691,23656,1.88887102907795,1081,-1.0934124740760487,0.021103810775295665,0.020450662501741497,-0.039112649322124105,-0.0012151409454107531,-0.07911058269640235
2009-10-13,256823,69693,69715,124107,101897,057642,LIVE CATTLE - CHICAGO MERCANTILE EXCHANGE ,82.19999694824219,-0.08647979347644097,22210,-0.5659646252539208,-22,-0.43171437182232,0.010159112228102158,0.021741937335016642,-0.0012151409454107531,0.032846772236947874,-0.07826754977505698
2009-10-20,262458,70883,65445,124188,109547,057642,LIVE CATTLE - CHICAGO MERCANTILE EXCHANGE ,84.9000015258789,-0.05578416356140792,14641,-2.947165946975154,5438,2.125977813513587,0.033075919310330076,0.04005046652191773,0.032846772236947874,0.014428721461773986,-0.07694893331212747
2009-10-27,263566,74512,58234,121454,116440,057642,LIVE CATTLE - CHICAGO MERCANTILE EXCHANGE ,86.125,-0.01902369804906551,5014,-3.6680154539011958,16278,4.13018463906606,0.040467603218240056,0.08165971102707426,0.014428721461773986,-0.004934723387608808,-0.0748092838344283
2009-11-03,268141,79199,56273,119448,120576,057642,LIVE CATTLE - CHICAGO MERCANTILE EXCHANGE ,85.69999694824219,0.004206741975304038,-1128,-2.3303460992692533,22926,2.5223283731589055,0.02558910775589108,0.049072871146805246,-0.004934723387608808,-0.018961494257478284,-0.072271754897229
2009-11-17,271891,85951,63030,118436,113988,057642,LIVE CATTLE - CHICAGO MERCANTILE EXCHANGE ,84.07499694824219,-0.01635949700431423,4448,2.079502948075826,22921,-0.0018646905918900877,0.032698860702853404,0.09067599224062128,-0.018961494257478284,-0.008028491785480707,-0.07033482867163747
2009-11-24,266079,89409,66812,121359,117142,057642,LIVE CATTLE - CHICAGO MERCANTILE EXCHANGE ,83.4000015258789,-0.015848676520882895,4217,-0.08496051726611033,22597,-0.1191654008407781,0.025479977023157137,0.046344601558049175,-0.008028491785480707,-0.010191828040402862,-0.06853479747205657
2009-12-01,266788,90033,67427,121803,118184,057642,LIVE CATTLE - CHICAGO MERCANTILE EXCHANGE ,82.55000305175781,-0.01356507788956025,3619,-0.22474528241612454,22606,0.0033824540831858207,0.006192002066778617,0.007868665057792455,-0.010191828040402862,-0.020290769107635387,-0.06659466837054384
2009-12-08,263650,90096,67333,117584,117240,057642,LIVE CATTLE - CHICAGO MERCANTILE EXCHANGE ,80.875,-0.0013047600986155889,344,-1.2275664572619458,22763,0.05884822405805358,0.021986679385412055,0.000997274962046383,-0.020290769107635387,0.015146812663011877,-0.06450996156320707
2009-12-15,260608,91788,65421,116335,119441,057642,LIVE CATTLE - CHICAGO MERCANTILE EXCHANGE ,82.0999984741211,0.011918283398821217,-3106,-1.3085530058790062,26367,1.3669637777356345,0.014632532573289902,0.022924896157344683,0.015146812663011877,-0.001827058814455218,-0.062096192846150804
2009-12-22,259625,91045,58526,116662,124078,057642,LIVE CATTLE - CHICAGO MERCANTILE EXCHANGE ,81.94999694824219,0.02856427539720751,-7416,-1.653824901768173,32519,2.360633595284872,0.020619755753094625,0.05106604889985358,-0.001827058814455218,0.02776084942767909,-0.0587685242604542
2009-12-29,264579,94203,56334,115310,126009,057642,LIVE CATTLE - CHICAGO MERCANTILE EXCHANGE ,84.2249984741211,0.0404378276431614,-10699,-1.264516129032258,37869,2.060664419836302,0.013604399156303482,0.035539435487620986,0.02776084942767909,0.024933196938748958,-0.05526354333748874
2010-01-05,258975,95918,48431,113391,133923,057642,LIVE CATTLE - CHICAGO MERCANTILE EXCHANGE ,86.32499694824219,0.0792817839559803,-20532,-3.716470316994168,47487,3.6352091435828235,0.03975917254987587,0.06663018101961218,0.024933196938748958,-0.010136113882803,-0.05115186319014467
2010-01-12,278461,99460,47968,118287,138285,057642,LIVE CATTLE - CHICAGO MERCANTILE EXCHANGE ,85.44999694824219,0.07181616097047701,-19998,0.2061975094121054,51492,1.5464813205907906,0.03608343856695197,0.02716580296822856,-0.010136113882803,0.028671792453318634,-0.047683337517920525
2010-01-19,278567,106621,38966,114926,147391,057642,LIVE CATTLE - CHICAGO MERCANTILE EXCHANGE ,87.9000015258789,0.11654287837396389,-32465,-4.4771081049051755,67655,5.804403489178018,0.04752646606967905,0.11101952784245846,0.028671792453318634,-0.027019339690236177,-0.04379451694857381
2010-01-26,284138,107097,35290,115734,151709,057642,LIVE CATTLE - CHICAGO MERCANTILE EXCHANGE ,85.5250015258789,0.126611012958492,-35975,-1.2600200310876737,71807,1.4904852333549918,0.019166700941882945,0.02915996544628372,-0.027019339690236177,0.008184705475046128,-0.039534859869978636
2010-02-02,282894,105612,37914,115382,147899,057642,LIVE CATTLE - CHICAGO MERCANTILE EXCHANGE ,86.2249984741211,0.11494411334280685,-32517,1.2170142677149836,67698,-1.4461282897746868,0.015808204921737613,0.028628959212964898,0.008184705475046128,0.029283868606118313,-0.03534681003476274
2010-02-09,285530,108791,37050,116919,151573,057642,LIVE CATTLE - CHICAGO MERCANTILE EXCHANGE ,88.75,0.12136728189682346,-34654,-0.7554066187335186,71741,1.429157210828084,0.019408399505385636,0.027721971187800412,0.029283868606118313,0.0194366025253081,-0.03100681919395323
2010-02-16,294561,114293,34456,115624,156317,057642,LIVE CATTLE - CHICAGO MERCANTILE EXCHANGE ,90.4749984741211,0.1381479557714701,-40693,-2.1150141841487757,79837,2.835428851609288,0.02220702284686752,0.05442725665382624,0.0194366025253081,0.014092307790904313,-0.027166927092472412
2010-02-23,308836,114026,33929,117964,159075,057642,LIVE CATTLE - CHICAGO MERCANTILE EXCHANGE ,91.75,0.13311595798417283,-41111,-0.14190609075879018,80097,0.08826694640498911,0.018401741271084578,0.005366496569903011,0.014092307790904313,0.011171678756173309,-0.023294601235064286
2010-03-02,320206,120743,34423,119856,166386,057642,LIVE CATTLE - CHICAGO MERCANTILE EXCHANGE ,92.7750015258789,0.1453127049461909,-46530,-1.7546529549663898,86320,2.0149852996412334,0.03215111688710951,0.046472809765025845,0.011171678756173309,0.017515494187803515,-0.018686141599765685
2010-03-09,323346,122363,30289,121491,169980,057642,LIVE CATTLE - CHICAGO MERCANTILE EXCHANGE ,94.4000015258789,0.1499601046556939,-48489,-0.6117936578327702,92074,1.7969682017201425,0.017940035200757536,0.037693577548934834,0.017515494187803515,0.01138767935239371,-0.013791959503409178
2010-03-16,348450,124974,31274,130193,178993,057642,LIVE CATTLE - CHICAGO MERCANTILE EXCHANGE ,95.4749984741211,0.1400487874874444,-48800,-0.09618179906354184,93700,0.5028668979978104,0.05729560846868875,0.023014694588090728,0.01138767935239371,0.0023566219190052085,-0.009055372719153496
2010-03-23,358017,130983,36070,129839,180790,057642,LIVE CATTLE - CHICAGO MERCANTILE EXCHANGE ,95.6999969482422,0.14231447110053433,-50951,-0.6173052087817478,94913,0.3481130721767829,0.006924659320282395,0.064680071594045,0.0023566219190052085,0.0036573261721721817,-0.004374759506709922
2010-03-30,363471,127846,30688,130220,184065,057642,LIVE CATTLE - CHICAGO MERCANTILE EXCHANGE ,96.0500030517578,0.14814111717303444,-53845,-0.8083415033364337,97158,0.6270651952281596,0.011632753710803889,0.053736107081130864,0.0036573261721721817,0.012493460802865064,3.1782164689627815e-05
2010-04-06,358664,138904,33655,127795,189537,057642,LIVE CATTLE - CHICAGO MERCANTILE EXCHANGE ,97.25,0.17214440256061384,-61742,-2.172663018507666,105249,2.226037290457836,0.02488560876306203,0.0812765488905244,0.012493460802865064,0.011053953195292454,0.005392593237470216
2010-04-13,356346,141614,32861,125948,190305,057642,LIVE CATTLE - CHICAGO MERCANTILE EXCHANGE ,98.3249969482422,0.18060256043283776,-64357,-0.7290946401088484,108753,0.9769589364976692,0.00826869626533187,0.020083106462243875,0.011053953195292454,0.003559685882317698,0.01007177098610557
2010-04-20,366292,147412,34146,125135,193671,057642,LIVE CATTLE - CHICAGO MERCANTILE EXCHANGE ,98.6750030517578,0.18710755353652278,-68536,-1.1727366099240626,113266,1.2664657383554185,0.013108285289486396,0.03901232663942101,0.003559685882317698,-0.006333924303728367,0.01467177444917095
2010-04-27,367836,149046,37693,123338,190992,057642,LIVE CATTLE - CHICAGO MERCANTILE EXCHANGE ,98.0500030517578,0.18392435759414522,-67654,0.24079149967785266,111353,-0.5222609284396056,0.014239811662902046,0.027744606107990295,-0.006333924303728367,-0.020652743119344397,0.01910064065144407
2010-05-04,371937,147750,40226,124580,189906,057642,LIVE CATTLE - CHICAGO MERCANTILE EXCHANGE ,96.0250015258789,0.17563727190357506,-65326,0.6328907447884383,107524,-1.0409530334170665,0.007402555280680221,0.02036962165382815,-0.020652743119344397,0.008070830654139938,0.023341932487481502
2010-05-11,376949,152053,43674,126380,190345,057642,LIVE CATTLE - CHICAGO MERCANTILE EXCHANGE ,96.8000030517578,0.16969139061252317,-63965,0.3659221857465108,108379,0.22987764056816073,0.007069224090299155,0.03960107701032561,0.008070830654139938,-0.041838873182600156,0.02786636937704579
2010-05-18,361152,142927,48508,125942,179262,057642,LIVE CATTLE - CHICAGO MERCANTILE EXCHANGE ,92.75,0.14763866737550949,-53320,2.823989452154005,94419,-3.7034187648727013,0.0377485222998388,0.07292292423015645,-0.041838873182600156,-0.029380037456831154,0.032030223759701514
2010-05-25,347889,140028,49396,127949,180036,057642,LIVE CATTLE - CHICAGO MERCANTILE EXCHANGE ,90.0250015258789,0.14972304384444463,-52087,0.34140749601275916,90632,-1.0485889597731703,0.009029660535415686,0.019992186840104738,-0.029380037456831154,0.008608736603643363,0.03637062849252119
2010-06-01,342241,133662,50136,129705,176009,057642,LIVE CATTLE - CHICAGO MERCANTILE EXCHANGE ,90.8000030517578,0.13529647236888626,-46304,1.6623118293478667,83526,-2.042605543722279,0.018916372819040017,0.03866200937986267,0.008608736603643363,-0.009361300384880922,0.04030412991481748
2010-06-08,330824,117449,47691,132756,166119,057642,LIVE CATTLE - CHICAGO MERCANTILE EXCHANGE ,89.94999694824219,0.10084818513771673,-33363,3.78125356108707,69758,-4.022896146282882,0.04329903805938937,0.11298292357999273,-0.009361300384880922,0.0011117966304452498,0.04453085427144045
2010-06-15,325154,113490,53433,132770,158503,057642,LIVE CATTLE - CHICAGO MERCANTILE EXCHANGE ,90.05000305175781,0.07914096089852808,-25733,2.3063622953594662,60057,-2.932374918385607,0.026195356246545336,0.05811661664360214,0.0011117966304452498,0.0027762353306783893,0.04842991051234997
2010-06-22,323193,115564,57944,130154,155538,057642,LIVE CATTLE - CHICAGO MERCANTILE EXCHANGE ,90.3000030517578,0.07854130504064136,-25384,0.10733375569730035,57620,-0.7494910104135272,0.019535023731851085,0.03795214053530673,0.0027762353306783893,0.004152823779917991,0.05248861347610158
2010-06-29,321443,112597,60782,133402,151579,057642,LIVE CATTLE - CHICAGO MERCANTILE EXCHANGE ,90.6750030517578,0.05654812828401925,-18177,2.2299369107623,51815,-1.7961403867039198,0.025289405258596187,0.03348156351115187,0.004152823779917991,-0.00964984803475033,0.05538543060665046
2010-07-06,325069,114763,58686,133170,156154,057642,LIVE CATTLE - CHICAGO MERCANTILE EXCHANGE ,89.80000305175781,0.07070498878699599,-22984,-1.4954439822923504,56077,1.3258960375556474,0.016614591254095753,0.024572064410864288,-0.00964984803475033,0.012806167677094304,0.05751163023410582
2010-07-13,314710,112983,58428,131465,154825,057642,LIVE CATTLE - CHICAGO MERCANTILE EXCHANGE ,90.9499969482422,0.07422706618791904,-23360,-0.11566775053911629,54555,-0.46820828808652937,0.010597645743826191,0.011889552012414605,0.012806167677094304,0.023914272949294935,0.05952273547428877
2010-07-20,323008,118136,55938,130786,162626,057642,LIVE CATTLE - CHICAGO MERCANTILE EXCHANGE ,93.125,0.09857340994650288,-31840,-2.694544183534047,62198,2.428585046550793,0.0289013400951563,0.04390661442834656,0.023914272949294935,-0.005100654755662792,0.061170289121324085
2010-07-27,329910,127457,59578,128640,164742,057642,LIVE CATTLE - CHICAGO MERCANTILE EXCHANGE ,92.6500015258789,0.10942984450304628,-36102,-1.3194719635426986,67879,1.758779968297999,0.014527135270739172,0.06929719036543962,-0.005100654755662792,-0.008364830146952884,0.06260106965039952
2010-08-03,332396,129288,54094,128019,170510,057642,LIVE CATTLE - CHICAGO MERCANTILE EXCHANGE ,91.875,0.12783246489127426,-42491,-1.9365887666333244,75194,2.2172713770422234,0.02140160587413618,0.03988941117448823,-0.008364830146952884,0.016598656063988138,0.06422328046046213
2010-08-10,338562,130654,44925,124724,175953,057642,LIVE CATTLE - CHICAGO MERCANTILE EXCHANGE ,93.4000015258789,0.1513134964939952,-51229,-2.6287921635639417,85729,3.169412387634027,0.02906108548375832,0.060001480814903835,0.016598656063988138,0.02382225308106234,0.06637304013228092
2010-08-17,337600,131790,45140,125337,176769,057642,LIVE CATTLE - CHICAGO MERCANTILE EXCHANGE ,95.625,0.15234597156398105,-51432,-0.05995947566472315,86650,0.2720328920552218,0.004730127835925139,0.007635788164810942,0.02382225308106234,0.0402614219515931,0.0695368645394662
2010-08-24,342847,142327,40524,123489,186837,057642,LIVE CATTLE - CHICAGO MERCANTILE EXCHANGE ,99.4749984741211,0.18477046612628956,-63348,-3.529620853080569,101803,4.488447867298579,0.03839832949865625,0.08287075268934815,0.0402614219515931,-0.022367414006042363,0.0734976376498623
2010-08-31,349496,151389,39929,121451,194630,057642,LIVE CATTLE - CHICAGO MERCANTILE EXCHANGE ,97.25,0.2093843706365738,-73179,-2.867459829019942,111460,2.8167083276213587,0.031102786943853,0.050476170564191555,-0.022367414006042363,-0.00925451440492453,0.0779892330588572
2010-09-07,350095,152300,41229,124557,197338,057642,LIVE CATTLE - CHICAGO MERCANTILE EXCHANGE ,96.3499984741211,0.20788928719347605,-72781,0.11387827042369583,111071,-0.11130313365532081,0.0180617903353578,0.011424644368544248,-0.00925451440492453,0.01920081477342217,0.08322074863205794
2010-09-14,344943,152436,42703,120945,191774,057642,LIVE CATTLE - CHICAGO MERCANTILE EXCHANGE ,98.1999969482422,0.20533537425023846,-70829,0.5575629472000457,109733,-0.38218197917708047,0.029342636680214505,0.008250529110019012,0.01920081477342217,-0.00712827871686339,0.08854715643784886
2010-09-21,349755,153648,43224,122763,195419,057642,LIVE CATTLE - CHICAGO MERCANTILE EXCHANGE ,97.5,0.2077339852182242,-72656,-0.5296527252328646,110424,0.2003229519079964,0.017169418760332136,0.00880267381852168,-0.00712827871686339,-0.0035897279397035797,0.0935109524565331
2010-09-28,338708,148499,39107,124191,196376,057642,LIVE CATTLE - CHICAGO MERCANTILE EXCHANGE ,97.1500015258789,0.2131186744924832,-72185,0.1346656945576189,109392,-0.2950636874383497,0.007439942352144793,0.049390744432480836,-0.0035897279397035797,-0.016469361286575945,0.09937358661527372
2010-10-05,322975,141934,34485,122421,190983,057642,LIVE CATTLE - CHICAGO MERCANTILE EXCHANGE ,95.5500030517578,0.21228268441829862,-68562,1.0696529163763477,107449,-0.5736504599832304,0.022855483656877385,0.06341153730607248,-0.016469361286575945,0.011250621809607786,0.10487620299769009
2010-10-12,318427,138118,37300,120260,186622,057642,LIVE CATTLE - CHICAGO MERCANTILE EXCHANGE ,96.625,0.2084056942407522,-66362,0.6811672730087468,100818,-2.053100085145909,0.021252468375466793,0.03780113785358401,0.011250621809607786,0.03156536146709232,0.11066457444175587
2010-10-19,315182,140751,40483,116119,181205,057642,LIVE CATTLE - CHICAGO MERCANTILE EXCHANGE ,99.6750030517578,0.20650290943010705,-65086,0.40071978820891446,100268,-0.17272404664177346,0.03214674900108972,0.032091108732357064,0.03156536146709232,0.011788265727497915,0.11629885718995873
2010-10-26,315404,142761,44619,116084,179629,057642,LIVE CATTLE - CHICAGO MERCANTILE EXCHANGE ,100.8499984741211,0.20147176319894486,-63545,0.48892385986509385,98142,-0.6745309059527511,0.0054478497732598835,0.032799658448073435,0.011788265727497915,-0.025780847927214134,0.12124608655073474
2010-11-02,316061,136830,45548,118349,175668,057642,LIVE CATTLE - CHICAGO MERCANTILE EXCHANGE ,98.25,0.18135423225263478,-57319,1.9739762336558826,91282,-2.1749882690137095,0.02117564630616597,0.037614185921547555,-0.025780847927214134,-0.0005089369135653499,0.1250995082873059
2010-11-09,307155,130032,44190,116439,170738,057642,LIVE CATTLE - CHICAGO MERCANTILE EXCHANGE ,98.1999969482422,0.17678045286581692,-54299,0.9555117524781609,85842,-1.721186732940793,0.0238180634242993,0.0468138352217286,-0.0005089369135653499,0.002545824926367013,0.12841823349673884
2010-11-16,314299,129237,38689,119858,173580,057642,LIVE CATTLE - CHICAGO MERCANTILE EXCHANGE ,98.4499969482422,0.1709264108380873,-53722,0.18785303836825054,90548,1.5321254741091632,0.021336704857584907,0.03749270512011243,0.002545824926367013,0.031488127979784064,0.13201988557063118
2010-11-23,332090,127952,43285,127335,174895,057642,LIVE CATTLE - CHICAGO MERCANTILE EXCHANGE ,101.5500030517578,0.1432141889246891,-47560,1.9605534856935594,84667,-1.8711481741908182,0.029090427819872283,0.03434421299135117,0.031488127979784064,0.015017172335358264,0.13507878682919985
2010-11-30,343325,137034,52173,125742,172196,057642,LIVE CATTLE - CHICAGO MERCANTILE EXCHANGE ,103.0749969482422,0.13530619675234837,-46454,0.33304224758348644,84861,0.058417898762383694,0.014405681719015366,0.09497534446399974,0.015017172335358264,-0.007761294650001305,0.13794169595692887
2010-12-07,340954,132389,44065,127864,177151,057642,LIVE CATTLE - CHICAGO MERCANTILE EXCHANGE ,102.2750015258789,0.1445561571355667,-49287,-0.8251656593606641,88324,1.0086652588655063,0.023202137599790174,0.07227379373661125,-0.007761294650001305,-0.004399946916870401,0.14074671359604776
2010-12-14,334545,128719,45063,128361,173185,057642,LIVE CATTLE - CHICAGO MERCANTILE EXCHANGE ,101.8249969482422,0.13398496465348458,-44824,1.3089742311279529,83656,-1.3690996439402383,0.014800395296240044,0.026861239944298027,-0.004399946916870401,0.010066305490781469,0.14309414977402207
2010-12-21,325371,125054,42868,126634,170235,057642,LIVE CATTLE - CHICAGO MERCANTILE EXCHANGE ,102.8499984741211,0.13400395241124746,-43601,0.36557114887384357,82186,-0.4394027709276779,0.015754423668352033,0.03489715463131692,0.010066305490781469,0.025279518840005677,0.14512183587044591
2010-12-28,325248,126817,46895,125021,167280,057642,LIVE CATTLE - CHICAGO MERCANTILE EXCHANGE ,105.4499969482422,0.12992854683195593,-42259,0.4124522468197842,79922,-0.695821078092393,0.015627726213731735,0.0333310306714562,0.025279518840005677,0.006875354428615532,0.1468428112394612
2011-01-04,330306,131392,54412,125242,165229,057642,LIVE CATTLE - CHICAGO MERCANTILE EXCHANGE ,106.1750030517578,0.12106047119943325,-39987,0.6985438803620622,76980,-0.9045405352223534,0.007821779110479187,0.06507933090783836,0.006875354428615532,0.021426831467811658,0.14764624753260452
2011-01-11,333554,132316,54727,127429,168866,057642,LIVE CATTLE - CHICAGO MERCANTILE EXCHANGE ,108.4499969482422,0.12422876056050894,-41437,-0.43898687883356646,77589,0.1843744891100979,0.01965608599537623,0.006624145250022722,0.021426831467811658,0.0069156295168726345,0.14865418214010512
2011-01-18,344832,130909,61225,133333,164620,057642,LIVE CATTLE - CHICAGO MERCANTILE EXCHANGE ,109.1999969482422,0.09073113864142539,-31287,3.0429855435701567,69684,-2.3699311056080874,0.0340657754746554,0.04114316050256592,0.0069156295168726345,-0.02701462482311623,0.14815780252986402
2011-01-25,358433,129099,62192,137248,168576,057642,LIVE CATTLE - CHICAGO MERCANTILE EXCHANGE ,106.25,0.08740266660714834,-31328,-0.011889847809948033,66907,-0.8053196919079436,0.02573702521711834,0.01451714926473279,-0.02701462482311623,0.025882352941176467,0.14740379586926122
2011-02-01,368348,130564,64954,148655,177494,057642,LIVE CATTLE - CHICAGO MERCANTILE EXCHANGE ,109.0,0.07829281006005191,-28839,0.6944115078689741,65610,-0.36185284279070284,0.062318142934670966,0.021619492834419336,0.025882352941176467,-0.012385307102028342,0.14669896311382363
2011-02-08,355295,124009,54160,146650,178278,057642,LIVE CATTLE - CHICAGO MERCANTILE EXCHANGE ,107.6500015258789,0.08901898422437693,-31628,-0.7571644206022566,69849,1.150813904242727,0.008583440023636006,0.09737384168963176,-0.012385307102028342,0.013005123140126695,0.1460768804662766
2011-02-15,353698,127233,55991,145522,177294,057642,LIVE CATTLE - CHICAGO MERCANTILE EXCHANGE ,109.0500030517578,0.08982804539465872,-31772,-0.040529700671273164,71242,0.39206856274363555,0.006542426645519429,0.027589180456708728,0.013005123140126695,0.009628568482157096,0.14514765142056868
2011-02-22,359080,129025,56462,145333,177991,057642,LIVE CATTLE - CHICAGO MERCANTILE EXCHANGE ,110.0999984741211,0.0909490921243177,-32658,-0.2504961860117954,72563,0.37348246243970845,0.0027402852865855924,0.012200315925105263,0.009628568482157096,0.011807475656445021,0.14433675015403302
2011-03-01,355843,127418,58570,143011,174299,057642,LIVE CATTLE - CHICAGO MERCANTILE EXCHANGE ,111.4000015258789,0.08792641698726686,-31288,0.38153057814414615,68848,-1.0345883925587611,0.0189530742806719,0.019974406950986085,0.011807475656445021,0.03052065959881567,0.14323316769328448
2011-03-08,362122,129895,57316,144239,178177,057642,LIVE CATTLE - CHICAGO MERCANTILE EXCHANGE ,114.8000030517578,0.09371979609082022,-33938,-0.7447104481470761,72579,1.0484961064289589,0.01583668304302516,0.01992938449129592,0.03052065959881567,-0.01132406809407216,0.14215162329780615
2011-03-15,371349,125890,59100,150299,175979,057642,LIVE CATTLE - CHICAGO MERCANTILE EXCHANGE ,113.5,0.06915327629803769,-25680,2.2804469212033514,66790,-1.598632505067353,0.025309705220701365,0.03129358343694254,-0.01132406809407216,0.006828207276466047,0.14078824808262522
2011-03-22,360991,113516,56544,154435,172285,057642,LIVE CATTLE - CHICAGO MERCANTILE EXCHANGE ,114.2750015258789,0.049447216135582325,-17850,2.108528634788299,56972,-2.643874091488061,0.0239654750244858,0.08779254380806774,0.006828207276466047,0.03587834976482229,0.13900233933329925
2011-03-29,382223,113976,53376,160339,178539,057642,LIVE CATTLE - CHICAGO MERCANTILE EXCHANGE ,118.375,0.04761618217637348,-18200,-0.09695532575604378,60600,1.0050112052655051,0.035877218349966655,0.02167885654189971,0.03587834976482229,0.028511087645195277,0.13706916750644035
2011-04-05,393601,123439,51947,162010,190986,057642,LIVE CATTLE - CHICAGO MERCANTILE EXCHANGE ,121.75,0.07361769914202454,-28976,-2.8192965886406625,71492,2.849645364093736,0.03999478747634534,0.062103018484941784,0.028511087645195277,-0.03347020080691743,0.13517442320992903
2011-04-12,388055,128100,52549,161568,192420,057642,LIVE CATTLE - CHICAGO MERCANTILE EXCHANGE ,117.6750030517578,0.07950419399311953,-30852,-0.47662480532315715,75551,1.031247379960925,0.005299614676203713,0.029133845191503967,-0.03347020080691743,0.013384294942822006,0.13323022385531907
2011-04-19,376895,127152,51612,160831,191588,057642,LIVE CATTLE - CHICAGO MERCANTILE EXCHANGE ,119.25,0.08160628291699279,-30757,0.024481065828297538,75540,-0.002834649727487083,0.004452086862513088,0.01054462867243964,0.013384294942822006,-0.027044012361602476,0.13120135326648194
2011-04-26,364340,124208,54726,160788,185137,057642,LIVE CATTLE - CHICAGO MERCANTILE EXCHANGE ,116.0250015258789,0.06683043311192842,-24349,1.7002082808209182,69482,-1.6073442205388768,0.018772855387728556,0.033856058658499784,-0.027044012361602476,-0.04675719009189405,0.12894954702643932
2011-05-03,354805,120489,56933,160043,178272,057642,LIVE CATTLE - CHICAGO MERCANTILE EXCHANGE ,110.5999984741211,0.051377517227773,-18229,1.679749684360762,63556,-1.6265027172421362,0.022493829714910662,0.0334005929366144,-0.04675719009189405,-0.01288422641973841,0.12655993635959698
2011-05-10,351657,115803,58516,158294,171669,057642,LIVE CATTLE - CHICAGO MERCANTILE EXCHANGE ,109.1750030517578,0.038034220845881074,-13375,1.368075421710517,57287,-1.7668860359916012,0.02531192891324179,0.03596280382517109,-0.01288422641973841,-0.013052466333179136,0.12402806771023848
2011-05-17,345379,115013,62726,158048,168436,057642,LIVE CATTLE - CHICAGO MERCANTILE EXCHANGE ,107.75,0.030077103703467785,-10388,0.8494072348908169,52287,-1.4218400316217223,0.010655958638095589,0.028131136104062697,-0.013052466333179136,-0.04988399071925753,0.12176726840885307
2011-05-24,339216,110005,64977,159710,166930,057642,LIVE CATTLE - CHICAGO MERCANTILE EXCHANGE ,102.375,0.021284373378614215,-7220,0.9172532203752979,45028,-2.1017490930253433,0.009698750918442321,0.041484266953172325,-0.04988399071925753,0.013431013431013383,0.11929729397681785
2011-05-31,336780,107161,68570,161670,163698,057642,LIVE CATTLE - CHICAGO MERCANTILE EXCHANGE ,103.75,0.00602173525743809,-2028,1.5305881798028396,38591,-1.8976109617470875,0.015957316023702393,0.036629849030620665,0.013431013431013383,-0.002650617116905174,0.11681124134005925
2011-06-07,327332,96621,61970,162248,160202,057642,LIVE CATTLE - CHICAGO MERCANTILE EXCHANGE ,103.4749984741211,-0.006250534625395623,2046,1.209691786923214,34651,-1.1699032009026664,0.012634516979376648,0.10807675088750307,-0.002650617116905174,0.0077313656782309614,0.114751650575384
2011-06-14,326651,93248,64762,162162,153864,057642,LIVE CATTLE - CHICAGO MERCANTILE EXCHANGE ,104.2750015258789,-0.025403259135897333,8298,1.909987413390686,28486,-1.8834088937225812,0.020327441413048295,0.03901651794190241,0.0077313656782309614,0.08559094022308211,0.1127411848054912
2011-06-21,320098,88755,61429,162605,152573,057642,LIVE CATTLE - CHICAGO MERCANTILE EXCHANGE ,113.1999969482422,-0.031340402001886924,10032,0.5308417852692936,27326,-0.35511907203712834,0.005501653034158475,0.052109412454056356,0.08559094022308211,-0.007508820645196201,0.11062807505467334
2011-06-28,327517,87465,59291,166682,156245,057642,LIVE CATTLE - CHICAGO MERCANTILE EXCHANGE ,112.3499984741211,-0.031867048122692865,10437,0.1265237521009191,28174,0.26491886859649233,0.02399613534947527,0.023358499822835183,-0.007508820645196201,0.0089007566851933,0.10892778320069813
2011-07-05,325689,85743,57125,166688,159022,057642,LIVE CATTLE - CHICAGO MERCANTILE EXCHANGE ,113.3499984741211,-0.02353779218825321,7666,-0.8460629524574296,28618,0.13556548209711253,0.008544410672070247,0.02721393174118767,0.0089007566851933,0.005955033620154149,0.10711542202809718
2011-07-12,327644,92644,52002,158525,163697,057642,LIVE CATTLE - CHICAGO MERCANTILE EXCHANGE ,114.0250015258789,0.01578542564490728,-5172,-3.9417972360134974,40642,3.69186555272054,0.03984209644282513,0.08312708267079628,0.005955033620154149,-0.030914286153978954,0.10599154432534695
2011-07-19,323410,94933,51485,154525,165146,057642,LIVE CATTLE - CHICAGO MERCANTILE EXCHANGE ,110.5,0.032840666646053,-10621,-1.6630855440661205,43448,0.8564173310056036,0.017045650058966876,0.01916431039899466,-0.030914286153978954,0.010859700889069623,0.10472745310803061
2011-07-26,313397,93518,57698,154066,158479,057642,LIVE CATTLE - CHICAGO MERCANTILE EXCHANGE ,111.6999969482422,0.014081181376975529,-4413,1.919544850190161,35820,-2.358615998268452,0.022799916811979074,0.05044439741826262,0.010859700889069623,0.007609723605538354,0.10289382497099078
2011-08-02,311162,91841,61475,156251,156102,057642,LIVE CATTLE - CHICAGO MERCANTILE EXCHANGE ,112.5500030517578,-0.00047885024520989065,149,1.4556616687460313,30366,-1.7402846868349091,0.014605270319158132,0.035573586579352445,0.007609723605538354,0.019324703361963458,0.10042629967990455
2011-08-09,306631,88013,52852,157322,157673,057642,LIVE CATTLE - CHICAGO MERCANTILE EXCHANGE ,114.7249984741211,0.0011446983507864502,-351,-0.16068800174828546,35161,1.5409979367660576,0.008387434721186051,0.08838959287260853,0.019324703361963458,0.027674901669090035,0.09753843817715054
2011-08-16,311777,95410,52944,148419,159963,057642,LIVE CATTLE - CHICAGO MERCANTILE EXCHANGE ,117.9000015258789,0.037026464428100855,-11544,-3.650315851952347,42466,2.382342294158125,0.03629589275638656,0.05048060719630074,0.027674901669090035,-0.03223072945358463,0.09532075534761437
2011-08-23,305416,89332,56231,146676,149304,057642,LIVE CATTLE - CHICAGO MERCANTILE EXCHANGE ,114.0999984741211,0.008604657254367813,-2628,2.859736285870991,33101,-3.003749474784862,0.04190147982971822,0.06433640416864175,-0.03223072945358463,0.0013146496747142855,0.09193295133084665
2011-08-30,311953,90321,66870,150010,143991,057642,LIVE CATTLE - CHICAGO MERCANTILE EXCHANGE ,114.25,-0.01929457322096598,6019,2.831220368284569,23451,-3.1596249050475413,0.029411464586855146,0.07397370078439605,0.0013146496747142855,0.023851190145480095,0.08753527933358626
2011-09-06,319453,94012,69861,151576,145614,057642,LIVE CATTLE - CHICAGO MERCANTILE EXCHANGE ,116.9749984741211,-0.01866315232600727,5962,-0.018271983279532493,24151,0.2243927771170657,0.01073050910192133,0.04077547857182086,0.023851190145480095,0.02244069274838023,0.0831785016505193
2011-09-13,320628,98055,66781,151806,150614,057642,LIVE CATTLE - CHICAGO MERCANTILE EXCHANGE ,119.5999984741211,-0.003717704005888444,1192,-1.4931774001183273,31274,2.229748977157829,0.01729382977316315,0.043212647722584874,0.02244069274838023,-0.007525096466231451,0.07915825014559376
2011-09-20,329081,100764,55971,151353,163147,057642,LIVE CATTLE - CHICAGO MERCANTILE EXCHANGE ,118.6999969482422,0.03583920068311449,-11794,-4.050176528562695,44793,4.216412789899822,0.04129093799682035,0.0862538679937474,-0.007525096466231451,0.01600675294631526,0.07585258121222628
2011-09-27,327627,96304,53286,153036,166552,057642,LIVE CATTLE - CHICAGO MERCANTILE EXCHANGE ,120.5999984741211,0.041254231183632604,-13516,-0.523275424591514,43018,-0.5393808819105327,0.015920497640712416,0.04776388796042516,0.01600675294631526,0.0035240717838733726,0.07254749576397915
2011-10-04,340399,107804,56160,148697,172766,057642,LIVE CATTLE - CHICAGO MERCANTILE EXCHANGE ,121.0250015258789,0.07070819832020658,-24069,-3.22104100089431,51644,2.6328721381326936,0.0328280393077897,0.08766558512844283,0.0035240717838733726,0.002891951825724659,0.06982490949286199
2011-10-11,340204,116520,57699,147504,177991,057642,LIVE CATTLE - CHICAGO MERCANTILE EXCHANGE ,121.375,0.08961387873158458,-30487,-1.8854344460471388,58821,2.1084080740542714,0.019717660793560576,0.05886269580240961,0.002891951825724659,-0.005355316382112507,0.06754045150230106
2011-10-18,338012,132994,60813,142279,181842,057642,LIVE CATTLE - CHICAGO MERCANTILE EXCHANGE ,120.7249984741211,0.11704614037371454,-39563,-2.6678110780590467,72181,3.9270555313870505,0.028001888183733854,0.10106962080832993,-0.005355316382112507,0.01138952178404673,0.06582012902044737
2011-10-25,336771,134475,61607,139412,180289,057642,LIVE CATTLE - CHICAGO MERCANTILE EXCHANGE ,122.0999984741211,0.12137921614390788,-40877,-0.38874359490195615,72868,0.20324722199211864,0.013825418125060603,0.011602288838343142,0.01138952178404673,-0.004095004146179249,0.06427988773092742
2011-11-01,325310,118169,57353,138716,169053,057642,LIVE CATTLE - CHICAGO MERCANTILE EXCHANGE ,121.5999984741211,0.09325566382834835,-30337,3.1297231649993615,60816,-3.5786929397127425,0.03876933674281685,0.11713631339661125,-0.004095004146179249,0.0094572495091243,0.06258568449199885
2011-11-08,324810,123994,53317,133415,171293,057642,LIVE CATTLE - CHICAGO MERCANTILE EXCHANGE ,122.75,0.11661586773806225,-37878,-2.3180965847960406,70677,3.031262488088285,0.02474828360266222,0.05561414689443971,0.0094572495091243,-0.008350317929767037,0.06142867323954203
2011-11-15,329560,121460,57389,135891,170498,057642,LIVE CATTLE - CHICAGO MERCANTILE EXCHANGE ,121.7249984741211,0.10500970991625197,-34607,1.0070502755457036,64071,-2.0338043779440285,0.01067597074307498,0.036936186391872475,-0.008350317929767037,-0.0022592033627123476,0.06016104437566058
2011-11-22,322239,111987,53835,138432,167273,057642,LIVE CATTLE - CHICAGO MERCANTILE EXCHANGE ,121.4499969482422,0.08950189145323813,-28841,1.7496055346522636,58152,-1.7960310717320065,0.01886132055412898,0.0785601428037293,-0.0022592033627123476,-0.007204611132043848,0.059128115578132676
2011-11-29,316924,112238,54568,137843,167644,057642,LIVE CATTLE - CHICAGO MERCANTILE EXCHANGE ,120.5749969482422,0.09403200767376406,-29801,-0.2979155223296994,57670,-0.14957841850303655,0.0031425232497618557,0.005899068378835293,-0.007204611132043848,-0.014306435975790066,0.05833438117277528
2011-12-06,319039,110701,54006,141903,170558,057642,LIVE CATTLE - CHICAGO MERCANTILE EXCHANGE ,118.8499984741211,0.08981660549337228,-28655,0.36160088854110134,56695,-0.3076447350153349,0.022319585484268437,0.01274384209535721,-0.014306435975790066,-0.007993243251484317,0.05728169748734847
2011-12-13,311194,105396,56801,141955,162425,057642,LIVE CATTLE - CHICAGO MERCANTILE EXCHANGE ,117.9000015258789,0.06577890319222093,-20470,2.5655170684461774,48595,-2.538874557655961,0.026890728694395166,0.04993927137986522,-0.007993243251484317,0.022900737178103814,0.05597004245924724
2011-12-20,310904,103089,61148,145090,157738,057642,LIVE CATTLE - CHICAGO MERCANTILE EXCHANGE ,120.5999984741211,0.04068136788204719,-12648,2.5135446056157895,41941,-2.138216032442785,0.025829844003856975,0.040514622161875825,0.022900737178103814,0.021973478933729362,0.05417537737214724
2011-12-27,316393,106834,64418,148733,160233,057642,LIVE CATTLE - CHICAGO MERCANTILE EXCHANGE ,123.25,0.036347201107483414,-11500,0.36924581221212976,42416,0.15278027944317218,0.019866263601820266,0.04096302524934015,0.021973478933729362,-0.01379307868756352,0.052375736108215075
2012-01-03,319647,108603,61662,144794,162339,057642,LIVE CATTLE - CHICAGO MERCANTILE EXCHANGE ,121.5500030517578,0.0548886740685819,-17545,-1.9105985277803237,46941,1.4301833479248909,0.01968202700458759,0.02657621942266467,-0.01379307868756352,-0.0028795236094445453,0.0511032015480064
2012-01-10,333360,111440,68423,145383,158767,057642,LIVE CATTLE - CHICAGO MERCANTILE EXCHANGE ,121.1999969482422,0.04014878809695224,-13384,1.3017484913044701,43017,-1.2276042008841004,0.013680749630116718,0.05336283727058928,-0.0028795236094445453,0.019183206569135303,0.0494862790006303
2012-01-17,333881,111148,68472,146591,157568,057642,LIVE CATTLE - CHICAGO MERCANTILE EXCHANGE ,123.5250015258789,0.0328769831167392,-10977,0.7220422366210703,42676,-0.10229181665466762,0.007913624124224502,0.0018984522881639015,0.019183206569135303,0.01841733655354183,0.04837369908669404
2012-01-24,335617,115519,68485,144236,158923,057642,LIVE CATTLE - CHICAGO MERCANTILE EXCHANGE ,125.8000030517578,0.04376119207310714,-14687,-1.1111743405584624,47034,1.3052554652705604,0.012237802605233557,0.02382556900936936,0.01841733655354183,-0.007551705521388952,0.04753443996103939
2012-01-31,339209,123790,68943,144362,164943,057642,LIVE CATTLE - CHICAGO MERCANTILE EXCHANGE ,124.8499984741211,0.06067350807319381,-20581,-1.7561684896772214,54847,2.3279512062857366,0.019870354504453534,0.045290635231122846,-0.007551705521388952,0.0040048058158659305,0.04719560723052289
2012-02-07,339300,121769,56795,143318,170676,057642,LIVE CATTLE - CHICAGO MERCANTILE EXCHANGE ,125.3499984741211,0.0806307102858827,-27358,-1.9978833108791334,64974,2.9854750316176752,0.02158321496589107,0.07934970094755942,0.0040048058158659305,0.010370985780476127,0.04703429427016724
2012-02-14,347250,124238,58763,145128,173595,057642,LIVE CATTLE - CHICAGO MERCANTILE EXCHANGE ,126.6500015258789,0.08197840172786178,-28467,-0.32684939581491307,65475,0.14765694076038904,0.0148373352409459,0.024245769148802467,0.010370985780476127,0.017765435005902663,0.04688333958426728
2012-02-21,357639,132139,63189,143992,175401,057642,LIVE CATTLE - CHICAGO MERCANTILE EXCHANGE ,128.89999389648438,0.08782319601609444,-31409,-0.8472282217422605,68950,1.0007199424046076,0.009211222537751296,0.06310923165137615,0.017765435005902663,-0.012024790502379923,0.04682322619757069
2012-02-28,366012,135674,69741,144466,173673,057642,LIVE CATTLE - CHICAGO MERCANTILE EXCHANGE ,127.3499984741211,0.07979793012250964,-29207,0.6157046630820464,65933,-0.8435880874289438,0.006921502865099846,0.04910546941557335,-0.012024790502379923,-0.012367467350714145,0.0466669091424792
2012-03-06,364976,130863,65561,148311,176065,057642,LIVE CATTLE - CHICAGO MERCANTILE EXCHANGE ,125.7750015258789,0.07604335627548113,-27754,0.3969815197315935,65302,-0.17239871916767754,0.01922768638863541,0.04577342890889097,-0.012367467350714145,0.015503851517274292,0.04632697760756884
2012-03-13,351454,123752,67802,145603,162743,057642,LIVE CATTLE - CHICAGO MERCANTILE EXCHANGE ,127.7249984741211,0.0487688289221349,-17140,2.908136425408794,55950,-2.562360264784534,0.05198705350482899,0.04882174217192019,0.015503851517274292,-0.025053802986660823,0.045934969004186095
2012-03-20,350752,122400,69794,146869,161853,057642,LIVE CATTLE - CHICAGO MERCANTILE EXCHANGE ,124.5250015258789,0.042719642368397044,-14984,0.6134515470018836,52606,-0.9514758688192481,0.006983629284599089,0.017399086339844116,-0.025053802986660823,0.008632780044726784,0.04580559258558638
2012-03-27,354737,123859,77774,149803,160029,057642,LIVE CATTLE - CHICAGO MERCANTILE EXCHANGE ,125.5999984741211,0.02882699013635454,-10226,1.3565140041966972,46085,-1.8591483441291852,0.0153567094425366,0.04681277370271731,0.008632780044726784,-0.046178308063899665,0.04544426196943216
2012-04-03,361339,125733,88709,149441,155966,057642,LIVE CATTLE - CHICAGO MERCANTILE EXCHANGE ,119.8000030517578,0.01805783488635326,-6525,1.043308140960768,37024,-2.554286696905031,0.014488862403284798,0.05973176896316953,-0.046178308063899665,-0.017111878126347957,0.0443758030414385
2012-04-10,345591,117904,81400,150975,159399,057642,LIVE CATTLE - CHICAGO MERCANTILE EXCHANGE ,117.75,0.024375634782155785,-8424,-0.5255452635890396,36504,-0.14390918223607194,0.01600327347007159,0.07595432103720949,-0.017111878126347957,0.032696377699542145,0.04331563844122765
2012-04-17,349958,121014,89900,153892,159409,057642,LIVE CATTLE - CHICAGO MERCANTILE EXCHANGE ,121.5999984741211,0.01576474891272667,-5517,0.8411677387431964,31114,-1.5596470972913068,0.00934245342338518,0.05504613254691486,0.032696377699542145,-0.039473647060816575,0.04204945509499176
2012-04-24,354253,124391,89660,150202,161840,057642,LIVE CATTLE - CHICAGO MERCANTILE EXCHANGE ,116.8000030517578,0.03285222708064575,-11638,-1.749067030900851,34731,1.0335525977403002,0.01961594913505233,0.016897842103050207,-0.039473647060816575,-0.02803939589306037,0.04139602805592863
2012-05-01,345571,122093,90326,151574,161750,057642,LIVE CATTLE - CHICAGO MERCANTILE EXCHANGE ,113.5250015258789,0.029446915395099704,-10176,0.4126993984525184,31767,-0.8366901621157761,0.004666096436915142,0.01395355406060663,-0.02803939589306037,0.019819422768182937,0.040974285712992616
2012-05-08,339620,121324,87709,150257,159465,057642,LIVE CATTLE - CHICAGO MERCANTILE EXCHANGE ,115.7750015258789,0.027112655320652494,-9208,0.2801160977049579,33615,0.534767095618556,0.011629784128993096,0.01619839929580497,0.019819422768182937,0.005614351261602923,0.04076425560673821
2012-05-15,338710,118501,84492,150430,159201,057642,LIVE CATTLE - CHICAGO MERCANTILE EXCHANGE ,116.4250030517578,0.025895308671134598,-8771,0.12867322301395678,34009,0.1160120134267711,0.0014113573899254275,0.029754720606129277,0.005614351261602923,0.025123430068221264,0.04068383647150103
2012-05-22,331749,117618,76994,143937,154948,057642,LIVE CATTLE - CHICAGO MERCANTILE EXCHANGE ,119.3499984741211,0.03319075566165987,-11011,-0.6613327034926633,40624,1.9529981400017715,0.035953627649430386,0.04306517583705013,0.025123430068221264,-0.012568077244887843,0.040912805361559605
2012-05-29,329817,115038,73370,143906,157507,057642,LIVE CATTLE - CHICAGO MERCANTILE EXCHANGE ,117.8499984741211,0.04123801987162578,-13601,-0.7807107180428577,41668,0.31469574889449553,0.008592860958220117,0.03292853806632415,-0.012568077244887843,-0.006151875125227968,0.04159004160414014
2012-06-05,326300,107260,67804,145134,158840,057642,LIVE CATTLE - CHICAGO MERCANTILE EXCHANGE ,117.125,0.04200429053018694,-13706,-0.0318358362364584,39456,-0.670674950048057,0.008425062669833604,0.0762235525293607,-0.006151875125227968,0.020704401722585253,0.042518019010978264
2012-06-12,319200,105993,68723,143235,154204,057642,LIVE CATTLE - CHICAGO MERCANTILE EXCHANGE ,119.5500030517578,0.0343640350877193,-10969,0.8387986515476555,37270,-0.6699356420471958,0.02197089151052821,0.012511733327228188,0.020704401722585253,-0.02383944818706296,0.043667390053740124
2012-06-19,311786,103826,73818,141716,149434,057642,LIVE CATTLE - CHICAGO MERCANTILE EXCHANGE ,116.6999969482422,0.024754158300885863,-7718,1.0184837092731829,30008,-2.275062656641604,0.021600549544908122,0.04087951183265407,-0.02383944818706296,-0.012424995596917565,0.04474613159802421
2012-06-26,315289,102873,77654,141020,146769,057642,LIVE CATTLE - CHICAGO MERCANTILE EXCHANGE ,115.25,0.018234064620078722,-5749,0.6315229035299853,25219,-1.5359894286465716,0.011678695155131017,0.02652788779517745,-0.012424995596917565,0.036659422768946515,0.045709614535385204
2012-07-03,314169,97676,74613,142163,145329,057642,LIVE CATTLE - CHICAGO MERCANTILE EXCHANGE ,119.4749984741211,0.010077378735648648,-3166,0.8192483721284283,23063,-0.6838170694188507,0.008984597832287507,0.04781500850315459,0.036659422768946515,-0.008997672835083015,0.04635606013007562
2012-07-10,300961,97326,72198,134047,139727,057642,LIVE CATTLE - CHICAGO MERCANTILE EXCHANGE ,118.4000015258789,0.018872877216649334,-5680,-0.8002062584150569,25128,0.657289547982137,0.05010702258066873,0.016310374932163,-0.008997672835083015,-0.02470441734849549,0.04641543419876297
2012-07-17,302765,93876,72386,136591,135074,057642,LIVE CATTLE - CHICAGO MERCANTILE EXCHANGE ,115.4749984741211,-0.005010486681089294,1517,2.3913397416941065,21490,-1.2087944949677865,0.026492187068632322,0.021881127377272016,-0.02470441734849549,0.028794151301780424,0.045687527404010234
2012-07-24,302335,92761,79488,135901,126423,057642,LIVE CATTLE - CHICAGO MERCANTILE EXCHANGE ,118.8000030517578,-0.03134933104007145,9478,2.6294320677753373,13273,-2.71398609482602,0.035608636647809576,0.0477041956702216,0.028794151301780424,0.0006312874268994406,0.04481386370368241
2012-07-31,303512,94688,77518,132623,128574,057642,LIVE CATTLE - CHICAGO MERCANTILE EXCHANGE ,118.875,-0.013340493950815784,4049,-1.7956902111895747,17170,1.2889675360113781,0.02078507792968526,0.02262987352357061,0.0006312874268994406,0.009463722397476282,0.04456652440165153
2012-08-07,292193,86050,76769,136018,123661,057642,LIVE CATTLE - CHICAGO MERCANTILE EXCHANGE ,120.0,-0.04229054084115636,12357,2.7372888057144364,9281,-2.5992382508764065,0.031993345630566966,0.05765297661820795,0.009463722397476282,0.016041692097981564,0.04373123134026802
2012-08-14,291530,90007,76321,132605,126380,057642,LIVE CATTLE - CHICAGO MERCANTILE EXCHANGE ,121.9250030517578,-0.021352862484135423,6225,-2.0986129031154066,13686,1.5075652051897206,0.02367704693322007,0.02648381511230821,0.016041692097981564,-0.018659023735378866,0.042608551976571166
2012-08-21,287750,89753,68068,133299,132421,057642,LIVE CATTLE - CHICAGO MERCANTILE EXCHANGE ,119.6500015258789,-0.00305125977410947,878,-1.8341165574726443,21685,2.7437999519774983,0.025346229113352402,0.05390283929261632,-0.018659023735378866,-0.006895148910284532,0.04238439972602352
2012-08-28,284535,88314,69518,127570,125364,057642,LIVE CATTLE - CHICAGO MERCANTILE EXCHANGE ,118.8249969482422,-0.007753000509603388,2206,0.461511728931364,18796,-1.0039965247610774,0.05055073655578135,0.018304272897764713,-0.006895148910284532,0.061855723057305134,0.04260635304739587
2012-09-04,293239,89758,72637,129786,127673,057642,LIVE CATTLE - CHICAGO MERCANTILE EXCHANGE ,126.1750030517578,-0.007205726387008549,2113,-0.03268490695345037,17121,-0.5886797757745094,0.01757561398125527,0.02809815573139567,0.061855723057305134,0.007331051317540638,0.04282668816160739
2012-09-11,302591,95069,72210,131924,135055,057642,LIVE CATTLE - CHICAGO MERCANTILE EXCHANGE ,127.0999984741211,0.010347300481508042,-3131,-1.7883023745136222,22859,1.9567656416779489,0.03565823529191434,0.03430197454551976,0.007331051317540638,-0.005507450485018772,0.04309716901713424
2012-09-18,294358,99463,65135,118019,135047,057642,LIVE CATTLE - CHICAGO MERCANTILE EXCHANGE ,126.4000015258789,0.057847926674321745,-17028,-4.592667990786243,34328,3.790264746803441,0.05497775283918029,0.06967885393504174,-0.005507450485018772,-0.029272187760845614,0.04352041374773438
2012-09-25,284818,91022,64696,117015,128517,057642,LIVE CATTLE - CHICAGO MERCANTILE EXCHANGE ,122.6999969482422,0.04038368361550183,-11502,1.8773058656465935,26326,-2.7184584757336308,0.030684391443885115,0.057026162678688395,-0.029272187760845614,0.004686263992975226,0.043503672448347255
2012-10-02,287430,86332,77625,124498,119620,057642,LIVE CATTLE - CHICAGO MERCANTILE EXCHANGE ,123.2750015258789,-0.01697108861287966,4878,5.751041015666145,8707,-6.186055656594737,0.06709869817055686,0.10746110260617113,0.004686263992975226,0.01155948411863661,0.041817532315018675
2012-10-09,278398,86710,79452,124407,116884,057642,LIVE CATTLE - CHICAGO MERCANTILE EXCHANGE ,124.6999969482422,-0.027022464241840818,7523,0.9202240545524129,7258,-0.5041227429287131,0.011716143577671773,0.01327018211143342,0.01155948411863661,0.006816408374640037,0.03957452571937588
2012-10-16,284322,86826,81741,125411,116114,057642,LIVE CATTLE - CHICAGO MERCANTILE EXCHANGE ,125.5500030517578,-0.032698841454407324,9297,0.6372172213880847,5085,-0.7805372165029921,0.007344995342097091,0.014267323972070452,0.006816408374640037,0.0035842049964482925,0.036694814530373536
2012-10-23,292522,92376,70420,123499,127503,057642,LIVE CATTLE - CHICAGO MERCANTILE EXCHANGE ,126.0,0.013687859374679512,-4004,-4.6781466084228445,21956,5.933765238004797,0.052991609628608535,0.10363276738986216,0.0035842049964482925,-0.003968253968253954,0.03462382690019607
2012-10-30,307788,93410,76465,128104,127594,057642,LIVE CATTLE - CHICAGO MERCANTILE EXCHANGE ,125.5,-0.001656984677765215,510,1.543131798633949,16945,-1.7130335496133624,0.0183654154510399,0.041671817512877116,-0.003968253968253954,0.0013944466275521705,0.03279858365969388
2012-11-06,316317,91065,75547,131638,130557,057642,LIVE CATTLE - CHICAGO MERCANTILE EXCHANGE ,125.6750030517578,-0.003417457803406077,1081,0.18551730411841919,15518,-0.46363081081783564,0.02477926733919411,0.01958442369097064,0.0013944466275521705,0.0009946289792293062,0.030490250476204104
2012-11-13,330826,90315,80675,137533,130526,057642,LIVE CATTLE - CHICAGO MERCANTILE EXCHANGE ,125.8000030517578,-0.02118031835466378,7007,1.8734370900078086,9640,-1.8582624392618798,0.02210707344278685,0.0343762793145798,0.0009946289792293062,0.009936406754185168,0.028063519163301878
2012-11-20,334554,88482,81295,144372,136025,057642,LIVE CATTLE - CHICAGO MERCANTILE EXCHANGE ,127.0500030517578,-0.024949634438685534,8347,0.405046761741822,7187,-0.7414773929497681,0.04400189730988563,0.014448364619471424,0.009936406754185168,0.010428940703782752,0.025862528280764886
2012-11-27,336064,97323,66005,138539,149097,057642,LIVE CATTLE - CHICAGO MERCANTILE EXCHANGE ,128.375,0.031416634926680634,-10558,-5.650806745697256,31318,7.2128864099667025,0.06572543075275696,0.1477456406739812,0.010428940703782752,-0.017526777020447915,0.02465838649716713
2012-12-04,341044,98341,67727,137483,146700,057642,LIVE CATTLE - CHICAGO MERCANTILE EXCHANGE ,126.125,0.02702583830825348,-9217,0.39903113692629977,30614,-0.20948390782708054,0.012150621254614104,0.016499265361177348,-0.017526777020447915,0.003369697139804062,0.023450871743607153
2012-12-11,325401,93674,65750,134134,143287,057642,LIVE CATTLE - CHICAGO MERCANTILE EXCHANGE ,126.5500030517578,0.028128370840900918,-9153,0.018765907038388006,27924,-0.7887545302072461,0.02437450661629797,0.0416750301083902,0.003369697139804062,0.013235898944014668,0.022726823044543307
2012-12-18,330086,99901,62362,132597,149226,057642,LIVE CATTLE - CHICAGO MERCANTILE EXCHANGE ,128.22500610351562,0.05037778033603364,-16629,-2.2974729641273384,37539,2.9548157504125676,0.026527288404424053,0.05925565285986331,0.013235898944014668,0.03372974647979832,0.022913292514812278
2013-01-08,341587,109393,60087,124350,156589,057642,LIVE CATTLE - CHICAGO MERCANTILE EXCHANGE ,132.5500030517578,0.09438005544707498,-32239,-4.7290706058421135,49306,3.564828559829863,0.05556366328633618,0.06943002124144441,0.03372974647979832,-0.01603168578706282,0.024029308944419805
2013-01-15,323145,97325,61167,117460,139129,057642,LIVE CATTLE - CHICAGO MERCANTILE EXCHANGE ,130.4250030517578,0.06705658450540779,-21669,3.094380055447075,36158,-3.8490926176932962,0.09489884601444333,0.08295686848547561,-0.01603168578706282,-0.03603607029069089,0.024263307222051073
2013-01-22,319743,100714,84624,121684,129203,057642,LIVE CATTLE - CHICAGO MERCANTILE EXCHANGE ,125.7249984741211,0.023515761095629927,-7519,4.37883922078324,16090,-6.210215228457813,0.056399893179000904,0.14484887071188854,-0.03603607029069089,0.020282326134910766,0.023943441318179493
2013-01-29,328863,102020,91849,127902,127980,057642,LIVE CATTLE - CHICAGO MERCANTILE EXCHANGE ,128.27499389648438,0.00023718083213982724,-78,2.327181517656368,10171,-1.85117422429889,0.029079810225025596,0.044003940805389205,0.020282326134910766,-0.005262096702245755,0.023315752812706425
2013-02-05,330758,99355,91753,133278,130890,057642,LIVE CATTLE - CHICAGO MERCANTILE EXCHANGE ,127.5999984741211,-0.007219780020437903,2388,0.7498563231497615,7602,-0.7811763561118156,0.03136640319796493,0.014447328212319735,-0.005262096702245755,-0.012147299693562763,0.022335349503215175
2013-02-12,328814,106379,105520,138300,126843,057642,LIVE CATTLE - CHICAGO MERCANTILE EXCHANGE ,126.0500030517578,-0.034843406910897955,11457,2.7418837941939422,859,-2.0386506146487764,0.03420418415722836,0.0981174993747021,-0.012147299693562763,0.0027766637496819957,0.020498485753521103
2013-02-19,330839,106751,109338,142046,127462,057642,LIVE CATTLE - CHICAGO MERCANTILE EXCHANGE ,126.4000015258789,-0.04408186459274753,14584,0.9509935708333587,-2587,-1.0480089047303338,0.01619617970524066,0.01939015868461606,0.0027766637496819957,0.006922468270863513,0.018100167005855136
2013-02-26,332943,105424,114089,145107,126048,057642,LIVE CATTLE - CHICAGO MERCANTILE EXCHANGE ,127.2750015258789,-0.05724403276236473,19059,1.3526216679412042,-8665,-1.8371473737981314,0.01650347587173388,0.02768856514192781,0.006922468270863513,0.01846394379059002,0.015422812496427704
2013-03-05,337694,105573,113011,151283,131117,057642,LIVE CATTLE - CHICAGO MERCANTILE EXCHANGE ,129.625,-0.05971678501838943,20166,0.33248934502302196,-7438,0.3685315504455718,0.03981940509915014,0.005613402627822713,0.01846394379059002,-0.007135992684727532,0.012585505168841476
2013-03-12,342456,103594,111766,154729,135134,057642,LIVE CATTLE - CHICAGO MERCANTILE EXCHANGE ,128.6999969482422,-0.05721902959796295,19595,-0.16908799090300686,-8172,-0.2173565417212032,0.02574664582923657,0.014970282317979198,-0.007135992684727532,-0.026417979620090626,0.009950563635755463
2013-03-19,335624,103899,109956,155819,135574,057642,LIVE CATTLE - CHICAGO MERCANTILE EXCHANGE ,125.3000030517578,-0.060320477677400904,20245,0.18980540565795315,-6057,0.6175975891793398,0.005250640887049449,0.009889878656098758,-0.026417979620090626,0.005187501042724696,0.007328182213584654
2013-03-26,326368,101066,106074,155276,138060,057642,LIVE CATTLE - CHICAGO MERCANTILE EXCHANGE ,125.9499969482422,-0.05275026963427787,17216,-0.902498033513694,-5008,0.31255214168235884,0.010326042490522814,0.032417688519841656,0.005187501042724696,0.011711045170741397,0.005375891856730563
2013-04-02,329781,102447,113086,159854,139558,057642,LIVE CATTLE - CHICAGO MERCANTILE EXCHANGE ,127.4250030517578,-0.06154387305514872,20296,0.943719972546328,-10639,-1.7253529757819395,0.020293107824669684,0.03894067265801525,0.011711045170741397,-0.005493463298975709,0.0033708242524316066
2013-04-09,323236,106264,103300,151096,143274,057642,LIVE CATTLE - CHICAGO MERCANTILE EXCHANGE ,126.7249984741211,-0.024199037235951442,7822,-3.7825102113220592,2964,4.124858618295171,0.042375242042327683,0.06491095798896757,-0.005493463298975709,-0.010652976842582373,0.0023510929568103375
2013-04-16,322678,106495,99243,151040,145131,057642,LIVE CATTLE - CHICAGO MERCANTILE EXCHANGE ,125.375,-0.018312373325730293,5909,-0.5918276429605613,7252,1.3265849100966476,0.006459106394616623,0.020842041820179062,-0.010652976842582373,0.006580234881293778,0.001651665875808731
2013-04-23,329609,106604,103368,150611,143039,057642,LIVE CATTLE - CHICAGO MERCANTILE EXCHANGE ,126.1999969482422,-0.02297267368306084,7572,0.5153744599879756,3236,-1.2445843844327782,0.008585050229865486,0.020164593374354677,0.006580234881293778,0.017432622832348033,0.0007411214822468728
2013-04-30,327728,108283,101810,147761,143349,057642,LIVE CATTLE - CHICAGO MERCANTILE EXCHANGE ,128.39999389648438,-0.013462383439925792,4412,-0.958711685663923,6473,0.9820726982576325,0.010855003263371235,0.015407462409504363,0.017432622832348033,-0.05899530613957127,0.00017906124469586386
2013-05-07,325354,111768,93881,139984,146399,057642,LIVE CATTLE - CHICAGO MERCANTILE EXCHANGE ,120.8249969482422,0.019716985191514474,-6415,-3.303654249865742,17887,3.482766196357955,0.03780601502184138,0.05550233650540484,-0.05899530613957127,-0.00041378376682033036,-7.353956086435302e-05
2013-05-14,319714,110268,97733,132898,139102,057642,LIVE CATTLE - CHICAGO MERCANTILE EXCHANGE ,120.7750015258789,0.01940484307850141,-6204,0.06485243765252617,12535,-1.6449774706934601,0.052878676470588235,0.025730645525742665,-0.00041378376682033036,0.002690928951655236,-0.00026665633618355093
2013-05-21,307067,110108,104435,128329,128981,057642,LIVE CATTLE - CHICAGO MERCANTILE EXCHANGE ,121.0999984741211,0.0021233151071264576,-652,1.7365520433887787,5673,-2.1462932495918228,0.05709066884302981,0.03198426422675175,0.002690928951655236,-0.0028901608466649353,-0.0007472205710590517
2013-05-28,305099,110686,106645,128665,127130,057642,LIVE CATTLE - CHICAGO MERCANTILE EXCHANGE ,120.75,-0.005031153822201974,1535,0.7122224140008533,4041,-0.5314801004341072,0.008549815281768604,0.012828358586671943,-0.0028901608466649353,0.0016562894264364747,-0.0013419602343924474
2013-06-04,298950,108147,103206,126838,127325,057642,LIVE CATTLE - CHICAGO MERCANTILE EXCHANGE ,120.9499969482422,0.001629034955678207,-487,-0.6627357021819148,4941,0.29498621758838933,0.007955524604289374,0.02828443409840409,0.0016562894264364747,-0.005167424685983746,-0.0019489164018151714
2013-06-11,297040,105379,94727,122388,127682,057642,LIVE CATTLE - CHICAGO MERCANTILE EXCHANGE ,120.3249969482422,0.017822515486129814,-5294,-1.6079611975246697,10652,1.9103529018230474,0.019222617667053226,0.05620521123804384,-0.005167424685983746,-0.006856405311999048,-0.002399214563074709
2013-06-18,296434,102897,98367,125626,126038,057642,LIVE CATTLE - CHICAGO MERCANTILE EXCHANGE ,119.5,0.001389854065323141,-412,1.6435496902774036,4530,-2.0610018852679777,0.019398881047746203,0.030417759758327372,-0.006856405311999048,0.013807544149614381,-0.003180261418168244
2013-06-25,274517,95898,82046,117778,124807,057642,LIVE CATTLE - CHICAGO MERCANTILE EXCHANGE ,121.1500015258789,0.025604971641100552,-7029,-2.2322000850104917,13852,3.1447134944034763,0.03742605684605396,0.13105246594434203,0.013807544149614381,0.006190672641797734,-0.003348704945987835
2013-07-02,266836,92692,73187,116714,126631,057642,LIVE CATTLE - CHICAGO MERCANTILE EXCHANGE ,121.9000015258789,0.03716515012966766,-9917,-1.0520295646535551,19505,2.0592531610064224,0.011867924140623395,0.07273373965360293,0.006190672641797734,0.006767817374202734,-0.00311003202620357
2013-07-09,272592,95334,72494,117047,129093,057642,LIVE CATTLE - CHICAGO MERCANTILE EXCHANGE ,122.7249984741211,0.04419058519692434,-12046,-0.7978683535954668,22840,1.2498313570882489,0.011355326237100836,0.01987153514312272,0.006767817374202734,-0.004888967053013338,-0.002610868168956539
2013-07-16,275904,95279,75517,119254,129398,057642,LIVE CATTLE - CHICAGO MERCANTILE EXCHANGE ,122.125,0.03676641150545117,-10144,0.6977460820567001,19762,-1.1291600633914423,0.010102472531891962,0.01802149933253706,-0.004888967053013338,-0.0018423621217694697,-0.0020976175387680284
2013-07-23,281204,93626,77705,125268,132206,057642,LIVE CATTLE - CHICAGO MERCANTILE EXCHANGE ,121.9000015258789,0.024672479765579437,-6938,1.1619983762468105,15921,-1.3921508930642543,0.03426365380582117,0.022418593249324405,-0.0018423621217694697,-0.002050861336100329,-0.001986086720519373
2013-07-30,283485,92200,78409,126429,133698,057642,LIVE CATTLE - CHICAGO MERCANTILE EXCHANGE ,121.6500015258789,0.025641568336949045,-7269,-0.117708140709236,13791,-0.7574572196697059,0.010198864400850353,0.012484687208763898,-0.002050861336100329,-0.005959707891716515,-0.0013966241240186358
2013-08-06,279718,88626,78186,127410,133081,057642,LIVE CATTLE - CHICAGO MERCANTILE EXCHANGE ,120.9250030517578,0.0202739902330204,-5671,0.5636982556396282,10440,-1.182073125562199,0.006134568948639301,0.022762151403975733,-0.005959707891716515,0.02460201280993779,-0.0004038679456899462
2013-08-13,290033,98035,72411,126386,145348,057642,LIVE CATTLE - CHICAGO MERCANTILE EXCHANGE ,123.9000015258789,0.06537876724372743,-18962,-4.7515712253054865,25624,5.428324240842563,0.048911803454849224,0.08908393274116143,0.02460201280993779,-0.00040357587685235785,0.0011099640003589617
2013-08-20,293504,104417,64376,125485,156773,057642,LIVE CATTLE - CHICAGO MERCANTILE EXCHANGE ,123.8499984741211,0.10660161360662887,-31288,-4.249861222688453,40041,4.970813666031107,0.043669267124403915,0.08541230975218167,-0.00040357587685235785,-0.007266867476522054,0.00397327466281637
2013-08-27,295613,105263,65423,125717,157987,057642,LIVE CATTLE - CHICAGO MERCANTILE EXCHANGE ,122.9499969482422,0.10916299350840457,-32270,-0.33457806367204534,39840,-0.06848288268643699,0.005096861517638102,0.011090540524706186,-0.007266867476522054,0.026433510212839906,0.006483194970365216
2013-09-03,294522,105888,65130,123065,155036,057642,LIVE CATTLE - CHICAGO MERCANTILE EXCHANGE ,126.1999969482422,0.10855216248701285,-31971,0.10114575475368133,40758,0.310541146701938,0.020147356535934788,0.0053678560151563,0.026433510212839906,-0.009310582018834723,0.008629414629232952
2013-09-10,288182,96200,72318,123746,138227,057642,LIVE CATTLE - CHICAGO MERCANTILE EXCHANGE ,125.0250015258789,0.05024949511072864,-14481,5.9384358384093545,23882,-5.729962447627003,0.06676260530665373,0.10014360483746543,-0.009310582018834723,0.0011997722379379905,0.009744847237316261
2013-09-17,292976,100959,86458,126567,134602,057642,LIVE CATTLE - CHICAGO MERCANTILE EXCHANGE ,125.1750030517578,0.027425454644749058,-8035,2.23678092316661,14501,-3.255234539284203,0.02468133660579931,0.10083930486562051,0.0011997722379379905,0.01717590448626094,0.010410831487926984
2013-09-24,305641,106437,89311,129836,141292,057642,LIVE CATTLE - CHICAGO MERCANTILE EXCHANGE ,127.3249969482422,0.03748188233908409,-11456,-1.1676724373327507,17126,0.8959778275353613,0.03673172818742439,0.04255982181171711,0.01717590448626094,-0.000589019831452986,0.010932650369803447
2013-10-01,303689,112567,77345,127770,154415,057642,LIVE CATTLE - CHICAGO MERCANTILE EXCHANGE ,127.25,0.08773778437809733,-26645,-4.969555786036559,35222,5.920671637640238,0.05382639048850931,0.09528623783647162,-0.000589019831452986,0.00805496185842336,0.011507455325645285
2013-10-08,300796,118675,64566,121023,162360,057642,LIVE CATTLE - CHICAGO MERCANTILE EXCHANGE ,128.27499389648438,0.13742536469899866,-41337,-4.837843978543839,54109,6.219191343776035,0.05184502951835502,0.1030719107623294,0.00805496185842336,0.0017540917109470922,0.013373641500327917
2013-10-15,311239,127920,66462,119454,168429,057642,LIVE CATTLE - CHICAGO MERCANTILE EXCHANGE ,128.5,0.15735495872946514,-48975,-2.5392624901926886,61458,2.443184084894746,0.02653161180062734,0.05731497772427488,0.0017540917109470922,0.020233510533195442,0.0167260654876807
2013-10-22,322415,129066,67509,119017,170609,057642,LIVE CATTLE - CHICAGO MERCANTILE EXCHANGE ,131.10000610351562,0.16001736891893986,-51592,-0.8408329290352431,61557,0.03180835306629311,0.009035790985615933,0.011156047310186951,0.020233510533195442,0.017543765719985505,0.02032298535615725
2013-10-29,325560,135958,71027,122865,176386,057642,LIVE CATTLE - CHICAGO MERCANTILE EXCHANGE ,133.39999389648438,0.1643967317852316,-53521,-0.5982972256253587,64931,1.0464773661275064,0.032163635209239066,0.050293499528951374,0.017543765719985505,-0.010119871862768859,0.024113284841534927
2013-11-05,327981,134442,66606,124624,181714,057642,LIVE CATTLE - CHICAGO MERCANTILE EXCHANGE ,132.0500030517578,0.17406496108006256,-57090,-1.096264897407544,67836,0.8923086374247451,0.023134576839961087,0.029530261430106244,-0.010119871862768859,0.004733055551350729,0.02719745987433075
2013-11-12,332661,134688,67312,127364,184075,057642,LIVE CATTLE - CHICAGO MERCANTILE EXCHANGE ,132.6750030517578,0.17047685181010097,-56711,0.11555547425003278,67376,-0.14025202679423504,0.016378809333448926,0.004712871287128713,0.004733055551350729,-0.013001741577821413,0.03050772596063587
2013-11-19,335107,130176,64685,132259,184656,057642,LIVE CATTLE - CHICAGO MERCANTILE EXCHANGE ,130.9499969482422,0.15635901368816527,-52397,1.2968156772209547,65491,-0.5666429187671533,0.017279081141631035,0.03663637156742498,-0.013001741577821413,0.00763650265983018,0.03358035041239686
2013-11-26,331434,124819,65110,133182,180056,057642,LIVE CATTLE - CHICAGO MERCANTILE EXCHANGE ,131.9499969482422,0.14142785592304954,-46874,1.6481302986807198,59709,-1.7254190452601705,0.017631960362408137,0.0304429549989733,0.00763650265983018,0.0043576882269100725,0.03670743068696827
2013-12-03,339909,133012,63713,133220,187264,057642,LIVE CATTLE - CHICAGO MERCANTILE EXCHANGE ,132.52499389648438,0.15899549585330192,-54044,-2.1633266351671825,69299,2.893487089435604,0.022609553051010346,0.04874825263692972,0.0043576882269100725,-0.006413815384820887,0.04024483703873726
2013-12-10,320876,131066,50976,118657,182287,057642,LIVE CATTLE - CHICAGO MERCANTILE EXCHANGE ,131.6750030517578,0.1983009012827385,-63630,-2.8201665739948045,80090,3.1746732213621884,0.06492902333989048,0.08065721097329188,-0.006413815384820887,0.0005695610138904961,0.04345414985327683
2013-12-17,317330,131319,52719,115141,178884,057642,LIVE CATTLE - CHICAGO MERCANTILE EXCHANGE ,131.75,0.200872908328869,-63743,-0.03521609593737145,78600,-0.46435383138657926,0.023532012583963948,0.010845586237624839,0.0005695610138904961,0.00455412602288896,0.04679736273828867
2013-12-24,316720,131156,53640,115008,177545,057642,LIVE CATTLE - CHICAGO MERCANTILE EXCHANGE ,132.35000610351562,0.1974520080828492,-62537,0.38004600888664797,77516,-0.3416002268931396,0.005031566929752899,0.0058659278339358,0.00455412602288896,0.01624475857449359,0.05005358653140306
2013-12-31,327457,137026,53565,115740,184738,057642,LIVE CATTLE - CHICAGO MERCANTILE EXCHANGE ,134.5,0.2107085815847577,-68998,-2.03997221520586,83461,1.8770522859307908,0.02637464306871052,0.031192448751515025,0.01624475857449359,0.015055716702486066,0.0531368711708016
2014-01-07,340331,146540,52244,114553,191729,057642,LIVE CATTLE - CHICAGO MERCANTILE EXCHANGE ,136.52499389648438,0.22676747049196225,-77176,-2.497427143105812,94296,3.3088313885487253,0.02670088349952005,0.05450639890534449,0.015055716702486066,0.008240249407027944,0.05568278299858789
2014-01-14,349905,157398,52854,115937,199568,057642,LIVE CATTLE - CHICAGO MERCANTILE EXCHANGE ,137.64999389648438,0.23901058858833113,-83631,-1.8966829351425525,104544,3.011186168759237,0.029232500277333165,0.05454407092441451,0.008240249407027944,0.028332795700712676,0.05898959076941334
2014-01-21,363157,165799,55336,118739,205843,057642,LIVE CATTLE - CHICAGO MERCANTILE EXCHANGE ,141.5500030517578,0.23985218514306483,-87104,-0.9925551221045712,110463,1.6916020062588417,0.027965198316604125,0.049214280869152326,0.028332795700712676,0.00706464131713469,0.0631499066164794
2014-01-28,365010,167823,54954,116046,208690,057642,LIVE CATTLE - CHICAGO MERCANTILE EXCHANGE ,142.5500030517578,0.2538122243226213,-92644,-1.5255110048821858,112869,0.6625233714343934,0.017060011824990146,0.010800037705867302,0.00706464131713469,-0.020694471308927875,0.06802634976052711
2014-02-04,374913,173373,54424,121332,218372,057642,LIVE CATTLE - CHICAGO MERCANTILE EXCHANGE ,139.60000610351562,0.2588333826781147,-97040,-1.204350565737925,118949,1.6657077888277034,0.044061889174104515,0.026690430514888255,-0.020694471308927875,0.022922613240212497,0.07314275673549929
2014-02-11,369291,172159,49134,120199,220290,057642,LIVE CATTLE - CHICAGO MERCANTILE EXCHANGE ,142.8000030517578,0.27103557898784425,-100091,-0.8137887990013684,123025,1.0871855603833422,0.008960641900325708,0.02939089804015491,0.022922613240212497,0.0066526395514001635,0.0790250449258597
2014-02-18,366615,167506,48935,120489,217425,057642,LIVE CATTLE - CHICAGO MERCANTILE EXCHANGE ,143.75,0.26440816660529437,-96936,0.854339802486386,118571,-1.2060949224324449,0.009336695135448665,0.022417194524142838,0.0066526395514001635,0.018782587466032563,0.08495754552582205
2014-02-25,371379,166672,54411,122327,213368,057642,LIVE CATTLE - CHICAGO MERCANTILE EXCHANGE ,146.4499969482422,0.24514310179089285,-91041,1.6079538480422242,112261,-1.7211516168187335,0.01756058326754941,0.028541317061917922,0.018782587466032563,-0.005633301232049526,0.0907726827287693
2014-03-04,369457,165353,55475,126708,216470,057642,LIVE CATTLE - CHICAGO MERCANTILE EXCHANGE ,145.625,0.24295655516068176,-89762,0.3443921169479157,109878,-0.6416625603494004,0.021805010810716306,0.010791204013983735,-0.005633301232049526,-0.016480644782725373,0.09659332388605915
2014-03-11,362131,165762,56315,123919,213620,057642,LIVE CATTLE - CHICAGO MERCANTILE EXCHANGE ,143.22500610351562,0.24770317923624324,-89701,0.016510717079389482,109447,-0.11665768952814537,0.01670621765188615,0.005624175398623,-0.016480644782725373,0.01728043804681545,0.1024572125174862
2014-03-18,373029,170394,60119,127787,217252,057642,LIVE CATTLE - CHICAGO MERCANTILE EXCHANGE ,145.6999969482422,0.23983390031338045,-89465,0.06516978662417744,110275,0.22864653951194455,0.021736673245633102,0.03659663446313223,0.01728043804681545,-0.009094008071344528,0.10822941209423198
2014-03-25,371201,174874,62681,122737,212888,057642,LIVE CATTLE - CHICAGO MERCANTILE EXCHANGE ,144.375,0.24286303108019644,-90151,-0.18389991126695243,112193,0.5141691396647445,0.028049162011173183,0.029643661467870598,-0.009094008071344528,0.0025974025974024872,0.11391428326181804
2014-04-01,374311,176350,63462,125775,217364,057642,LIVE CATTLE - CHICAGO MERCANTILE EXCHANGE ,144.75,0.24468690473964164,-91589,-0.3873911977607819,112888,0.1872300990568452,0.021897831491028415,0.009411539038913817,0.0025974025974024872,-0.009844580668447733,0.11980333668094861
2014-04-08,354090,171632,49451,121382,223564,057642,LIVE CATTLE - CHICAGO MERCANTILE EXCHANGE ,143.3249969482422,0.28857635064531617,-102182,-2.8299996526952187,122181,2.48269487137701,0.03070915447635282,0.08471479037284639,-0.009844580668447733,0.013605421173993548,0.1258182479863576
2014-04-15,350691,171093,50148,121574,222299,057642,LIVE CATTLE - CHICAGO MERCANTILE EXCHANGE ,145.27499389648438,0.2872186625832998,-100725,0.41147730802903215,120945,-0.3490637973396594,0.004237029368400543,0.005586667932254871,0.013605421173993548,-0.01084148693452669,0.13169384483076202
2014-04-22,343379,169117,51800,116934,216093,057642,LIVE CATTLE - CHICAGO MERCANTILE EXCHANGE ,143.6999969482422,0.2887742115854493,-99159,0.44654696014440065,117317,-1.034528972799416,0.03256792992760347,0.016422457302968988,-0.01084148693452669,0.012526117536426407,0.13768897723977183
2014-04-29,344352,169836,55460,119394,215929,057642,LIVE CATTLE - CHICAGO MERCANTILE EXCHANGE ,145.5,0.2803381423659511,-96535,0.7641702026041196,114376,-0.8564880205254253,0.007825290838982115,0.019436652226404373,0.012526117536426407,-0.04948451510819374,0.1433389873514233
2014-05-06,341984,168110,58084,116018,206278,057642,LIVE CATTLE - CHICAGO MERCANTILE EXCHANGE ,138.3000030517578,0.26393047627959204,-90260,1.822263265495772,110026,-1.2632422637301366,0.04041936604860129,0.01923127934427969,-0.04948451510819374,-0.009399877245637511,0.14803540064157866
2014-05-13,342953,162869,58015,118040,203621,057642,LIVE CATTLE - CHICAGO MERCANTILE EXCHANGE ,137.0,0.2495414823605567,-85581,1.3681926639842799,104854,-1.5123514550388322,0.014546370246936993,0.024039767479763132,-0.009399877245637511,0.012773722627737127,0.15246110524315665
2014-05-20,354675,165237,58594,122795,210073,057642,LIVE CATTLE - CHICAGO MERCANTILE EXCHANGE ,138.75,0.24607880453936704,-87278,-0.494819989911154,106643,0.5216458231886002,0.03366800052873812,0.013166183415165907,0.012773722627737127,-0.022702658713400936,0.15715255696300742
2014-05-27,346349,154532,58990,126246,202919,057642,LIVE CATTLE - CHICAGO MERCANTILE EXCHANGE ,135.60000610351562,0.2213749714882965,-76673,2.9900613237470925,95542,-3.1299076619440336,0.0322178846475172,0.0519899588801154,-0.022702658713400936,0.02028023507536325,0.16150652091128623
2014-06-03,358700,153957,64500,132246,204934,057642,LIVE CATTLE - CHICAGO MERCANTILE EXCHANGE ,138.35000610351562,0.20264287705603568,-72688,1.150573554420541,89457,-1.7568983886195717,0.02377068628032505,0.027854451905867057,0.02028023507536325,0.03722438503277736,0.16537217172090848
2014-06-10,344832,154275,52333,118781,203736,057642,LIVE CATTLE - CHICAGO MERCANTILE EXCHANGE ,143.5,0.24636634651076467,-84955,-3.419849456370226,101942,3.480624477279063,0.045464270100490825,0.060428444203515834,0.03722438503277736,0.020905923344947785,0.16976724539445917
2014-06-17,348569,152777,57815,122682,202012,057642,LIVE CATTLE - CHICAGO MERCANTILE EXCHANGE ,146.5,0.22758765122543886,-79330,1.6312291202672609,94962,-2.0241740905716408,0.01732400352331734,0.033144658866433675,0.020905923344947785,0.03174057267224839,0.17411720303215372
2014-06-24,356917,154795,59622,121377,201521,057642,LIVE CATTLE - CHICAGO MERCANTILE EXCHANGE ,151.14999389648438,0.2245452023859889,-80144,-0.23352621719085748,95173,0.06053320863301097,0.005562127978494757,0.017839070596081467,0.03174057267224839,0.002315621023149639,0.1779429767003246
2014-07-01,358260,151888,59045,121535,200330,057642,LIVE CATTLE - CHICAGO MERCANTILE EXCHANGE ,151.5,0.2199380338301792,-78795,0.37795902128506065,92843,-0.652812838839282,0.004191198173147127,0.016517093105393656,0.002315621023149639,0.013366296346431605,0.1814578398484114
2014-07-08,345515,151855,53964,114786,198704,057642,LIVE CATTLE - CHICAGO MERCANTILE EXCHANGE ,153.52499389648438,0.24287802266182365,-83918,-1.429967063026852,97891,1.4090325461955004,0.026715365721394622,0.024847074371170785,0.013366296346431605,-0.03224228721728373,0.18527875210735179
2014-07-15,340438,150346,52822,114973,199963,057642,LIVE CATTLE - CHICAGO MERCANTILE EXCHANGE ,148.5749969482422,0.24964898160604868,-84990,-0.31026149371228456,97524,-0.10621825391082876,0.004591409048187568,0.013048314695227594,-0.03224228721728373,0.04963823086982244,0.1893726476862094
2014-07-22,340897,150818,57495,111663,193665,057642,LIVE CATTLE - CHICAGO MERCANTILE EXCHANGE ,155.9499969482422,0.24054773142620792,-82002,0.8776928544992039,93323,-1.2339985548029304,0.03146779856416706,0.024698410564871133,0.04963823086982244,0.01811476116398869,0.1935240948335292
2014-07-29,341527,155012,62833,115804,198409,057642,LIVE CATTLE - CHICAGO MERCANTILE EXCHANGE ,158.77499389648438,0.24186960328173177,-82605,-0.1768862735665025,92179,-0.3355852354230163,0.028276996814262937,0.04375588147536092,0.01811476116398869,-0.0020469026026482817,0.197682326274775
2014-08-05,321666,150896,49855,107291,197961,057642,LIVE CATTLE - CHICAGO MERCANTILE EXCHANGE ,158.4499969482422,0.28187623186783806,-90670,-2.3614531208367127,101041,2.5948168080415313,0.02935607301508262,0.08515026077080562,-0.0020469026026482817,-0.055695784905094525,0.2027131386139061
2014-08-12,316087,145681,48248,106180,191865,057642,LIVE CATTLE - CHICAGO MERCANTILE EXCHANGE ,149.625,0.27108043038783625,-85685,1.5497441445474498,97433,-1.1216603557727582,0.02418091227834723,0.0351778228114413,-0.055695784905094525,0.005847953216374213,0.2066689398282159
2014-08-19,309264,136961,50011,111723,188363,057642,LIVE CATTLE - CHICAGO MERCANTILE EXCHANGE ,150.5,0.247814165243934,-76640,2.8615539392635574,86950,-3.316491978474281,0.03014135947694994,0.056067218620969986,0.005847953216374213,0.02026580100835762,0.20938456582124101
2014-08-26,305313,130755,53160,114307,180415,057642,LIVE CATTLE - CHICAGO MERCANTILE EXCHANGE ,153.5500030517578,0.2165253362942292,-66108,3.405504682083915,77595,-3.02492368979254,0.0357353709597519,0.050865889133567134,0.02026580100835762,-0.00732660356653192,0.2114492262594299
2014-09-02,308067,132685,56477,113206,177825,057642,LIVE CATTLE - CHICAGO MERCANTILE EXCHANGE ,152.4250030517578,0.20975631924224275,-64619,0.48769623304608717,76208,-0.45428789471787967,0.0126824977407905,0.02773812922257113,-0.00732660356653192,0.047564374970280765,0.21339546004318435
2014-09-09,308479,145530,53916,105042,181249,057642,LIVE CATTLE - CHICAGO MERCANTILE EXCHANGE ,159.6750030517578,0.24704112759701632,-76207,-3.7615194097387907,91614,5.00086020248842,0.04047629859129347,0.07724396578522508,0.047564374970280765,-0.02176299381305924,0.2171799145140745
2014-09-16,323164,152231,56326,109614,186256,057642,LIVE CATTLE - CHICAGO MERCANTILE EXCHANGE ,156.1999969482422,0.23716131747348096,-76642,-0.14101446127613224,95905,1.391018513415824,0.03237570554635482,0.043685898819027895,-0.02176299381305924,-0.00480153658548732,0.2212132964915501
2014-09-23,312416,150798,59410,101006,173734,057642,LIVE CATTLE - CHICAGO MERCANTILE EXCHANGE ,155.4499969482422,0.2327921745365154,-72728,1.2111497567798395,91388,-1.3977423227834784,0.0769090776734367,0.021488240219211446,-0.00480153658548732,0.03216468380932014,0.22496926364919304
2014-09-30,317667,148193,63266,104055,172605,057642,LIVE CATTLE - CHICAGO MERCANTILE EXCHANGE ,160.4499969482422,0.21579200861279263,-68550,1.337319471473932,84927,-2.068075898801598,0.015101568712499097,0.030554386429520616,0.03216468380932014,0.03318789061716165,0.22743184488447563
2014-10-07,317510,147037,52301,103964,180817,057642,LIVE CATTLE - CHICAGO MERCANTILE EXCHANGE ,165.77499389648438,0.24204906932065132,-76853,-2.613743322409945,94736,3.087824671747459,0.029155737215614805,0.06080626874956105,0.03318789061716165,-0.00859591521902614,0.22944383920412278
2014-10-14,311317,147428,52910,101890,176673,057642,LIVE CATTLE - CHICAGO MERCANTILE EXCHANGE ,164.35000610351562,0.2402149577440358,-74783,0.6519479701426727,94518,-0.06865925482661964,0.022321701015569188,0.004991564256406672,-0.00859591521902614,0.013386047256101152,0.23103730072363374
2014-10-21,309198,145256,55253,100995,173113,057642,LIVE CATTLE - CHICAGO MERCANTILE EXCHANGE ,166.5500030517578,0.23324212963861343,-72118,0.8560406273990819,90003,-1.4502902186517281,0.016252717906810453,0.02251769247265709,0.013386047256101152,0.01591110085816605,0.23244546919901213
2014-10-28,314630,145605,54188,104208,177968,057642,LIVE CATTLE - CHICAGO MERCANTILE EXCHANGE ,169.1999969482422,0.2344340971935289,-73760,-0.5310513004611932,91417,0.45731214302809203,0.028592084372873666,0.0070773250314075066,0.01591110085816605,-0.015070940294034663,0.23379234161071014
2014-11-04,308314,144150,54876,102974,174012,057642,LIVE CATTLE - CHICAGO MERCANTILE EXCHANGE ,166.64999389648438,0.2304079607153746,-71038,0.8651431840574644,89274,-0.681117503098878,0.018737409110929793,0.010767437420236552,-0.015070940294034663,0.0036003967926234726,0.23487586083446613
2014-11-11,309987,143245,55722,100002,171898,057642,LIVE CATTLE - CHICAGO MERCANTILE EXCHANGE ,167.25,0.23193230683867389,-71896,-0.2782877196624221,87523,-0.5679275024812367,0.01870540639941155,0.008800454346700709,0.0036003967926234726,0.021375168599355288,0.23605769650809252
2014-11-18,323230,149325,54885,102913,181833,057642,LIVE CATTLE - CHICAGO MERCANTILE EXCHANGE ,170.8249969482422,0.244160504903629,-78920,-2.2659014732875895,94440,2.231383896744057,0.045113890976519425,0.03387199451544978,0.021375168599355288,-0.003951430199424122,0.2377461867237745
2014-11-25,325332,157189,51955,95320,183020,057642,LIVE CATTLE - CHICAGO MERCANTILE EXCHANGE ,170.14999389648438,0.26957077692941367,-87700,-2.71633202363642,105234,3.339417752065093,0.031544154631026805,0.05161037371380484,-0.003951430199424122,-0.008962644438366252,0.24021047366620463
2014-12-02,321242,157230,53453,94155,181147,057642,LIVE CATTLE - CHICAGO MERCANTILE EXCHANGE ,168.625,0.2707989615305595,-86992,0.2176238427206669,103777,-0.44785019610736104,0.011035154121655491,0.0073048133926325335,-0.008962644438366252,-0.03691627044338397,0.24236054031384419
2014-12-09,296710,145586,48606,92207,173374,057642,LIVE CATTLE - CHICAGO MERCANTILE EXCHANGE ,162.39999389648438,0.27355667149742174,-81167,1.8132747274640302,96980,-2.115850355806526,0.03660276902338646,0.08492110900552031,-0.03691627044338397,-0.02108982710400764,0.24380776666412657
2014-12-16,289532,137071,50186,95926,163793,057642,LIVE CATTLE - CHICAGO MERCANTILE EXCHANGE ,158.97500610351562,0.23440241493168285,-67867,4.4824913214923665,86885,-3.4023120218395064,0.05120919147232201,0.053909867187875486,-0.02108982710400764,0.018084603803241617,0.24445256486802686
2014-12-23,267964,110489,47089,102612,152079,057642,LIVE CATTLE - CHICAGO MERCANTILE EXCHANGE ,161.85000610351562,0.18460315564777358,-49467,6.355083375930813,63400,-8.111365928463867,0.07224440596644562,0.18834481970833492,0.018084603803241617,0.024868666942836404,0.24420547155196767
2014-12-30,266501,111099,45241,102149,155599,057642,LIVE CATTLE - CHICAGO MERCANTILE EXCHANGE ,165.875,0.20056209920413057,-53450,-1.4863936946754042,65858,0.9172873968144976,0.015453078200412806,0.015722144045030063,0.024868666942836404,0.0009042586072909309,0.24401034689080175
2015-01-06,272939,114179,52303,102874,153139,057642,LIVE CATTLE - CHICAGO MERCANTILE EXCHANGE,166.02499389648438,0.1841620288782475,-50265,1.1951174667262037,61876,-1.4941782582429335,0.012440774491920333,0.06091949880467558,0.0009042586072909309,-0.051648831582482346,0.24319101147515337
2015-01-13,269814,111195,48538,99345,149968,057642,LIVE CATTLE - CHICAGO MERCANTILE EXCHANGE,157.4499969482422,0.18762184319568295,-50623,-0.1311648390299664,62657,0.28614452313520605,0.02687384933798077,0.04225175762052926,-0.051648831582482346,-0.027945341262412104,0.24220276637144864
2015-01-20,256360,98199,44777,99643,143523,057642,LIVE CATTLE - CHICAGO MERCANTILE EXCHANGE,153.0500030517578,0.1711655484474957,-43880,2.499129029627818,53422,-3.422728249831365,0.027730028046684157,0.11720148836168308,-0.027945341262412104,-0.001470147657818277,0.24088186951191848
2015-01-27,247017,92941,44681,101818,139677,057642,LIVE CATTLE - CHICAGO MERCANTILE EXCHANGE,152.8249969482422,0.15326475505734424,-37859,2.3486503354657513,48260,-2.013574660633484,0.024932193213110004,0.03890366365842671,-0.001470147657818277,0.00605269471767822,0.23894826433374006
2015-02-03,249858,94461,52252,106563,137823,057642,LIVE CATTLE - CHICAGO MERCANTILE EXCHANGE,153.75,0.1251110630838316,-31260,2.671476052255513,42209,-2.449628972904699,0.027002365110931067,0.06196451575525005,0.00605269471767822,0.03479678766514227,0.2363766812646192
2015-02-10,237992,88218,48404,104520,133175,057642,LIVE CATTLE - CHICAGO MERCANTILE EXCHANGE,159.10000610351562,0.1204032068304817,-28655,1.0425921923652635,39814,-0.9585444532494457,0.028149519342013925,0.07386072521263047,0.03479678766514227,-0.0031426774407203872,0.23347990487697765
2015-02-17,241511,88629,51848,103366,129237,057642,LIVE CATTLE - CHICAGO MERCANTILE EXCHANGE,158.60000610351562,0.10712141475957616,-25871,1.1697872197384784,36781,-1.2744125852969848,0.02189137715334712,0.027442214739779466,-0.0031426774407203872,-0.01229515846146001,0.23045515964917535
2015-02-24,243455,88134,49975,103745,130177,057642,LIVE CATTLE - CHICAGO MERCANTILE EXCHANGE,156.64999389648438,0.10857037234807254,-26432,-0.23228755626037736,38159,0.5705744251814617,0.0056386316806456855,0.017145877531514964,-0.01229515846146001,-0.035748426829988134,0.2278287610060442
2015-03-03,243159,89099,53307,102611,127508,057642,LIVE CATTLE - CHICAGO MERCANTILE EXCHANGE,151.0500030517578,0.10238979433210368,-24897,0.6305066644759812,35792,-0.9722535992277834,0.016526232079923864,0.030174290409111976,-0.035748426829988134,0.024495179566294878,0.2251255540670331
2015-03-10,248433,91372,51434,100521,129943,057642,LIVE CATTLE - CHICAGO MERCANTILE EXCHANGE,154.75,0.11843032125361767,-29422,-1.8609222771931124,39938,1.705057184805004,0.019634302971396834,0.029032393596907694,0.024495179566294878,-0.00759291148147212,0.22263953756736723
2015-03-17,259366,92725,50749,100614,131156,057642,LIVE CATTLE - CHICAGO MERCANTILE EXCHANGE,153.5749969482422,0.11775637516096944,-30542,-0.45082577596374074,41976,0.8203419030483068,0.005634896664796997,0.014204664259726501,-0.00759291148147212,0.05485921028275986,0.2202918928528978
2015-03-24,271721,102248,48515,102495,143737,057642,LIVE CATTLE - CHICAGO MERCANTILE EXCHANGE,162.0,0.1517806868074238,-41242,-4.125444352767904,53733,4.532976565933854,0.058733227200363884,0.07798332482107678,0.05485921028275986,-0.004166685504677803,0.2185403093091906
2015-03-31,278224,107110,50193,105836,151483,057642,LIVE CATTLE - CHICAGO MERCANTILE EXCHANGE,161.3249969482422,0.1640656449479556,-45647,-1.6211481630054356,56917,1.1717901818409324,0.043086596792308376,0.04157581228584325,-0.004166685504677803,0.010382786818184275,0.21698990046704278
2015-04-07,268587,109189,42211,98411,152628,057642,LIVE CATTLE - CHICAGO MERCANTILE EXCHANGE,163.0,0.2018601049194488,-54217,-3.0802518833745474,66978,3.616151015009489,0.03413812196511299,0.06645310435931308,0.010382786818184275,-0.02085885826064038,0.21532228035692996
2015-04-14,275475,113184,40960,97348,156047,057642,LIVE CATTLE - CHICAGO MERCANTILE EXCHANGE,159.60000610351562,0.21308285688356476,-58699,-1.6687330362228998,72224,1.9531846291890524,0.017687799680340968,0.03403311189537056,-0.02085885826064038,-0.020676710059882142,0.21389659178578121
2015-04-21,272115,110806,43253,100414,153938,057642,LIVE CATTLE - CHICAGO MERCANTILE EXCHANGE,156.3000030517578,0.19669624974734948,-53524,1.8785733732643615,67553,-1.69561666212905,0.020345819966031325,0.030319552898564837,-0.020676710059882142,0.030070357367080858,0.21212586175043313
2015-04-28,277402,116677,46282,97897,154746,057642,LIVE CATTLE - CHICAGO MERCANTILE EXCHANGE,161.0,0.20493363422037333,-56849,-1.2219098542895468,70395,1.0444113701927493,0.013160863352635933,0.054614964500273075,0.030070357367080858,-0.059316789141352855,0.21067577505532586
2015-05-05,281876,118389,42828,96857,158761,057642,LIVE CATTLE - CHICAGO MERCANTILE EXCHANGE,151.4499969482422,0.21961429848585903,-61904,-1.8222651603088658,75561,1.8622792914254405,0.019775602657089875,0.032043767096522076,-0.059316789141352855,0.00016513143464758073,0.20982354086698488
2015-05-12,288011,122287,42476,96256,162433,057642,LIVE CATTLE - CHICAGO MERCANTILE EXCHANGE,151.47500610351562,0.22977247396800818,-66177,-1.5159147994153457,79811,1.5077551831301708,0.01651790373769275,0.025794626220692753,0.00016513143464758073,0.0033008745987987975,0.2094433676286666
2015-05-19,303895,127878,42520,96114,167317,057642,LIVE CATTLE - CHICAGO MERCANTILE EXCHANGE,151.97500610351562,0.23430132118001284,-71203,-1.745072236824288,85358,1.9259681053848638,0.01907899981399304,0.033069636967570044,0.0033008745987987975,-0.0011515252161833356,0.20921687756406365
2015-05-26,310681,129561,45370,99281,169408,057642,LIVE CATTLE - CHICAGO MERCANTILE EXCHANGE,151.8000030517578,0.225720272562532,-70127,0.3540696622188585,84191,-0.38401421543625264,0.01956909289178195,0.025913074297866014,-0.0011515252161833356,0.009881422726246925,0.2093004410462605
2015-06-02,314748,127566,45754,100938,169237,057642,LIVE CATTLE - CHICAGO MERCANTILE EXCHANGE,153.3000030517578,0.21699581887732408,-68299,0.5883848706551092,81812,-0.7657372031118737,0.006765985009715925,0.013726055850450034,0.009881422726246925,0.011578563999669944,0.20957645915820836
2015-06-09,300359,127915,41300,95750,167680,057642,LIVE CATTLE - CHICAGO MERCANTILE EXCHANGE,155.0749969482422,0.23948008882703697,-71930,-1.1536213097462098,86615,1.5259826909146366,0.025604524921231445,0.028384008509883877,0.011578563999669944,-0.01950665133654006,0.20944403112582896
2015-06-16,289075,122365,41472,94163,160583,057642,LIVE CATTLE - CHICAGO MERCANTILE EXCHANGE,152.0500030517578,0.22976736141139842,-66420,1.8344714158723394,80893,-1.905053619169061,0.03408885713612775,0.03492495590129214,-0.01950665133654006,-0.0003288592617837205,0.20948594862940512
2015-06-23,276256,118083,44064,92346,152428,057642,LIVE CATTLE - CHICAGO MERCANTILE EXCHANGE,152.0,0.21748667902235608,-60082,2.1925105941364698,74019,-2.3779296030441923,0.04073962103818216,0.04239363047111572,-0.0003288592617837205,-0.027302591424239298,0.2093502077954891
2015-06-30,250887,108174,41848,85962,137209,057642,LIVE CATTLE - CHICAGO MERCANTILE EXCHANGE,147.85000610351562,0.20426327390418794,-51247,3.1981205838063245,66326,-2.784735897138886,0.0968002114970135,0.0808214795163376,-0.027302591424239298,0.021812585130829287,0.20904877010460463
2015-07-07,247813,102578,42338,85910,131515,057642,LIVE CATTLE - CHICAGO MERCANTILE EXCHANGE,151.0749969482422,0.1840298935084116,-45605,2.2488211824446864,60240,-2.425793285423318,0.026427503736920776,0.04199674294073808,0.021812585130829287,-0.025980493999960164,0.20791707531319284
2015-07-14,235318,84094,40050,90036,123598,057642,LIVE CATTLE - CHICAGO MERCANTILE EXCHANGE,147.14999389648438,0.14262402366159835,-33562,4.859712767288237,44044,-6.535573194303769,0.056372113053165696,0.16732181982214203,-0.025980493999960164,-0.013591573788354627,0.20585890304503035
2015-07-21,238026,77130,46441,93515,114893,057642,LIVE CATTLE - CHICAGO MERCANTILE EXCHANGE,145.14999389648438,0.08981371782914471,-21378,5.177674466041697,30689,-5.6752989571558485,0.058462247130628385,0.10807551933706129,-0.013591573788354627,-0.0006888794277033483,0.2029601720143176
2015-07-28,241198,78517,58723,95134,107252,057642,LIVE CATTLE - CHICAGO MERCANTILE EXCHANGE,145.0500030517578,0.05024088093599449,-12118,3.890331308344466,19794,-4.577231058791897,0.04575415295524394,0.09959924220343923,-0.0006888794277033483,0.021889024370615795,0.19927500427689956
2015-08-04,242340,73193,64111,99125,103470,057642,LIVE CATTLE - CHICAGO MERCANTILE EXCHANGE,148.22500610351562,0.01792935545101923,-4345,3.2226635378402806,9082,-4.441164520435493,0.03836718576470298,0.07801666375342306,0.021889024370615795,0.013155654362937641,0.19419910280734537
2015-08-11,229259,71597,57985,89953,99875,057642,LIVE CATTLE - CHICAGO MERCANTILE EXCHANGE,150.1750030517578,0.0432785626736573,-9922,-2.301312205991582,13612,1.8692745729140876,0.06725562087784731,0.05959160994582581,0.013155654362937641,-0.019810261648473437,0.18981829765899577
2015-08-18,228832,71618,57560,89193,97336,057642,LIVE CATTLE - CHICAGO MERCANTILE EXCHANGE,147.1999969482422,0.03558505803384142,-8143,0.7759782603954479,14058,0.1945397999642326,0.01768625790091621,0.0034526002879747327,-0.019810261648473437,-0.023946969901934345,0.1857369686741863
2015-08-25,241162,71828,62008,96507,97006,057642,LIVE CATTLE - CHICAGO MERCANTILE EXCHANGE,143.6750030517578,0.002069148539156252,-499,3.3404418962382887,9820,-1.8520137043770102,0.03950122214011462,0.03480378971278281,-0.023946969901934345,-0.016356401973898316,0.181612811217358
2015-09-01,246990,71332,67927,100246,95597,057642,LIVE CATTLE - CHICAGO MERCANTILE EXCHANGE,141.3249969482422,-0.018822624397748896,4649,2.1346646652457686,3405,-2.6600376510395503,0.0262863620348953,0.04606524533423333,-0.016356401973898316,0.01521322626358046,0.17721706230120432
2015-09-08,253003,68430,71582,102645,92832,057642,LIVE CATTLE - CHICAGO MERCANTILE EXCHANGE,143.47500610351562,-0.03878610135057687,9813,2.090772905785659,-3152,-2.654763350742945,0.026417430183602163,0.046831700139988004,0.01521322626358046,-0.02003833335212213,0.17172038482144286
2015-09-15,259861,71504,76870,106204,91165,057642,LIVE CATTLE - CHICAGO MERCANTILE EXCHANGE,140.60000610351562,-0.05787324762084345,15039,2.0655881550811652,-5366,-0.8750884376865097,0.0264783223302545,0.05635758286492243,-0.02003833335212213,-0.03111664160795935,0.16604664318501358
2015-09-22,267058,71358,83749,112188,88841,057642,LIVE CATTLE - CHICAGO MERCANTILE EXCHANGE,136.22500610351562,-0.08742295681088004,23347,3.197093830932691,-12391,-2.70336833922751,0.0413273706778624,0.045291315027690564,-0.03111664160795935,-0.05175263524231821,0.15988865988987136
2015-09-29,261329,70438,81880,115441,92474,057642,LIVE CATTLE - CHICAGO MERCANTILE EXCHANGE,129.1750030517578,-0.08788538585461239,22967,-0.14229118768207655,-11442,0.35535351871129117,0.03311930356155159,0.018310376974487584,-0.05175263524231821,-0.031352838831635754,0.1540487099962674
2015-10-06,259893,68050,78133,120076,101128,057642,LIVE CATTLE - CHICAGO MERCANTILE EXCHANGE,125.125,-0.07290692708152971,18948,-1.5379081540892898,-10083,0.5200341332190457,0.06007576716515072,0.04196794428900762,-0.031352838831635754,0.058341682731331224,0.14799186391161007
2015-10-13,260412,64665,85219,122839,92231,057642,LIVE CATTLE - CHICAGO MERCANTILE EXCHANGE,132.4250030517578,-0.11753682625992658,30608,4.486461736176041,-20554,-4.028965766680903,0.054214906774538524,0.06986069226868778,0.058341682731331224,0.05909002656532936,0.14111202191153388
2015-10-20,254409,60933,80788,121253,89562,057642,LIVE CATTLE - CHICAGO MERCANTILE EXCHANGE,140.25,-0.12456713402434662,31691,0.41587945255978986,-19855,0.268420810100917,0.020183573275146454,0.05759908552719781,0.05909002656532936,-0.025490174319017345,0.13423107453340005
2015-10-27,256978,62392,74895,119973,93260,057642,LIVE CATTLE - CHICAGO MERCANTILE EXCHANGE,136.6750030517578,-0.10395053273042829,26713,-1.9566917837026205,-12503,2.889834872193987,0.023345354612090998,0.05355204789965547,-0.025490174319017345,0.02597404772263623,0.12772367780409316
2015-11-03,266672,63984,75210,119220,95652,057642,LIVE CATTLE - CHICAGO MERCANTILE EXCHANGE,140.22500610351562,-0.0883782324353513,23568,-1.223840173088747,-11226,0.4969296982621081,0.014636620871960982,0.013700303173987384,0.02597404772263623,-0.0848636736481132,0.12159317408965611
2015-11-10,267425,68610,79855,121154,98895,057642,LIVE CATTLE - CHICAGO MERCANTILE EXCHANGE,128.3249969482422,-0.08323455174347948,22259,-0.49086518269634605,-11245,-0.007124857502849943,0.0235265781712255,0.06244569427137709,-0.0848636736481132,-0.0023378379808480787,0.11553227296307625
2015-11-17,272654,68445,80086,126136,101524,057642,LIVE CATTLE - CHICAGO MERCANTILE EXCHANGE,128.02499389648438,-0.09026825207038958,24612,0.8798728615499672,-11641,-0.14807890062634382,0.03343143283844329,0.002666110104961254,-0.0023378379808480787,0.017379466585365932,0.1091009507135759
2015-11-24,278849,71700,82711,126140,102555,057642,LIVE CATTLE - CHICAGO MERCANTILE EXCHANGE,130.25,-0.08457982635763442,23585,-0.3766678647663339,-11011,0.23106207867847162,0.00452567830516627,0.03808018858760062,0.017379466585365932,0.01420350175443863,0.10229036218882498
2015-12-01,274364,71090,85096,124133,97787,057642,LIVE CATTLE - CHICAGO MERCANTILE EXCHANGE,132.10000610351562,-0.09602571765975128,26346,0.990141617864866,-14006,-1.074058002718317,0.030529019466474405,0.019175854429974517,0.01420350175443863,-0.07456476645275101,0.09523604143516515
2015-12-08,251061,69012,80635,117573,92077,057642,LIVE CATTLE - CHICAGO MERCANTILE EXCHANGE,122.25,-0.10155300902967805,25496,-0.3098074091353093,-11623,0.8685541834934613,0.05852611495349392,0.043696164974907616,-0.07456476645275101,-0.015950895282144772,0.08802239373272093
2015-12-15,248936,69351,78141,114907,93581,057642,LIVE CATTLE - CHICAGO MERCANTILE EXCHANGE,120.3000030517578,-0.08566860558537134,21326,-1.6609509242773668,-8790,1.1284110236157745,0.020001151145389664,0.01920782144116291,-0.015950895282144772,0.04405648618382019,0.08186718179970064
2015-12-22,250860,65121,74030,119846,96713,057642,LIVE CATTLE - CHICAGO MERCANTILE EXCHANGE,125.5999984741211,-0.09221478115283425,23133,0.7258893852235113,-8909,-0.047803451489539475,0.03726928920063355,0.059942077311697366,0.04405648618382019,0.0366241921178756,0.07654375993815049
2015-12-29,262818,61554,73435,131539,103020,057642,LIVE CATTLE - CHICAGO MERCANTILE EXCHANGE,130.1999969482422,-0.10851235455714602,28519,2.147014270908076,-11881,-1.1847245475564059,0.07673975417698746,0.030832141878227116,0.0366241921178756,0.050499209695495706,0.07060002044274133
2016-01-05,265072,62490,69436,131734,106676,057642,LIVE CATTLE - CHICAGO MERCANTILE EXCHANGE,136.77499389648438,-0.09453280618096216,25058,-1.3168808833489336,-6946,1.8777252699586786,0.0161528459376704,0.03740733441474766,0.050499209695495706,-0.03783577425626017,0.06524050438391038
2016-01-12,274995,65092,66775,131835,112686,057642,LIVE CATTLE - CHICAGO MERCANTILE EXCHANGE,131.60000610351562,-0.06963399334533354,19149,-2.229205649785719,-1683,1.985498279712682,0.02499171850270529,0.039911425906405694,-0.03783577425626017,-0.01747722602648394,0.06029327675812161
2016-01-19,275924,65048,66765,131525,111763,057642,LIVE CATTLE - CHICAGO MERCANTILE EXCHANGE,129.3000030517578,-0.07162117104709993,19762,0.22291314387534317,-1717,-0.01236386116111202,0.005068067475584493,0.00040967127673294744,-0.01747722602648394,0.028808899897979634,0.055624301383225536
2016-01-26,277264,64786,68512,130867,112999,057642,LIVE CATTLE - CHICAGO MERCANTILE EXCHANGE,133.02499389648438,-0.0644439956142882,17868,-0.6864208985082849,-3726,-0.7280990417651237,0.007766560324112422,0.015071493945895662,0.028808899897979634,0.020297029362258856,0.0514375946395403
2016-02-02,276556,68636,75009,129877,109105,057642,LIVE CATTLE - CHICAGO MERCANTILE EXCHANGE,135.72500610351562,-0.07510956189704797,20772,1.0473772289226153,-6373,-0.9546857868313232,0.020436685608121112,0.07203174492672909,0.020297029362258856,-0.031865993829704564,0.047587198005292604
2016-02-09,268120,70276,68459,124536,110843,057642,LIVE CATTLE - CHICAGO MERCANTILE EXCHANGE,131.39999389648438,-0.051070416231538115,13693,-2.559698578226471,1817,2.961425534069049,0.030074900479651966,0.05903340901719105,-0.031865993829704564,0.011796066390831639,0.044289628331023
2016-02-16,272135,69662,67946,124932,112493,057642,LIVE CATTLE - CHICAGO MERCANTILE EXCHANGE,132.9499969482422,-0.045708931228985616,12439,-0.46770102938982544,1716,-0.037669700134268236,0.008617458144677266,0.008189930817975699,0.011796066390831639,0.030086499374326614,0.04135058321585835
2016-02-23,270927,70549,64625,122001,115161,057642,LIVE CATTLE - CHICAGO MERCANTILE EXCHANGE,136.9499969482422,-0.02524665315749261,6840,-2.0574347290866664,5924,1.5462913627427564,0.02360833523077053,0.031130246940979774,0.030086499374326614,0.0010953571275371665,0.038777178879212865
2016-03-01,280951,78988,65094,122481,120445,057642,LIVE CATTLE - CHICAGO MERCANTILE EXCHANGE,137.10000610351562,-0.007246815280956466,2036,-1.7731713708858843,13894,2.9417518372107616,0.023727390234063048,0.06182590469316084,0.0010953571275371665,0.00018230412379049987,0.03666878254050017
2016-03-08,288597,82681,63751,120969,125285,057642,LIVE CATTLE - CHICAGO MERCANTILE EXCHANGE,137.125,0.014955110413483162,-4316,-2.2608924687934904,18930,1.7924833867827485,0.025794504860834747,0.034391389860139863,0.00018230412379049987,0.026253462924453075,0.03467887463972835
2016-03-15,292575,88336,55670,117450,135602,057642,LIVE CATTLE - CHICAGO MERCANTILE EXCHANGE,140.72500610351562,0.062042211398786636,-18152,-4.794228630235241,32666,4.759578235393993,0.05467650917597964,0.09538491451745067,0.026253462924453075,-0.030556069392491447,0.03360744841353253
2016-03-22,296499,92549,54525,115815,137921,057642,LIVE CATTLE - CHICAGO MERCANTILE EXCHANGE,136.4250030517578,0.07455674386760158,-22106,-1.3514483465778004,38024,1.8313253012048194,0.015583125768515307,0.036430640357915066,-0.030556069392491447,-0.01154478221008104,0.03212237258776672
2016-03-29,293880,86708,58970,118096,133295,057642,LIVE CATTLE - CHICAGO MERCANTILE EXCHANGE,134.85000610351562,0.051718388457873965,-15199,2.329518817938678,27738,-3.469151666616076,0.027475128385662177,0.07060777879981878,-0.01154478221008104,-0.0309603475179151,0.029961848424495913
2016-04-05,283032,87192,63327,116636,127309,057642,LIVE CATTLE - CHICAGO MERCANTILE EXCHANGE,130.6750030517578,0.037709516945080415,-10673,1.540084388185654,23865,-1.3178848509595753,0.030523273688741314,0.03216205263122928,-0.0309603475179151,0.021809762985792513,0.026805106348065752
2016-04-12,288959,89342,67445,116723,127652,057642,LIVE CATTLE - CHICAGO MERCANTILE EXCHANGE,133.52499389648438,0.03782197474382179,-10929,-0.09044913649340004,21897,-0.6953277367930129,0.0017595907928388747,0.03997780428224279,0.021809762985792513,-0.04643323146712697,0.02343470476845531
2016-04-19,282850,90277,69375,111704,121806,057642,LIVE CATTLE - CHICAGO MERCANTILE EXCHANGE,127.3249969482422,0.03571504330917447,-10102,0.28619977228603366,20902,-0.3443395083731602,0.046529056571453044,0.017945280986144865,-0.04643323146712697,-0.004123258661437923,0.020338912336951946
2016-04-26,274631,90764,73169,106252,113420,057642,LIVE CATTLE - CHICAGO MERCANTILE EXCHANGE,126.8000030517578,0.026100476639563632,-7168,1.0372989216899415,17595,-1.169170938660067,0.0629939182053243,0.026114327194646594,-0.004123258661437923,-0.08221611041683075,0.016899813152705605
2016-05-03,277517,95782,80328,107626,114776,057642,LIVE CATTLE - CHICAGO MERCANTILE EXCHANGE,116.375,0.0257641874191491,-7150,0.006554249156140422,15454,-0.7795915246275913,0.012275069468799742,0.06914428482198626,-0.08221611041683075,0.05929109796673604,0.013171926401422722
2016-05-10,274142,91113,76378,109667,116506,057642,LIVE CATTLE - CHICAGO MERCANTILE EXCHANGE,123.2750015258789,0.02494692531607707,-6839,0.112065206816159,14735,-0.259083227333821,0.016673077688318234,0.051459481404971016,0.05929109796673604,0.00040556010338232973,0.00923297354273174
2016-05-17,268314,98969,65205,103013,124662,057642,LIVE CATTLE - CHICAGO MERCANTILE EXCHANGE,123.3249969482422,0.08068531645758328,-21649,-5.402309751880412,33764,6.94129319841542,0.0650488635115845,0.11590751276085129,0.00040556010338232973,-0.043178569471013506,0.00627881960576194
2016-05-24,268683,95972,66556,105122,123114,057642,LIVE CATTLE - CHICAGO MERCANTILE EXCHANGE,118.0,0.06696367094308163,-17992,1.3629553433663544,29416,-1.62048942656738,0.016022888589004365,0.02675231344752904,-0.043178569471013506,0.0262711735095007,0.0032258080361571256
2016-05-31,259279,93958,64912,102811,121939,057642,LIVE CATTLE - CHICAGO MERCANTILE EXCHANGE,121.0999984741211,0.07377381122265976,-19128,-0.42280308020976387,29046,-0.1377087497162083,0.015510567296996663,0.023025114873796184,0.0262711735095007,0.0010322048024362651,0.00047153865818281193
2016-06-07,250554,88198,61203,103717,118628,057642,LIVE CATTLE - CHICAGO MERCANTILE EXCHANGE,121.2249984741211,0.059512121139554744,-14911,1.6264333015786083,26995,-0.791039767971953,0.018966021273246533,0.06337976318766274,0.0010322048024362651,-0.017941806143454864,-0.002989383797345693
2016-06-14,247348,89622,63748,101328,116885,057642,LIVE CATTLE - CHICAGO MERCANTILE EXCHANGE,119.0500030517578,0.06289519219884535,-15557,-0.2578286517078155,25874,-0.4474085426694445,0.01893562711662458,0.02587859424920128,-0.017941806143454864,-0.033599327152146086,-0.006198463974510174
2016-06-21,244356,87189,69210,100149,110843,057642,LIVE CATTLE - CHICAGO MERCANTILE EXCHANGE,115.0500030517578,0.043764016435037405,-10694,1.9660559212122193,17979,-3.1918592428481327,0.03422404640934253,0.0504798624032123,-0.033599327152146086,0.017600989506914022,-0.00953928440888169
2016-06-28,242236,85326,69935,100695,108663,057642,LIVE CATTLE - CHICAGO MERCANTILE EXCHANGE,117.0749969482422,0.03289354183523506,-7968,1.1155854572836352,15391,-1.0591104781548233,0.013020758700407914,0.01666870624303592,0.017600989506914022,-0.02925471289038306,-0.012834856179438473
2016-07-05,247585,88105,71628,100140,107264,057642,LIVE CATTLE - CHICAGO MERCANTILE EXCHANGE,113.6500015258789,0.028773956419007613,-7124,0.34842054855595367,16477,0.44832312290493564,0.009421226205859097,0.027996719525708525,-0.02925471289038306,-0.04179498404070314,-0.01582054727731163
2016-07-12,250841,89979,77890,100923,103913,057642,LIVE CATTLE - CHICAGO MERCANTILE EXCHANGE,108.9000015258789,0.011919901451517096,-2990,1.669729587818325,12089,-1.772320617161783,0.02018199925794294,0.04846636365261007,-0.04179498404070314,0.013774104490196448,-0.018334088089043958
2016-07-19,244571,90113,72476,98376,107371,057642,LIVE CATTLE - CHICAGO MERCANTILE EXCHANGE,110.4000015258789,0.036778685943959014,-8995,-2.3939467630889686,17637,2.2117596405691256,0.029186330784896013,0.03412284963927449,0.013774104490196448,0.031476435018948035,-0.01935399254837445
2016-07-26,251923,92451,71437,98016,109456,057642,LIVE CATTLE - CHICAGO MERCANTILE EXCHANGE,113.875,0.04541070088876363,-11440,-0.9997096957529715,21014,1.3807851298804847,0.011784722757769723,0.020605535487650102,0.031476435018948035,0.02063664960808853,-0.019446880626205816
2016-08-02,252242,96450,64595,95574,115515,057642,LIVE CATTLE - CHICAGO MERCANTILE EXCHANGE,116.2249984741211,0.07905503445104305,-19941,-3.3744437784561154,31855,4.3032990239080995,0.04027211271075234,0.0673165885311559,0.02063664960808853,0.00645300073001942,-0.018271386799282283
2016-08-09,239760,94252,57741,91912,113992,057642,LIVE CATTLE - CHICAGO MERCANTILE EXCHANGE,116.9749984741211,0.0920920920920921,-22080,-0.8479951792326418,36511,1.8458464490449646,0.025181638044914134,0.05955537426065674,0.00645300073001942,-0.01260951907126906,-0.017332665079697
2016-08-16,241313,94215,60354,91165,111366,057642,LIVE CATTLE - CHICAGO MERCANTILE EXCHANGE,115.5,0.08371285425982024,-20201,0.7837003670337004,33861,-1.105271938605272,0.016654240585391868,0.017144446816632054,-0.01260951907126906,-0.01948051948051943,-0.016407130536889712
2016-08-23,246157,96229,63232,85793,109234,057642,LIVE CATTLE - CHICAGO MERCANTILE EXCHANGE,113.25,0.09522784239326934,-23441,-1.342654560674311,32997,-0.3580412161798162,0.038476723735687876,0.030678347683759665,-0.01948051948051943,-0.015452538631346546,-0.014615617193541383
2016-08-30,255282,99376,79307,88731,101112,057642,LIVE CATTLE - CHICAGO MERCANTILE EXCHANGE,111.5,0.048499306649117446,-12381,4.49306743257352,20069,-5.251932709612158,0.05825866637168608,0.10757598652362005,-0.015452538631346546,-0.10291478452126546,-0.013320964673409338
2016-09-06,263449,103396,87930,93864,103277,057642,LIVE CATTLE - CHICAGO MERCANTILE EXCHANGE,100.0250015258789,0.03572987561159845,-9413,1.1626358301799578,15466,-1.8031040183013294,0.037019189311203654,0.06608092993111234,-0.10291478452126546,0.04648839245131953,-0.011887965116444429
2016-09-13,260424,105072,92113,93811,99753,057642,LIVE CATTLE - CHICAGO MERCANTILE EXCHANGE,104.6750030517578,0.022816637483488465,-5942,1.3175225565479465,12959,-0.9516073319693754,0.018479675972804862,0.02971321347972716,0.04648839245131953,0.0286601376884279,-0.010336236556745738
2016-09-20,261549,106055,91423,93686,100325,057642,LIVE CATTLE - CHICAGO MERCANTILE EXCHANGE,107.6750030517578,0.02538338896344471,-6639,-0.26764046324455504,14632,0.642413909624305,0.003592579802176165,0.008471829773443117,0.0286601376884279,-0.03575580213046248,-0.008166883753393339
2016-09-27,266390,108690,90669,97028,104795,057642,LIVE CATTLE - CHICAGO MERCANTILE EXCHANGE,103.8249969482422,0.029156499868613687,-7767,-0.4312767397313696,18021,1.2957419068702232,0.03870718401767886,0.016999483344117897,-0.03575580213046248,-0.018540770324538713,-0.005916078258715914
2016-10-04,264662,106085,88527,97539,107592,057642,LIVE CATTLE - CHICAGO MERCANTILE EXCHANGE,101.9000015258789,0.03798429695233921,-10053,-0.8581403205826045,17558,-0.173805323022636,0.016126280279431193,0.02439212381559205,-0.018540770324538713,-0.04317960215890149,-0.00378355471960305
2016-10-11,263180,101266,84926,97274,106250,057642,LIVE CATTLE - CHICAGO MERCANTILE EXCHANGE,97.5,0.034105935101451476,-8976,0.40693412730199274,16340,-0.4602096258624207,0.007895874687997484,0.04522213628942167,-0.04317960215890149,0.002564102564102555,-0.0008673477703457801
2016-10-18,268448,102304,88453,99958,106021,057642,LIVE CATTLE - CHICAGO MERCANTILE EXCHANGE,97.75,0.022585379663845512,-6063,1.1068470248499127,13851,-0.9457405577931453,0.01414221838148549,0.02393096976781979,0.002564102564102555,0.0508951250549472,0.0019625082621194533
2016-10-25,273170,103966,84695,104915,112512,057642,LIVE CATTLE - CHICAGO MERCANTILE EXCHANGE,102.7249984741211,0.02781052092103818,-7597,-0.5714328287042556,19271,2.019012993205388,0.052652154516228435,0.028728778072839644,0.0508951250549472,0.027257270317343485,0.004496374678493809
2016-11-01,275224,103692,77495,107338,120637,057642,LIVE CATTLE - CHICAGO MERCANTILE EXCHANGE,105.5250015258789,0.048320640641804496,-13299,-2.0873448768166343,26197,2.535417505582604,0.04626823116569799,0.041250200069541415,0.027257270317343485,-0.027718578625563817,0.007125199160746804
2016-11-08,273341,98105,74774,105517,116620,057642,LIVE CATTLE - CHICAGO MERCANTILE EXCHANGE,102.5999984741211,0.040619592377286975,-11103,0.7978955323663633,23331,-1.0413336046275035,0.02628107879371739,0.04805673332215017,-0.027718578625563817,0.028021442911864813,0.009507009624607697
2016-11-15,273699,99302,70720,105013,119594,057642,LIVE CATTLE - CHICAGO MERCANTILE EXCHANGE,105.4749984741211,0.05327385193223212,-14581,-1.2724033350284076,28582,1.9210436780431768,0.015484824604754081,0.03088423851031043,0.028021442911864813,0.03673856417216026,0.012267434701581191
2016-11-22,282892,106898,60406,106914,135303,057642,LIVE CATTLE - CHICAGO MERCANTILE EXCHANGE,109.3499984741211,0.10035278480833675,-28389,-5.044958147453955,46492,6.5436848508763275,0.07270340232105922,0.10705063835891551,0.03673856417216026,-0.0038865608440211696,0.01582383107015756
2016-11-29,288547,111137,53789,105954,144366,057642,LIVE CATTLE - CHICAGO MERCANTILE EXCHANGE,108.9250030517578,0.13312216034129623,-38412,-3.54304823042009,57348,3.8375068930899427,0.040040747842761265,0.06582346021852224,-0.0038865608440211696,0.00849203944409127,0.020230521031716166
2016-12-06,283740,114022,46933,101722,149680,057642,LIVE CATTLE - CHICAGO MERCANTILE EXCHANGE,109.8499984741211,0.16902093465849016,-47958,-3.308299861027839,67089,3.3758798393329332,0.03797105830502542,0.06052002112391662,0.00849203944409127,0.011606750510599895,0.02543386610264248
2016-12-13,288630,118748,46426,104155,155987,057642,LIVE CATTLE - CHICAGO MERCANTILE EXCHANGE,111.125,0.17957939230156256,-51832,-1.3653344611263833,72322,1.8442940720377812,0.0335970354652459,0.031681741678472396,0.011606750510599895,0.008773889530898416,0.03053478913892967
2016-12-20,300306,126104,45031,106832,165435,057642,LIVE CATTLE - CHICAGO MERCANTILE EXCHANGE,112.0999984741211,0.19514428616144866,-58603,-2.3459099885666768,81073,3.0319093649308804,0.04453349102168092,0.05113506880532913,0.008773889530898416,0.025423715547855608,0.03606092504881972
2016-12-27,307654,130382,43393,108241,171345,057642,LIVE CATTLE - CHICAGO MERCANTILE EXCHANGE,114.9499969482422,0.2051135366353111,-63104,-1.4988045526895901,86989,1.9699906095782302,0.026177991744937158,0.03404402244281399,0.025423715547855608,-0.0006524310590105831,0.04209219218713621
2017-01-03,306995,131698,43111,103432,169060,057642,LIVE CATTLE - CHICAGO MERCANTILE EXCHANGE,114.875,0.2137754686558413,-65628,-0.8204021400664383,88587,0.5194146671260571,0.026033791817741438,0.00914140576286118,-0.0006524310590105831,0.04047879456695447,0.04802119747245935
2017-01-10,323835,134867,42560,108216,176837,057642,LIVE CATTLE - CHICAGO MERCANTILE EXCHANGE,119.5250015258789,0.21190112248521623,-68621,-0.9749344451864037,92307,1.2117461196436423,0.04406548957562278,0.02096636926736066,0.04047879456695447,0.00041828422275713706,0.053435334315354535
2017-01-17,336427,139888,45142,114538,183855,057642,LIVE CATTLE - CHICAGO MERCANTILE EXCHANGE,119.5749969482422,0.20603875432114546,-69317,-0.21492426698781786,94746,0.7531613321598962,0.04470614257036861,0.04109063395125115,0.00041828422275713706,0.0008363462769636065,0.05877494826474387
2017-01-24,349379,144393,48369,119501,189412,057642,LIVE CATTLE - CHICAGO MERCANTILE EXCHANGE,119.6750030517578,0.20010075018819104,-69911,-0.17656133425676296,96024,0.37987438582515676,0.03405489571497477,0.0401116402610473,0.0008363462769636065,-0.0340505909648845,0.06386234722248386
2017-01-31,350015,143147,46854,120867,191851,057642,LIVE CATTLE - CHICAGO MERCANTILE EXCHANGE,115.5999984741211,0.20280273702555604,-70984,-0.3071163407073694,96293,0.0769937517709994,0.012167511943668097,0.014531502465776495,-0.0340505909648845,0.017949866825484717,0.06920681450945701
2017-02-07,338623,137381,40946,120635,193390,057642,LIVE CATTLE - CHICAGO MERCANTILE EXCHANGE,117.6750030517578,0.21485545872548528,-72755,-0.5059783152150622,96435,0.04056968987043413,0.005639678369556564,0.0654640071329636,0.017949866825484717,-0.00254942038646766,0.07432077364324592
2017-02-14,327514,129921,38903,121470,189885,057642,LIVE CATTLE - CHICAGO MERCANTILE EXCHANGE,117.375,0.2088918336315394,-68415,1.281661316567392,91018,-1.5997141363699452,0.013939072762602174,0.05628939013410415,-0.00254942038646766,0.014696472622969914,0.07921694219825602
2017-02-21,326967,128504,40135,121894,186335,057642,LIVE CATTLE - CHICAGO MERCANTILE EXCHANGE,119.0999984741211,0.19708716781815902,-64441,1.2133832446857233,88369,-0.8088203863040969,0.012893011364926727,0.015708110223613753,0.014696472622969914,0.06297229299822082,0.08349259260163394
2017-02-28,335075,131697,41506,119078,188838,057642,LIVE CATTLE - CHICAGO MERCANTILE EXCHANGE,126.5999984741211,0.20819219577706483,-69760,-1.6267696740037985,90191,0.557242779852401,0.017274191662661247,0.02635058284209858,0.06297229299822082,-0.08886256031274486,0.08763565050659589
2017-03-07,338857,131766,41624,119335,189488,057642,LIVE CATTLE - CHICAGO MERCANTILE EXCHANGE,115.3499984741211,0.2070283334858067,-70153,-0.11728717451316868,90142,-0.014623591733194061,0.002936957415736522,0.0010784935694100005,-0.08886256031274486,0.008452522644288196,0.0913293663349098
2017-03-14,349874,135968,42580,119060,192769,057642,LIVE CATTLE - CHICAGO MERCANTILE EXCHANGE,116.3249969482422,0.2106729851317903,-73709,-1.0494102231914937,93388,0.9579262048592768,0.011403685994567536,0.028888590183032015,0.008452522644288196,0.03073290067849621,0.09418765044515985
2017-03-21,367767,145983,42807,123101,203364,057642,LIVE CATTLE - CHICAGO MERCANTILE EXCHANGE,119.9000015258789,0.21824416002523336,-80263,-1.8732457970583694,103176,2.7975785568518954,0.044831758381449774,0.054250754806928335,0.03073290067849621,0.007297748030563156,0.09695086998665278
2017-03-28,388405,158463,46448,127038,215406,057642,LIVE CATTLE - CHICAGO MERCANTILE EXCHANGE,120.7750015258789,0.22751509378097604,-88368,-2.203841018905992,112015,2.4034239069845853,0.04666164394762355,0.07867318006353978,0.007297748030563156,-0.021113666069475623,0.1003315758582509
2017-04-04,390786,160629,47497,131440,219588,057642,LIVE CATTLE - CHICAGO MERCANTILE EXCHANGE,118.2249984741211,0.22556591075422355,-88148,0.056641907287496296,113132,0.2875864110915153,0.024453889718199118,0.01544737322583435,-0.021113666069475623,0.042503714026089545,0.10394419881611904
2017-04-11,394324,163709,41672,133569,229948,057642,LIVE CATTLE - CHICAGO MERCANTILE EXCHANGE,123.25,0.24441575962913745,-96379,-2.1062678806303197,122037,2.278740794194265,0.03435602736598289,0.04335844114109874,0.042503714026089545,0.028600418059869348,0.10791715621775973
2017-04-18,409097,173676,43868,131237,234387,057642,LIVE CATTLE - CHICAGO MERCANTILE EXCHANGE,126.7750015258789,0.2521406903497215,-103150,-1.7171158742556882,129808,1.9707144378734238,0.01851902500929917,0.055910528444820355,0.028600418059869348,0.024058334732030673,0.11207918789161639
2017-04-25,414477,179489,48975,126524,231091,057642,LIVE CATTLE - CHICAGO MERCANTILE EXCHANGE,129.8249969482422,0.2522866166277019,-104567,-0.3463726206743144,130514,0.17257520832467604,0.0223955930260196,0.04779746480845998,0.024058334732030673,-0.021374881276451818,0.11642892135292675
2017-05-02,431718,182094,54187,133081,236469,057642,LIVE CATTLE - CHICAGO MERCANTILE EXCHANGE,127.0500030517578,0.2394804015584247,-103388,0.2844548672182051,127907,-0.6289854443069218,0.03229603571911785,0.03308348957385486,-0.021374881276451818,-0.016332188333686104,0.1205388485479128
2017-05-09,420116,178774,54973,133802,236083,057642,LIVE CATTLE - CHICAGO MERCANTILE EXCHANGE,124.9749984741211,0.24345894943301374,-102281,0.2564173835698303,123801,-0.9510838093385033,0.0029928220933533394,0.017566000847069694,-0.016332188333686104,-0.02460489686566336,0.12474100285785392
2017-05-16,416324,175940,49570,133389,239628,057642,LIVE CATTLE - CHICAGO MERCANTILE EXCHANGE,121.9000015258789,0.2551834628798724,-106239,-0.942120747603043,126370,0.6114977768045016,0.01061077645254774,0.03652609640370715,-0.02460489686566336,0.00963901072727924,0.12809673644289793
2017-05-23,420815,181214,49476,134809,243953,057642,LIVE CATTLE - CHICAGO MERCANTILE EXCHANGE,123.0749969482422,0.25936337820657535,-109144,-0.6977738492135932,131738,1.2893803864298,0.015167836266573732,0.023269322467380466,0.00963901072727924,-0.0008125003176978618,0.13179673081334975
2017-05-30,421529,179433,48540,134866,245632,057642,LIVE CATTLE - CHICAGO MERCANTILE EXCHANGE,122.9749984741211,0.262771956377853,-110766,-0.38544253413019974,130893,-0.20080082696671936,0.004562441852519593,0.011918078018010906,-0.0008125003176978618,0.058751767137785516,0.13543131052787266
2017-06-06,414712,182134,47183,132496,246009,057642,LIVE CATTLE - CHICAGO MERCANTILE EXCHANGE,130.1999969482422,0.27371525299484945,-113513,-0.6516752109582022,134951,0.9626858413062921,0.0072574999009260115,0.017696027769419625,0.058751767137785516,-0.02073730423600162,0.13955060152508988
2017-06-13,413641,184051,48059,130681,243228,057642,LIVE CATTLE - CHICAGO MERCANTILE EXCHANGE,127.5,0.27208859856735673,-112547,0.23293273404193754,135992,0.2510175736414668,0.012291760829506644,0.012033087760113739,-0.02073730423600162,-0.056078443340226714,0.14357355164756125
2017-06-20,399762,179323,47256,128639,237331,057642,LIVE CATTLE - CHICAGO MERCANTILE EXCHANGE,120.3499984741211,0.27189177560648586,-108692,0.931967575748052,132067,-0.9488904629860193,0.021693034948219798,0.024410911867384002,-0.056078443340226714,-0.0062318239261238695,0.14796062393931989
2017-06-27,386092,173084,45304,127353,232728,057642,LIVE CATTLE - CHICAGO MERCANTILE EXCHANGE,119.5999984741211,0.2729271779783057,-105375,0.8297436975000125,127780,-1.072388070902187,0.016354653536287667,0.037506639558950124,-0.0062318239261238695,-0.039506676709059385,0.1525766554036097
2017-07-11,371693,161158,46392,133357,227693,057642,LIVE CATTLE - CHICAGO MERCANTILE EXCHANGE,114.875,0.2538008517782148,-94336,2.859163101022554,114766,-3.3706992115868757,0.03057471264367816,0.0627029631414117,-0.039506676709059385,0.0017409962850245542,0.15690409569897906
2017-07-18,376022,158255,46929,138520,228881,057642,LIVE CATTLE - CHICAGO MERCANTILE EXCHANGE,115.0749969482422,0.24030774795091778,-90361,1.0694309551161847,111326,-0.9254949649307358,0.017286289367748047,0.016765439800374298,0.0017409962850245542,-0.01651091850420794,0.16129616967012142
2017-07-25,372859,154001,44144,141544,231146,057642,LIVE CATTLE - CHICAGO MERCANTILE EXCHANGE,113.1750030517578,0.24031068044488668,-89602,0.20184989176165224,109857,-0.390668631090734,0.01419141914191419,0.03552448964142421,-0.01651091850420794,-0.003313452528280525,0.16521024648744692
2017-08-01,352122,149377,41744,133197,223057,057642,LIVE CATTLE - CHICAGO MERCANTILE EXCHANGE,112.8000030517578,0.25519564241938875,-89860,-0.06919505764913814,107633,-0.5964721248514854,0.046135622336872004,0.03675158669115377,-0.003313452528280525,-0.002881246177693586,0.1692445722861128
2017-08-08,326354,143077,37662,127112,213272,057642,LIVE CATTLE - CHICAGO MERCANTILE EXCHANGE,112.4749984741211,0.2640077952162376,-86160,1.0507721755527915,105415,-0.6298953203719165,0.046623813105198836,0.05744194667448641,-0.002881246177693586,-0.021560306337067847,0.17280135614698192
2017-08-15,310042,133366,39740,123965,200414,057642,LIVE CATTLE - CHICAGO MERCANTILE EXCHANGE,110.0500030517578,0.2465762703117642,-76449,2.975603179369642,93626,-3.612335071731923,0.049340432025501035,0.06810278095502177,-0.021560306337067847,-0.030213580058447764,0.17577220572812946
2017-08-22,313561,132456,39476,127853,202311,057642,LIVE CATTLE - CHICAGO MERCANTILE EXCHANGE,106.7249984741211,0.23745937792008573,-74458,0.6421710606950026,92980,-0.20835886750827307,0.01752159532838226,0.006828280948281879,-0.030213580058447764,-0.013820552777789485,0.17872886964467302
2017-08-29,316265,133339,46927,128796,195399,057642,LIVE CATTLE - CHICAGO MERCANTILE EXCHANGE,105.25,0.2105923829699777,-66603,2.5050947024661867,86412,-2.094648250260715,0.024229244744675273,0.046231679850887025,-0.013820552777789485,-0.007838450814652731,0.18094741850191742
2017-09-05,315133,130670,47509,129390,191930,057642,LIVE CATTLE - CHICAGO MERCANTILE EXCHANGE,104.4250030517578,0.19845589005277137,-62540,1.2846821494632665,83161,-1.0279354338924636,0.012644715548363003,0.018245696743162773,-0.007838450814652731,0.017716049030940928,0.18383119895198768
2017-09-12,319502,134143,46307,124489,188929,057642,LIVE CATTLE - CHICAGO MERCANTILE EXCHANGE,106.2750015258789,0.20168887831688065,-64440,-0.6029200369367854,87836,1.483500617199722,0.02521233624105827,0.025907453588251594,0.017716049030940928,0.015996207234381776,0.18702271823478156
2017-09-19,326758,136348,43182,124826,194501,057642,LIVE CATTLE - CHICAGO MERCANTILE EXCHANGE,107.9749984741211,0.21323119862405818,-69675,-1.6384873960100406,93166,1.668221169194559,0.018504542365662784,0.029688631426502535,0.015996207234381776,0.0027784492335947153,0.19068453671825406
2017-09-26,337971,141952,43516,129119,205075,057642,LIVE CATTLE - CHICAGO MERCANTILE EXCHANGE,108.2750015258789,0.22474117601806073,-75956,-1.922217665673067,98436,1.6128143763886424,0.044486136794795836,0.03201630469946298,0.0027784492335947153,0.007619459123674233,0.1945183403154582
2017-10-03,333751,144570,37487,127745,212514,057642,LIVE CATTLE - CHICAGO MERCANTILE EXCHANGE,109.0999984741211,0.2539887520936267,-84769,-2.6076201804296817,107083,2.5585035402445775,0.025900857875912172,0.047496113854452175,0.007619459123674233,0.04216313967421592,0.19884203747363158
2017-10-10,329911,145551,33468,125697,213493,057642,LIVE CATTLE - CHICAGO MERCANTILE EXCHANGE,113.6999969482422,0.26612025667528516,-87796,-0.9069635746409748,112083,1.498122852066361,0.008924201774816475,0.0279299962573805,0.04216313967421592,-0.02220751067947535,0.20322926746830358
2017-10-17,330237,146918,33885,126457,213741,057642,LIVE CATTLE - CHICAGO MERCANTILE EXCHANGE,111.1750030517578,0.2643071491080648,-87284,0.15519337033321107,113033,0.28795644886045024,0.0029629803820128277,0.009867092913281306,-0.02220751067947535,0.022037300481130728,0.20765621389150768
2017-10-24,335944,153400,33772,125113,218740,057642,LIVE CATTLE - CHICAGO MERCANTILE EXCHANGE,113.625,0.27869823542018907,-93627,-1.9207417703043572,119628,1.9970506030517476,0.01844683629341608,0.035234971042677324,0.022037300481130728,0.060506050605060535,0.21258146111759121
2017-10-31,354471,167456,39947,126014,226316,057642,LIVE CATTLE - CHICAGO MERCANTILE EXCHANGE,120.5,0.28296249904787696,-100302,-1.9869382992403495,127509,2.3459267020693924,0.024059830272755656,0.09754439424694918,0.060506050605060535,0.034232365145228316,0.21748822992772274
2017-11-07,382837,178816,40058,128990,239003,057642,LIVE CATTLE - CHICAGO MERCANTILE EXCHANGE,124.625,0.28736250675875114,-110013,-2.739575310815271,138758,3.1734612986675916,0.04256330962817227,0.052409148642598026,0.034232365145228316,-0.04112337011033096,0.22208518889151016
2017-11-14,386037,176150,37607,131206,240235,057642,LIVE CATTLE - CHICAGO MERCANTILE EXCHANGE,119.5,0.28243147677554226,-109029,0.2570284481385028,138543,-0.05615967108717287,0.009282766307435098,0.023938397339034512,-0.04112337011033096,-0.012761519045011771,0.22673541743763048
2017-11-21,379776,164709,34720,134348,238604,057642,LIVE CATTLE - CHICAGO MERCANTILE EXCHANGE,117.9749984741211,0.27451971688574317,-104256,1.236409981426651,129989,-2.2158497760577354,0.012797893562710484,0.0718451178113514,-0.012761519045011771,0.014197949340302385,0.23099014560981337
2017-11-28,378955,162888,34144,138164,242246,057642,LIVE CATTLE - CHICAGO MERCANTILE EXCHANGE,119.6500015258789,0.274655302080722,-104082,0.045816481294236606,128744,-0.32782482305358945,0.019605162850608555,0.012165536562588819,0.014197949340302385,-0.026953601612980993,0.2343421170958208
2017-12-05,361073,157125,32587,137501,237761,057642,LIVE CATTLE - CHICAGO MERCANTILE EXCHANGE,116.4250030517578,0.27767238203908906,-100260,1.008563021994696,124538,-1.109894314628386,0.013718415400440226,0.03858480222653285,-0.026953601612980993,-0.0023620486894609938,0.23712192905154755
2017-12-12,338330,138271,27431,136852,227327,057642,LIVE CATTLE - CHICAGO MERCANTILE EXCHANGE,116.1500015258789,0.26741642774805663,-90475,2.709978314634437,110840,-3.793692688182168,0.03043283659958427,0.14489867352234734,-0.0023620486894609938,0.033146779367568824,0.23901415007250076
2017-12-19,334657,131439,27917,138568,222644,057642,LIVE CATTLE - CHICAGO MERCANTILE EXCHANGE,120.0,0.2512303642236678,-84076,1.8913486832382587,103522,-2.1629769751426124,0.017715358293744394,0.04592233740806747,0.033146779367568824,0.012499999999999956,0.24039205337869513
2017-12-26,331898,125209,30474,139636,215549,057642,LIVE CATTLE - CHICAGO MERCANTILE EXCHANGE,121.5,0.22872388504902108,-75913,2.4392138816758653,94735,-2.6256734507271626,0.022982389459014315,0.056441615333723015,0.012499999999999956,,0.2410378148957638
