,Open_Interest_All,NonComm_Positions_Long_All,NonComm_Positions_Short_All,Comm_Positions_Long_All,Comm_Positions_Short_All,CFTC_Contract_Market_Code,Market_and_Exchange_Names,NG_Close,HP,NetLong_Comm,Q_Comm,NetLong_NonComm,Q_NonComm,PT_Comm,PT_NonComm,Ret,Ret_Lead,HP_Smooth_52w
2003-01-07,403990,33157,24612,273481,304595,023651,NATURAL GAS - NEW YORK MERCANTILE EXCHANGE ,5.126999855041504,0.0770167578405406,-31114,,8545,,,,,-0.003900913105516657,
2003-01-14,423605,35751,26776,284515,312479,023651,NATURAL GAS - NEW YORK MERCANTILE EXCHANGE ,5.10699987411499,0.06601432938704689,-27964,0.7797222703532266,8975,0.10643827817520236,0.031688760691062225,0.07609512690517696,-0.003900913105516657,0.06383399680023305,
2003-01-21,421105,45492,24091,279971,318380,023651,NATURAL GAS - NEW YORK MERCANTILE EXCHANGE ,5.433000087738037,0.09121003075242516,-38409,-2.465740489370994,21401,2.9333931374747704,0.017456309089480922,0.1785781009729388,0.06383399680023305,0.0020246050778198743,
2003-01-28,418404,45415,25622,269376,305776,023651,NATURAL GAS - NEW YORK MERCANTILE EXCHANGE ,5.443999767303467,0.08699725624038011,-36400,0.4770781634034267,19793,-0.38185250709443014,0.04033542437477397,0.02263609105114236,0.0020246050778198743,0.058412992324095026,
2003-02-04,410878,48279,25274,255581,299476,023651,NATURAL GAS - NEW YORK MERCANTILE EXCHANGE ,5.76200008392334,0.10683219836545155,-43895,-1.791330866817717,23005,0.7676790852859916,0.03620348901103851,0.043669190923551725,0.058412992324095026,0.037313458774109964,
2003-02-11,415132,55051,22107,255505,306222,023651,NATURAL GAS - NEW YORK MERCANTILE EXCHANGE ,5.977000236511231,0.12217077941474037,-50717,-1.6603468669532075,32944,2.418966213815293,0.012144689502195907,0.12881360325565722,0.037313458774109964,0.602308731026038,
2003-02-25,422294,41155,26928,258055,298764,023651,NATURAL GAS - NEW YORK MERCANTILE EXCHANGE ,9.57699966430664,0.09639966468858188,-40709,2.410799456558396,14227,-4.50868639372537,0.017973524610331186,0.27491444266556997,0.602308731026038,-0.26480107171607215,
2003-03-04,381544,36633,27250,245172,279636,023651,NATURAL GAS - NEW YORK MERCANTILE EXCHANGE ,7.040999889373779,0.09032772104921058,-34464,1.4788275466854846,9383,-1.1470681563081644,0.06099564031036112,0.07582611962493935,-0.26480107171607215,-0.155801752493406,
2003-03-11,372554,35601,29317,237806,269871,023651,NATURAL GAS - NEW YORK MERCANTILE EXCHANGE ,5.943999767303467,0.08606805993225143,-32065,0.6287610341140208,6284,-0.8122261128467491,0.03374389621747686,0.04773714532179057,-0.155801752493406,-0.10178323787364307,
2003-03-18,367683,28947,28224,244555,269045,023651,NATURAL GAS - NEW YORK MERCANTILE EXCHANGE ,5.339000225067139,0.06660628856922947,-24490,2.0332622921777785,723,-1.4926695190495876,0.014748831775700934,0.13550576341151982,-0.10178323787364307,-0.04907287373640168,
2003-03-25,368301,23991,30929,244597,263130,023651,NATURAL GAS - NEW YORK MERCANTILE EXCHANGE ,5.077000141143799,0.050320254357169816,-18533,1.6201456145647202,-6938,-2.0835883084069704,0.011732683115138648,0.1394938091769847,-0.04907287373640168,0.009454374142559452,
2003-04-01,347899,22170,25567,232080,253866,023651,NATURAL GAS - NEW YORK MERCANTILE EXCHANGE ,5.125,0.06262162294229072,-21786,-0.8832449545344704,-3397,0.9614418641274393,0.04482185263383174,0.1504702851037979,0.009454374142559452,-0.0033171118759527385,
2003-04-08,346427,24463,29039,230209,252154,023651,NATURAL GAS - NEW YORK MERCANTILE EXCHANGE ,5.107999801635742,0.06334667909833817,-21945,-0.04570291952549447,-4576,-0.3388914598777231,0.007428015830401586,0.1077529811969646,-0.0033171118759527385,0.1066953988759789,
2003-04-15,360878,29641,29606,235067,264222,023651,NATURAL GAS - NEW YORK MERCANTILE EXCHANGE ,5.652999877929688,0.0807890755324514,-29155,-2.0812465541080805,35,1.3310163468782745,0.033900206093064336,0.0969669350346853,0.1066953988759789,-0.0014151595924153382,
2003-04-22,362671,31802,31451,230736,261929,023651,NATURAL GAS - NEW YORK MERCANTILE EXCHANGE ,5.644999980926514,0.08600908261206437,-31193,-0.564733788150012,351,0.08756421837851018,0.01344524169567556,0.06333296444437418,-0.0014151595924153382,-0.07245348472511925,
2003-04-29,343340,26888,28153,229507,249116,023651,NATURAL GAS - NEW YORK MERCANTILE EXCHANGE ,5.236000061035156,0.05711248325275237,-19609,3.1940794825061833,-1265,-0.44558291123359733,0.029338331003733627,0.14919787067822168,-0.07245348472511925,0.0634071380591088,
2003-05-06,356633,30441,30625,230414,253344,023651,NATURAL GAS - NEW YORK MERCANTILE EXCHANGE ,5.567999839782715,0.0642957886679023,-22930,-0.967262771596668,-184,0.31484825537368205,0.010614811538000405,0.09866374087053352,0.0634071380591088,0.1329023472069999,
2003-05-13,372942,43384,30698,225888,267480,023651,NATURAL GAS - NEW YORK MERCANTILE EXCHANGE ,6.308000087738037,0.11152404395321525,-41592,-5.232830388662855,12686,3.6087518541469805,0.03782572035478588,0.17569720039955725,0.1329023472069999,-0.03994924723152116,
2003-05-20,387582,49963,32110,227913,272170,023651,NATURAL GAS - NEW YORK MERCANTILE EXCHANGE ,6.056000232696533,0.11418744936555361,-44257,-0.7145883274074789,17853,1.3854701267221177,0.013427770990015657,0.09736454132296858,-0.03994924723152116,-0.02658524530774853,
2003-05-27,362197,40800,32343,219112,257622,023651,NATURAL GAS - NEW YORK MERCANTILE EXCHANGE ,5.894999980926514,0.10632335441762356,-38510,1.48278299817845,8457,-2.4242611886000898,0.048976997654876724,0.12846068660022147,-0.02658524530774853,0.07888043326419258,
2003-06-03,364747,44343,32057,217846,259188,023651,NATURAL GAS - NEW YORK MERCANTILE EXCHANGE ,6.360000133514404,0.113344318116393,-41342,-0.7818949356289533,12286,1.057159501597197,0.005936683758390387,0.05011780104712042,0.07888043326419258,-0.004717014021786259,
2003-06-10,375760,50608,35795,217511,265546,023651,NATURAL GAS - NEW YORK MERCANTILE EXCHANGE ,6.329999923706055,0.1278342559080264,-48035,-1.8349705412244652,14813,0.6928089881479491,0.013855507735112006,0.11577144312118792,-0.004717014021786259,-0.09763033775137153,
2003-06-17,369014,35245,36641,232430,255740,023651,NATURAL GAS - NEW YORK MERCANTILE EXCHANGE ,5.711999893188477,0.06316833507671796,-23310,6.579997870981477,-1396,-4.313657653821588,0.050648339717721286,0.22548201318754696,-0.09763033775137153,-0.002626027094903005,
2003-06-24,364408,36217,34238,226664,252645,023651,NATURAL GAS - NEW YORK MERCANTILE EXCHANGE ,5.697000026702881,0.0712964589141841,-25981,-0.7238207764475061,1979,0.9145994460914763,0.018487030287351165,0.04790291675537577,-0.002626027094903005,-0.06670179263819342,
2003-07-01,348640,31370,35060,220931,236155,023651,NATURAL GAS - NEW YORK MERCANTILE EXCHANGE ,5.316999912261963,0.043666819642037634,-15224,2.951911044763013,-3690,-1.5556738600689337,0.04861885947064666,0.08533794972151136,-0.06670179263819342,0.03498210896549825,
2003-07-08,356661,28571,39741,223191,233445,023651,NATURAL GAS - NEW YORK MERCANTILE EXCHANGE ,5.502999782562256,0.02874998948581426,-10254,1.4255392381826526,-11170,-2.1454795777879765,0.010883942571325958,0.10949759925049772,0.03498210896549825,-0.08777027452667863,0.08208588836855357
2003-07-15,360744,29587,42566,222849,232607,023651,NATURAL GAS - NEW YORK MERCANTILE EXCHANGE ,5.019999980926514,0.02704965293948063,-9758,0.13906763004645867,-12979,-0.5072043200686366,0.0025908100892292557,0.05323409976023173,-0.08777027452667863,-0.030278874698497882,0.0800475092785879
2003-07-22,364676,22444,50341,234436,228953,023651,NATURAL GAS - NEW YORK MERCANTILE EXCHANGE ,4.868000030517578,-0.015035264179710208,5483,4.224879693078749,-27897,-4.135342514359213,0.03289029303673587,0.20495981314831352,-0.030278874698497882,-0.03594909400940505,0.07665169594079155
2003-07-29,335028,21973,45590,211396,214707,023651,NATURAL GAS - NEW YORK MERCANTILE EXCHANGE ,4.692999839782715,0.009882756068149527,-3311,-2.411455648301506,-23617,1.1736445502308899,0.0875046643651887,0.07729082485976052,-0.03594909400940505,-0.003409289271803728,0.07434931870380389
2003-08-05,346689,24835,51464,216949,217617,023651,NATURAL GAS - NEW YORK MERCANTILE EXCHANGE ,4.677000045776367,0.0019267989466063243,-668,0.7888892868655755,-26629,-0.8990293348615638,0.019474602246839376,0.11449691345889199,-0.003409289271803728,0.1154586180388606,0.0719352347118973
2003-08-12,342506,26551,48998,209614,217884,023651,NATURAL GAS - NEW YORK MERCANTILE EXCHANGE ,5.2170000076293945,0.024145562413505166,-8270,-2.19274335211097,-22447,1.2062684423215044,0.01778253933351735,0.05535480284318786,0.1154586180388606,-0.04849526206483923,0.07039363237969111
2003-08-19,351859,21357,52719,225772,224115,023651,NATURAL GAS - NEW YORK MERCANTILE EXCHANGE ,4.964000225067139,-0.0047092727484588995,1657,2.898343386685197,-31362,-2.6028741102345654,0.04976583008622165,0.12034937091635617,-0.04849526206483923,0.014907308297590571,0.06804666659443642
2003-08-26,340361,22671,50623,210671,214775,023651,NATURAL GAS - NEW YORK MERCANTILE EXCHANGE ,5.038000106811523,0.012057785704002516,-4104,-1.637303578990448,-27952,0.9691382059290795,0.057447948740850775,0.046524954293666605,0.014907308297590571,-0.07919812611897725,0.06635003384018086
2003-09-02,338364,21455,53571,216425,209352,023651,NATURAL GAS - NEW YORK MERCANTILE EXCHANGE ,4.638999938964844,-0.02090352401555721,7073,3.283866247895616,-32116,-1.2234069120727697,0.026250830833981168,0.05550075973662464,-0.07919812611897725,0.019616314142256286,0.06378375272677679
2003-09-09,343196,21495,54760,216568,207741,023651,NATURAL GAS - NEW YORK MERCANTILE EXCHANGE ,4.730000019073486,-0.0257199967365587,8827,0.5183766594554977,-33265,-0.33957513210625245,0.00413377986326003,0.016116975936004196,0.019616314142256286,-0.01458778940008143,0.06122650274211006
2003-09-16,356048,21318,53467,220120,212571,023651,NATURAL GAS - NEW YORK MERCANTILE EXCHANGE ,4.660999774932861,-0.021202197456522714,7549,-0.3723819624937354,-32149,0.32517861513537455,0.019371791879193235,0.019656348198168083,-0.01458778940008143,-0.03218185491811876,0.05893681662548137
2003-09-23,372945,20558,60465,236330,216481,023651,NATURAL GAS - NEW YORK MERCANTILE EXCHANGE ,4.511000156402588,-0.05322232500770891,19849,3.4545903923066548,-39907,-2.178919696220734,0.04443354953832835,0.09575058933882971,-0.03218185491811876,0.07071597345229552,0.055905488473232984
2003-09-30,349660,20606,56305,213968,202087,023651,NATURAL GAS - NEW YORK MERCANTILE EXCHANGE ,4.829999923706055,-0.033978722187267635,11881,-2.1365080641917706,-35699,1.1283165077960557,0.08834408912283231,0.05471258987661063,0.07071597345229552,0.06418218378390339,0.05354011450848297
2003-10-07,353832,21111,54964,215673,207915,023651,NATURAL GAS - NEW YORK MERCANTILE EXCHANGE ,5.139999866485596,-0.021925659635081054,7758,-1.179145455585426,-33853,0.5279414288165646,0.01778378990906258,0.024265527440026288,0.06418218378390339,0.06517510639081481,0.051605094658648
2003-10-14,360844,31479,47125,211541,228583,023651,NATURAL GAS - NEW YORK MERCANTILE EXCHANGE ,5.474999904632568,0.047228165079646604,-17042,-7.0089760112143615,-15646,5.14566234823306,0.05634775654133835,0.23162943361660984,0.06517510639081481,-0.10958902558608075,0.05149567141917296
2003-10-21,348808,20655,49371,215964,213984,023651,NATURAL GAS - NEW YORK MERCANTILE EXCHANGE ,4.875,-0.0056764753101993075,1980,5.271530079480329,-28716,-3.6220638281362585,0.04424255956534279,0.18664496044326392,-0.10958902558608075,-0.07979485927483976,0.050101228816017536
2003-10-28,349759,17005,59727,222027,206317,023651,NATURAL GAS - NEW YORK MERCANTILE EXCHANGE ,4.486000061035156,-0.044916642602477706,15710,3.9362629297493177,-42722,-4.015389555285429,0.03205367648432101,0.1825314080175155,-0.07979485927483976,0.05372273120755677,0.047838898544148606
2003-11-04,352330,15056,66020,216637,192592,023651,NATURAL GAS - NEW YORK MERCANTILE EXCHANGE ,4.727000236511231,-0.06824567876706497,24045,2.383069484988235,-50964,-2.356479747483267,0.04670978840697995,0.10165770388277666,0.05372273120755677,0.030040134212453884,0.045139257211329685
2003-11-11,358289,16516,68760,226893,200345,023651,NATURAL GAS - NEW YORK MERCANTILE EXCHANGE ,4.86899995803833,-0.0740966091618777,26548,0.7104135327675758,-52244,-0.3632957738483808,0.042152149387460855,0.04925184108072611,0.030040134212453884,-0.0008215623238119196,0.04242935115739315
2003-11-18,358418,14091,66775,228337,205477,023651,NATURAL GAS - NEW YORK MERCANTILE EXCHANGE ,4.864999771118164,-0.06378027889224314,22860,-1.02933665281379,-52684,-0.12280589133353242,0.015158570262831536,0.05453466228081023,-0.0008215623238119196,-0.0010276747870453518,0.040069137156290124
2003-11-25,338711,15218,64024,217681,192894,023651,NATURAL GAS - NEW YORK MERCANTILE EXCHANGE ,4.860000133514404,-0.0731803809147031,24787,0.5376404086848318,-48806,1.081976909641815,0.05660110820191195,0.04893869412685192,-0.0010276747870453518,0.14794235450997184,0.037607191111268534
2003-12-02,330303,14264,56030,209197,194997,023651,NATURAL GAS - NEW YORK MERCANTILE EXCHANGE ,5.578999996185303,-0.04299082963218621,14200,-3.1256735092748684,-41766,2.0784680745532325,0.026192867781312933,0.12729393689361823,0.14794235450997184,0.204875448407698,0.03589233960608864
2003-12-09,345970,28195,44916,201569,212923,023651,NATURAL GAS - NEW YORK MERCANTILE EXCHANGE ,6.7220001220703125,0.03281787438217187,-11354,-7.736532819865396,-16721,7.582431888296504,0.06165137083466026,0.3425613108834512,0.204875448407698,0.0037191453307696687,0.03582828824725704
2003-12-16,353485,32935,47597,210388,226391,023651,NATURAL GAS - NEW YORK MERCANTILE EXCHANGE ,6.747000217437744,0.04527207660862554,-16003,-1.3437581293175709,-14662,0.595138306789606,0.05102580481204454,0.09214970446530572,0.0037191453307696687,-0.021787506753779384,0.03602101862197885
2003-12-30,317661,27743,44106,189434,201685,023651,NATURAL GAS - NEW YORK MERCANTILE EXCHANGE ,6.599999904632568,0.038566270332209496,-12251,1.0614311781263703,-16363,-0.48120853784460443,0.116741963443351,0.12085067293908057,-0.021787506753779384,0.07303028501207587,0.03607192365618346
2004-01-06,322748,28438,44743,192286,205424,023651,NATURAL GAS - NEW YORK MERCANTILE EXCHANGE ,7.081999778747559,0.04070668137370332,-13138,-0.27922848571275666,-16305,0.01825845791582851,0.01657237685750924,0.01820144573044916,0.07303028501207587,-0.11042073036480538,0.036162801258487774
2004-01-13,328328,29466,56211,195606,199504,023651,NATURAL GAS - NEW YORK MERCANTILE EXCHANGE ,6.300000190734863,0.011872274067396018,-3898,2.8629147198433453,-26745,-3.234721826316507,0.023385892536255726,0.145850111465154,-0.11042073036480538,-0.0014286192204121528,0.03569567573558216
2004-01-20,327091,26582,53682,197762,199758,023651,NATURAL GAS - NEW YORK MERCANTILE EXCHANGE ,6.290999889373779,0.006102277347894011,-1996,0.5792987500304573,-27100,-0.10812358373333984,0.0060625880458844835,0.06743994817103559,-0.0014286192204121528,-0.09140038457739885,0.034331935726108195
2004-01-27,322197,19875,52776,201449,193946,023651,NATURAL GAS - NEW YORK MERCANTILE EXCHANGE ,5.716000080108643,-0.02328699522341921,7503,2.904084795974209,-32901,-1.773512569896451,0.02402407718863415,0.10478864709363946,-0.09140038457739885,-0.011371598374649294,0.0326146025605223
2004-02-03,307861,20165,53626,190127,183314,023651,NATURAL GAS - NEW YORK MERCANTILE EXCHANGE ,5.651000022888184,-0.02213011716326524,6813,-0.21415469417778565,-33461,-0.17380670831820283,0.05878840298735275,0.015449038500630159,-0.011371598374649294,-0.043709116339996634,0.030434984331374412
2004-02-10,308230,20750,55498,188714,179331,023651,NATURAL GAS - NEW YORK MERCANTILE EXCHANGE ,5.40399980545044,-0.03044155338545891,9383,0.8347923251077596,-34748,-0.41804580638664857,0.014661250662283144,0.032223796033994334,-0.043709116339996634,-0.01554397424373366,0.02817654568472366
2004-02-17,318201,23653,56843,196674,188345,023651,NATURAL GAS - NEW YORK MERCANTILE EXCHANGE ,5.320000171661377,-0.02617527914745711,8329,-0.3419524381143951,-33190,0.5054666969470849,0.04408613600887229,0.052772808586762074,-0.01554397424373366,-0.0456766959918522,0.02561870957870619
2004-02-24,315113,27482,55523,187523,189386,023651,NATURAL GAS - NEW YORK MERCANTILE EXCHANGE ,5.077000141143799,0.0059121648424533425,-1863,-3.203006904440904,-28041,1.6181595909503739,0.027041009898941124,0.06203240768628396,-0.0456766959918522,0.09611973655898276,0.023382966990777593
2004-03-02,312473,35466,49111,175872,190860,023651,NATURAL GAS - NEW YORK MERCANTILE EXCHANGE ,5.565000057220459,0.04796574424030236,-14988,-4.165172493676871,-13645,4.568519864302647,0.03578907758253984,0.17021175969826313,0.09611973655898276,-0.022821177670380166,0.022451545443695296
2004-03-09,315739,36382,47848,177136,193048,023651,NATURAL GAS - NEW YORK MERCANTILE EXCHANGE ,5.438000202178955,0.05039605496945262,-15912,-0.2957055489594301,-11466,0.697340250197617,0.009325092386488881,0.025869642645138313,-0.022821177670380166,0.04597278240258751,0.021683628788315333
2004-03-16,331075,43395,46957,182610,207489,023651,NATURAL GAS - NEW YORK MERCANTILE EXCHANGE ,5.688000202178955,0.07514611492864155,-24879,-2.840003927294379,-3562,2.503333449463006,0.051051143427694,0.0874800779174783,0.04597278240258751,-0.027777775449107533,0.021473591384399755
2004-03-23,333165,43139,47526,185484,210214,023651,NATURAL GAS - NEW YORK MERCANTILE EXCHANGE ,5.53000020980835,0.07422748487986433,-24730,0.0450049082534169,-4387,-0.24918825039643586,0.014149679806316939,0.009099431974852478,-0.027777775449107533,0.039059601279648026,0.021620152851911965
2004-03-30,313128,43109,41934,170695,203560,023651,NATURAL GAS - NEW YORK MERCANTILE EXCHANGE ,5.745999813079834,0.10495707825553767,-32865,-2.4417330752029778,1175,1.6694430687497188,0.05729515971730505,0.06610773373469891,0.039059601279648026,0.010964184515903641,0.02267086100380366
2004-04-06,331427,51144,46224,172794,210915,023651,NATURAL GAS - NEW YORK MERCANTILE EXCHANGE ,5.809000015258789,0.11502080397794989,-38121,-1.678546792366061,4920,1.195996525382591,0.0246384630019103,0.12658162846109605,0.010964184515903641,-0.04406955436206261,0.02367853756218172
2004-04-20,338663,43217,50469,185540,209294,023651,NATURAL GAS - NEW YORK MERCANTILE EXCHANGE ,5.552999973297119,0.07014052317495563,-23754,4.334891243018825,-7252,-3.6726036201033714,0.036387443837156884,0.12992336101445254,-0.04406955436206261,0.05780660917085023,0.023809188409808977
2004-04-27,348152,51155,49139,185368,224868,023651,NATURAL GAS - NEW YORK MERCANTILE EXCHANGE ,5.874000072479248,0.11345619154851903,-39500,-4.649459787458329,2016,2.7366438022458905,0.03838278454353104,0.09240831954055079,0.05780660917085023,0.06724548451695811,0.024437402179348738
2004-05-04,364653,68225,50069,177672,230159,023651,NATURAL GAS - NEW YORK MERCANTILE EXCHANGE ,6.269000053405762,0.1439368385835301,-52487,-3.7302672395964978,18156,4.635906155931892,0.03184407266735486,0.15216325426479788,0.06724548451695811,0.01866327994897099,0.025551397486492308
2004-05-11,384079,79116,55624,180964,239016,023651,NATURAL GAS - NEW YORK MERCANTILE EXCHANGE ,6.386000156402588,0.15114598819513694,-58052,-1.5261083824896544,23492,1.463308953991877,0.028927567979427592,0.12205729553213597,0.01866327994897099,-0.036329524783920375,0.027359734119999705
2004-05-18,385790,71242,56999,190234,238132,023651,NATURAL GAS - NEW YORK MERCANTILE EXCHANGE ,6.15399980545044,0.1241556287099199,-47898,2.643726941592745,14243,-2.4080983339365076,0.02370402879780375,0.0721220202587316,-0.036329524783920375,0.08612288374447807,0.028510884890038505
2004-05-25,392700,79681,56394,183572,242992,023651,NATURAL GAS - NEW YORK MERCANTILE EXCHANGE ,6.684000015258789,0.15131143366437483,-59420,-2.9865989268773165,23287,2.3442805671479303,0.02701118706688797,0.06646334741870293,0.08612288374447807,-0.00044880050200590826,0.029276026999868497
2004-06-01,380310,78777,54235,178241,238655,023651,NATURAL GAS - NEW YORK MERCANTILE EXCHANGE ,6.681000232696533,0.15885461860061528,-60414,-0.2531194295900178,24542,0.3195823784059078,0.023190435984034388,0.02302799747391213,-0.00044880050200590826,-0.0847179227458168,0.030135011023619682
2004-06-08,361945,58748,53149,180396,220401,023651,NATURAL GAS - NEW YORK MERCANTILE EXCHANGE ,6.114999771118164,0.11052784262802359,-40005,5.366411611580027,5599,-4.9809366043490835,0.050921039828142424,0.18870032261812203,-0.0847179227458168,0.030907626618789985,0.03021586656612738
2004-06-15,362586,51244,48739,190952,222929,023651,NATURAL GAS - NEW YORK MERCANTILE EXCHANGE ,6.303999900817871,0.0881914911221062,-31977,2.218016549475749,2505,-0.8548260094765778,0.03161295154887516,0.11916025724373143,0.030907626618789985,0.017132024138974078,0.029732158354698782
2004-06-22,369013,53983,48077,191193,229775,023651,NATURAL GAS - NEW YORK MERCANTILE EXCHANGE ,6.412000179290772,0.10455458208789392,-38582,-1.8216367978907073,5906,0.9379843678465246,0.016835008836776192,0.033323535175387026,0.017132024138974078,-0.045851550304496946,0.029284472319696237
2004-06-29,352987,45773,44669,189461,218538,023651,NATURAL GAS - NEW YORK MERCANTILE EXCHANGE ,6.118000030517578,0.08237413842436124,-29077,2.5757900128179765,1104,-1.3013091679696922,0.03178684261481033,0.12845801729285067,-0.045851550304496946,0.0500163050560638,0.029653814691766298
2004-07-06,371114,46025,50333,198365,227420,023651,NATURAL GAS - NEW YORK MERCANTILE EXCHANGE ,6.423999786376953,0.07829130671437887,-29055,0.006232524143948644,-4308,-1.5332009394113664,0.04177225595077328,0.06139604391955001,0.0500163050560638,-0.080790721330536,0.0297883309956162
2004-07-13,374281,39865,55267,209661,219066,023651,NATURAL GAS - NEW YORK MERCANTILE EXCHANGE ,5.90500020980835,0.025128179095385554,-9405,5.2948689620979,-15402,-2.989377926998173,0.04583336248941634,0.11661691123912038,-0.080790721330536,-0.011515717900724698,0.029431818677411348
2004-07-20,379647,38109,60458,214833,214162,023651,NATURAL GAS - NEW YORK MERCANTILE EXCHANGE ,5.836999893188477,-0.0017674313243618415,671,2.692094976768791,-22349,-1.8560920805491061,0.023487453233720673,0.07047997808597198,-0.011515717900724698,0.026040766350931888,0.028844945200292574
2004-07-27,377255,39120,49720,206090,219150,023651,NATURAL GAS - NEW YORK MERCANTILE EXCHANGE ,5.988999843597412,0.03461849412201296,-13060,-3.616780851685908,-10600,3.094716934415391,0.03229000094064528,0.13224898694281856,0.026040766350931888,-0.028886268721671104,0.028990499838418202
2004-08-03,374821,39793,57020,198127,206173,023651,NATURAL GAS - NEW YORK MERCANTILE EXCHANGE ,5.815999984741211,0.021466246555022266,-8046,1.3290744986812633,-17227,-1.7566367576307802,0.051793222854316104,0.08235464245504219,-0.028886268721671104,-0.00429850334130355,0.029692451967932285
2004-08-10,373300,37006,50543,196655,205505,023651,NATURAL GAS - NEW YORK MERCANTILE EXCHANGE ,5.790999889373779,0.02370747388159657,-8850,-0.21450238914041633,-13537,0.9844699203086273,0.005321265168092302,0.10581502929787891,-0.00429850334130355,-0.07218092771548723,0.029958311925883187
2004-08-17,382931,40232,61281,205707,209235,023651,NATURAL GAS - NEW YORK MERCANTILE EXCHANGE ,5.373000144958496,0.009213148060616665,-3528,1.4256630056255022,-21049,-2.012322528797214,0.03080430518000106,0.13755873631948617,-0.07218092771548723,-0.006514111912337972,0.030098434024229546
2004-08-24,383862,40806,60068,203229,210213,023651,NATURAL GAS - NEW YORK MERCANTILE EXCHANGE ,5.3379998207092285,0.018194038482579677,-6984,-0.9025124630808161,-19262,0.4666637070386049,0.00835909269014759,0.01771516941927553,-0.006514111912337972,-0.04945671559235232,0.029983981640942514
2004-08-31,375995,43283,61534,192373,200025,023651,NATURAL GAS - NEW YORK MERCANTILE EXCHANGE ,5.073999881744385,0.02035133445923483,-7652,-0.1740208720842386,-18251,0.2633759007143192,0.05362922339053716,0.03761794365417823,-0.04945671559235232,-0.05597160554006975,0.030465916394936624
2004-09-07,396385,43199,66596,204784,206661,023651,NATURAL GAS - NEW YORK MERCANTILE EXCHANGE ,4.789999961853027,0.004735295230646972,-1877,1.5359246798494661,-23397,-1.3686352212130481,0.04629294316372784,0.04686916526253472,-0.05597160554006975,0.028810023495429382,0.03032509927044902
2004-09-14,403614,42147,63909,210045,211881,023651,NATURAL GAS - NEW YORK MERCANTILE EXCHANGE ,4.927999973297119,0.004548900682335102,-1836,0.010343479193208624,-21762,0.4124777678267341,0.024840848869232993,0.03525495964396168,0.028810023495429382,0.13798697890082656,0.03081456897617772
2004-09-21,395960,33650,59224,209401,209598,023651,NATURAL GAS - NEW YORK MERCANTILE EXCHANGE ,5.607999801635742,0.0004975250025255077,-197,0.4060810576441848,-25574,-0.944466742977201,0.006985696863238337,0.14193423347761483,0.13798697890082656,0.020506464340775965,0.03131875208654472
2004-09-28,372820,34038,32494,185896,216897,023651,NATURAL GAS - NEW YORK MERCANTILE EXCHANGE ,5.7230000495910645,0.08315272785794753,-31001,-7.779573694312557,1544,6.848671582988181,0.07647600628610726,0.4075933385438586,0.020506464340775965,0.2517910138484407,0.03332557757336146
2004-10-05,378302,39924,31144,186712,229647,023651,NATURAL GAS - NEW YORK MERCANTILE EXCHANGE ,7.164000034332275,0.11349398099930744,-42935,-3.2010085295853226,8780,1.9408829998390644,0.032582458887642635,0.10181797714864636,0.2517910138484407,-0.0737018251534528,0.03653166038118869
2004-10-12,392282,42453,31963,192657,237503,023651,NATURAL GAS - NEW YORK MERCANTILE EXCHANGE ,6.636000156402588,0.1143208202262658,-44846,-0.5051519685330768,10490,0.4520198148569132,0.032083410823879485,0.04499032466136315,-0.0737018251534528,0.07338757942704954,0.03938357465837203
2004-10-19,399103,46115,30561,193552,244334,023651,NATURAL GAS - NEW YORK MERCANTILE EXCHANGE ,7.123000144958496,0.12724033645449923,-50782,-1.513197138793011,15554,1.290908071234469,0.017643861644354924,0.0660441337576295,0.07338757942704954,0.17955921048139323,0.04225215150624857
2004-10-26,398502,50266,40129,194086,239261,023651,NATURAL GAS - NEW YORK MERCANTILE EXCHANGE ,8.402000427246094,0.11336204084295687,-45175,1.4049004893473616,10137,-1.3572937311921984,0.012938822698668735,0.1517672437634825,0.17955921048139323,0.01963817584654759,0.04352395680938915
2004-11-02,395076,46131,41501,190964,233892,023651,NATURAL GAS - NEW YORK MERCANTILE EXCHANGE ,8.567000389099121,0.10865757474511234,-42928,0.5638616619239051,4630,-1.3819253102870248,0.019985595119287478,0.06284234069746211,0.01963817584654759,-0.12793278216073634,0.04572268854122207
2004-11-09,387012,35585,40431,193589,226950,023651,NATURAL GAS - NEW YORK MERCANTILE EXCHANGE ,7.47100019454956,0.08620146145339162,-33361,2.4215593961668134,-4846,-2.398525853253551,0.0227493763955305,0.15280993475057883,-0.12793278216073634,-0.04644627399735102,0.048244190542296485
2004-11-16,381756,27466,41968,202110,223133,023651,NATURAL GAS - NEW YORK MERCANTILE EXCHANGE ,7.124000072479248,0.05506920650886954,-21023,3.1880148419170466,-14502,-2.495013074529989,0.02901399905465816,0.13906731572428493,-0.04644627399735102,-0.046462640070077166,0.050615630643756765
2004-11-23,378725,21657,44684,206889,217425,023651,NATURAL GAS - NEW YORK MERCANTILE EXCHANGE ,6.793000221252441,0.0278196580632385,-10536,2.747042613606597,-23027,-2.2331017718123616,0.024715187337679172,0.12850273586469904,-0.046462640070077166,0.12174291732234988,0.05257555885962438
2004-11-30,366893,23762,43858,198354,210318,023651,NATURAL GAS - NEW YORK MERCANTILE EXCHANGE ,7.619999885559082,0.03260896228600709,-11964,-0.3770545910621163,-20096,0.773912469469932,0.03827519379844961,0.04334516415261757,0.12174291732234988,-0.1311023736853969,0.05442919811305226
2004-12-07,384660,18256,51545,208347,209190,023651,NATURAL GAS - NEW YORK MERCANTILE EXCHANGE ,6.620999813079834,0.00219154578068944,-843,3.031128966755975,-33289,-3.5958712758215614,0.02663476530223669,0.1890087534562542,-0.1311023736853969,0.1075366848099093,0.05587865824180982
2004-12-14,391394,18110,53060,208230,207087,023651,NATURAL GAS - NEW YORK MERCANTILE EXCHANGE ,7.333000183105469,-0.0029203309197381668,1143,0.5163001091873343,-34950,-0.4318099100504342,0.005345314542867256,0.023338485316846985,0.1075366848099093,-0.06504844192015613,0.05664924475551074
2004-12-21,396697,20661,63753,212831,203952,023651,NATURAL GAS - NEW YORK MERCANTILE EXCHANGE ,6.855999946594238,-0.022382322024114124,8879,1.9765249339540207,-43092,-2.080256723404038,0.01856121770801592,0.15689340630701068,-0.06504844192015613,-0.09378648350258878,0.05558770251692832
2004-12-28,385876,19946,63609,202233,192228,023651,NATURAL GAS - NEW YORK MERCANTILE EXCHANGE ,6.2129998207092285,-0.025928018327130996,10005,0.2838438405130364,-43663,-0.14393857276460373,0.05658861078788524,0.010280653461791633,-0.09378648350258878,-0.050056314063242735,0.054218469922009925
2005-01-04,395907,21781,69414,212115,193458,023651,NATURAL GAS - NEW YORK MERCANTILE EXCHANGE ,5.901999950408936,-0.04712470352885905,18657,2.242171060133307,-47633,-1.0288279136302854,0.027398273553712896,0.08377652283568178,-0.050056314063242735,0.032700752525309795,0.052570566578527836
2005-01-11,405241,21013,75895,218216,193986,023651,NATURAL GAS - NEW YORK MERCANTILE EXCHANGE ,6.09499979019165,-0.05979158081240546,24230,1.407653817689508,-54882,-1.83098555974004,0.01608192099989811,0.07480290584884633,0.032700752525309795,0.006890942604998562,0.05063790769033343
2005-01-18,410253,22250,77740,223440,199170,023651,NATURAL GAS - NEW YORK MERCANTILE EXCHANGE ,6.13700008392334,-0.059158616756001786,24270,0.0098706695521924,-55490,-0.15003417719332446,0.024627907527034382,0.030823082308230824,0.006890942604998562,0.043343619092196084,0.04927192902065271
2005-01-25,405574,23670,69323,208403,196831,023651,NATURAL GAS - NEW YORK MERCANTILE EXCHANGE ,6.402999877929688,-0.028532400992174054,11572,-3.0951632285443376,-45653,2.3977886816184157,0.042878929211270525,0.10578215564612391,0.043343619092196084,-0.013587364492751997,0.04860587751411294
2005-02-01,391909,25241,55776,192420,196659,023651,NATURAL GAS - NEW YORK MERCANTILE EXCHANGE ,6.315999984741211,0.010816286433840508,-4239,-3.8984254414730724,-30535,3.7275565001701296,0.041521130670120976,0.18660281175555749,-0.013587364492751997,-0.02406585667766803,0.049261709853675624
2005-02-08,397165,27275,59263,190280,192963,023651,NATURAL GAS - NEW YORK MERCANTILE EXCHANGE ,6.164000034332275,0.00675537874686843,-2683,0.39703094340778095,-31988,-0.3707493321153635,0.015227936322385536,0.06379856248122212,-0.02406585667766803,0.0017845808470666746,0.04981720015963974
2005-02-15,411144,25216,61730,193131,190702,023651,NATURAL GAS - NEW YORK MERCANTILE EXCHANGE ,6.175000190734863,-0.005907905745918705,2429,1.2871224805811188,-36514,-1.1395767502171643,0.013318292069728241,0.05205529869114163,0.0017845808470666746,-0.011659922992538818,0.05028900107578474
2005-02-22,423664,28526,68750,197072,192414,023651,NATURAL GAS - NEW YORK MERCANTILE EXCHANGE ,6.103000164031982,-0.01099456172816194,4658,0.5421458175237872,-40224,-0.9023602436129433,0.01451400050322733,0.10619268884411366,-0.011659922992538818,0.09454360950327123,0.05058093794923273
2005-03-01,418238,38021,54126,175938,204874,023651,NATURAL GAS - NEW YORK MERCANTILE EXCHANGE ,6.679999828338623,0.06918548768882789,-28936,-7.929396880546849,-16105,5.692954794365345,0.08821675787527704,0.26174482077550004,0.09454360950327123,0.0250000446142562,0.051797732619355316
2005-03-08,447366,40165,54168,181694,213595,023651,NATURAL GAS - NEW YORK MERCANTILE EXCHANGE ,6.8470001220703125,0.07130850355190158,-31901,-0.7089264963967884,-14003,0.5025846527575208,0.03662383724313097,0.023173226760518587,0.0250000446142562,0.04848835589726441,0.05224663183688606
2005-03-15,463288,43386,50430,191790,228430,023651,NATURAL GAS - NEW YORK MERCANTILE EXCHANGE ,7.178999900817871,0.07908687468701973,-36640,-1.0593116150981523,-7044,1.5555495947389832,0.05932844700395031,0.07417711264603052,0.04848835589726441,0.009611400625979094,0.0527983783699162
2005-03-22,477608,49755,49720,196437,239650,023651,NATURAL GAS - NEW YORK MERCANTILE EXCHANGE ,7.248000144958496,0.09047796519321284,-43213,-1.4187719086183972,35,1.527991227918703,0.036384941536895164,0.0711636089469716,0.009611400625979094,0.010347655596737892,0.05309322164423488
2005-03-29,460211,52425,48644,187284,231777,023651,NATURAL GAS - NEW YORK MERCANTILE EXCHANGE ,7.322999954223633,0.09667956654664925,-44493,-0.2680022110182409,3781,0.7843252206830705,0.04062892991712424,0.037063788105155884,0.010347655596737892,0.03400246811904384,0.0535249924455192
2005-04-05,473862,58548,52547,189422,238332,023651,NATURAL GAS - NEW YORK MERCANTILE EXCHANGE ,7.572000026702881,0.10321570415015342,-48910,-0.959777145700559,6001,0.4823874266369122,0.02032242831159966,0.09024708582744498,0.03400246811904384,-0.06312733258667469,0.053491504481954125
2005-04-12,474979,45873,51005,208934,238680,023651,NATURAL GAS - NEW YORK MERCANTILE EXCHANGE ,7.093999862670898,0.06262592661991372,-29746,4.04421540448485,-5132,-2.349418185041215,0.04436858543298467,0.14675158446706166,-0.06312733258667469,-0.006907215580140291,0.05248391068660728
2005-04-19,486467,37861,51627,213570,243022,023651,NATURAL GAS - NEW YORK MERCANTILE EXCHANGE ,7.045000076293945,0.06054264729159429,-29452,0.06189747336198022,-13766,-1.817764574854888,0.01966306899814276,0.09648220990523869,-0.006907215580140291,0.010645820930152539,0.052299336150388794
2005-04-26,481312,36711,45073,210513,242063,023651,NATURAL GAS - NEW YORK MERCANTILE EXCHANGE ,7.119999885559082,0.06554999667575294,-31550,-0.4312728304283744,-8362,1.1108667186057841,0.00887364774093191,0.09419935439694806,0.010645820930152539,-0.08497191415698735,0.05137806317206636
2005-05-03,471994,35196,54236,215984,230578,023651,NATURAL GAS - NEW YORK MERCANTILE EXCHANGE ,6.514999866485596,0.030919884574803918,-14594,3.5228708197593246,-19040,-2.2185193803603487,0.03797009149905276,0.11939797835226765,-0.08497191415698735,0.027475042898877255,0.04920466021036009
2005-05-10,473695,33450,58377,222430,230715,023651,NATURAL GAS - NEW YORK MERCANTILE EXCHANGE ,6.693999767303467,0.01749015716864227,-8285,1.3366695339347534,-24927,-1.2472616177324287,0.014527358792439505,0.06410968451544753,0.027475042898877255,-0.0325664688868017,0.046634355767542886
2005-05-17,489788,32120,67569,232118,232913,023651,NATURAL GAS - NEW YORK MERCANTILE EXCHANGE ,6.47599983215332,0.0016231512409450618,-795,1.5811862063141895,-35449,-2.221260515732697,0.0255595863501573,0.10554825507327789,-0.0325664688868017,-0.01961084903229149,0.04427796197006259
2005-05-24,486199,34854,79877,225219,220974,023651,NATURAL GAS - NEW YORK MERCANTILE EXCHANGE ,6.348999977111816,-0.008730992865061425,4245,1.029016635768945,-45023,-1.9547232680261664,0.04221939833211189,0.13110667561513453,-0.01961084903229149,0.004725186630414324,0.04120022299834267
2005-05-31,476836,38489,83823,219614,209830,023651,NATURAL GAS - NEW YORK MERCANTILE EXCHANGE ,6.379000186920166,-0.020518585006165643,9784,1.1392454529935274,-45334,-0.06396557788066204,0.03900159275714645,0.061980835895087974,0.004725186630414324,0.11725970312010259,0.037750738313596884
2005-06-07,459896,31758,64715,209469,217639,023651,NATURAL GAS - NEW YORK MERCANTILE EXCHANGE ,7.126999855041504,0.017764885974220258,-8170,-3.765235846286773,-32957,2.595651335050206,0.04203620629910936,0.26783659676800764,0.11725970312010259,0.014171504285780623,0.03596683530102374
2005-06-14,466300,32053,63806,207238,220275,023651,NATURAL GAS - NEW YORK MERCANTILE EXCHANGE ,7.228000164031982,0.02795839588247909,-13037,-1.0582827421851897,-31753,0.26179831962008804,0.011384449127862779,0.012560114334595604,0.014171504285780623,0.03403428437979006,0.03480850654641553
2005-06-21,487177,43082,71993,215911,232506,023651,NATURAL GAS - NEW YORK MERCANTILE EXCHANGE ,7.473999977111816,0.03406359495624794,-16595,-0.7630280935020374,-28911,0.6094788762599186,0.0466173227152405,0.1669867477731914,0.03403428437979006,-0.0666310070221513,0.03345291064003772
2005-06-28,471643,40366,65932,211858,229166,023651,NATURAL GAS - NEW YORK MERCANTILE EXCHANGE ,6.97599983215332,0.03669724770642202,-17308,-0.14635337875145996,-25566,0.6866087684763443,0.01676326004933972,0.08256975672166927,-0.0666310070221513,0.07153097541363018,0.03257450889546197
2005-07-05,476263,38484,67377,215000,227282,023651,NATURAL GAS - NEW YORK MERCANTILE EXCHANGE ,7.474999904632568,0.02578827244610646,-12282,1.065636508969708,-28893,-0.7054064196860761,0.011363790522788629,0.03142800464760393,0.07153097541363018,0.05484954240536832,0.03156483515953365
2005-07-12,494476,48559,69359,212629,234805,023651,NATURAL GAS - NEW YORK MERCANTILE EXCHANGE ,7.885000228881836,0.04484747490272531,-22176,-2.077423608384443,-20800,1.6992712009960882,0.02211275852974964,0.1022490205057752,0.05484954240536832,-0.03792013373936354,0.03194405238659788
2005-07-19,512089,48327,72426,224046,243546,023651,NATURAL GAS - NEW YORK MERCANTILE EXCHANGE ,7.585999965667725,0.03807931824350845,-19500,0.5411789449841853,-24099,-0.6671709041490386,0.04311023285257233,0.02732023220955173,-0.03792013373936354,-0.021223276517467027,0.032710336032133844
2005-07-26,508216,40690,67594,220557,239493,023651,NATURAL GAS - NEW YORK MERCANTILE EXCHANGE ,7.425000190734863,0.03725974782375997,-18936,0.11013710507353214,-26904,-0.547756347041237,0.016393870231496577,0.11515089948653541,-0.021223276517467027,0.12835017430083462,0.03276112937255205
2005-08-02,502094,52929,68726,208580,238172,023651,NATURAL GAS - NEW YORK MERCANTILE EXCHANGE ,8.378000259399414,0.05893717112731879,-29592,-2.0967462653674813,-15797,2.185488060194878,0.0297659551608051,0.10990916937240558,0.12835017430083462,0.032346610176244184,0.03348172407586546
2005-08-09,527804,64888,75464,213638,245741,023651,NATURAL GAS - NEW YORK MERCANTILE EXCHANGE ,8.64900016784668,0.06082371486385098,-32103,-0.5001055579234167,-10576,1.0398451286014172,0.027487107595253593,0.13321505927952576,0.032346610176244184,0.1275291554849669,0.03419549794090881
2005-08-16,542558,75959,76789,221867,253356,023651,NATURAL GAS - NEW YORK MERCANTILE EXCHANGE ,9.751999855041504,0.05803803464330081,-31489,0.11633106228827368,-830,1.8465187834878098,0.03334013715666119,0.08115327205593527,0.1275291554849669,-0.0070754968382154,0.035134438067498885
2005-08-23,528026,72256,77306,220488,256007,023651,NATURAL GAS - NEW YORK MERCANTILE EXCHANGE ,9.68299961090088,0.06726752091753058,-35519,-0.7427777306757987,-5050,-0.7777970281518289,0.00845759137031868,0.028215723245209344,-0.0070754968382154,0.20406907623987736,0.03607815888355563
2005-08-30,497961,60483,69679,218364,248675,023651,NATURAL GAS - NEW YORK MERCANTILE EXCHANGE ,11.659000396728516,0.06087022879301793,-30311,0.9863150678186302,-9196,-0.7851886081367205,0.020246703166116747,0.1490450361856763,0.20406907623987736,-0.00017161065680915133,0.03685736838997454
2005-09-06,519727,60313,68917,225878,257423,023651,NATURAL GAS - NEW YORK MERCANTILE EXCHANGE ,11.656999588012695,0.06069532658491862,-31545,-0.2478105715106203,-8604,0.11888481226441429,0.0336477681610425,0.007211947690164823,-0.00017161065680915133,-0.07669212361687772,0.03793352283909515
2005-09-13,541075,63019,73800,233393,270573,023651,NATURAL GAS - NEW YORK MERCANTILE EXCHANGE ,10.762999534606934,0.06871505798641593,-37180,-1.0842230632620586,-10781,-0.4188737548751556,0.041004750320458125,0.05546744238738772,-0.07669212361687772,0.16064295886972535,0.03916748740263516
2005-09-20,562344,70730,78011,237234,276148,023651,NATURAL GAS - NEW YORK MERCANTILE EXCHANGE ,12.491999626159668,0.06919963581010911,-38914,-0.3204731321905466,-7281,0.6468604167629256,0.018341118309562858,0.08015274873773875,0.16064295886972535,0.013128443490023622,0.04048868184124254
2005-09-27,537929,57512,76438,243658,262274,023651,NATURAL GAS - NEW YORK MERCANTILE EXCHANGE ,12.656000137329102,0.03460679755134971,-18616,3.6095343775340365,-18926,-2.0707965231246352,0.0401200161286497,0.11042179917879806,0.013128443490023622,0.12389379130598077,0.03955510625842335
2005-10-04,552970,64673,67898,237671,263285,023651,NATURAL GAS - NEW YORK MERCANTILE EXCHANGE ,14.223999977111816,0.04632077689567246,-25614,-1.3009151765381677,-3225,2.918786680026546,0.013969290716150719,0.11843465011201545,0.12389379130598077,-0.04808774018274964,0.03826331387181499
2005-10-11,556902,57397,74845,241869,263515,023651,NATURAL GAS - NEW YORK MERCANTILE EXCHANGE ,13.539999961853027,0.0388685980657279,-21646,0.7175796155306797,-17448,-2.572110602745176,0.008761654504297722,0.10755281983031109,-0.04808774018274964,-0.008788806145550443,0.036812309599496953
2005-10-18,556099,56364,80419,246450,262293,023651,NATURAL GAS - NEW YORK MERCANTILE EXCHANGE ,13.42099952697754,0.02848953154024733,-15843,1.0420145734797146,-24055,-1.186384678094171,0.0114065451514812,0.048302786164947396,-0.008788806145550443,0.06832581796352688,0.03491325565883826
2005-10-25,559253,68186,85997,243261,260481,023651,NATURAL GAS - NEW YORK MERCANTILE EXCHANGE ,14.338000297546388,0.030791073092142556,-17220,-0.24761778028732293,-17811,1.1228216558562414,0.009927701085079267,0.11285290855671508,0.06832581796352688,-0.17282749263809083,0.03332535243286106
2005-11-01,527674,48162,84098,243301,246620,023651,NATURAL GAS - NEW YORK MERCANTILE EXCHANGE ,11.859999656677246,0.006289868365695487,-3319,2.4856370909051897,-35936,-3.2409303123988606,0.028373962332702618,0.16575684258279147,-0.17282749263809083,-0.005649193706939615,0.03135674269479535
2005-11-08,543504,48626,89412,248678,249158,023651,NATURAL GAS - NEW YORK MERCANTILE EXCHANGE ,11.79300022125244,0.000883158173628897,-480,0.5380215815067636,-40786,-0.9191280980302231,0.01589881004989595,0.041858039090685174,-0.005649193706939615,-0.019503136741755855,0.029716006093261457
2005-11-15,557479,48156,91976,260272,255234,023651,NATURAL GAS - NEW YORK MERCANTILE EXCHANGE ,11.562999725341797,-0.009037111711831297,5038,1.0152639171008861,-43820,-0.5582295622479319,0.034277001625587285,0.021651014757514343,-0.019503136741755855,0.004410671651318809,0.028483192281324902
2005-11-22,550058,45963,95671,261003,250844,023651,NATURAL GAS - NEW YORK MERCANTILE EXCHANGE ,11.61400032043457,-0.01846896145497384,10159,0.9185996243804698,-49708,-1.056183282240228,0.010004942883322555,0.04157193894121468,0.004410671651318809,0.010504540833009113,0.027593026521359275
2005-11-29,536589,43818,93999,253145,241344,023651,NATURAL GAS - NEW YORK MERCANTILE EXCHANGE ,11.736000061035156,-0.021992623777229874,11801,0.2985139748899207,-50181,-0.08599093186536692,0.03510290421020488,0.027696147790185536,0.010504540833009113,0.14936948281208462,0.02654299602014318
2005-12-06,549314,52293,91176,247181,249528,023651,NATURAL GAS - NEW YORK MERCANTILE EXCHANGE ,13.48900032043457,0.004272601827006048,-2347,-2.636654869928381,-38883,2.10552210350939,0.02848347825386695,0.0787487192355143,0.14936948281208462,0.14004002476767585,0.026583016328726193
2005-12-13,557246,59686,88712,240253,248684,023651,NATURAL GAS - NEW YORK MERCANTILE EXCHANGE ,15.378000259399414,0.015129763156666894,-8431,-1.1075632516192924,-29026,1.7944199492457866,0.015895708445055293,0.06642272806911144,0.14004002476767585,-0.08440631511239494,0.026930133522503213
2005-12-20,557903,53743,89290,244223,250506,023651,NATURAL GAS - NEW YORK MERCANTILE EXCHANGE ,14.079999923706056,0.011261814329731154,-6283,0.3854671007059719,-35547,-1.1702192568452712,0.011707419617608832,0.04559087762963791,-0.08440631511239494,-0.21718747354197232,0.027577136144692545
2005-12-27,543982,43186,85635,244803,243767,023651,NATURAL GAS - NEW YORK MERCANTILE EXCHANGE ,11.022000312805176,-0.0019044747804155284,1036,1.3118767957870812,-42449,-1.237132619828178,0.014980453159219764,0.11032362735889335,-0.21718747354197232,-0.03592813438656861,0.028039127366744767
2006-01-03,548695,40809,84713,247597,243791,023651,NATURAL GAS - NEW YORK MERCANTILE EXCHANGE ,10.62600040435791,-0.006936458323841114,3806,0.5092080252655419,-43904,-0.2674720854734164,0.005734775778000277,0.02628224534344577,-0.03592813438656861,-0.12140033058195387,0.028811978236072032
2006-01-10,547954,43883,90830,251158,244506,023651,NATURAL GAS - NEW YORK MERCANTILE EXCHANGE ,9.336000442504885,-0.012139705157732219,6652,0.5186852440791332,-46947,-0.5545886148042173,0.008626811711159173,0.06822652602198749,-0.12140033058195387,-0.017994881457757295,0.029728360460200366
2006-01-17,546982,47493,98170,253762,245148,023651,NATURAL GAS - NEW YORK MERCANTILE EXCHANGE ,9.16800022125244,-0.015748233031434307,8614,0.35805925314898696,-50677,-0.6807140745391037,0.0065061834799863705,0.075173516953516,-0.017994881457757295,-0.05301047658229241,0.030563175531826667
2006-01-24,547602,49736,97668,249388,242441,023651,NATURAL GAS - NEW YORK MERCANTILE EXCHANGE ,8.682000160217285,-0.012686221014532453,6947,-0.30476322804041084,-47932,0.5018446676490268,0.014397280355570736,0.018622289761471872,-0.05301047658229241,0.07302462713938263,0.03086790976216593
2006-01-31,533212,53616,90045,241398,240030,023651,NATURAL GAS - NEW YORK MERCANTILE EXCHANGE ,9.315999984741213,-0.00256558367028499,1368,-1.018805628905665,-36429,2.100613219089777,0.021604476681871432,0.08007044361378524,0.07302462713938263,-0.1565049576528066,0.030610566106317356
2006-02-07,558073,53103,92870,256793,258967,023651,NATURAL GAS - NEW YORK MERCANTILE EXCHANGE ,7.857999801635742,0.003895547715083869,-2174,-0.6642761228179411,-39767,-0.626017418962814,0.06656584457887389,0.022867242572256512,-0.1565049576528066,-0.09468057735041646,0.03055556935570612
2006-02-14,584428,54085,93072,271947,271505,023651,NATURAL GAS - NEW YORK MERCANTILE EXCHANGE ,7.113999843597412,-0.0007562950440430644,442,0.4687558796071482,-38987,0.1397666613507552,0.05095574218146221,0.00804582860482342,-0.09468057735041646,0.08673040716357683,0.030654638792280645
2006-02-21,616573,49488,96125,279387,272520,023651,NATURAL GAS - NEW YORK MERCANTILE EXCHANGE ,7.730999946594238,-0.011137367351473386,6867,1.0993655334788888,-46637,-1.308972191612996,0.015319610006758385,0.05253651803067034,0.08673040716357683,-0.13154827687912762,0.030651892530293892
2006-02-28,607618,34317,73486,261765,266777,023651,NATURAL GAS - NEW YORK MERCANTILE EXCHANGE ,6.714000225067139,0.008248603563423072,-5012,-1.926616961819606,-39169,1.2112110001573213,0.044206515281661626,0.3507323543871692,-0.13154827687912762,-0.005361967614420093,0.029480029374036106
2006-03-07,617846,34002,75868,269027,272859,023651,NATURAL GAS - NEW YORK MERCANTILE EXCHANGE ,6.677999973297119,0.006202192779430473,-3832,0.1942009617884921,-41866,-0.44386440164708746,0.02462510564952776,0.02454719213616092,-0.005361967614420093,0.07322549349397178,0.02822798493610397
2006-03-14,631938,34501,76274,271529,274477,023651,NATURAL GAS - NEW YORK MERCANTILE EXCHANGE ,7.166999816894531,0.004665014605863233,-2948,0.1430777248699514,-41773,0.015052294584734708,0.007545704625956491,0.008169713382983525,0.07322549349397178,-0.0417189610737998,0.02679679531915865
2006-03-21,649568,41665,80420,271321,278864,023651,NATURAL GAS - NEW YORK MERCANTILE EXCHANGE ,6.868000030517578,0.01161233311985812,-7543,-0.7271282942313961,-38755,0.47757849662466884,0.008351736234175778,0.09264037351025925,-0.0417189610737998,0.050378595371596946,0.025280148548517213
2006-03-28,646918,43993,72379,263733,279995,023651,NATURAL GAS - NEW YORK MERCANTILE EXCHANGE ,7.214000225067139,0.025137652685502644,-16262,-1.3422767131385782,-28386,1.5962916892457757,0.016035591325074303,0.08910218953012752,0.050378595371596946,-0.020654305960365105,0.023904342512725933
2006-04-04,663514,53474,82078,260459,277370,023651,NATURAL GAS - NEW YORK MERCANTILE EXCHANGE ,7.065000057220459,0.025487028156150435,-16911,-0.10032183367907524,-28604,-0.033698243053988296,0.010968170180484875,0.1414955146364495,-0.020654305960365105,-0.022222231221272093,0.02240956028207203
2006-04-11,687913,58583,91797,269386,281691,023651,NATURAL GAS - NEW YORK MERCANTILE EXCHANGE ,6.9079999923706055,0.017887436347328804,-12305,0.6941827904158767,-33214,-0.6947856412976968,0.02404019764933031,0.09860353770448198,-0.022222231221272093,0.1592357241871163,0.021549204699906937
2006-04-18,710064,58825,87791,278654,301282,023651,NATURAL GAS - NEW YORK MERCANTILE EXCHANGE ,8.008000373840332,0.03186754996732689,-22628,-1.5006258058795225,-28966,0.6175199480166823,0.04976238757380125,0.0289736454411524,0.1592357241871163,-0.0941558631020113,0.0209977605205941
2006-04-25,730619,63221,76661,288713,319553,023651,NATURAL GAS - NEW YORK MERCANTILE EXCHANGE ,7.254000186920166,0.04221078291147643,-30840,-1.1565154690281438,-13440,2.186563464701773,0.04657501816639431,0.11099355170786807,-0.0941558631020113,-0.07003037782606036,0.020548929486665705
2006-05-02,736995,70093,96675,304227,322613,023651,NATURAL GAS - NEW YORK MERCANTILE EXCHANGE ,6.745999813079834,0.02494725201663512,-18386,1.7045820051216847,-26582,-1.7987487322393751,0.02963116584774424,0.16121797946848315,-0.07003037782606036,-0.024458933653260462,0.020434071168239382
2006-05-09,770461,74909,103677,318978,330739,023651,NATURAL GAS - NEW YORK MERCANTILE EXCHANGE ,6.580999851226807,0.015264886866434511,-11761,0.8989206168291509,-28768,-0.29660988202090927,0.03521071481891346,0.06617540008735287,-0.024458933653260462,-0.04999240292095919,0.020391277508581544
2006-05-16,809359,83664,109651,338320,350055,023651,NATURAL GAS - NEW YORK MERCANTILE EXCHANGE ,6.251999855041504,0.014499128322536723,-11735,0.0033746029974262167,-25987,0.3609527283016272,0.05615834392591248,0.0761917078343636,-0.04999240292095919,0.0009596996322436269,0.02063889245245831
2006-05-23,831980,87136,109562,346593,357453,023651,NATURAL GAS - NEW YORK MERCANTILE EXCHANGE ,6.257999897003174,0.013053198394192169,-10860,0.10811024526816901,-22426,0.43997780959994265,0.02225848879192553,0.018103895311594426,0.0009596996322436269,-0.02157234807711106,0.021057819207443953
2006-05-30,822866,90804,103112,337077,362603,023651,NATURAL GAS - NEW YORK MERCANTILE EXCHANGE ,6.123000144958496,0.03102084665060897,-25526,-1.7627827592009422,-12308,1.2161350032452702,0.02096101074777041,0.052177231378535034,-0.02157234807711106,0.04278949497315687,0.022048962123920383
2006-06-06,836815,90364,94553,347025,378389,023651,NATURAL GAS - NEW YORK MERCANTILE EXCHANGE ,6.385000228881836,0.03748020769226173,-31364,-0.709471529993948,-4189,0.9866734073348516,0.03547491501404715,0.04866507676416987,0.04278949497315687,-0.03476900769182745,0.02242810292619041
2006-06-13,849467,96536,87377,349076,392802,023651,NATURAL GAS - NEW YORK MERCANTILE EXCHANGE ,6.163000106811523,0.05147463056245858,-43726,-1.4772679744029444,9159,1.595095690206318,0.022192328118639453,0.07257779493564892,-0.03476900769182745,0.055005637247240724,0.022880338208497716
2006-06-20,865701,88134,72315,349378,402866,023651,NATURAL GAS - NEW YORK MERCANTILE EXCHANGE ,6.501999855041504,0.06178576667925762,-53488,-1.1491911987163717,15819,0.7840210390750906,0.013780103264366348,0.14623961508018124,0.055005637247240724,-0.06075053671682873,0.02341345689547867
2006-06-27,858036,94092,76775,343105,399612,023651,NATURAL GAS - NEW YORK MERCANTILE EXCHANGE ,6.10699987411499,0.06585621116130326,-56507,-0.3487347248068329,17317,0.17303895917874645,0.01282722759812957,0.06097139880725945,-0.06075053671682873,-0.07761584851522652,0.023974206192687923
2006-07-11,872790,98769,84606,358314,407748,023651,NATURAL GAS - NEW YORK MERCANTILE EXCHANGE ,5.632999897003174,0.056639054067988866,-49434,0.8243243873217441,14163,-0.3675836445090882,0.03047403473870261,0.06820995228357192,-0.07761584851522652,-0.013846985636560727,0.0245674904546472
2006-07-18,893278,94460,79415,364802,417586,023651,NATURAL GAS - NEW YORK MERCANTILE EXCHANGE ,5.554999828338623,0.059090227230492634,-52784,-0.38382657913129165,15045,0.10105523665486543,0.02086688446141812,0.054636951833213515,-0.013846985636560727,0.15373539476924636,0.024841389537873494
2006-07-25,892822,94860,72484,361379,419907,023651,NATURAL GAS - NEW YORK MERCANTILE EXCHANGE ,6.408999919891357,0.0655539402030864,-58528,-0.6430249037813536,22376,0.8206851618421142,0.00735198122070535,0.043807964432546136,0.15373539476924636,0.18177562434308414,0.025369747652480765
2006-08-01,921137,90162,65051,365469,428222,023651,NATURAL GAS - NEW YORK MERCANTILE EXCHANGE ,7.573999881744385,0.06812558826754327,-62753,-0.4732186258851148,25111,0.3063320572297726,0.015629508209114126,0.07815711312841063,0.18177562434308414,-0.05492472879177934,0.025963321507168905
2006-08-08,944677,92800,63235,362169,433202,023651,NATURAL GAS - NEW YORK MERCANTILE EXCHANGE ,7.1579999923706055,0.07519289661969117,-71033,-0.8988890903307543,29565,0.4835328512479685,0.010410236229382263,0.02854487775178646,-0.05492472879177934,-0.04149202733333446,0.026275931612791452
2006-08-15,947840,97178,65441,357894,431906,023651,NATURAL GAS - NEW YORK MERCANTILE EXCHANGE ,6.861000061035156,0.07808490884537475,-74012,-0.315345880126223,31737,0.2299198562048192,0.007053684477082806,0.04048727393478007,-0.04149202733333446,0.02142542408691339,0.026607877650897675
2006-08-22,943615,106283,72103,364803,439602,023651,NATURAL GAS - NEW YORK MERCANTILE EXCHANGE ,7.007999897003174,0.07926855762148757,-74799,-0.08303089128966913,34180,0.2577439230249831,0.018156276999770016,0.08838698104111309,0.02142542408691339,-0.027397248156933895,0.027016156938939724
2006-08-29,922997,110230,64969,387074,467778,023651,NATURAL GAS - NEW YORK MERCANTILE EXCHANGE ,6.815999984741211,0.08743690391193037,-80704,-0.6257848804862153,45261,1.1743136766583828,0.05901255421991175,0.06324807789998801,-0.027397248156933895,-0.11399647185275585,0.027404029688832036
2006-09-05,916352,105576,73642,373207,440507,023651,NATURAL GAS - NEW YORK MERCANTILE EXCHANGE ,6.039000034332275,0.07344339293197374,-67300,1.4522257385451958,31934,-1.4438833495666834,0.05055584640303595,0.07436195025053287,-0.11399647185275585,-0.0769995280583411,0.02764582130688887
2006-09-12,937853,121290,81232,380624,452038,023651,NATURAL GAS - NEW YORK MERCANTILE EXCHANGE ,5.573999881744385,0.07614626172758418,-71414,-0.4489541137030311,40058,0.8865588769381199,0.02275593217896337,0.11506898016018013,-0.0769995280583411,-0.10190165981936816,0.02794295467501706
2006-09-19,949798,115749,82832,393169,457227,023651,NATURAL GAS - NEW YORK MERCANTILE EXCHANGE ,5.00600004196167,0.06744381436895003,-64058,0.7843446680876427,32917,-0.7614199666685504,0.020853813987836256,0.035960137173244165,-0.10190165981936816,-0.095884941080702,0.02791850768237348
2006-09-26,945956,139249,99014,387733,461442,023651,NATURAL GAS - NEW YORK MERCANTILE EXCHANGE ,4.526000022888184,0.07792011467763828,-73709,-1.0161107940846368,40235,0.7704796177713578,0.011365148526511026,0.16654705094790212,-0.095884941080702,0.2724259380027414,0.028086209199056737
2006-10-03,946291,145386,98513,377429,456462,023651,NATURAL GAS - NEW YORK MERCANTILE EXCHANGE ,5.758999824523926,0.08351870619080178,-79033,-0.5628168752034979,46873,0.7017239702480876,0.0183285345446827,0.02721618374819085,0.2724259380027414,0.12276441693469953,0.029026822826738505
2006-10-10,930902,131721,85978,372772,450415,023651,NATURAL GAS - NEW YORK MERCANTILE EXCHANGE ,6.466000080108643,0.08340620172692721,-77643,0.14688927613176073,45743,-0.11941358419344578,0.013003120797583052,0.12034965709534724,0.12276441693469953,-0.003711748770389156,0.029740004073493406
2006-10-17,940537,131505,89324,373284,447710,023651,NATURAL GAS - NEW YORK MERCANTILE EXCHANGE ,6.441999912261963,0.07913138983368012,-74426,0.34557880421354775,42181,-0.38263963338783247,0.00391842084107801,0.016130127836470755,-0.003711748770389156,0.10074513764139392,0.03051428853056941
2006-10-24,934750,130983,89750,369957,444260,023651,NATURAL GAS - NEW YORK MERCANTILE EXCHANGE ,7.091000080108643,0.07948970312917893,-74303,0.013077635435926497,41233,-0.10079348287201886,0.008323333951514154,0.004294781478075322,0.10074513764139392,0.062473534731073865,0.03149506106112579
2006-10-31,907876,128025,80039,358142,434815,023651,NATURAL GAS - NEW YORK MERCANTILE EXCHANGE ,7.533999919891357,0.08445316320731025,-76673,-0.2535437282695908,47986,0.7224391548542392,0.026811037672912905,0.0608899184866195,0.062473534731073865,0.029333713419092744,0.03252702433257132
2006-11-07,903951,123015,82764,362693,431995,023651,NATURAL GAS - NEW YORK MERCANTILE EXCHANGE ,7.755000114440918,0.07666565997493227,-69302,0.8118950165000506,40251,-0.8519885975617816,0.009275338245953129,0.0375888696125455,0.029333713419092744,0.028626707774886517,0.03388040494044126
2006-11-14,911101,126703,81424,370715,440352,023651,NATURAL GAS - NEW YORK MERCANTILE EXCHANGE ,7.9770002365112305,0.0764317018640085,-69637,-0.03705953088165177,45279,0.5562248396207317,0.020194385913864084,0.02415832640647297,0.028626707774886517,0.0013789243123101258,0.03533326154987163
2006-11-21,906789,125623,82145,373274,438908,023651,NATURAL GAS - NEW YORK MERCANTILE EXCHANGE ,7.98799991607666,0.07238067510743955,-65634,0.43935853434471045,43478,-0.19767292539465986,0.004928698247437151,0.008668322359554888,0.0013789243123101258,0.04131195883488892,0.036898988219472996
2006-11-28,885318,128252,76708,356768,426460,023651,NATURAL GAS - NEW YORK MERCANTILE EXCHANGE ,8.317999839782715,0.07871973686291253,-69692,-0.4475131480421575,51544,0.8895123341813806,0.03696752414367208,0.03935402029664325,0.04131195883488892,-0.07610001312764025,0.03876800164866312
2006-12-05,895884,135562,86482,354480,423640,023651,NATURAL GAS - NEW YORK MERCANTILE EXCHANGE ,7.684999942779541,0.07719749431846087,-69160,0.06009140218542941,49080,-0.2783180732798836,0.00656454017375212,0.07693970564392642,-0.07610001312764025,-0.033181537584851095,0.040675503919734096
2006-12-12,893550,134167,93491,355970,425893,023651,NATURAL GAS - NEW YORK MERCANTILE EXCHANGE ,7.429999828338623,0.07825303564434,-69923,-0.08516727612056918,40676,-0.9380678748587987,0.004787283705713149,0.036915021655289953,-0.033181537584851095,-0.04670251053165164,0.04209820457006744
2006-12-19,895081,120285,99040,364298,418947,023651,NATURAL GAS - NEW YORK MERCANTILE EXCHANGE ,7.083000183105469,0.06105480956472096,-54649,1.7093615354484921,21245,-2.1745845224106093,0.019500922444445862,0.08859455146472131,-0.04670251053165164,-0.13694765522419083,0.042981378539453094
2006-12-26,876822,105902,96427,362159,409832,023651,NATURAL GAS - NEW YORK MERCANTILE EXCHANGE ,6.11299991607666,0.05437021425101104,-47673,0.7793708055472075,9475,-1.3149647908960194,0.014577890156750532,0.08400179905006203,-0.13694765522419083,0.0847374665461249,0.04381038623024694
2007-01-09,887510,109091,106216,370544,396841,023651,NATURAL GAS - NEW YORK MERCANTILE EXCHANGE ,6.63100004196167,0.029630088675057183,-26297,2.4378950345680197,2875,-0.7527183396402006,0.027855639607237567,0.06027672114701334,0.0847374665461249,0.001055643106337767,0.044416820142852184
2007-01-16,918053,108687,113676,388274,407866,023651,NATURAL GAS - NEW YORK MERCANTILE EXCHANGE ,6.638000011444092,0.021340815835251343,-19592,0.7554844452456874,-4989,-0.8860745231039651,0.036118019443816415,0.03536559589500052,0.001055643106337767,0.14447124268949652,0.044960613876680884
2007-01-23,924398,98210,102131,389189,411145,023651,NATURAL GAS - NEW YORK MERCANTILE EXCHANGE ,7.597000122070312,0.023751674062470928,-21956,-0.2575014732264913,-3921,0.11633315287897321,0.005240312169669163,0.10992258199769393,0.14447124268949652,0.018823173193379228,0.045650832707838644
2007-01-30,904938,90373,91797,377453,401103,023651,NATURAL GAS - NEW YORK MERCANTILE EXCHANGE ,7.739999771118164,0.026134387107183035,-23650,-0.1832543990791845,-1424,0.2701217440972395,0.02797229743268307,0.09974748860954054,0.018823173193379228,-0.01602062006575178,0.04645626771050436
2007-02-06,865279,89807,92364,371934,398134,023651,NATURAL GAS - NEW YORK MERCANTILE EXCHANGE ,7.616000175476074,0.030279250969918372,-26200,-0.2817872605637071,-2557,-0.12520194753673733,0.011022403216339337,0.006219431193768493,-0.01602062006575178,-0.03269433649450815,0.04728252678712841
2007-02-13,854696,89588,95858,381391,402473,023651,NATURAL GAS - NEW YORK MERCANTILE EXCHANGE ,7.367000102996826,0.024666080103334986,-21082,0.5914855208551231,-6270,-0.42911014828743105,0.017599991835318372,0.020022001013772203,-0.03269433649450815,0.029591411986198635,0.0478062126289288
2007-02-20,847260,88047,93621,379504,401263,023651,NATURAL GAS - NEW YORK MERCANTILE EXCHANGE ,7.585000038146973,0.02568160895120742,-21759,-0.07920944990967549,-5574,0.08143246253638721,0.003966612318399727,0.020796177642732897,0.029591411986198635,-0.006855642124567685,0.048225175345008094
2007-02-27,752461,80167,72522,344647,381773,023651,NATURAL GAS - NEW YORK MERCANTILE EXCHANGE ,7.532999992370605,0.04933943420323445,-37126,-1.8137289615938437,7645,1.5602058400018886,0.07481484540623881,0.1897910131050698,-0.006855642124567685,-0.008097686228869416,0.04918855475360958
2007-03-06,755533,80368,81908,351610,381944,023651,NATURAL GAS - NEW YORK MERCANTILE EXCHANGE ,7.472000122070312,0.040149139746377724,-30334,0.9026381433722147,-1540,-1.2206612701522073,0.00972525540042042,0.05907836032438561,-0.008097686228869416,-0.07762311485955242,0.05017483373626057
2007-03-13,768922,80665,95296,353484,370105,023651,NATURAL GAS - NEW YORK MERCANTILE EXCHANGE ,6.892000198364258,0.021615976653028526,-16621,1.8150100657416686,-14631,-1.732684078657054,0.018951366037902734,0.0777729155892499,-0.07762311485955242,0.002611672740828297,0.05043189860336837
2007-03-20,775465,85424,109286,360453,368631,023651,NATURAL GAS - NEW YORK MERCANTILE EXCHANGE ,6.909999847412109,0.010545930506212402,-8178,1.0980307495428665,-23862,-1.200511885470828,0.011580284301946003,0.09629192131888449,0.002611672740828297,0.0858176480817483,0.05051543202119109
2007-03-27,754619,70851,100340,355061,359274,023651,NATURAL GAS - NEW YORK MERCANTILE EXCHANGE ,7.502999782562256,0.005582949806458623,-4213,0.511306119554074,-29489,-0.7256291386458448,0.0206471753449012,0.13738455876769223,0.0858176480817483,-0.010262517198200594,0.05053308462120254
2007-04-03,739152,72245,93234,346433,359925,023651,NATURAL GAS - NEW YORK MERCANTILE EXCHANGE ,7.426000118255615,0.01825334978461805,-13492,-1.2296271363429758,-20989,1.1263962343911298,0.013136398256974508,0.051366034360855455,-0.010262517198200594,0.059655242758974936,0.05066079648014024
2007-04-10,751438,84560,103102,339325,359162,023651,NATURAL GAS - NEW YORK MERCANTILE EXCHANGE ,7.86899995803833,0.026398718190988477,-19837,-0.8584161309175921,-18542,0.33105504686451503,0.011268642079236979,0.11820720231053702,0.059655242758974936,-0.05731347556117139,0.050685047739861114
2007-04-17,755276,74185,101170,359727,366751,023651,NATURAL GAS - NEW YORK MERCANTILE EXCHANGE ,7.418000221252441,0.009299911555510833,-7024,1.7051306960787185,-26985,-1.1235790577532676,0.03852972836066612,0.07018334236263579,-0.05731347556117139,0.024265276755172538,0.05037375703600266
2007-04-24,746282,73269,102109,356875,361966,023651,NATURAL GAS - NEW YORK MERCANTILE EXCHANGE ,7.598000049591064,0.006821818025893697,-5091,0.25593293047839466,-28840,-0.24560557994693333,0.010624046207714918,0.010577153348766664,0.024265276755172538,0.015793614737544148,0.05016095668366737
2007-05-01,733792,70113,97357,355545,359938,023651,NATURAL GAS - NEW YORK MERCANTILE EXCHANGE ,7.717999935150146,0.005986710130391174,-4393,0.09353032767774112,-27244,0.2138601761800499,0.004693333035166454,0.04722039768316713,0.015793614737544148,-0.010494927689479128,0.04966324822526476
2007-05-08,731141,69683,90855,353969,367221,023651,NATURAL GAS - NEW YORK MERCANTILE EXCHANGE ,7.63700008392334,0.018125094885938553,-13252,-1.2072903493087959,-21172,0.8274824473420261,0.012283864168942997,0.04317980789594987,-0.010494927689479128,0.029723681704800553,0.04920006191708134
2007-05-15,762147,76183,89874,357052,376394,023651,NATURAL GAS - NEW YORK MERCANTILE EXCHANGE ,7.863999843597412,0.025378306284745595,-19342,-0.8329446714108495,-13691,1.0231952523521455,0.01671015998451147,0.04505079581107692,0.029723681704800553,-0.008011155467289255,0.04920835142223731
2007-05-22,766655,75234,89765,359846,380534,023651,NATURAL GAS - NEW YORK MERCANTILE EXCHANGE ,7.801000118255615,0.02698475846371575,-20688,-0.1766063502185274,-14531,-0.11021495853162185,0.009365460979497016,0.006412160073697416,-0.008011155467289255,-0.026919630170949227,0.049433733568338876
2007-05-29,756480,70433,91576,358747,368660,023651,NATURAL GAS - NEW YORK MERCANTILE EXCHANGE ,7.591000080108643,0.013104113790186125,-9913,1.4054561699851955,-21143,-0.8624479068159732,0.017834582290244663,0.040812547451067535,-0.026919630170949227,0.06231063688571248,0.04940690636579367
2007-06-05,773909,76788,94171,359091,372578,023651,NATURAL GAS - NEW YORK MERCANTILE EXCHANGE ,8.064000129699707,0.017427113523683018,-13487,-0.4724513536379019,-17383,0.4970389170896785,0.005825038371176037,0.05235173345655976,0.06231063688571248,-0.0473710271997041,0.04949102011828388
2007-06-12,767890,78208,106873,364224,364480,023651,NATURAL GAS - NEW YORK MERCANTILE EXCHANGE ,7.682000160217285,0.0003333810832280665,-256,1.7096325278553421,-28665,-1.457794133418787,0.018156892236079396,0.07630172735180812,-0.0473710271997041,-0.02121844616141133,0.0489008765496804
2007-06-19,794880,76031,105264,381466,382418,023651,NATURAL GAS - NEW YORK MERCANTILE EXCHANGE ,7.519000053405762,0.0011976650563607085,-952,-0.09063798200263058,-29233,-0.07396892784122726,0.04605411292814092,0.020883091094624783,-0.02121844616141133,-0.08538372041551734,0.04820313534514384
2007-06-26,802306,86249,124202,384252,373596,023651,NATURAL GAS - NEW YORK MERCANTILE EXCHANGE ,6.876999855041504,-0.013281715455200386,10656,1.4603462157809983,-37953,-1.0970209339774557,0.015317055662876989,0.1385405628863726,-0.08538372041551734,-0.017885658094229484,0.046957820998650396
2007-07-03,805330,85008,134721,384770,363603,023651,NATURAL GAS - NEW YORK MERCANTILE EXCHANGE ,6.754000186920166,-0.02628363527994735,21167,1.3100986406682735,-49713,-1.4657749038396821,0.01404513524672857,0.053520472946220116,-0.017885658094229484,-0.008143367434649385,0.04526417865328108
2007-07-10,822709,88761,145170,386510,364029,023651,NATURAL GAS - NEW YORK MERCANTILE EXCHANGE ,6.698999881744385,-0.02732557927529661,22481,0.16316292699887003,-56409,-0.8314603951175294,0.002885925981194848,0.06071020942072662,-0.008143367434649385,-0.05851615591087678,0.04347222114488492
2007-07-17,830833,90166,151315,384613,357204,023651,NATURAL GAS - NEW YORK MERCANTILE EXCHANGE ,6.307000160217285,-0.03298978254354365,27409,0.5989967290986242,-61149,-0.5761453928424267,0.011757616770712992,0.03126539976230014,-0.05851615591087678,-0.07039800743010105,0.04174858967158623
2007-07-24,836827,90629,163772,389230,350482,023651,NATURAL GAS - NEW YORK MERCANTILE EXCHANGE ,5.86299991607666,-0.0463034773017601,38748,1.3647748705215128,-73143,-1.4436114116796035,0.015328938830247447,0.05078596389165137,-0.07039800743010105,0.05594406845634725,0.03972178766135059
2007-07-31,809913,84841,157122,377808,339192,023651,NATURAL GAS - NEW YORK MERCANTILE EXCHANGE ,6.190999984741211,-0.04767919517281486,38616,-0.015773869628967516,-72281,0.10300814863765152,0.03167642956764296,0.051404553588771836,0.05594406845634725,0.0016152849146313653,0.03754422736566018
2007-08-07,798615,82516,148928,371559,335133,023651,NATURAL GAS - NEW YORK MERCANTILE EXCHANGE ,6.201000213623047,-0.045611464848518996,36426,-0.27039941327031425,-66412,0.7246457335540978,0.014586269548827495,0.04544943917319092,0.0016152849146313653,0.11917429739381324,0.03535697634419745
2007-08-14,769438,79774,141577,366952,338781,023651,NATURAL GAS - NEW YORK MERCANTILE EXCHANGE ,6.940000057220459,-0.03661243660957738,28171,-1.033664531720541,-61803,0.5771241461780708,0.01169705823590508,0.04559726407380134,0.11917429739381324,-0.16181558151287234,0.03320687378209613
2007-08-21,763051,76413,136344,357121,334954,023651,NATURAL GAS - NEW YORK MERCANTILE EXCHANGE ,5.816999912261963,-0.02905048286418601,22167,-0.7803097845440439,-59931,0.24329445647342604,0.019734855326373587,0.04039350056637384,-0.16181558151287234,-0.03850781854743279,0.031146577787681498
2007-08-28,771157,78005,144423,361864,334024,023651,NATURAL GAS - NEW YORK MERCANTILE EXCHANGE ,5.5929999351501465,-0.036101597988477056,27840,0.7434627567488936,-66418,-0.8501397678530007,0.008152173913043478,0.043479238225403276,-0.03850781854743279,0.006436662289904582,0.02892792094902833
2007-09-04,772043,83596,148092,359143,330162,023651,NATURAL GAS - NEW YORK MERCANTILE EXCHANGE ,5.629000186920166,-0.03753806458966664,28981,0.14795949462949828,-64496,0.24923588841182795,0.00955019911359993,0.03996754255723214,0.006436662289904582,0.05418365930193714,0.026524556170151464
2007-09-11,785276,90724,154018,372198,340852,023651,NATURAL GAS - NEW YORK MERCANTILE EXCHANGE ,5.934000015258789,-0.039917175617235214,31346,0.30633008783189536,-63294,0.15569080996783857,0.033300610055395835,0.05333780062269655,0.05418365930193714,0.10684189802724098,0.024344545236512836
2007-09-18,797218,83898,143293,385546,355728,023651,NATURAL GAS - NEW YORK MERCANTILE EXCHANGE ,6.567999839782715,-0.03740256742823168,29818,-0.1945812682419939,-59395,0.49651332779812446,0.0380749898148323,0.07725217988388625,0.10684189802724098,-0.031668652762207095,0.022160913906593298
2007-09-25,755963,70110,135091,365065,329903,023651,NATURAL GAS - NEW YORK MERCANTILE EXCHANGE ,6.360000133514404,-0.046512858433547674,35162,0.6703310763178955,-64981,-0.70068663778289,0.06663040600430524,0.10716322045214205,-0.031668652762207095,0.16776727828028526,0.019969439429622187
2007-10-02,758406,73895,129808,356413,329116,023651,NATURAL GAS - NEW YORK MERCANTILE EXCHANGE ,7.427000045776367,-0.03599259499529276,27297,-1.0403948341387077,-55913,1.1995296066077308,0.013768928812639582,0.04451579014545687,0.16776727828028526,-0.07593915796734729,0.017778810397450436
2007-10-09,740498,74943,135830,347982,315567,023651,NATURAL GAS - NEW YORK MERCANTILE EXCHANGE ,6.86299991607666,-0.043774594934760123,32415,0.674836433256066,-60887,-0.6558492416990371,0.03312490863523267,0.03354319576036779,-0.07593915796734729,0.07343730046383068,0.015330862298881937
2007-10-16,750765,71759,128997,355033,327655,023651,NATURAL GAS - NEW YORK MERCANTILE EXCHANGE ,7.367000102996826,-0.036466803860062735,27378,-0.6802179074082577,-57238,0.49277648285343106,0.028034768444736104,0.0498963916396023,0.07343730046383068,-0.08225871292545839,0.013025612191439821
2007-10-23,760401,79615,137950,353055,327661,023651,NATURAL GAS - NEW YORK MERCANTILE EXCHANGE ,6.761000156402588,-0.033395537354632625,25394,-0.2642637842733745,-58335,-0.14611762668744546,0.0029145781794463477,0.07725966952405028,-0.08225871292545839,0.18636292307307123,0.01086163282243381
2007-10-30,741551,73480,124947,344184,321222,023651,NATURAL GAS - NEW YORK MERCANTILE EXCHANGE ,8.020999908447266,-0.030964829121665267,22962,-0.3198312469341834,-51467,0.9032076496480147,0.023008509090690497,0.09644856798721949,0.18636292307307123,-0.01969829125720457,0.008737507202225268
2007-11-06,766001,70304,125662,353581,332515,023651,NATURAL GAS - NEW YORK MERCANTILE EXCHANGE ,7.86299991607666,-0.027501269580588013,21066,-0.2556803240775078,-55358,-0.5247110448236196,0.030156129754436697,0.01985548513517651,-0.01969829125720457,0.01093729703492552,0.006584537340919531
2007-11-13,791930,73910,140326,368937,334654,023651,NATURAL GAS - NEW YORK MERCANTILE EXCHANGE ,7.948999881744385,-0.04329044233707525,34283,1.7254546665082682,-66416,-1.4436012485623386,0.02486529816327952,0.08527978491009915,0.01093729703492552,-0.05937849443389043,0.004277689219534772
2007-11-20,799586,75085,151322,378242,338262,023651,NATURAL GAS - NEW YORK MERCANTILE EXCHANGE ,7.4770002365112305,-0.050000875453046954,39980,0.7193817635397068,-76237,-1.2401348604043287,0.018022230162008865,0.05375717181889252,-0.05937849443389043,0.010699467858166445,0.0018462935018990901
2007-11-27,793948,79413,154087,376461,336485,023651,NATURAL GAS - NEW YORK MERCANTILE EXCHANGE ,7.557000160217285,-0.05035090459324792,39976,-0.0005002588839724557,-74674,0.19547615891223707,0.004990560294889094,0.030376873661670235,0.010699467858166445,-0.05319570489427872,-0.0005139291846525924
2007-12-04,827956,90989,178785,399181,333610,023651,NATURAL GAS - NEW YORK MERCANTILE EXCHANGE ,7.15500020980835,-0.0791962374812188,65571,3.223762765319643,-87796,-1.6527530770277146,0.03492810364756117,0.1344606967313381,-0.05319570489427872,-0.009783391978859468,-0.0035507748451166564
2007-12-11,829008,92260,186804,411509,334996,023651,NATURAL GAS - NEW YORK MERCANTILE EXCHANGE ,7.085000038146973,-0.0922946461312798,76513,1.3215678127823216,-94544,-0.8150191556073028,0.018370941922693083,0.03328985465699624,-0.009783391978859468,0.00790398808156123,-0.0068102390845347464
2007-12-18,857492,95702,194068,419806,346514,023651,NATURAL GAS - NEW YORK MERCANTILE EXCHANGE ,7.140999794006348,-0.08547251752786032,73292,-0.3885366606836122,-98366,-0.46103294539980316,0.025857344190416538,0.03694654381060841,0.00790398808156123,0.11567010747099205,-0.009958807414769368
2008-01-08,868133,82425,178003,439739,367906,023651,NATURAL GAS - NEW YORK MERCANTILE EXCHANGE ,7.967000007629394,-0.08274423389042923,71833,-0.17014735997537003,-95578,0.32513422865752684,0.05116728265512694,0.11266837667224722,0.11567010747099205,0.028743578678729564,-0.01272417363506072
2008-01-15,881242,76485,177759,447528,374512,023651,NATURAL GAS - NEW YORK MERCANTILE EXCHANGE ,8.196000099182129,-0.08285578762700825,73016,0.1362694425854103,-101274,-0.6561206635388817,0.01751131331808671,0.024323091203725555,0.028743578678729564,-0.06417764964896389,-0.015363135209638012
2008-01-22,888581,78138,184975,453739,376376,023651,NATURAL GAS - NEW YORK MERCANTILE EXCHANGE ,7.670000076293945,-0.0870635316307686,77363,0.4932810737572653,-106837,-0.631268142008665,0.00972756786710275,0.03370795057636833,-0.06417764964896389,0.04250322471227519,-0.017607243292442353
2008-01-29,892265,80620,182103,448327,371024,023651,NATURAL GAS - NEW YORK MERCANTILE EXCHANGE ,7.995999813079834,-0.0866368175373908,77303,-0.006752338841366178,-101483,0.602533702611242,0.013137226902755962,0.020378878134004255,0.04250322471227519,-0.0067533644422475,-0.01968373624191624
2008-02-05,918550,81066,185320,458476,379955,023651,NATURAL GAS - NEW YORK MERCANTILE EXCHANGE ,7.941999912261963,-0.08548364269773012,78521,0.13650653113144637,-104254,-0.3105579620404252,0.022756792151053574,0.013750722635573942,-0.0067533644422475,0.06220095234144041,-0.02178441541038165
2008-02-12,957817,111674,204898,440869,377196,023651,NATURAL GAS - NEW YORK MERCANTILE EXCHANGE ,8.435999870300293,-0.06647720806792946,63673,-1.6164607261444668,-93224,1.2008056175493986,0.024895332277997468,0.15852949723917467,0.06220095234144041,0.06412996378954183,-0.023565407625287655
2008-02-19,963709,132138,210851,423104,372524,023651,NATURAL GAS - NEW YORK MERCANTILE EXCHANGE ,8.97700023651123,-0.052484723085495726,50580,-1.3669625826227767,-78713,1.5150075640753924,0.028200364994696015,0.07701996273932983,0.06412996378954183,0.025509645262272063,-0.025157022510968692
2008-02-26,951977,137308,237252,415249,366446,023651,NATURAL GAS - NEW YORK MERCANTILE EXCHANGE ,9.206000328063965,-0.05126489400479213,48803,-0.18439176141345573,-99944,-2.2030509209730322,0.017824087399817064,0.08428823152498932,0.025509645262272063,0.015967776872953143,-0.026617233551509602
2008-03-04,940141,151830,229536,399284,369133,023651,NATURAL GAS - NEW YORK MERCANTILE EXCHANGE ,9.352999687194824,-0.032070721306697615,30151,-1.9592910332917706,-77706,2.335980806258975,0.024273278701538357,0.058311438355805184,0.015967776872953143,0.06917570131975759,-0.02772785528723854
2008-03-11,925085,135281,211021,396704,368196,023651,NATURAL GAS - NEW YORK MERCANTILE EXCHANGE ,10.0,-0.03081662766124194,28508,-0.17476101988956977,-75740,0.20911756853493252,0.004597986664923519,0.10125266385986798,0.06917570131975759,-0.05860004425048848,-0.029269318015401554
2008-03-18,901607,132878,201378,385400,359197,023651,NATURAL GAS - NEW YORK MERCANTILE EXCHANGE ,9.413999557495115,-0.029062551643898062,26203,-0.2491662928271456,-68500,0.7826307852791906,0.027267098846758715,0.03603824613469915,-0.05860004425048848,0.0005311360395103826,-0.030600312080599164
2008-03-25,884385,136823,202843,378268,354270,023651,NATURAL GAS - NEW YORK MERCANTILE EXCHANGE ,9.418999671936035,-0.02713524087360143,23998,-0.24456331860777478,-66020,0.27506441276520704,0.01646194463631921,0.015927411044967702,0.0005311360395103826,0.032381390359799145,-0.03153783549457281
2008-04-01,866662,143900,209369,370766,342430,023651,NATURAL GAS - NEW YORK MERCANTILE EXCHANGE ,9.723999977111816,-0.0326955606684036,28336,0.4905103546532336,-65469,0.06230318243751308,0.027120174538275595,0.03850606761419768,0.032381390359799145,-0.002776679073390076,-0.0323694026325462
2008-04-08,857982,142993,208132,362281,339819,023651,NATURAL GAS - NEW YORK MERCANTILE EXCHANGE ,9.696999549865724,-0.026180036411020277,22462,-0.6777728803155094,-65139,0.038077128107612886,0.015804016521862984,0.006106087575649698,-0.002776679073390076,0.05238737727355747,-0.03298022929057464
2008-04-15,880624,143674,209743,372246,349599,023651,NATURAL GAS - NEW YORK MERCANTILE EXCHANGE ,10.204999923706056,-0.02571699158778321,22647,0.021562223916119453,-66069,-0.10839388238914104,0.027353517721948616,0.006485256792966948,0.05238737727355747,0.03939249683993151,-0.03382581277850543
2008-04-22,890378,150411,208093,363404,348477,023651,NATURAL GAS - NEW YORK MERCANTILE EXCHANGE ,10.607000350952148,-0.01676478978591115,14927,-0.8766511019458929,-57682,0.9523928487072804,0.013996721362137773,0.023394439113650058,0.03939249683993151,0.022155147440544143,-0.03465588023959966
2008-04-29,876570,139079,212561,360952,332126,023651,NATURAL GAS - NEW YORK MERCANTILE EXCHANGE ,10.842000007629396,-0.0328849949233946,28826,1.561022397229042,-73482,-1.7745272232692182,0.027129702573159154,0.04493231714253214,0.022155147440544143,0.02840800688840983,-0.035467128441117074
2008-05-06,867142,140117,213217,357467,328289,023651,NATURAL GAS - NEW YORK MERCANTILE EXCHANGE ,11.149999618530272,-0.033648468186294744,29178,0.04015651915990737,-73100,0.04357894977012674,0.010677267132916082,0.004794330576734761,0.02840800688840983,0.024394647722959295,-0.03624540317596685
2008-05-13,878936,148119,214797,355136,334285,023651,NATURAL GAS - NEW YORK MERCANTILE EXCHANGE ,11.42199993133545,-0.023723001447204347,20851,-0.9602810151047926,-66678,0.7405938127780686,0.012078251170184837,0.02640280395463413,0.024394647722959295,-0.004990383519519193,-0.0368167437832283
2008-05-20,892847,155841,225037,359659,339113,023651,NATURAL GAS - NEW YORK MERCANTILE EXCHANGE ,11.364999771118164,-0.023011781413836863,20546,-0.03470104763031665,-69196,-0.28648274732176177,0.013382047363088389,0.04715945788415188,-0.004990383519519193,0.03836338575283538,-0.03760783755822398
2008-05-27,902704,180898,252312,357185,332965,023651,NATURAL GAS - NEW YORK MERCANTILE EXCHANGE ,11.800999641418455,-0.02683050036335277,24220,0.41149267455678296,-71414,-0.24841882203781837,0.012492936318191698,0.12080053553703747,0.03836338575283538,0.03559021176645549,-0.03861185307068741
2008-06-03,915499,194335,261238,351588,326768,023651,NATURAL GAS - NEW YORK MERCANTILE EXCHANGE ,12.220999717712402,-0.02711089799115018,24820,0.06646697034686896,-66903,0.49972083872454315,0.01738615122443083,0.04908763249797508,0.03559021176645549,0.01751089983204368,-0.039652154156357915
2008-06-10,941378,195983,265493,348380,328080,023651,NATURAL GAS - NEW YORK MERCANTILE EXCHANGE ,12.4350004196167,-0.021564132580111285,20300,-0.4937198183722757,-69510,-0.2847627359505581,0.0066818437158146825,0.012791564458390036,0.01751089983204368,0.0415761340767109,-0.04031885120194056
2008-06-17,947811,190987,270198,353244,321036,023651,NATURAL GAS - NEW YORK MERCANTILE EXCHANGE ,12.95199966430664,-0.033981458328717434,32208,1.2649541416944097,-79211,-1.0305105919195052,0.01766031915524708,0.021034942593536218,0.0415761340767109,0.004555282333845501,-0.041307477583717486
2008-06-24,971727,213616,295917,357583,319248,023651,NATURAL GAS - NEW YORK MERCANTILE EXCHANGE ,13.01099967956543,-0.03945038061101523,38335,0.6464368951193856,-82301,-0.3260143636231274,0.009052481343200887,0.09488688661970864,0.004555282333845501,0.03796790769669656,-0.04207254992399139
2008-07-01,971774,205398,306725,358793,311272,023651,NATURAL GAS - NEW YORK MERCANTILE EXCHANGE ,13.505000114440918,-0.04890128774797432,47521,0.9453272369708776,-101327,-1.9579573275210014,0.013709117772156432,0.03715123124718085,0.03796790769669656,-0.08419104585623394,-0.04303599132407476
2008-07-08,971678,215328,310174,360778,306373,023651,NATURAL GAS - NEW YORK MERCANTILE EXCHANGE ,12.368000030517578,-0.05599077060507699,54405,0.7083951618380405,-94846,0.6669246141592593,0.010318503607129421,0.025459465425440815,-0.08419104585623394,-0.0720407334902845,-0.04385731930772623
2008-07-15,964168,217143,317791,363085,308216,023651,NATURAL GAS - NEW YORK MERCANTILE EXCHANGE ,11.47700023651123,-0.056908132192729895,54869,0.04775244473992413,-100648,-0.597111388752241,0.006182025648703041,0.017632081714753597,-0.0720407334902845,-0.12285438863428322,-0.04444625194066436
2008-07-22,968824,214567,314807,323023,271017,023651,NATURAL GAS - NEW YORK MERCANTILE EXCHANGE ,10.06700038909912,-0.05367951248111112,52006,-0.29693995237344534,-100240,0.04231627683142357,0.13006026530199988,0.010502971434184527,-0.12285438863428322,-0.0844343248849112,-0.04495305834846849
2008-07-29,940387,206393,326027,327471,254762,023651,NATURAL GAS - NEW YORK MERCANTILE EXCHANGE ,9.217000007629396,-0.07731816794575,72709,2.136920637804183,-119634,-2.0018083779922877,0.03555792955741086,0.03642612974719207,-0.0844343248849112,-0.053271148428951864,-0.045805527298510916
2008-08-05,938687,217336,342369,331138,249400,023651,NATURAL GAS - NEW YORK MERCANTILE EXCHANGE ,8.72599983215332,-0.08707694897234115,81738,0.9601366246024243,-125033,-0.5741253335063118,0.015552814802820832,0.04874889450692776,-0.053271148428951864,-0.04538160853362572,-0.046589632522945165
2008-08-12,922113,216501,345730,330635,242011,023651,NATURAL GAS - NEW YORK MERCANTILE EXCHANGE ,8.329999923706055,-0.09610969588325943,88624,0.7335778592864288,-129229,-0.44700736241153866,0.013781638219772773,0.00746312458758055,-0.04538160853362572,-0.04249701017947172,-0.04752098830583833
2008-08-19,907257,201203,348339,339054,233553,023651,NATURAL GAS - NEW YORK MERCANTILE EXCHANGE ,7.97599983215332,-0.11628568310853485,105501,1.8302529082661236,-147136,-1.9419528842994298,0.02947396731091307,0.03258531649992175,-0.04249701017947172,0.03786359730838096,-0.04888010788776172
2008-08-26,910513,203620,359764,340058,229444,023651,NATURAL GAS - NEW YORK MERCANTILE EXCHANGE ,8.277999877929688,-0.12148536045064705,110614,0.5635668834740322,-156144,-0.9928829427604307,0.008978019392381414,0.02456938784204024,0.03786359730838096,-0.12285573043297138,-0.05051227950008997
2008-09-02,930563,215883,376959,340396,222558,023651,NATURAL GAS - NEW YORK MERCANTILE EXCHANGE ,7.261000156402588,-0.12663086755007452,117838,0.7933988861224386,-161076,-0.5416726614556848,0.012832309567033896,0.04968946194770276,-0.12285573043297138,0.03773580568896073,-0.05238882535943398
2008-09-09,935219,213193,386026,339668,209884,023651,NATURAL GAS - NEW YORK MERCANTILE EXCHANGE ,7.534999847412109,-0.13877391284822058,129784,1.2837389838194726,-172833,-1.263428698540561,0.024387137158994963,0.019620539402121762,0.03773580568896073,-0.03397479059665731,-0.054363292952890586
2008-09-16,928762,213675,384726,330234,199851,023651,NATURAL GAS - NEW YORK MERCANTILE EXCHANGE ,7.278999805450439,-0.14038365049388327,130383,0.06404916923201945,-171051,0.19054360529458877,0.03672429893318996,0.002977936199972928,-0.03397479059665731,0.08957280459849493,-0.056341092681817834
2008-09-23,910379,220973,393752,335557,203318,023651,NATURAL GAS - NEW YORK MERCANTILE EXCHANGE ,7.931000232696533,-0.1452570852359292,132239,0.19983591059927083,-172779,-0.1860541236613901,0.016311760612386917,0.026554963601610478,0.08957280459849493,-0.062161141855112345,-0.05836686017448503
2008-09-30,881561,218592,396198,334786,194289,023651,NATURAL GAS - NEW YORK MERCANTILE EXCHANGE ,7.438000202178955,-0.1593729758916286,140497,0.9070947374664837,-177606,-0.530218733077103,0.018522893729622455,0.00785146147464988,-0.062161141855112345,-0.09007798575989145,-0.06071244495262728
2008-10-07,878959,209841,385734,338334,196389,023651,NATURAL GAS - NEW YORK MERCANTILE EXCHANGE ,6.76800012588501,-0.16149217426523876,141945,0.1642540901877465,-175893,0.19431440365442662,0.010562478142888935,0.03226293917642614,-0.09007798575989145,-0.006057903163590339,-0.06292358564169825
2008-10-14,889276,198012,370709,342918,205102,023651,NATURAL GAS - NEW YORK MERCANTILE EXCHANGE ,6.727000236511231,-0.15497550816619363,137816,-0.4697602504781224,-172697,0.3636119545962895,0.024263713003175067,0.04721823178676363,-0.006057903163590339,0.01739254081256658,-0.06521171858729251
2008-10-21,874036,188072,360204,343045,206268,023651,NATURAL GAS - NEW YORK MERCANTILE EXCHANGE ,6.843999862670898,-0.15648897757071792,136777,-0.11683661765301212,-172132,0.06353483058128186,0.0023538492626244056,0.03728961326047465,0.01739254081256658,-0.09614260747717462,-0.06737930286875324
2008-10-28,785492,101251,267309,331080,202260,023651,NATURAL GAS - NEW YORK MERCANTILE EXCHANGE ,6.185999870300293,-0.16399912411584078,128820,-0.9103744010544188,-166058,0.6949370506477994,0.02994900063749203,0.4876166702843499,-0.09614260747717462,0.16698997963613915,-0.06983184748905666
2008-11-04,763236,93982,254303,319263,198448,023651,NATURAL GAS - NEW YORK MERCANTILE EXCHANGE ,7.218999862670898,-0.1582931098637905,120815,-1.0191064963105927,-160321,0.7303702647512642,0.030188657378344287,0.05821381914236904,0.16698997963613915,-0.07120099026773952,-0.07223372388346354
2008-11-11,751279,91844,252195,315522,192673,023651,NATURAL GAS - NEW YORK MERCANTILE EXCHANGE ,6.704999923706055,-0.16351981088250836,122849,0.2664968633555021,-160351,-0.003930632202883512,0.018725095681775696,0.012341624060062959,-0.07120099026773952,-0.028187939127557904,-0.07478285814809514
2008-11-18,742054,84867,251207,315943,188126,023651,NATURAL GAS - NEW YORK MERCANTILE EXCHANGE ,6.515999794006348,-0.17224757227910636,127817,0.6612723102868575,-166340,-0.7971738861328481,0.009855793552073227,0.02370013746972393,-0.028187939127557904,-0.019950835130986055,-0.07756644089229742
2008-11-25,718516,81662,233367,296707,179983,023651,NATURAL GAS - NEW YORK MERCANTILE EXCHANGE ,6.386000156402588,-0.16245149725267077,116724,-1.4949046834866464,-151705,1.9722284362054514,0.057435650003146696,0.06680337365766326,-0.019950835130986055,0.00595045866641053,-0.07985799964067425
2008-12-02,714276,80695,234434,293148,180440,023651,NATURAL GAS - NEW YORK MERCANTILE EXCHANGE ,6.423999786376953,-0.15779334598950545,112708,-0.5589297941869075,-153739,-0.28308346647812993,0.008479944593190706,0.006454499585883876,0.00595045866641053,-0.13153795427945036,-0.08193093176637538
2008-12-09,716408,83331,242142,299191,179203,023651,NATURAL GAS - NEW YORK MERCANTILE EXCHANGE ,5.578999996185303,-0.16748556688367522,119988,1.0192138613085138,-158811,-0.7100896572193381,0.015217582160311376,0.031781438091638935,-0.13153795427945036,0.030829885544552127,-0.08418352142580666
2008-12-16,712293,79938,242772,301419,178382,023651,NATURAL GAS - NEW YORK MERCANTILE EXCHANGE ,5.750999927520752,-0.17273369245521156,123037,0.42559547073734516,-162834,-0.5615515181293341,0.006354717893459997,0.012466301013293669,0.030829885544552127,0.018779391381327892,-0.085982318636845
2008-12-30,671730,72327,217141,284297,175635,023651,NATURAL GAS - NEW YORK MERCANTILE EXCHANGE ,5.859000205993652,-0.16176439938665832,108662,-2.018130179574978,-144814,2.52985779728286,0.04319986432777019,0.11483825500573466,0.018779391381327892,0.02116395140509475,-0.08731827543021765
2009-01-06,686597,77702,225003,292777,183917,023651,NATURAL GAS - NEW YORK MERCANTILE EXCHANGE ,5.982999801635742,-0.15855006648732808,108860,0.0294761288017507,-147301,-0.3702380420704747,0.03516301862410687,0.04372904312779769,0.02116395140509475,-0.1335450130147937,-0.08872361291020742
2009-01-13,705973,78652,220555,297339,192147,023651,NATURAL GAS - NEW YORK MERCANTILE EXCHANGE ,5.184000015258789,-0.14900286554868244,105192,-0.5342289581807086,-141903,0.7861962694273351,0.026133535994900772,0.01804102176753886,-0.1335450130147937,-0.10455243350678778,-0.08999781736517384
2009-01-20,704924,73988,219809,299812,188241,023651,NATURAL GAS - NEW YORK MERCANTILE EXCHANGE ,4.642000198364258,-0.1582737997287651,111571,0.9035756324958603,-145821,-0.5549787314812322,0.013070301790994011,0.01841407502459181,-0.10455243350678778,-0.029944077953935166,-0.09144816375174607
2009-01-27,679224,72185,217658,288370,180250,023651,NATURAL GAS - NEW YORK MERCANTILE EXCHANGE ,4.502999782562256,-0.15918165435850323,108120,-0.489556320965097,-145473,0.04936702396286692,0.04146856728265973,0.013641868183809856,-0.029944077953935166,0.0022207926637174413,-0.09283505072727943
2009-02-03,692072,74971,219750,286695,176208,023651,NATURAL GAS - NEW YORK MERCANTILE EXCHANGE ,4.513000011444092,-0.15964668416002958,110487,0.34848591922546907,-144779,0.10217542371883208,0.012350319613396327,0.01655124677237116,0.0022207926637174413,0.006647509357915915,-0.09423908662386864
2009-02-10,707605,70068,212750,285959,181713,023651,NATURAL GAS - NEW YORK MERCANTILE EXCHANGE ,4.543000221252441,-0.14732230552356188,104246,-0.9017847853980511,-142682,0.30300315574102116,0.013344822867308712,0.04208713731092081,0.006647509357915915,-0.0748404437660708,-0.09542829167821157
2009-02-17,732347,69878,210402,297237,195425,023651,NATURAL GAS - NEW YORK MERCANTILE EXCHANGE ,4.203000068664551,-0.13902152941160406,101812,-0.3439772189286396,-140524,0.3049724069219409,0.05072443176051735,0.009055230483801913,-0.0748404437660708,0.007851532674633344,-0.09682337478097452
2009-02-24,688701,69723,218627,269423,172462,023651,NATURAL GAS - NEW YORK MERCANTILE EXCHANGE ,4.236000061035156,-0.14078823756608455,96961,-0.6623909157817265,-148904,-1.144266310915454,0.11490998789277754,0.029061903936188658,0.007851532674633344,0.010859301971647417,-0.09852151929021662
2009-03-03,677190,66171,193905,265809,176613,023651,NATURAL GAS - NEW YORK MERCANTILE EXCHANGE ,4.2820000648498535,-0.1317148806095778,89196,-1.1274849317773605,-127734,3.073902898355019,0.017551116354973306,0.10871437579784371,0.010859301971647417,-0.10322282671334804,-0.10006863441723174
2009-03-10,670391,74242,188306,254721,176621,023651,NATURAL GAS - NEW YORK MERCANTILE EXCHANGE ,3.839999914169312,-0.11649917734575792,78100,-1.638535713758325,-114064,2.0186358333702503,0.02572436720745951,0.05206666971372854,-0.10322282671334804,-0.0072916350405036745,-0.10169225857182904
2009-03-17,662532,72875,188062,257737,180890,023651,NATURAL GAS - NEW YORK MERCANTILE EXCHANGE ,3.812000036239624,-0.11598986916858356,76847,-0.18690585046636962,-115187,-0.16751418202213336,0.016608644702674483,0.00617390404580416,-0.0072916350405036745,0.1403462961029882,-0.1033302055238933
2009-03-24,636183,73597,194615,253059,181915,023651,NATURAL GAS - NEW YORK MERCANTILE EXCHANGE ,4.3470001220703125,-0.11182945787611426,71144,-0.8607886109652062,-121018,-0.8801084324983548,0.013111128481242558,0.027124066037313765,0.1403462961029882,-0.1313549765694928,-0.10492187679758978
2009-03-31,624397,70441,192899,253851,172490,023651,NATURAL GAS - NEW YORK MERCANTILE EXCHANGE ,3.776000022888184,-0.13030331663989417,81361,1.6059844415836324,-122458,-0.22634996534016158,0.023964385315979463,0.01850079744816587,-0.1313549765694928,-0.05667372493416345,-0.10690587825463387
2009-04-07,632142,75607,201812,256406,174753,023651,NATURAL GAS - NEW YORK MERCANTILE EXCHANGE ,3.562000036239624,-0.1291687627147065,81653,0.046765118986798464,-126205,-0.6000989754915542,0.011174531901224374,0.05074994863365523,-0.05667372493416345,0.03565408583644403,-0.10876113214013969
2009-04-14,663448,75773,202382,264604,183550,023651,NATURAL GAS - NEW YORK MERCANTILE EXCHANGE ,3.688999891281128,-0.12217084081947643,81054,-0.09475719063121894,-126609,-0.06390969117698238,0.037922232089861965,0.002646006722870342,0.03565408583644403,-0.048251552871502734,-0.11060710914799461
2009-04-21,659500,72277,200264,264739,178671,023651,NATURAL GAS - NEW YORK MERCANTILE EXCHANGE ,3.510999917984009,-0.1305049279757392,86068,0.7557487549890873,-127987,-0.20770278906560874,0.011307818948602872,0.020598735603083573,-0.048251552871502734,-0.054115586226210044,-0.11262226177083992
2009-04-28,645096,71879,200858,261319,172019,023651,NATURAL GAS - NEW YORK MERCANTILE EXCHANGE ,3.321000099182129,-0.1384290090157124,89300,0.49006823351023504,-128979,-0.15041698256254737,0.02324282661571337,0.003637203606404705,-0.054115586226210044,0.08852752230480765,-0.11496195829448994
2009-05-05,657764,77514,208364,265773,173688,023651,NATURAL GAS - NEW YORK MERCANTILE EXCHANGE ,3.615000009536743,-0.1399970202078557,92085,0.43171868993142104,-130850,-0.2900343514763694,0.013932976987719047,0.04596716081685195,0.08852752230480765,0.2307053582316636,-0.11702180493457573
2009-05-12,686113,88069,219806,267829,179304,023651,NATURAL GAS - NEW YORK MERCANTILE EXCHANGE ,4.448999881744385,-0.1290239362903778,88525,-0.5412275527392804,-131737,-0.13485079755048923,0.017158205724023948,0.07144782785221275,0.2307053582316636,-0.12025171086368835,-0.11885594855196195
2009-05-19,680523,79964,215174,278551,187130,023651,NATURAL GAS - NEW YORK MERCANTILE EXCHANGE ,3.9140000343322754,-0.13433932431379983,91421,0.4220879068025238,-135210,-0.5061848412725017,0.03982984059903668,0.043156082917143845,-0.12025171086368835,-0.09632092236923007,-0.12098318553016571
2009-05-26,682096,85537,217100,265703,181552,023651,NATURAL GAS - NEW YORK MERCANTILE EXCHANGE ,3.5369999408721924,-0.12337119701625578,84151,-1.0682960017515941,-131563,0.5359113505348093,0.041197974309957405,0.02477886048302091,-0.09632092236923007,0.16482893820550282,-0.1229131742917507
2009-06-02,682815,85161,223920,275375,180421,023651,NATURAL GAS - NEW YORK MERCANTILE EXCHANGE ,4.119999885559082,-0.13906255720802854,94954,1.5837946564706433,-138759,-1.0549834627383827,0.02370139272832583,0.023281922861644683,0.16482893820550282,-0.09441746353642355,-0.1250714830772252
2009-06-09,713310,103569,243222,277029,183172,023651,NATURAL GAS - NEW YORK MERCANTILE EXCHANGE ,3.7309999465942383,-0.13157953764842775,93857,-0.16065845067844145,-139653,-0.1309285824125129,0.009571904450446653,0.10873984618978001,-0.09441746353642355,0.10667387993109823,-0.12708049537832672
2009-06-16,720428,80357,233720,294883,189931,023651,NATURAL GAS - NEW YORK MERCANTILE EXCHANGE ,4.129000186920166,-0.14568006795960178,104952,1.5554247101540706,-153363,-1.922025486814989,0.050767923368549586,0.10415917115866491,0.10667387993109823,-0.060547403027621294,-0.12946734028947077
2009-06-23,699295,75220,229028,295530,187362,023651,NATURAL GAS - NEW YORK MERCANTILE EXCHANGE ,3.878999948501587,-0.15468150065423034,108168,0.4464013058903874,-153808,-0.06176883741331542,0.006659874257597972,0.03230588204359602,-0.060547403027621294,-0.011343106712752293,-0.13178849494957678
2009-06-30,712804,94339,247608,299819,187175,023651,NATURAL GAS - NEW YORK MERCANTILE EXCHANGE ,3.8350000381469727,-0.15802941622100886,112644,0.6400732165967152,-153269,0.0770776281826697,0.00919107832950714,0.11024807938072274,-0.011343106712752293,-0.10586704909793854,-0.13406886101899976
2009-07-07,739142,98502,258983,314386,193378,023651,NATURAL GAS - NEW YORK MERCANTILE EXCHANGE ,3.428999900817871,-0.16371414423750782,121008,1.1733940886975942,-160481,-1.0117788340132772,0.040904829802821785,0.04346476075919269,-0.10586704909793854,0.0,-0.13627680056687538
2009-07-14,749240,99055,263737,305396,193504,023651,NATURAL GAS - NEW YORK MERCANTILE EXCHANGE ,3.428999900817871,-0.14934066520741018,111892,-1.2333218786106053,-164682,-0.5683616950464188,0.018272198837442372,0.014628216719222034,0.0,0.08048994776067331,-0.13807199084768948
2009-07-21,752409,88207,246643,321954,204504,023651,NATURAL GAS - NEW YORK MERCANTILE EXCHANGE ,3.704999923706055,-0.15609861126063085,117450,0.7418183759543003,-158436,0.8336447600234905,0.052346056095642954,0.08344631924742422,0.08048994776067331,-0.045883897807295626,-0.13997950006053375
2009-07-28,710992,89058,250008,303068,187245,023651,NATURAL GAS - NEW YORK MERCANTILE EXCHANGE ,3.5350000858306885,-0.1629033800661611,115823,-0.2162387743899927,-160950,-0.3341267847673273,0.07371821673094534,0.012434157361693593,-0.045883897807295626,0.13182456304822354,-0.1420799590525539
2009-08-04,712429,83827,245047,303977,189037,023651,NATURAL GAS - NEW YORK MERCANTILE EXCHANGE ,4.000999927520752,-0.16133537517422789,114940,-0.12419267727344331,-161220,-0.0379751108310642,0.0054785462481795645,0.03099059214167128,0.13182456304822354,-0.11497126880280018,-0.1436956745761785
2009-08-11,732986,94803,248823,294170,187708,023651,NATURAL GAS - NEW YORK MERCANTILE EXCHANGE ,3.5409998893737797,-0.1452442475026808,106462,-1.1900133206256343,-154020,1.010627023885889,0.02310958375356418,0.04293039525530664,-0.11497126880280018,-0.12567069956093568,-0.1448142764709927
2009-08-18,756083,93346,268673,322981,196084,023651,NATURAL GAS - NEW YORK MERCANTILE EXCHANGE ,3.095999956130981,-0.1678347483014431,126897,2.7879113652921066,-175327,-2.9068768025583025,0.07164227986860991,0.05885602689361608,-0.12567069956093568,-0.06912144369536466,-0.14619360440211163
2009-08-25,728176,90151,266969,318479,185989,023651,NATURAL GAS - NEW YORK MERCANTILE EXCHANGE ,2.881999969482422,-0.18194777086858122,132490,0.7397336006761163,-176818,-0.19720057189488455,0.0289354329709714,0.013718077956989247,-0.06912144369536466,-0.02116581226447689,-0.1474563368590356
2009-09-01,720062,91613,261459,315119,185767,023651,NATURAL GAS - NEW YORK MERCANTILE EXCHANGE ,2.821000099182129,-0.1796400865481028,129352,-0.4309397728021797,-169846,0.9574608336446133,0.007151327847055019,0.01974668056373771,-0.02116581226447689,-0.004962841861466671,-0.14857469697629438
2009-09-08,720282,95911,264540,319734,191333,023651,NATURAL GAS - NEW YORK MERCANTILE EXCHANGE ,2.806999921798706,-0.17826490180234963,128401,-0.13207196047007064,-168629,0.16901322386127862,0.01992106710079109,0.020471575886875055,-0.004962841861466671,0.18275740140219354,-0.1495676591734535
2009-09-15,744146,84448,258314,334359,200287,023651,NATURAL GAS - NEW YORK MERCANTILE EXCHANGE ,3.319999933242798,-0.18016894534137118,134072,0.7873305177694292,-173866,-0.7270763395447895,0.04410207875865526,0.051607237675121514,0.18275740140219354,0.08704820486246079,-0.15036371749062946
2009-09-22,710301,79537,243345,321950,198531,023651,NATURAL GAS - NEW YORK MERCANTILE EXCHANGE ,3.608999967575073,-0.17375591474600205,123419,-1.4315739115711164,-163808,1.351616483862038,0.02721521054562991,0.06157048085678359,0.08704820486246079,0.3507897045716979,-0.15100549180317022
2009-09-29,676337,89736,235687,298910,190887,023651,NATURAL GAS - NEW YORK MERCANTILE EXCHANGE ,4.875,-0.15971771468957044,108023,-2.1675317928596467,-145951,2.5140046262077624,0.06264636165595135,0.05487319580976145,0.3507897045716979,0.0010256645007011844,-0.15128358083112486
2009-10-06,692561,93863,235963,302616,198411,023651,NATURAL GAS - NEW YORK MERCANTILE EXCHANGE ,4.880000114440918,-0.15046328049081598,104205,-0.5645114787450635,-142100,0.5693907031553797,0.022413961722621736,0.013349463050214356,0.0010256645007011844,-0.05983612436147301,-0.1511122405349554
2009-10-13,745533,99332,246375,310133,202908,023651,NATURAL GAS - NEW YORK MERCANTILE EXCHANGE ,4.5879998207092285,-0.14382327811109635,107225,0.4360626717357749,-147043,-0.713727743837727,0.02341723176120427,0.045937744969005545,-0.05983612436147301,0.12489101495541388,-0.15077245407045264
2009-10-20,731235,89751,241791,300799,192653,023651,NATURAL GAS - NEW YORK MERCANTILE EXCHANGE ,5.160999774932861,-0.14789499955554644,108146,0.1235357791003215,-152040,-0.6702587276485414,0.039697883482081336,0.042724602011208236,0.12489101495541388,-0.11703151347714091,-0.15063629044332483
2009-10-27,722597,76348,230186,299919,180973,023651,NATURAL GAS - NEW YORK MERCANTILE EXCHANGE ,4.557000160217285,-0.16460904210784158,118946,1.4769533734025315,-153838,-0.24588538568312512,0.026118130474202108,0.08158311965393725,-0.11703151347714091,0.08009650170843097,-0.1507924455305772
2009-11-03,689411,73392,231042,304460,175623,023651,NATURAL GAS - NEW YORK MERCANTILE EXCHANGE ,4.921999931335449,-0.18687981479842938,128837,1.3688127683895726,-157650,-0.5275416310889749,0.02060268745196143,0.012521597456263097,0.08009650170843097,-0.07964236631363408,-0.15123245881293468
2009-11-17,750106,83931,251215,323134,187492,023651,NATURAL GAS - NEW YORK MERCANTILE EXCHANGE ,4.53000020980835,-0.18083044263077486,135642,0.9870744737174195,-167284,-1.3974247582356534,0.059814815540140925,0.09163767432700973,-0.07964236631363408,-0.009713056674461984,-0.1516658690584536
2009-11-24,707788,86638,244145,310493,182283,023651,NATURAL GAS - NEW YORK MERCANTILE EXCHANGE ,4.486000061035156,-0.18114181082471023,128210,-0.9907933012134286,-157507,1.3034157839025418,0.03622335503352436,0.02955714169107844,-0.009713056674461984,0.06152474791195073,-0.15200475367272673
2009-12-01,723961,83401,244469,315215,183788,023651,NATURAL GAS - NEW YORK MERCANTILE EXCHANGE ,4.76200008392334,-0.1815387845477864,131427,0.4545146286741228,-161068,-0.5031167524739046,0.01247888289248762,0.010861011986458047,0.06152474791195073,0.07391846985942618,-0.15218343083173977
2009-12-08,710148,69598,225552,322981,196091,023651,NATURAL GAS - NEW YORK MERCANTILE EXCHANGE ,5.113999843597412,-0.1786810636656021,126890,-0.6266912167920647,-155954,0.7063916426437336,0.03866322976388632,0.11085888531255295,0.07391846985942618,0.07997652178331882,-0.15249553787814232
2009-12-15,741168,73134,216026,326969,216002,023651,NATURAL GAS - NEW YORK MERCANTILE EXCHANGE ,5.5229997634887695,-0.1497190920277184,110967,-2.242208666362505,-142892,1.8393348992041096,0.04401524206633504,0.04517222299073177,0.07997652178331882,0.03476378731145169,-0.15234026376349255
2009-12-22,703814,78186,228231,308202,194734,023651,NATURAL GAS - NEW YORK MERCANTILE EXCHANGE ,5.715000152587891,-0.1612187310852015,113468,0.33744036439781533,-150045,-0.9650983312825162,0.07960257368730812,0.05631867683581525,0.03476378731145169,0.017322830178226223,-0.152219747690445
2009-12-29,701902,82721,229250,302996,192686,023651,NATURAL GAS - NEW YORK MERCANTILE EXCHANGE ,5.814000129699707,-0.15715869166920737,110310,-0.44869809353039297,-146529,0.4995638052098992,0.014634382527507555,0.017802936811434397,0.017322830178226223,-0.030443763644275923,-0.1519202284445603
2010-01-05,724087,82285,238874,308551,188724,023651,NATURAL GAS - NEW YORK MERCANTILE EXCHANGE ,5.63700008392334,-0.16548702020613545,119827,1.355887289108736,-156589,-1.4332485161746227,0.019138303755467295,0.03132404821287898,-0.030443763644275923,-0.008160369545831436,-0.15199181730647332
2010-01-12,760159,90030,253840,320780,194134,023651,NATURAL GAS - NEW YORK MERCANTILE EXCHANGE ,5.591000080108643,-0.16660461824434097,126646,0.9417376641204718,-163810,-0.9972558546141554,0.03425620589069243,0.06604530781981563,-0.008160369545831436,-0.006081187516401632,-0.15214671253256973
2010-01-19,782549,88567,257289,333490,202002,023651,NATURAL GAS - NEW YORK MERCANTILE EXCHANGE ,5.557000160217285,-0.16802526103796694,131488,0.6369720019101267,-168722,-0.6461806016899097,0.03842821181268814,0.014202442635085123,-0.006081187516401632,-0.012956635707576769,-0.15251252783044056
2010-01-26,769887,88479,251033,318212,194613,023651,NATURAL GAS - NEW YORK MERCANTILE EXCHANGE ,5.485000133514404,-0.16054174184003628,123599,-1.0081157857207665,-162554,0.7881934549785381,0.04420026324769658,0.01868564292278329,-0.012956635707576769,-0.0056518024748413165,-0.15255614210181118
2010-02-02,782673,76996,236354,323105,199940,023651,NATURAL GAS - NEW YORK MERCANTILE EXCHANGE ,5.453999996185303,-0.1573645698778417,123165,-0.05637190912432604,-159358,0.4151258561321337,0.019539427773900907,0.08349130365406096,-0.0056518024748413165,-0.030069679949941697,-0.15252119816949075
2010-02-09,775827,77392,228219,309849,193069,023651,NATURAL GAS - NEW YORK MERCANTILE EXCHANGE ,5.289999961853027,-0.15052324809525836,116780,-0.8157940800308686,-150827,1.0899826619801627,0.040020440708027946,0.02791457113781899,-0.030069679949941697,0.0037807147581732092,-0.1523457474759375
2010-02-16,780477,78088,232380,313047,192694,023651,NATURAL GAS - NEW YORK MERCANTILE EXCHANGE ,5.309999942779541,-0.15420441601738424,120353,0.46054081644490336,-154292,-0.4466201872324629,0.0070648810359452766,0.015644124354200754,0.0037807147581732092,-0.10018833720954334,-0.1524780957546648
2010-02-23,794836,76544,242835,322650,191096,023651,NATURAL GAS - NEW YORK MERCANTILE EXCHANGE ,4.777999877929688,-0.16551087268316986,131554,1.435147992830026,-166291,-1.537393158286535,0.02180260284264987,0.037569783861806816,-0.10018833720954334,-0.014650417876224564,-0.15298750620219492
2010-03-02,820300,86997,257664,329774,189427,023651,NATURAL GAS - NEW YORK MERCANTILE EXCHANGE ,4.708000183105469,-0.17109228331098378,140347,1.106265946685857,-170667,-0.5505538249399876,0.01693563764322488,0.07335323694876995,-0.014650417876224564,-0.04078172931855639,-0.15357027631267378
2010-03-09,853259,92921,267490,343835,201266,023651,NATURAL GAS - NEW YORK MERCANTILE EXCHANGE ,4.515999794006348,-0.16708760177156057,142569,0.2708765085944167,-174569,-0.47567962940387665,0.04751413040886001,0.043700109042176846,-0.04078172931855639,-0.03742242684783381,-0.1542505209504042
2010-03-16,859448,98605,285588,345251,190652,023651,NATURAL GAS - NEW YORK MERCANTILE EXCHANGE ,4.3470001220703125,-0.17988173804581545,154599,1.4098884395007847,-186983,-1.4548923597641512,0.022448092285357612,0.06190117987573954,-0.03742242684783381,-0.04991948505537325,-0.15546941634848224
2010-03-23,831206,108828,294801,342505,188492,023651,NATURAL GAS - NEW YORK MERCANTILE EXCHANGE ,4.130000114440918,-0.18528860475020634,154013,-0.06818329904776088,-185973,0.11751729016764248,0.009239223573767837,0.04815313072152893,-0.04991948505537325,-0.038014542493809644,-0.15680208434043655
2010-03-30,815340,109142,286999,338523,190533,023651,NATURAL GAS - NEW YORK MERCANTILE EXCHANGE ,3.973000049591065,-0.18150710133195969,147990,-0.7246097838562282,-177857,0.9764125860496676,0.01138442811347003,0.02048765464821869,-0.038014542493809644,0.030959009167683238,-0.15814203902227972
2010-04-06,844832,113721,299313,356993,198883,023651,NATURAL GAS - NEW YORK MERCANTILE EXCHANGE ,4.0960001945495605,-0.1871496344835423,158110,1.2411999901881423,-185592,-0.9486839845953835,0.048248170455281396,0.04089978064759802,0.030959009167683238,0.01562491450750203,-0.15923523744234985
2010-04-13,868368,107939,303251,365803,197264,023651,NATURAL GAS - NEW YORK MERCANTILE EXCHANGE ,4.159999847412109,-0.1940870690767048,168539,1.2344466118707627,-195312,-1.1505246013408583,0.018521774495752725,0.02363870716700309,0.01562491450750203,-0.04447114172242772,-0.1604836664108498
2010-04-20,879380,105630,310785,375529,196096,023651,NATURAL GAS - NEW YORK MERCANTILE EXCHANGE ,3.974999904632568,-0.20404489526712002,179433,1.2545372468815064,-205155,-1.1335056105245702,0.01905794883008966,0.023637477036129822,-0.04447114172242772,0.06062897641713327,-0.1620581674579199
2010-04-27,823549,109659,293531,352921,198283,023651,NATURAL GAS - NEW YORK MERCANTILE EXCHANGE ,4.216000080108643,-0.18777024803624315,154638,-2.8196001728490527,-183872,2.420227887830062,0.04498334554901633,0.052786527443636995,0.06062897641713327,-0.048149920495096254,-0.16315942361292957
2010-05-04,861875,105032,308407,376968,200779,023651,NATURAL GAS - NEW YORK MERCANTILE EXCHANGE ,4.013000011444092,-0.20442523567802756,176189,2.6168448993320372,-203375,-2.368165100072977,0.04594225500089139,0.047172617967825965,-0.048149920495096254,0.02940444310517587,-0.16442858181797412
2010-05-11,868994,100256,291911,388338,226093,023651,NATURAL GAS - NEW YORK MERCANTILE EXCHANGE ,4.13100004196167,-0.18670439611780978,162245,-1.6178680203045686,-191655,1.3598259608411893,0.05970401884019524,0.05424219783918586,0.02940444310517587,0.05107721218214456,-0.16532680058547322
2010-05-18,874072,101733,285928,377363,222789,023651,NATURAL GAS - NEW YORK MERCANTILE EXCHANGE ,4.3420000076293945,-0.17684355522199544,154574,-0.8827448751084587,-184195,0.8584639249523012,0.023792305949159546,0.019243617490539416,0.05107721218214456,-0.06701978094483163,-0.16624640864185045
2010-05-25,840409,96495,276207,370414,215833,023651,NATURAL GAS - NEW YORK MERCANTILE EXCHANGE ,4.051000118255615,-0.18393544095791453,154581,0.000800849357947629,-179712,0.5128868102398887,0.02371867148147453,0.04013662389791308,-0.06701978094483163,0.048629973081242506,-0.16720018011577575
2010-06-01,842011,96865,271113,357228,211135,023651,NATURAL GAS - NEW YORK MERCANTILE EXCHANGE ,4.248000144958496,-0.17350485920017672,146093,-1.0099844242505733,-174248,0.6501596246589458,0.03146580618372413,0.014848713781802173,0.048629973081242506,0.13182672402781015,-0.16816428900392813
2010-06-08,828729,114306,269056,343972,223694,023651,NATURAL GAS - NEW YORK MERCANTILE EXCHANGE ,4.808000087738037,-0.14513550267940425,120278,-3.0658744363197155,-154750,2.3156467077033436,0.04547568464554862,0.05086054434190139,0.13182672402781015,0.07924293573399543,-0.16828107641683915
2010-06-15,832563,112291,262566,347788,235750,023651,NATURAL GAS - NEW YORK MERCANTILE EXCHANGE ,5.189000129699707,-0.134569996504769,112038,-0.9942936713931816,-150275,0.5399835169277291,0.027199599683311114,0.022688651939272844,0.07924293573399543,-0.08344576544905491,-0.16833858524099957
2010-06-22,825786,98166,259454,352858,234000,023651,NATURAL GAS - NEW YORK MERCANTILE EXCHANGE ,4.75600004196167,-0.1439331739700116,118858,0.8191572289424344,-161288,-1.3227827804022037,0.011621209900861879,0.04819920586096974,-0.08344576544905491,-0.043734268559778355,-0.16830499112581515
2010-06-29,759921,99879,256634,349193,229909,023651,NATURAL GAS - NEW YORK MERCANTILE EXCHANGE ,4.547999858856201,-0.15696894808802495,119284,0.0515872150896237,-156755,0.5489315633832494,0.013393150084095721,0.012714823863365431,-0.043734268559778355,0.02946356761646518,-0.16834898049954194
2010-07-06,783430,103587,249868,364073,252728,023651,NATURAL GAS - NEW YORK MERCANTILE EXCHANGE ,4.682000160217285,-0.14212501435993005,111345,-1.04471385841423,-146281,1.3783011655158892,0.061120199221466893,0.02963319234414565,0.02946356761646518,-0.07005554409236259,-0.16804312661759813
2010-07-13,800607,109795,265762,372523,249140,023651,NATURAL GAS - NEW YORK MERCANTILE EXCHANGE ,4.354000091552734,-0.15411181765835172,123383,1.536576337388152,-155967,-1.2363580664513742,0.019364189279400576,0.058851252938967986,-0.07005554409236259,0.05420304457343117,-0.1678584664910759
2010-07-20,785515,99975,255955,349302,225601,023651,NATURAL GAS - NEW YORK MERCANTILE EXCHANGE ,4.590000152587891,-0.157477578403977,123701,0.03971986255428693,-155980,-0.001623767966055755,0.08133546006891597,0.05514286517011772,0.05420304457343117,0.01851852621378436,-0.16801494559100988
2010-07-27,764029,98865,252968,339068,215090,023651,NATURAL GAS - NEW YORK MERCANTILE EXCHANGE ,4.675000190734863,-0.1622687096955744,123978,0.035263489557806026,-154103,0.23895151588448343,0.03743517191847812,0.011644729175489508,0.01851852621378436,-0.007700588299732414,-0.1681336013301434
2010-08-03,779372,103833,254114,332363,217164,023651,NATURAL GAS - NEW YORK MERCANTILE EXCHANGE ,4.638999938964844,-0.14781003166652126,115199,-1.1490401542349833,-150281,0.5002427918312001,0.015975557160976622,0.01708074100355639,-0.007700588299732414,-0.07372278769758056,-0.16784334463015035
2010-08-10,842038,119709,276191,359218,235459,023651,NATURAL GAS - NEW YORK MERCANTILE EXCHANGE ,4.296999931335449,-0.14697555217222977,123759,1.0983201859959044,-156482,-0.7956405926823136,0.07592356859269822,0.0958651174539025,-0.07372278769758056,-0.006981553048772793,-0.16756719418780422
2010-08-17,828693,111281,271993,359432,232040,023651,NATURAL GAS - NEW YORK MERCANTILE EXCHANGE ,4.267000198364258,-0.15372641014223604,127392,0.4314532123253345,-160712,-0.5023526254159552,0.006142302594205643,0.03294249022892239,-0.006981553048772793,-0.05343336147942657,-0.16773031270010333
2010-08-24,828565,112931,276127,361105,230034,023651,NATURAL GAS - NEW YORK MERCANTILE EXCHANGE ,4.039000034332275,-0.15819036527007538,131071,0.4439521028897312,-163196,-0.29974912301660567,0.006223578549207547,0.014866677976034422,-0.05343336147942657,-0.05521169786965119,-0.16754484379565399
2010-08-31,816477,113993,277699,357416,227682,023651,NATURAL GAS - NEW YORK MERCANTILE EXCHANGE ,3.815999984741211,-0.1588948617046163,129734,-0.1613633209223175,-163706,-0.06155220169811662,0.01032476610755805,0.006724671425507797,-0.05521169786965119,0.009433965800679012,-0.16710151861942388
2010-09-07,827657,111346,284955,377675,236886,023651,NATURAL GAS - NEW YORK MERCANTILE EXCHANGE ,3.8519999980926514,-0.17010549055949506,140789,1.3539879261755077,-173609,-1.2128939333257398,0.04794153875693381,0.024988581911224043,0.009433965800679012,0.02959503688277243,-0.16691816100425833
2010-09-14,821716,113299,291929,379861,234667,023651,NATURAL GAS - NEW YORK MERCANTILE EXCHANGE ,3.9660000801086426,-0.17669608477868265,145194,0.5322253058936249,-178630,-0.6066522726201796,0.00716810299937513,0.022029573474685857,0.02959503688277243,-0.01185077377828514,-0.16688799144611094
2010-09-21,817004,107926,291039,385137,236386,023651,NATURAL GAS - NEW YORK MERCANTILE EXCHANGE ,3.9189999103546143,-0.1820688760397746,148751,0.4328746184813244,-183113,-0.545565621212195,0.011254611655562224,0.01569811888260875,-0.01185077377828514,-0.02092370988564718,-0.16692452857492637
2010-09-28,774120,110643,294446,381679,229266,023651,NATURAL GAS - NEW YORK MERCANTILE EXCHANGE ,3.836999893188477,-0.1968854957887666,152413,0.44822301971593775,-183803,-0.08445491086946944,0.017314160849176276,0.015117665500667754,-0.02092370988564718,-0.024498270859420468,-0.16736932821036413
2010-10-05,791682,129590,299848,377180,240423,023651,NATURAL GAS - NEW YORK MERCANTILE EXCHANGE ,3.743000030517578,-0.17274233846418133,136757,-2.02242546375239,-170258,1.7497287242288015,0.025349617796545678,0.05669968656709467,-0.024498270859420468,-0.030456874455389027,-0.16761980174449126
2010-10-12,794669,125003,300244,389703,243232,023651,NATURAL GAS - NEW YORK MERCANTILE EXCHANGE ,3.628999948501587,-0.18431699235782445,146471,1.2270078137433968,-175241,-0.6294193880876413,0.02422365645761413,0.011717895717077369,-0.030456874455389027,-0.031964711684658864,-0.1682708346650107
2010-10-19,807824,115245,289119,389537,250169,023651,NATURAL GAS - NEW YORK MERCANTILE EXCHANGE ,3.513000011444092,-0.17252272772287033,139368,-0.8938312681128873,-173874,0.1720213069844174,0.011103538187855045,0.05164406326972727,-0.031964711684658864,-0.04526043819339387,-0.16882274715754478
2010-10-26,808541,114902,280646,386318,249621,023651,NATURAL GAS - NEW YORK MERCANTILE EXCHANGE ,3.3540000915527344,-0.1690662563803196,136697,-0.33064132781397926,-165744,1.0064073362514607,0.005923524111589319,0.022288066176544944,-0.04526043819339387,0.15384608822937307,-0.16922988671186737
2010-11-02,796717,104781,263397,376972,248599,023651,NATURAL GAS - NEW YORK MERCANTILE EXCHANGE ,3.869999885559082,-0.16112747688325968,128373,-1.0295087076598466,-158616,0.8815879466842126,0.016573658305771847,0.07433904252834227,0.15384608822937307,0.08785533918401445,-0.16916293353447154
2010-11-09,815270,110796,274078,383773,255904,023651,NATURAL GAS - NEW YORK MERCANTILE EXCHANGE ,4.210000038146973,-0.15684251842947736,127869,-0.06325960159002507,-163282,-0.5856533750378115,0.022051754244720383,0.043380430998196814,0.08785533918401445,-0.09311162859709077,-0.168585293219684
2010-11-16,781273,114981,282731,366005,234793,023651,NATURAL GAS - NEW YORK MERCANTILE EXCHANGE ,3.818000078201294,-0.16794641565752305,131212,0.41004820488917787,-167750,-0.5480392998638488,0.06471226601952736,0.03227963953815827,-0.09311162859709077,0.11681504757162431,-0.16833752347019837
2010-11-23,749109,115307,282315,353577,225971,023651,NATURAL GAS - NEW YORK MERCANTILE EXCHANGE ,4.263999938964844,-0.1703437016508946,127606,-0.46155441183811546,-167008,0.09497320398887456,0.03666650562162237,0.001866093928404364,0.11681504757162431,-0.01969983860895952,-0.16812986752454812
2010-11-30,758702,122410,292489,350424,218468,023651,NATURAL GAS - NEW YORK MERCANTILE EXCHANGE ,4.179999828338623,-0.1739233585782033,131956,0.5806898595531492,-170079,-0.4099536916523497,0.01873114756403676,0.041641459728753265,-0.01969983860895952,0.05095701107505679,-0.16798341702513306
2010-12-07,760786,117753,293654,343599,209312,023651,NATURAL GAS - NEW YORK MERCANTILE EXCHANGE ,4.39300012588501,-0.17651087165116078,134287,0.30723525178528593,-175901,-0.7673632071617051,0.028903385897549514,0.01415143641211744,0.05095701107505679,-0.03141361427033662,-0.16794168256331687
2010-12-14,785382,128700,311752,343373,209335,023651,NATURAL GAS - NEW YORK MERCANTILE EXCHANGE ,4.255000114440918,-0.17066599438235153,134038,-0.03272930889895451,-183052,-0.939948947535838,0.00045050912959465037,0.06594362155240525,-0.03141361427033662,-0.046063476829749095,-0.16834450760859823
2010-12-21,784807,134315,336411,338745,179315,023651,NATURAL GAS - NEW YORK MERCANTILE EXCHANGE ,4.059000015258789,-0.20314548672476163,159430,3.233076388305309,-202096,-2.4248072912289818,0.06688028413697256,0.06431342224563759,-0.046063476829749095,0.03867949353526767,-0.1691507913708975
2010-12-28,760034,130203,329827,331238,171470,023651,NATURAL GAS - NEW YORK MERCANTILE EXCHANGE ,4.216000080108643,-0.21021164842625462,159768,0.04306791351249416,-199624,0.31498190000853715,0.030538602926549807,0.023250657565810927,0.03867949353526767,0.10744783208184328,-0.17017104053930227
2011-01-04,767021,129330,309338,330084,196378,023651,NATURAL GAS - NEW YORK MERCANTILE EXCHANGE ,4.669000148773193,-0.17431856494150746,133706,-3.4290571211287917,-180008,2.5809371686003524,0.04950404777552796,0.048697420372582456,0.10744783208184328,-0.040265623514352034,-0.1703408779380594
2011-01-11,817792,138192,337227,367712,214527,023651,NATURAL GAS - NEW YORK MERCANTILE EXCHANGE ,4.480999946594238,-0.18731535647206135,153185,2.53956540955202,-199035,-2.480636123391667,0.09579743026489122,0.07730233751701131,-0.040265623514352034,-0.012497156109528063,-0.17073916136551556
2011-01-18,852133,138674,360237,387972,212942,023651,NATURAL GAS - NEW YORK MERCANTILE EXCHANGE ,4.425000190734863,-0.20540220834071676,175030,2.6712171310064172,-221563,-2.7547347002660825,0.036352955664204864,0.04708655451573527,-0.012497156109528063,0.010847425262648258,-0.17145794881364534
2011-01-25,836565,135290,345813,365949,203986,023651,NATURAL GAS - NEW YORK MERCANTILE EXCHANGE ,4.4730000495910645,-0.19360480058333782,161963,-1.5334460700383625,-210523,1.2955724047771886,0.054355321220840976,0.037014942746147916,0.010847425262648258,-0.028168997568482346,-0.1720937768664012
2011-02-01,831568,139589,358721,365181,192200,023651,NATURAL GAS - NEW YORK MERCANTILE EXCHANGE ,4.3470001220703125,-0.208017865045312,172981,1.317052470519326,-219132,-1.0290891921129859,0.022523193291482845,0.03453071381268688,-0.028168997568482346,-0.0706234533232708,-0.17306787869654483
2011-02-08,898069,143752,369006,390365,205217,023651,NATURAL GAS - NEW YORK MERCANTILE EXCHANGE ,4.039999961853027,-0.20616233273835308,185148,1.4631395147480422,-225254,-0.7361995651588324,0.06414062211416732,0.028177034780539748,-0.0706234533232708,-0.01584155739738502,-0.17413786109352744
2011-02-15,944994,136316,383152,422680,214044,023651,NATURAL GAS - NEW YORK MERCANTILE EXCHANGE ,3.9760000705718994,-0.22078023775812333,208636,2.6153892406930868,-246836,-2.4031561049318038,0.06461512366425641,0.04154635126706554,-0.01584155739738502,-0.027414478279774057,-0.1754181653577724
2011-02-22,960208,137154,394437,429669,205831,023651,NATURAL GAS - NEW YORK MERCANTILE EXCHANGE ,3.867000102996826,-0.23311407528368852,223838,1.6086874625658998,-257283,-1.1055096646116271,0.0239213217938631,0.022805126497626935,-0.027414478279774057,0.0015515395353729033,-0.1767182269462439
2011-03-01,982208,141913,401744,431574,202664,023651,NATURAL GAS - NEW YORK MERCANTILE EXCHANGE ,3.872999906539917,-0.23305654199517822,228910,0.5282188859080532,-259831,-0.2653591721793611,0.007996997972369994,0.022194140790976664,0.0015515395353729033,-0.0023237347640335804,-0.17790984730555534
2011-03-08,956442,132981,387495,440064,215092,023651,NATURAL GAS - NEW YORK MERCANTILE EXCHANGE ,3.864000082015991,-0.23521760859518925,224972,-0.4009334071805565,-254514,0.5413313676940119,0.03192827357148526,0.04453807668365112,-0.0023237347640335804,0.01992751063427667,-0.17922003974447126
2011-03-15,918567,130767,382918,425349,209561,023651,NATURAL GAS - NEW YORK MERCANTILE EXCHANGE ,3.940999984741211,-0.23491808436401482,215788,-0.9602255024350667,-252151,0.2470615050363744,0.03188798412373407,0.013220164108354342,0.01992751063427667,0.0794215182417739,-0.18027843101982127
2011-03-22,897569,126867,364494,406646,213924,023651,NATURAL GAS - NEW YORK MERCANTILE EXCHANGE ,4.254000186920166,-0.21471552604869376,192722,-2.5110852011883726,-237627,1.581158478369025,0.03716905425657057,0.04543299122233958,0.0794215182417739,-0.0032911178154267917,-0.18084433335248445
2011-03-29,873477,132168,333181,387553,229426,023651,NATURAL GAS - NEW YORK MERCANTILE EXCHANGE ,4.239999771118164,-0.18103166998100695,158127,-3.854299780852503,-201013,4.079240704614353,0.056071600492075095,0.07868073209569591,-0.0032911178154267917,-0.0021226002381486975,-0.18083519044188925
2011-04-05,906245,130282,330652,385850,235403,023651,NATURAL GAS - NEW YORK MERCANTILE EXCHANGE ,4.230999946594238,-0.16601139868357895,150447,-0.8792446738723515,-200370,0.07361384444009401,0.012362113341907403,0.009578377815479006,-0.0021226002381486975,-0.031434625072551126,-0.18042868590727457
2011-04-12,950482,136791,347240,404588,237000,023651,NATURAL GAS - NEW YORK MERCANTILE EXCHANGE ,4.0980000495910645,-0.17631896237908767,167588,1.8914311251372422,-210449,-1.1121716533608461,0.03169479479042626,0.047718018060826685,-0.031434625072551126,0.040019529611435845,-0.18008699154770502
2011-04-19,978580,134130,346262,406179,236330,023651,NATURAL GAS - NEW YORK MERCANTILE EXCHANGE ,4.26200008392334,-0.17356680087473686,169849,0.23787930755132658,-212132,-0.1770680559968521,0.0035190168542386176,0.007575063697979983,0.040019529611435845,0.02932895296541904,-0.17950087434785147
2011-04-26,930153,121021,323198,392554,235241,023651,NATURAL GAS - NEW YORK MERCANTILE EXCHANGE ,4.38700008392334,-0.1691259394959754,157313,-1.2810398741032925,-202177,1.0172903595005007,0.023437587110442103,0.08143055564935313,0.02932895296541904,0.0645087729557361,-0.17914232995284635
2011-05-03,1003421,167465,355265,398527,259600,023651,NATURAL GAS - NEW YORK MERCANTILE EXCHANGE ,4.670000076293945,-0.138453351085935,138927,-1.9766640541932348,-187800,1.5456596925452049,0.04608836896222158,0.15019417289996748,0.0645087729557361,-0.09079234610004394,-0.17787363986453686
2011-05-10,981157,135612,337087,413629,252000,023651,NATURAL GAS - NEW YORK MERCANTILE EXCHANGE ,4.245999813079834,-0.16473306514655656,161629,2.262460123916083,-201475,-1.3628377321184229,0.03410608612305053,0.10584113780651112,-0.09079234610004394,-0.01507292879886557,-0.17745111426893584
2011-05-17,956074,128391,326543,410713,246115,023651,NATURAL GAS - NEW YORK MERCANTILE EXCHANGE ,4.182000160217285,-0.17216031395059378,164598,0.30260192813178727,-198152,0.3386817807955302,0.013399246073553502,0.03904962038449533,-0.01507292879886557,0.03897647626247247,-0.17736105193679352
2011-05-24,915318,122424,314764,397363,240357,023651,NATURAL GAS - NEW YORK MERCANTILE EXCHANGE ,4.34499979019165,-0.17153164255482795,157006,-0.7940807929093355,-192340,0.60790273556231,0.0299629931631437,0.04059123306220665,0.03897647626247247,0.07387804710756263,-0.17712251735211873
2011-05-31,919093,118281,284954,384702,254092,023651,NATURAL GAS - NEW YORK MERCANTILE EXCHANGE ,4.665999889373779,-0.14210749075447207,130610,-2.883806502221086,-166673,2.804162050784536,0.04132161541905528,0.08420152020533932,0.07387804710756263,0.03536218726211149,-0.17651872180508596
2011-06-07,981615,167095,321255,373605,263909,023651,NATURAL GAS - NEW YORK MERCANTILE EXCHANGE ,4.830999851226807,-0.11175053355949124,109696,-2.2755042199211615,-154160,1.3614509086675668,0.03280555407410661,0.17429097983003994,0.03536218726211149,-0.051749121858597036,-0.17587670316816456
2011-06-14,1013660,172034,327871,372067,263907,023651,NATURAL GAS - NEW YORK MERCANTILE EXCHANGE ,4.580999851226807,-0.10670244460667284,108160,-0.15647682645436345,-155837,-0.17084091013279137,0.0024214826392273897,0.023114391734429543,-0.051749121858597036,-0.04213050557751685,-0.1753407887085858
2011-06-21,976498,139585,310462,378484,249520,023651,NATURAL GAS - NEW YORK MERCANTILE EXCHANGE ,4.388000011444092,-0.1320678588179392,128964,2.052364698222284,-170877,-1.483732217903439,0.033127177533901056,0.11078398478381146,-0.04213050557751685,-0.007064753247094768,-0.17511260957104596
2011-06-28,960530,135374,314772,379488,236853,023651,NATURAL GAS - NEW YORK MERCANTILE EXCHANGE ,4.35699987411499,-0.14849614275452094,142635,1.4000028673893854,-179398,-0.8726080340154306,0.02218090310396355,0.018929414012342664,-0.007064753247094768,0.0013771040016128389,-0.1749496710069401
2011-07-05,974776,143127,318652,381014,239285,023651,NATURAL GAS - NEW YORK MERCANTILE EXCHANGE ,4.36299991607666,-0.14539648083251946,141729,-0.09432292588466784,-175525,0.40321489177849734,0.006380793778484247,0.025191704256798165,0.0013771040016128389,-0.006875941679634012,-0.17501258382372067
2011-07-12,988230,148230,335433,406267,252141,023651,NATURAL GAS - NEW YORK MERCANTILE EXCHANGE ,4.333000183105469,-0.15596166884227355,154126,1.271779362643315,-187203,-1.1980188268894596,0.05788052393045042,0.04524638022755514,-0.006875941679634012,0.04615735075316718,-0.17504815788494993
2011-07-19,980563,138865,318063,383634,246461,023651,NATURAL GAS - NEW YORK MERCANTILE EXCHANGE ,4.5329999923706055,-0.13989208240572,137173,-1.715491332989284,-179198,0.810034101373162,0.04493449400487228,0.058510312346803,0.04615735075316718,-0.03595854998585157,-0.17470997526959883
2011-07-26,951287,135418,310399,376460,241874,023651,NATURAL GAS - NEW YORK MERCANTILE EXCHANGE ,4.369999885559082,-0.14147780848471597,134586,-0.2638280253283063,-174981,0.4300590579085688,0.019020464667962624,0.02492278221781583,-0.03595854998585157,-0.04919901175769159,-0.17431015024631308
2011-08-02,968004,152262,337176,385221,235548,023651,NATURAL GAS - NEW YORK MERCANTILE EXCHANGE ,4.15500020980835,-0.15462022884202958,149673,1.5859567091739926,-184914,-1.0441643794144144,0.024303726506961526,0.08912466951891762,-0.04919901175769159,-0.03874855442605274,-0.1744411155766113
2011-08-09,981087,150953,340381,414733,253624,023651,NATURAL GAS - NEW YORK MERCANTILE EXCHANGE ,3.99399995803833,-0.16421479440661227,161109,1.1814000768591866,-189428,-0.4663203871058384,0.07120146867617157,0.009187233124514077,-0.03874855442605274,-0.015523294163997892,-0.17477263946573407
2011-08-16,1000246,154431,344604,426353,264227,023651,NATURAL GAS - NEW YORK MERCANTILE EXCHANGE ,3.931999921798706,-0.16208612681280404,162126,0.10366053163480915,-190173,-0.07593618099108437,0.03218019635668568,0.01543178334184977,-0.015523294163997892,0.015513761427280892,-0.1749334032478604
2011-08-23,998590,156715,348803,425580,267011,023651,NATURAL GAS - NEW YORK MERCANTILE EXCHANGE ,3.993000030517578,-0.15879289798616048,158569,-0.35561251932024723,-192088,-0.19145290258596384,0.005135787210633693,0.012824469158368249,0.015513761427280892,-0.021036841969503506,-0.17494499041547737
2011-08-30,975210,148415,328110,414786,264957,023651,NATURAL GAS - NEW YORK MERCANTILE EXCHANGE ,3.908999919891357,-0.1536376780385763,149829,-0.8752340800528745,-179695,1.241049880331267,0.018901261211958047,0.06084255810293269,-0.021036841969503506,0.007418788555468847,-0.174843890729592
2011-09-06,977952,154491,337508,417854,266051,023651,NATURAL GAS - NEW YORK MERCANTILE EXCHANGE ,3.937999963760376,-0.1552254098360656,151803,0.2024179407512228,-183017,-0.3406445791162929,0.006085640549491523,0.031451283437567965,0.007418788555468847,0.010665326485428617,-0.17455773533106453
2011-09-13,952674,143100,326800,433503,283947,023651,NATURAL GAS - NEW YORK MERCANTILE EXCHANGE ,3.9800000190734863,-0.15698549556301525,149556,-0.22976587807990576,-183700,-0.06983982853964203,0.04675587148930239,0.04702915513939136,0.010665326485428617,-0.04572862334836736,-0.17417868553845553
2011-09-20,953117,147731,339421,432488,271397,023651,NATURAL GAS - NEW YORK MERCANTILE EXCHANGE ,3.79800009727478,-0.16901492681381194,161091,1.210802436090415,-191690,-0.8386919344917568,0.0192716139710322,0.035413998095050414,-0.04572862334836736,0.007635546263216053,-0.17392764805334085
2011-09-27,913905,140306,320891,414034,261037,023651,NATURAL GAS - NEW YORK MERCANTILE EXCHANGE ,3.82699990272522,-0.1674101793950137,152997,-0.8492136852033906,-180585,1.1651245335042812,0.04268291779679471,0.056277469281023076,0.007635546263216053,-0.04938591483802779,-0.1733608150457687
2011-10-04,938710,140128,308828,426340,281224,023651,NATURAL GAS - NEW YORK MERCANTILE EXCHANGE ,3.638000011444092,-0.1545908747110396,145116,-0.8623434602064766,-168700,1.3004633960860263,0.04592234766042365,0.02726547813148727,-0.04938591483802779,-0.0060472991526637765,-0.17301174843513134
2011-10-11,968457,143987,316081,424200,275772,023651,NATURAL GAS - NEW YORK MERCANTILE EXCHANGE ,3.615999937057495,-0.15326235444629963,148428,0.35282462102246703,-172094,-0.36156001320961745,0.010846148131639552,0.024152951302850882,-0.0060472991526637765,-0.017422556652930132,-0.1724145438599097
2011-10-18,996833,150030,318673,427966,276739,023651,NATURAL GAS - NEW YORK MERCANTILE EXCHANGE ,3.552999973297119,-0.1517074575179594,151227,0.28901644574823665,-168643,0.3563400336824454,0.006716285537920122,0.018423180564237907,-0.017422556652930132,0.029552496443181253,-0.17201425020212296
2011-10-25,977327,141160,310600,418265,267816,023651,NATURAL GAS - NEW YORK MERCANTILE EXCHANGE ,3.6579999923706055,-0.15393926495430904,150449,-0.07804717540450606,-169440,-0.07995321182183977,0.02714548282199915,0.037504427129449264,0.029552496443181253,0.03362490617727021,-0.17172334652085355
2011-11-01,960199,140665,303224,408797,263622,023651,NATURAL GAS - NEW YORK MERCANTILE EXCHANGE ,3.7809998989105225,-0.15119261736369233,145175,-0.5396351477038903,-162559,0.7040632255120344,0.02031768882199938,0.01773191045509125,0.03362490617727021,-0.00952129444960148,-0.17153229153009264
2011-11-08,971799,145853,306866,420507,267795,023651,NATURAL GAS - NEW YORK MERCANTILE EXCHANGE ,3.744999885559082,-0.1571436068569735,152712,0.7849414548442563,-161013,0.16100829098968028,0.023075626687122805,0.01950437246945677,-0.00952129444960148,-0.09105470016300321,-0.17153808169215987
2011-11-15,996935,167515,346126,425045,268313,023651,NATURAL GAS - NEW YORK MERCANTILE EXCHANGE ,3.4040000438690186,-0.15721386048237848,156732,0.41366578891313943,-178611,-1.8108682968391612,0.007292048263667542,0.11860813291773827,-0.09105470016300321,0.00323146822627729,-0.17133168640033014
2011-11-22,991038,177646,348667,419168,264544,023651,NATURAL GAS - NEW YORK MERCANTILE EXCHANGE ,3.414999961853028,-0.15602227159806184,154624,-0.21144808839091817,-171021,0.7613334871380782,0.014108279509501076,0.02407692760771632,0.00323146822627729,0.0638359992929125,-0.1710562742839295
2011-11-29,955095,167919,338431,408288,253953,023651,NATURAL GAS - NEW YORK MERCANTILE EXCHANGE ,3.632999897003174,-0.1615912553201514,154335,-0.029161343964610845,-170512,0.05136029092729038,0.0324217316656625,0.03942529870642836,0.0638359992929125,-0.04018714907415755,-0.1708191184520439
2011-12-06,943649,167830,334318,403549,254924,023651,NATURAL GAS - NEW YORK MERCANTILE EXCHANGE ,3.486999988555908,-0.15750029936978685,148625,-0.597846287542077,-166488,0.4213193451960276,0.008671578029774949,0.008368050853533222,-0.04018714907415755,-0.05965011338386317,-0.17045353052355594
2011-12-13,988215,173431,333803,419552,278499,023651,NATURAL GAS - NEW YORK MERCANTILE EXCHANGE ,3.2790000438690186,-0.14273513354887346,141053,-0.8024170003889158,-160372,0.6481223420996578,0.05669786305012098,0.012057551347110012,-0.05965011338386317,-0.04605063155473854,-0.16991639858445062
2011-12-20,994703,177072,334453,416204,280197,023651,NATURAL GAS - NEW YORK MERCANTILE EXCHANGE ,3.128000020980835,-0.1367312655134246,136007,-0.5106176287548763,-157381,0.30266692976730775,0.007245825321905052,0.008388641806363326,-0.04605063155473854,-0.005115099845782511,-0.16863920202269414
2011-12-27,1000237,179048,339639,414613,275228,023651,NATURAL GAS - NEW YORK MERCANTILE EXCHANGE ,3.111999988555908,-0.139351973582261,139385,0.3395988551356535,-160591,-0.32270939164755713,0.009509437682016581,0.013807941976567756,-0.005115099845782511,-0.038239061206922,-0.16727651596800192
2012-01-03,1016237,178941,336961,406192,268822,023651,NATURAL GAS - NEW YORK MERCANTILE EXCHANGE ,2.993000030517578,-0.1351751609122675,137370,-0.20145225581537177,-158020,0.2570390817376282,0.021965470345800236,0.0053983120825273016,-0.038239061206922,-0.01737388748618718,-0.16652375819820886
2012-01-10,1096284,214841,369876,413538,279834,023651,NATURAL GAS - NEW YORK MERCANTILE EXCHANGE ,2.940999984741211,-0.12196109767177118,133704,-0.3607426220458417,-155035,0.2937306947099938,0.02647640804647433,0.11768941214296831,-0.01737388748618718,-0.1540292659010033,-0.1652669455289725
2012-01-17,1134701,218296,373069,424081,294597,023651,NATURAL GAS - NEW YORK MERCANTILE EXCHANGE ,2.48799991607666,-0.114112880838212,129484,-0.3849367499662496,-154773,0.023898916704065735,0.03521187513740507,0.011241788066591698,-0.1540292659010033,0.026527325951556602,-0.16351138153853975
2012-01-24,1152540,246851,388047,428434,310222,023651,NATURAL GAS - NEW YORK MERCANTILE EXCHANGE ,2.553999900817871,-0.10256650528398147,118212,-0.9933894479691125,-141196,1.196526662089837,0.02704641944288004,0.068566919410677,0.026527325951556602,-0.019968630312281688,-0.1617606450904752
2012-01-31,1203330,267414,394317,447334,342918,023651,NATURAL GAS - NEW YORK MERCANTILE EXCHANGE ,2.503000020980835,-0.0867725395361206,104416,-1.1970083467818904,-126903,1.240130494386312,0.06529056554111853,0.04054970977632905,-0.019968630312281688,-0.012385192596584105,-0.15942900421529843
2012-02-07,1256019,265207,392053,476244,374648,023651,NATURAL GAS - NEW YORK MERCANTILE EXCHANGE ,2.4719998836517334,-0.08088731141805976,101596,-0.23434967963900177,-126846,0.00473685522674578,0.07126638868387528,0.006802483035632779,-0.012385192596584105,0.02427191910279758,-0.15701986918990818
2012-02-14,1262254,260620,386777,481293,378462,023651,NATURAL GAS - NEW YORK MERCANTILE EXCHANGE ,2.532000064849853,-0.08146617083407935,102831,0.09832653805396255,-126157,0.05485585807221069,0.010308750748759822,0.015234855892134193,0.02427191910279758,0.03712474733940141,-0.15434075251829193
2012-02-21,1252913,259208,384137,482942,382141,023651,NATURAL GAS - NEW YORK MERCANTILE EXCHANGE ,2.625999927520752,-0.0804533116026412,100801,-0.16082341588935348,-124929,0.09728628310942172,0.006158946598187688,0.006298331377410254,0.03712474733940141,-0.04074633551723306,-0.15140496860134872
2012-02-28,1204381,245919,377375,484555,377433,023651,NATURAL GAS - NEW YORK MERCANTILE EXCHANGE ,2.5190000534057617,-0.0889436150188354,107122,0.5045043031718882,-131456,-0.520945987470798,0.007333048719935777,0.03216940962050012,-0.04074633551723306,-0.06470825857710583,-0.148633566159496
2012-03-06,1216428,259947,385829,474903,374045,023651,NATURAL GAS - NEW YORK MERCANTILE EXCHANGE ,2.3559999465942383,-0.08291325092812728,100858,-0.52010119721251,-125882,0.46281035652339253,0.015360186960803253,0.03481392928817423,-0.06470825857710583,-0.024193515743115346,-0.14570463620436017
2012-03-13,1231889,257906,395875,465602,354063,023651,NATURAL GAS - NEW YORK MERCANTILE EXCHANGE ,2.299000024795532,-0.09054306029195812,111539,0.8780626555784642,-137969,-0.9936469729404453,0.03572557081246607,0.018487842259105113,-0.024193515743115346,0.01565898780477082,-0.1429281934337437
2012-03-20,1238679,264283,397583,469797,361101,023651,NATURAL GAS - NEW YORK MERCANTILE EXCHANGE ,2.3350000381469727,-0.08775154822193644,108696,-0.2307837800321295,-133300,0.37901142067183,0.013519108241926205,0.01221546355304548,0.01565898780477082,-0.054389760764573136,-0.14048657847553683
2012-03-27,1231442,259037,407778,474894,347106,023651,NATURAL GAS - NEW YORK MERCANTILE EXCHANGE ,2.2079999446868896,-0.10377102616282374,127788,1.541319421738804,-148741,-1.2465699345835362,0.023226277372262773,0.02315634771263394,-0.054389760764573136,-0.009510828339374555,-0.1390007968636487
2012-04-03,1234227,269827,393909,459219,354305,023651,NATURAL GAS - NEW YORK MERCANTILE EXCHANGE ,2.187000036239624,-0.0850038121026359,104914,-1.8574971456227738,-124082,2.0024491612272444,0.028117179087525382,0.03715181939807393,-0.009510828339374555,-0.07133065146049633,-0.13744295866016903
2012-04-10,1252198,275665,398225,450099,346313,023651,NATURAL GAS - NEW YORK MERCANTILE EXCHANGE ,2.0309998989105225,-0.08288305843005658,103786,-0.0913932364143711,-122560,0.12331605126123477,0.021486366353093624,0.01506774102598347,-0.07133065146049633,-0.039389427714382585,-0.1356461143534569
2012-04-17,1308103,286546,405587,469966,373494,023651,NATURAL GAS - NEW YORK MERCANTILE EXCHANGE ,1.950999975204468,-0.07374954418726966,96472,-0.5840929309901469,-119041,0.28102584415563675,0.05577976430417566,0.026357650913913944,-0.039389427714382585,0.012301408991496565,-0.13372655172485173
2012-04-24,1284741,275528,388836,470058,375085,023651,NATURAL GAS - NEW YORK MERCANTILE EXCHANGE ,1.975000023841858,-0.07392384924276567,94973,-0.1145934226891919,-113308,0.43826824034498807,0.0019913789737358058,0.041797869842435775,0.012301408991496565,0.20050634069676532,-0.1318957422969054
2012-05-01,1257703,258169,379970,477218,374140,023651,NATURAL GAS - NEW YORK MERCANTILE EXCHANGE ,2.371000051498413,-0.08195734605069718,103078,0.6308664547951689,-121801,-0.6610670944571707,0.009520084382833074,0.04109606214320077,0.20050634069676532,0.009278715938497939,-0.13080928066161238
2012-05-08,1226562,255704,369474,461398,367383,023651,NATURAL GAS - NEW YORK MERCANTILE EXCHANGE ,2.3929998874664307,-0.07664920322005736,94015,-0.7205993783906057,-113770,0.6385450301064719,0.027241213300015325,0.020731695613089393,0.009278715938497939,0.04471379756179372,-0.1291153602399489
2012-05-15,1222589,255100,364524,451715,368015,023651,NATURAL GAS - NEW YORK MERCANTILE EXCHANGE ,2.5,-0.06846127357599324,83700,-0.840968495681425,-109424,0.3543237113166721,0.012583411611140254,0.008963500445431424,0.04471379756179372,0.08280000686645517,-0.12712114792505275
2012-05-22,1210292,240769,356450,446406,357093,023651,NATURAL GAS - NEW YORK MERCANTILE EXCHANGE ,2.7070000171661377,-0.07379458841337462,89313,0.45910768050424144,-115681,-0.5117827822759734,0.020200398507029878,0.037515551246695096,0.08280000686645517,-0.1026967545568378,-0.12524158919156325
2012-05-29,1207028,235471,335706,427593,350648,023651,NATURAL GAS - NEW YORK MERCANTILE EXCHANGE ,2.428999900817871,-0.06374748555957277,76945,-1.0219021525383958,-100235,1.2762209450281419,0.032455242013720687,0.045593572570324085,-0.1026967545568378,0.006998846874606057,-0.12373466601473827
2012-06-05,1206991,246358,341760,420454,343166,023651,NATURAL GAS - NEW YORK MERCANTILE EXCHANGE ,2.446000099182129,-0.06403361748347751,77288,0.028416904993090464,-95402,0.4004049616081814,0.019146957911002856,0.028805443805494817,0.006998846874606057,-0.08748977022532212,-0.12281703301327646
2012-06-12,1176268,253212,355610,426407,336737,023651,NATURAL GAS - NEW YORK MERCANTILE EXCHANGE ,2.2320001125335693,-0.0762326272584139,89670,1.0258568622301243,-102398,-0.5796232117720844,0.01622498506179699,0.03400665547565627,-0.08748977022532212,0.1402329516037013,-0.1222310749873484
2012-06-19,1185328,243207,356902,458600,365216,023651,NATURAL GAS - NEW YORK MERCANTILE EXCHANGE ,2.5450000762939453,-0.07878325661757758,93384,0.31574437118071735,-113695,-0.9604103826678954,0.07364751352243705,0.018824913474052213,0.1402329516037013,0.08722981414405773,-0.12120637109887993
2012-06-26,1145017,229354,339431,458401,369916,023651,NATURAL GAS - NEW YORK MERCANTILE EXCHANGE ,2.7669999599456787,-0.07727832861870174,88485,-0.41330332194970504,-110077,0.3052319695476695,0.0059144023363036135,0.05507177580280774,0.08722981414405773,0.04770508543303831,-0.11983679775011417
2012-07-03,1115630,236916,327800,432862,365854,023651,NATURAL GAS - NEW YORK MERCANTILE EXCHANGE ,2.8989999294281006,-0.060062924087735184,67008,-1.8756926753052576,-90884,1.6762196543806773,0.03706073247562337,0.033986995233002075,0.04770508543303831,-0.05588131935696561,-0.11819576781271449
2012-07-10,1116158,233093,314881,421349,367705,023651,NATURAL GAS - NEW YORK MERCANTILE EXCHANGE ,2.736999988555908,-0.04806129598139332,53644,-1.197888188736409,-81788,0.8153240769789268,0.016936736902670793,0.03055254446378843,-0.05588131935696561,0.02155645433156117,-0.11612076064231293
2012-07-17,1117917,234178,310222,417344,369036,023651,NATURAL GAS - NEW YORK MERCANTILE EXCHANGE ,2.7960000038146973,-0.043212510409985715,48308,-0.47806851718125926,-76044,0.5146224817633346,0.006785523538238511,0.010551065393093313,0.02155645433156117,0.1398426437380076,-0.11426153810393343
2012-07-24,1123235,242714,315089,390047,348028,023651,NATURAL GAS - NEW YORK MERCANTILE EXCHANGE ,3.187000036239624,-0.037408912649623635,42019,-0.5625641259592618,-72375,0.32819967850922743,0.06544727839311723,0.024028196334548217,0.1398426437380076,0.006903066876822184,-0.1122602131840278
2012-07-31,1126758,238827,314239,379629,339018,023651,NATURAL GAS - NEW YORK MERCANTILE EXCHANGE ,3.2090001106262207,-0.03604234449633373,40611,-0.12535221925954942,-75412,-0.27037975134321846,0.027034134978647376,0.008564981394625595,0.006903066876822184,-0.0763478078939206,-0.10997986925430288
2012-08-07,1112252,236197,309297,374518,337137,023651,NATURAL GAS - NEW YORK MERCANTILE EXCHANGE ,2.96399998664856,-0.03360839090421955,37381,-0.28666315215867116,-73100,0.205190466808312,0.009824985421306673,0.01388099594129358,-0.0763478078939206,-0.043859607492553354,-0.10746820764848765
2012-08-14,1076707,232567,299042,394424,364439,023651,NATURAL GAS - NEW YORK MERCANTILE EXCHANGE ,2.8340001106262207,-0.02784880194890532,29985,-0.6649572219245279,-66475,0.5956383984924281,0.0622088571982031,0.026118820411242097,-0.043859607492553354,-0.020818635481898995,-0.10488672063187421
2012-08-21,1086018,238134,304511,393253,357942,023651,NATURAL GAS - NEW YORK MERCANTILE EXCHANGE ,2.775000095367432,-0.03251419405571547,35311,0.4946563921289636,-66377,0.009101826216417279,0.010207735674491977,0.020337421334389885,-0.020818635481898995,-0.05801802083546348,-0.1024582840178272
2012-08-28,1080414,253789,332640,395724,348222,023651,NATURAL GAS - NEW YORK MERCANTILE EXCHANGE ,2.614000082015991,-0.043966479516185465,47502,1.122541247014322,-78851,-1.14859974696552,0.016386942062999198,0.0746620648023887,-0.05801802083546348,0.09181331369800438,-0.1003492225077812
2012-09-04,1101920,246921,337313,398664,334429,023651,NATURAL GAS - NEW YORK MERCANTILE EXCHANGE ,2.8540000915527344,-0.058293705532162045,64235,1.5487581612233827,-90392,-1.0682016338181475,0.022825207715801404,0.019754071142727057,0.09181331369800438,0.048353190966091475,-0.09848515127116768
2012-09-11,1133496,246255,349969,418552,345844,023651,NATURAL GAS - NEW YORK MERCANTILE EXCHANGE ,2.992000102996826,-0.06414491096572021,72708,0.7689305938725135,-103714,-1.2089806882532308,0.04095128702923616,0.022343951266638042,0.048353190966091475,-0.07319521843268795,-0.09669975541352739
2012-09-18,1122990,239264,328957,397629,342382,023651,NATURAL GAS - NEW YORK MERCANTILE EXCHANGE ,2.7730000019073486,-0.04919634190865457,55247,-1.5404553699351387,-89693,1.2369695173163382,0.032952212872511356,0.04928188152145028,-0.07319521843268795,0.054453668512196574,-0.09439555185765898
2012-09-25,1067076,232956,326499,390149,330029,023651,NATURAL GAS - NEW YORK MERCANTILE EXCHANGE ,2.924000024795532,-0.056340879187611756,60120,0.4339308453325497,-93543,-0.34283475364874133,0.027539025074356616,0.01566882054856959,0.054453668512196574,0.20759229444857374,-0.09225960377674738
2012-10-02,1147792,251022,304927,395929,379208,023651,NATURAL GAS - NEW YORK MERCANTILE EXCHANGE ,3.5309998989105225,-0.014567970503366464,16721,-4.067095502101068,-53905,3.7146370080481614,0.07090230501188823,0.07129790682238839,0.20759229444857374,-0.018125146732763997,-0.08956685561890754
2012-10-09,1187378,263022,317521,408058,398658,023651,NATURAL GAS - NEW YORK MERCANTILE EXCHANGE ,3.4670000076293945,-0.00791660280045613,9400,-0.6378333356566347,-54499,-0.051751536863822015,0.03914512666167524,0.04236378700630272,-0.018125146732763997,-0.008653005862057528,-0.0867717450103336
2012-10-16,1188592,273211,334323,429435,413685,023651,NATURAL GAS - NEW YORK MERCANTILE EXCHANGE ,3.437000036239624,-0.013250972579320742,15750,0.5347917849244301,-61112,-0.5569414289299617,0.043177720846380115,0.04442714317223398,-0.008653005862057528,0.028513252417152968,-0.08410912029997518
2012-10-23,1204690,284506,343712,430116,416280,023651,NATURAL GAS - NEW YORK MERCANTILE EXCHANGE ,3.5350000858306885,-0.01148511235255543,13836,-0.1610308667734597,-59206,0.16035780149958942,0.0038705286886989067,0.03292487639641016,0.028513252417152968,-0.03818952961398103,-0.08136961736532608
2012-10-30,1183848,277599,326603,422414,414566,023651,NATURAL GAS - NEW YORK MERCANTILE EXCHANGE ,3.400000095367432,-0.006629229428102256,7848,-0.49705733425196524,-49004,0.8468568677419087,0.011249970130708022,0.03974829609964879,-0.03818952961398103,0.06382352986550233,-0.07858955221271859
2012-11-06,1175941,258009,316049,409486,389772,023651,NATURAL GAS - NEW YORK MERCANTILE EXCHANGE ,3.617000102996826,-0.016764446515598996,19714,1.0023246227556242,-58040,-0.7632736635108561,0.047196274544640156,0.052510373516264905,0.06382352986550233,0.0337296034130834,-0.07588995297538445
2012-11-13,1150704,231320,309087,403467,363038,023651,NATURAL GAS - NEW YORK MERCANTILE EXCHANGE ,3.739000082015991,-0.035134143967519016,40429,1.7615679698216153,-77767,-1.6775501491996623,0.04273031487074448,0.06226973373771991,0.0337296034130834,0.024872942794909703,-0.07354226611932946
2012-11-20,1156533,243599,325276,396889,352885,023651,NATURAL GAS - NEW YORK MERCANTILE EXCHANGE ,3.8320000171661377,-0.0380482009592463,44004,0.3106793754084456,-81677,-0.3397919882089573,0.022314724170216627,0.050042627993847504,0.024872942794909703,-0.016440491513088795,-0.07127353399165993
2012-11-27,1164799,257037,348453,395075,341635,023651,NATURAL GAS - NEW YORK MERCANTILE EXCHANGE ,3.7690000534057617,-0.04587916026713622,53440,0.8158867926812292,-91416,-0.8420857857060714,0.017732893540198993,0.06047168409057127,-0.016440491513088795,-0.061024148531293454,-0.06904830139448656
2012-12-04,1152312,239717,356326,401957,315942,023651,NATURAL GAS - NEW YORK MERCANTILE EXCHANGE ,3.5390000343322754,-0.07464558209929255,86015,2.796619845999181,-116609,-2.162862433776128,0.04537546367943123,0.042267084757307775,-0.061024148531293454,-0.035885869519084346,-0.06745494144697706
2012-12-11,1137704,239042,365199,413719,318533,023651,NATURAL GAS - NEW YORK MERCANTILE EXCHANGE ,3.4119999408721924,-0.08366499546454965,95186,0.7958781996542603,-126157,-0.8285950332895953,0.019601175551586067,0.015801642060038958,-0.035885869519084346,0.0017585117425693575,-0.06631897725304775
2012-12-18,1167143,249661,386085,446376,333968,023651,NATURAL GAS - NEW YORK MERCANTILE EXCHANGE ,3.4179999828338623,-0.09631039212847098,112408,1.51375050100905,-136424,-0.9024315639217231,0.06162923018566171,0.0495559547366401,0.0017585117425693575,-0.058513764976059424,-0.06554165276487557
2013-01-08,1175043,250723,403704,461718,325221,023651,NATURAL GAS - NEW YORK MERCANTILE EXCHANGE ,3.2179999351501465,-0.11616340848802979,136497,2.063928755945073,-152981,-1.418592237626409,0.03061101305183756,0.028545582624188794,-0.058513764976059424,0.07364822664138737,-0.06509571882075574
2013-01-15,1174780,243956,396253,454056,313971,023651,NATURAL GAS - NEW YORK MERCANTILE EXCHANGE ,3.4549999237060547,-0.11924360305759377,140085,0.3053505275977135,-152297,0.058210635695885166,0.024624134307778243,0.022208372578329888,0.07364822664138737,0.029811914994631206,-0.06478934270816586
2013-01-22,1174981,242985,392431,444231,310550,023651,NATURAL GAS - NEW YORK MERCANTILE EXCHANGE ,3.558000087738037,-0.11377290356184483,133681,-0.5451233422428029,-149446,0.24268373652939274,0.01754946136693955,0.00754308988127463,0.029811914994631206,-0.0933108513151284,-0.06463187743682111
2013-01-29,1146846,251798,397723,431544,305364,023651,NATURAL GAS - NEW YORK MERCANTILE EXCHANGE ,3.2260000705718994,-0.11002349051223966,126180,-0.6383933016789207,-145925,0.29966442010551664,0.024254045281093435,0.021716003023766747,-0.0933108513151284,0.053626737467966645,-0.0645532353151678
2013-02-05,1201259,248555,393310,449445,323137,023651,NATURAL GAS - NEW YORK MERCANTILE EXCHANGE ,3.3989999294281006,-0.10514635062047402,126308,0.0111610451621229,-144755,0.10201892843502965,0.046175033847539806,0.011927741814867613,0.053626737467966645,-0.04972048068946244,-0.06460284772548497
2013-02-12,1193809,259288,397943,449247,324807,023651,NATURAL GAS - NEW YORK MERCANTILE EXCHANGE ,3.2300000190734863,-0.10423778008039812,124440,-0.15550351755949382,-138655,0.50780056590627,0.0024132683249489056,0.023379907521099887,-0.04972048068946244,0.013003113023249524,-0.06493871773595185
2013-02-19,1199688,258376,404478,447663,317194,023651,NATURAL GAS - NEW YORK MERCANTILE EXCHANGE ,3.2720000743865967,-0.1087524423016651,130469,0.5050221601612989,-146102,-0.623801629908972,0.01202446993359543,0.011234751544080598,0.013003113023249524,0.04737162832089137,-0.06547458563755965
2013-02-26,1201674,246306,382779,455478,331629,023651,NATURAL GAS - NEW YORK MERCANTILE EXCHANGE ,3.427000045776367,-0.10306372610208758,123849,-0.5518101373023653,-136473,0.8026253492574736,0.02826807536967655,0.05367955045820517,0.04737162832089137,0.029763640714963513,-0.0658899232388675
2013-03-05,1236980,253351,386331,463748,348291,023651,NATURAL GAS - NEW YORK MERCANTILE EXCHANGE ,3.5290000438690186,-0.09333780659347767,115457,-0.6983591223576444,-132980,0.29067783774967254,0.030702958848035623,0.016566043752989767,0.029763640714963513,0.032870483314111354,-0.06613770198869126
2013-03-12,1272844,273087,400121,476228,373735,023651,NATURAL GAS - NEW YORK MERCANTILE EXCHANGE ,3.6449999809265137,-0.08052282919195125,102493,-1.0480363465860403,-127034,0.4806868340636065,0.04461841280149842,0.049800358878682366,0.032870483314111354,0.08888892232054468,-0.06597576379971272
2013-03-19,1340116,324380,433294,455588,378612,023651,NATURAL GAS - NEW YORK MERCANTILE EXCHANGE ,3.9690001010894775,-0.05743980371848407,76976,-2.0047232810933626,-108914,1.4235837227499992,0.030588587868616637,0.11148066318759783,0.08888892232054468,0.0017636606964308577,-0.0654858898149119
2013-03-26,1407669,353090,423042,451443,412870,023651,NATURAL GAS - NEW YORK MERCANTILE EXCHANGE ,3.9760000705718994,-0.027402038405335345,38573,-2.8656474514146537,-69952,2.9073602583656935,0.04443182041690915,0.05020022367329269,0.0017636606964308577,-0.0017605556735855732,-0.0642716393940153
2013-04-02,1459808,357977,415931,461092,436904,023651,NATURAL GAS - NEW YORK MERCANTILE EXCHANGE ,3.9690001010894775,-0.016569302264407375,24188,-1.0219021659211078,-57954,0.8523310522573133,0.0375090757642573,0.015503134739529764,-0.0017605556735855732,0.012093750580052687,-0.06290275004867821
2013-04-09,1517970,364229,419681,468715,453811,023651,NATURAL GAS - NEW YORK MERCANTILE EXCHANGE ,4.017000198364258,-0.00981837585723038,14904,-0.6359740459019267,-55452,0.17139240228852012,0.026590036486776523,0.012759117755864831,0.012093750580052687,0.03559861637698747,-0.06109596831203217
2013-04-16,1564250,366661,427827,500248,481534,023651,NATURAL GAS - NEW YORK MERCANTILE EXCHANGE ,4.159999847412109,-0.011963560811890683,18714,0.25099310263048674,-61166,-0.37642377649097153,0.060355557547398506,0.013314235079699126,0.03559861637698747,0.018750017193648105,-0.059691348094902466
2013-04-23,1573733,365201,421672,509824,494258,023651,NATURAL GAS - NEW YORK MERCANTILE EXCHANGE ,4.23799991607666,-0.009891131468934057,15566,-0.2012466038037398,-56471,0.3001438389004315,0.022209341468127104,0.009677546440149808,0.018750017193648105,0.024775842650485602,-0.058287657191803954
2013-04-30,1559802,364006,419565,502403,485763,023651,NATURAL GAS - NEW YORK MERCANTILE EXCHANGE ,4.3429999351501465,-0.010668020684676646,16640,0.06824537580390067,-55559,0.05795138057091006,0.016106605570319156,0.004214040591088746,0.024775842650485602,-0.09739808085941815,-0.05707455097060024
2013-05-07,1537414,354869,404473,475103,459939,023651,NATURAL GAS - NEW YORK MERCANTILE EXCHANGE ,3.920000076293945,-0.009863315931817974,15164,-0.0946273950155212,-49604,0.3817792258248162,0.056814560201573834,0.03190788867203447,-0.09739808085941815,0.02653063508382858,-0.055842617637697406
2013-05-14,1507390,336788,392798,469043,446197,023651,NATURAL GAS - NEW YORK MERCANTILE EXCHANGE ,4.02400016784668,-0.01515599811594876,22846,0.49967022545651335,-56010,-0.4166737131312711,0.02163585507626415,0.0407847738306382,0.02653063508382858,0.04174943772559114,-0.05455797633125993
2013-05-21,1490834,318291,389542,476787,440681,023651,NATURAL GAS - NEW YORK MERCANTILE EXCHANGE ,4.191999912261963,-0.02421865881781607,36106,0.8796661779632344,-71251,-1.011085385998315,0.014452820152855468,0.03073182516214983,0.04174943772559114,-0.004293923249463316,-0.05354969663121683
2013-05-28,1498148,342746,407921,469243,437098,023651,NATURAL GAS - NEW YORK MERCANTILE EXCHANGE ,4.173999786376953,-0.02145649161498063,32145,-0.2656902109825775,-65175,0.4075571123277307,0.012276836201826907,0.05706125352519826,-0.004293923249463316,-0.04216576158232266,-0.05264575851658197
2013-06-04,1460034,341448,405144,466988,438494,023651,NATURAL GAS - NEW YORK MERCANTILE EXCHANGE ,3.997999906539917,-0.019515983874348133,28494,-0.24370088936473566,-63696,0.09872188862515587,0.004032106657006987,0.005458135099224208,-0.04216576158232266,-0.06853425108387134,-0.05160193919852377
2013-06-11,1433839,324571,398319,485075,438241,023651,NATURAL GAS - NEW YORK MERCANTILE EXCHANGE ,3.723999977111816,-0.03266336039122942,46834,1.2561351310996867,-73748,-0.6884771176561642,0.019863188767442565,0.032787837706981696,-0.06853425108387134,0.04860365074930284,-0.05100416756067101
2013-06-18,1442807,310081,396506,503747,440696,023651,NATURAL GAS - NEW YORK MERCANTILE EXCHANGE ,3.9049999713897705,-0.043700231562502814,63051,1.131019591460408,-86425,-0.8841299476440521,0.022369798918515992,0.023072884160053892,0.04860365074930284,-0.06606911623391198,-0.050613140908344574
2013-06-25,1408440,313408,397595,494503,428999,023651,NATURAL GAS - NEW YORK MERCANTILE EXCHANGE ,3.6470000743865967,-0.046508193462270316,65504,0.17001580946030898,-84187,0.1551143014970124,0.022675641200560474,0.006210944257619166,-0.06606911623391198,0.0019193773895382904,-0.050041517181495666
2013-07-02,1388993,312228,413389,496515,416360,023651,NATURAL GAS - NEW YORK MERCANTILE EXCHANGE ,3.6540000438690186,-0.057707274262721264,80155,1.0402289057396836,-101161,-1.2051631592400103,0.01604929481035191,0.02339250596389004,0.0019193773895382904,0.000821023794421949,-0.04963620982851765
2013-07-09,1380105,322578,424990,492512,408650,023651,NATURAL GAS - NEW YORK MERCANTILE EXCHANGE ,3.6570000648498535,-0.06076494179790668,83862,0.2668839943757816,-102412,-0.09006524870895677,0.012997663017304324,0.029363215118892193,0.000821023794421949,0.005468958318800343,-0.049318644697348514
2013-07-16,1406912,313813,421421,508789,421318,023651,NATURAL GAS - NEW YORK MERCANTILE EXCHANGE ,3.677000045776367,-0.06217233202929536,87471,0.2615018422511331,-107608,-0.3764930929168433,0.031120075432181458,0.01677561157400229,0.005468958318800343,0.01794941091094704,-0.049359210234686215
2013-07-23,1399786,301896,406214,512891,430308,023651,NATURAL GAS - NEW YORK MERCANTILE EXCHANGE ,3.743000030517578,-0.05899687523664331,82583,-0.34742755765819044,-104318,0.2338454715007051,0.013880421840990077,0.03830478315515951,0.01794941091094704,-0.08308846010772464,-0.04956950983574871
2013-07-30,1368913,313815,426094,512460,420029,023651,NATURAL GAS - NEW YORK MERCANTILE EXCHANGE ,3.431999921798706,-0.0675214568055092,92431,0.7035361119485407,-112279,-0.5687297915538518,0.011485390176184385,0.04297690661959781,-0.08308846010772464,-0.03321673840180772,-0.05003698957412417
2013-08-06,1368006,311454,436962,511498,404772,023651,NATURAL GAS - NEW YORK MERCANTILE EXCHANGE ,3.318000078201294,-0.07801573969704811,106726,1.0442592042007053,-125508,-0.9663871991865078,0.01770111430036998,0.017675998375235164,-0.03321673840180772,-0.009945747918274628,-0.050817890094266946
2013-08-13,1370250,312910,442896,505316,392031,023651,NATURAL GAS - NEW YORK MERCANTILE EXCHANGE ,3.2850000858306885,-0.08267469439883234,113285,0.4794569614460755,-129986,-0.3273377455946831,0.021087717460469585,0.009777641352410538,-0.009945747918274628,0.04840180083318035,-0.05171466605393038
2013-08-20,1363235,296145,431017,498017,381535,023651,NATURAL GAS - NEW YORK MERCANTILE EXCHANGE ,3.444000005722046,-0.08544528272821633,116482,0.23331508848750226,-134872,-0.3565772669220945,0.020231890780761114,0.03939149735547237,0.04840180083318035,0.02613237921596423,-0.052711529358238016
2013-08-27,1328438,285830,422213,495863,378021,023651,NATURAL GAS - NEW YORK MERCANTILE EXCHANGE ,3.5339999198913574,-0.08870718844236615,117842,0.09976269682043082,-136383,-0.11083929036446395,0.006485986698463411,0.027002597299881505,0.02613237921596423,0.03735143533519936,-0.05388188294465072
2013-09-03,1328801,291017,433513,501074,383114,023651,NATURAL GAS - NEW YORK MERCANTILE EXCHANGE ,3.6659998893737793,-0.08877175739632948,117960,0.00888261251183721,-142496,-0.46016449393949893,0.011653630223436644,0.02275544145860075,0.03735143533519936,-0.02236764354119103,-0.05496375916273945
2013-09-10,1306595,293602,442856,489321,366485,023651,NATURAL GAS - NEW YORK MERCANTILE EXCHANGE ,3.5840001106262207,-0.09401229914395814,122836,0.36694734576509197,-149254,-0.5085787864398056,0.03316405820945401,0.01619644297434477,-0.02236764354119103,0.04492181081566149,-0.05592617877096585
2013-09-17,1325431,294309,443888,474495,358024,023651,NATURAL GAS - NEW YORK MERCANTILE EXCHANGE ,3.744999885559082,-0.0878740575707072,116471,-0.4871440652994999,-149579,-0.02487381323210329,0.027971733978443734,0.002355739728012983,0.04492181081566149,-0.06755668632670364,-0.05649503169478402
2013-09-24,1284673,298784,432257,469251,360319,023651,NATURAL GAS - NEW YORK MERCANTILE EXCHANGE ,3.492000102996826,-0.08479356225280675,108932,-0.5687961123589232,-133473,1.215151901532407,0.00908784068854949,0.022031596039073047,-0.06755668632670364,0.033505114870368224,-0.05689212114261261
2013-10-01,1275792,297068,439295,484691,363684,023651,NATURAL GAS - NEW YORK MERCANTILE EXCHANGE ,3.608999967575073,-0.09484853330323438,121007,0.939927903832337,-142227,-0.681418539970872,0.022165905407396495,0.011888158421865302,0.033505114870368224,0.029648133415048017,-0.05777004790020069
2013-10-08,1246549,288346,433488,472059,346853,023651,NATURAL GAS - NEW YORK MERCANTILE EXCHANGE ,3.7160000801086426,-0.10044210055120176,125206,0.3291288862134267,-145142,-0.22848552115078322,0.03597822476651948,0.02012789644156413,0.029648133415048017,0.019913853646155166,-0.05861814831103896
2013-10-15,1266770,276438,403635,486650,385418,023651,NATURAL GAS - NEW YORK MERCANTILE EXCHANGE ,3.7899999618530273,-0.07991348074236049,101232,-1.9232296524244135,-127197,1.4395743769398557,0.06095396230569176,0.06140664311037197,0.019913853646155166,-0.055145085570253216,-0.05987479273871192
2013-10-22,1261740,281692,404066,482910,384536,023651,NATURAL GAS - NEW YORK MERCANTILE EXCHANGE ,3.5810000896453857,-0.07796693455069982,98374,-0.22561317366214861,-122374,0.38073209817093867,0.005328285564749852,0.008290096506347721,-0.055145085570253216,-0.023457165183857653,-0.06122191450313968
2013-10-29,1261896,290557,415646,482697,377880,023651,NATURAL GAS - NEW YORK MERCANTILE EXCHANGE ,3.496999979019165,-0.0830631050419369,104817,0.5106440312584208,-125089,-0.21517903847068334,0.007981854035141539,0.028950599190317797,-0.023457165183857653,-0.008864712352448234,-0.06256445551203614
2013-11-05,1278043,303300,459147,465790,327831,023651,NATURAL GAS - NEW YORK MERCANTILE EXCHANGE ,3.4660000801086426,-0.10794550731078688,137959,2.626365405706968,-155847,-2.4374433392292234,0.08436772716447775,0.07376775041412714,-0.008864712352448234,0.04356607599485418,-0.06441946310738675
2013-11-12,1279355,293480,462541,476979,324199,023651,NATURAL GAS - NEW YORK MERCANTILE EXCHANGE ,3.617000102996826,-0.11941955125825122,152780,1.1596636419901365,-169061,-1.0339245236662618,0.0184990102074695,0.017478350469100727,0.04356607599485418,-0.016864834664597095,-0.06658850775796654
2013-11-19,1279061,287484,455775,468705,317828,023651,NATURAL GAS - NEW YORK MERCANTILE EXCHANGE ,3.555999994277954,-0.11795919037481402,150877,-0.14874682945703108,-168291,0.06018657839301836,0.018619689192951854,0.017170326898160667,-0.016864834664597095,0.07367831393277013,-0.0685345605244899
2013-11-26,1240883,277713,439908,452326,313053,023651,NATURAL GAS - NEW YORK MERCANTILE EXCHANGE ,3.818000078201294,-0.11223701186977338,139273,-0.9072280368176342,-162195,0.4765996305101946,0.027638594735418662,0.035726379244754546,0.07367831393277013,0.0413829201504472,-0.07001730798414864
2013-12-03,1267787,286532,435967,457499,340612,023651,NATURAL GAS - NEW YORK MERCANTILE EXCHANGE ,3.9760000705718994,-0.09219766411865715,116887,-1.804037931053935,-149435,1.028300008945243,0.04101183920532357,0.017660924098164842,0.0413829201504472,0.06564384138616663,-0.0710586438141373
2013-12-10,1308411,304219,450403,470349,369447,023651,NATURAL GAS - NEW YORK MERCANTILE EXCHANGE ,4.236999988555908,-0.0771179698122379,100902,-1.2608584880583253,-146184,0.2564310881875268,0.04963705471328751,0.04256833222461047,0.06564384138616663,0.011800847502929868,-0.07165939015154311
2013-12-17,1321483,335306,466670,463754,380782,023651,NATURAL GAS - NEW YORK MERCANTILE EXCHANGE ,4.287000179290772,-0.06278703547453883,82972,-1.3703645108455982,-131364,1.1326716146531939,0.021230592893612586,0.059046654762736045,0.011800847502929868,0.030090903822716397,-0.07143134117799016
2013-12-24,1294536,330899,443212,431145,365577,023651,NATURAL GAS - NEW YORK MERCANTILE EXCHANGE ,4.415999889373779,-0.050649808116576135,65568,-1.3170052130825747,-112313,1.4416379174003753,0.0600134049266871,0.03599612975400169,0.030090903822716397,-0.04211953690213277,-0.07079643372899067
2013-12-31,1291380,342028,447080,418597,359846,023651,NATURAL GAS - NEW YORK MERCANTILE EXCHANGE ,4.230000019073486,-0.045494742058882744,58751,-0.5265979470636584,-105052,0.5608959503636824,0.023481488047294406,0.019005003117444,-0.04211953690213277,0.01631200165303537,-0.06981920968919089
2014-01-07,1308426,332041,439899,426579,366509,023651,NATURAL GAS - NEW YORK MERCANTILE EXCHANGE ,4.298999786376953,-0.04591012407274084,60070,0.10213879725564899,-107858,-0.21728693335811303,0.018465794464170432,0.022240070471798327,0.01631200165303537,0.016282897217906322,-0.06846818498889687
2014-01-14,1275849,305713,368858,386369,370238,023651,NATURAL GAS - NEW YORK MERCANTILE EXCHANGE ,4.36899995803833,-0.012643345725081887,16131,-3.358157052825303,-63145,3.417312098658999,0.05807374237880432,0.14434210779888254,0.016282897217906322,0.014190953365456505,-0.06641818004019472
2014-01-21,1287601,322984,371697,379827,376801,023651,NATURAL GAS - NEW YORK MERCANTILE EXCHANGE ,4.431000232696533,-0.002350106904235085,3026,-1.0271591700898774,-48713,1.1311683435892492,0.017320268348514727,0.028948538969685366,0.014190953365456505,0.13586091809065848,-0.06427543395062531
2014-01-28,1257253,327146,369148,372337,373788,023651,NATURAL GAS - NEW YORK MERCANTILE EXCHANGE ,5.0329999923706055,0.001154103430256281,-1451,-0.34770087938732575,-42002,0.5212018319339609,0.014076729770480818,0.009638170083326871,0.13586091809065848,0.06795152158708984,-0.062137403297885
2014-02-04,1258638,323237,373877,365697,360896,023651,NATURAL GAS - NEW YORK MERCANTILE EXCHANGE ,5.375,-0.003814440689062304,4801,0.4972746137809971,-50640,-0.6870534411132843,0.02688162423805349,0.012391086680227337,0.06795152158708984,-0.10251164990802142,-0.06018871272228092
2014-02-11,1280849,335806,383322,357900,360233,023651,NATURAL GAS - NEW YORK MERCANTILE EXCHANGE ,4.823999881744385,0.0018214481176157377,-2333,-0.5668031634195058,-47516,0.24820480551198992,0.011780547614439108,0.03061207462371094,-0.10251164990802142,0.1507048620093132,-0.05814911218001143
2014-02-18,1255232,325519,369003,376807,376215,023651,NATURAL GAS - NEW YORK MERCANTILE EXCHANGE ,5.551000118255615,-0.0004716259623718962,592,0.2283641553375925,-43484,0.3147912048961275,0.0463319796765566,0.035428683324646305,0.1507048620093132,-0.0819671976243872,-0.056066788788871176
2014-02-25,1208023,333041,377288,363915,371723,023651,NATURAL GAS - NEW YORK MERCANTILE EXCHANGE ,5.0960001945495605,0.006463453096505613,-7808,-0.6691990006628257,-44247,-0.06078557589354,0.023631188165918564,0.022253068648471343,-0.0819671976243872,-0.08418374436364184,-0.05396049688120592
2014-03-04,1190626,325694,386529,364535,357876,023651,NATURAL GAS - NEW YORK MERCANTILE EXCHANGE ,4.666999816894531,-0.005592856194976424,6659,1.197576536208334,-60835,-1.373152663484056,0.020025996281894932,0.023290458185147068,-0.08418374436364184,-0.013284722574148367,-0.05227309398892706
2014-03-11,1172007,321056,376287,349996,347036,023651,NATURAL GAS - NEW YORK MERCANTILE EXCHANGE ,4.605000019073486,-0.002525582185089338,2960,-0.310676904418348,-55231,0.4706767700352587,0.03641009308037508,0.021338136326026075,-0.013284722574148367,-0.03235617095103904,-0.05077314693110279
2014-03-18,1155891,312165,365654,349202,344410,023651,NATURAL GAS - NEW YORK MERCANTILE EXCHANGE ,4.455999851226807,-0.004145719622351935,4792,0.15631305956363742,-53489,0.1486339245414063,0.004930710541340116,0.0288041497803986,-0.03235617095103904,-0.010098760726294898,-0.049748260698484856
2014-03-25,1138127,303535,363318,348029,339392,023651,NATURAL GAS - NEW YORK MERCANTILE EXCHANGE ,4.410999774932861,-0.007588784028495941,8637,0.3326438219520699,-59783,-0.5445150104983947,0.009006125794818605,0.016444403789140936,-0.010098760726294898,-0.030605250268173623,-0.04936723657585333
2014-04-01,1113438,316713,368626,346754,341197,023651,NATURAL GAS - NEW YORK MERCANTILE EXCHANGE ,4.276000022888184,-0.004990848165771242,5557,-0.27062006261164173,-51913,0.69148697816676,0.004477063046641403,0.02697351237854551,-0.030605250268173623,0.06033673892005975,-0.04914457399703341
2014-04-08,1113228,320881,378521,344154,335204,023651,NATURAL GAS - NEW YORK MERCANTILE EXCHANGE ,4.533999919891357,-0.00803968279633642,8950,0.30473183060035675,-57640,-0.5143528422777021,0.012648706572970363,0.020107177274300045,0.06033673892005975,0.0072783398662690235,-0.049110368361246985
2014-04-15,1111608,328024,387037,327569,317179,023651,NATURAL GAS - NEW YORK MERCANTILE EXCHANGE ,4.566999912261963,-0.009346820102050363,10390,0.1293535556058597,-59013,-0.12333502211586485,0.053679887335827334,0.021898831008823023,0.0072783398662690235,0.03766147025176103,-0.049060046424519284
2014-04-22,1091694,327031,391626,312719,297801,023651,NATURAL GAS - NEW YORK MERCANTILE EXCHANGE ,4.738999843597412,-0.013665001364851322,14918,0.4073378385186145,-64595,-0.502155436088981,0.05606368341741466,0.007767265886229453,0.03766147025176103,0.01941338060048481,-0.04913262084559462
2014-04-29,1084659,325571,397060,310511,288499,023651,NATURAL GAS - NEW YORK MERCANTILE EXCHANGE ,4.830999851226807,-0.020293935697763076,22012,0.6498157908718011,-71489,-0.6314956388878202,0.019215038146274687,0.009540138743009918,0.01941338060048481,-0.006623901021592271,-0.04931773459584628
2014-05-06,1074913,324957,399368,302498,278877,023651,NATURAL GAS - NEW YORK MERCANTILE EXCHANGE ,4.798999786376953,-0.021974801681624467,23621,0.14834155250636377,-74411,-0.2693934222645089,0.030333261664158246,0.004034100714458289,-0.006623901021592271,-0.09189414552446729,-0.049550647783342554
2014-05-13,1023801,317955,387673,301505,275289,023651,NATURAL GAS - NEW YORK MERCANTILE EXCHANGE ,4.357999801635742,-0.025606538770718137,26216,0.24141488660012486,-69718,0.43659347314619884,0.007942176929718409,0.02649696440617436,-0.09189414552446729,0.044515890998390706,-0.0497516197190112
2014-05-20,997231,301207,381813,295012,254748,023651,NATURAL GAS - NEW YORK MERCANTILE EXCHANGE ,4.552000045776367,-0.040375800591838804,40264,1.372141656435186,-80606,-1.0634879239227155,0.04917418509895227,0.033100055635266905,0.044515890998390706,-0.01032511662188118,-0.05006233398389625
2014-05-27,980333,291178,374521,289891,248950,023651,NATURAL GAS - NEW YORK MERCANTILE EXCHANGE ,4.505000114440918,-0.041762339939591955,40941,0.06788798182166418,-83343,-0.27445997968374425,0.020263862623668208,0.02601926696600115,-0.01032511662188118,0.0275249876424557,-0.05045283106706185
2014-06-03,986495,297303,384154,294307,251168,023651,NATURAL GAS - NEW YORK MERCANTILE EXCHANGE ,4.629000186920166,-0.043729567813318874,43139,0.224209528802968,-86851,-0.35783759192029646,0.012161877262935973,0.023123982877863165,0.0275249876424557,-0.02138690281144373,-0.05091847691204206
2014-06-10,1020527,313808,406124,314012,264745,023651,NATURAL GAS - NEW YORK MERCANTILE EXCHANGE ,4.53000020980835,-0.048276037772641,49267,0.6211891596004034,-92316,-0.5539815204334538,0.05750599992743068,0.053442547351694326,-0.02138690281144373,0.03951432506124419,-0.051218720707838436
2014-06-17,1059370,322863,423330,329939,277809,023651,NATURAL GAS - NEW YORK MERCANTILE EXCHANGE ,4.709000110626221,-0.049208491839489506,52130,0.28054132815692284,-100467,-0.7987049828177011,0.0477023371528989,0.035193307897554656,0.03951432506124419,-0.03695057530822021,-0.05132464879008818
2014-06-24,1045923,309434,428056,337177,263307,023651,NATURAL GAS - NEW YORK MERCANTILE EXCHANGE ,4.534999847412109,-0.07062661400504626,73870,2.0521630780558255,-118622,-1.7137544012007135,0.036204128669539905,0.02461728294620944,-0.03695057530822021,-0.017640557088818065,-0.05178846456975695
2014-07-01,1031681,294139,420278,344336,258066,023651,NATURAL GAS - NEW YORK MERCANTILE EXCHANGE ,4.454999923706055,-0.0836208091454626,86270,1.1855557244653765,-126139,-0.7186953532908255,0.020584261008429586,0.032296263946686596,-0.017640557088818065,-0.056341174370200364,-0.05228680177904044
2014-07-08,1040013,294610,428955,342660,245129,023651,NATURAL GAS - NEW YORK MERCANTILE EXCHANGE ,4.203999996185303,-0.09377863545936445,97531,1.0915195685488053,-134345,-0.7954009039615928,0.024860962011878412,0.012642955366829517,-0.056341174370200364,-0.025451920602302947,-0.05292168050329925
2014-07-15,1028965,287824,424882,335336,234291,023651,NATURAL GAS - NEW YORK MERCANTILE EXCHANGE ,4.0970001220703125,-0.0982006190686758,101045,0.3378803918797169,-137058,-0.2608621238388366,0.031884022351468595,0.015236296593546287,-0.025451920602302947,-0.07932634561882446,-0.05361453217713348
2014-07-22,1010714,283383,423116,338777,238009,023651,NATURAL GAS - NEW YORK MERCANTILE EXCHANGE ,3.7720000743865967,-0.09969981616955934,100768,-0.026920254819162947,-139733,-0.2599699698240465,0.012411882396590763,0.008785575068046805,-0.07932634561882446,0.00954401183496656,-0.05439728104122802
2014-07-29,982801,276301,428305,329679,216630,023651,NATURAL GAS - NEW YORK MERCANTILE EXCHANGE ,3.808000087738037,-0.11502735548702128,113049,1.2150816155707747,-152004,-1.2140922159977996,0.05578710949297925,0.017415406624411375,0.00954401183496656,0.023371844694842325,-0.05531085601587248
2014-08-05,969135,275204,437485,318066,195652,023651,NATURAL GAS - NEW YORK MERCANTILE EXCHANGE ,3.8970000743865967,-0.1263126396219309,122414,0.9528887333244471,-162281,-1.0456847317005171,0.06344142116881246,0.01442003454522239,0.023371844694842325,0.019758763473295415,-0.056239642552889456
2014-08-12,956296,267599,432080,317402,192593,023651,NATURAL GAS - NEW YORK MERCANTILE EXCHANGE ,3.973999977111816,-0.13051293741686673,124809,0.24712759316297522,-164481,-0.2270065573939647,0.007300071569329111,0.018594241073406518,0.019758763473295415,-0.024408627128938654,-0.05715960876477473
2014-08-19,960195,265576,435276,335508,204099,023651,NATURAL GAS - NEW YORK MERCANTILE EXCHANGE ,3.877000093460083,-0.1368565760079984,131409,0.6901628784393117,-169700,-0.5457515246325406,0.05487697528015759,0.007446650648068351,-0.024408627128938654,0.00876964639456923,-0.058148287481693615
2014-08-26,952728,268992,435280,344950,216361,023651,NATURAL GAS - NEW YORK MERCANTILE EXCHANGE ,3.91100001335144,-0.13496926719903268,128589,-0.29369034414884476,-166288,0.35534448731768026,0.038666621534229687,0.004856078333371198,0.00876964639456923,-0.005369447296235008,-0.059037942842398744
2014-09-02,976994,279639,449591,354312,221711,023651,NATURAL GAS - NEW YORK MERCANTILE EXCHANGE ,3.890000104904175,-0.13572345377760764,132601,0.4211065487736269,-169952,-0.38457985909934417,0.02554064681445012,0.034225141587702096,-0.005369447296235008,0.024164488466823286,-0.05994086008050025
2014-09-09,989817,274354,460972,355991,213242,023651,NATURAL GAS - NEW YORK MERCANTILE EXCHANGE ,3.983999967575073,-0.1442175674897481,142749,1.0386962458316018,-186618,-1.7058446623008945,0.017827497703049543,0.02266477725525821,0.024164488466823286,0.002761023612835256,-0.06090634601022698
2014-09-16,999207,271462,457243,372644,227468,023651,NATURAL GAS - NEW YORK MERCANTILE EXCHANGE ,3.994999885559082,-0.14529121593423586,145176,0.24519683941577078,-185781,0.08456108553399265,0.05145539499293465,0.009085981295586005,0.002761023612835256,-0.04480598396633517,-0.062010522132602525
2014-09-23,944154,261450,438297,327039,188942,023651,NATURAL GAS - NEW YORK MERCANTILE EXCHANGE ,3.815999984741211,-0.14626533383325177,138097,-0.7084618102155009,-176847,0.8941090284595684,0.16305057744374307,0.04138352861820058,-0.04480598396633517,0.0799265800729052,-0.06319267158607263
2014-09-30,937715,270135,444818,319184,190797,023651,NATURAL GAS - NEW YORK MERCANTILE EXCHANGE ,4.120999813079834,-0.136914734220952,128387,-1.0284339207375068,-174683,0.2291998974743527,0.01903992501681435,0.02126853093839735,0.0799265800729052,-0.03979611826071183,-0.06400163698833641
2014-10-07,921759,255161,444801,332139,177087,023651,NATURAL GAS - NEW YORK MERCANTILE EXCHANGE ,3.9570000171661377,-0.16821316634825373,155052,2.843614531067542,-189640,-1.5950475357651313,0.05236378346745846,0.02141687691617545,-0.03979611826071183,-0.03563306338469663,-0.06530492671520281
2014-10-14,922102,254132,444242,328404,171368,023651,NATURAL GAS - NEW YORK MERCANTILE EXCHANGE ,3.815999984741211,-0.1703022008411217,157036,0.21524064316160732,-190110,-0.05098946687800174,0.01891662598144754,0.0022738532648695397,-0.03563306338469663,-0.027515728378758708,-0.06704317133248668
2014-10-21,912072,244864,447344,343881,168274,023651,NATURAL GAS - NEW YORK MERCANTILE EXCHANGE ,3.7109999656677246,-0.19253633485075738,175607,2.013985437619699,-202480,-1.3415001811079468,0.03626050707305405,0.017870351108337377,-0.027515728378758708,-0.016707096958560097,-0.06924642903056472
2014-10-28,891641,249745,454145,335611,159741,023651,NATURAL GAS - NEW YORK MERCANTILE EXCHANGE ,3.6489999294281006,-0.197243060828293,175870,0.02883544281591804,-204400,-0.21050969660289975,0.03392133270886158,0.01659634317862166,-0.016707096958560097,0.13154296157174628,-0.07144219741107155
2014-11-04,915135,248829,452596,350171,181720,023651,NATURAL GAS - NEW YORK MERCANTILE EXCHANGE ,4.129000186920166,-0.18407229534440273,168451,-0.8320613341019536,-203767,0.07099269773372915,0.06869640584255045,0.0035142745125993514,0.13154296157174628,0.02857835436563505,-0.0729061741040257
2014-11-11,967434,271305,476321,358669,197830,023651,NATURAL GAS - NEW YORK MERCANTILE EXCHANGE ,4.247000217437744,-0.16625320176880284,160839,-0.8317898452140942,-205016,-0.13648259546405722,0.04421930677323769,0.06179694125137435,0.02857835436563505,-0.0007064420169077268,-0.07380682122922863
2014-11-18,966597,268968,475791,374240,210748,023651,NATURAL GAS - NEW YORK MERCANTILE EXCHANGE ,4.24399995803833,-0.16914184505021224,163492,0.2742305935081876,-206823,-0.18678276760998683,0.04870014427646379,0.0038495674439650946,-0.0007064420169077268,0.008953842409811896,-0.07479110304990937
2014-11-25,955365,283887,468191,357562,215400,023651,NATURAL GAS - NEW YORK MERCANTILE EXCHANGE ,4.2820000648498535,-0.1488038603047003,142162,-2.206710759499564,-184304,2.3297196246212226,0.037227599736108154,0.029942372998545363,0.008953842409811896,-0.09528257500970216,-0.07549431167365796
2014-12-02,969944,256607,457741,387392,224996,023651,NATURAL GAS - NEW YORK MERCANTILE EXCHANGE ,3.874000072479248,-0.1674282226602773,162396,2.117933983346679,-201134,-1.761630371638065,0.06438075207221565,0.052817394323215014,-0.09528257500970216,-0.05730514143440335,-0.07694105318407374
2014-12-09,948980,243101,459960,387456,199904,023651,NATURAL GAS - NEW YORK MERCANTILE EXCHANGE ,3.651999950408936,-0.19763535585576092,187552,2.5935517926808145,-216859,-1.6212276172645017,0.04282892944701716,0.02236648029118384,-0.05730514143440335,-0.00903614261191621,-0.07925869522337226
2014-12-16,920021,233763,444565,365565,184189,023651,NATURAL GAS - NEW YORK MERCANTILE EXCHANGE ,3.61899995803833,-0.1971433260762526,181376,-0.6508040211595608,-210802,0.6382642416067779,0.06840514120861331,0.03646171173827411,-0.00903614261191621,-0.12379109130094323,-0.08184247004263596
2014-12-23,924013,227408,443849,362542,172796,023651,NATURAL GAS - NEW YORK MERCANTILE EXCHANGE ,3.1710000038146973,-0.2053499247304962,189746,0.9097618423927281,-216441,-0.6129207920253994,0.026928781442752056,0.010533968360851359,-0.12379109130094323,-0.024282530000816704,-0.08481747228521136
2014-12-30,933734,226839,451046,373065,177276,023651,NATURAL GAS - NEW YORK MERCANTILE EXCHANGE ,3.094000101089477,-0.20968391426252017,195789,0.6539951277741763,-224207,-0.8404643657610877,0.02726127982469051,0.011456220450371375,-0.024282530000816704,-0.05042021080547787,-0.08797495636605054
2015-01-06,956917,229376,445516,368101,179920,023651,NATURAL GAS - NEW YORK MERCANTILE EXCHANGE,2.937999963760376,-0.19665341926206767,188181,-0.8147930781143238,-216140,0.8639505469437764,0.013882679678333494,0.011953023594886293,-0.05042021080547787,0.0017018769579963955,-0.09087386588892223
2015-01-13,984362,231928,452209,376397,180762,023651,NATURAL GAS - NEW YORK MERCANTILE EXCHANGE,2.943000078201294,-0.1987429421290135,195635,0.7789599306940936,-220281,-0.4327439056887901,0.01640106325124426,0.013513375245016715,0.0017018769579963955,-0.03805640012906841,-0.0944527042813055
2015-01-20,1019571,235474,444975,388733,206499,023651,NATURAL GAS - NEW YORK MERCANTILE EXCHANGE,2.8310000896453857,-0.17873595855511779,182234,-1.3613894075553505,-209501,1.0951255737218624,0.06396329498414063,0.015842480479800837,-0.03805640012906841,0.05298475881279163,-0.09784473988997631
2015-01-27,1000469,221815,450669,392736,194858,023651,NATURAL GAS - NEW YORK MERCANTILE EXCHANGE,2.9809999465942383,-0.1977852387230389,197878,1.5343708285151305,-228854,-1.8981512812741832,0.026623825294335886,0.028778379857364637,0.05298475881279163,-0.07614894403201733,-0.1016704964698474
2015-02-03,1014989,234625,475702,411294,197837,023651,NATURAL GAS - NEW YORK MERCANTILE EXCHANGE,2.753999948501587,-0.21030474221888118,213457,1.5571696874166017,-241077,-1.2217270100322948,0.035356926506777686,0.053275463272549124,-0.07614894403201733,-0.02795929708245426,-0.1056414638069593
2015-02-10,1013349,240715,480466,400490,189598,023651,NATURAL GAS - NEW YORK MERCANTILE EXCHANGE,2.677000045776367,-0.20811388771292022,210892,-0.2527120983577162,-239751,0.13064180991124041,0.03227145781646128,0.015050313305536335,-0.02795929708245426,0.030631309586831357,-0.10967868180370036
2015-02-17,1002010,241330,471809,388034,178573,023651,NATURAL GAS - NEW YORK MERCANTILE EXCHANGE,2.759000062942505,-0.20904082793584894,209461,-0.14121492200614005,-230479,0.9149858538371282,0.041441422361531005,0.013001672885650623,0.030631309586831357,0.05183033135342496,-0.113689627995498
2015-02-24,984419,245170,475899,379175,177512,023651,NATURAL GAS - NEW YORK MERCANTILE EXCHANGE,2.9019999504089355,-0.2048548433136703,201663,-0.7782357461502379,-230729,-0.024949850799892218,0.017819708381909403,0.01099756056632583,0.05183033135342496,-0.06547210905144385,-0.11775344138800138
2015-03-03,983213,241751,476037,386286,175182,023651,NATURAL GAS - NEW YORK MERCANTILE EXCHANGE,2.711999893188477,-0.2147083083726517,211104,0.9590428465927617,-234286,-0.36132988087389617,0.016814849644147128,0.004955502181702675,-0.06547210905144385,0.007374712438346753,-0.12177489239141821
2015-03-10,973142,245046,466369,373749,173296,023651,NATURAL GAS - NEW YORK MERCANTILE EXCHANGE,2.7320001125335693,-0.20598535465533294,200453,-1.0832851070927663,-221323,1.3184325268278592,0.026365289875604384,0.01822143193494655,0.007374712438346753,0.0450219258687552,-0.1256875803235383
2015-03-17,987946,247583,459836,376946,189920,023651,NATURAL GAS - NEW YORK MERCANTILE EXCHANGE,2.8550000190734863,-0.1893079176392232,187026,-1.379757527678386,-212253,0.9320325296822047,0.034965935512096334,0.012821255861095051,0.0450219258687552,-0.024168127937329364,-0.12924839182386275
2015-03-24,956871,230330,449615,376948,181883,023651,NATURAL GAS - NEW YORK MERCANTILE EXCHANGE,2.7860000133514404,-0.20385715524872214,195065,0.813708441554498,-219285,-0.7117797936324455,0.014385386637462846,0.04040620932575429,-0.024168127937329364,-0.05240484843775495,-0.13302278357809788
2015-03-31,998123,242842,465459,397000,195509,023651,NATURAL GAS - NEW YORK MERCANTILE EXCHANGE,2.640000104904175,-0.20186990982073352,201491,0.6715638785165399,-222617,-0.34821830737894655,0.05683964294213253,0.04003382742647547,-0.05240484843775495,0.015151500099837678,-0.13680891937915482
2015-04-07,997602,240329,466247,399307,193283,023651,NATURAL GAS - NEW YORK MERCANTILE EXCHANGE,2.680000066757202,-0.20651923312102421,206024,0.4541524441376464,-225918,-0.3307207628719106,0.007649470966435478,0.004671825819161704,0.015151500099837678,-0.05597018344440996,-0.14062583380847576
2015-04-14,1029544,251898,483629,395368,182873,023651,NATURAL GAS - NEW YORK MERCANTILE EXCHANGE,2.5299999713897705,-0.20639720109096843,212495,0.6486554758310429,-231731,-0.5826973081449315,0.024814912813169596,0.03936089361777338,-0.05597018344440996,0.017786591621669512,-0.14441526421210876
2015-04-21,1018282,247705,483289,392847,180587,023651,NATURAL GAS - NEW YORK MERCANTILE EXCHANGE,2.575000047683716,-0.20844913295138282,212260,-0.022825639312161503,-235584,-0.37424335433939687,0.008382830456512868,0.00620114528983822,0.017786591621669512,-0.022524305500580377,-0.14816111289646516
2015-04-28,1027660,250166,504051,409583,178863,023651,NATURAL GAS - NEW YORK MERCANTILE EXCHANGE,2.5169999599456787,-0.2245100519627114,230720,1.8128573420722356,-253885,-1.7972428070023825,0.03137076299269602,0.03079087318371238,-0.022524305500580377,0.10448947780268059,-0.1520883459015603
2015-05-05,1013527,243328,487315,408943,195790,023651,NATURAL GAS - NEW YORK MERCANTILE EXCHANGE,2.7799999713897705,-0.21030816149939766,213153,-1.7094175116283596,-243987,0.9631590214662438,0.029049183689330665,0.03226473120251614,0.10448947780268059,0.04208636841759961,-0.15571014128267133
2015-05-12,1018067,250527,490129,401696,199870,023651,NATURAL GAS - NEW YORK MERCANTILE EXCHANGE,2.8970000743865967,-0.1982443198728571,201826,-1.1175824620360386,-239602,0.43264757623625216,0.01882918914965274,0.013519096584649283,0.04208636841759961,0.01760437643338153,-0.15903009861155862
2015-05-19,1028741,262088,483066,392695,209907,023651,NATURAL GAS - NEW YORK MERCANTILE EXCHANGE,2.947999954223633,-0.17768126282514257,182788,-1.8700144489508057,-220978,1.8293491489263476,0.03159299172588209,0.02499349127831294,0.01760437643338153,-0.04274081732607571,-0.1616705882698914
2015-05-26,983234,259901,462162,363783,195851,023651,NATURAL GAS - NEW YORK MERCANTILE EXCHANGE,2.822000026702881,-0.17079555833097718,167932,-1.4440952581845188,-202261,1.8194083836456407,0.07677875182708699,0.031979204030673225,-0.04274081732607571,-0.04394049302122971,-0.16415199631587957
2015-06-02,1019431,282007,519459,393435,184183,023651,NATURAL GAS - NEW YORK MERCANTILE EXCHANGE,2.697999954223633,-0.20526352445628984,209252,4.202458417833395,-237452,-3.5791073132133344,0.07153516684036855,0.09907220019314605,-0.04394049302122971,0.05485545011802495,-0.1672584185590136
2015-06-09,1030892,274072,536133,407059,176136,023651,NATURAL GAS - NEW YORK MERCANTILE EXCHANGE,2.845999956130981,-0.22400309634762905,230923,2.1257937025654505,-262061,-2.4139936886361117,0.03715909772888999,0.030373794286631162,0.05485545011802495,0.01686581096790829,-0.17063778507007107
2015-06-16,1051377,267088,505385,402074,197063,023651,NATURAL GAS - NEW YORK MERCANTILE EXCHANGE,2.8940000534057617,-0.19499285223093143,205011,-2.513551371045658,-238297,2.3051881283393407,0.04324887296227741,0.048845720174038446,0.01686581096790829,-0.05805113328735223,-0.1734413304622142
2015-06-23,1048052,274266,500827,401785,210092,023651,NATURAL GAS - NEW YORK MERCANTILE EXCHANGE,2.7260000705718994,-0.1829040925450264,191693,-1.266719739922026,-226561,1.1162504030428666,0.021765812410010507,0.015141408837391125,-0.05805113328735223,0.0388847923147706,-0.1756005127418292
2015-06-30,1036572,259926,490690,413046,216087,023651,NATURAL GAS - NEW YORK MERCANTILE EXCHANGE,2.8320000171661377,-0.19000995589307834,196959,0.5024559850083775,-230764,-0.40102971989939434,0.027428222649264943,0.03260921696313428,0.0388847923147706,-0.04096042950365919,-0.17764645787159103
2015-07-07,1034726,272757,496300,407790,214831,023651,NATURAL GAS - NEW YORK MERCANTILE EXCHANGE,2.7160000801086426,-0.18648318492045238,192959,-0.3858873286177902,-223543,0.6966230999872657,0.010459011180156146,0.02397871679212334,-0.04096042950365919,0.045655313108720064,-0.17942923766891966
2015-07-14,1000887,248822,483000,391425,194321,023651,NATURAL GAS - NEW YORK MERCANTILE EXCHANGE,2.8399999141693115,-0.19692932368988708,197104,0.4005891414732016,-234178,-1.0278083280018093,0.06295390834935279,0.05087985876346981,0.045655313108720064,0.014788752317760334,-0.18132786660394296
2015-07-21,1000364,245140,468569,384296,200874,023651,NATURAL GAS - NEW YORK MERCANTILE EXCHANGE,2.881999969482422,-0.18335525868583835,183422,-1.3669874821033743,-223429,1.0739474086485288,0.023381239639762803,0.025378690754915518,0.014788752317760334,-0.02116581226447689,-0.1829366251138714
2015-07-28,962054,243797,452239,372905,198066,023651,NATURAL GAS - NEW YORK MERCANTILE EXCHANGE,2.821000099182129,-0.18173512089757957,174839,-0.8579876924799372,-208442,1.4981546716995013,0.02486816318166772,0.02539092805544541,-0.02116581226447689,-0.003190380229023848,-0.18421946675638212
2015-08-04,973594,249503,462090,385749,203277,023651,NATURAL GAS - NEW YORK MERCANTILE EXCHANGE,2.812000036239624,-0.1874210399817583,182472,0.7934066071135301,-212587,-0.43084899600230336,0.030652297182127784,0.021862216182565033,-0.003190380229023848,0.011379823768653097,-0.18539462830176343
2015-08-11,970067,242678,457062,373660,190367,023651,NATURAL GAS - NEW YORK MERCANTILE EXCHANGE,2.844000101089477,-0.18894880456710722,183293,0.08432673167665371,-214384,-0.1845738572752092,0.04432234627065726,0.01693914882670706,0.011379823768653097,-0.04922647676789582,-0.1865183949777296
2015-08-18,977912,255360,481630,386888,191618,023651,NATURAL GAS - NEW YORK MERCANTILE EXCHANGE,2.7039999961853027,-0.1996805438526166,195270,1.234656987610134,-226270,-1.2252761922630087,0.02502826245535915,0.05054342664079567,-0.04922647676789582,-0.007026646979499396,-0.18772654820551068
2015-08-25,942081,253242,473314,390878,198421,023651,NATURAL GAS - NEW YORK MERCANTILE EXCHANGE,2.684999942779541,-0.2042892277840228,192457,-0.28765369481098507,-220072,0.6337993602696357,0.018314981019821857,0.014360902669580872,-0.007026646979499396,0.00633145635306076,-0.18905962437060667
2015-09-01,922375,239013,465394,396246,195149,023651,NATURAL GAS - NEW YORK MERCANTILE EXCHANGE,2.70199990272522,-0.21802087003659032,201097,0.9171185917134514,-226381,-0.6696876383240932,0.014609524936801968,0.03144346947148453,0.00633145635306076,0.002960820025819988,-0.1906422669909717
2015-09-08,927167,237208,459630,391710,199015,023651,NATURAL GAS - NEW YORK MERCANTILE EXCHANGE,2.7100000381469727,-0.2078320302599208,192695,-0.9109093373085784,-222422,0.4292180512264534,0.014223200304710314,0.010861921996217199,0.002960820025819988,0.006642024801866375,-0.19186562204424432
2015-09-15,904256,228796,441095,372253,189460,023651,NATURAL GAS - NEW YORK MERCANTILE EXCHANGE,2.7279999256134038,-0.20214740073607473,182793,-1.0679845162737673,-212299,1.0918205673843007,0.0516491517910392,0.04022594720633655,0.006642024801866375,-0.055351916057780115,-0.19295901021351042
2015-09-22,905773,246133,467257,367417,171260,023651,NATURAL GAS - NEW YORK MERCANTILE EXCHANGE,2.57699990272522,-0.21656309031070697,196157,1.4779000636987756,-221124,-0.975940441644844,0.042764031135541336,0.06097506272866174,-0.055351916057780115,0.0034924576182508993,-0.19431089014576916
2015-09-29,906840,254270,475338,377656,178732,023651,NATURAL GAS - NEW YORK MERCANTILE EXCHANGE,2.5859999656677246,-0.21935953420669577,198924,0.30548492834297336,-221068,0.006182564505676367,0.03183210277719865,0.022228374688874026,0.0034924576182508993,-0.04485689814289828,-0.19589636706857194
2015-10-06,943756,265394,487233,386072,185757,023651,NATURAL GAS - NEW YORK MERCANTILE EXCHANGE,2.470000028610229,-0.21225295521299997,200315,0.1533897931277844,-221839,-0.08502051078470292,0.027002827768441266,0.030584871390476293,-0.04485689814289828,0.011335982836179204,-0.19674328608520167
2015-10-13,967718,258713,478564,393386,194037,023651,NATURAL GAS - NEW YORK MERCANTILE EXCHANGE,2.497999906539917,-0.2059990617101263,199349,-0.10235696514777125,-219851,0.2106476674055582,0.026546458003857527,0.02081985468148335,0.011335982836179204,-0.00880698030068805,-0.1974297641788364
2015-10-20,989765,265324,481655,385608,192392,023651,NATURAL GAS - NEW YORK MERCANTILE EXCHANGE,2.4760000705718994,-0.19521401544811143,193216,-0.6337590083061387,-216331,0.36374232989362604,0.016302768166089967,0.012988316940636886,-0.00880698030068805,-0.15508887398933302,-0.19748125803647779
2015-10-27,990658,260265,476781,390683,200480,023651,NATURAL GAS - NEW YORK MERCANTILE EXCHANGE,2.0920000076293945,-0.1919966325411999,190203,-0.304415694634585,-216516,-0.018691305511914443,0.02226627850525151,0.013476770784998494,-0.15508887398933302,0.07695985313780285,-0.19738036518480293
2015-11-03,1046280,273090,490742,412795,218730,023651,NATURAL GAS - NEW YORK MERCANTILE EXCHANGE,2.253000020980835,-0.18548094200405246,194065,0.3898419030583713,-217652,-0.11467125890064987,0.06391195914651043,0.035067920694603,0.07695985313780285,0.02973808772216291,-0.19740745454364236
2015-11-10,998745,256345,468231,384827,197787,023651,NATURAL GAS - NEW YORK MERCANTILE EXCHANGE,2.319999933242798,-0.18727503016285438,187040,-0.6714263868180602,-211886,0.5510953090950798,0.08395095208834666,0.05417789162213488,0.02973808772216291,0.021982810225485316,-0.19781172047429718
2015-11-17,1004080,250242,467988,396986,203790,023651,NATURAL GAS - NEW YORK MERCANTILE EXCHANGE,2.371000051498413,-0.192410963269859,193196,0.6163735488037487,-217746,-0.5867363541244262,0.030230901367564615,0.008835609762889326,0.021982810225485316,-0.07212146777754369,-0.1982592035169827
2015-11-24,990097,241037,453780,387492,201391,023651,NATURAL GAS - NEW YORK MERCANTILE EXCHANGE,2.200000047683716,-0.18796239156365488,186101,-0.7066170026292726,-212743,0.4982670703529599,0.020195862335981852,0.03369664242527169,-0.07212146777754369,0.01409086283573524,-0.1990122521950395
2015-12-01,1005820,238720,454053,394017,206638,023651,NATURAL GAS - NEW YORK MERCANTILE EXCHANGE,2.2309999465942383,-0.18629476447078006,187379,0.1290782620288719,-215333,-0.261590531028778,0.019598604856365134,0.0037385983576149764,0.01409086283573524,-0.07216495616560503,-0.19937507030677995
2015-12-08,1001636,231744,444349,426947,238458,023651,NATURAL GAS - NEW YORK MERCANTILE EXCHANGE,2.069999933242798,-0.18818113566205688,188489,0.11035771808076993,-212605,0.27122149092282916,0.09730915758072152,0.02467116210343843,-0.07216495616560503,-0.11980672199897513,-0.19919325837997798
2015-12-15,1034263,237456,442695,449667,268685,023651,NATURAL GAS - NEW YORK MERCANTILE EXCHANGE,1.8220000267028809,-0.17498643961932314,180982,-0.7494738607637904,-205239,0.7353968906868363,0.07370620531438626,0.010829948055652348,-0.11980672199897513,0.03622392084189241,-0.1987671644096524
2015-12-22,997935,233833,439039,443786,262970,023651,NATURAL GAS - NEW YORK MERCANTILE EXCHANGE,1.888000011444092,-0.18119015767560012,180816,-0.01605007623786213,-205206,0.0031906778063219895,0.016407359824324095,0.010817807844582625,0.03622392084189241,0.2563559134752713,-0.1983025535047505
2015-12-29,982886,221578,429450,439046,254084,023651,NATURAL GAS - NEW YORK MERCANTILE EXCHANGE,2.371999979019165,-0.18818255626797004,184962,0.4154579206060515,-207872,-0.26715166819482233,0.019658649892516554,0.03355308834643057,0.2563559134752713,-0.01981447375681844,-0.1978890658510092
2016-01-05,935925,206509,400859,405438,232463,023651,NATURAL GAS - NEW YORK MERCANTILE EXCHANGE,2.325000047683716,-0.18481715949461763,172975,-1.2195717509456845,-194350,1.3757444912227867,0.08657926543460506,0.07188393198192858,-0.01981447375681844,-0.029247344863084668,-0.19766144547086592
2016-01-12,901080,205853,387963,364069,203059,023651,NATURAL GAS - NEW YORK MERCANTILE EXCHANGE,2.256999969482422,-0.17868557730723134,161010,-1.2784144028634772,-182110,1.3077970991265326,0.12479193409600654,0.022821884220027754,-0.029247344863084668,-0.07354891077461845,-0.1972757269166009
2016-01-19,911328,207710,387124,365236,210334,023651,NATURAL GAS - NEW YORK MERCANTILE EXCHANGE,2.0910000801086426,-0.1699739281575898,154902,-0.6778532427753362,-179414,0.2991965197318773,0.014667199471827926,0.004532356926470242,-0.07354891077461845,0.04256335879429307,-0.197107226332033
2016-01-26,895870,209534,386601,360865,207650,023651,NATURAL GAS - NEW YORK MERCANTILE EXCHANGE,2.180000066757202,-0.17102369763470146,153215,-0.18511447031145756,-177067,0.257536254784227,0.012409523055680148,0.003937027686681708,0.04256335879429307,-0.07110090212994169,-0.19659258131110346
2016-02-02,947373,213561,411458,384237,212319,023651,NATURAL GAS - NEW YORK MERCANTILE EXCHANGE,2.025000095367432,-0.18146812290407263,171918,2.0876912944958534,-197897,-2.3251141348633175,0.04700480759559874,0.046212995124948204,-0.07110090212994169,0.03604935841269019,-0.19603803093966482
2016-02-09,955454,218211,407670,384431,221116,023651,NATURAL GAS - NEW YORK MERCANTILE EXCHANGE,2.0980000495910645,-0.17092921270935074,163315,-0.9080900553425104,-189459,0.8906734728559924,0.01484773271108601,0.013481796060273438,0.03604935841269019,-0.09294568533975778,-0.19532294103575004
2016-02-16,1011059,242124,420222,388251,236095,023651,NATURAL GAS - NEW YORK MERCANTILE EXCHANGE,1.902999997138977,-0.15049171215527482,152156,-1.1679264517182408,-178098,1.189068233530866,0.0301099070066918,0.05505430696342999,-0.09294568533975778,-0.0635838421861944,-0.19419699650150823
2016-02-23,1034296,249826,438434,395564,229616,023651,NATURAL GAS - NEW YORK MERCANTILE EXCHANGE,1.781999945640564,-0.16044536573669432,165948,1.3641142603942995,-188608,-1.0395041238938578,0.02206084647621485,0.037651468921628455,-0.0635838421861944,-0.02244666839125453,-0.19334296808656637
2016-03-01,1042618,258860,450443,395797,229070,023651,NATURAL GAS - NEW YORK MERCANTILE EXCHANGE,1.7419999837875366,-0.159911875682177,166727,0.07531693054986194,-191583,-0.28763526108580134,0.0012466652903737915,0.029667152119757,-0.02244666839125453,-0.017221568122258724,-0.19228919053482646
2016-03-08,1072608,261978,469325,410441,231796,023651,NATURAL GAS - NEW YORK MERCANTILE EXCHANGE,1.712000012397766,-0.1665519928995495,178645,1.1430840442041093,-207347,-1.5119631542904495,0.02704609046193228,0.03008328968977291,-0.017221568122258724,0.08119155254570676,-0.19153085665490754
2016-03-15,1109271,264989,468371,439615,259609,023651,NATURAL GAS - NEW YORK MERCANTILE EXCHANGE,1.8509999513626096,-0.16227414220690886,180006,0.12688698946865956,-203382,0.3696597452191295,0.08150034895827374,0.005406621577397186,0.08119155254570676,0.0064830276816085775,-0.1910109763581323
2016-03-22,1070818,255088,434965,408606,251167,023651,NATURAL GAS - NEW YORK MERCANTILE EXCHANGE,1.8630000352859497,-0.14702685236893664,157439,-2.0343991684628913,-179877,2.1189592083449402,0.059794808214340384,0.06275894750113398,0.0064830276816085775,0.02147072522566429,-0.18991808591813644
2016-03-29,1073459,247889,415582,414170,268370,023651,NATURAL GAS - NEW YORK MERCANTILE EXCHANGE,1.902999997138977,-0.13582260710469612,145800,-1.0869260696028644,-167693,1.137821740015577,0.03335628681102939,0.04006505182592758,0.02147072522566429,0.02679978934471916,-0.18864794548128955
2016-04-05,1094070,252928,391253,408313,290996,023651,NATURAL GAS - NEW YORK MERCANTILE EXCHANGE,1.9539999961853027,-0.10722988474229254,117317,-2.6533849918813854,-138325,2.735828755453166,0.04073020653244846,0.04558967122594426,0.02679978934471916,0.02558851198254697,-0.1867385349355447
2016-04-12,1131760,261744,404112,425040,310770,023651,NATURAL GAS - NEW YORK MERCANTILE EXCHANGE,2.003999948501587,-0.10096663603590868,114270,-0.27850137559753946,-142368,-0.3695375981427148,0.049606556040282135,0.032552083333333336,0.02558851198254697,0.041916223944530984,-0.18471102406910128
2016-04-19,1157059,282677,416008,411484,310436,023651,NATURAL GAS - NEW YORK MERCANTILE EXCHANGE,2.088000059127808,-0.08733176095601002,101048,-1.1682688909309393,-133331,0.7984908461157844,0.019240359042553192,0.04698683956289315,0.041916223944530984,-0.026819919871720277,-0.18238184383842101
2016-04-26,1098995,260490,376942,406460,323390,023651,NATURAL GAS - NEW YORK MERCANTILE EXCHANGE,2.032000064849853,-0.07558724107025054,83070,-1.5537669211336673,-116452,1.458784729214327,0.024632458724395425,0.09609338721620503,-0.026819919871720277,0.026574753491389158,-0.17951794362895063
2016-05-03,1106944,259393,400883,415136,309563,023651,NATURAL GAS - NEW YORK MERCANTILE EXCHANGE,2.0859999656677246,-0.09537338835568918,105573,2.0475980327481014,-141490,-2.278263322399101,0.031051512421018935,0.03792050597023063,0.026574753491389158,0.03451583311979256,-0.17730765953003316
2016-05-10,1073563,270162,404749,373027,274275,023651,NATURAL GAS - NEW YORK MERCANTILE EXCHANGE,2.157999992370605,-0.09198528637816318,98752,-0.6162010002312673,-134587,0.6236087823774282,0.11956860939715928,0.021684340601946035,0.03451583311979256,-0.050973074830731435,-0.17526421657821212
2016-05-17,1088763,288035,420490,385917,288186,023651,NATURAL GAS - NEW YORK MERCANTILE EXCHANGE,2.0480000972747803,-0.08976333692456485,97731,-0.09510387373633405,-132455,0.19859104682258982,0.03975801917511122,0.04744222151653082,-0.050973074830731435,-0.03320316160715997,-0.17357348723397023
2016-05-24,1076282,276097,432788,407436,281213,023651,NATURAL GAS - NEW YORK MERCANTILE EXCHANGE,1.9800000190734863,-0.11727688468263894,126223,2.616914792291803,-156691,-2.2260124563380645,0.04137376225043527,0.03418890229021632,-0.03320316160715997,0.15555559836921695,-0.17254428197150215
2016-05-31,1075414,276654,439031,406769,269877,023651,NATURAL GAS - NEW YORK MERCANTILE EXCHANGE,2.2880001068115234,-0.12729237298379972,136892,0.991282953724024,-162377,-0.5283002038499204,0.01773896542653027,0.009501386783291531,0.15555559836921695,0.08129364581171106,-0.17104483675087737
2016-06-07,1051119,252347,405570,388110,263171,023651,NATURAL GAS - NEW YORK MERCANTILE EXCHANGE,2.4739999771118164,-0.11886284997226765,124939,-1.1114789281151258,-153223,0.8512070700214057,0.038946322708631145,0.08780438869948641,0.08129364581171106,0.05254653017122579,-0.16902290893596655
2016-06-14,1073841,265034,415686,407763,296629,023651,NATURAL GAS - NEW YORK MERCANTILE EXCHANGE,2.6040000915527344,-0.1034920439804403,111134,-1.313362235864826,-150652,0.24459647290173614,0.07539977739667685,0.033498354683276534,0.05254653017122579,0.06297995013352908,-0.16726327800807253
2016-06-21,1075469,272504,413062,397327,295314,023651,NATURAL GAS - NEW YORK MERCANTILE EXCHANGE,2.7679998874664307,-0.09485443095058993,102013,-0.8493808673723577,-140558,0.939990184766646,0.016965498721559943,0.014723600645306215,0.06297995013352908,0.05382954259548778,-0.1655700152851026
2016-06-28,1063784,261331,399138,442605,343278,023651,NATURAL GAS - NEW YORK MERCANTILE EXCHANGE,2.9170000553131104,-0.09337139870500026,99327,-0.24975150376254454,-137807,0.2557953785743708,0.11864615979732351,0.037998755429853634,0.05382954259548778,-0.052451187331857385,-0.16371158149302414
2016-07-05,1057182,254638,389930,439939,344707,023651,NATURAL GAS - NEW YORK MERCANTILE EXCHANGE,2.763999938964844,-0.09008098889311396,95232,-0.38494656810029104,-135292,0.2364201755243546,0.0052189140070809,0.024669235829268596,-0.052451187331857385,-0.010853824910360466,-0.16185769310788303
2016-07-12,1022505,252657,391525,387338,292317,023651,NATURAL GAS - NEW YORK MERCANTILE EXCHANGE,2.733999967575073,-0.09292961892606882,95021,-0.01995872044737803,-138868,-0.33825774559158217,0.15447690372321252,0.00555122620625848,-0.010853824910360466,-0.002194602060288542,-0.1598576987855019
2016-07-19,1007203,252767,389302,372040,276183,023651,NATURAL GAS - NEW YORK MERCANTILE EXCHANGE,2.7279999256134038,-0.0951714798307789,95857,0.08175999139368512,-136535,0.22816514344673133,0.04848948587137451,0.003633565862858976,-0.002194602060288542,-0.0058651146851952385,-0.15816185688444306
2016-07-26,960843,253593,379641,338198,251918,023651,NATURAL GAS - NEW YORK MERCANTILE EXCHANGE,2.711999893188477,-0.08979614775775023,86280,-0.9508510201022039,-126048,1.0412002347093883,0.09846708104847182,0.016561018517641187,-0.0058651146851952385,0.007743417290903665,-0.15639379970867712
2016-08-02,1008978,261115,363977,364827,298297,023651,NATURAL GAS - NEW YORK MERCANTILE EXCHANGE,2.7330000400543213,-0.0659380085591559,66530,-2.0554866924148896,-102862,2.413089339257298,0.11009705575427824,0.037092140036986555,0.007743417290903665,-0.043176007606363864,-0.15405758756593477
2016-08-09,1055048,258497,373083,391576,314840,023651,NATURAL GAS - NEW YORK MERCANTILE EXCHANGE,2.615000009536743,-0.07273223587931545,76736,1.0115185861336917,-114586,-1.161967852619185,0.06128400262734706,0.01856296906171823,-0.043176007606363864,0.0007648540928446579,-0.15182265355270802
2016-08-16,1097985,251881,386710,431917,331302,023651,NATURAL GAS - NEW YORK MERCANTILE EXCHANGE,2.617000102996826,-0.0916360423867357,100615,2.2633093470628824,-134829,-1.9186804770967767,0.07442555806393708,0.03169947587736125,0.0007648540928446579,0.05502476473817586,-0.14974487467836414
2016-08-23,1069552,261300,380030,394133,312842,023651,NATURAL GAS - NEW YORK MERCANTILE EXCHANGE,2.760999917984009,-0.07600471973312191,81291,-1.7599511833039614,-118730,1.4662313237430384,0.07955585416740338,0.0251025213228759,0.05502476473817586,0.023904377653658937,-0.1472778649081545
2016-08-30,1037375,284422,380357,368213,310779,023651,NATURAL GAS - NEW YORK MERCANTILE EXCHANGE,2.82699990272522,-0.055364742740089165,57434,-2.230560084970156,-95935,2.131266174996634,0.041212562150953175,0.03527337656574591,0.023904377653658937,-0.0389104700675037,-0.14414986246014488
2016-09-06,1052129,279173,355698,369593,326026,023651,NATURAL GAS - NEW YORK MERCANTILE EXCHANGE,2.7170000076293945,-0.04140842045034401,43567,-1.3367393661886975,-76525,1.8710688034702976,0.023902452348196355,0.047108782729089846,-0.0389104700675037,0.07066614343865396,-0.14094940842534534
2016-09-13,1033073,296410,373545,340212,299787,023651,NATURAL GAS - NEW YORK MERCANTILE EXCHANGE,2.9089999198913574,-0.039130826185564814,40425,-0.2986325821263362,-77135,-0.05797768144400544,0.0869063857912278,0.052367696337813734,0.07066614343865396,0.04743898770861632,-0.137814474299374
2016-09-20,1083994,313136,388533,350757,317530,023651,NATURAL GAS - NEW YORK MERCANTILE EXCHANGE,3.046999931335449,-0.030652383684780543,33227,-0.696756182767336,-75397,0.16823593298827866,0.042329119076085574,0.045197949460500604,0.04743898770861632,-0.01673773580122262,-0.13423926840272155
2016-09-27,1067097,319528,367173,341913,342902,023651,NATURAL GAS - NEW YORK MERCANTILE EXCHANGE,2.996000051498413,0.0009268135886428319,-989,-3.1564750358396814,-47645,2.56016177211313,0.04996385885239079,0.04041351330491728,-0.01673773580122262,-0.010680929339052736,-0.1300029924835804
2016-10-04,1103354,315705,383002,360384,336402,023651,NATURAL GAS - NEW YORK MERCANTILE EXCHANGE,2.96399998664856,-0.02173554453058583,23982,2.3400871710819167,-67297,-1.8416320165833098,0.03583740201439179,0.02812623889555994,-0.010680929339052736,0.09210526421629095,-0.12633919612430322
2016-10-11,1135059,341581,396087,341253,329307,023651,NATURAL GAS - NEW YORK MERCANTILE EXCHANGE,3.236999988555908,-0.010524563040335349,11946,-1.0908556999838674,-54506,1.1592834212773053,0.03911059413027917,0.05281644316955595,0.09210526421629095,0.008032135613254221,-0.12258007114988415
2016-10-18,1184871,350562,381687,357719,376173,023651,NATURAL GAS - NEW YORK MERCANTILE EXCHANGE,3.263000011444092,0.015574691253309432,-18454,-2.678274873817132,-31125,2.0598929218657354,0.08629607626190229,0.03193039526172108,0.008032135613254221,-0.149862114710682,-0.11852644217485685
2016-10-25,1143189,341284,357198,354472,382284,023651,NATURAL GAS - NEW YORK MERCANTILE EXCHANGE,2.7739999294281006,0.024328435630503794,-27812,-0.789790618556788,-15914,1.2837684439909494,0.012701627132999256,0.04834340756096793,-0.149862114710682,0.046142762882918964,-0.1143663447100164
2016-11-01,1153045,300886,367344,398856,371476,023651,NATURAL GAS - NEW YORK MERCANTILE EXCHANGE,2.9019999504089355,-0.023745820848275652,27380,4.827898099089476,-66458,-4.421316160319947,0.0716470301116921,0.07563862741870314,0.046142762882918964,-0.09269471330206447,-0.11125605391855914
2016-11-08,1172127,298551,372119,430552,389856,023651,NATURAL GAS - NEW YORK MERCANTILE EXCHANGE,2.632999897003174,-0.034719787190295934,40696,1.1548551877853857,-73568,-0.6166281454756753,0.06103792259461146,0.010601338959547915,-0.09269471330206447,0.028864495478920782,-0.10832229924600995
2016-11-15,1193024,305123,395985,458997,395600,023651,NATURAL GAS - NEW YORK MERCANTILE EXCHANGE,2.7090001106262207,-0.05313975242744488,63397,1.9367355243928346,-90862,-1.4754373886106198,0.04000599112798196,0.043414138763214795,0.028864495478920782,0.10077519038721672,-0.10564400672980967
2016-11-22,1157763,294845,384513,440123,371815,023651,NATURAL GAS - NEW YORK MERCANTILE EXCHANGE,2.9820001125335693,-0.05899998531651124,68308,0.4116430180784293,-89668,0.1000818089158307,0.05253972593966534,0.03201552053556446,0.10077519038721672,0.11166999735756744,-0.10316396045582613
2016-11-29,1153565,287723,365399,432202,379874,023651,NATURAL GAS - NEW YORK MERCANTILE EXCHANGE,3.315000057220459,-0.045361986537386274,52328,-1.3802479436637725,-77676,1.0357905719909861,0.019677961176047563,0.04017013666665646,0.11166999735756744,0.09653089825618566,-0.1004537147263378
2016-12-06,1200726,291549,359094,444531,414970,023651,NATURAL GAS - NEW YORK MERCANTILE EXCHANGE,3.634999990463257,-0.02461927200710237,29561,-1.973620905627338,-67545,0.8782339963504441,0.05517736454058809,0.015570750780381868,0.09653089825618566,-0.044291613142734,-0.09730829427143482
2016-12-13,1240708,328643,343103,448819,478536,023651,NATURAL GAS - NEW YORK MERCANTILE EXCHANGE,3.4739999771118164,0.02395164696286314,-29717,-4.936846541175922,-14460,4.421075249474068,0.07316939036291388,0.07902540543598324,-0.044291613142734,-0.06073689322333964,-0.09348256183716203
2016-12-20,1208078,317261,317141,436658,476899,023651,NATURAL GAS - NEW YORK MERCANTILE EXCHANGE,3.263000011444092,0.03330993528563553,-40241,-0.8482253680962806,120,1.1751354871573327,0.015103600541619187,0.05886488378031595,-0.06073689322333964,0.1526202589008019,-0.08935756004944594
2016-12-27,1221230,323255,323488,433325,478271,023651,NATURAL GAS - NEW YORK MERCANTILE EXCHANGE,3.760999917984009,0.03680387805736839,-44946,-0.38946160761142906,-233,-0.029219967584874485,0.005161277583490932,0.019081768183034066,0.1526202589008019,-0.11539484837091507,-0.08503089785088173
2017-01-03,1231340,330308,330949,432968,473859,023651,NATURAL GAS - NEW YORK MERCANTILE EXCHANGE,3.32699990272522,0.03320853704094726,-40891,0.3320422852370151,-641,-0.03340894016688093,0.005258996478931483,0.02194910602080583,-0.11539484837091507,-0.014727919389723065,-0.08083809599442858
2017-01-10,1217323,298665,332392,458252,466259,023651,NATURAL GAS - NEW YORK MERCANTILE EXCHANGE,3.2780001163482666,0.006577547618832471,-8007,2.670586515503435,-33727,-2.6869914077346633,0.03556907381307524,0.05242949527538717,-0.014727919389723065,0.04087852952037219,-0.07727534359200426
2017-01-17,1192444,301829,309790,434443,464716,023651,NATURAL GAS - NEW YORK MERCANTILE EXCHANGE,3.4119999408721924,0.025387355716494864,-30273,-1.829095482464391,-7961,2.116611614173067,0.02819523577031426,0.042127533644311245,0.04087852952037219,-0.038980040828832996,-0.07351839582519494
2017-01-24,1153693,296993,319730,431485,448289,023651,NATURAL GAS - NEW YORK MERCANTILE EXCHANGE,3.2790000438690186,0.014565399980757445,-16804,1.1295289338534975,-22737,-1.2391357581571965,0.022034067840149857,0.023958892403883103,-0.038980040828832996,-0.0494052878026322,-0.06994937471720535
2017-01-31,1174390,308414,334523,437668,454369,023651,NATURAL GAS - NEW YORK MERCANTILE EXCHANGE,3.117000102996826,0.014220999838213882,-16701,0.00892785169018101,-26109,-0.29227879513874144,0.013747187616657157,0.04077226851153379,-0.0494052878026322,0.004170680466642596,-0.06618612235677676
2017-02-07,1195477,309178,350428,428582,427760,023651,NATURAL GAS - NEW YORK MERCANTILE EXCHANGE,3.130000114440918,-0.0006875916475181037,822,1.4920937678284045,-41250,-1.2892650652679263,0.041683112588194904,0.02527114671485705,0.004170680466642596,-0.07188502710049804,-0.0629122450286646
2017-02-14,1271386,327446,360014,468906,474519,023651,NATURAL GAS - NEW YORK MERCANTILE EXCHANGE,2.9049999713897705,0.004414866924757705,-5613,-0.5382788627468366,-32568,0.7262373094589022,0.09230516469247688,0.04051726645913944,-0.07188502710049804,-0.11738384973047211,-0.059933272354048585
2017-02-21,1277817,311977,357832,473797,462246,023651,NATURAL GAS - NEW YORK MERCANTILE EXCHANGE,2.563999891281128,-0.009039635565969149,11551,1.3500227310981874,-45855,-1.0450799363843868,0.018336764443513814,0.026352288488210817,-0.11738384973047211,0.08190329448182787,-0.05702162369691925
2017-02-28,1332711,325710,380560,495912,473272,023651,NATURAL GAS - NEW YORK MERCANTILE EXCHANGE,2.7739999294281006,-0.016987929115914853,22640,0.8678081446717331,-54850,-0.7039349139978572,0.03419474527024796,0.05162473275093095,0.08190329448182787,0.01802449660717631,-0.05427308626295268
2017-03-07,1366662,338088,393241,476093,448533,023651,NATURAL GAS - NEW YORK MERCANTILE EXCHANGE,2.8239998817443848,-0.020165922517784207,27560,0.3691723111762415,-55153,-0.02273561184682951,0.048190295319404816,0.034265016155519606,0.01802449660717631,0.04036830268759539,-0.0514579695248418
2017-03-14,1356002,337596,374093,474289,461172,023651,NATURAL GAS - NEW YORK MERCANTILE EXCHANGE,2.937999963760376,-0.009673289567419517,13117,-1.056808486663125,-36497,1.3650778319730847,0.015439446433362801,0.027596323675088415,0.04036830268759539,0.05275696844848987,-0.04852333774331316
2017-03-21,1356374,342192,359267,467571,474834,023651,NATURAL GAS - NEW YORK MERCANTILE EXCHANGE,3.0929999351501465,0.005354717799073117,-7263,-1.5029476357704488,-17075,1.4322987724206897,0.02162552193589805,0.02768800457332503,0.05275696844848987,0.0009699389084174559,-0.045592922932389895
2017-03-28,1364396,335767,358614,497296,500252,023651,NATURAL GAS - NEW YORK MERCANTILE EXCHANGE,3.095999956130981,0.002166526433674681,-2956,0.3175377882501434,-22847,-0.4255463463616967,0.055278542987405116,0.010193251255434696,0.0009699389084174559,0.0636305004826514,-0.042939285748959694
2017-04-04,1419938,352349,370709,496433,511762,023651,NATURAL GAS - NEW YORK MERCANTILE EXCHANGE,3.2929999828338623,0.010795541777176187,-15329,-0.9068481584525313,-18360,0.32886346779087594,0.012272427456989967,0.03966071878051277,0.0636305004826514,-0.04342541397263189,-0.04066956600820068
2017-04-11,1411174,351391,354893,458982,488415,023651,NATURAL GAS - NEW YORK MERCANTILE EXCHANGE,3.150000095367432,0.020857101959078046,-29433,-0.9932828053055837,-3502,1.046383715345318,0.0641737307591221,0.023749653114044776,-0.04342541397263189,-0.0015873378696946716,-0.0383268018159894
2017-04-18,1417783,343961,340971,462161,498587,023651,NATURAL GAS - NEW YORK MERCANTILE EXCHANGE,3.1449999809265137,0.025692225114844796,-36426,-0.49554484422190315,2990,0.4600424894449586,0.013896464005129337,0.031173897554793762,-0.0015873378696946716,-0.03243243202265533,-0.03615326362231911
2017-04-25,1448445,334001,337071,479913,506520,023651,NATURAL GAS - NEW YORK MERCANTILE EXCHANGE,3.0429999828338623,0.01836935472178785,-26607,0.6925601449587138,-3070,-0.42742789270290305,0.026038261088183384,0.020653521529731534,-0.03243243202265533,0.04995069052461254,-0.03434640601093376
2017-05-02,1519525,353511,332589,496369,549463,023651,NATURAL GAS - NEW YORK MERCANTILE EXCHANGE,3.194999933242798,0.03494118227735641,-53094,-1.8286507254331368,20922,1.6563970326798738,0.056795928982857666,0.03496866346013701,0.04995069052461254,0.010015669958833184,-0.031840356575682884
2017-05-09,1529022,354359,334884,507206,560471,023651,NATURAL GAS - NEW YORK MERCANTILE EXCHANGE,3.226999998092652,0.03483599320349871,-53265,-0.011253516723976242,19475,-0.09522712689820832,0.020460307752250915,0.004560075329020389,0.010015669958833184,0.0009296625294725747,-0.02940148581449708
2017-05-16,1562364,393074,336456,494699,588194,023651,NATURAL GAS - NEW YORK MERCANTILE EXCHANGE,3.2300000190734863,0.05984200864843276,-93495,-2.631093601007703,56618,2.429199841467291,0.03715048485861484,0.05522322591257385,0.0009296625294725747,-0.0034055473433602934,-0.026524459938093273
2017-05-23,1532991,383569,330899,532205,621281,023651,NATURAL GAS - NEW YORK MERCANTILE EXCHANGE,3.219000101089477,0.058106016277982064,-89076,0.2828406184474297,52670,-0.25269399448528,0.06119970246713007,0.021081420021610484,-0.0034055473433602934,-0.02298854235447767,-0.023151711842696716
2017-05-30,1516242,361536,330895,545066,610721,023651,NATURAL GAS - NEW YORK MERCANTILE EXCHANGE,3.1449999809265137,0.04330113530689692,-65655,1.5277976191641047,30641,-1.4369947377381862,0.020264114408623735,0.03182555373748431,-0.02298854235447767,-0.032750374002565086,-0.019871067452491013
2017-06-06,1512631,370028,372844,549233,573118,023651,NATURAL GAS - NEW YORK MERCANTILE EXCHANGE,3.0420000553131104,0.015790367908630722,-23885,2.754837288506716,-2816,-2.206573884643744,0.037216521391258174,0.06789998815408307,-0.032750374002565086,-0.02498355483975989,-0.017281582493242964
2017-06-13,1465130,373440,377774,529584,555659,023651,NATURAL GAS - NEW YORK MERCANTILE EXCHANGE,2.9660000801086426,0.01779705555138452,-26075,-0.14478084873310146,-4334,-0.10035494446431416,0.034193263628514534,0.011104691872089711,-0.02498355483975989,-0.019892115193951176,-0.014949099809938644
2017-06-20,1385255,356511,373248,488559,500732,023651,NATURAL GAS - NEW YORK MERCANTILE EXCHANGE,2.907000064849853,0.008787551750399745,-12173,0.9488577805382457,-16737,-0.8465460402831148,0.09699067311842521,0.02940011702493563,-0.019892115193951176,0.04471959859727548,-0.012955984757996532
2017-06-27,1336463,348033,378338,465547,463715,023651,NATURAL GAS - NEW YORK MERCANTILE EXCHANGE,3.0369999408721924,-0.0013707824309389786,1832,1.0110051939895544,-30305,-0.9794586556265814,0.06459857392210162,0.018679159823285895,0.04471959859727548,0.003292720005909855,-0.01118674213734151
2017-07-11,1347125,349247,383125,453512,447701,023651,NATURAL GAS - NEW YORK MERCANTILE EXCHANGE,3.046999931335449,-0.0043136308805790105,5811,0.297726162265622,-33878,-0.2673474686542014,0.031123607848533033,0.008193923306734829,0.003292720005909855,0.013455900464818482,-0.009537369867869683
2017-07-18,1345797,341838,377017,448710,441623,023651,NATURAL GAS - NEW YORK MERCANTILE EXCHANGE,3.088000059127808,-0.005266024519299716,7087,0.09472023754291546,-35179,-0.09657604157001021,0.012220146843933674,0.01880351392144452,0.013455900464818482,-0.04663214075404987,-0.007851531513893353
2017-07-25,1315857,335995,378583,445503,431012,023651,NATURAL GAS - NEW YORK MERCANTILE EXCHANGE,2.944000005722046,-0.011012594833633139,14491,0.5501572674036277,-42588,-0.5505287944615719,0.015764704540139073,0.01036835726820585,-0.04663214075404987,-0.042459239047909714,-0.006233091417794397
2017-08-01,1343772,359814,418019,454423,420388,023651,NATURAL GAS - NEW YORK MERCANTILE EXCHANGE,2.819000005722046,-0.025327957421348263,34035,1.4852677760577326,-58205,-1.1868310918283673,0.02234082561833356,0.08132208327494463,-0.042459239047909714,0.0010642146061530244,-0.004993318526709744
2017-08-08,1339219,356078,429012,456965,410552,023651,NATURAL GAS - NEW YORK MERCANTILE EXCHANGE,2.822000026702881,-0.034656766369055396,46413,0.9211384074083997,-72934,-1.0960936825592438,0.014268308286754034,0.01876090639289763,0.0010642146061530244,0.0400424929154537,-0.00439175617690012
2017-08-15,1329033,359968,393269,443486,428910,023651,NATURAL GAS - NEW YORK MERCANTILE EXCHANGE,2.934999942779541,-0.01096737251821437,14576,-2.3772810869618786,-33301,2.9594114181474427,0.036493748251940634,0.05261690543613763,0.0400424929154537,0.0013628444904836279,-0.0032039703430327905
2017-08-22,1316077,356246,398484,428607,410395,023651,NATURAL GAS - NEW YORK MERCANTILE EXCHANGE,2.938999891281128,-0.013838096099240395,18212,0.2735823715438217,-42238,-0.6724437993638984,0.03980205053146477,0.011841320737217283,0.0013628444904836279,0.007485564886158258,-0.0017078559913501884
2017-08-29,1293151,358538,401868,427016,405506,023651,NATURAL GAS - NEW YORK MERCANTILE EXCHANGE,2.9609999656677246,-0.016633788320157508,21510,0.2505932403651154,-43330,-0.0829738685502444,0.007783578091630011,0.007464433473696946,0.007485564886158258,0.0037149335060961963,-0.0005661073103316423
2017-09-05,1303527,355001,401800,419383,399042,023651,NATURAL GAS - NEW YORK MERCANTILE EXCHANGE,2.9719998836517334,-0.015604586633034835,20341,-0.09039934238151616,-46799,-0.26825946853847693,0.01722454714848642,0.004763471507040821,0.0037149335060961963,0.009757754039137367,0.00019851107634247941
2017-09-12,1318206,361234,413437,416919,390140,023651,NATURAL GAS - NEW YORK MERCANTILE EXCHANGE,3.000999927520752,-0.02031473077804228,26779,0.49389080548389097,-52203,-0.4145675540284168,0.014083233072179357,0.023067857193569914,0.009757754039137367,0.040319911503089,0.0006041589546559743
2017-09-19,1321626,372753,396641,411081,415936,023651,NATURAL GAS - NEW YORK MERCANTILE EXCHANGE,3.121999979019165,0.003673505212518519,-4855,-2.399776666165986,-23888,2.147995078159256,0.03825072519670091,0.03680169068123744,0.040319911503089,-0.06534272823710685,0.0014273191738498846
2017-09-26,1318849,371167,429733,445043,413725,023651,NATURAL GAS - NEW YORK MERCANTILE EXCHANGE,2.9179999828338623,-0.023746463772577452,31318,2.737007292532078,-58566,-2.623889057872651,0.04212197007806532,0.04329878886252966,-0.06534272823710685,-0.007882111734973996,0.0015601253260076363
2017-10-03,1394563,380845,455020,489961,442899,023651,NATURAL GAS - NEW YORK MERCANTILE EXCHANGE,2.8949999809265137,-0.03374677228637215,47062,1.1937682024249934,-74175,-1.1835320040429194,0.07942456531526702,0.041830917672112125,-0.007882111734973996,-0.0013816747937617224,0.0008933255976419636
2017-10-10,1375988,395728,475326,461907,409316,023651,NATURAL GAS - NEW YORK MERCANTILE EXCHANGE,2.8910000324249268,-0.03822053680700704,52591,0.3964682843299299,-79598,-0.38886733693637365,0.07074767309862114,0.040398184268713534,-0.0013816747937617224,0.024558927695340405,0.0005763065154030943
2017-10-17,1371570,388798,444778,455888,421554,023651,NATURAL GAS - NEW YORK MERCANTILE EXCHANGE,2.961999893188477,-0.02503262684369008,34334,-1.3268284316432992,-55980,1.7164393875527983,0.020807073288034994,0.044960507500215935,0.024558927695340405,0.004051345157349617,0.00029730528841550327
2017-10-24,1351808,376468,446504,459540,411444,023651,NATURAL GAS - NEW YORK MERCANTILE EXCHANGE,2.9739999771118164,-0.03557901713852855,48096,1.0033756935482694,-70036,-1.0248109830340413,0.01580051987177721,0.017079560422468807,0.004051345157349617,-0.026227326585355315,-0.0006864198729659963
2017-10-31,1382864,378674,480761,496173,415484,023651,NATURAL GAS - NEW YORK MERCANTILE EXCHANGE,2.8959999084472656,-0.058349194136227425,80689,2.4110672521541523,-102087,-2.3709728008711295,0.04461436702619516,0.0424267105714801,-0.026227326585355315,0.08839780733934077,-0.0022763742915569815
2017-11-07,1343089,360174,445570,470193,402081,023651,NATURAL GAS - NEW YORK MERCANTILE EXCHANGE,3.1519999504089355,-0.05071294605197422,68112,-0.9094892917886357,-85396,1.2069878165893393,0.045149803846039206,0.06663530848507715,0.08839780733934077,-0.01586292928392874,-0.0027949728531665692
2017-11-14,1341767,353681,417103,462397,420555,023651,NATURAL GAS - NEW YORK MERCANTILE EXCHANGE,3.101999998092652,-0.031184251811231013,41842,-1.9559388841692547,-63422,1.6360792173861896,0.029752466725257998,0.04535641632415826,-0.01586292928392874,-0.027401688652236467,-0.0027269817881845513
2017-11-21,1369054,368747,445870,490863,437823,023651,NATURAL GAS - NEW YORK MERCANTILE EXCHANGE,3.0169999599456787,-0.03874208029778226,53040,0.8345711289665045,-77123,-1.0211161848517665,0.049245923810631365,0.05380810859581865,-0.027401688652236467,0.01889291433723872,-0.002450103477998732
2017-11-28,1423262,387761,486163,509463,433350,023651,NATURAL GAS - NEW YORK MERCANTILE EXCHANGE,3.0739998817443848,-0.05347785579886205,76113,1.6853243188362184,-98402,-1.5542849295937193,0.02447250939475803,0.06786288052507998,0.01889291433723872,-0.052049399338725766,-0.0023439086795824012
2017-12-05,1516674,394708,516678,555126,460395,023651,NATURAL GAS - NEW YORK MERCANTILE EXCHANGE,2.9140000343322754,-0.06245969799706463,94731,1.3081217653531114,-121970,-1.6559143713525688,0.07159674689149707,0.04110442776167288,-0.052049399338725766,-0.0809883521807282,-0.002672710823037754
2017-12-12,1546760,392806,557334,592333,456222,023651,NATURAL GAS - NEW YORK MERCANTILE EXCHANGE,2.677999973297119,-0.0879974915306835,136111,2.7283384563854858,-164528,-2.8060084105087846,0.03946383356142501,0.04479129391458101,-0.0809883521807282,0.005227759187617531,-0.003891522736952776
2017-12-19,1503724,396643,566219,598832,460208,023651,NATURAL GAS - NEW YORK MERCANTILE EXCHANGE,2.691999912261963,-0.0921871300850422,138624,0.16246864413354367,-169576,-0.32635961623005505,0.009900475902704335,0.01321269299234989,0.005227759187617531,-0.018202090041808283,-0.006124960757104802
2017-12-26,1489393,388635,558670,598991,458395,023651,NATURAL GAS - NEW YORK MERCANTILE EXCHANGE,2.6429998874664307,-0.09439818771808381,140596,0.13114108706118943,-170035,-0.030524218540104436,0.0018649764608194169,0.016422377164693525,-0.018202090041808283,,-0.00858088619948402
