,Open_Interest_All,NonComm_Positions_Long_All,NonComm_Positions_Short_All,Comm_Positions_Long_All,Comm_Positions_Short_All,CFTC_Contract_Market_Code,Market_and_Exchange_Names,PA_Close,HP,NetLong_Comm,Q_Comm,NetLong_NonComm,Q_NonComm,PT_Comm,PT_NonComm,Ret,Ret_Lead,HP_Smooth_52w
2003-01-07,1988,202,405,1431,779,075651,PALLADIUM - NEW YORK MERCANTILE EXCHANGE ,241.5,-0.32796780684104626,652,,-203,,,,,0.035196687370600444,
2003-01-14,2045,277,320,1303,942,075651,PALLADIUM - NEW YORK MERCANTILE EXCHANGE ,250.0,-0.1765281173594132,361,-14.637826961770623,-43,8.048289738430583,0.12962138084632516,0.26800670016750416,0.035196687370600444,0.05600000000000005,
2003-01-21,1991,232,313,1308,923,075651,PALLADIUM - NEW YORK MERCANTILE EXCHANGE ,264.0,-0.19337016574585636,385,1.17359413202934,-81,-1.8581907090464547,0.010757507844016136,0.09541284403669725,0.05600000000000005,0.012689417058771246,
2003-01-28,2032,232,300,1201,1120,075651,PALLADIUM - NEW YORK MERCANTILE EXCHANGE ,267.3500061035156,-0.03986220472440945,81,-15.268709191361124,-68,0.6529382219989954,0.13097802671262387,0.02443609022556391,0.012689417058771246,0.002431246985768576,
2003-02-04,2093,396,332,1135,1153,075651,PALLADIUM - NEW YORK MERCANTILE EXCHANGE ,268.0,0.008600095556617296,-18,-4.872047244094488,64,6.496062992125983,0.04326923076923077,0.2692307692307692,0.002431246985768576,-0.05970149253731338,
2003-02-11,1997,292,303,1148,1102,075651,PALLADIUM - NEW YORK MERCANTILE EXCHANGE ,252.0,-0.02303455182774161,46,3.0578117534639273,-11,-3.58337314859054,0.028444444444444446,0.2235294117647059,-0.05970149253731338,-0.001984126984126977,
2003-02-25,2103,267,273,1164,1059,075651,PALLADIUM - NEW YORK MERCANTILE EXCHANGE ,251.5,-0.04992867332382311,105,2.954431647471207,-6,0.25037556334501754,0.026540710751237068,0.10185185185185185,-0.001984126984126977,-0.050099427846980515,
2003-03-04,1994,319,235,1156,1076,075651,PALLADIUM - NEW YORK MERCANTILE EXCHANGE ,238.8999938964844,-0.04012036108324975,80,-1.1887779362815025,84,4.279600570613409,0.011200716845878136,0.1624548736462094,-0.050099427846980515,0.01548770322963855,
2003-03-11,2015,295,243,1188,1137,075651,PALLADIUM - NEW YORK MERCANTILE EXCHANGE ,242.6000061035156,-0.025310173697270472,51,-1.4543630892678034,52,-1.60481444332999,0.04,0.05947955390334572,0.01548770322963855,-0.03050292237880603,
2003-03-18,2034,325,232,1167,1062,075651,PALLADIUM - NEW YORK MERCANTILE EXCHANGE ,235.1999969482422,-0.051622418879056046,105,2.6799007444168734,93,2.034739454094293,0.04306864064602961,0.07360861759425494,-0.03050292237880603,-0.12967687243087755,
2003-03-25,1874,343,222,1027,858,075651,PALLADIUM - NEW YORK MERCANTILE EXCHANGE ,204.6999969482422,-0.09018143009605123,169,3.146509341199607,121,1.376597836774828,0.18249336870026525,0.049557522123893805,-0.12967687243087755,-0.11406932678475112,
2003-04-01,1827,405,207,989,867,075651,PALLADIUM - NEW YORK MERCANTILE EXCHANGE ,181.3500061035156,-0.06677613574165299,122,-2.5080042689434365,198,4.108858057630736,0.025323275862068964,0.12581699346405228,-0.11406932678475112,-0.032258097086450443,
2003-04-08,1890,375,76,1019,1177,075651,PALLADIUM - NEW YORK MERCANTILE EXCHANGE ,175.5,0.0835978835978836,-158,-15.32567049808429,299,5.528188286808977,0.15482695810564662,0.35698447893569846,-0.032258097086450443,-0.06552706552706555,
2003-04-15,2019,417,40,1019,1299,075651,PALLADIUM - NEW YORK MERCANTILE EXCHANGE ,164.0,0.13868251609707777,-280,-6.455026455026455,377,4.1269841269841265,0.05263157894736842,0.17067833698030635,-0.06552706552706555,-0.004573170731707266,
2003-04-22,1941,469,96,783,1149,075651,PALLADIUM - NEW YORK MERCANTILE EXCHANGE ,163.25,0.18856259659969088,-366,-4.259534422981674,373,-0.1981178801386825,0.1997929606625259,0.1911504424778761,-0.004573170731707266,-0.06676872218367147,
2003-04-29,2156,501,40,915,1450,075651,PALLADIUM - NEW YORK MERCANTILE EXCHANGE ,152.35000610351562,0.2481447124304267,-535,-8.706852138073158,461,4.533745492014426,0.18308668076109938,0.16266173752310537,-0.06676872218367147,0.04890053593552346,
2003-05-06,2196,516,171,948,1451,075651,PALLADIUM - NEW YORK MERCANTILE EXCHANGE ,159.8000030517578,0.2290528233151184,-503,1.4842300556586272,345,-5.380333951762523,0.0141725719049604,0.21251819505094613,0.04890053593552346,-0.008135187903198893,
2003-05-13,2234,529,235,897,1321,075651,PALLADIUM - NEW YORK MERCANTILE EXCHANGE ,158.5,0.18979409131602507,-424,3.5974499089253187,294,-2.3224043715846996,0.08160504959422904,0.10078534031413612,-0.008135187903198893,0.08454254824280372,
2003-05-20,2355,650,267,911,1501,075651,PALLADIUM - NEW YORK MERCANTILE EXCHANGE ,171.89999389648438,0.2505307855626327,-590,-7.430617726051924,383,3.9838854073410923,0.08043117744610281,0.1668484187568157,0.08454254824280372,0.15037816766347367,
2003-05-27,2456,726,246,899,1592,075651,PALLADIUM - NEW YORK MERCANTILE EXCHANGE ,197.75,0.28216612377850164,-693,-4.373673036093418,480,4.118895966029724,0.04134885588117222,0.09979423868312758,0.15037816766347367,-0.026548672566371723,
2003-06-03,2657,819,302,952,1760,075651,PALLADIUM - NEW YORK MERCANTILE EXCHANGE ,192.5,0.30410237109522015,-808,-4.682410423452769,517,1.506514657980456,0.08148967551622419,0.13291703835860838,-0.026548672566371723,-0.06493506493506496,
2003-06-10,2621,909,335,876,1734,075651,PALLADIUM - NEW YORK MERCANTILE EXCHANGE ,180.0,0.3273559710034338,-858,-1.881821603312006,574,2.145276627775687,0.03908045977011494,0.09887459807073955,-0.06493506493506496,-0.011111111111111072,
2003-06-17,2676,1014,335,877,1787,075651,PALLADIUM - NEW YORK MERCANTILE EXCHANGE ,178.0,0.3400597907324365,-910,-1.9839755818389926,679,4.006104540251812,0.02027027027027027,0.07783543365455893,-0.011111111111111072,-0.004494399167178753,
2003-06-24,2593,1067,335,776,1720,075651,PALLADIUM - NEW YORK MERCANTILE EXCHANGE ,177.1999969482422,0.3640570767450829,-944,-1.2705530642750373,732,1.9805680119581466,0.0673076923076923,0.037803138373751786,-0.004494399167178753,0.06518060525210623,
2003-07-01,2618,1101,360,776,1751,075651,PALLADIUM - NEW YORK MERCANTILE EXCHANGE ,188.75,0.3724216959511077,-975,-1.195526417277285,741,0.34708831469340534,0.01226751088246933,0.040383299110198494,0.06518060525210623,-0.050331125827814516,
2003-07-08,2637,1091,315,756,1913,075651,PALLADIUM - NEW YORK MERCANTILE EXCHANGE ,179.25,0.43875616230565034,-1157,-6.951871657754011,776,1.3368983957219251,0.06819033345822405,0.03911806543385491,-0.050331125827814516,-0.025104602510460206,0.10312240987566673
2003-07-15,2608,1065,315,734,1806,075651,PALLADIUM - NEW YORK MERCANTILE EXCHANGE ,174.75,0.4110429447852761,-1072,3.223359878649981,750,-0.9859689040576414,0.05078740157480315,0.01884057971014493,-0.025104602510460206,-0.05035767125469426,0.11452687413157818
2003-07-22,2689,1107,316,774,1674,075651,PALLADIUM - NEW YORK MERCANTILE EXCHANGE ,165.9499969482422,0.33469691335068796,-900,6.595092024539877,791,1.572085889570552,0.07026143790849673,0.030217849613492623,-0.05035767125469426,0.07472135813983072,0.12239008981797496
2003-07-29,2859,1157,353,854,1827,075651,PALLADIUM - NEW YORK MERCANTILE EXCHANGE ,178.35000610351562,0.3403287862889122,-973,-2.714763852733358,804,0.4834510970621049,0.08690787019768743,0.0576158940397351,0.07472135813983072,0.0008410086422834251,0.12990521728249005
2003-08-05,2894,1068,273,938,2057,075651,PALLADIUM - NEW YORK MERCANTILE EXCHANGE ,178.5,0.3866620594333103,-1119,-5.106680657572578,795,-0.3147953830010493,0.10484140233722872,0.12602535421327368,0.0008410086422834251,-0.008403361344537785,0.13846377868751739
2003-08-12,3251,1223,268,976,2462,075651,PALLADIUM - NEW YORK MERCANTILE EXCHANGE ,177.0,0.4570901261150415,-1486,-12.681409813407049,955,5.5286800276434,0.12885398487492727,0.10731052984574112,-0.008403361344537785,0.02259887005649719,0.14874204795937299
2003-08-19,3675,1439,270,1242,2952,075651,PALLADIUM - NEW YORK MERCANTILE EXCHANGE ,181.0,0.46530612244897956,-1710,-6.890187634573977,1169,6.58258997231621,0.18025751072961374,0.12755997659449972,0.02259887005649719,0.1408839779005524,0.1586346752871732
2003-08-26,4259,1425,275,1132,3509,075651,PALLADIUM - NEW YORK MERCANTILE EXCHANGE ,206.5,0.5581122329185255,-2377,-18.149659863945576,1150,-0.5170068027210885,0.14371902607196724,0.011176470588235295,0.1408839779005524,-0.032687651331719136,0.17074005582145663
2003-09-02,4710,1404,229,1257,4044,075651,PALLADIUM - NEW YORK MERCANTILE EXCHANGE ,199.75,0.5917197452229299,-2787,-9.626672927917351,1175,0.5869922517022775,0.1245048104131296,0.04102878138395591,-0.032687651331719136,0.15594490060818234,0.1831218113920882
2003-09-09,4881,1687,377,870,4132,075651,PALLADIUM - NEW YORK MERCANTILE EXCHANGE ,230.8999938964844,0.6683056750665847,-3262,-10.084925690021231,1310,2.8662420382165608,0.09496201519392243,0.20881782945736435,0.15594490060818234,-0.04200951582783863,0.1969842074970738
2003-09-16,5396,2375,403,842,4593,075651,PALLADIUM - NEW YORK MERCANTILE EXCHANGE ,221.1999969482422,0.6951445515196442,-3751,-10.018438844499078,1972,13.56279450932186,0.08997240110395584,0.2570194384449244,-0.04200951582783863,-0.021247726098938102,0.21082199483103406
2003-09-23,5576,2495,407,856,4818,075651,PALLADIUM - NEW YORK MERCANTILE EXCHANGE ,216.5,0.710545193687231,-3962,-3.910303928836175,2088,2.149740548554485,0.04212195981670779,0.042729152308752585,-0.021247726098938102,-0.006235594011619439,0.22432802723255293
2003-09-30,5427,1797,528,1459,4664,075651,PALLADIUM - NEW YORK MERCANTILE EXCHANGE ,215.1499938964844,0.5905656900681776,-3205,13.57604017216643,1269,-14.687948350071736,0.1236322064347542,0.352258064516129,-0.006235594011619439,-0.04461999124827054,0.23396586046506934
2003-10-07,5520,1836,295,1450,4923,075651,PALLADIUM - NEW YORK MERCANTILE EXCHANGE ,205.5500030517578,0.6291666666666667,-3473,-4.938271604938271,1541,5.011977151280634,0.042052408598776084,0.12763960581886438,-0.04461999124827054,0.0024324981395116296,0.2440992144702385
2003-10-14,5881,2154,295,1558,5406,075651,PALLADIUM - NEW YORK MERCANTILE EXCHANGE ,206.0500030517578,0.654310491413025,-3848,-6.7934782608695645,1859,5.760869565217392,0.08486502010338885,0.12984891792568395,0.0024324981395116296,-0.03494295967777128,0.25435449639380814
2003-10-21,5334,2215,295,1810,4818,075651,PALLADIUM - NEW YORK MERCANTILE EXCHANGE ,198.8500061035156,0.5639295088113986,-3008,14.283285155585784,1920,1.03723856486992,0.12673506336753168,0.024302788844621514,-0.03494295967777128,0.004274532655956342,0.2619051064527738
2003-10-28,5523,2341,295,1830,4929,075651,PALLADIUM - NEW YORK MERCANTILE EXCHANGE ,199.6999969482422,0.561108093427485,-3099,-1.7060367454068242,2046,2.3622047244094486,0.019381565320313657,0.04779969650986343,0.004274532655956342,0.041562359432128604,0.2690289870950288
2003-11-04,5794,2471,295,1813,5092,075651,PALLADIUM - NEW YORK MERCANTILE EXCHANGE ,208.0,0.5659302726958924,-3279,-3.259098316132537,2176,2.3537932283179432,0.02606806661839247,0.046999276934201015,0.041562359432128604,-0.04206730769230771,0.275933668155514
2003-11-11,5899,2567,295,1793,5228,075651,PALLADIUM - NEW YORK MERCANTILE EXCHANGE ,199.25,0.5823020850991694,-3435,-2.6924404556437693,2272,1.6568864342423197,0.022219057114371173,0.033542976939203356,-0.04206730769230771,0.021079031107865465,0.2828965867224153
2003-11-18,6301,2660,295,1804,5362,075651,PALLADIUM - NEW YORK MERCANTILE EXCHANGE ,203.4499969482422,0.5646722742421838,-3558,-2.0850991693507375,2365,1.5765383963383623,0.02023444041306168,0.03147208121827411,0.021079031107865465,-0.07151635915462473,0.289158268667299
2003-11-25,6123,2686,329,1808,5352,075651,PALLADIUM - NEW YORK MERCANTILE EXCHANGE ,188.8999938964844,0.5788012412216234,-3544,0.22218695445167433,2357,-0.12696397397238532,0.0019553072625698325,0.01990049751243781,-0.07151635915462473,0.020381187019123725,0.29545485502717567
2003-12-02,6172,2680,550,1621,4895,075651,PALLADIUM - NEW YORK MERCANTILE EXCHANGE ,192.75,0.5304601425793908,-3274,4.409603135717785,2130,-3.707333006696064,0.09883364027010436,0.07027863777089784,0.020381187019123725,0.10661480182494332,0.3004549675282866
2003-12-09,6515,3141,558,1390,5416,075651,PALLADIUM - NEW YORK MERCANTILE EXCHANGE ,213.3000030517578,0.6179585571757483,-4026,-12.18405703175632,2583,7.339598185353208,0.11049074346165148,0.12679102460124358,0.10661480182494332,-0.048288808740703515,0.30706962564594203
2003-12-16,6960,3609,573,1469,6009,075651,PALLADIUM - NEW YORK MERCANTILE EXCHANGE ,203.0,0.6522988505747126,-4540,-7.889485801995395,3036,6.953184957789715,0.08986359989301952,0.11549497847919656,-0.048288808740703515,-0.007635483013585298,0.3141151200322435
2003-12-30,7328,3906,564,1367,6487,075651,PALLADIUM - NEW YORK MERCANTILE EXCHANGE ,201.4499969482422,0.6986899563318777,-5120,-8.333333333333332,3342,4.396551724137931,0.07384772090654444,0.06845637583892618,-0.007635483013585298,0.015884820038316372,0.32180661675823613
2004-01-06,7565,3985,564,1365,6689,075651,PALLADIUM - NEW YORK MERCANTILE EXCHANGE ,204.6499938964844,0.7037673496364838,-5324,-2.7838427947598254,3421,1.0780567685589522,0.025329029053886266,0.017366454165750715,0.015884820038316372,0.09064257808451592,0.32929604289310377
2004-01-13,8415,4552,564,1281,7636,075651,PALLADIUM - NEW YORK MERCANTILE EXCHANGE ,223.1999969482422,0.7551990493166963,-6355,-13.62855254461335,3988,7.495042961004626,0.11562184591230235,0.11082877247849883,0.09064257808451592,0.006944458212144289,0.3374864853243267
2004-01-20,8860,4887,564,1274,8058,075651,PALLADIUM - NEW YORK MERCANTILE EXCHANGE ,224.75,0.7656884875846501,-6784,-5.098039215686274,4323,3.9809863339275102,0.045970852978997,0.06145661346541919,0.006944458212144289,0.08565072302558407,0.3585183371402054
2004-01-27,10769,5832,698,1103,9476,075651,PALLADIUM - NEW YORK MERCANTILE EXCHANGE ,244.0,0.7775095180611014,-8373,-17.93453724604966,5134,9.153498871331829,0.15020323281973721,0.1652373660030628,0.08565072302558407,-0.02786886496622054,0.3768652147444461
2004-02-03,11040,5947,732,1149,9304,075651,PALLADIUM - NEW YORK MERCANTILE EXCHANGE ,237.1999969482422,0.738677536231884,-8155,2.0243290927662736,5215,0.7521589748351751,0.020855256864058164,0.022308728851624493,-0.02786886496622054,0.018128174987692258,0.3947892090132489
2004-02-10,11348,6585,826,918,9728,075651,PALLADIUM - NEW YORK MERCANTILE EXCHANGE ,241.5,0.7763482551991541,-8810,-5.932971014492754,5759,4.9275362318840585,0.0615254555701672,0.09877209553366617,0.018128174987692258,0.01863354037267073,0.41048556401177894
2004-02-17,12570,6779,782,1171,10600,075651,PALLADIUM - NEW YORK MERCANTILE EXCHANGE ,246.0,0.7501193317422434,-9429,-5.454705675008812,5997,2.0972858653507225,0.09557386798063036,0.03147731781510382,0.01863354037267073,-0.047154496355754416,0.424745549323041
2004-02-24,12383,6835,780,1472,10664,075651,PALLADIUM - NEW YORK MERCANTILE EXCHANGE ,234.3999938964844,0.7423080029072116,-9192,1.8854415274463008,6055,0.4614160700079554,0.030075807514831906,0.007616546290216678,-0.047154496355754416,0.014718482495160723,0.43946367537563624
2004-03-02,12245,6550,865,1885,10691,075651,PALLADIUM - NEW YORK MERCANTILE EXCHANGE ,237.8500061035156,0.7191506737443855,-8806,3.117176774610353,5685,-2.9879673746265043,0.03498727735368957,0.049898853674983146,0.014718482495160723,0.08787047870576226,0.4542536628192556
2004-03-09,11897,7009,946,721,10156,075651,PALLADIUM - NEW YORK MERCANTILE EXCHANGE ,258.75,0.793057073211734,-9435,-5.13679052674561,6063,3.086974275214373,0.15620115840764917,0.0678818353236958,0.08787047870576226,0.08057973373339378,0.47027630578646684
2004-03-16,11283,6794,1104,761,9706,075651,PALLADIUM - NEW YORK MERCANTILE EXCHANGE ,279.6000061035156,0.7927856066648941,-8945,4.118685382869631,5690,-3.1352441792048413,0.0468137957389892,0.04722714611293998,0.08057973373339378,0.03379821703564079,0.4860089169472777
2004-03-23,10798,6158,1109,795,9222,075651,PALLADIUM - NEW YORK MERCANTILE EXCHANGE ,289.04998779296875,0.7804223004260048,-8427,4.59097757688558,5049,-5.681113179119029,0.0517120894479385,0.08820696298334939,0.03379821703564079,0.0001730438078506591,0.5020097769339136
2004-03-30,11278,6633,1045,729,9760,075651,PALLADIUM - NEW YORK MERCANTILE EXCHANGE ,289.1000061035156,0.8007625465508069,-9031,-5.593628449712909,5588,4.991665123170957,0.05758413576127371,0.07020057306590258,0.0001730438078506591,0.09183669053075771,0.519143314946353
2004-04-06,11855,7100,1083,661,10387,075651,PALLADIUM - NEW YORK MERCANTILE EXCHANGE ,315.6499938964844,0.8204133277098271,-9726,-6.162440148962582,6017,3.8038659336761835,0.06290731354091238,0.06171330807772211,0.09183669053075771,0.004276908378329836,0.5362046507819584
2004-04-20,11384,6917,1129,834,9620,075651,PALLADIUM - NEW YORK MERCANTILE EXCHANGE ,317.0,0.7717849613492621,-8786,7.9291438211725005,5788,-1.9316743989877687,0.0899177348383394,0.02846134725329356,0.004276908378329836,-0.12318608136583198,0.5494390176617926
2004-04-27,9341,5290,1200,1013,7665,075651,PALLADIUM - NEW YORK MERCANTILE EXCHANGE ,277.95001220703125,0.7121293223423616,-6652,18.745607870695714,4090,-14.915671117357695,0.24590919566720443,0.26163328197226504,-0.12318608136583198,-0.07969062127176663,0.5604668408588173
2004-05-04,8922,4532,1078,1578,7315,075651,PALLADIUM - NEW YORK MERCANTILE EXCHANGE ,255.8000030517578,0.6430172607038781,-5737,9.795525104378546,3454,-6.80869285943689,0.10288991341504554,0.1568627450980392,-0.07969062127176663,-0.08014073399308008,0.5692063536300517
2004-05-11,8684,3712,1078,2179,7060,075651,PALLADIUM - NEW YORK MERCANTILE EXCHANGE ,235.3000030517578,0.5620681713496085,-4881,9.59426137637301,2634,-9.190764402600314,0.09265071977486741,0.17118997912317327,-0.08014073399308008,0.02082445317863657,0.5752433432246513
2004-05-18,8938,3808,1078,2246,7068,075651,PALLADIUM - NEW YORK MERCANTILE EXCHANGE ,240.1999969482422,0.5394942940255091,-4822,0.6794104099493321,2730,1.105481345002303,0.008052394245222246,0.019647973802701595,0.02082445317863657,0.0543297386243089,0.5812133715075435
2004-05-25,8882,3464,1078,2305,6897,075651,PALLADIUM - NEW YORK MERCANTILE EXCHANGE ,253.25,0.5170006755235307,-4592,2.5732826135600804,2386,-3.8487357350637725,0.024994566398609,0.07573756054601496,0.0543297386243089,-0.004146112741393093,0.5875058058192264
2004-06-01,8495,3758,906,2037,6965,075651,PALLADIUM - NEW YORK MERCANTILE EXCHANGE ,252.1999969482422,0.5801059446733372,-4928,-3.7829317721233955,2852,5.246566088718757,0.03732503888024884,0.09991423670668954,-0.004146112741393093,-0.04143535715580038,0.5938437896482782
2004-06-08,7904,3893,437,1451,6915,075651,PALLADIUM - NEW YORK MERCANTILE EXCHANGE ,241.75,0.6912955465587044,-5464,-6.309593878752207,3456,7.11006474396704,0.07602199378436529,0.1394919168591224,-0.04143535715580038,-0.07900726413036441,0.6017116631632822
2004-06-15,7765,3881,462,1350,6683,075651,PALLADIUM - NEW YORK MERCANTILE EXCHANGE ,222.6499938964844,0.6867997424339987,-5333,1.6573886639676114,3419,-0.4681174089068826,0.041454002240756876,0.008519456596822473,-0.07900726413036441,0.0006737442595357024,0.6090712279967202
2004-06-22,7757,3621,491,1545,6578,075651,PALLADIUM - NEW YORK MERCANTILE EXCHANGE ,222.8000030517578,0.6488333118473637,-5033,3.8634900193174504,3130,-3.7218287186091437,0.0369321679182568,0.07028210116731518,0.0006737442595357024,-0.01481150362009287,0.6152534845514113
2004-06-29,7876,3562,491,1664,6591,075651,PALLADIUM - NEW YORK MERCANTILE EXCHANGE ,219.5,0.6255713560182834,-4927,1.3665076704911694,3071,-0.7606033260281037,0.015990308903694732,0.014557118184061189,-0.01481150362009287,0.007061517320081201,0.620744091576139
2004-07-06,7867,3461,562,1699,6496,075651,PALLADIUM - NEW YORK MERCANTILE EXCHANGE ,221.0500030517578,0.6097622982077031,-4797,1.6505840528186897,2899,-2.1838496698831893,0.01586333129957291,0.04275416355953269,0.007061517320081201,0.004297656345291889,0.6254691919888817
2004-07-13,7981,3490,606,1677,6573,075651,PALLADIUM - NEW YORK MERCANTILE EXCHANGE ,222.0,0.6134569602806665,-4896,-1.258421253336723,2884,-0.19066988686920044,0.012,0.017822265625,0.004297656345291889,0.04436939686268282,0.6301044855336809
2004-07-20,8095,3658,609,1744,6916,075651,PALLADIUM - NEW YORK MERCANTILE EXCHANGE ,231.8500061035156,0.6389129092032119,-5172,-3.45821325648415,3049,2.0674100989850897,0.04734411085450346,0.040074994141082725,0.04436939686268282,-0.053698563205870964,0.6339536537432495
2004-07-27,8226,3616,690,1813,6758,075651,PALLADIUM - NEW YORK MERCANTILE EXCHANGE ,219.3999938964844,0.6011427182105519,-4945,2.804200123533045,2926,-1.519456454601606,0.026484657566211645,0.028564793311658152,-0.053698563205870964,-0.008659954190248675,0.6376094186168124
2004-08-03,8395,3751,744,1828,6794,075651,PALLADIUM - NEW YORK MERCANTILE EXCHANGE ,217.5,0.5915425848719476,-4966,-0.2552881108679796,3007,0.9846827133479212,0.005915100904662491,0.042046718576195775,-0.008659954190248675,0.0022988505747125743,0.6425487584537598
2004-08-10,8667,3779,796,1834,6814,075651,PALLADIUM - NEW YORK MERCANTILE EXCHANGE ,218.0,0.5745932848736587,-4980,-0.16676593210244192,2983,-0.28588445503275756,0.0030064754856614245,0.017486338797814208,0.0022988505747125743,0.002981623378368825,0.6470538449650048
2004-08-17,8613,3936,905,1610,6643,075651,PALLADIUM - NEW YORK MERCANTILE EXCHANGE ,218.6499938964844,0.5843492395216533,-5033,-0.6115149417330104,3031,0.5538248528902735,0.04786138373924633,0.05494732493286511,0.002981623378368825,-0.010290418764270393,0.6508555215051653
2004-08-24,8786,4045,887,1622,7050,075651,PALLADIUM - NEW YORK MERCANTILE EXCHANGE ,216.3999938964844,0.6178010471204188,-5428,-4.586090792987345,3158,1.4745152676187159,0.04831642066420664,0.025750202757502026,-0.010290418764270393,-0.009704209352848325,0.6539461161398841
2004-08-31,9431,4111,1005,2192,7455,075651,PALLADIUM - NEW YORK MERCANTILE EXCHANGE ,214.3000030517578,0.5580532287138161,-5263,1.8779877077168223,3106,-0.5918506715228773,0.10106768943713071,0.03596559812353401,-0.009704209352848325,-0.04013068586582591,0.6557297143372848
2004-09-07,8786,4325,1291,1655,6672,075651,PALLADIUM - NEW YORK MERCANTILE EXCHANGE ,205.6999969482422,0.5710220805827453,-5017,2.608419043579684,3034,-0.7634397200721026,0.15852047556142668,0.08903133903133903,-0.04013068586582591,0.02479341846951444,0.6559779806385198
2004-09-14,8761,4334,1388,1604,6448,075651,PALLADIUM - NEW YORK MERCANTILE EXCHANGE ,210.8000030517578,0.5529049195297341,-4844,1.9690416571818803,2946,-1.0015934441156384,0.03415300546448088,0.018524991261796575,0.02479341846951444,-0.006641409558849287,0.6552315416828814
2004-09-21,8773,4601,1686,1511,6262,075651,PALLADIUM - NEW YORK MERCANTILE EXCHANGE ,209.3999938964844,0.5415479311523994,-4751,1.0615226572309098,2915,-0.3538408857436366,0.03589347742184485,0.08986798154922856,-0.006641409558849287,0.05348621076162896,0.6527938927614547
2004-09-28,9471,5116,1615,1515,7138,075651,PALLADIUM - NEW YORK MERCANTILE EXCHANGE ,220.6000061035156,0.5937071059022279,-5623,-9.939587370340819,3501,6.679585090618945,0.1016988327747602,0.08705987223295202,0.05348621076162896,0.019718906275484782,0.6508431726534276
2004-10-05,9641,5313,1503,1321,7533,075651,PALLADIUM - NEW YORK MERCANTILE EXCHANGE ,224.9499969482422,0.6443315008816513,-6212,-6.218984267764756,3810,3.2625910674691165,0.06652360515021459,0.04533450704225352,0.019718906275484782,-0.007779506662552449,0.6495698324071664
2004-10-12,10332,5970,1256,997,8471,075651,PALLADIUM - NEW YORK MERCANTILE EXCHANGE ,223.1999969482422,0.7233836624080526,-7474,-13.089928430660718,4714,9.376620682501816,0.13329108576256865,0.12510379186271797,-0.007779506662552449,-0.029345892210189684,0.6521240241829331
2004-10-19,9878,5740,1092,1000,8185,075651,PALLADIUM - NEW YORK MERCANTILE EXCHANGE ,216.6499938964844,0.7273739623405547,-7185,2.797135114208285,4648,-0.6387921022067364,0.03146434403919434,0.05766978922716628,-0.029345892210189684,-0.007154340349113442,0.6540126260228157
2004-10-26,10067,5936,1162,886,8313,075651,PALLADIUM - NEW YORK MERCANTILE EXCHANGE ,215.1000061035156,0.737757027912983,-7427,-2.4498886414253898,4774,1.2755618546264427,0.026307207305141862,0.03747534516765286,-0.007154340349113442,-0.021385429906970232,0.6556173671093533
2004-11-02,9594,5437,1301,923,7502,075651,PALLADIUM - NEW YORK MERCANTILE EXCHANGE ,210.5,0.6857410881801126,-6579,8.423562133704182,4136,-6.337538492102911,0.10065281899109792,0.09468685069753636,-0.021385429906970232,0.023515424932266882,0.6579598974818286
2004-11-09,10151,5643,1489,1050,7855,075651,PALLADIUM - NEW YORK MERCANTILE EXCHANGE ,215.4499969482422,0.6703773027287951,-6805,-2.355638941004795,4154,0.18761726078799248,0.05390230207748456,0.05524397083567022,0.023515424932266882,0.030401499858602188,0.6600612284299306
2004-11-16,11410,6309,1623,1279,8668,075651,PALLADIUM - NEW YORK MERCANTILE EXCHANGE ,222.0,0.647589833479404,-7389,-5.753127770662989,4686,5.240862969165599,0.1047552025736403,0.10085728693898134,0.030401499858602188,-0.021621635368278436,0.6616316045988443
2004-11-23,12694,6922,1598,1425,9549,075651,PALLADIUM - NEW YORK MERCANTILE EXCHANGE ,217.1999969482422,0.639987395619978,-8124,-6.441717791411043,5324,5.591586327782647,0.0935848368871879,0.07488262910798123,-0.021621635368278436,-0.030386698607087648,0.6627409374934754
2004-11-30,13693,6832,1582,3290,11045,075651,PALLADIUM - NEW YORK MERCANTILE EXCHANGE ,210.6000061035156,0.5663477689330315,-7755,2.906885142587049,5250,-0.582952576020167,0.23446110917335194,0.012598050867601617,-0.030386698607087648,-0.010208970052055122,0.6627731585452223
2004-12-07,12180,6515,1877,2324,9180,075651,PALLADIUM - NEW YORK MERCANTILE EXCHANGE ,208.4499969482422,0.5628899835796387,-6856,6.56539837873366,4638,-4.469436938581757,0.2460883171070932,0.07292659675881792,-0.010208970052055122,-0.11441588483519383,0.6624671728213379
2004-12-14,11858,6998,1847,2089,8575,075651,PALLADIUM - NEW YORK MERCANTILE EXCHANGE ,184.6000061035156,0.546972508011469,-6486,3.037766830870279,5151,4.211822660098522,0.07876969242310577,0.05799886941775014,-0.11441588483519383,-0.004062838435549332,0.6627847183104165
2004-12-21,12115,6861,2110,2317,8703,075651,PALLADIUM - NEW YORK MERCANTILE EXCHANGE ,183.8500061035156,0.5271151465125877,-6386,0.8433125316242198,4751,-3.3732501264968793,0.032304900181488204,0.04458811726674841,-0.004062838435549332,0.028011932148562124,0.6610377296438171
2004-12-28,12636,7207,2494,2579,8897,075651,PALLADIUM - NEW YORK MERCANTILE EXCHANGE ,189.0,0.5,-6318,0.561287659925712,4713,-0.3136607511349566,0.039735099337748346,0.07524997422946088,0.028011932148562124,-0.046825429119130124,0.6581089055943035
2005-01-04,12598,7255,2657,2598,8766,075651,PALLADIUM - NEW YORK MERCANTILE EXCHANGE ,180.1499938964844,0.48960152405143675,-6168,1.1870845204178537,4598,-0.9100981323203545,0.013199577613516367,0.02128732849071832,-0.046825429119130124,0.08687210483207686,0.6540879742042951
2005-01-11,12736,7417,2499,2462,9148,075651,PALLADIUM - NEW YORK MERCANTILE EXCHANGE ,195.8000030517578,0.5249685929648241,-6686,-4.111763772027306,4918,2.540085727893316,0.044616709732988806,0.03227107704719645,0.08687210483207686,-0.052860091635339224,0.6506495365759939
2005-01-18,12785,7543,2082,2460,9574,075651,PALLADIUM - NEW YORK MERCANTILE EXCHANGE ,185.4499969482422,0.5564333202972233,-7114,-3.3605527638190953,5461,4.263505025125628,0.035565896626225696,0.05641558441558442,-0.052860091635339224,0.0382852856314535,0.6468271187102348
2005-01-25,12947,7605,2012,2522,9674,075651,PALLADIUM - NEW YORK MERCANTILE EXCHANGE ,192.5500030517578,0.5524059627712984,-7152,-0.2972233085647243,5593,1.032459913961674,0.013283043620859298,0.01372569408339399,0.0382852856314535,-0.005972522134753189,0.6427255316945935
2005-02-01,13444,7548,2077,2574,9654,075651,PALLADIUM - NEW YORK MERCANTILE EXCHANGE ,191.3999938964844,0.5266289794703957,-7080,0.5561133853402332,5471,-0.9423032362709508,0.005888125613346418,0.012675324675324675,-0.005972522134753189,-0.060344765732936234,0.6379009059524645
2005-02-08,13322,7576,2387,2551,9336,075651,PALLADIUM - NEW YORK MERCANTILE EXCHANGE ,179.85000610351562,0.5093079117249663,-6785,2.1942874144599824,5189,-2.0975900029753047,0.028686800706654327,0.03392552444042959,-0.060344765732936234,0.03058103871753204,0.6334899516350236
2005-02-15,13954,8073,2525,2403,9668,075651,PALLADIUM - NEW YORK MERCANTILE EXCHANGE ,185.3500061035156,0.5206392432277483,-7265,-3.603062603212731,5548,2.6947905719861884,0.03976472537486538,0.05991696546518211,0.03058103871753204,-0.0032371517872004096,0.6285724706355735
2005-02-22,14402,8092,2572,2365,9789,075651,PALLADIUM - NEW YORK MERCANTILE EXCHANGE ,184.75,0.5154839605610332,-7424,-1.1394582198652716,5520,-0.2006593091586642,0.01308211288464703,0.0061890472618154535,-0.0032371517872004096,0.004059539918809252,0.6240602519590119
2005-03-01,13290,7981,2549,2397,9538,075651,PALLADIUM - NEW YORK MERCANTILE EXCHANGE ,185.5,0.53732129420617,-7141,1.9650048604360506,5432,-0.611026246354673,0.023711772098868874,0.012725546058879392,0.004059539918809252,0.12102424230858322,0.6201181998686073
2005-03-08,13148,8144,1661,1691,10534,075651,PALLADIUM - NEW YORK MERCANTILE EXCHANGE ,207.9499969482422,0.6725737754791603,-8843,-12.806621519939803,6483,7.908201655379984,0.13922290388548056,0.10719020907700152,0.12102424230858322,-0.030776600098134654,0.6192224902865837
2005-03-15,12942,8540,1379,1088,10830,075651,PALLADIUM - NEW YORK MERCANTILE EXCHANGE ,201.5500030517578,0.7527430072631741,-9742,-6.837541831457256,7161,5.156677821721935,0.07543211948313476,0.06835366468393991,-0.030776600098134654,-0.011907760451172478,0.6184472197875729
2005-03-22,12896,8844,1402,918,10877,075651,PALLADIUM - NEW YORK MERCANTILE EXCHANGE ,199.1499938964844,0.7722549627791563,-9959,-1.6767114819966,7442,2.171225467470252,0.018397626112759646,0.031914893617021274,-0.011907760451172478,-0.02560879237273539,0.6180523997128472
2005-03-29,12463,8476,1753,1063,10043,075651,PALLADIUM - NEW YORK MERCANTILE EXCHANGE ,194.0500030517578,0.7205327770199791,-8980,7.5915012406947895,6723,-5.5753722084367245,0.08815054925265622,0.07029035096294849,-0.02560879237273539,0.030662184254927283,0.6169006781088852
2005-04-05,12923,8824,1817,1105,10396,075651,PALLADIUM - NEW YORK MERCANTILE EXCHANGE ,200.0,0.7189507080399288,-9291,-2.4953863435769876,7007,2.2787450854529405,0.03434483957916703,0.03871816558594117,0.030662184254927283,-0.013499984741210946,0.6153273735221376
2005-04-12,12940,8991,1978,1073,10436,075651,PALLADIUM - NEW YORK MERCANTILE EXCHANGE ,197.3000030517578,0.7235703245749614,-9363,-0.5571461734891279,7013,0.04642884779076066,0.006255973585889304,0.029902452365758045,-0.013499984741210946,0.023821575648983906,0.6134650080772363
2005-04-19,13165,8763,2256,1193,10130,075651,PALLADIUM - NEW YORK MERCANTILE EXCHANGE ,202.0,0.6788454234713255,-8937,3.2921174652241114,6507,-3.910355486862442,0.03762253819659101,0.04592068245757328,0.023821575648983906,0.0,0.6116777092718914
2005-04-26,13381,8740,2676,1455,10016,075651,PALLADIUM - NEW YORK MERCANTILE EXCHANGE ,202.0,0.6397877587624243,-8561,2.8560577288264337,6064,-3.364982909229016,0.03277831052218638,0.0388051857042747,0.0,-0.050990114117612895,0.6102865253568925
2005-05-03,13235,8586,2773,1563,9435,075651,PALLADIUM - NEW YORK MERCANTILE EXCHANGE ,191.6999969482422,0.5947865508122403,-7872,5.149091996113893,5813,-1.8757940363201553,0.06264775413711583,0.0220970155823576,-0.050990114117612895,0.020605096562983816,0.6093590117051303
2005-05-10,13320,8099,3071,2127,9189,075651,PALLADIUM - NEW YORK MERCANTILE EXCHANGE ,195.6499938964844,0.5301801801801802,-7062,6.1201360030222896,5028,-5.931242916509256,0.07158006362672323,0.0702775290957923,0.020605096562983816,-0.028366920348105062,0.6087457811057182
2005-05-17,13181,8017,3190,2118,8806,075651,PALLADIUM - NEW YORK MERCANTILE EXCHANGE ,190.1000061035156,0.5073970108489493,-6688,2.8078078078078077,4827,-1.5090090090090091,0.03588429146832662,0.017935219059516373,-0.028366920348105062,-0.008942725683583008,0.6081285256600151
2005-05-24,13679,8094,3622,2192,8637,075651,PALLADIUM - NEW YORK MERCANTILE EXCHANGE ,188.3999938964844,0.4711601725272315,-6445,1.843562703891966,4472,-2.6932706167969047,0.02243974512882076,0.04344486172755207,-0.008942725683583008,-0.03158172580149565,0.6072469775254709
2005-05-31,13212,8048,4440,2283,7298,075651,PALLADIUM - NEW YORK MERCANTILE EXCHANGE ,182.4499969482422,0.37957917045110506,-5015,10.453980554134073,3608,-6.316251187952336,0.14925373134328357,0.06918641896220372,-0.03158172580149565,0.030419310192327575,0.6033906934058126
2005-06-07,13063,8078,4663,1906,7147,075651,PALLADIUM - NEW YORK MERCANTILE EXCHANGE ,188.0,0.40120952308045627,-5241,-1.7105661519830457,3415,-1.4607932182864063,0.0583232077764277,0.019857154069539282,0.030419310192327575,-0.015957446808510634,0.5978121160312309
2005-06-14,13269,8001,5196,2041,6886,075651,PALLADIUM - NEW YORK MERCANTILE EXCHANGE ,185.0,0.365136784987565,-4845,3.0314629105106023,2805,-4.669677715685524,0.04435980732608939,0.0462226263544745,-0.015957446808510634,0.013783800279771885,0.5916262899264918
2005-06-21,13773,8100,5112,2543,7672,075651,PALLADIUM - NEW YORK MERCANTILE EXCHANGE ,187.5500030517578,0.37239526610034124,-5129,-2.140327078152084,2988,1.3791544200768708,0.12608908467939306,0.013851044504995459,0.013783800279771885,-0.018661689912284896,0.5863101736621259
2005-06-28,14067,8153,5257,2716,7580,075651,PALLADIUM - NEW YORK MERCANTILE EXCHANGE ,184.0500030517578,0.345773796829459,-4864,1.9240543091555942,2896,-0.6679735714804328,0.02573815073815074,0.01476510067114094,-0.018661689912284896,-0.023906596480936182,0.5809294513700333
2005-07-05,13772,8402,5544,2560,6838,075651,PALLADIUM - NEW YORK MERCANTILE EXCHANGE ,179.64999389648438,0.31063026430438573,-4278,4.1657780621312295,2858,-0.27013577877301487,0.09555224515854437,0.03843395955829629,-0.023906596480936182,0.028945240098519065,0.5751769122565078
2005-07-12,13763,8295,5302,2637,7174,075651,PALLADIUM - NEW YORK MERCANTILE EXCHANGE ,184.8500061035156,0.3296519654145172,-4537,-1.8806273598605867,2993,0.9802497821667151,0.04209560697176638,0.025667426638229022,0.028945240098519065,0.021639166177576552,0.5697191238936973
2005-07-19,13868,8476,5527,2562,7073,075651,PALLADIUM - NEW YORK MERCANTILE EXCHANGE ,188.8500061035156,0.3252812229593308,-4511,0.18891230109714452,2949,-0.31969774031824455,0.01826673585884795,0.028993787045633077,0.021639166177576552,0.010855111076062851,0.5636877453120842
2005-07-26,13860,8654,4372,2328,8697,075651,PALLADIUM - NEW YORK MERCANTILE EXCHANGE ,190.8999938964844,0.4595238095238095,-6369,-13.397750216325353,4282,9.61205653302567,0.16852607709750567,0.10233379395056041,0.010855111076062851,0.024096418284905496,0.5609643047604161
2005-08-02,14299,8847,4240,2401,9224,075651,PALLADIUM - NEW YORK MERCANTILE EXCHANGE ,195.5,0.477166235401077,-6823,-3.275613275613275,4607,2.344877344877345,0.05161290322580645,0.024833804538855354,0.024096418284905496,-0.03734016906269977,0.558764759578284
2005-08-09,14310,8790,4346,2468,9020,075651,PALLADIUM - NEW YORK MERCANTILE EXCHANGE ,188.1999969482422,0.4578616352201258,-6552,1.8952374291908527,4444,-1.1399398559339813,0.02358983286908078,0.012408647990255785,-0.03734016906269977,-0.016737481124139864,0.5565199201618699
2005-08-16,14444,8598,5063,2568,8189,075651,PALLADIUM - NEW YORK MERCANTILE EXCHANGE ,185.0500030517578,0.38915812794239824,-5621,6.505939902166317,3535,-6.352201257861635,0.08654829413405224,0.06653978478881488,-0.016737481124139864,0.0037827448619192072,0.5527662449391919
2005-08-23,14906,8478,5423,2788,7678,075651,PALLADIUM - NEW YORK MERCANTILE EXCHANGE ,185.75,0.3280558164497518,-4890,5.06092495153697,3055,-3.3231791747438386,0.06984521307089624,0.034529889935975826,0.0037827448619192072,-0.02745629127060889,0.5471942212724483
2005-08-30,14799,8360,5881,3220,7315,075651,PALLADIUM - NEW YORK MERCANTILE EXCHANGE ,180.6499938964844,0.2767078856679505,-4095,5.333422782772038,2479,-3.8642157520461557,0.07546274323682961,0.04044659785127449,-0.02745629127060889,0.01190151800672301,0.5417837339061816
2005-09-06,13315,8392,6698,2291,5615,075651,PALLADIUM - NEW YORK MERCANTILE EXCHANGE ,182.8000030517578,0.24964325948178745,-3324,5.209811473748227,1694,-5.304412460301372,0.3325322539843157,0.056262425447316106,0.01190151800672301,-0.0032823090453982795,0.5356033719619325
2005-09-13,13287,8601,6965,2082,5340,075651,PALLADIUM - NEW YORK MERCANTILE EXCHANGE ,182.1999969482422,0.2452020772183337,-3258,0.49568156214795345,1636,-0.4355989485542621,0.0652115332794395,0.03057946807143775,-0.0032823090453982795,0.09796929968438084,0.5296860096097902
2005-09-20,13368,9032,5107,1437,7487,075651,PALLADIUM - NEW YORK MERCANTILE EXCHANGE ,200.0500030517578,0.4525733093955715,-6050,-21.0130202453526,3925,17.22736509370061,0.3128641864634693,0.16189263738595375,0.09796929968438084,-0.009747547705548865,0.5279749591913896
2005-09-27,13218,8954,4038,1402,8506,075651,PALLADIUM - NEW YORK MERCANTILE EXCHANGE ,198.1000061035156,0.5374489332728098,-7104,-7.884500299222023,4916,7.413225613405147,0.1063786838918046,0.08828509852216748,-0.009747547705548865,0.007824269284266716,0.5268930712562084
2005-10-04,13206,8912,3896,1373,8718,075651,PALLADIUM - NEW YORK MERCANTILE EXCHANGE ,199.6499938964844,0.5561865818567318,-7345,-1.8232712967165985,5016,0.7565441065214102,0.0238826677237142,0.014366021236727046,0.007824269284266716,0.043075413806296314,0.5251979766595755
2005-10-18,13255,9073,2463,1431,10164,075651,PALLADIUM - NEW YORK MERCANTILE EXCHANGE ,208.25,0.6588457185967559,-8733,-10.510374072391338,6610,12.070271088898986,0.12971108236308754,0.1381761442441054,0.043075413806296314,0.05666267972032557,0.523956862355512
2005-10-25,13905,9385,2250,1475,10779,075651,PALLADIUM - NEW YORK MERCANTILE EXCHANGE ,220.0500030517578,0.6691118302768788,-9304,-4.307808374198416,7135,3.960769520935496,0.05377835808715521,0.04512247529007306,0.05666267972032557,0.01522377095327121,0.5228364367389029
2005-11-01,14180,9189,2259,2091,11070,075651,PALLADIUM - NEW YORK MERCANTILE EXCHANGE ,223.3999938964844,0.6332157968970381,-8979,2.3372887450557354,6930,-1.474289823804387,0.06891573588633082,0.017907058001397625,0.01522377095327121,0.042972275585486,0.5208260284501347
2005-11-08,14221,9295,2145,2175,11513,075651,PALLADIUM - NEW YORK MERCANTILE EXCHANGE ,233.0,0.6566345545320301,-9338,-2.5317348377997178,7150,1.5514809590973202,0.038500876680303914,0.019230769230769232,0.042972275585486,0.08025749763194079,0.5202662874184407
2005-11-15,14838,8687,2359,2841,11555,075651,PALLADIUM - NEW YORK MERCANTILE EXCHANGE ,251.6999969482422,0.5872759131958485,-8714,4.387877083186837,6328,-5.780184234582659,0.04918032786885246,0.07441607821835959,0.08025749763194079,0.033969023263500375,0.5186681837735765
2005-11-22,14981,8740,2311,2473,11758,075651,PALLADIUM - NEW YORK MERCANTILE EXCHANGE ,260.25,0.6197850610773646,-9285,-3.8482275239250576,6429,0.6806847284000539,0.0401236736701567,0.009139444394172472,0.033969023263500375,0.012103722945185025,0.5181334766119987
2005-11-29,16130,8745,2057,4148,13376,075651,PALLADIUM - NEW YORK MERCANTILE EXCHANGE ,263.3999938964844,0.572101673899566,-9228,0.3804819437954743,6688,1.7288565516320673,0.1879137183291486,0.02397704128865025,0.012103722945185025,0.0466971093225641,0.5168279819635293
2005-12-06,15157,8728,1701,3081,12883,075651,PALLADIUM - NEW YORK MERCANTILE EXCHANGE ,275.70001220703125,0.646697895361879,-9802,-3.5585864848109114,7027,2.101673899566026,0.09771986970684039,0.035765653466295906,0.0466971093225641,-0.019042436588858846,0.5183731767025456
2005-12-13,14191,7008,1585,3609,11809,075651,PALLADIUM - NEW YORK MERCANTILE EXCHANGE ,270.45001220703125,0.5778310196603481,-8200,10.56937388665303,5423,-10.582569109982186,0.10390452717602802,0.21366228325381123,-0.019042436588858846,-0.05768166167274469,0.5186605043194823
2005-12-20,14286,7292,1511,3645,12381,075651,PALLADIUM - NEW YORK MERCANTILE EXCHANGE ,254.8500061035156,0.6115077698446031,-8736,-3.777041787048129,5781,2.5227256712000563,0.03793835018095595,0.040667954106554584,-0.05768166167274469,0.005493403425369081,0.5199015670470426
2005-12-27,13997,7166,1257,3560,12407,075651,PALLADIUM - NEW YORK MERCANTILE EXCHANGE ,256.25,0.6320640137172251,-8847,-0.7769844603107937,5909,0.8959820803583929,0.006951838166217824,0.04511456725632198,0.005493403425369081,0.02809760861280486,0.5219198144932856
2006-01-03,13930,6835,1282,3618,12398,075651,PALLADIUM - NEW YORK MERCANTILE EXCHANGE ,263.45001220703125,0.6302943287867911,-8780,0.47867400157176543,5553,-2.5434021576052013,0.004183316683316683,0.043858568436614516,0.02809760861280486,0.043841287750225,0.5244254746622624
2006-01-17,14028,6857,1604,3332,11979,075651,PALLADIUM - NEW YORK MERCANTILE EXCHANGE ,275.0,0.6164100370687197,-8647,0.9547738693467337,5253,-2.1536252692031588,0.046045326889164656,0.040657132726628055,0.043841287750225,-0.008727250532670427,0.5268640999125946
2006-01-24,14642,6878,1588,3782,12247,075651,PALLADIUM - NEW YORK MERCANTILE EXCHANGE ,272.6000061035156,0.5781314028138232,-8465,1.2974051896207583,5290,0.26375819788993443,0.04479381121716888,0.004370422867942357,-0.008727250532670427,0.08932503873191067,0.5278864616404602
2006-01-31,15939,8099,1668,2940,12899,075651,PALLADIUM - NEW YORK MERCANTILE EXCHANGE ,296.95001220703125,0.6248196248196248,-9959,-10.203524108728315,6431,7.79265127714793,0.09432413662478692,0.13320364492679432,0.08932503873191067,-0.02609866873686728,0.5292015828812755
2006-02-07,16206,8380,1665,2816,13290,075651,PALLADIUM - NEW YORK MERCANTILE EXCHANGE ,289.20001220703125,0.64630383808466,-10474,-3.231068448459753,6715,1.7817930861409124,0.0319756612442568,0.028272772523643602,-0.02609866873686728,-0.028699923790477255,0.5310073112526863
2006-02-14,16189,8112,1689,3030,12853,075651,PALLADIUM - NEW YORK MERCANTILE EXCHANGE ,280.8999938964844,0.6067700290320588,-9823,4.0170307293594965,6423,-1.8018018018018018,0.04098721903922433,0.029792878277726764,-0.028699923790477255,0.046635836198498426,0.5325484852827184
2006-02-21,17219,8201,1816,3370,13046,075651,PALLADIUM - NEW YORK MERCANTILE EXCHANGE ,294.0,0.5619373947383705,-9676,0.908023966891099,6385,-0.23472728395824327,0.03246832358674464,0.0215633423180593,0.046635836198498426,-0.015986436078337607,0.5335605907252837
2006-02-28,16905,8224,1703,4289,14017,075651,PALLADIUM - NEW YORK MERCANTILE EXCHANGE ,289.29998779296875,0.5754510499852115,-9728,-0.30199198559730533,6521,0.7898251931006446,0.10324483775811209,0.01370001007353682,-0.015986436078337607,-0.0006912606218160144,0.5346146639321581
2006-03-07,15751,8525,1791,2861,12850,075651,PALLADIUM - NEW YORK MERCANTILE EXCHANGE ,289.1000061035156,0.6341819567011618,-9989,-1.543921916592724,6734,1.2599822537710736,0.16517089936986826,0.037708414113997675,-0.0006912606218160144,0.04877207127580263,0.5368973177040837
2006-03-14,14680,8334,1923,2185,11419,075651,PALLADIUM - NEW YORK MERCANTILE EXCHANGE ,303.20001220703125,0.6290190735694823,-9234,4.793346454193385,6411,-2.0506634499396865,0.154880917377242,0.031490689285366094,0.04877207127580263,0.03875329659280102,0.5386607365379935
2006-03-21,14744,8852,1863,2140,11757,075651,PALLADIUM - NEW YORK MERCANTILE EXCHANGE ,314.95001220703125,0.6522653282691264,-9617,-2.608991825613079,6989,3.937329700272479,0.027559905015470964,0.0539430704619692,0.03875329659280102,0.07794883899490346,0.538270189476262
2006-03-28,16410,10585,2435,1523,12344,075651,PALLADIUM - NEW YORK MERCANTILE EXCHANGE ,339.5,0.6594149908592322,-10821,-8.16603364080304,8150,7.87438958220293,0.08682483594144372,0.17703533026113671,0.07794883899490346,0.008394716063374386,0.5364754199300324
2006-04-04,17125,11184,2498,1452,12906,075651,PALLADIUM - NEW YORK MERCANTILE EXCHANGE ,342.3500061035156,0.6688467153284672,-11454,-3.857404021937843,8686,3.2663010359536866,0.04408692018386962,0.04838473907323491,0.008394716063374386,0.01066158560365471,0.5344867997867498
2006-04-11,18261,11378,2618,2304,14045,075651,PALLADIUM - NEW YORK MERCANTILE EXCHANGE ,346.0,0.6429549312743004,-11741,-1.675912408759124,8760,0.4321167883211679,0.12178114869410973,0.02243498142326379,0.01066158560365471,0.054913294797687806,0.5329949181377945
2006-04-18,17850,11125,2718,2041,13549,075651,PALLADIUM - NEW YORK MERCANTILE EXCHANGE ,365.0,0.6447058823529411,-11508,1.2759432670719018,8407,-1.9330814303707355,0.04868505452212957,0.025500252835368057,0.054913294797687806,0.008904109589041198,0.5315671330284293
2006-04-25,17636,10538,2978,2643,13122,075651,PALLADIUM - NEW YORK MERCANTILE EXCHANGE ,368.25,0.5941823542753459,-10479,5.764705882352941,7560,-4.745098039215686,0.06527117031398667,0.06266646936963599,0.008904109589041198,0.04915140829196374,0.5290789028303599
2006-05-02,18339,11461,3143,2593,13770,075651,PALLADIUM - NEW YORK MERCANTILE EXCHANGE ,386.3500061035156,0.6094661650035443,-11177,-3.9578135631662508,8318,4.298026763438421,0.0426572144472285,0.07450013694878116,0.04915140829196374,0.02213016088494113,0.5277446863213642
2006-05-09,18379,11180,3258,2891,13704,075651,PALLADIUM - NEW YORK MERCANTILE EXCHANGE ,394.8999938964844,0.588334512215028,-10813,1.984841049130269,7922,-2.1593325699329298,0.021934317565531786,0.02742762155423189,0.02213016088494113,-0.04532791636653333,0.5267552008108373
2006-05-16,17753,10825,3086,2628,13461,075651,PALLADIUM - NEW YORK MERCANTILE EXCHANGE ,377.0,0.6102067256238383,-10833,-0.10881984874041026,7739,-0.9957016159747537,0.03145005904655355,0.03788368916684638,-0.04532791636653333,-0.03620688036202757,0.5270517426341372
2006-05-23,17388,9887,3182,2799,12139,075651,PALLADIUM - NEW YORK MERCANTILE EXCHANGE ,363.3500061035156,0.5371520588911893,-9340,8.409846223173547,6705,-5.8243677124992965,0.09994644530727005,0.07911852475323285,-0.03620688036202757,-0.021742104757894842,0.5271858172247336
2006-05-30,19326,9973,2616,4956,14848,075651,PALLADIUM - NEW YORK MERCANTILE EXCHANGE ,355.45001220703125,0.5118493221566801,-9892,-3.1746031746031744,7357,3.749712445364619,0.2457079377903454,0.05179124632615776,-0.021742104757894842,-0.027008034249058066,0.527271438596036
2006-06-06,15514,9018,2300,2601,11682,075651,PALLADIUM - NEW YORK MERCANTILE EXCHANGE ,345.8500061035156,0.5853422714967127,-9081,4.196419331470558,6718,-3.3064265755976403,0.3865434432542183,0.1122989927549037,-0.027008034249058066,-0.21150785775782233,0.529467248191603
2006-06-13,14355,7810,2215,2678,10427,075651,PALLADIUM - NEW YORK MERCANTILE EXCHANGE ,272.70001220703125,0.5398119122257053,-7749,8.58579347685961,5595,-7.238623179064072,0.10164059519267456,0.1289775561097257,-0.21150785775782233,0.10084341316098744,0.5325486470718838
2006-06-20,13681,7370,2008,2891,9885,075651,PALLADIUM - NEW YORK MERCANTILE EXCHANGE ,300.20001220703125,0.5112199400628609,-6994,5.259491466388018,5362,-1.6231278300243819,0.05909517845961177,0.06899125613137129,0.10084341316098744,0.03564284228634196,0.534664232013853
2006-06-27,13149,7380,2535,2943,9513,075651,PALLADIUM - NEW YORK MERCANTILE EXCHANGE ,310.8999938964844,0.4996577686516085,-6570,3.0991886558000146,4845,-3.7789635260580363,0.0340398201669878,0.05416036308623298,0.03564284228634196,0.04696045799337245,0.5372511740073924
2006-08-08,12388,6399,2151,2943,9097,075651,PALLADIUM - NEW YORK MERCANTILE EXCHANGE ,325.5,0.49677106877623506,-6154,3.1637386873526503,4248,-4.540269221994068,0.0345514950166113,0.15964912280701754,0.04696045799337245,0.0,0.5396430163665442
2006-08-29,14073,6343,1393,4233,11063,075651,PALLADIUM - NEW YORK MERCANTILE EXCHANGE ,325.5,0.485326511760108,-6830,-5.456893768162739,4950,5.666774297707459,0.21286610878661089,0.10522233712512927,0.0,0.0749615787910427,0.5423267224229028
2006-09-05,11444,6455,1905,2802,9327,075651,PALLADIUM - NEW YORK MERCANTILE EXCHANGE ,349.8999938964844,0.5701677735057672,-6525,2.1672706601293257,4550,-2.842322177218788,0.2611097369939814,0.07464114832535886,0.0749615787910427,-0.12089165055968232,0.5473178283690833
2006-09-12,11489,5879,2247,3601,8855,075651,PALLADIUM - NEW YORK MERCANTILE EXCHANGE ,307.6000061035156,0.4573069892941074,-5254,11.10625655365257,3632,-8.021670744494932,0.10203917790622993,0.11297071129707113,-0.12089165055968232,-0.008290046358740089,0.5497727326744599
2006-09-19,10823,5111,2381,3871,8015,075651,PALLADIUM - NEW YORK MERCANTILE EXCHANGE ,305.04998779296875,0.3828882934491361,-4144,9.661415266776917,2730,-7.8509879014709725,0.0933871781928319,0.1203950880939669,-0.008290046358740089,0.032125942313421696,0.55088056095311
2006-09-26,10884,4839,1873,4149,8452,075651,PALLADIUM - NEW YORK MERCANTILE EXCHANGE ,314.8500061035156,0.39535097390665197,-4303,-1.469093596969417,2966,2.1805414395269334,0.05674152845012301,0.1162097735399285,0.032125942313421696,-0.005875833151190668,0.5496464679604723
2006-10-03,11344,5094,2106,4129,8422,075651,PALLADIUM - NEW YORK MERCANTILE EXCHANGE ,313.0,0.3784379407616361,-4293,0.09187798603454612,2988,0.20213156927600148,0.003983746315034659,0.06777777777777778,-0.005875833151190668,-0.04600637027630794,0.5477478469097139
2006-10-10,11681,5187,2368,4354,8432,075651,PALLADIUM - NEW YORK MERCANTILE EXCHANGE ,298.6000061035156,0.34911394572382504,-4078,1.8952750352609307,2819,-1.489774330042313,0.018379477553574223,0.04698874917273329,-0.04600637027630794,0.06095104259021267,0.5456565451886312
2006-10-17,11498,5194,2404,4272,8423,075651,PALLADIUM - NEW YORK MERCANTILE EXCHANGE ,316.79998779296875,0.36101930770568796,-4151,-0.6249464943069943,2790,-0.24826641554661416,0.007168176447420244,0.005659384048433799,0.06095104259021267,0.011679331911619961,0.545115414030233
2006-10-24,12139,5592,2469,4182,8900,075651,PALLADIUM - NEW YORK MERCANTILE EXCHANGE ,320.5,0.3886646346486531,-4718,-4.931292398678031,3123,2.8961558531918596,0.043341996636599905,0.05743704255055204,0.011679331911619961,0.0,0.5462809682263656
2006-10-31,12707,5803,2519,4439,9463,075651,PALLADIUM - NEW YORK MERCANTILE EXCHANGE ,320.5,0.3953726292594633,-5024,-2.520800724936156,3284,1.3263036493945135,0.05898431880304992,0.03136265320836337,0.0,0.04836193447737913,0.5485629825262024
2006-11-07,12963,6258,2583,4346,10017,075651,PALLADIUM - NEW YORK MERCANTILE EXCHANGE ,336.0,0.43747589292602024,-5671,-5.0916817502164164,3675,3.0770441488943105,0.04504629951959897,0.05870376654224635,0.04836193447737913,-0.011904761904761862,0.5521751485539761
2006-12-05,11042,4598,2496,4118,8278,075651,PALLADIUM - NEW YORK MERCANTILE EXCHANGE ,332.0,0.37674334359717443,-4160,11.656252410707397,2102,-12.134536758466405,0.15868021942562116,0.24626444882999718,-0.011904761904761862,-0.016265041856880602,0.5547047882920307
2006-12-12,11196,4685,2598,4092,8264,075651,PALLADIUM - NEW YORK MERCANTILE EXCHANGE ,326.6000061035156,0.37263308324401573,-4172,-0.10867596449918493,2087,-0.13584495562398116,0.0032372936225315637,0.02595084443223946,-0.016265041856880602,-0.002602590592867937,0.5531674762506547
2006-12-19,11185,4504,2600,4238,8120,075651,PALLADIUM - NEW YORK MERCANTILE EXCHANGE ,325.75,0.3470719713902548,-3882,2.5902107895677027,1904,-1.634512325830654,0.023466580352807898,0.025760135135135136,-0.002602590592867937,0.0029163843654067545,0.5495063808298364
2006-12-26,11332,4545,2684,4341,8224,075651,PALLADIUM - NEW YORK MERCANTILE EXCHANGE ,326.70001220703125,0.34265795975997176,-3883,-0.008940545373267769,1861,-0.3844434510505141,0.01647433346597692,0.017291464932909117,0.0029163843654067545,0.04453623278026808,0.5454000611741294
2007-01-30,15607,9125,2615,3518,12450,075651,PALLADIUM - NEW YORK MERCANTILE EXCHANGE ,341.25,0.5723072980073044,-8932,-44.555241793152135,6510,41.02541475467702,0.3161948897795591,0.39599659284497446,0.04453623278026808,0.008205092433608119,0.5437358607781785
2007-02-06,15654,9154,2543,3557,12685,075651,PALLADIUM - NEW YORK MERCANTILE EXCHANGE ,344.04998779296875,0.5831097483071419,-9128,-1.255846735439226,6611,0.6471455116293972,0.01686984361531831,0.008634692656236643,0.008205092433608119,0.0015986581312650294,0.5420819745864527
2007-02-13,16358,8930,2666,3962,12783,075651,PALLADIUM - NEW YORK MERCANTILE EXCHANGE ,344.6000061035156,0.5392468516933611,-8821,1.961160086878753,6264,-2.216685831097483,0.030038817557479846,0.029924111762676786,0.0015986581312650294,-0.014074306493362942,0.5402748794863821
2007-02-20,15572,8260,2475,4180,12472,075651,PALLADIUM - NEW YORK MERCANTILE EXCHANGE ,339.75,0.5324942203955818,-8292,3.2338916737987526,5785,-2.928230835065411,0.031767955801104975,0.08020493712156497,-0.014074306493362942,0.0334069348153514,0.5378875653683735
2007-02-27,17344,9147,2500,5124,14014,075651,PALLADIUM - NEW YORK MERCANTILE EXCHANGE ,351.1000061035156,0.5125691881918819,-8890,-3.840226046750578,6647,5.535576676085281,0.12989863099592433,0.07830342577487764,0.0334069348153514,-0.011392765395796256,0.5364508975798356
2007-03-06,15612,8741,1951,4253,13030,075651,PALLADIUM - NEW YORK MERCANTILE EXCHANGE ,347.1000061035156,0.5621957468613886,-8777,0.6515221402214022,6790,0.8244926199261992,0.10733090319967598,0.08931911709689487,-0.011392765395796256,0.0072025351657711845,0.5353434107679899
2007-03-13,15502,8973,1953,4263,13235,075651,PALLADIUM - NEW YORK MERCANTILE EXCHANGE ,349.6000061035156,0.5787640304476842,-8972,-1.2490392006149116,7020,1.4732257238022035,0.012287118527831752,0.0214168039538715,0.0072025351657711845,0.004576676417568093,0.5354715330092998
2007-03-20,15320,8715,1928,4345,13154,075651,PALLADIUM - NEW YORK MERCANTILE EXCHANGE ,351.20001220703125,0.575,-8809,1.051477228744678,6787,-1.5030318668558895,0.009314817989599405,0.026590247110777038,0.004576676417568093,0.0034168042361732986,0.5340927273292636
2007-03-27,15673,8821,2171,4184,13107,075651,PALLADIUM - NEW YORK MERCANTILE EXCHANGE ,352.3999938964844,0.5693230396222804,-8923,-0.7441253263707571,6650,-0.8942558746736292,0.012029379445954542,0.03175036390101892,0.0034168042361732986,0.005533519412046495,0.5339291123285317
2007-04-03,15692,8965,2007,4036,13282,075651,PALLADIUM - NEW YORK MERCANTILE EXCHANGE ,354.3500061035156,0.5892174356359928,-9246,-2.0608690104000513,6958,1.9651630192050022,0.018651114447395773,0.02807145461173897,0.005533519412046495,0.03386482233189092,0.5335004520552891
2007-06-05,18107,11693,1478,3550,16274,075651,PALLADIUM - NEW YORK MERCANTILE EXCHANGE ,366.3500061035156,0.702711658474623,-12724,-22.164160081570227,10215,20.755799133316337,0.17544390637610977,0.2472857034393744,0.03386482233189092,0.004776852656870112,0.534859060608316
2007-06-12,18198,11972,1536,3532,16336,075651,PALLADIUM - NEW YORK MERCANTILE EXCHANGE ,368.1000061035156,0.7035938015166502,-12804,-0.4418180814049815,10436,1.2205224498812612,0.004026575397624321,0.024948178856973646,0.004776852656870112,0.011274093528043316,0.5362686658531209
2007-06-19,18634,12512,2273,3419,16095,075651,PALLADIUM - NEW YORK MERCANTILE EXCHANGE ,372.25,0.6802618868734571,-12676,0.7033739971425431,10239,-1.0825365424771953,0.018140821973967408,0.08637132228610078,0.011274093528043316,-0.013834772052342181,0.5374965860416736
2007-06-26,18165,12954,1344,2703,16470,075651,PALLADIUM - NEW YORK MERCANTILE EXCHANGE ,367.1000061035156,0.7578860445912469,-13767,-5.854888912740153,11610,7.357518514543308,0.05690293642100871,0.09588753671842215,-0.013834772052342181,0.037864324885259704,0.5409534060758548
2007-07-03,17549,12355,1404,2603,15752,075651,PALLADIUM - NEW YORK MERCANTILE EXCHANGE ,381.0,0.7492734628753775,-13149,3.4021469859620153,10951,-3.6278557665840907,0.04456551348406429,0.04789592266879861,0.037864324885259704,0.0,0.5433467491153885
2007-07-10,17613,12516,1297,2489,15916,075651,PALLADIUM - NEW YORK MERCANTILE EXCHANGE ,381.0,0.7623346391869642,-13427,-1.5841358481964785,11219,1.5271525443045189,0.015104591143710948,0.019402012596829075,0.0,0.0,0.5455781106750482
2007-07-31,18623,12864,1463,3183,16627,075651,PALLADIUM - NEW YORK MERCANTILE EXCHANGE ,381.0,0.7219030231434248,-13444,-0.09651961619258502,11401,1.0333276557088515,0.07092377587077234,0.03587631744259091,0.0,-0.11968505538980478,0.5477922067156514
2007-09-04,16511,10835,3328,3620,12048,075651,PALLADIUM - NEW YORK MERCANTILE EXCHANGE ,335.3999938964844,0.5104475804009448,-8428,26.93443591258122,7507,-20.90962787950384,0.3201429665560378,0.27494174962931583,-0.11968505538980478,-0.002236135997758737,0.5468020179783933
2007-09-11,16264,10361,3609,3978,11749,075651,PALLADIUM - NEW YORK MERCANTILE EXCHANGE ,334.6499938964844,0.477803738317757,-7771,3.979165404881594,6752,-4.572709103022228,0.04177529090099828,0.05404438081603436,-0.002236135997758737,-0.0088151254841069,0.5449241850617115
2007-09-18,15817,9608,3751,4337,11171,075651,PALLADIUM - NEW YORK MERCANTILE EXCHANGE ,331.70001220703125,0.4320667636087754,-6834,5.7611903590752584,5857,-5.502951303492376,0.06042042816610781,0.06699603263717344,-0.0088151254841069,0.025173274882865693,0.5410373544253194
2007-09-25,15799,9796,3528,4012,11624,075651,PALLADIUM - NEW YORK MERCANTILE EXCHANGE ,340.04998779296875,0.481802645737072,-7612,-4.918758298033761,6268,2.598470000632231,0.049756971092350985,0.03084659261483038,0.025173274882865693,0.005440394559407924,0.5382062692746961
2007-10-02,15946,9808,3324,4059,12116,075651,PALLADIUM - NEW YORK MERCANTILE EXCHANGE ,341.8999938964844,0.5052677787532923,-8057,-2.816633964174948,6484,1.367175137666941,0.03332302936630603,0.016448370392933294,0.005440394559407924,0.020473823120685353,0.5353793933224685
2007-12-04,14761,9122,1956,3937,12317,075651,PALLADIUM - NEW YORK MERCANTILE EXCHANGE ,348.8999938964844,0.5677122146196057,-8380,-2.025586353944563,7166,4.276934654458799,0.019872031499938478,0.18541252933742552,0.020473823120685353,-0.0042992262145038485,0.5336158783947834
2007-12-11,14332,8771,1884,3815,11908,075651,PALLADIUM - NEW YORK MERCANTILE EXCHANGE ,347.3999938964844,0.5646804353893385,-8093,1.9443127159406544,6887,-1.8901158458099045,0.03377218088151116,0.03969967151572032,-0.0042992262145038485,0.035261946503229336,0.5316126807036464
2007-12-18,14511,9094,1829,3646,12206,075651,PALLADIUM - NEW YORK MERCANTILE EXCHANGE ,359.6499938964844,0.5898973192750327,-8560,-3.2584426458275186,7265,2.637454646943902,0.029460005046681805,0.03460587750617962,0.035261946503229336,0.5722230552012213,0.5305923420113527
2008-03-04,21466,12270,2580,4328,17315,075651,PALLADIUM - NEW YORK MERCANTILE EXCHANGE ,565.4500122070312,0.6050032609708376,-12987,-30.507890565777686,9690,16.71146027151816,0.26756919096243587,0.2644444444444444,0.5722230552012213,-0.12238042393337978,0.5298288300616969
2008-03-11,20606,12465,2483,4469,17320,075651,PALLADIUM - NEW YORK MERCANTILE EXCHANGE ,496.25,0.6236533048626614,-12851,0.6335600484487096,9982,1.3602906922575235,0.006700628757629997,0.019534385871019536,-0.12238042393337978,-0.018035289082178774,0.530395579111453
2008-03-18,20216,12066,2332,4666,17126,075651,PALLADIUM - NEW YORK MERCANTILE EXCHANGE ,487.2999877929688,0.6163434903047091,-12460,1.8975055808987673,9734,-1.2035329515675046,0.01794236417033774,0.03819974996527296,-0.018035289082178774,-0.052226518216671236,0.5305278353672446
2008-03-25,20188,12709,2390,4674,17227,075651,PALLADIUM - NEW YORK MERCANTILE EXCHANGE ,461.8500061035156,0.6218050326926887,-12553,-0.46003165809259994,10319,2.8937475267115156,0.004976941692160175,0.04642691568978078,-0.052226518216671236,-0.02024468113013289,0.5311714992225842
2008-04-01,19649,12001,2462,5030,16660,075651,PALLADIUM - NEW YORK MERCANTILE EXCHANGE ,452.5,0.5918876278691028,-11630,4.572022983950862,9539,-3.863681394888052,0.0425541724296911,0.05393071976768305,-0.02024468113013289,-0.03856356288846674,0.530819208881147
2008-06-03,17052,9686,2183,4749,14017,075651,PALLADIUM - NEW YORK MERCANTILE EXCHANGE ,435.0499877929688,0.5435139573070608,-9268,12.020967988192783,7503,-10.361850475851188,0.1558137056378557,0.21855253180554385,-0.03856356288846674,-0.022296246320248625,0.5309415530814522
2008-06-10,17007,9805,2611,4758,13370,075651,PALLADIUM - NEW YORK MERCANTILE EXCHANGE ,425.3500061035156,0.5063797259951784,-8612,3.8470560638048323,7194,-1.8121041520056298,0.03618711385701677,0.04405605670103093,-0.022296246320248625,0.08416595105033631,0.5308363685398849
2008-06-17,16923,10676,2895,3971,13593,075651,PALLADIUM - NEW YORK MERCANTILE EXCHANGE ,461.1499938964844,0.5685753117059623,-9622,-5.938731110719115,7781,3.4515199623684363,0.05750398542473241,0.08510795077739297,0.08416595105033631,0.018323782541192157,0.5305139270054474
2008-06-24,17078,10716,3315,3954,13414,075651,PALLADIUM - NEW YORK MERCANTILE EXCHANGE ,469.6000061035156,0.5539290315025178,-9460,0.9572770785321751,7401,-2.2454647521125097,0.011285122063565177,0.03278454849975055,0.018323782541192157,0.005217167073275464,0.530785410068463
2008-07-01,17252,11125,3303,3477,13539,075651,PALLADIUM - NEW YORK MERCANTILE EXCHANGE ,472.0499877929688,0.5832367261766752,-10062,-3.5250029277432953,7822,2.4651598547839324,0.03537846732487071,0.0291793734405323,0.005217167073275464,-0.06270517180676094,0.5321703482629594
2008-07-08,16575,10794,3397,3350,12686,075651,PALLADIUM - NEW YORK MERCANTILE EXCHANGE ,442.4500122070313,0.5632579185520362,-9336,4.208207744029678,7397,-2.4634824947832135,0.06111249688201546,0.029948558945810725,-0.06270517180676094,0.0027121294074947677,0.5333934280687369
2008-07-15,15809,10826,2897,2548,12265,075651,PALLADIUM - NEW YORK MERCANTILE EXCHANGE ,443.6499938964844,0.6146498829780505,-9717,-2.2986425339366514,7929,3.2096530920060333,0.08256261392020522,0.0387670334474969,0.0027121294074947677,-0.07246702206421274,0.5356603283418487
2008-07-22,14160,9117,3484,3196,9983,075651,PALLADIUM - NEW YORK MERCANTILE EXCHANGE ,411.5,0.4793079096045198,-6787,18.533746600037954,5633,-14.523372762350558,0.2223233932771834,0.1822077612887866,-0.07246702206421274,-0.0684082476220762,0.5355445859927028
2008-07-29,13647,8441,4203,3290,8638,075651,PALLADIUM - NEW YORK MERCANTILE EXCHANGE ,383.3500061035156,0.39188099948706673,-5348,10.162429378531074,4238,-9.851694915254237,0.12064050972501676,0.11032900980702309,-0.0684082476220762,-0.24285901818500533,0.5321159941846508
2008-09-02,13567,8254,4005,3397,8397,075651,PALLADIUM - NEW YORK MERCANTILE EXCHANGE ,290.25,0.36854131348124125,-5000,2.550010991426687,4249,0.08060379570601597,0.02950652874342886,0.03140549800146831,-0.24285901818500533,-0.16968130921619295,0.5304089619574803
2008-09-09,13270,7483,4408,3703,7751,075651,PALLADIUM - NEW YORK MERCANTILE EXCHANGE ,241.0,0.30504898266767144,-4048,7.0170266086828335,3075,-8.653350040539545,0.08311506897153832,0.09873013203262972,-0.16968130921619295,-0.0705394190871369,0.5289120521347599
2008-09-16,14577,9563,4386,3109,9018,075651,PALLADIUM - NEW YORK MERCANTILE EXCHANGE ,224.0,0.40536461549015573,-5909,-14.024114544084402,5177,15.840241145440844,0.15345922322091202,0.15069180586421965,-0.0705394190871369,0.10200895581926606,0.5291046221652119
2008-09-23,14984,9917,3972,2796,9750,075651,PALLADIUM - NEW YORK MERCANTILE EXCHANGE ,246.8500061035156,0.4640950347036839,-6954,-7.168827605131371,5945,5.268573780613295,0.08329347999362346,0.055295557635538915,0.10200895581926606,-0.09033827223162538,0.5307518739717897
2008-09-30,14933,9884,3711,2809,10049,075651,PALLADIUM - NEW YORK MERCANTILE EXCHANGE ,224.5500030517578,0.4848322507198821,-7240,-1.9087026161238654,6173,1.5216230646022424,0.02426504899673355,0.021625597646193453,-0.09033827223162538,-0.1897127834538328,0.5333618413755601
2008-10-21,14524,9593,3426,3034,10058,075651,PALLADIUM - NEW YORK MERCANTILE EXCHANGE ,181.9499969482422,0.48361332966125037,-7024,1.446460858501306,6167,-0.040179468291702936,0.017873510540788267,0.04424302941854213,-0.1897127834538328,0.0035724603801907673,0.5357194187208593
2008-10-28,14186,9369,3438,2953,9724,075651,PALLADIUM - NEW YORK MERCANTILE EXCHANGE ,182.6000061035156,0.47730156492316367,-6771,1.7419443679427156,5931,-1.6248967226659323,0.03273645184191844,0.018427422503318497,0.0035724603801907673,0.14457827499478992,0.5374239750722922
2008-11-04,13470,8789,3299,2665,9365,075651,PALLADIUM - NEW YORK MERCANTILE EXCHANGE ,209.0,0.4974016332590943,-6700,0.5004934442408008,5490,-3.1086987170449736,0.05378221113881962,0.059480476505625414,0.14457827499478992,0.04569379450601829,0.5393860713030544
2008-11-11,13278,8733,2980,2723,9455,075651,PALLADIUM - NEW YORK MERCANTILE EXCHANGE ,218.5500030517578,0.5070040668775418,-6732,-0.23756495916852266,5753,1.9524870081662953,0.012153062900312038,0.03201570904123623,0.04569379450601829,-0.01807365313697462,0.5407231515713529
2008-11-18,13355,8889,2893,2605,9564,075651,PALLADIUM - NEW YORK MERCANTILE EXCHANGE ,214.6000061035156,0.5210782478472482,-6959,-1.7095948184967618,5996,1.8300948938093087,0.018653956775412935,0.020624681717874724,-0.01807365313697462,-0.08900282180934527,0.5434988228069312
2008-11-25,13294,8934,2974,2375,9280,075651,PALLADIUM - NEW YORK MERCANTILE EXCHANGE ,195.5,0.5194072513916053,-6905,0.4043429427180831,5960,-0.2695619618120554,0.0441012441012441,0.010581121934833725,-0.08900282180934527,-0.11790282890924708,0.5463214029636156
2008-12-02,13056,9005,3200,2343,8818,075651,PALLADIUM - NEW YORK MERCANTILE EXCHANGE ,172.4499969482422,0.49594056372549017,-6475,3.2345418986008725,5805,-1.1659395215886867,0.044261266911567065,0.02433428922572716,-0.11790282890924708,0.036822303368445164,0.549184260508524
2008-12-09,12819,8914,3543,2235,8183,075651,PALLADIUM - NEW YORK MERCANTILE EXCHANGE ,178.8000030517578,0.4639987518527186,-5948,4.036458333333334,5371,-3.324142156862745,0.07131887118448839,0.034839849080838085,0.036822303368445164,-0.009787471868741626,0.5515177372795383
2008-12-16,12662,8913,3506,1995,8068,075651,PALLADIUM - NEW YORK MERCANTILE EXCHANGE ,177.0500030517578,0.4796240720265361,-6073,-0.9751150635775021,5407,0.28083313831032064,0.0352777501739044,0.0030598276833883565,-0.009787471868741626,0.054221918549869574,0.549735367549139
2008-12-30,12427,8757,3795,1971,7760,075651,PALLADIUM - NEW YORK MERCANTILE EXCHANGE ,186.6499938964844,0.4658405085700491,-5789,2.2429316063812985,4962,-3.514452693097457,0.03411776795807214,0.035452517527087314,0.054221918549869574,0.03161001525960683,0.5474801898618872
2009-01-06,12146,8281,3313,1944,8017,075651,PALLADIUM - NEW YORK MERCANTILE EXCHANGE ,192.5500030517578,0.5,-6073,-2.285346423110968,4968,0.04828196668544298,0.028511193655255496,0.08262894600655511,0.03161001525960683,-0.07166971089607488,0.5467254427139379
2009-01-13,12468,8626,3402,2021,8202,075651,PALLADIUM - NEW YORK MERCANTILE EXCHANGE ,178.75,0.49574911774141805,-6181,-0.8891816235797793,5224,2.107689774411329,0.025628484789200823,0.03608247422680412,-0.07166971089607488,-0.003916066843312915,0.5460188061244348
2009-01-20,12387,8371,3511,2105,7880,075651,PALLADIUM - NEW YORK MERCANTILE EXCHANGE ,178.0500030517578,0.4662145798014047,-5775,3.256336220725056,4860,-2.9194738530638435,0.040660991487230846,0.030634573304157548,-0.003916066843312915,0.036225761514686594,0.5451273713476948
2009-01-27,12759,8696,3601,2225,8278,075651,PALLADIUM - NEW YORK MERCANTILE EXCHANGE ,184.5,0.47441022023669566,-6053,-2.2442883668361993,5095,1.8971502381529022,0.04931924212129868,0.03374806863462633,0.036225761514686594,0.0,0.5434391881433738
2009-02-03,12423,8569,3437,1999,8185,075651,PALLADIUM - NEW YORK MERCANTILE EXCHANGE ,184.5,0.4979473557111809,-6186,-1.0424014421192884,5132,0.28999137863468927,0.031323644933228596,0.024237881059470265,0.0,0.14905149051490518,0.541885021321518
2009-02-10,12760,8856,3092,1916,8985,075651,PALLADIUM - NEW YORK MERCANTILE EXCHANGE ,212.0,0.5539968652037618,-7069,-7.1077839491266195,5764,5.087338002092892,0.08100174295936152,0.05289588215600938,0.14905149051490518,0.027830159889077333,0.5414811148831288
2009-02-17,12750,8676,2963,2084,9075,075651,PALLADIUM - NEW YORK MERCANTILE EXCHANGE ,217.8999938964844,0.5483137254901961,-6991,0.6112852664576802,5713,-0.3996865203761755,0.023120351285957522,0.02654867256637168,0.027830159889077333,-0.07572281074885434,0.5410770896113579
2009-02-24,12505,8027,2960,2558,8691,075651,PALLADIUM - NEW YORK MERCANTILE EXCHANGE ,201.3999938964844,0.4904438224710116,-6133,6.729411764705882,5067,-5.066666666666666,0.07627344652858031,0.05934285974333303,-0.07572281074885434,-0.04518366991313716,0.539177597050493
2009-03-03,11460,7364,3122,2367,7521,075651,PALLADIUM - NEW YORK MERCANTILE EXCHANGE ,192.3000030517578,0.44973821989528795,-5154,7.828868452618952,4242,-6.597361055577769,0.1376415857605178,0.0786763303452222,-0.04518366991313716,0.022360909950690067,0.5343127232316596
2009-03-10,12031,7658,3241,2559,7834,075651,PALLADIUM - NEW YORK MERCANTILE EXCHANGE ,196.6000061035156,0.43845066910481256,-5275,-1.055846422338569,4417,1.5270506108202444,0.048590397382853846,0.03789338471419396,0.022360909950690067,0.0025432349159579815,0.5292138168391242
2009-03-17,12275,8000,3589,2707,7761,075651,PALLADIUM - NEW YORK MERCANTILE EXCHANGE ,197.1000061035156,0.4117311608961303,-5054,1.8369212866760867,4411,-0.0498711661541019,0.02111196025983951,0.0595392182241781,0.0025432349159579815,0.05225767363781464,0.5240497644164833
2009-03-24,12363,8134,3335,2432,8266,075651,PALLADIUM - NEW YORK MERCANTILE EXCHANGE ,207.3999938964844,0.47189193561433307,-5834,-6.3543788187372705,4799,3.160896130346232,0.07291082445316882,0.033830325224518266,0.05225767363781464,0.054966294555260475,0.5185498777053887
2009-03-31,13174,8619,2883,2594,9716,075651,PALLADIUM - NEW YORK MERCANTILE EXCHANGE ,218.8000030517578,0.5406102930013663,-7122,-10.418183288845748,5736,7.579066569602848,0.13095044679122664,0.0814640932011824,0.054966294555260475,0.032906749761511644,0.5145371244385809
2009-04-07,13901,9014,3246,2677,10100,075651,PALLADIUM - NEW YORK MERCANTILE EXCHANGE ,226.0,0.5339903604057262,-7423,-2.284803400637619,5768,0.24290268711097615,0.03655005087266181,0.06182707993474715,0.032906749761511644,0.052876092691337195,0.5101458883081725
2009-04-14,14759,9619,2793,2755,11401,075651,PALLADIUM - NEW YORK MERCANTILE EXCHANGE ,237.9499969482422,0.5858120468866455,-8646,-8.797928206603842,6826,7.610963240054672,0.09741452387680136,0.08524009023525621,0.052876092691337195,-0.06640051798443403,0.5075287541493883
2009-04-21,14473,9164,2999,2890,10918,075651,PALLADIUM - NEW YORK MERCANTILE EXCHANGE ,222.1499938964844,0.554688039798245,-8028,4.187275560674843,6165,-4.4786232129548065,0.044756662804171496,0.0543451451122256,-0.06640051798443403,-0.024307873260625223,0.508379532214721
2009-04-28,13733,8906,3047,2672,10020,075651,PALLADIUM - NEW YORK MERCANTILE EXCHANGE ,216.75,0.5350615306196752,-7348,4.698403924549161,5859,-2.1142817660471223,0.08792940434919634,0.025600267715217936,-0.024307873260625223,0.027912355486771956,0.5094806436051424
2009-05-05,14342,9471,3594,2803,9887,075651,PALLADIUM - NEW YORK MERCANTILE EXCHANGE ,222.8000030517578,0.49393390043229674,-7084,1.922376756717396,5877,0.13107114250345883,0.020803782505910164,0.08511289705319557,0.027912355486771956,0.05184022842708247,0.510670396236364
2009-05-12,15532,10472,3647,2764,11337,075651,PALLADIUM - NEW YORK MERCANTILE EXCHANGE ,234.3500061035156,0.5519572495493176,-8573,-10.382094547482918,6825,6.609956770324919,0.10559534784767038,0.07465117926198739,0.05184022842708247,-0.00149351864476166,0.5120195232327533
2009-05-19,16488,10579,3705,3121,11819,075651,PALLADIUM - NEW YORK MERCANTILE EXCHANGE ,234.0,0.5275351770984958,-8698,-0.8047901107391193,6874,0.31547772340973473,0.056157965194109774,0.011551386166339961,-0.00149351864476166,-0.010897448939135912,0.5124477424316995
2009-05-26,16195,10258,3480,3200,11753,075651,PALLADIUM - NEW YORK MERCANTILE EXCHANGE ,231.4499969482422,0.5281259648039518,-8553,0.8794274623968947,6778,-0.5822416302765648,0.009697050759045008,0.03974377638666472,-0.010897448939135912,0.08230720804899327,0.5116864683967832
2009-06-02,16129,10477,2427,2972,12981,075651,PALLADIUM - NEW YORK MERCANTILE EXCHANGE ,250.5,0.6205592411184823,-10009,-8.990429144797778,8050,7.854276011114542,0.09126810004387889,0.09857408555486671,0.08230720804899327,0.023752543740643617,0.5127610608146512
2009-06-09,16182,10839,2486,2705,13021,075651,PALLADIUM - NEW YORK MERCANTILE EXCHANGE ,256.45001220703125,0.6374984550735385,-10316,-1.9034038068076136,8353,1.8786037572075143,0.01952181101360804,0.03159474671669794,0.023752543740643617,-0.057321160098693924,0.5136764672723149
2009-06-16,16465,11074,2644,2821,13117,075651,PALLADIUM - NEW YORK MERCANTILE EXCHANGE ,241.75,0.6253264500455512,-10296,0.1235941169200346,8430,0.47583735014213324,0.013301543480988831,0.028648491033678378,-0.057321160098693924,-0.02047568541154987,0.514067297831444
2009-06-23,16035,10813,2728,2965,12556,075651,PALLADIUM - NEW YORK MERCANTILE EXCHANGE ,236.8000030517578,0.5981290926099158,-9591,4.2818098997874285,8085,-2.095353780747039,0.04542233103537143,0.025478177387194448,-0.02047568541154987,0.04307431088171376,0.5135764475958143
2009-06-30,16444,11513,2586,2708,13227,075651,PALLADIUM - NEW YORK MERCANTILE EXCHANGE ,247.0,0.6396862077353442,-10519,-5.787340193327097,8927,5.251013408169629,0.05823658613115783,0.059720547556564293,0.04307431088171376,0.1684210773421686,0.5140253460079418
2009-09-01,21655,14794,2684,4363,18281,075651,PALLADIUM - NEW YORK MERCANTILE EXCHANGE ,288.6000061035156,0.6427153082429,-13918,-20.670153247385066,12110,19.356604232546825,0.2962815756933404,0.1933287561505893,0.1684210773421686,0.031704759885564426,0.5144274666915998
2009-09-08,22372,15208,2735,4517,19027,075651,PALLADIUM - NEW YORK MERCANTILE EXCHANGE ,297.75,0.6485785803683175,-14510,-2.7337797275456017,12473,1.6762872315862387,0.0382262996941896,0.025915398762748704,0.031704759885564426,-0.008060432901710768,0.5155176773165847
2009-09-15,22121,15029,2555,4347,18952,075651,PALLADIUM - NEW YORK MERCANTILE EXCHANGE ,295.3500061035156,0.6602323583924777,-14605,-0.42463794028249596,12474,0.004469873055605221,0.010515472767071548,0.02041628753412193,-0.008060432901710768,0.0226848875943646,0.5177622619528427
2009-09-22,23181,15911,2747,4449,19979,075651,PALLADIUM - NEW YORK MERCANTILE EXCHANGE ,302.04998779296875,0.6699452137526423,-15530,-4.181546946340582,13164,3.1192079924054066,0.046217455379073194,0.05756243970414836,0.0226848875943646,-0.04204595994937754,0.5209077521020247
2009-09-29,20094,13037,2482,4494,17222,075651,PALLADIUM - NEW YORK MERCANTILE EXCHANGE ,289.3500061035156,0.633422912312133,-12728,12.087485440662611,10555,-11.2549070359346,0.12902928716153989,0.20226818738320768,-0.04204595994937754,0.0701572053387356,0.522154821344451
2009-10-06,21223,13850,2493,4278,18024,075651,PALLADIUM - NEW YORK MERCANTILE EXCHANGE ,309.6499938964844,0.6476935400273288,-13746,-5.066188912113068,11357,3.9912411665173684,0.0456461303918931,0.050419139692834854,0.0701572053387356,0.06297432709305606,0.5239579849699282
2009-10-13,21914,14068,2341,4638,18880,075651,PALLADIUM - NEW YORK MERCANTILE EXCHANGE ,329.1499938964844,0.6499041708496851,-14242,-2.3370871224614804,11727,1.7433916034490884,0.05170507696232673,0.02254860137729295,0.06297432709305606,0.02384932781127258,0.5252400512136399
2009-10-20,22247,14371,2202,4813,19462,075651,PALLADIUM - NEW YORK MERCANTILE EXCHANGE ,337.0,0.6584708050523667,-14649,-1.8572601989595692,12169,2.016975449484348,0.031184346035015447,0.02666988475230797,0.02384932781127258,-0.02106826736948253,0.5270710682617232
2009-10-27,22694,14789,1885,4832,20218,075651,PALLADIUM - NEW YORK MERCANTILE EXCHANGE ,329.8999938964844,0.6779765576804442,-15386,-3.3128062210635143,12904,3.3038162448869515,0.03093812375249501,0.04408060453400504,-0.02106826736948253,-0.039860546043570255,0.5282888889290769
2009-11-03,22255,14282,1746,5115,19876,075651,PALLADIUM - NEW YORK MERCANTILE EXCHANGE ,316.75,0.6632666816445743,-14761,2.754031902705561,12536,-1.6215739843130343,0.02500900324116682,0.04030446718243075,-0.039860546043570255,0.2045777041609118,0.5318265576221548
2009-12-01,23271,15322,1692,4825,20746,075651,PALLADIUM - NEW YORK MERCANTILE EXCHANGE ,381.5499877929688,0.6841562459713807,-15921,-5.212311840035947,13630,4.915749269827005,0.04536388878025889,0.06429998824497472,0.2045777041609118,-0.021884355531596178,0.537447235439161
2009-12-08,22904,15400,1879,4507,20234,075651,PALLADIUM - NEW YORK MERCANTILE EXCHANGE ,373.2000122070313,0.686648620328327,-15727,0.8336556228782604,13521,-0.46839413862747625,0.03354755264540641,0.015336535679148099,-0.021884355531596178,-0.024919662396441167,0.5435646836477587
2009-12-15,22380,15969,2115,3540,19727,075651,PALLADIUM - NEW YORK MERCANTILE EXCHANGE ,363.8999938964844,0.7232797140303843,-16187,-2.008382815228781,13854,1.4538945162417045,0.06335152791507286,0.04451448794514488,-0.024919662396441167,-0.03228909095102217,0.5516075823278109
2009-12-22,22351,16359,2017,3411,19776,075651,PALLADIUM - NEW YORK MERCANTILE EXCHANGE ,352.1499938964844,0.7321820052794058,-16365,-0.7953529937444146,14342,2.180518319928508,0.007676715400871178,0.026556377884196777,-0.03228909095102217,0.09853759139133045,0.5578925321314503
2009-12-29,22402,16098,2112,3564,19692,075651,PALLADIUM - NEW YORK MERCANTILE EXCHANGE ,386.8500061035156,0.7199357200249977,-16128,1.0603552413762247,13986,-1.5927698984385488,0.01019091847265222,0.019549697968149368,0.09853759139133045,0.08659687080639689,0.5628125453107063
2010-01-05,23379,16060,1942,4063,20470,075651,PALLADIUM - NEW YORK MERCANTILE EXCHANGE ,420.3500061035156,0.7017836519953805,-16407,-1.245424515668244,14118,0.5892331041871262,0.05205233766763136,0.011554271747583602,0.08659687080639689,0.010586372367881847,0.5669846876429274
2010-01-12,23437,15603,2783,4136,19583,075651,PALLADIUM - NEW YORK MERCANTILE EXCHANGE ,424.7999877929688,0.6590860605026241,-15447,4.106249197998204,12820,-5.5519911031267375,0.04047388169821662,0.07059719351680627,0.010586372367881847,0.08686446674769255,0.5703591632360309
2010-01-19,23262,15612,3313,3919,18757,075651,PALLADIUM - NEW YORK MERCANTILE EXCHANGE ,461.7000122070313,0.6378643280887284,-14838,2.598455433715919,12299,-2.2229807569228144,0.04599576644910919,0.028480845442536328,0.08686446674769255,-0.07450730670251127,0.5734469086815224
2010-01-26,23354,15964,3928,3934,18274,075651,PALLADIUM - NEW YORK MERCANTILE EXCHANGE ,427.2999877929688,0.6140275755759185,-14340,2.140830539076606,12036,-1.1305992605966813,0.02242435158501441,0.048612507540719885,-0.07450730670251127,-0.02527495460215534,0.5756897152645384
2010-02-02,23024,16222,3894,3480,18064,075651,PALLADIUM - NEW YORK MERCANTILE EXCHANGE ,416.5,0.6334259902710215,-14584,-1.0447889012588851,12328,1.2503211441294853,0.030820646119569254,0.014515808311791608,-0.02527495460215534,0.04201680672268915,0.5781209060990283
2010-02-23,23459,16537,3404,3078,18330,075651,PALLADIUM - NEW YORK MERCANTILE EXCHANGE ,434.0,0.6501555906048851,-15252,-2.901320361362057,13133,3.4963516330785267,0.031203288490284007,0.040369088811995385,0.04201680672268915,0.021774221675187277,0.5806031626905213
2010-03-02,21597,15802,3465,3062,17651,075651,PALLADIUM - NEW YORK MERCANTILE EXCHANGE ,443.4500122070313,0.6755104875677177,-14589,2.8262074257214715,12337,-3.3931540133850544,0.03355380678800753,0.041314164114807705,0.021774221675187277,0.056037828169764214,0.5836051480016005
2010-03-09,22195,15831,3235,3258,18381,075651,PALLADIUM - NEW YORK MERCANTILE EXCHANGE ,468.2999877929688,0.6813696778553728,-15123,-2.4725656341158495,12596,1.1992406352734175,0.042793105041822634,0.013584391062624566,0.056037828169764214,0.006619701439936954,0.5871710925040982
2010-03-16,23409,16290,2929,3635,19710,075651,PALLADIUM - NEW YORK MERCANTILE EXCHANGE ,471.3999938964844,0.6867016959289163,-16075,-4.289254336562289,13361,3.4467222347375537,0.07307774684086528,0.039804360268484315,0.006619701439936954,-0.01644039053955071,0.5914538414286403
2010-03-23,24170,16517,2913,4182,20151,075651,PALLADIUM - NEW YORK MERCANTILE EXCHANGE ,463.6499938964844,0.6606950765411668,-15969,0.4528172924943398,13604,1.0380622837370241,0.04060329593556076,0.012506433350488934,-0.01644039053955071,0.010568303593202266,0.5949359761308448
2010-03-30,22924,15599,3096,3820,19041,075651,PALLADIUM - NEW YORK MERCANTILE EXCHANGE ,468.5499877929688,0.6639766183912057,-15221,3.0947455523376086,12503,-4.555233760860571,0.0643891343335812,0.058892752072746725,0.010568303593202266,0.0814214606935797,0.5987462859350978
2010-04-06,24075,16450,3168,3807,19918,075651,PALLADIUM - NEW YORK MERCANTILE EXCHANGE ,506.7000122070313,0.6692004153686397,-16111,-3.8823939975571453,13282,3.3981853079741753,0.0375131717597471,0.04704862881027628,0.0814214606935797,0.02782706778419497,0.6020001400768025
2010-04-13,23923,16519,2739,3586,19950,075651,PALLADIUM - NEW YORK MERCANTILE EXCHANGE ,520.7999877929688,0.6840279229193663,-16364,-1.0508826583592938,13780,2.068535825545171,0.010749490142760026,0.02585938311351127,0.02782706778419497,0.05721963996054269,0.6056208863302245
2010-04-20,23490,16471,2860,3365,19462,075651,PALLADIUM - NEW YORK MERCANTILE EXCHANGE ,550.5999755859375,0.6852703277990634,-16097,1.1160807591021193,13611,-0.7064331396563976,0.03105970999255268,0.008742434431741762,0.05721963996054269,-0.004812865049778181,0.609833496868641
2010-04-27,24037,17356,2939,2971,19954,075651,PALLADIUM - NEW YORK MERCANTILE EXCHANGE ,547.9500122070312,0.7065357573740484,-16983,-3.7718177948063007,14417,3.431247339293316,0.03864776444929117,0.04749938408474994,-0.004812865049778181,-0.061501982765352015,0.6142974495058978
2010-05-04,23682,17604,3203,2471,19321,075651,PALLADIUM - NEW YORK MERCANTILE EXCHANGE ,514.25,0.711510852123976,-16850,0.5533136414694013,14401,-0.06656404709406331,0.05199155653450808,0.024607103378670638,-0.061501982765352015,0.032960646002977656,0.6184044398215285
2010-05-11,24964,18983,2798,2693,21019,075651,PALLADIUM - NEW YORK MERCANTILE EXCHANGE ,531.2000122070312,0.7340970998237462,-18326,-6.232581707626045,16185,7.533147538214678,0.08097165991902834,0.08190624856526331,0.032960646002977656,-0.04743978092607748,0.6218679058719128
2010-05-18,23370,17002,2545,2698,19424,075651,PALLADIUM - NEW YORK MERCANTILE EXCHANGE ,506.0,0.715703893881044,-16726,6.409229290177857,14457,-6.921967633392084,0.07232619112196004,0.11428863764260501,-0.04743978092607748,-0.15138341127177002,0.6250869475717368
2010-05-25,21175,14927,2619,3386,17351,075651,PALLADIUM - NEW YORK MERCANTILE EXCHANGE ,429.3999938964844,0.6595041322314049,-13965,11.814291827128798,12308,-9.195549850235345,0.13314365626657665,0.12247805767696342,-0.15138341127177002,0.07300886480933011,0.6283381073748213
2010-06-01,21271,15732,2460,3394,17794,075651,PALLADIUM - NEW YORK MERCANTILE EXCHANGE ,460.75,0.6769780452258944,-14400,-2.0543093270366,13272,4.552538370720189,0.021285633377383425,0.05299032541776605,0.07300886480933011,-0.04188819922510845,0.6327081040157945
2010-06-08,21145,15823,2626,3199,17649,075651,PALLADIUM - NEW YORK MERCANTILE EXCHANGE ,441.4500122070313,0.6833766847954599,-14450,-0.2350618212589911,13197,-0.35259273188848667,0.016308518802762854,0.013930294324895658,-0.04188819922510845,0.07656583272924955,0.6374182197021531
2010-06-15,21509,16088,2228,3219,18406,075651,PALLADIUM - NEW YORK MERCANTILE EXCHANGE ,475.25,0.7060765261053512,-15187,-3.485457554977536,13860,3.135493024355639,0.03593063583815029,0.036197859794715,0.07656583272924955,0.02987903673231207,0.643078707494638
2010-06-22,21790,16218,2372,3102,18471,075651,PALLADIUM - NEW YORK MERCANTILE EXCHANGE ,489.4500122070313,0.7053235429095915,-15369,-0.8461574224743131,13846,-0.06508903249802409,0.008436471515320076,0.014739107046799354,0.02987903673231207,-0.07651447803251954,0.6475677768657009
2010-06-29,20467,14952,2485,3254,17101,075651,PALLADIUM - NEW YORK MERCANTILE EXCHANGE ,452.0,0.6765524991449651,-13847,6.9848554382744386,12467,-6.328591096833409,0.07477278309997544,0.07908470493777599,-0.07651447803251954,-0.025663730317512456,0.65018205006077
2010-07-06,19506,13975,2023,3283,16554,075651,PALLADIUM - NEW YORK MERCANTILE EXCHANGE ,440.3999938964844,0.6803547626371373,-13271,2.8142864122734155,11952,-2.516245663751405,0.0290366486867974,0.08994874359294912,-0.025663730317512456,0.06425980631870498,0.6529967501036817
2010-07-13,19679,14703,1988,2761,16734,075651,PALLADIUM - NEW YORK MERCANTILE EXCHANGE ,468.7000122070313,0.710046242187103,-13973,-3.598892648415872,12715,3.911616938377935,0.03600923313670172,0.04571325864238212,0.06425980631870498,-0.0386174645447217,0.655385869244075
2010-07-20,19266,14318,2100,2769,16195,075651,PALLADIUM - NEW YORK MERCANTILE EXCHANGE ,450.6000061035156,0.6968753244056888,-13426,2.7796127852025,12218,-2.5255348340870976,0.028844125711875133,0.03027165306371056,-0.0386174645447217,0.034398579205609625,0.6581202401019106
2010-07-27,20201,15457,2128,2557,17170,075651,PALLADIUM - NEW YORK MERCANTILE EXCHANGE ,466.1000061035156,0.7233800306915499,-14613,-6.161112841274784,13329,5.766635523720544,0.06017133877426877,0.06636337787887404,0.034398579205609625,0.08656941766817816,0.6617417497186775
2010-08-03,20692,16429,2191,1698,17581,075651,PALLADIUM - NEW YORK MERCANTILE EXCHANGE ,506.4500122070313,0.7675913396481732,-15883,-6.286817484282957,14238,4.499777238750557,0.06587478603662016,0.055585392051557464,0.08656941766817816,-0.07078685998502965,0.6670043927805213
2010-08-10,19488,14438,2093,2171,16358,075651,PALLADIUM - NEW YORK MERCANTILE EXCHANGE ,470.6000061035156,0.7279864532019704,-14187,8.196404407500484,12345,-9.148463174173592,0.09153219277888715,0.12636864073558768,-0.07078685998502965,0.05673604195317439,0.6703895697738415
2010-08-17,19419,14390,1938,2437,16639,075651,PALLADIUM - NEW YORK MERCANTILE EXCHANGE ,497.2999877929688,0.7313455893712344,-14202,-0.0769704433497537,12452,0.549055829228243,0.028674774585867056,0.012432631063204311,0.05673604195317439,-0.026241681305654185,0.6743090007790864
2010-08-24,19378,13581,1914,2995,16432,075651,PALLADIUM - NEW YORK MERCANTILE EXCHANGE ,484.25,0.6934152131282898,-13437,3.9394407539008185,11667,-4.04243266903548,0.039378185000257374,0.05375927718618909,-0.026241681305654185,0.03335052947131523,0.6774876401699392
2010-08-31,20257,15101,1838,2620,17363,075651,PALLADIUM - NEW YORK MERCANTILE EXCHANGE ,500.3999938964844,0.7277977982919485,-14743,-6.7396016100732785,13263,8.236144080916503,0.06535555221938648,0.09422043804238739,0.03335052947131523,0.04236607103923884,0.6795499201155827
2010-09-07,21688,16442,2335,2561,18437,075651,PALLADIUM - NEW YORK MERCANTILE EXCHANGE ,521.5999755859375,0.732017705643674,-15876,-5.593128301327936,14107,4.166460976452584,0.05395751976378703,0.0978857112424775,0.04236607103923884,0.057802963622062276,0.6813675980111622
2010-09-14,23010,16693,2364,3676,19809,075651,PALLADIUM - NEW YORK MERCANTILE EXCHANGE ,551.75,0.7011299435028249,-16133,-1.1849870896348211,14329,1.0236075248985614,0.10589738130721738,0.014692763813821693,0.057802963622062276,-0.04340736240513143,0.6828253575007251
2010-09-21,23464,16487,2251,4049,20494,075651,PALLADIUM - NEW YORK MERCANTILE EXCHANGE ,527.7999877929688,0.7008608932833277,-16445,-1.3559322033898304,14236,-0.4041720990873533,0.04310801450515422,0.0170242288397908,-0.04340736240513143,0.061576356103949514,0.6848009690521368
2010-09-28,24189,17351,1761,3836,21612,075651,PALLADIUM - NEW YORK MERCANTILE EXCHANGE ,560.2999877929688,0.7348794906775807,-17776,-5.672519604500511,15590,5.77054210705762,0.05230273498899717,0.0708455420678108,0.061576356103949514,0.031947215427526654,0.6866316091087185
2010-10-05,24364,17179,1820,4131,21837,075651,PALLADIUM - NEW YORK MERCANTILE EXCHANGE ,578.2000122070312,0.7267279592841898,-17706,0.28938773822812025,15359,-0.9549795361527967,0.02002464571780653,0.012158534659718933,0.031947215427526654,0.004237309158260594,0.6882472370133587
2010-10-12,24196,17036,1870,4046,21556,075651,PALLADIUM - NEW YORK MERCANTILE EXCHANGE ,580.6500244140625,0.7236733344354439,-17510,0.8044656049909702,15166,-0.792152355934986,0.014295758143895007,0.010208399449910081,0.004237309158260594,-0.00378887817881568,0.6896913668992648
2010-10-19,24585,17243,1960,4004,21587,075651,PALLADIUM - NEW YORK MERCANTILE EXCHANGE ,578.4500122070312,0.7151921903599756,-17583,-0.3017027607869069,15283,0.4835510001653166,0.0028525653550076197,0.01546633338540853,-0.00378887817881568,0.08125161899586653,0.6907482867447937
2010-10-26,24702,18253,2119,3302,21682,075651,PALLADIUM - NEW YORK MERCANTILE EXCHANGE ,625.4500122070312,0.7440693061290584,-18380,-3.241814114297336,16134,3.4614602399837295,0.031900416266410506,0.05738268211270371,0.08125161899586653,0.030378127155125556,0.6921737500597247
2010-11-02,25597,18850,2461,3339,22185,075651,PALLADIUM - NEW YORK MERCANTILE EXCHANGE ,644.4500122070312,0.7362581552525687,-18846,-1.8864869241356976,16389,1.0323050765120234,0.021156558533145273,0.04406175214677866,0.030378127155125556,0.15082630206515613,0.6941513508855024
2010-11-09,25858,19344,2494,3013,22587,075651,PALLADIUM - NEW YORK MERCANTILE EXCHANGE ,741.6500244140625,0.7569804315879032,-19574,-2.8440832910106653,16850,1.8009923037856,0.0284375,0.024132246542723692,0.15082630206515613,-0.13011527920630683,0.6962530218770518
2010-11-16,24029,17567,2786,3407,20336,075651,PALLADIUM - NEW YORK MERCANTILE EXCHANGE ,645.1500244140625,0.704523700528528,-16929,10.228942686982752,14781,-8.001392219042462,0.11140125510676831,0.10165577556134231,-0.13011527920630683,0.07044865450195625,0.6973033974477989
2010-11-23,24262,16351,2521,4085,20169,075651,PALLADIUM - NEW YORK MERCANTILE EXCHANGE ,690.5999755859375,0.6629296842799439,-16084,3.516584127512589,13830,-3.9577177577094345,0.03483961408427476,0.07847604917337855,0.07044865450195625,0.014987021411798196,0.6973891451252523
2010-11-30,22842,16085,2237,3837,19805,075651,PALLADIUM - NEW YORK MERCANTILE EXCHANGE ,700.9500122070312,0.6990631293231766,-15968,0.4781139230071717,13848,0.07419009150111285,0.025886134844767785,0.03001855692609977,0.014987021411798196,0.051715528024405266,0.6977946561183817
2010-12-07,23157,16116,2357,3817,19862,075651,PALLADIUM - NEW YORK MERCANTILE EXCHANGE ,737.2000122070312,0.6928790430539362,-16045,-0.3370983276420629,13759,-0.38963313194991683,0.0032518265129439588,0.008174091917934282,0.051715528024405266,0.040016277145306534,0.6983641246070232
2010-12-14,23124,16705,2175,3420,20109,075651,PALLADIUM - NEW YORK MERCANTILE EXCHANGE ,766.7000122070312,0.7217176959003633,-16689,-2.781016539275381,14530,3.3294468195362095,0.02737047898338221,0.04083686440677966,0.040016277145306534,-0.020412187511269497,0.6990864601825806
2010-12-21,22590,16446,2014,3012,19686,075651,PALLADIUM - NEW YORK MERCANTILE EXCHANGE ,751.0499877929688,0.7381142098273572,-16674,0.06486766995329528,14432,-0.42380211036152915,0.0366111551678562,0.02275189599133261,-0.020412187511269497,0.048132647628811975,0.7000761830575619
2010-12-28,23214,16949,1965,2988,20322,075651,PALLADIUM - NEW YORK MERCANTILE EXCHANGE ,787.2000122070312,0.7467045748255363,-17334,-2.921646746347941,14984,2.443559096945551,0.028314028314028315,0.02918473088717352,0.048132647628811975,-0.023056433095289486,0.7005266611497765
2011-01-04,23046,17030,2607,2866,19428,075651,PALLADIUM - NEW YORK MERCANTILE EXCHANGE ,769.0499877929688,0.7186496572073244,-16562,3.3255793917463596,14423,-2.4166451279400363,0.04557279985646362,0.03681825126037582,-0.023056433095289486,0.01781420248942167,0.7002664236868518
2011-01-11,22188,16483,2484,2620,18665,075651,PALLADIUM - NEW YORK MERCANTILE EXCHANGE ,782.75,0.7231386334955832,-16045,2.2433394081402414,13999,-1.8397986635424801,0.047404275311252055,0.03532451099277693,0.01781420248942167,0.03276911455006393,0.7003280181766708
2011-01-18,22597,16875,2382,2573,18950,075651,PALLADIUM - NEW YORK MERCANTILE EXCHANGE ,808.4000244140625,0.7247422224189052,-16377,-1.4963043086352985,14493,2.2264287001983054,0.015425358918366399,0.02565300929532118,0.03276911455006393,-0.031729371152176666,0.7007695291463539
2011-01-25,21631,16202,2315,2314,18093,075651,PALLADIUM - NEW YORK MERCANTILE EXCHANGE ,782.75,0.7294623457075493,-15779,2.646368987033677,13887,-2.6817719166261007,0.054687117165678444,0.039963276988713076,-0.031729371152176666,0.05071863584417913,0.7021229192464487
2011-02-01,22356,16701,2211,2452,18863,075651,PALLADIUM - NEW YORK MERCANTILE EXCHANGE ,822.4500122070312,0.7340758633029164,-16411,-2.921732698442051,14490,2.7876658499375897,0.04259910860896082,0.031884517766497464,0.05071863584417913,0.01842052787895465,0.7039731410774906
2011-02-08,23519,17710,2379,2395,19900,075651,PALLADIUM - NEW YORK MERCANTILE EXCHANGE ,837.5999755859375,0.7442918491432459,-17505,-4.893540883879048,15331,3.7618536410806946,0.04906929804888988,0.05858927771417193,0.01842052787895465,0.00202962303794485,0.7064782232614777
2011-02-15,22803,17614,2394,1848,19331,075651,PALLADIUM - NEW YORK MERCANTILE EXCHANGE ,839.2999877929688,0.7666973643818796,-17483,0.0935413920659892,15220,-0.4719588417874909,0.05269370602955758,0.005547780887644942,0.00202962303794485,-0.04033119990261136,0.7090411343020713
2011-02-22,23021,17655,2162,2240,19903,075651,PALLADIUM - NEW YORK MERCANTILE EXCHANGE ,805.4500122070312,0.7672559836670866,-17663,-0.7893698197605579,15493,1.1972108933035126,0.043535202998690334,0.01377605086541858,-0.04033119990261136,0.011049678122816431,0.7112930649378828
2011-03-01,22457,17319,2198,2324,19496,075651,PALLADIUM - NEW YORK MERCANTILE EXCHANGE ,814.3499755859375,0.7646613528075878,-17172,2.132835237391946,15121,-1.6159159028712913,0.022502291475710357,0.01906030639954911,0.011049678122816431,-0.035856759436709185,0.7130075046540341
2011-03-08,23191,16994,2372,3316,19822,075651,PALLADIUM - NEW YORK MERCANTILE EXCHANGE ,785.1500244140625,0.7117416239058255,-16506,2.9656677205325734,14622,-2.222024313131763,0.056962572391736535,0.025766807807497676,-0.035856759436709185,-0.10424763940136961,0.7135915805396197
2011-03-15,20961,14504,3321,3983,16329,075651,PALLADIUM - NEW YORK MERCANTILE EXCHANGE ,703.2999877929688,0.5889986164782215,-12346,17.937993187012204,11183,-14.82902850243629,0.20480504135486413,0.1929312762973352,-0.10424763940136961,0.04628179775050767,0.7117126751655678
2011-03-22,20574,13619,2673,4332,16738,075651,PALLADIUM - NEW YORK MERCANTILE EXCHANGE ,735.8499755859375,0.6029940701856712,-12406,-0.2862458852154,10946,-1.1306712466008302,0.03597532036070242,0.09409526147802602,0.04628179775050767,0.023238482283671313,0.7106030404279622
2011-03-29,20456,12993,2596,4788,16582,075651,PALLADIUM - NEW YORK MERCANTILE EXCHANGE ,752.9500122070312,0.5765545561204537,-11794,2.974628171478565,10397,-2.668416447944007,0.028638277959756667,0.04509590095580217,0.023238482283671313,0.04987049230918128,0.7089218469227555
2011-04-05,21328,14100,2190,4345,18016,075651,PALLADIUM - NEW YORK MERCANTILE EXCHANGE ,790.5,0.6409883720930233,-13671,-9.175791943684004,11910,7.396362925303089,0.08394078976789947,0.09287906691221608,0.04987049230918128,-0.02650222923090606,0.7083793076289935
2011-04-12,22073,14640,2107,4110,18609,075651,PALLADIUM - NEW YORK MERCANTILE EXCHANGE ,769.5499877929688,0.6568658542110271,-14499,-3.8822205551387845,12533,2.9210427606901725,0.03644526607685197,0.03720069266137219,-0.02650222923090606,-0.05035410384598027,0.7078569601538333
2011-04-19,21129,14176,3249,4099,16610,075651,PALLADIUM - NEW YORK MERCANTILE EXCHANGE ,730.7999877929688,0.5921245681291116,-12511,9.006478503148644,10927,-7.275857382322294,0.09705924960162249,0.0921664275466284,-0.05035410384598027,0.0336617912315329,0.7060656955447957
2011-04-26,21117,14356,3003,3955,16935,075651,PALLADIUM - NEW YORK MERCANTILE EXCHANGE ,755.4000244140625,0.6146706445044278,-12980,-2.2196980453405275,11353,2.016186284253869,0.022450933460986117,0.02454058413503082,0.0336617912315329,0.0354778752009659,0.7042990587588415
2011-05-03,21133,14414,2617,3658,17120,075651,PALLADIUM - NEW YORK MERCANTILE EXCHANGE ,782.2000122070312,0.6370132021009796,-13462,-2.28252119145712,11797,2.1025713879812473,0.02319761285975551,0.026070107451118547,0.0354778752009659,-0.06347484484687171,0.7028664116430148
2011-05-10,20710,12838,3524,5383,15728,075651,PALLADIUM - NEW YORK MERCANTILE EXCHANGE ,732.5499877929688,0.49951714147754706,-10345,14.749443997539395,9314,-11.749396678181045,0.14764814551655536,0.15175406429531843,-0.06347484484687171,-0.02498121370270312,0.6983552585978955
2011-05-17,19857,12339,4031,4928,14117,075651,PALLADIUM - NEW YORK MERCANTILE EXCHANGE ,714.25,0.4627587248829128,-9189,5.58184451955577,8308,-4.857556735876388,0.10847991598844842,0.061453879047037266,-0.02498121370270312,0.029401470073503688,0.6934909284248545
2011-05-24,20122,12794,4204,4705,14472,075651,PALLADIUM - NEW YORK MERCANTILE EXCHANGE ,735.25,0.48538912632939074,-9767,-2.9108123080022157,8590,1.4201541018280706,0.030140272201074205,0.0369455230027062,0.029401470073503688,0.059435582736526715,0.6901425629267387
2011-05-31,20104,13281,2914,4274,15819,075651,PALLADIUM - NEW YORK MERCANTILE EXCHANGE ,778.9500122070312,0.5742638280939116,-11545,-8.836099791273233,10367,8.831130106351258,0.0884885283432041,0.10972522383451683,0.059435582736526715,0.03703700511435337,0.6881672895203544
2011-06-07,22257,15953,2384,3715,18211,075651,PALLADIUM - NEW YORK MERCANTILE EXCHANGE ,807.7999877929688,0.6513007143819922,-14496,-14.67867091126144,13569,15.927178670911262,0.13458907233421508,0.1746196215302394,0.03703700511435337,-0.020920975036258005,0.6875504439354801
2011-06-14,21806,16025,2295,3198,18478,075651,PALLADIUM - NEW YORK MERCANTILE EXCHANGE ,790.9000244140625,0.7007245712189306,-15280,-3.522487307363975,13730,0.7233679291908164,0.03616903487728363,0.0087882096069869,-0.020920975036258005,-0.033063628280244006,0.6874475217261259
2011-06-21,20244,14396,2108,3334,17171,075651,PALLADIUM - NEW YORK MERCANTILE EXCHANGE ,764.75,0.6835111638016202,-13837,6.617444739979822,12288,-6.6128588461891225,0.0703730797366496,0.11003393116820165,-0.033063628280244006,-0.04099375689563578,0.6870280528971263
2011-06-28,19493,13111,2017,3987,16500,075651,PALLADIUM - NEW YORK MERCANTILE EXCHANGE ,733.4000244140625,0.6419227414969476,-12513,6.540209444773761,11094,-5.898043864848844,0.06462634841606872,0.09095716552088842,-0.04099375689563578,0.056244884956140995,0.6863620960192799
2011-07-05,19924,14014,1939,3454,17009,075651,PALLADIUM - NEW YORK MERCANTILE EXCHANGE ,774.6500244140625,0.6803352740413572,-13555,-5.345508644128662,12075,5.0325757964397475,0.05092117480330352,0.06149313608725632,0.056244884956140995,-0.010585441100622983,0.686361721238592
2011-07-12,20561,15172,1773,2956,17940,075651,PALLADIUM - NEW YORK MERCANTILE EXCHANGE ,766.4500122070312,0.7287583288750548,-14984,-7.172254567355953,13399,6.645251957438266,0.06838629402756509,0.07813514311006196,-0.010585441100622983,0.03992429395078667,0.686721569059514
2011-07-19,22059,16387,2150,2910,19060,075651,PALLADIUM - NEW YORK MERCANTILE EXCHANGE ,797.0499877929688,0.7321274763135228,-16150,-5.670930402217791,14237,4.075677253051895,0.05307237141556668,0.08588228947510385,0.03992429395078667,0.047424864653265786,0.6873994950577416
2011-07-26,23930,18318,2105,2674,20932,075651,PALLADIUM - NEW YORK MERCANTILE EXCHANGE ,834.8499755859375,0.762975344755537,-18258,-9.556190217144929,16213,8.957795004306632,0.08929933067864103,0.0967536600891152,0.047424864653265786,-0.010720430536748204,0.6881609434051259
2011-08-02,25086,18812,1924,3234,22106,075651,PALLADIUM - NEW YORK MERCANTILE EXCHANGE ,825.9000244140625,0.7522921151239735,-18872,-2.5658169661512744,16888,2.8207271207689093,0.06842936069455406,0.032552083333333336,-0.010720430536748204,-0.11181745234432194,0.6878667275488913
2011-08-09,22034,14139,2018,5277,18907,075651,PALLADIUM - NEW YORK MERCANTILE EXCHANGE ,733.5499877929688,0.6185894526640646,-13630,20.896117356294347,12121,-19.002630949533604,0.21675487925901424,0.2950423964844959,-0.11181745234432194,0.0309454196507164,0.6857629390770086
2011-08-16,21268,14740,1696,4054,18419,075651,PALLADIUM - NEW YORK MERCANTILE EXCHANGE ,756.25,0.6754278728606357,-14365,-3.3357538349823,13044,4.188980666243078,0.07613580741334046,0.05615721586760769,0.0309454196507164,0.010446313274793395,0.6846875983748816
2011-08-23,20775,14532,1734,3893,18099,075651,PALLADIUM - NEW YORK MERCANTILE EXCHANGE ,764.1500244140625,0.6838026474127558,-14206,0.7476020312206132,12798,-1.156667293586609,0.021871589668970536,0.015123570638140908,0.010446313274793395,0.016881453859532103,0.6845027413418906
2011-08-30,20360,14025,1729,4127,17722,075651,PALLADIUM - NEW YORK MERCANTILE EXCHANGE ,777.0499877929688,0.6677308447937131,-13595,2.941034897713598,12296,-2.4163658243080626,0.027964666575129297,0.032499682620286914,0.016881453859532103,-0.038092756001463224,0.6833476076207707
2011-09-06,20813,14262,1625,4064,18156,075651,PALLADIUM - NEW YORK MERCANTILE EXCHANGE ,747.4500122070312,0.6770768269831355,-14092,-2.4410609037328097,12637,1.6748526522593319,0.022367236723672367,0.021464090136589665,-0.038092756001463224,-0.02735970549608735,0.6822910522619142
2011-09-13,19501,13268,2701,4071,15609,075651,PALLADIUM - NEW YORK MERCANTILE EXCHANGE ,727.0,0.5916619660530229,-11538,12.271176668428387,10567,-9.9457070100418,0.12977642276422766,0.12962615066691716,-0.02735970549608735,-0.015130674002751032,0.6801858988494179
2011-09-20,19799,12608,2612,5250,15760,075651,PALLADIUM - NEW YORK MERCANTILE EXCHANGE ,716.0,0.530834890651043,-10510,5.27152453720322,9996,-2.9280549715399213,0.06330318895763921,0.04921156373193167,-0.015130674002751032,-0.09357541899441346,0.6769161680295663
2011-09-27,18739,11157,4181,6193,12968,075651,PALLADIUM - NEW YORK MERCANTILE EXCHANGE ,649.0,0.36154543999146166,-6775,18.864589120662657,6976,-15.253295620990958,0.19492719586660404,0.19689659668796453,-0.09357541899441346,-0.13174114021571648,0.6697366670548333
2011-10-04,19516,11084,4890,7017,12804,075651,PALLADIUM - NEW YORK MERCANTILE EXCHANGE ,563.5,0.2965259274441484,-5787,5.272426490207589,6194,-4.173114894071189,0.04984612279905151,0.04895455114561162,-0.13174114021571648,0.07125115246506208,0.6614635510579093
2011-10-11,19067,11627,4674,5866,12605,075651,PALLADIUM - NEW YORK MERCANTILE EXCHANGE ,603.6500244140625,0.353437876960193,-6739,-4.878048780487805,6953,3.8891166222586593,0.07308754263439987,0.046561560640451506,0.07125115246506208,0.02609127700324021,0.6543436384141545
2011-10-18,19398,11616,4454,6086,12779,075651,PALLADIUM - NEW YORK MERCANTILE EXCHANGE ,619.4000244140625,0.34503557067738944,-6693,0.24125452352231602,7162,1.0961346829600882,0.020885237211767823,0.014374611076540138,0.02609127700324021,0.05214721750055418,0.6472252418817971
2011-10-25,18747,10770,4128,6357,12790,075651,PALLADIUM - NEW YORK MERCANTILE EXCHANGE ,651.7000122070312,0.3431482370512615,-6433,1.3403443653984948,6642,-2.6806887307969895,0.014728155846868962,0.0786682776211572,0.05214721750055418,-0.025778713331728098,0.6395152213226089
2011-11-01,18667,10628,3851,6419,13024,075651,PALLADIUM - NEW YORK MERCANTILE EXCHANGE ,634.9000244140625,0.35383296726844166,-6605,-0.917480130154158,6777,0.7201152184349496,0.015223988067685029,0.028938462601008356,-0.025778713331728098,0.06654591018324774,0.6321608907844525
2011-11-08,19327,10992,3887,6423,13702,075651,PALLADIUM - NEW YORK MERCANTILE EXCHANGE ,677.1500244140625,0.37662337662337664,-7279,-3.6106498098248245,7105,1.75711148015214,0.03388819875776398,0.02688352711875798,0.06654591018324774,-0.015063149729422687,0.6248463320351346
2011-11-15,18847,11490,4014,5804,13487,075651,PALLADIUM - NEW YORK MERCANTILE EXCHANGE ,666.9500122070312,0.40765108505332415,-7683,-2.0903399389455166,7476,1.9195943498732344,0.043232595510859985,0.04031217750257998,-0.015063149729422687,-0.0988080413942719,0.6191372432759962
2011-11-22,19793,11102,4948,7133,12984,075651,PALLADIUM - NEW YORK MERCANTILE EXCHANGE ,601.0499877929688,0.29560955893497703,-5851,9.720379901310555,6154,-7.014378946251393,0.09106725654918725,0.08236760124610593,-0.0988080413942719,-0.03211045368096177,0.6120733947116699
2011-11-29,19847,11003,5328,7668,12902,075651,PALLADIUM - NEW YORK MERCANTILE EXCHANGE ,581.75,0.263717438403789,-5234,3.1172636790784622,5675,-2.4200474915374124,0.029995138551288283,0.029330720715204213,-0.03211045368096177,0.149290890564568,0.6037013621939893
2011-12-06,19774,11201,4832,7386,13438,075651,PALLADIUM - NEW YORK MERCANTILE EXCHANGE ,668.5999755859375,0.30605846060483466,-6052,-4.121529702221998,6369,3.4967501385599844,0.039281598155973874,0.04328572319590844,0.149290890564568,-0.009646950953329791,0.596262504839199
2011-12-13,18430,10289,4273,6629,12627,075651,PALLADIUM - NEW YORK MERCANTILE EXCHANGE ,662.1500244140625,0.32544763971785134,-5998,0.27308587033478304,6016,-1.7851724486699707,0.08142916493560448,0.10101634390880374,-0.009646950953329791,-0.05361322765398069,0.588641926835689
2011-12-20,18287,10050,4234,7006,12792,075651,PALLADIUM - NEW YORK MERCANTILE EXCHANGE ,626.6500244140625,0.31639962815114564,-5786,1.1502984264785676,5816,-1.0851871947911014,0.027376502677038086,0.01946233548025763,-0.05361322765398069,0.06263464209819514,0.5805320310342235
2011-12-27,17523,10063,4153,6123,11980,075651,PALLADIUM - NEW YORK MERCANTILE EXCHANGE ,665.9000244140625,0.3342464189921817,-5857,-0.38825395089407777,5910,0.5140263575217368,0.09363088990775009,0.006612267867191896,0.06263464209819514,-0.004430112778005979,0.5726001434220436
2012-01-03,17570,9651,4467,6426,11765,075651,PALLADIUM - NEW YORK MERCANTILE EXCHANGE ,662.9500122070312,0.30387023335230506,-5339,2.9561148205216004,5184,-4.143126177024483,0.028475619811994944,0.051423714407139824,-0.004430112778005979,-0.042687966320047344,0.5646236160402162
2012-01-10,17756,9420,4918,6740,11358,075651,PALLADIUM - NEW YORK MERCANTILE EXCHANGE ,634.6500244140625,0.2600810993466997,-4618,4.103585657370518,4502,-3.8816163915765514,0.03983865620510554,0.04756590877388757,-0.042687966320047344,0.03198611362492354,0.55571866346043
2012-01-17,17518,9870,4681,5759,11262,075651,PALLADIUM - NEW YORK MERCANTILE EXCHANGE ,654.9500122070312,0.31413403356547553,-5503,-4.984230682586168,5189,3.8691146654651947,0.063274778215146,0.04721324994845715,0.03198611362492354,0.03824717509135711,0.5478223521363256
2012-01-24,18099,10716,3045,5378,13609,075651,PALLADIUM - NEW YORK MERCANTILE EXCHANGE ,680.0,0.4547765069893364,-8231,-15.572553944514214,7671,14.168284050690719,0.1436772528572181,0.18036479906983505,0.03824717509135711,0.008750017951516531,0.5425399321609754
2012-01-31,19398,11559,2864,5588,15146,075651,PALLADIUM - NEW YORK MERCANTILE EXCHANGE ,685.9500122070312,0.4927312094030312,-9558,-7.331896789877894,8695,5.657771147577214,0.08425774090865246,0.07099771198779727,0.008750017951516531,0.033238555852795004,0.5378986888167469
2012-02-07,20900,12876,2332,5415,17444,075651,PALLADIUM - NEW YORK MERCANTILE EXCHANGE ,708.75,0.5755502392344498,-12029,-12.73842664192185,10544,9.531910506237756,0.10809746708079969,0.12158074697527617,0.033238555852795004,-0.03089950534611996,0.5346536578569623
2012-02-14,20984,12727,2130,5481,17316,075651,PALLADIUM - NEW YORK MERCANTILE EXCHANGE ,686.8499755859375,0.5640011437285551,-11835,0.9282296650717703,10597,0.2535885167464115,0.008509891652410406,0.023625227165645822,-0.03089950534611996,0.03435981285572742,0.5307556536136291
2012-02-21,20904,12781,2018,5010,17436,075651,PALLADIUM - NEW YORK MERCANTILE EXCHANGE ,710.4500122070312,0.5944316877152698,-12426,-2.8164315669081206,10763,0.7910789172703011,0.026329858326650628,0.011216974119872965,0.03435981285572742,0.013090277476494272,0.5274321094607095
2012-02-28,21864,13894,2419,5004,18209,075651,PALLADIUM - NEW YORK MERCANTILE EXCHANGE ,719.75,0.6039608488840102,-13205,-3.7265595101416,11475,3.4060466896287793,0.03355878171714126,0.09280941580334702,0.013090277476494272,-0.06912122264675236,0.5243417151544869
2012-03-06,20262,12247,2447,5536,16633,075651,PALLADIUM - NEW YORK MERCANTILE EXCHANGE ,670.0,0.5476754515842464,-11097,9.64141968532748,9800,-7.660995243322357,0.09508773512562588,0.11399210562134204,-0.06912122264675236,0.05574623221781727,0.521186596455995
2012-03-13,21155,13345,2393,5287,17559,075651,PALLADIUM - NEW YORK MERCANTILE EXCHANGE ,707.3499755859375,0.580099267312692,-12272,-5.799032671996842,10952,5.68551969203435,0.0514313227698503,0.07319862752573389,0.05574623221781727,-0.01668196536402533,0.5210154551258886
2012-03-20,21656,13375,2618,5745,17762,075651,PALLADIUM - NEW YORK MERCANTILE EXCHANGE ,695.5499877929688,0.5549039527151829,-12017,1.2053887969747106,10757,-0.9217679035688962,0.028119283617645808,0.015944475708122303,-0.01668196536402533,-0.04809145682421845,0.5200906451745332
2012-03-27,20439,11351,3210,6579,15690,075651,PALLADIUM - NEW YORK MERCANTILE EXCHANGE ,662.0999755859375,0.44576544840745636,-9111,13.418913926856298,8141,-12.07979312892501,0.13049530737796938,0.17965799052262893,-0.04809145682421845,-0.0052106196935317595,0.5175754700262062
2012-04-03,21003,10599,4003,7937,15069,075651,PALLADIUM - NEW YORK MERCANTILE EXCHANGE ,658.6500244140625,0.33957053754225586,-7132,9.682469788150105,6596,-7.559078232790253,0.08602103799008955,0.10580742364059718,-0.0052106196935317595,-0.03454034640056147,0.5117789732079222
2012-04-10,20821,10186,5029,8276,13573,075651,PALLADIUM - NEW YORK MERCANTILE EXCHANGE ,635.9000244140625,0.2544066087123577,-5297,8.736847117078513,5157,-6.851402180640862,0.08398553709551924,0.09457771935589879,-0.03454034640056147,0.039786109170668604,0.5040393723329478
2012-04-17,21466,10457,5494,8404,13718,075651,PALLADIUM - NEW YORK MERCANTILE EXCHANGE ,661.2000122070312,0.24755427187179727,-5314,-0.08164833581480237,4963,-0.9317515969453917,0.012340656360184431,0.04614130775499969,0.039786109170668604,0.005974005042508113,0.49741302048184566
2012-04-24,21513,10609,4864,8145,14466,075651,PALLADIUM - NEW YORK MERCANTILE EXCHANGE ,665.1500244140625,0.2938223399804769,-6321,-4.691139476381254,5745,3.64297027858008,0.04453584538498961,0.05053964971240225,0.005974005042508113,0.023002311104846962,0.491242860779462
2012-05-01,21576,11326,4548,7240,14924,075651,PALLADIUM - NEW YORK MERCANTILE EXCHANGE ,680.4500122070312,0.3561364479050797,-7684,-6.335703992934505,6778,4.801747780411844,0.06149611983396499,0.06507496535214817,0.023002311104846962,-0.0853847241954585,0.48584138473723315
2012-05-08,21816,10597,5544,8380,13555,075651,PALLADIUM - NEW YORK MERCANTILE EXCHANGE ,622.3499755859375,0.2372112211221122,-5175,11.628661475713756,5053,-7.994994438264738,0.11438340551629815,0.10687070193916114,-0.0853847241954585,-0.03478744151716717,0.48079704011501323
2012-05-15,22652,10696,7777,9190,11840,075651,PALLADIUM - NEW YORK MERCANTILE EXCHANGE ,600.7000122070312,0.11698746247571959,-2650,11.574074074074074,2919,-9.781811514484781,0.12006657156443176,0.12623829372597845,-0.03478744151716717,0.024304936389622833,0.47414759276102875
2012-05-22,24228,10996,8415,10563,12947,075651,PALLADIUM - NEW YORK MERCANTILE EXCHANGE ,615.2999877929688,0.09839854713554565,-2384,1.1742892459826948,2581,-1.492141974218612,0.10548702679710761,0.04832311575910566,0.024304936389622833,-0.01917761746639124,0.4667054662380702
2012-05-29,24325,11738,8995,9367,12077,075651,PALLADIUM - NEW YORK MERCANTILE EXCHANGE ,603.5,0.11140801644398766,-2710,-1.3455506026085522,2743,0.6686478454680534,0.09634396567804514,0.0637630830077654,-0.01917761746639124,0.024109341827620145,0.4578043929371101
2012-06-05,22719,11964,8514,9072,12358,075651,PALLADIUM - NEW YORK MERCANTILE EXCHANGE ,618.0499877929688,0.14463664773977727,-3286,-2.367934224049332,3450,2.906474820143885,0.026878208119458704,0.03452485594296318,0.024109341827620145,0.007119204758460951,0.4480608531939906
2012-06-12,22030,12658,7601,7595,12575,075651,PALLADIUM - NEW YORK MERCANTILE EXCHANGE ,622.4500122070312,0.22605537902859738,-4980,-7.456314098331792,5057,7.073374708393855,0.08398611799702528,0.0793227701268572,0.007119204758460951,0.009317997717445126,0.4389325994980227
2012-06-19,21017,12551,6778,6584,12412,075651,PALLADIUM - NEW YORK MERCANTILE EXCHANGE ,628.25,0.2772993291145263,-5828,-3.8492964139809347,5773,3.250113481615978,0.061802484733628135,0.048114232500388016,0.009317997717445126,-0.056665301370374066,0.4311208334463478
2012-06-26,21646,12702,8240,7183,11321,075651,PALLADIUM - NEW YORK MERCANTILE EXCHANGE ,592.6500244140625,0.19116695925344174,-4138,8.041109577960698,4462,-6.237807489175429,0.09133160397751837,0.07702225193391271,-0.056665301370374066,0.008014848231375993,0.422452453018588
2012-07-03,21977,13376,8793,6671,11040,075651,PALLADIUM - NEW YORK MERCANTILE EXCHANGE ,597.4000244140625,0.1987987441416026,-4369,-1.0671717638362745,4583,0.5589947334380485,0.04477443396759076,0.055347557399972935,0.008014848231375993,-0.03699369889174298,0.4131921351359005
2012-07-10,22172,13719,9173,6390,10501,075651,PALLADIUM - NEW YORK MERCANTILE EXCHANGE ,575.2999877929688,0.18541403572072884,-4111,1.1739545888883833,4546,-0.1683578286390317,0.04854656325854005,0.0315830857941639,-0.03699369889174298,0.01181989907396952,0.40274320642139416
2012-07-17,22056,13773,8938,6160,10666,075651,PALLADIUM - NEW YORK MERCANTILE EXCHANGE ,582.0999755859375,0.2042981501632209,-4506,-1.7815262493234711,4835,1.303445787479704,0.0234755735171758,0.012725111179604598,0.01181989907396952,-0.037192860826206986,0.39259264245696535
2012-07-24,23826,13877,9661,7698,11367,075651,PALLADIUM - NEW YORK MERCANTILE EXCHANGE ,560.4500122070312,0.15399143792495593,-3669,3.794885745375408,4216,-2.806492564381574,0.11744033569367952,0.03513467584331719,-0.037192860826206986,0.05227939540510751,0.3808814134794541
2012-07-31,23698,13756,9345,7804,11995,075651,PALLADIUM - NEW YORK MERCANTILE EXCHANGE ,589.75,0.17685036711958815,-4191,-2.190883908335432,4411,0.8184336439184086,0.03707257942320319,0.018916930003030172,0.05227939540510751,-0.0038151759220008685,0.36981522601783134
2012-08-07,24204,13956,9097,8233,12953,075651,PALLADIUM - NEW YORK MERCANTILE EXCHANGE ,587.5,0.19500908940670963,-4720,-2.2322558865727067,4859,1.8904548907080765,0.06546776172944398,0.019433479373617318,-0.0038151759220008685,-0.01668083028590428,0.36166944980134375
2012-08-14,24007,14009,9318,7871,12325,075651,PALLADIUM - NEW YORK MERCANTILE EXCHANGE ,577.7000122070312,0.18552922064397884,-4454,1.0989919021649313,4691,-0.6941001487357461,0.049019607843137254,0.011746045355167831,-0.01668083028590428,0.07945293821883626,0.35224832187410027
2012-08-21,24291,13919,7576,7815,14061,075651,PALLADIUM - NEW YORK MERCANTILE EXCHANGE ,623.5999755859375,0.25713227121155985,-6246,-7.464489523888866,6343,6.881326279835048,0.08191625525690255,0.08522912305187252,0.07945293821883626,0.02517641568584006,0.34404312233176965
2012-08-28,21730,13341,5538,5957,14490,075651,PALLADIUM - NEW YORK MERCANTILE EXCHANGE ,639.2999877929688,0.3926829268292683,-8533,-9.41500967436499,7803,6.010456547692561,0.11185014916613684,0.13856666136977594,0.02517641568584006,0.0014860194355876821,0.3387537392939919
2012-09-04,19901,13330,4939,4584,13904,075651,PALLADIUM - NEW YORK MERCANTILE EXCHANGE ,640.25,0.4683181749660821,-9320,-3.6217211228716057,8391,2.705936493327197,0.10596062310688013,0.033389895451310964,0.0014860194355876821,0.05333857776503326,0.3347391498321255
2012-09-11,19154,12549,3867,4482,14389,075651,PALLADIUM - NEW YORK MERCANTILE EXCHANGE ,674.4000244140625,0.5172287772788974,-9907,-2.9496005225868047,8682,1.4622380784885183,0.031105929733453448,0.11287768031189084,0.05333857776503326,-0.011195208414597424,0.33330774235569993
2012-09-18,20377,13571,3477,4260,16011,075651,PALLADIUM - NEW YORK MERCANTILE EXCHANGE ,666.8499755859375,0.5766795897335231,-11751,-9.627231909783857,10094,7.3718283387282035,0.09096739184056041,0.08282496480525575,-0.011195208414597424,-0.04071375027801494,0.3341893711842091
2012-09-25,20057,14742,2824,2894,16402,075651,PALLADIUM - NEW YORK MERCANTILE EXCHANGE ,639.7000122070312,0.6734805803460139,-13508,-8.622466506355204,11918,8.951268587132551,0.09105514096185738,0.10383695775930775,-0.04071375027801494,0.020087502486679343,0.3401881238833352
2012-10-02,20458,14684,2905,3315,16687,075651,PALLADIUM - NEW YORK MERCANTILE EXCHANGE ,652.5499877929688,0.6536318310685306,-13372,0.6780675076033306,11779,-0.6930248790945804,0.0352964703529647,0.007902666439251806,0.020087502486679343,0.006436307234080951,0.347055545106881
2012-10-09,20295,14947,2758,3019,16618,075651,PALLADIUM - NEW YORK MERCANTILE EXCHANGE ,656.75,0.6700665188470066,-13599,-1.1095903802913285,12189,2.0041059732134126,0.01858736059479554,0.02315730019768427,0.006436307234080951,-0.02664636467453374,0.35314455745085815
2012-10-16,19725,14373,2531,3072,16067,075651,PALLADIUM - NEW YORK MERCANTILE EXCHANGE ,639.25,0.658808618504436,-12995,2.9761024882976104,11842,-1.709780734170978,0.03155859762788024,0.04738523426407951,-0.02664636467453374,-0.07055138926231908,0.3591786545244552
2012-10-23,19885,13727,3371,3790,15063,075651,PALLADIUM - NEW YORK MERCANTILE EXCHANGE ,594.1500244140625,0.5669097309529796,-11273,8.730038022813687,10356,-7.533586818757922,0.09133824855460669,0.0869107497952977,-0.07055138926231908,0.0026087481768553022,0.3634817601764114
2012-10-30,20761,13191,4433,5256,14650,075651,PALLADIUM - NEW YORK MERCANTILE EXCHANGE ,595.7000122070312,0.4524830210490824,-9394,9.449333668594416,8758,-8.036208197133519,0.09439365015573194,0.09067181116659101,0.0026087481768553022,0.039701129585820505,0.36537887659526985
2012-11-06,21665,13900,4543,5675,15283,075651,PALLADIUM - NEW YORK MERCANTILE EXCHANGE ,619.3499755859375,0.443480267712901,-9608,-1.0307788642165598,9357,2.8852174750734547,0.05019562935394599,0.04440709212167218,0.039701129585820505,0.02656012409053332,0.3666645860392991
2012-11-13,21933,13993,4107,5562,15860,075651,PALLADIUM - NEW YORK MERCANTILE EXCHANGE ,635.7999877929688,0.4695208133862217,-10298,-3.1848603738749133,9886,2.4417262866374334,0.03220987769582672,0.029226519337016574,0.02656012409053332,0.003067021460318564,0.36785438850723945
2012-11-20,21897,14538,3260,5418,16825,075651,PALLADIUM - NEW YORK MERCANTILE EXCHANGE ,637.75,0.5209389414074987,-11407,-5.056307846623809,11278,6.346601012173438,0.04985838241244436,0.07821103494774694,0.003067021460318564,0.0470403763230105,0.37218764586248027
2012-11-27,22786,15495,2391,4616,18952,075651,PALLADIUM - NEW YORK MERCANTILE EXCHANGE ,667.75,0.629158255068902,-14336,-13.376261588345436,13104,8.339041877882815,0.1242786829599457,0.10209102091020911,0.0470403763230105,0.019992475606046334,0.37921535387527094
2012-12-04,23194,17536,1890,3064,20166,075651,PALLADIUM - NEW YORK MERCANTILE EXCHANGE ,681.0999755859375,0.7373458653099939,-17102,-12.139032739401387,15646,11.155972965856227,0.11907016788635386,0.1308555544116133,0.019992475606046334,0.020848645890517492,0.38750934242729324
2012-12-11,24856,18839,2157,3071,21479,075651,PALLADIUM - NEW YORK MERCANTILE EXCHANGE ,695.2999877929688,0.7405857740585774,-18408,-5.630766577563163,16682,4.466672415279814,0.053767820773930754,0.07477614783768337,0.020848645890517492,-0.007838360855334958,0.3954927680876918
2012-12-18,26517,20649,2964,3058,22081,075651,PALLADIUM - NEW YORK MERCANTILE EXCHANGE ,689.8499755859375,0.7173888448919561,-19023,-2.4742516897328612,17685,4.035242999678146,0.024463980269700467,0.11082878075636302,-0.007838360855334958,-0.032978184830226076,0.40320409917886124
2013-01-08,27462,20074,2920,4359,23010,075651,PALLADIUM - NEW YORK MERCANTILE EXCHANGE ,667.0999755859375,0.6791566528293642,-18651,1.4028736282384884,17154,-2.002488969340423,0.0814790456355731,0.026920066104201095,-0.032978184830226076,0.06820566881303769,0.4098369882911147
2013-01-15,29944,21565,3438,4590,24706,075651,PALLADIUM - NEW YORK MERCANTILE EXCHANGE ,712.5999755859375,0.6717873363612076,-20116,-5.334644235671109,18127,3.543077707377467,0.06577689787001638,0.08035035795704515,0.06820566881303769,0.023224879869686577,0.4169123171951321
2013-01-22,31940,23620,3533,4055,26552,075651,PALLADIUM - NEW YORK MERCANTILE EXCHANGE ,729.1500244140625,0.704351909830933,-22497,-7.951509484370825,20087,6.545551696500134,0.07779266180939001,0.07918093764961515,0.023224879869686577,0.027292001251591147,0.42545598662752127
2013-01-29,35172,27206,3577,3579,29651,075651,PALLADIUM - NEW YORK MERCANTILE EXCHANGE ,749.0499877929688,0.741271465938815,-26072,-11.192861615529118,23629,11.089542892924232,0.10758350887752031,0.11792222980216353,0.027292001251591147,0.021360390175217958,0.4336701680193161
2013-02-05,37627,28916,4111,4446,31556,075651,PALLADIUM - NEW YORK MERCANTILE EXCHANGE ,765.0499877929688,0.7204932628165944,-27110,-2.951211190719891,24805,3.3435687478676224,0.07699572245986334,0.06794440911981106,0.021360390175217958,0.007777285539466439,0.4387801056313788
2013-02-12,38763,29287,3403,5094,33488,075651,PALLADIUM - NEW YORK MERCANTILE EXCHANGE ,771.0,0.732502644274179,-28394,-3.4124431923884444,25884,2.867621654662875,0.06687056140168991,0.0330070357907617,0.007777285539466439,-0.009403372243839137,0.44339109476351624
2013-02-19,38162,29523,3323,4287,33142,075651,PALLADIUM - NEW YORK MERCANTILE EXCHANGE ,763.75,0.7561186520622609,-28855,-1.189278435621598,26200,0.8152103810334597,0.03080499078254829,0.009620653960908483,-0.009403372243839137,-0.032405891980360035,0.4468635642409742
2013-02-26,34819,27464,2360,3949,31018,075651,PALLADIUM - NEW YORK MERCANTILE EXCHANGE ,739.0,0.7774203739337718,-27069,4.680048215502333,25104,-2.871966878046224,0.07040924300054337,0.10132778969957082,-0.032405891980360035,-0.008660384863413362,0.45096778020645917
2013-03-05,34479,27459,2585,3917,30497,075651,PALLADIUM - NEW YORK MERCANTILE EXCHANGE ,732.5999755859375,0.7709040285391108,-26580,1.4044056405985237,24874,-0.6605588902610643,0.016069041669088163,0.007655438689921449,-0.008660384863413362,0.05569212419846581,0.4543614790684561
2013-03-12,38141,29669,2498,3998,33294,075651,PALLADIUM - NEW YORK MERCANTILE EXCHANGE ,773.4000244140625,0.7680973230906374,-29296,-7.877258621189711,27171,6.662026160851532,0.07717472916443205,0.07140858643951876,0.05569212419846581,-0.05171967770534336,0.4575179497262758
2013-03-19,37671,29418,2758,4003,32754,075651,PALLADIUM - NEW YORK MERCANTILE EXCHANGE ,733.4000244140625,0.7632130816808685,-28751,1.4289085236359822,26660,-1.3397656065651136,0.01482710776178687,0.015881402287419195,-0.05171967770534336,0.03572395732166367,0.4616629041512109
2013-03-26,37808,28707,2674,4891,32661,075651,PALLADIUM - NEW YORK MERCANTILE EXCHANGE ,759.5999755859375,0.7345006347862886,-27770,2.604125189137533,26033,-1.6644102890817871,0.026123775031955686,0.025333800707434434,0.03572395732166367,0.011387604913217775,0.46463216121801076
2013-04-02,40010,30544,2574,4974,34656,075651,PALLADIUM - NEW YORK MERCANTILE EXCHANGE ,768.25,0.7418645338665334,-29682,-5.057130765975455,27970,5.123254337706305,0.05243502397173858,0.058487831390784464,0.011387604913217775,-0.0473804418015783,0.4682275570093829
2013-04-09,38032,28212,3194,5206,32096,075651,PALLADIUM - NEW YORK MERCANTILE EXCHANGE ,731.8499755859375,0.7070361800588978,-26890,6.978255436140965,25018,-7.378155461134717,0.07484853359069218,0.09399477806788512,-0.0473804418015783,-0.07487871779881461,0.473251994156526
2013-04-16,36931,25047,3768,7597,30013,075651,PALLADIUM - NEW YORK MERCANTILE EXCHANGE ,677.0499877929688,0.6069697544068668,-22416,11.763777871266303,21279,-9.831194783340345,0.11895772400957193,0.1297588061773382,-0.07487871779881461,-0.007237225415037685,0.4783942867885378
2013-04-23,35716,24012,4301,7800,28021,075651,PALLADIUM - NEW YORK MERCANTILE EXCHANGE ,672.1500244140625,0.5661608242804346,-20221,5.943516287130053,19711,-4.245755598277869,0.061276904609028224,0.05538092042524635,-0.007237225415037685,0.03652456579819341,0.4843895601648469
2013-04-30,36193,23681,4231,8412,28565,075651,PALLADIUM - NEW YORK MERCANTILE EXCHANGE ,696.7000122070312,0.5568203796314204,-20153,0.19039086123866053,19450,-0.7307649232836824,0.031262676799091324,0.014366580682143882,0.03652456579819341,-0.024687831068847643,0.49033698531407044
2013-05-07,35922,23608,4309,8377,28342,075651,PALLADIUM - NEW YORK MERCANTILE EXCHANGE ,679.5,0.5557875396692834,-19965,0.519437460282375,19299,-0.41720774735446076,0.007026335139845856,0.00540889064011176,-0.024687831068847643,0.0690213751494666,0.49537477761577825
2013-05-14,36906,23520,2793,9030,30811,075651,PALLADIUM - NEW YORK MERCANTILE EXCHANGE ,726.4000244140625,0.5901750392890045,-21781,-5.055397806358221,20727,3.975279772841156,0.07836148691046911,0.060958461596929275,0.0690213751494666,0.029322669434310722,0.4998755197577768
2013-05-21,36735,23744,2363,8833,31498,075651,PALLADIUM - NEW YORK MERCANTILE EXCHANGE ,747.7000122070312,0.6169865251122907,-22665,-2.395274481114182,21381,1.7720695821817591,0.021918623391435868,0.025050752671697245,0.029322669434310722,0.012170623829571126,0.5071788909883572
2013-05-28,37666,24960,3378,8199,31196,075651,PALLADIUM - NEW YORK MERCANTILE EXCHANGE ,756.7999877929688,0.6105506292146764,-22997,-0.9037702463590581,21582,0.5471621069824418,0.02375936032491433,0.07872820947138118,0.012170623829571126,-0.010504773170273984,0.5166704903487217
2013-06-04,36364,25859,3373,6443,30466,075651,PALLADIUM - NEW YORK MERCANTILE EXCHANGE ,748.8499755859375,0.6606258937410626,-24023,-2.7239420166728614,22486,2.4000424786279404,0.0673548457015904,0.030925013683634373,-0.010504773170273984,0.0025372564278656196,0.5274825547065201
2013-06-11,37301,26797,3329,6098,31222,075651,PALLADIUM - NEW YORK MERCANTILE EXCHANGE ,750.75,0.6735476260690062,-25124,-3.027719722802772,23468,2.7004729952700472,0.0295016077170418,0.03259642833432915,0.0025372564278656196,-0.05854147480124039,0.5382929318146936
2013-06-18,36845,26381,3641,6335,30508,075651,PALLADIUM - NEW YORK MERCANTILE EXCHANGE ,706.7999877929688,0.6560727371420817,-24173,2.5495295032304766,22740,-1.9516903032090291,0.02581223027440762,0.024248884151622144,-0.05854147480124039,-0.05609785521179189,0.5481282412262763
2013-06-25,34530,23707,4171,7104,27187,075651,PALLADIUM - NEW YORK MERCANTILE EXCHANGE ,667.1500244140625,0.5816101940341731,-20083,11.100556384855476,19536,-8.695888180214412,0.11927327870286664,0.11492933495946625,-0.05609785521179189,0.02990324580951098,0.5549658338225374
2013-07-02,35142,23289,4162,8183,27620,075651,PALLADIUM - NEW YORK MERCANTILE EXCHANGE ,687.0999755859375,0.5530988560696602,-19437,1.8708369533738778,19127,-1.1844772661453808,0.04223109795268553,0.015554988889293651,0.02990324580951098,0.013025778671290178,0.5602696708793669
2013-07-09,34543,23803,3431,7109,27774,075651,PALLADIUM - NEW YORK MERCANTILE EXCHANGE ,696.0499877929688,0.5982398749384825,-20665,-3.494394172215583,20372,3.54276933583746,0.035203394203480204,0.04571491517955497,0.013025778671290178,0.05524030296868232,0.5680979961810023
2013-07-16,33994,23865,2193,6370,28651,075651,PALLADIUM - NEW YORK MERCANTILE EXCHANGE ,734.5,0.6554391951520857,-22281,-4.678227137191326,21672,3.7634252960078745,0.04614374232603295,0.04988870980121268,0.05524030296868232,0.005513938451965572,0.5768795433158194
2013-07-23,36414,26185,3027,6099,30305,075651,PALLADIUM - NEW YORK MERCANTILE EXCHANGE ,738.5499877929688,0.6647443291041907,-24206,-5.662764017179502,23158,4.371359651703242,0.052878804526975055,0.10796932767355881,0.005513938451965572,-0.014623231970042672,0.5860974335731937
2013-07-30,37791,27143,3321,6529,31279,075651,PALLADIUM - NEW YORK MERCANTILE EXCHANGE ,727.75,0.6549178375803762,-24750,-1.4939309056956116,23822,1.8234744878343496,0.03713499788404571,0.04109768907563025,-0.014623231970042672,-0.00803844120362418,0.5947631967927542
2013-08-06,38182,27247,2296,6729,32751,075651,PALLADIUM - NEW YORK MERCANTILE EXCHANGE ,721.9000244140625,0.6815253260698758,-26022,-3.3658807652615703,24951,2.9874837924373527,0.04235055724417427,0.038215482517009104,-0.00803844120362418,0.02230222335704335,0.6049080792570797
2013-08-13,39308,27989,2541,6917,33769,075651,PALLADIUM - NEW YORK MERCANTILE EXCHANGE ,738.0,0.6831179403683728,-26852,-2.1737991723848933,25448,1.3016604682834843,0.029641645774959445,0.03232885686210285,0.02230222335704335,0.014566395663956566,0.6146439941272486
2013-08-20,39391,28418,2493,6373,33960,075651,PALLADIUM - NEW YORK MERCANTILE EXCHANGE ,748.75,0.7003376405777969,-27587,-1.8698483769207286,25925,1.2134934364505954,0.01822329110157935,0.015431399825304908,0.014566395663956566,0.00020036649624377567,0.6243618508805386
2013-08-27,37753,28143,2319,5722,33076,075651,PALLADIUM - NEW YORK MERCANTILE EXCHANGE ,748.9000244140625,0.724551691256324,-27354,0.5915056738848976,25824,-0.25640374704881824,0.0395638950461364,0.014739675661479877,0.00020036649624377567,-0.04366405546937413,0.6347276676230839
2013-09-03,35316,26422,2999,5926,30507,075651,PALLADIUM - NEW YORK MERCANTILE EXCHANGE ,716.2000122070312,0.6960301279873146,-24581,7.34511164675655,23423,-6.359759489312107,0.0761123157576922,0.08160837497025934,-0.04366405546937413,-0.03511592290617327,0.6431680110226176
2013-09-10,34514,25170,3135,6466,29269,075651,PALLADIUM - NEW YORK MERCANTILE EXCHANGE ,691.0499877929688,0.6606884162948369,-22803,5.0345452486125275,22035,-3.9302299241137164,0.049755142017629775,0.04903727256668433,-0.03511592290617327,0.020548458805971892,0.6483219627431093
2013-09-17,34825,25648,3725,6341,28787,075651,PALLADIUM - NEW YORK MERCANTILE EXCHANGE ,705.25,0.6445369705671213,-22446,1.0343628672422784,21923,-0.324505997566205,0.017279662946936915,0.0363599223776938,0.020548458805971892,0.018574938796082963,0.651710785735437
2013-09-24,35410,26348,2881,6091,30065,075651,PALLADIUM - NEW YORK MERCANTILE EXCHANGE ,718.3499755859375,0.6770403840722959,-23974,-4.387652548456568,23467,4.4335965541995686,0.04226131209204558,0.05282424988880906,0.018574938796082963,-0.000626367630218061,0.6547840858660793
2013-10-01,35689,26633,2516,6028,30757,075651,PALLADIUM - NEW YORK MERCANTILE EXCHANGE ,717.9000244140625,0.6929025750231164,-24729,-2.1321660547867833,24117,1.835639649816436,0.020524670381949165,0.02229922124258122,-0.000626367630218061,-0.005571806468825158,0.6570191432754945
2013-10-08,36267,26212,2719,7036,30928,075651,PALLADIUM - NEW YORK MERCANTILE EXCHANGE ,713.9000244140625,0.6587807097361238,-23892,2.3452604443946314,23493,-1.7484378940289727,0.031055737014013277,0.021568559676471605,-0.005571806468825158,-0.012046555998022623,0.6567364534560736
2013-10-15,36477,26389,3389,7174,30598,075651,PALLADIUM - NEW YORK MERCANTILE EXCHANGE ,705.2999877929688,0.6421580722098856,-23424,1.290429315907023,23000,-1.359362505859321,0.012390130255215504,0.02844381758345087,-0.012046555998022623,0.06607122845261215,0.6565158042472533
2013-10-22,37936,28023,2624,6422,32973,075651,PALLADIUM - NEW YORK MERCANTILE EXCHANGE ,751.9000244140625,0.6998892872205821,-26551,-8.572525152836032,25399,6.576746991254763,0.07937555527351187,0.07827846118706562,0.06607122845261215,-0.007780338384285268,0.6570893190236683
2013-10-29,38956,29079,2857,6488,33890,075651,PALLADIUM - NEW YORK MERCANTILE EXCHANGE ,746.0499877929688,0.7034089742273334,-27402,-2.243251792492619,26222,2.169443272880641,0.024344940314032393,0.04036197394789579,-0.007780338384285268,0.004959469563128094,0.6579470181721856
2013-11-05,40147,29095,2874,7017,34343,075651,PALLADIUM - NEW YORK MERCANTILE EXCHANGE ,749.75,0.680648616334969,-27326,0.19509189855221276,26221,-0.002566998665160694,0.02374274661508704,0.0010322499921799242,0.004959469563128094,-0.01053687817814275,0.6601343044295316
2013-11-12,41464,30787,3126,6506,35330,075651,PALLADIUM - NEW YORK MERCANTILE EXCHANGE ,741.8499755859375,0.6951572448388964,-28824,-3.7312875183699905,27661,3.586818442224824,0.03580648245530165,0.0573231504142954,-0.01053687817814275,-0.027296624204922182,0.6648011164254896
2013-11-19,38152,27657,3330,6502,31879,075651,PALLADIUM - NEW YORK MERCANTILE EXCHANGE ,721.5999755859375,0.6651551687984902,-25377,8.313235577850666,24327,-8.040710013505691,0.09001849873635392,0.10759350695452932,-0.027296624204922182,-0.007483319791580456,0.66906409529252
2013-11-26,36338,25349,3124,7969,31074,075651,PALLADIUM - NEW YORK MERCANTILE EXCHANGE ,716.2000122070312,0.6358357642137707,-23105,5.955126860977144,22225,-5.509540784231495,0.058192249570985836,0.08829417342745759,-0.007483319791580456,-0.003001988798404298,0.6722624597315114
2013-12-03,35385,24900,3093,7787,30344,075651,PALLADIUM - NEW YORK MERCANTILE EXCHANGE ,714.0499877929688,0.6374735057227638,-22557,1.5080631845451042,21807,-1.1503109692333096,0.02391754740237602,0.017147143928839353,-0.003001988798404298,0.033541086221508865,0.6745035090452665
2013-12-10,36051,24497,2709,8184,31112,075651,PALLADIUM - NEW YORK MERCANTILE EXCHANGE ,738.0,0.6359879060220244,-22928,-1.0484668644906034,21788,-0.05369506853186378,0.02964678338762215,0.02892744247592443,0.033541086221508865,-0.051964736566310954,0.6746348484866727
2013-12-17,36789,24100,3645,9671,31051,075651,PALLADIUM - NEW YORK MERCANTILE EXCHANGE ,699.6500244140625,0.5811519747750686,-21380,4.293916950986103,20455,-3.6975395966824776,0.038013850007367025,0.048044692737430165,-0.051964736566310954,-0.007289411052854411,0.6716311198225395
2013-12-24,37782,22705,5520,11831,29982,075651,PALLADIUM - NEW YORK MERCANTILE EXCHANGE ,694.5499877929688,0.4804139537345826,-18151,8.777080105466307,17185,-8.8885264617141,0.07722478654963767,0.1158547387068202,-0.007289411052854411,0.03289905265667481,0.6666278155855395
2013-12-31,38881,23215,6257,12608,30508,075651,PALLADIUM - NEW YORK MERCANTILE EXCHANGE ,717.4000244140625,0.4603791054756822,-17900,0.6643375152188873,16958,-0.6008152030067228,0.03022079970312645,0.04231134636264929,0.03289905265667481,0.032617734294082545,0.661685320596765
2014-01-07,38773,24133,4862,11432,31761,075651,PALLADIUM - NEW YORK MERCANTILE EXCHANGE ,740.7999877929688,0.5243081525804039,-20329,-6.24726730279571,19271,5.948921066844989,0.0562359641608594,0.07977237454733575,0.032617734294082545,-0.0037796812082984133,0.6587074648227467
2014-01-14,38643,24766,4406,10483,32144,075651,PALLADIUM - NEW YORK MERCANTILE EXCHANGE ,738.0,0.5605413658359858,-21661,-3.4353802904082733,20360,2.8086555076986564,0.03124780068970371,0.03733031674208145,-0.0037796812082984133,0.012398407065125294,0.6565681192357231
2014-01-21,39226,26371,4375,9226,32672,075651,PALLADIUM - NEW YORK MERCANTILE EXCHANGE ,747.1500244140625,0.5977158007444042,-23446,-4.619206583339803,21996,4.233625753694072,0.04260346555921524,0.05321017368112925,0.012398407065125294,-0.04222719373243344,0.6545174248302129
2014-01-28,39495,24853,5148,11055,31933,075651,PALLADIUM - NEW YORK MERCANTILE EXCHANGE ,715.5999755859375,0.5286238764400557,-20878,6.546678223627186,19705,-5.840513944832509,0.059737601191030054,0.07636412119596013,-0.04222719373243344,-0.021939563593500355,0.650428048109083
2014-02-04,39256,23905,6492,12020,30132,075651,PALLADIUM - NEW YORK MERCANTILE EXCHANGE ,699.9000244140625,0.46138169961279807,-18112,7.0034181541967335,17413,-5.803266236232434,0.06561966217498577,0.07540217784649801,-0.021939563593500355,0.023217601704763613,0.645445133432087
2014-02-11,40276,24385,7449,12215,30173,075651,PALLADIUM - NEW YORK MERCANTILE EXCHANGE ,716.1500244140625,0.44587347303605124,-17958,0.39229671897289586,16936,-1.2151008762991644,0.005567613475511937,0.045140415907520264,0.023217601704763613,0.02904417661646641,0.6399330339851999
2014-02-18,40436,23454,6126,13008,31533,075651,PALLADIUM - NEW YORK MERCANTILE EXCHANGE ,736.9500122070312,0.4581313680878425,-18525,-1.4077862747045387,17328,0.9732843380673354,0.04833748680990548,0.0762001352265044,0.02904417661646641,-0.001153452211158812,0.6342025092933841
2014-02-25,41410,23902,5972,13012,32547,075651,PALLADIUM - NEW YORK MERCANTILE EXCHANGE ,736.0999755859375,0.4717459550833132,-19535,-2.497774260559897,17930,1.4887723810465923,0.022344651989727606,0.02015130213563634,-0.001153452211158812,0.03749495657722868,0.6283241550847214
2014-03-04,40300,27624,5741,8691,32121,075651,PALLADIUM - NEW YORK MERCANTILE EXCHANGE ,763.7000122070312,0.5813895781637717,-23430,-9.405940594059405,21883,9.546003380825887,0.11631382926590218,0.1184774464258954,0.03749495657722868,0.008642104858508581,0.6246796464236571
2014-03-11,41579,29883,6575,7424,32627,075651,PALLADIUM - NEW YORK MERCANTILE EXCHANGE ,770.2999877929688,0.6061473339907165,-25203,-4.399503722084367,23308,3.535980148883375,0.04426855758907393,0.0848373470843162,0.008642104858508581,0.0018823993638967806,0.6215652235563511
2014-03-18,42334,30304,6994,7498,32856,075651,PALLADIUM - NEW YORK MERCANTILE EXCHANGE ,771.75,0.5989984409694336,-25358,-0.3727843382476731,23310,0.004810120493518363,0.007508549338355553,0.022521314815807818,0.0018823993638967806,0.022870132055798464,0.6184072496965158
2014-03-25,42454,30065,7466,7638,32680,075651,PALLADIUM - NEW YORK MERCANTILE EXCHANGE ,789.4000244140625,0.5898619682479861,-25042,0.7464449378749941,22599,-1.679501110218737,0.00783769036162508,0.018944339346140524,0.022870132055798464,-0.008930895122986504,0.6156257368784714
2014-04-01,40974,28925,6628,7482,32148,075651,PALLADIUM - NEW YORK MERCANTILE EXCHANGE ,782.3499755859375,0.6019915068091961,-24666,0.8856644839119989,22297,-0.7113581759080416,0.01736058541508958,0.055635248783506314,-0.008930895122986504,-0.00798875208671046,0.6129358709735228
2014-04-08,41129,27478,5628,9172,33208,075651,PALLADIUM - NEW YORK MERCANTILE EXCHANGE ,776.0999755859375,0.5844051642393445,-24036,1.5375604041587347,21850,-1.0909357153316737,0.06488909863142991,0.07391409412191144,-0.00798875208671046,0.02583436343106138,0.610577582207762
2014-04-15,41882,27949,5370,9397,34332,075651,PALLADIUM - NEW YORK MERCANTILE EXCHANGE ,796.1500244140625,0.5953631631727234,-24935,-2.185805635925989,22579,1.772471978409395,0.030849093279059662,0.021879408145502568,0.02583436343106138,-0.01538654728926947,0.6103543785301824
2014-04-22,42478,27500,4910,9950,34574,075651,PALLADIUM - NEW YORK MERCANTILE EXCHANGE ,783.9000244140625,0.5796883092424314,-24624,0.74256243732391,22590,0.026264266271906787,0.017855538585931183,0.02804689910521444,-0.01538654728926947,0.03080745328073875,0.6106145224717593
2014-04-29,43087,28022,4803,9841,35230,075651,PALLADIUM - NEW YORK MERCANTILE EXCHANGE ,808.0499877929688,0.5892496576693667,-25389,-1.8009322472809457,23219,1.4807665144309996,0.01697322003061836,0.019162223914699163,0.03080745328073875,0.012994245601907206,0.6112381624340274
2014-05-06,44208,28046,5400,10590,35365,075651,PALLADIUM - NEW YORK MERCANTILE EXCHANGE ,818.5499877929688,0.5604189287006877,-24775,1.425023789077912,22646,-1.329867477429387,0.019236209335219235,0.018567242719607725,0.012994245601907206,-0.0013438099106242163,0.6113272276077083
2014-05-13,44496,27875,5903,11260,35256,075651,PALLADIUM - NEW YORK MERCANTILE EXCHANGE ,817.4500122070312,0.5392844300611291,-23996,1.7621245023525154,21972,-1.5246109301483894,0.016746925788975835,0.019953816093315174,-0.0013438099106242163,0.010092360238304732,0.6103485620456338
2014-05-20,43517,28039,6218,10691,34485,075651,PALLADIUM - NEW YORK MERCANTILE EXCHANGE ,825.7000122070312,0.5467748236321438,-23794,0.4539733908665948,21821,-0.33935634663790004,0.029661767310076147,0.013982543713693552,0.010092360238304732,0.005873774390500408,0.6089983370171693
2014-05-27,42575,29434,5846,8766,34309,075651,PALLADIUM - NEW YORK MERCANTILE EXCHANGE ,830.5499877929688,0.5999530240751615,-25543,-4.019118965002183,23588,4.060482110439598,0.04877539175856065,0.050085034013605444,0.005873774390500408,0.006802750583473571,0.6087945369183326
2014-06-03,41058,30066,6357,7291,32926,075651,PALLADIUM - NEW YORK MERCANTILE EXCHANGE ,836.2000122070312,0.6243606605290077,-25635,-0.2160892542571932,23709,0.28420434527304755,0.07106447522192108,0.03138127007659995,0.006802750583473571,0.022363085307395725,0.6080971285873316
2014-06-10,40873,29426,6403,7519,32636,075651,PALLADIUM - NEW YORK MERCANTILE EXCHANGE ,854.9000244140625,0.6145132483546596,-25117,1.2616298894247162,23023,-1.6708071508597593,0.01290001245174947,0.019146501437383126,0.022363085307395725,-0.04380630616158776,0.6069618520928248
2014-06-17,39133,28132,6644,6996,30961,075651,PALLADIUM - NEW YORK MERCANTILE EXCHANGE ,817.4500122070312,0.6123987427490865,-23965,2.81848653145108,21488,-3.755535439042889,0.057907632320784046,0.04413963653094088,-0.04380630616158776,0.017554560366564775,0.6061219675852673
2014-06-24,39594,29064,6283,6549,31882,075651,PALLADIUM - NEW YORK MERCANTILE EXCHANGE ,831.7999877929688,0.6398191645198767,-25333,-3.495770832800961,22781,3.30411673012547,0.03559626343316594,0.03658019068096302,0.017554560366564775,0.02789133511361097,0.6072413708638386
2014-07-01,40545,29569,6196,6810,32944,075651,PALLADIUM - NEW YORK MERCANTILE EXCHANGE ,855.0,0.6445677642126033,-26134,-2.0230337929989393,23373,1.4951760367732485,0.03327966997031745,0.01655249545645184,0.02789133511361097,0.021286563984831863,0.6090003883281259
2014-07-08,42409,30392,6294,7503,34122,075651,PALLADIUM - NEW YORK MERCANTILE EXCHANGE ,873.2000122070312,0.6276733712183734,-26619,-1.196201751140708,24098,1.7881366383031199,0.04494894894894895,0.02510494466553999,0.021286563984831863,-0.007901997615211376,0.6095664171027391
2014-07-15,43571,31170,6425,8011,34977,075651,PALLADIUM - NEW YORK MERCANTILE EXCHANGE ,866.2999877929688,0.6188978907989259,-26966,-0.8182225471008513,24745,1.525619561885449,0.03170652275053503,0.024178747173826308,-0.007901997615211376,0.008715211704208192,0.6088636997113321
2014-07-22,44696,31853,6439,8477,36215,075651,PALLADIUM - NEW YORK MERCANTILE EXCHANGE ,873.8499755859375,0.6205924467513871,-27738,-1.771820706433178,25414,1.5354249386059535,0.038127629105880245,0.018202235453880704,0.008715211704208192,0.006236782467581969,0.6080146250507014
2014-07-29,45440,32666,6593,8360,36541,075651,PALLADIUM - NEW YORK MERCANTILE EXCHANGE ,879.2999877929688,0.6201804577464789,-28181,-0.9911401467692859,26073,1.4744048684446036,0.009866149974388099,0.024631294734965233,0.006236782467581969,-0.03417489845347754,0.6073465985154342
2014-08-05,44360,31787,7980,8512,34468,075651,PALLADIUM - NEW YORK MERCANTILE EXCHANGE ,849.25,0.58512173128945,-25956,4.896566901408451,23807,-4.986795774647888,0.05176826430898092,0.05698191968214852,-0.03417489845347754,0.03444215484250801,0.6054926832311952
2014-08-12,44458,30852,7492,9168,34803,075651,PALLADIUM - NEW YORK MERCANTILE EXCHANGE ,878.5,0.5766116334517972,-25635,0.7236248872858431,23360,-1.0076645626690712,0.02253758158786473,0.03711141247652827,0.03444215484250801,0.003187237100704232,0.603444485021261
2014-08-19,44268,31987,3996,7818,38132,075651,PALLADIUM - NEW YORK MERCANTILE EXCHANGE ,881.2999877929688,0.6847835908556971,-30314,-10.524540015295335,27991,10.416572945251698,0.10182807399347116,0.12869966373009475,0.003187237100704232,0.008850547941685827,0.6031453686804513
2014-08-26,43254,32017,3835,6661,37248,075651,PALLADIUM - NEW YORK MERCANTILE EXCHANGE ,889.0999755859375,0.7071484718176354,-30587,-0.6166982922201139,28182,0.4314629077437427,0.04648249789337038,0.00532745732455651,0.008850547941685827,-0.007310763894371242,0.6028106913835536
2014-09-02,43891,33043,4461,6458,37508,075651,PALLADIUM - NEW YORK MERCANTILE EXCHANGE ,882.5999755859375,0.7074343259438154,-31050,-1.0704212327183613,28582,0.9247699634715865,0.010530864759132057,0.04404863481228669,-0.007310763894371242,-0.025492862703811903,0.6030300028827169
2014-09-09,43493,33865,3775,5456,37812,075651,PALLADIUM - NEW YORK MERCANTILE EXCHANGE ,860.0999755859375,0.7439358057618467,-32356,-2.9755530746622316,30090,3.4357841015242307,0.03018396967735971,0.04006376195536663,-0.025492862703811903,-0.0184861804792803,0.604630914218621
2014-09-16,40182,32135,2630,4610,36212,075651,PALLADIUM - NEW YORK MERCANTILE EXCHANGE ,844.2000122070312,0.7864715544273555,-31602,1.7336123054284596,29505,-1.345044030073805,0.05991867130468865,0.0826981159211851,-0.0184861804792803,-0.034292835570264746,0.6073604254467024
2014-09-23,34683,26149,3964,5091,29226,075651,PALLADIUM - NEW YORK MERCANTILE EXCHANGE ,815.25,0.6958740593374275,-24135,18.58294758847245,22185,-18.217112139764076,0.2175889500830492,0.2430843821605287,-0.034292835570264746,-0.049432674385732955,0.6077226115094935
2014-09-30,34238,25533,4611,5240,27964,075651,PALLADIUM - NEW YORK MERCANTILE EXCHANGE ,774.9500122070312,0.6637069922308546,-22724,4.068275524031947,20922,-3.6415534988322813,0.0424948801349235,0.04189888535031847,-0.049432674385732955,0.01445256084987201,0.6071611579942576
2014-10-07,33468,25934,3981,4339,27677,075651,PALLADIUM - NEW YORK MERCANTILE EXCHANGE ,786.1500244140625,0.6973228158240707,-23338,-1.7933290495940182,21953,3.011274023015363,0.03710644677661169,0.03446431556075547,0.01445256084987201,0.01030334584289383,0.6079023523421028
2014-10-14,33753,25684,3725,4646,28239,075651,PALLADIUM - NEW YORK MERCANTILE EXCHANGE ,794.25,0.6989897194323468,-23593,-0.761921835783435,21959,0.017927572606669058,0.026425421924889766,0.017205617328028836,0.01030334584289383,-0.024047813139360996,0.6089952686348424
2014-10-21,32790,24455,3814,4865,26985,075651,PALLADIUM - NEW YORK MERCANTILE EXCHANGE ,775.1500244140625,0.6745959133882281,-22120,4.364056528308595,20641,-3.90483808846621,0.04624803767660911,0.046623509851781104,-0.024047813139360996,0.02238273242531652,0.6085088575996048
2014-10-28,33590,24373,3789,5774,27682,075651,PALLADIUM - NEW YORK MERCANTILE EXCHANGE ,792.5,0.6522179220005954,-21908,0.6465385788350108,20584,-0.17383348581884722,0.04800334768053563,0.003799446062069455,0.02238273242531652,-0.002776040639787092,0.6075244142875522
2014-11-04,33802,24411,2939,5600,28374,075651,PALLADIUM - NEW YORK MERCANTILE EXCHANGE ,790.2999877929688,0.6737471155552925,-22774,-2.578148258410241,21472,2.6436439416493003,0.025490080649908754,0.03246800731261426,-0.002776040639787092,-0.02271290963468109,0.6073916931187123
2014-11-11,35085,24648,3372,6727,29184,075651,PALLADIUM - NEW YORK MERCANTILE EXCHANGE ,772.3499755859375,0.6400741057431951,-22457,0.9378143305129875,21276,-0.5798473463108692,0.053938904513937236,0.023911491791577446,-0.02271290963468109,0.005178999322121403,0.6063324019822565
2014-11-18,34676,23278,3521,7488,28428,075651,PALLADIUM - NEW YORK MERCANTILE EXCHANGE ,776.3499755859375,0.6038758795708847,-20940,4.323785093344734,19757,-4.329485535128972,0.04223744292237443,0.056681219448486884,0.005178999322121403,0.024344722107832784,0.6051539541124948
2014-11-25,32990,24438,3206,5830,28345,075651,PALLADIUM - NEW YORK MERCANTILE EXCHANGE ,795.25,0.6824795392543195,-22515,-4.54204637213058,21232,4.253662475487369,0.05094367227505486,0.05335696715381276,0.024344722107832784,0.00980822105371737,0.6060509497863515
2014-12-02,31534,24102,3337,5022,26836,075651,PALLADIUM - NEW YORK MERCANTILE EXCHANGE ,803.0499877929688,0.6917612735460138,-21814,2.1248863291906637,20765,-1.41558047893301,0.07272898487036224,0.017019570684062832,0.00980822105371737,0.011269519868670752,0.6070949453214141
2014-12-09,31820,24459,3744,4834,26889,075651,PALLADIUM - NEW YORK MERCANTILE EXCHANGE ,812.0999755859375,0.693117536140792,-22055,-0.7642544555083403,20715,-0.15855901566563074,0.0075970116319389715,0.02708931673935397,0.011269519868670752,-0.03460162102044528,0.6081935920544672
2014-12-16,31974,23833,4087,5707,26477,075651,PALLADIUM - NEW YORK MERCANTILE EXCHANGE ,784.0,0.6495902921123413,-20770,4.0383406662476435,19746,-3.0452545568824636,0.039926671638081036,0.03470630372492837,-0.03460162102044528,0.038329066062460226,0.6095097135417225
2014-12-23,32482,24327,3399,5684,27702,075651,PALLADIUM - NEW YORK MERCANTILE EXCHANGE ,814.0499877929688,0.6778523489932886,-22018,-3.9031713267029464,20928,3.696753612310002,0.03738093811777392,0.04263146505085479,0.038329066062460226,-0.012099964048451706,0.613306605758236
2014-12-30,32946,24641,3512,5702,28086,075651,PALLADIUM - NEW YORK MERCANTILE EXCHANGE ,804.2000122070312,0.6794147999757179,-22384,-1.1267779077643,21129,0.618804260821378,0.01189771516514739,0.01516712250914645,-0.012099964048451706,-0.004725177487302168,0.6175188306524675
2015-01-06,32665,24265,3185,5531,27864,075651,PALLADIUM - NEW YORK MERCANTILE EXCHANGE,800.4000244140625,0.683698147864687,-22333,0.15479876160990713,21080,-0.14872822193893037,0.011768228776762988,0.025610200364298726,-0.004725177487302168,0.019115426444632044,0.620584022869473
2015-01-13,33826,25060,3870,5446,28003,075651,PALLADIUM - NEW YORK MERCANTILE EXCHANGE,815.7000122070312,0.6668538993673505,-22557,-0.6857492729220879,21190,0.3367518750956681,0.006696762235044396,0.051157967507777395,0.019115426444632044,-0.045298530898701284,0.6226284946681531
2015-01-20,34518,25210,4951,5986,27085,075651,PALLADIUM - NEW YORK MERCANTILE EXCHANGE,778.75,0.611246306274987,-21099,4.310293856796547,20259,-2.7523207000532133,0.04408696440990596,0.04081429660820265,-0.045298530898701284,0.004237544517455838,0.6228886966975874
2015-01-27,34098,24917,5397,6087,26236,075651,PALLADIUM - NEW YORK MERCANTILE EXCHANGE,782.0499877929688,0.5909144231333217,-20149,2.752187264615563,19520,-2.140911987948317,0.02939083624663552,0.02437817510061358,0.004237544517455838,0.005434435223244494,0.6240865918263041
2015-02-03,33952,23941,5041,6819,26502,075651,PALLADIUM - NEW YORK MERCANTILE EXCHANGE,786.2999877929688,0.5797302073515551,-19683,1.3666490703267054,18900,-1.8182884626664322,0.02995108190030311,0.045959561106893934,0.005434435223244494,-0.02581710302444229,0.6263625246674339
2015-02-10,33778,23429,5373,7015,25785,075651,PALLADIUM - NEW YORK MERCANTILE EXCHANGE,766.0,0.5556871336372787,-18770,2.689090480678605,18056,-2.4858623939679547,0.027835365853658537,0.029303520588847998,-0.02581710302444229,0.022911211217974792,0.6284743258328421
2015-02-17,34191,23928,5236,7037,26616,075651,PALLADIUM - NEW YORK MERCANTILE EXCHANGE,783.5499877929688,0.5726360738205961,-19579,-2.395050032565575,18692,1.8828823494582272,0.025346923008349925,0.021807708133315045,0.022911211217974792,0.008614638638452021,0.6306763394046259
2015-02-24,32998,24025,4762,6288,26492,075651,PALLADIUM - NEW YORK MERCANTILE EXCHANGE,790.2999877929688,0.6122795320928541,-20204,-1.8279664239127258,19263,1.670030124886666,0.02663209273947529,0.01983534234202939,0.008614638638452021,0.051689279073853456,0.6333789081932709
2015-03-03,32935,25100,3878,4923,27628,075651,PALLADIUM - NEW YORK MERCANTILE EXCHANGE,831.1500244140625,0.6893881888568393,-22705,-7.5792472271046725,21222,5.936723437784108,0.07683327701145894,0.06760300917937746,0.051689279073853456,-0.0329664002998481,0.635455804552753
2015-03-10,32909,25375,3738,4847,27678,075651,PALLADIUM - NEW YORK MERCANTILE EXCHANGE,803.75,0.6937615849767541,-22831,-0.38257173219978746,21637,1.260057689388189,0.003873943120676403,0.014254800261051763,-0.0329664002998481,-0.05219286122181177,0.6371406939947922
2015-03-17,31255,23719,4546,5196,25077,075651,PALLADIUM - NEW YORK MERCANTILE EXCHANGE,761.7999877929688,0.6360902255639098,-19881,8.964113160533593,19173,-7.4873135008660245,0.09744656955042447,0.08717495135326375,-0.05219286122181177,0.0020346387737013583,0.6378539975446859
2015-03-24,30935,23232,4920,5741,24648,075651,PALLADIUM - NEW YORK MERCANTILE EXCHANGE,763.3499755859375,0.61118474220139,-18907,3.1163013917773155,18312,-2.7547592385218365,0.032051071111257365,0.030583972719522592,0.0020346387737013583,-0.037138896302677415,0.6382640508899438
2015-03-31,31497,23514,7748,6191,21640,075651,PALLADIUM - NEW YORK MERCANTILE EXCHANGE,735.0,0.4904911578880528,-15449,11.178277032487474,15766,-8.230160012930337,0.12424993712047716,0.09948179898918816,-0.037138896302677415,0.0458503567442603,0.6361198134106909
2015-04-07,31602,23474,7410,6107,22264,075651,PALLADIUM - NEW YORK MERCANTILE EXCHANGE,768.7000122070312,0.511265109803177,-16157,-2.2478331269644727,16064,0.9461218528748769,0.024955059744104897,0.012239347234814143,0.0458503567442603,-0.008455834391543293,0.6347132739023031
2015-04-14,31666,23383,6314,5933,23065,075651,PALLADIUM - NEW YORK MERCANTILE EXCHANGE,762.2000122070312,0.5410219162508685,-17132,-3.0852477691285363,17069,3.1801784697171063,0.03362300848334368,0.039970367377176144,-0.008455834391543293,0.015809482550487974,0.6336682499230366
2015-04-21,32073,22622,5191,6969,24467,075651,PALLADIUM - NEW YORK MERCANTILE EXCHANGE,774.25,0.5455679231752565,-17498,-1.155813806606455,17431,1.1431819617255101,0.07755439623361751,0.06773810807895589,0.015809482550487974,0.008524346898207913,0.6330120886525141
2015-04-28,32578,23304,5251,6735,24858,075651,PALLADIUM - NEW YORK MERCANTILE EXCHANGE,780.8499755859375,0.556295659647615,-18123,-1.9486795747201697,18053,1.9393259127615126,0.019782863292501503,0.02598494134127123,0.008524346898207913,0.018057292773190348,0.6323783579213266
2015-05-05,32470,22975,4354,6869,25799,075651,PALLADIUM - NEW YORK MERCANTILE EXCHANGE,794.9500122070312,0.5829996920234062,-18930,-2.4771318067407453,18621,1.7435078887592854,0.03290682012979062,0.04486077060997475,0.018057292773190348,-0.012327803814683791,0.6328126033698405
2015-05-12,31823,22623,4637,6655,24862,075651,PALLADIUM - NEW YORK MERCANTILE EXCHANGE,785.1500244140625,0.5721333626622255,-18207,2.2266707730212505,17986,-1.9556513704958423,0.0365199733477171,0.023294203961848864,-0.012327803814683791,-0.012736419396360277,0.6334443136121691
2015-05-19,31484,22418,5176,6401,23883,075651,PALLADIUM - NEW YORK MERCANTILE EXCHANGE,775.1500244140625,0.5552661669419388,-17482,2.2782264399962293,17242,-2.337931684630613,0.04071456874917448,0.026962383126766687,-0.012736419396360277,0.006772882454552542,0.6336076086758191
2015-05-26,30284,22574,4791,5946,23757,075651,PALLADIUM - NEW YORK MERCANTILE EXCHANGE,780.4000244140625,0.5881323471139875,-17811,-1.044975225511371,17783,1.7183331215855673,0.01956031377301956,0.019769778914672027,0.006772882454552542,-0.015633023866434725,0.6333802879650272
2015-06-02,29149,23178,6359,4507,21162,075651,PALLADIUM - NEW YORK MERCANTILE EXCHANGE,768.2000122070312,0.5713746612233696,-16655,3.8171971998415004,16819,-3.183199049002774,0.15715454439206825,0.07353488844500118,-0.015633023866434725,-0.03749022043129968,0.6323613264399188
2015-06-09,32282,25111,10841,5481,19458,075651,PALLADIUM - NEW YORK MERCANTILE EXCHANGE,739.4000244140625,0.43296573942134936,-13977,9.187279151943462,14270,-8.744725376513776,0.1073820121095473,0.17843235425011125,-0.03749022043129968,-0.008993811461302403,0.6288700281912013
2015-06-16,33684,25801,13490,6078,18197,075651,PALLADIUM - NEW YORK MERCANTILE EXCHANGE,732.75,0.3597850611566322,-12119,5.755529397187287,12311,-6.0683972492410625,0.07653964984552009,0.08498129342597542,-0.008993811461302403,-0.05076767274927496,0.6240120727759618
2015-06-23,34821,25359,15487,7554,16662,075651,PALLADIUM - NEW YORK MERCANTILE EXCHANGE,695.5499877929688,0.26156629620056865,-9108,8.938962118513242,9872,-7.240826505165657,0.12433927981499834,0.05971208931107085,-0.05076767274927496,-0.03436124476796065,0.6167379791544365
2015-06-30,37100,26460,17716,8395,16496,075651,PALLADIUM - NEW YORK MERCANTILE EXCHANGE,671.6500244140625,0.218355795148248,-8101,2.89193302891933,8744,-3.239424485224433,0.04045638985978868,0.07538029699384281,-0.03436124476796065,-0.030149630408583428,0.6085415951339683
2015-07-07,36192,24616,17269,9288,16111,075651,PALLADIUM - NEW YORK MERCANTILE EXCHANGE,651.4000244140625,0.18852232537577365,-6823,3.4447439353099734,7347,-3.7654986522911047,0.050316941611874486,0.05469738569893757,-0.030149630408583428,0.0072151535089404195,0.6000963827139183
2015-07-14,36205,24152,17140,9545,16311,075651,PALLADIUM - NEW YORK MERCANTILE EXCHANGE,656.0999755859375,0.1868802651567463,-6766,0.15749336870026526,7012,-0.9256189213085764,0.017674814356435642,0.014361135328877265,0.0072151535089404195,-0.04214291176312446,0.5917883514515687
2015-07-21,36428,23083,17037,10523,16277,075651,PALLADIUM - NEW YORK MERCANTILE EXCHANGE,628.4500122070312,0.1579554189085319,-5754,2.795194033973208,6046,-2.668139759701699,0.037761194029850745,0.0292123629112662,-0.04214291176312446,-0.012491107436732318,0.5828914855315138
2015-07-28,37021,22959,17367,11190,16482,075651,PALLADIUM - NEW YORK MERCANTILE EXCHANGE,620.5999755859375,0.142945895572783,-5292,1.2682551883166795,5592,-1.246294059514659,0.03151199768719283,0.011258245300798492,-0.012491107436732318,-0.03625523829380861,0.5737138977974042
2015-08-04,37485,22844,18245,11311,15517,075651,PALLADIUM - NEW YORK MERCANTILE EXCHANGE,598.0999755859375,0.11220488195278111,-4206,2.9334701925933926,4599,-2.682261419194511,0.04048009542269271,0.024167052009053516,-0.03625523829380861,0.0010868156505534632,0.5646193430024682
2015-08-11,36928,22648,17912,10615,15182,075651,PALLADIUM - NEW YORK MERCANTILE EXCHANGE,598.75,0.12367309358752167,-4567,-0.9630518874216353,4736,0.36547952514339066,0.03996588750629918,0.01304240631163708,0.0010868156505534632,-0.003757828810020847,0.5559089864666168
2015-08-18,36028,22934,16963,9648,15576,075651,PALLADIUM - NEW YORK MERCANTILE EXCHANGE,596.5,0.16453869212834463,-5928,-3.6855502599653382,5971,3.3443457538994803,0.05395654931810974,0.030954708374063212,-0.003757828810020847,-0.09505450495730305,0.5459042768757063
2015-08-25,31134,18409,14118,10139,14130,075651,PALLADIUM - NEW YORK MERCANTILE EXCHANGE,539.7999877929688,0.12818783323697566,-3991,5.376373931386699,4291,-4.663039857888309,0.07981375417198895,0.22658099425093,-0.09505450495730305,0.0716932439462632,0.5347704184414628
2015-09-01,28619,19140,13324,7495,12956,075651,PALLADIUM - NEW YORK MERCANTILE EXCHANGE,578.5,0.19081728921345958,-5461,-4.72152630564656,5816,4.898182051776193,0.18669013740159404,0.046975110892065054,0.0716932439462632,0.012446002086484498,0.5248354754274175
2015-09-08,27515,18551,13130,7304,12197,075651,PALLADIUM - NEW YORK MERCANTILE EXCHANGE,585.7000122070312,0.1778302743957841,-4893,1.9846954820224325,5421,-1.3802019637303888,0.048715450489718475,0.024715128941636945,0.012446002086484498,0.022963995094261724,0.5139488305934548
2015-09-15,27693,18742,13632,7150,11841,075651,PALLADIUM - NEW YORK MERCANTILE EXCHANGE,599.1500244140625,0.16939298739753728,-4691,0.734145011811739,5110,-1.1302925676903508,0.026854825970196408,0.021406066596651636,0.022963995094261724,0.019527581899570157,0.5020819350736505
2015-09-22,27147,18492,12097,6908,12598,075651,PALLADIUM - NEW YORK MERCANTILE EXCHANGE,610.8499755859375,0.20959958743139204,-5690,-3.6074098147546314,6395,4.640161773733435,0.05121501076591818,0.05835431037300991,0.019527581899570157,0.07620537069429112,0.4927305029216114
2015-09-29,26595,18610,9259,6310,15390,075651,PALLADIUM - NEW YORK MERCANTILE EXCHANGE,657.4000244140625,0.34141755969167137,-9080,-12.487567687037242,9351,10.888864331233654,0.15622119815668203,0.10606767375937422,0.07620537069429112,0.07445991687557951,0.48653262921893475
2015-10-06,26430,18887,7042,5714,17571,075651,PALLADIUM - NEW YORK MERCANTILE EXCHANGE,706.3499755859375,0.44861899356791524,-11857,-10.441812370746382,11845,9.377702575672119,0.11926132703457161,0.09618573797678276,0.07445991687557951,-0.03157073485345596,0.48174986340631637
2015-10-13,25558,18258,6051,5468,17680,075651,PALLADIUM - NEW YORK MERCANTILE EXCHANGE,684.0499877929688,0.47781516550590813,-12212,-1.343170639424896,12207,1.3696556942867952,0.015336098151028167,0.06664198445020363,-0.03157073485345596,0.01505736127004531,0.47749650660003873
2015-10-20,25837,18606,6161,5382,17872,075651,PALLADIUM - NEW YORK MERCANTILE EXCHANGE,694.3499755859375,0.48341525718930217,-12490,-1.0877220439784019,12445,0.9312152750606463,0.01195493248473381,0.018492348689788832,0.01505736127004531,-0.02318711910712068,0.4738199555192902
2015-10-27,26065,19207,5919,5013,18296,075651,PALLADIUM - NEW YORK MERCANTILE EXCHANGE,678.25,0.5096105889123346,-13283,-3.0692417850369624,13288,3.2627627046483725,0.03402119353039598,0.03355090344662899,-0.02318711910712068,-0.05079249864656288,0.4710775068060544
2015-11-03,26826,19597,6783,5317,18074,075651,PALLADIUM - NEW YORK MERCANTILE EXCHANGE,643.7999877929688,0.47554611198091407,-12757,2.0180318434682527,12814,-1.8185305965854592,0.022487281433029797,0.04753601213040182,-0.05079249864656288,-0.07176143691057058,0.46726594904500857
2015-11-10,27526,19410,8333,6109,17168,075651,PALLADIUM - NEW YORK MERCANTILE EXCHANGE,597.5999755859375,0.40176560342948486,-11059,6.3296801610378,11077,-6.475061507492732,0.07294754478669932,0.06261038820603396,-0.07176143691057058,-0.08584335657421993,0.46268309323128337
2015-11-17,27520,17536,9139,7745,16035,075651,PALLADIUM - NEW YORK MERCANTILE EXCHANGE,546.2999877929688,0.3012354651162791,-8290,10.059580033422947,8397,-9.736249364237448,0.11644238856181666,0.10046860356138707,-0.08584335657421993,-0.00915248052667883,0.4568630852610026
2015-11-24,28418,17009,10527,8879,15305,075651,PALLADIUM - NEW YORK MERCANTILE EXCHANGE,541.2999877929688,0.226124287423464,-6426,6.773255813953488,6482,-6.9585755813953485,0.07707575256367846,0.0695453224869262,-0.00915248052667883,-0.004895554108011124,0.4480870227257938
2015-12-01,26853,17655,11081,7445,14037,075651,PALLADIUM - NEW YORK MERCANTILE EXCHANGE,538.6500244140625,0.24548467582765426,-6592,-0.5841368146949116,6574,0.32373847561404745,0.12577972255842101,0.04175946547884187,-0.004895554108011124,0.015965794479063655,0.4395047804619792
2015-12-08,26006,17545,9866,6776,14529,075651,PALLADIUM - NEW YORK MERCANTILE EXCHANGE,547.25,0.2981235099592402,-7753,-4.323539269355379,7679,4.114996462220236,0.05449425017601502,0.04833825836343074,0.015965794479063655,0.03417087657748974,0.43190874149694936
2015-12-15,24428,16716,9581,6108,13250,075651,PALLADIUM - NEW YORK MERCANTILE EXCHANGE,565.9500122070312,0.2923694121499918,-7142,2.3494578174267478,7135,-2.0918249634699686,0.10057857216654613,0.04236224664410389,0.03417087657748974,-0.0195246710038528,0.4250391091899811
2015-12-22,23778,16451,8728,5581,13272,075651,PALLADIUM - NEW YORK MERCANTILE EXCHANGE,554.9000244140625,0.3234502481285222,-7691,-2.2474209923039137,7723,2.4070738496806943,0.02912003394685196,0.044402081099328805,-0.0195246710038528,0.0009911475378820978,0.418223684173351
2015-12-29,24119,16653,8909,5608,13353,075651,PALLADIUM - NEW YORK MERCANTILE EXCHANGE,555.4500122070312,0.3211161325096397,-7745,-0.22710068130204392,7744,0.08831693161746151,0.00569590211486736,0.014983178155073938,0.0009911475378820978,-0.03663702614792408,0.41133332518361865
2016-01-05,25036,17162,10546,5817,12477,075651,PALLADIUM - NEW YORK MERCANTILE EXCHANGE,535.0999755859375,0.26601693561271766,-6660,4.4985281313487295,6616,-4.676810813051951,0.059309063080791515,0.07745055579615995,-0.03663702614792408,-0.12184635519382858,0.40330099417877313
2016-01-12,27222,17319,13438,7516,10780,075651,PALLADIUM - NEW YORK MERCANTILE EXCHANGE,469.8999938964844,0.11990301961648667,-3264,13.564467167279117,3881,-10.924269052564307,0.18561434193266288,0.09913190493221055,-0.12184635519382858,0.057246210355155425,0.39278270802971804
2016-01-19,26180,17438,12360,6465,11015,075651,PALLADIUM - NEW YORK MERCANTILE EXCHANGE,496.7999877929688,0.17379679144385027,-4550,-4.724120196899566,5078,4.397178752479612,0.07356979405034325,0.040170481240351705,0.057246210355155425,-0.010165032039157973,0.3843702173598885
2016-01-26,25779,16643,12588,6611,10281,075651,PALLADIUM - NEW YORK MERCANTILE EXCHANGE,491.75,0.14236393964079289,-3670,3.361344537815126,4055,-3.907563025210084,0.05209566658773384,0.03499709212822004,-0.010165032039157973,-0.002338574268397342,0.37574424652349375
2016-02-02,26235,16855,12932,6924,10446,075651,PALLADIUM - NEW YORK MERCANTILE EXCHANGE,490.6000061035156,0.1342481417953116,-3522,0.5741107102680476,3923,-0.5120446875363668,0.027518710420264825,0.01866586094605029,-0.002338574268397342,0.05544227751948694,0.36717728372433517
2016-02-09,27198,17241,12057,6633,11603,075651,PALLADIUM - NEW YORK MERCANTILE EXCHANGE,517.7999877929688,0.18273402456062945,-4970,-5.519344387268916,5184,4.806556127310844,0.0794033779337574,0.0430404805788791,0.05544227751948694,-0.015449981051754214,0.3600051085497843
2016-02-16,28117,17197,11509,7457,12821,075651,PALLADIUM - NEW YORK MERCANTILE EXCHANGE,509.7999877929688,0.19077426467973113,-5364,-1.4486359291124347,5688,1.8530774321641297,0.10070026629845152,0.02062286629972828,-0.015449981051754214,-0.01873281291024098,0.35266161222015224
2016-02-23,28091,16049,12216,8734,12003,075651,PALLADIUM - NEW YORK MERCANTILE EXCHANGE,500.25,0.11637179167704959,-3269,7.451008286801579,3833,-6.597432158480634,0.1010271495394705,0.06562886962674686,-0.01873281291024098,0.034682609866941494,0.34312492490446367
2016-03-01,25293,15333,13076,8179,10007,075651,PALLADIUM - NEW YORK MERCANTILE EXCHANGE,517.5999755859375,0.07227296089827225,-1828,5.129756861628279,2257,-5.610337830621908,0.1402727372704278,0.05547537752120807,0.034682609866941494,0.09582696862561702,0.3312573243667989
2016-03-08,23425,14864,9601,6741,11963,075651,PALLADIUM - NEW YORK MERCANTILE EXCHANGE,567.2000122070312,0.22292422625400213,-5222,-13.418732455620134,5263,11.884711184912822,0.1814585115483319,0.16120989168199468,0.09582696862561702,0.00564177034231661,0.3222027597759768
2016-03-15,22064,14001,7703,6375,12708,075651,PALLADIUM - NEW YORK MERCANTILE EXCHANGE,570.4000244140625,0.2870286439448876,-6333,-4.742796157950907,6298,4.418356456776948,0.0582193575433632,0.12721157390342794,0.00564177034231661,0.06127270279796537,0.315490037052534
2016-03-22,22446,14919,6719,5655,14152,075651,PALLADIUM - NEW YORK MERCANTILE EXCHANGE,605.3499755859375,0.3785529715762274,-8497,-9.807831762146483,8200,8.62037708484409,0.1092543040339274,0.08790091505684444,0.06127270279796537,-0.05385310465137616,0.31101634915589627
2016-03-29,22670,14502,7610,6371,13434,075651,PALLADIUM - NEW YORK MERCANTILE EXCHANGE,572.75,0.31155712395235996,-7063,6.388666132050254,6892,-5.82731889869019,0.07240595809139107,0.0591534008683068,-0.05385310465137616,-0.046093451617743364,0.3075753100417483
2016-04-05,22736,14295,8839,6753,12149,075651,PALLADIUM - NEW YORK MERCANTILE EXCHANGE,546.3499755859375,0.2373328641801548,-5396,7.353330392589324,5456,-6.3343625937362145,0.08819172574330758,0.06207313910261952,-0.046093451617743364,-0.0014642405577318662,0.3023073822413056
2016-04-12,24523,14775,11886,7795,10589,075651,PALLADIUM - NEW YORK MERCANTILE EXCHANGE,545.5499877929688,0.11393385801084696,-2794,11.444405348346235,2889,-11.290464461646728,0.1415361183637946,0.13229061175499793,-0.0014642405577318662,0.06901296903401333,0.2940941503520744
2016-04-19,24352,14958,11346,7364,11049,075651,PALLADIUM - NEW YORK MERCANTILE EXCHANGE,583.2000122070312,0.15132227332457293,-3685,-3.633323818456143,3612,2.9482526607674426,0.04838972465106175,0.027486313868613138,0.06901296903401333,0.03780862025280829,0.2865125032395613
2016-04-26,22958,14520,8068,5990,12739,075651,PALLADIUM - NEW YORK MERCANTILE EXCHANGE,605.25,0.2939716003136162,-6749,-12.582128777923785,6452,11.662286465177397,0.1635965614821934,0.16451213033469098,0.03780862025280829,0.006360967510842697,0.2814678097908305
2016-05-03,22749,14275,7080,5766,13443,075651,PALLADIUM - NEW YORK MERCANTILE EXCHANGE,609.0999755859375,0.33746538309376234,-7677,-4.042163951563725,7195,3.2363446293231117,0.04831068769847467,0.05773823460547881,0.006360967510842697,-0.02733535387665953,0.2767459961575682
2016-05-10,24651,14313,7559,6866,13618,075651,PALLADIUM - NEW YORK MERCANTILE EXCHANGE,592.4500122070312,0.2739036955904426,-6752,4.066112796166864,6754,-1.9385467493076618,0.062243702401874636,0.023637527432333577,-0.02733535387665953,-0.013587623642677404,0.2710108102523416
2016-05-17,24978,13855,7511,7482,13827,075651,PALLADIUM - NEW YORK MERCANTILE EXCHANGE,584.4000244140625,0.25402354071582994,-6345,1.651048639000446,6344,-1.6632185306884102,0.03871603547796706,0.023682486193016942,-0.013587623642677404,-0.07982550045379488,0.26521768282491637
2016-05-24,23153,12824,8682,7527,11510,075651,PALLADIUM - NEW YORK MERCANTILE EXCHANGE,537.75,0.1720295426078694,-3983,9.456321562975418,4142,-8.815757866922892,0.12407417135052792,0.10239003068911001,-0.07982550045379488,0.018596001859600086,0.2572157058151833
2016-05-31,22341,13870,9919,6890,10351,075651,PALLADIUM - NEW YORK MERCANTILE EXCHANGE,547.75,0.15491696880175462,-3461,2.2545674426640177,3951,-0.8249470910897077,0.10417029174641843,0.09596872504098533,0.018596001859600086,0.00949340430311496,0.2492069040378446
2016-06-07,23144,14921,10958,6672,10315,075651,PALLADIUM - NEW YORK MERCANTILE EXCHANGE,552.9500122070312,0.157405807120636,-3643,-0.8146457186339018,3963,0.0537129045253122,0.014952610820038853,0.08076046215077862,0.00949340430311496,-0.02965914468218178,0.2439076745705232
2016-06-14,23750,15164,12281,7031,9521,075651,PALLADIUM - NEW YORK MERCANTILE EXCHANGE,536.5499877929688,0.10484210526315789,-2490,4.981852748012444,2883,-4.666436225371587,0.06965925567907201,0.057059573692840225,-0.02965914468218178,0.032615786782484335,0.23900492541872562
2016-06-21,23998,15251,13333,7115,8933,075651,PALLADIUM - NEW YORK MERCANTILE EXCHANGE,554.0499877929688,0.0757563130260855,-1818,2.8294736842105266,1918,-4.063157894736842,0.04187437686939183,0.03984746711446963,0.032615786782484335,0.0328490436026001,0.23543165651152398
2016-06-28,21616,14032,9916,5926,9909,075651,PALLADIUM - NEW YORK MERCANTILE EXCHANGE,572.25,0.18426165803108807,-3983,-9.02158513209434,4116,9.159096591382616,0.1367224502683928,0.19358610322365125,0.0328490436026001,0.05399742143130193,0.2347760000285017
2016-07-05,21620,14011,7581,5739,12535,075651,PALLADIUM - NEW YORK MERCANTILE EXCHANGE,603.1500244140625,0.31433857539315446,-6796,-13.013508512213177,6430,10.705033308660251,0.15393455182226112,0.10911448684698036,0.05399742143130193,0.04285828490357724,0.23719554329806675
2016-07-12,22949,15000,6961,5653,14552,075651,PALLADIUM - NEW YORK MERCANTILE EXCHANGE,629.0,0.3877728877075254,-8899,-9.727104532839963,8039,7.44218316373728,0.10408314773570898,0.07326624470652521,0.04285828490357724,0.044356159640798865,0.24105886296250478
2016-07-19,23595,16557,6265,4537,15845,075651,PALLADIUM - NEW YORK MERCANTILE EXCHANGE,656.9000244140625,0.47925407925407926,-11308,-10.497189420018302,10292,9.817421238398188,0.11819252281424787,0.09872053281920953,0.044356159640798865,0.05221492847951015,0.2472376833537653
2016-07-26,26677,19628,6173,4265,18830,075651,PALLADIUM - NEW YORK MERCANTILE EXCHANGE,691.2000122070312,0.5459759343254489,-14565,-13.803771985590169,13455,13.405382496291587,0.14102619614635203,0.12259214759117863,0.05221492847951015,0.03645835035009126,0.25498826102208577
2016-08-02,29287,22416,7187,4071,20377,075651,PALLADIUM - NEW YORK MERCANTILE EXCHANGE,716.4000244140625,0.5567658005258306,-16306,-6.526221089327885,15229,6.6499231547775235,0.07121236910994765,0.12843292909502416,0.03645835035009126,-0.032523796809166616,0.2635375094561829
2016-08-09,30272,22727,6961,4897,21423,075651,PALLADIUM - NEW YORK MERCANTILE EXCHANGE,693.0999755859375,0.5459170190274841,-16526,-0.751186533274149,15766,1.8335780380373545,0.07112462006079028,0.018088116410670978,-0.032523796809166616,0.0157986042313365,0.2716575849454129
2016-08-16,29123,21560,6337,4832,21232,075651,PALLADIUM - NEW YORK MERCANTILE EXCHANGE,704.0499877929688,0.563128798544106,-16400,0.4162262156448203,15223,-1.7937367864693445,0.009821976672805401,0.06420045166146897,0.0157986042313365,-0.007243769156114466,0.27932277929956223
2016-08-23,27809,20637,5747,4309,20481,075651,PALLADIUM - NEW YORK MERCANTILE EXCHANGE,698.9500122070312,0.5815383508935956,-16172,0.7828863784637572,14890,-1.143426158019435,0.05139169019766035,0.057345360824742266,-0.007243769156114466,-0.03004506707667065,0.28804105848526645
2016-08-30,25545,20052,6254,3538,18178,075651,PALLADIUM - NEW YORK MERCANTILE EXCHANGE,677.9500122070312,0.5731062830299471,-14640,5.509007875148334,13798,-3.926786292207559,0.14155461410941242,0.041511442256519426,-0.03004506707667065,0.03429456387840579,0.2953927699048143
2016-09-06,25451,19541,6289,3568,18015,075651,PALLADIUM - NEW YORK MERCANTILE EXCHANGE,701.2000122070312,0.5676397783977054,-14447,0.7555294578195341,13252,-2.1374045801526718,0.008942223045915767,0.02113821138211382,0.03429456387840579,-0.06431836257267187,0.3028891065202358
2016-09-13,24477,18405,5538,3659,16699,075651,PALLADIUM - NEW YORK MERCANTILE EXCHANGE,656.0999755859375,0.5327450259427218,-13040,5.528270009036973,12867,-1.5127106989902166,0.06911287945770704,0.07881217892494675,-0.06431836257267187,0.04244785498768233,0.30987664572302787
2016-09-20,24674,18489,5969,3433,17351,075651,PALLADIUM - NEW YORK MERCANTILE EXCHANGE,683.9500122070312,0.5640755451082111,-13918,-3.587040895534584,12520,-1.4176573926543286,0.042244033872209395,0.021056505029029355,0.04244785498768233,0.023685959379919685,0.3166934910629667
2016-09-27,26048,19499,5872,3669,18444,075651,PALLADIUM - NEW YORK MERCANTILE EXCHANGE,700.1500244140625,0.5672220515970516,-14775,-3.4732917240820296,13627,4.486504012320661,0.060100393433726765,0.04363249379212487,0.023685959379919685,-0.0023566726508984503,0.3210358851380702
2016-10-04,27978,20944,6893,4057,19224,075651,PALLADIUM - NEW YORK MERCANTILE EXCHANGE,698.5,0.5421045106869683,-15167,-1.5049140049140048,14051,1.6277641277641277,0.05016966625144968,0.08858713223407695,-0.0023566726508984503,-0.07358629121555116,0.3228336835442058
2016-10-11,25107,19325,6886,3495,16428,075651,PALLADIUM - NEW YORK MERCANTILE EXCHANGE,647.0999755859375,0.5151153064882303,-12933,7.984845235542212,12439,-5.761669883479877,0.16854891331626762,0.062035023463431385,-0.07358629121555116,-0.013521867300453905,0.323550993947712
2016-10-18,22997,16076,6574,4518,14737,075651,PALLADIUM - NEW YORK MERCANTILE EXCHANGE,638.3499755859375,0.444362308127147,-10219,10.80973433703748,9502,-11.697932847413071,0.140950402492859,0.15721854304635763,-0.013521867300453905,-0.007127732383466201,0.32279997569651664
2016-10-25,21605,14185,6415,5033,13402,075651,PALLADIUM - NEW YORK MERCANTILE EXCHANGE,633.7999877929688,0.387364036102754,-8369,8.044527547071358,7770,-7.531417141366265,0.10035259018171956,0.09951456310679611,-0.007127732383466201,-0.0003944462051357345,0.32044908045017856
2016-11-01,22766,13369,8400,6959,12506,075651,PALLADIUM - NEW YORK MERCANTILE EXCHANGE,633.5499877929688,0.24365281560221383,-5547,13.061791252024992,4969,-12.964591529738486,0.14497816593886462,0.12866920850751068,-0.0003944462051357345,0.04956203144040372,0.31598959398135745
2016-11-08,22296,12922,6637,7099,14030,075651,PALLADIUM - NEW YORK MERCANTILE EXCHANGE,664.9500122070312,0.31086293505561535,-6931,-6.079240973381358,6285,5.780549942897303,0.07875431870888353,0.11299146173117235,0.04956203144040372,0.06083165871788454,0.31424146574339845
2016-11-15,23177,13937,4807,6819,16770,075651,PALLADIUM - NEW YORK MERCANTILE EXCHANGE,705.4000244140625,0.42934806057729646,-9951,-13.54503049874417,9130,12.760136347326876,0.12802577472550766,0.15178190354246693,0.06083165871788454,0.054295416029766175,0.31670516950226413
2016-11-22,27518,17212,4845,6084,19301,075651,PALLADIUM - NEW YORK MERCANTILE EXCHANGE,743.7000122070312,0.48030380114833926,-13217,-14.091556284247314,12367,13.966432238857488,0.1286586566870199,0.15020175001133426,0.054295416029766175,0.026825348769091484,0.3215932370738963
2016-11-29,26153,19390,5131,4527,19499,075651,PALLADIUM - NEW YORK MERCANTILE EXCHANGE,763.6500244140625,0.5724773448552747,-14972,-6.377643724107856,14259,6.875499672941348,0.0730458669774411,0.10048529831572937,0.026825348769091484,-0.03810650912166447,0.3278815576321198
2016-12-06,27640,21391,5767,3823,20411,075651,PALLADIUM - NEW YORK MERCANTILE EXCHANGE,734.5499877929688,0.6001447178002894,-16588,-6.179023438993615,15624,5.219286506328146,0.06668317240240984,0.09709846085867885,-0.03810650912166447,-0.00673883641589057,0.3336896577829092
2016-12-13,27269,20931,5792,3775,19948,075651,PALLADIUM - NEW YORK MERCANTILE EXCHANGE,729.5999755859375,0.5930910557776229,-16173,1.5014471780028944,15139,-1.7547033285094067,0.02154027736795515,0.01814915989971186,-0.00673883641589057,-0.07983827021542833,0.3394727663142098
2016-12-20,25156,19143,4106,4029,19677,075651,PALLADIUM - NEW YORK MERCANTILE EXCHANGE,671.3499755859375,0.6220384798855144,-15648,1.92526311929297,15037,-0.37405112031977705,0.02214629207795495,0.14942578175405394,-0.07983827021542833,0.004394149570731143,0.34521484769415195
2016-12-27,24290,17962,3776,4304,19258,075651,PALLADIUM - NEW YORK MERCANTILE EXCHANGE,674.2999877929688,0.6156442980650474,-14954,2.758785180473843,14186,-3.3828907616473205,0.02945420592479416,0.06950961449995399,0.004394149570731143,0.051905680904069884,0.3508788508779099
2017-01-03,24483,17830,3566,4363,19650,075651,PALLADIUM - NEW YORK MERCANTILE EXCHANGE,709.2999877929688,0.6243924355675367,-15287,-1.3709345409633593,14264,0.3211198023878139,0.018781493357764543,0.01598429613011778,0.051905680904069884,0.0780347350538082,0.35777068741550255
2017-01-10,26971,19911,3615,4579,21902,075651,PALLADIUM - NEW YORK MERCANTILE EXCHANGE,764.6500244140625,0.6422824515220051,-17323,-8.315974349548666,16296,8.299636482457215,0.09319889732260866,0.09053812802856415,0.0780347350538082,-0.016020400979372185,0.36781644572137784
2017-01-17,28383,21025,4632,4990,22391,075651,PALLADIUM - NEW YORK MERCANTILE EXCHANGE,752.4000244140625,0.6130782510657788,-17401,-0.28919951058544363,16393,0.3596455452152312,0.032869508053029475,0.08305725532992946,-0.016020400979372185,0.05695105554961577,0.3762641660987226
2017-01-24,30826,22279,4702,5057,23679,075651,PALLADIUM - NEW YORK MERCANTILE EXCHANGE,795.25,0.6041004346979822,-18622,-4.301870838177782,17577,4.171511115808759,0.047153396436525614,0.049071568881805715,0.05695105554961577,-0.05143039850872366,0.38514371408059167
2017-01-31,28488,19402,3629,5556,22311,075651,PALLADIUM - NEW YORK MERCANTILE EXCHANGE,754.3499755859375,0.5881423757371524,-16755,6.0565756179848185,15773,-5.852202686044248,0.06699680625829835,0.1715079675220355,-0.05143039850872366,0.013455325435887344,0.393872449348704
2017-02-07,29331,19791,3828,5586,22538,075651,PALLADIUM - NEW YORK MERCANTILE EXCHANGE,764.5,0.577955064607412,-16952,-0.6915192361696153,15963,0.6669474866610503,0.009138102688095577,0.024895211482281215,0.013455325435887344,0.02151734755661372,0.4014728539649883
2017-02-14,30408,20450,3735,5867,23476,075651,PALLADIUM - NEW YORK MERCANTILE EXCHANGE,780.9500122070312,0.5790910286766641,-17609,-2.23995090518564,16715,2.563840305478845,0.041543127832873256,0.031093653090758736,0.02151734755661372,-0.002689079439487929,0.4089404840418523
2017-02-21,30322,20313,3622,5837,23429,075651,PALLADIUM - NEW YORK MERCANTILE EXCHANGE,778.8499755859375,0.5801728118198008,-17592,0.05590634043672718,16691,-0.07892659826361484,0.002631039431422128,0.010444955086693127,-0.002689079439487929,-0.010464099164636864,0.4178597344292129
2017-02-28,27645,20395,3854,4913,22487,075651,PALLADIUM - NEW YORK MERCANTILE EXCHANGE,770.7000122070312,0.6357026587086272,-17574,0.059362838862871845,16541,-0.49469032385726536,0.0681021897810219,0.012948987587116994,-0.010464099164636864,0.007849990524385175,0.42869492092556594
2017-03-07,27966,21374,4338,4403,22070,075651,PALLADIUM - NEW YORK MERCANTILE EXCHANGE,776.75,0.6317313881141386,-17667,-0.3364080303852414,17036,1.7905588714053173,0.03501680957957164,0.05689950217797138,0.007849990524385175,-0.04390083757442875,0.43655659711518396
2017-03-14,27837,20937,4359,4755,21786,075651,PALLADIUM - NEW YORK MERCANTILE EXCHANGE,742.6500244140625,0.6118116176312103,-17031,2.274190087963956,16578,-1.6377029249803332,0.023962925285407482,0.018105629348513598,-0.04390083757442875,0.06328687599126126,0.4428024235322286
2017-03-21,29594,22859,4694,4487,23289,075651,PALLADIUM - NEW YORK MERCANTILE EXCHANGE,789.6500244140625,0.6353314861120497,-18802,-6.362036138951755,18165,5.701045371268456,0.0637600806451613,0.08191485500671433,0.06328687599126126,0.006268537983707301,0.4477404718886867
2017-03-28,32450,25824,5292,4070,25352,075651,PALLADIUM - NEW YORK MERCANTILE EXCHANGE,794.5999755859375,0.6558397534668721,-21282,-8.380077042643778,20532,7.9982428870717035,0.08429066684793692,0.1145070060419077,0.006268537983707301,0.015542457841112967,0.45436129168704276
2017-04-04,33938,26795,5728,4132,26044,075651,PALLADIUM - NEW YORK MERCANTILE EXCHANGE,806.9500122070312,0.6456479462549355,-21912,-1.941448382126348,21067,1.6486902927580895,0.024986744432661717,0.04326169172585555,0.015542457841112967,-0.0049569365381876285,0.46221350480386536
2017-04-11,34518,27058,6088,4269,25882,075651,PALLADIUM - NEW YORK MERCANTILE EXCHANGE,802.9500122070312,0.6261370878961701,-21613,0.8810183275384526,20970,-0.2858153102716719,0.009916752346522503,0.01879563144874193,-0.0049569365381876285,-0.03997762766434476,0.4720635669170447
2017-04-18,33619,25060,5685,4544,24373,075651,PALLADIUM - NEW YORK MERCANTILE EXCHANGE,770.8499755859375,0.5898152830244802,-19829,5.168317979025436,19375,-4.620777565328234,0.06169381332780026,0.07809399902423159,-0.03997762766434476,0.03327498894264802,0.48049612479588905
2017-04-25,34121,25031,5114,4482,24774,075651,PALLADIUM - NEW YORK MERCANTILE EXCHANGE,796.5,0.5947070718912106,-20292,-1.3771974181266546,19917,1.6121835866623042,0.01582581350834017,0.019903798308177144,0.03327498894264802,0.02128061796237435,0.48627949924930436
2017-05-02,36686,27316,5823,4448,26438,075651,PALLADIUM - NEW YORK MERCANTILE EXCHANGE,813.4500122070312,0.5994112195387886,-21990,-4.976407490987954,21493,4.618856422730869,0.05497636469597876,0.09034672138567851,0.02128061796237435,-0.024586636793742844,0.49131691918093956
2017-05-09,37329,26380,5771,5583,26518,075651,PALLADIUM - NEW YORK MERCANTILE EXCHANGE,793.4500122070312,0.5608240242170967,-20935,2.8757564193425287,20609,-2.4096385542168677,0.03784928818416872,0.030729992846256726,-0.024586636793742844,-0.0020165563003057274,0.4968346178083752
2017-05-16,37379,25909,6008,6176,26403,075651,PALLADIUM - NEW YORK MERCANTILE EXCHANGE,791.8499755859375,0.5411327215816367,-20227,1.8966487181547858,19901,-1.8966487181547858,0.021731790417139876,0.022182535952627126,-0.0020165563003057274,-0.024815260446735543,0.5023559482096407
2017-05-23,33324,22714,5184,6245,24352,075651,PALLADIUM - NEW YORK MERCANTILE EXCHANGE,772.2000122070312,0.5433621413995919,-18107,5.671633805077717,17530,-6.343133845207202,0.06928783867699448,0.14406050612947166,-0.024815260446735543,0.044030043334011726,0.5094969597248661
2017-05-30,29926,22842,4926,4760,23225,075651,PALLADIUM - NEW YORK MERCANTILE EXCHANGE,806.2000122070312,0.6170219875693377,-18465,-1.0743008042251831,17916,1.1583243308126274,0.09333571556190816,0.013900893114376261,0.044030043334011726,0.057181809585608256,0.5183835947011658
2017-06-06,34586,27455,6141,4507,26254,075651,PALLADIUM - NEW YORK MERCANTILE EXCHANGE,852.2999877929688,0.6287804313884231,-21747,-10.967052061752321,21314,11.354674864666176,0.10669354052208965,0.1734730325038695,0.057181809585608256,0.016367490797641437,0.5274484913217001
2017-06-13,36107,28735,7138,4453,26465,075651,PALLADIUM - NEW YORK MERCANTILE EXCHANGE,866.25,0.6096324812363254,-22012,-0.7662059792979818,21597,0.8182501590238824,0.008571058930073096,0.06347392189111588,0.016367490797641437,0.02181821000180384,0.5371559985519534
2017-06-20,36559,28887,7141,4567,26507,075651,PALLADIUM - NEW YORK MERCANTILE EXCHANGE,885.1500244140625,0.6001258240105035,-21940,0.19940731714072063,21746,0.41266236463843575,0.005020274184205445,0.004302209392694571,0.02181821000180384,-0.011184572265719561,0.547240027609346
2017-06-27,35760,28219,7180,4622,26094,075651,PALLADIUM - NEW YORK MERCANTILE EXCHANGE,875.25,0.6004474272930649,-21472,1.2801225416450122,21039,-1.9338603353483412,0.015236358900898554,0.019972315602135655,-0.011184572265719561,-0.019765767258461908,0.5552436000951533
2017-07-11,33097,25308,6654,4647,23693,075651,PALLADIUM - NEW YORK MERCANTILE EXCHANGE,857.9500122070312,0.5754600114814031,-19046,6.784116331096198,18654,-6.669463087248322,0.08560338743824983,0.10753394656154183,-0.019765767258461908,0.013345780108536598,0.5602651661737734
2017-07-18,33495,25585,6486,4481,24094,075651,PALLADIUM - NEW YORK MERCANTILE EXCHANGE,869.4000244140625,0.5855500821018063,-19613,-1.7131462066048282,19099,1.344532737106082,0.01984251968503937,0.01387546381466122,0.013345780108536598,-0.008569141934464786,0.5640685737582788
2017-07-25,33529,25444,6155,4503,24195,075651,PALLADIUM - NEW YORK MERCANTILE EXCHANGE,861.9500122070312,0.5873124757672462,-19692,-0.23585609792506346,19289,0.5672488431109121,0.0042860129625757895,0.014937181556378366,-0.008569141934464786,0.04228784928455487,0.5661466198450705
2017-08-01,34842,27194,6459,3873,25309,075651,PALLADIUM - NEW YORK MERCANTILE EXCHANGE,898.4000244140625,0.6152344871132541,-21436,-5.201467386441587,20735,4.312684541739986,0.05976286752107463,0.06103467744331857,0.04228784928455487,0.00556544953709337,0.5674785150909898
2017-08-08,35434,27922,6656,4410,26215,075651,PALLADIUM - NEW YORK MERCANTILE EXCHANGE,903.4000244140624,0.6153694192018965,-21805,-1.0590666437058722,21266,1.5240227311864991,0.04711836734693878,0.02675111342472092,0.00556544953709337,-0.007029041896708166,0.5686055077578372
2017-08-15,35126,27931,6465,4194,26296,075651,PALLADIUM - NEW YORK MERCANTILE EXCHANGE,897.0499877929688,0.6292205204122303,-22102,-0.8381780211096688,21466,0.5644296438448947,0.009740898655296818,0.005814629608093964,-0.007029041896708166,0.04202665706488151,0.5702074981690823
2017-08-22,36674,29046,5773,4091,28001,075651,PALLADIUM - NEW YORK MERCANTILE EXCHANGE,934.75,0.6519605169875116,-23910,-5.147184421795821,23273,5.144337527757217,0.056338028169014086,0.051896952813119276,0.04202665706488151,0.013586533519156285,0.5719158004468402
2017-08-29,35003,28949,5480,3489,27677,075651,PALLADIUM - NEW YORK MERCANTILE EXCHANGE,947.4500122070312,0.6910264834442762,-24188,-0.7580302121393904,23469,0.5344385668320881,0.02971186549444908,0.011327659821661971,0.013586533519156285,0.016465222845475802,0.5740213414574302
2017-09-05,34977,29204,4236,3293,29034,075651,PALLADIUM - NEW YORK MERCANTILE EXCHANGE,963.0499877929688,0.7359407610715614,-25741,-4.436762563208868,24968,4.282490072279519,0.04804033779812541,0.044826555023923444,0.016465222845475802,-0.014537147788230564,0.5771527737274612
2017-09-12,33331,27421,4115,3383,27512,075651,PALLADIUM - NEW YORK MERCANTILE EXCHANGE,949.0499877929688,0.7239206744472113,-24129,4.608742888183664,23306,-4.751693970323355,0.05217672762582942,0.06037544393708777,-0.014537147788230564,-0.045677231066351465,0.5801581755745671
2017-09-19,31864,26060,3644,3612,26549,075651,PALLADIUM - NEW YORK MERCANTILE EXCHANGE,905.7000122070312,0.7198405724328396,-22937,3.5762503375236268,22416,-2.6701869130839158,0.03952123603328802,0.061675195259897654,-0.045677231066351465,0.00993706511946324,0.5837561668532232
2017-09-26,30568,24571,3928,3791,25203,075651,PALLADIUM - NEW YORK MERCANTILE EXCHANGE,914.7000122070312,0.7004710808688825,-21412,4.785965352749184,20643,-5.564273160933969,0.0525970890529075,0.06221270921786729,0.00993706511946324,0.0036077268491627734,0.5863791579255438
2017-10-03,30590,24462,3944,3859,24963,075651,PALLADIUM - NEW YORK MERCANTILE EXCHANGE,918.0,0.68989865969271,-21104,1.0075896362208845,20518,-0.408924365349385,0.01068628131288599,0.004400478772090403,0.0036077268491627734,0.018246187363834432,0.588738323465845
2017-10-10,31198,24740,3951,3928,25349,075651,PALLADIUM - NEW YORK MERCANTILE EXCHANGE,934.75,0.6866145265722162,-21421,-1.0362863680941483,20789,0.8859104282445244,0.01554120982341087,0.009933428601303545,0.018246187363834432,0.04525272831555904,0.591517362232869
2017-10-17,35235,27601,4543,3863,27538,075651,PALLADIUM - NEW YORK MERCANTILE EXCHANGE,977.0499877929688,0.6719171278558251,-23675,-7.224822103981024,23058,7.272902109109558,0.07178115346645011,0.10742284718765555,0.04525272831555904,-0.015096464033860113,0.5945327818745535
2017-10-24,33411,26000,4385,3694,26002,075651,PALLADIUM - NEW YORK MERCANTILE EXCHANGE,962.2999877929688,0.6676842955912723,-22308,3.879665105718746,21615,-4.095359727543635,0.0574151400862069,0.05789040645055126,-0.015096464033860113,0.01896497997662494,0.5988274354796328
2017-10-31,34052,26232,4885,3626,25721,075651,PALLADIUM - NEW YORK MERCANTILE EXCHANGE,980.5499877929688,0.6488605661928815,-22095,0.6375145910029631,21347,-0.8021310346891743,0.01189218659488193,0.023524118648970017,0.01896497997662494,0.01524655794518015,0.603856214904443
2017-11-07,35650,27397,4609,3841,27281,075651,PALLADIUM - NEW YORK MERCANTILE EXCHANGE,995.5,0.6575035063113605,-23440,-3.949841419006226,22788,4.231763185715963,0.05703360966518861,0.045022808223458104,0.01524655794518015,-0.008588636657929416,0.611814882033465
2017-11-14,36128,27159,4696,4453,27557,075651,PALLADIUM - NEW YORK MERCANTILE EXCHANGE,986.9500122070312,0.6395039858281665,-23104,0.9424964936886395,22463,-0.9116409537166901,0.027741330834114338,0.010202479987443102,-0.008588636657929416,0.011094799201171845,0.6181349022406295
2017-11-21,34806,26958,4439,4234,27407,075651,PALLADIUM - NEW YORK MERCANTILE EXCHANGE,997.9000244140624,0.6657760156294892,-23173,-0.19098759964570416,22519,0.1550044286979628,0.011662084004930313,0.014587380959964327,0.011094799201171845,0.024200784435381095,0.6226815936839407
2017-11-28,35677,29139,4608,3860,28732,075651,PALLADIUM - NEW YORK MERCANTILE EXCHANGE,1022.0499877929688,0.6971438181461446,-24872,-4.881342297305062,24531,5.78061253806815,0.05212935689739814,0.06963581948025009,0.024200784435381095,-0.029646287515152747,0.6268515940108217
2017-12-05,33706,28082,4500,3331,27344,075651,PALLADIUM - NEW YORK MERCANTILE EXCHANGE,991.75,0.7124250875215096,-24013,2.407713653053788,23582,-2.6599770160047087,0.06249388753056235,0.03575593886194831,-0.029646287515152747,0.024149243465622527,0.6295428967544031
2017-12-12,34124,28173,4357,3240,27650,075651,PALLADIUM - NEW YORK MERCANTILE EXCHANGE,1015.7000122070312,0.7153323174305474,-24410,-1.1778318400284815,23816,0.6942384145256038,0.012852055681450307,0.007193359975407316,0.024149243465622527,0.015998758264789137,0.6317580429011389
2017-12-19,35321,28988,4525,3280,28514,075651,PALLADIUM - NEW YORK MERCANTILE EXCHANGE,1031.949951171875,0.7144191840548116,-25234,-2.414722775758997,24463,1.8960262571796975,0.028433037680065422,0.02933190105332259,0.015998758264789137,0.025001259798332898,0.6340912761372386
2017-12-26,36407,29957,4459,3371,29597,075651,PALLADIUM - NEW YORK MERCANTILE EXCHANGE,1057.75,0.7203559754992171,-26226,-2.8085275048837803,25498,2.9302681124543475,0.0356102887648629,0.030073221757322174,0.025001259798332898,,0.635981997206733
