,Open_Interest_All,NonComm_Positions_Long_All,NonComm_Positions_Short_All,Comm_Positions_Long_All,Comm_Positions_Short_All,CFTC_Contract_Market_Code,Market_and_Exchange_Names,PL_Close,HP,NetLong_Comm,Q_Comm,NetLong_NonComm,Q_NonComm,PT_Comm,PT_NonComm,Ret,Ret_Lead,HP_Smooth_52w
2003-01-07,8579,5107,1272,1312,6538,076651,PLATINUM - NEW YORK MERCANTILE EXCHANGE ,612.4000244140625,0.6091619069821658,-5226,,3835,,,,,0.011103833314629385,
2003-01-14,8899,5739,1275,806,6716,076651,PLATINUM - NEW YORK MERCANTILE EXCHANGE ,619.2000122070312,0.6641195639959546,-5910,-7.9729572211213435,4464,7.3318568597738665,0.09093326243020473,0.09053321927573424,0.011103833314629385,0.023094295075994697,
2003-01-21,8575,5638,1179,633,6394,076651,PLATINUM - NEW YORK MERCANTILE EXCHANGE ,633.5,0.6718367346938775,-5761,1.6743454320710192,4459,-0.05618608832453084,0.0704425786253024,0.028898342379345753,0.023094295075994697,0.02067873020668909,
2003-01-28,8649,5623,1182,681,6546,076651,PLATINUM - NEW YORK MERCANTILE EXCHANGE ,646.5999755859375,0.6781130766562609,-5865,-1.2128279883381923,4441,-0.2099125364431487,0.027674000276740003,0.002645113886847906,0.02067873020668909,0.04546864448521015,
2003-02-04,8678,5212,1150,937,6561,076651,PLATINUM - NEW YORK MERCANTILE EXCHANGE ,676.0,0.6480755934547131,-5624,2.7864493004971673,4062,-4.38200948086484,0.03614297145905575,0.06963219113486326,0.04546864448521015,-0.010355029585798814,
2003-02-11,8568,5294,1161,948,6470,076651,PLATINUM - NEW YORK MERCANTILE EXCHANGE ,669.0,0.6444911297852475,-5522,1.175386033648306,4133,0.818160866559115,0.013750337018064168,0.014407436096049574,-0.010355029585798814,0.00014944033772423815,
2003-02-25,7552,4269,1066,1143,5523,076651,PLATINUM - NEW YORK MERCANTILE EXCHANGE ,669.0999755859375,0.579978813559322,-4380,13.328664799253035,3203,-10.854341736694678,0.1713171317131713,0.2099343955014058,0.00014944033772423815,0.017785121578642205,
2003-03-04,8288,4376,1018,1437,6172,076651,PLATINUM - NEW YORK MERCANTILE EXCHANGE ,681.0,0.571307915057915,-4735,-4.700741525423728,3358,2.0524364406779663,0.12393218556972006,0.028735632183908046,0.017785121578642205,0.020117492227652356,
2003-03-11,9202,5185,1074,1313,6806,076651,PLATINUM - NEW YORK MERCANTILE EXCHANGE ,694.7000122070312,0.5969354488154749,-5493,-9.145752895752896,4111,9.08542471042471,0.09336125138563862,0.13820099057357405,0.020117492227652356,-0.011515761997159535,
2003-03-18,9022,4755,1027,1411,6219,076651,PLATINUM - NEW YORK MERCANTILE EXCHANGE ,686.7000122070312,0.5329195300376857,-4808,7.44403390567268,3728,-4.162138665507499,0.08977719528178243,0.0824974057419578,-0.011515761997159535,-0.07485076962335346,
2003-03-25,6714,2437,829,2266,4479,076651,PLATINUM - NEW YORK MERCANTILE EXCHANGE ,635.2999877929688,0.32960977062853736,-2213,28.763023719796056,1608,-23.49811571713589,0.38472942920681985,0.7703612982241274,-0.07485076962335346,0.010703585587325204,
2003-04-01,6341,2313,771,2570,4750,076651,PLATINUM - NEW YORK MERCANTILE EXCHANGE ,642.0999755859375,0.34379435420280713,-2180,0.49151027703306527,1542,-0.9830205540661305,0.07855191256830601,0.05901426718547341,0.010703585587325204,-0.02009027233980909,
2003-04-08,6634,2349,366,2838,5472,076651,PLATINUM - NEW YORK MERCANTILE EXCHANGE ,629.2000122070312,0.3970455230630087,-2634,-7.159753982021763,1983,6.954739000157704,0.11913357400722022,0.16243093922651933,-0.02009027233980909,0.005403628914405489,
2003-04-15,6230,1922,355,2910,5189,076651,PLATINUM - NEW YORK MERCANTILE EXCHANGE ,632.5999755859375,0.36581059390048154,-2279,5.351220982815797,1567,-6.270726560144708,0.04383257192245956,0.19235836627140976,0.005403628914405489,0.02861213613599789,
2003-04-22,6200,1885,337,2891,5010,076651,PLATINUM - NEW YORK MERCANTILE EXCHANGE ,650.7000122070312,0.3417741935483871,-2119,2.568218298555377,1548,-0.30497592295345105,0.02506011897228199,0.024752475247524754,0.02861213613599789,-0.08698330345671712,
2003-04-29,6302,2134,430,2993,4882,076651,PLATINUM - NEW YORK MERCANTILE EXCHANGE ,594.0999755859375,0.2997461123452872,-1889,3.7096774193548385,1704,2.5161290322580645,0.029206349206349208,0.13338533541341654,-0.08698330345671712,0.03888240627902917,
2003-05-06,6275,2177,686,2660,4661,076651,PLATINUM - NEW YORK MERCANTILE EXCHANGE ,617.2000122070312,0.31888446215139443,-2001,-1.7772135829895273,1491,-3.3798794033640114,0.07567272230569594,0.10443590639189661,0.03888240627902917,0.042935838424952744,
2003-05-13,6454,2713,288,2245,5623,076651,PLATINUM - NEW YORK MERCANTILE EXCHANGE ,643.7000122070312,0.5233963433529594,-3378,-21.944223107569723,2425,14.884462151394423,0.1750127097102186,0.3112295901366211,0.042935838424952744,0.03573092988011717,
2003-05-20,6918,3342,91,1741,6183,076651,PLATINUM - NEW YORK MERCANTILE EXCHANGE ,666.7000122070312,0.6420930904885805,-4442,-16.48590021691974,3251,12.79826464208243,0.13427561837455831,0.24060588406641423,0.03573092988011717,0.012899318176803787,
2003-05-27,7274,3974,100,1601,6495,076651,PLATINUM - NEW YORK MERCANTILE EXCHANGE ,675.2999877929688,0.6728072587297222,-4894,-6.533680254408789,3874,9.005492917028043,0.055830039525691696,0.15733922434953362,0.012899318176803787,-0.034947395250320534,
2003-06-03,6464,3691,54,1187,5712,076651,PLATINUM - NEW YORK MERCANTILE EXCHANGE ,651.7000122070312,0.7000309405940595,-4525,5.072862249106406,3637,-3.2581798185317568,0.17350340629076677,0.08785046728971962,-0.034947395250320534,0.0035292124442036776,
2003-06-10,6678,3348,140,1616,5807,076651,PLATINUM - NEW YORK MERCANTILE EXCHANGE ,654.0,0.6275831087151842,-4191,5.167079207920792,3208,-6.636757425742575,0.07059140509228075,0.12299311926605505,0.0035292124442036776,0.010856231782778947,
2003-06-17,6583,3247,137,1470,5731,076651,PLATINUM - NEW YORK MERCANTILE EXCHANGE ,661.0999755859375,0.6472732796597296,-4261,-1.0482180293501049,3110,-1.4675052410901468,0.030829051520622135,0.030732860520094562,0.010856231782778947,0.018000340120290392,
2003-06-24,7695,3997,155,1514,6323,076651,PLATINUM - NEW YORK MERCANTILE EXCHANGE ,673.0,0.6249512670565303,-4809,-8.324472125170896,3842,11.119550356980099,0.08115350261579686,0.18497109826589594,0.018000340120290392,0.011144130757800852,
2003-07-01,6598,3956,73,1177,5779,076651,PLATINUM - NEW YORK MERCANTILE EXCHANGE ,680.5,0.697484086086693,-4602,2.690058479532164,3883,0.5328135152696556,0.12665324899367453,0.03052866716306776,0.011144130757800852,-0.009551800146950784,
2003-07-08,6750,4165,75,1122,5889,076651,PLATINUM - NEW YORK MERCANTILE EXCHANGE ,674.0,0.7062222222222222,-4767,-2.5007578053955744,4090,3.137314337678084,0.0235344458707745,0.04976415094339623,-0.009551800146950784,0.03931750741839757,0.5552094738378539
2003-07-15,7642,4920,144,1051,6492,076651,PLATINUM - NEW YORK MERCANTILE EXCHANGE ,700.5,0.7119863909971211,-5441,-9.985185185185186,4776,10.162962962962963,0.08935436828847938,0.1627172195892575,0.03931750741839757,-0.0037115996944147023,0.5610160263252342
2003-07-22,7945,5386,317,893,6683,076651,PLATINUM - NEW YORK MERCANTILE EXCHANGE ,697.9000244140625,0.7287602265575834,-5790,-4.566867312221931,5069,3.834074849515834,0.046066525871172125,0.11204629142556549,-0.0037115996944147023,0.00014325201667886311,0.5670068906192467
2003-07-29,8114,5716,460,498,6511,076651,PLATINUM - NEW YORK MERCANTILE EXCHANGE ,698.0,0.7410648262262756,-6013,-2.806796727501573,5256,2.3536815607300188,0.08089599086888287,0.07658678756476683,0.00014325201667886311,-0.025787965616045794,0.5730088883987994
2003-08-05,8096,5677,476,614,6598,076651,PLATINUM - NEW YORK MERCANTILE EXCHANGE ,680.0,0.7391304347826086,-5984,0.35740695094897706,5201,-0.6778407690411634,0.02814753189129229,0.008938729075247847,-0.025787965616045794,0.027500017951516575,0.5785462732782597
2003-08-12,8523,5997,553,682,6892,076651,PLATINUM - NEW YORK MERCANTILE EXCHANGE ,698.7000122070312,0.7286166842661035,-6210,-2.791501976284585,5444,3.0014822134387353,0.04779508846052284,0.06061068702290076,0.027500017951516575,0.001574317399055003,0.5833872542778675
2003-08-19,8649,6186,513,697,6968,076651,PLATINUM - NEW YORK MERCANTILE EXCHANGE ,699.7999877929688,0.7250549196438895,-6271,-0.7157104305995542,5673,2.6868473542179987,0.011872146118721462,0.0341842065979997,0.001574317399055003,-0.007287761753214439,0.5878143688205557
2003-08-26,8700,6248,406,479,7121,076651,PLATINUM - NEW YORK MERCANTILE EXCHANGE ,694.7000122070312,0.763448275862069,-6642,-4.289513238524685,5842,1.9539831194357729,0.04881578947368421,0.025398256687706643,-0.007287761753214439,0.030228875242543696,0.5931366084278743
2003-09-02,9218,6584,640,540,7527,076651,PLATINUM - NEW YORK MERCANTILE EXCHANGE ,715.7000122070312,0.7579735300499023,-6987,-3.9655172413793105,5944,1.1724137931034484,0.05789016982769307,0.07890365448504984,0.030228875242543696,-0.008523175236902492,0.5979847531814633
2003-09-09,9066,6500,627,360,7298,076651,PLATINUM - NEW YORK MERCANTILE EXCHANGE ,709.5999755859375,0.7652768585925436,-6938,0.531568669993491,5873,-0.7702321544803645,0.053408200574562546,0.013610214676582012,-0.008523175236902492,-0.018179204936209836,0.60276452762178
2003-09-16,8771,5965,604,616,6796,076651,PLATINUM - NEW YORK MERCANTILE EXCHANGE ,696.7000122070312,0.7045946870368259,-6180,8.360908890359585,5361,-5.647474078976395,0.10226659471127901,0.08494443598721267,-0.018179204936209836,0.013205127093204982,0.6055931431610868
2003-09-23,8670,5660,466,632,6491,076651,PLATINUM - NEW YORK MERCANTILE EXCHANGE ,705.9000244140625,0.6757785467128028,-5859,3.659787937521377,5194,-1.9040018241933645,0.04506528148252141,0.0723147241266732,0.013205127093204982,0.0014166312018901728,0.6074900459597817
2003-09-30,8447,5230,131,1071,7008,076651,PLATINUM - NEW YORK MERCANTILE EXCHANGE ,706.9000244140625,0.7028530839351249,-5937,-0.8996539792387545,5099,-1.0957324106113033,0.11833147666790444,0.14269725797425853,0.0014166312018901728,0.020512094354528942,0.6099995995907118
2003-10-07,8600,5942,338,681,7389,076651,PLATINUM - NEW YORK MERCANTILE EXCHANGE ,721.4000244140625,0.78,-6708,-9.127500887889191,5604,5.978453888954658,0.09553903345724907,0.1463375796178344,0.020512094354528942,0.01885219729093257,0.6143585842165911
2003-10-14,8223,5464,414,601,6999,076651,PLATINUM - NEW YORK MERCANTILE EXCHANGE ,735.0,0.7780615347196886,-6398,3.604651162790698,5050,-6.44186046511628,0.06184210526315789,0.09424974481116026,0.01885219729093257,0.0072108677455358094,0.6184511579791685
2003-10-21,8201,5723,545,378,6799,076651,PLATINUM - NEW YORK MERCANTILE EXCHANGE ,740.2999877929688,0.7829532983782466,-6421,-0.2797032713121732,5178,1.5566095099112247,0.058938275045283546,0.0622208040842374,0.0072108677455358094,0.019721784225095407,0.6224634053059753
2003-10-28,8515,5824,641,446,6834,076651,PLATINUM - NEW YORK MERCANTILE EXCHANGE ,754.9000244140625,0.7502055196711686,-6388,0.40238995244482384,5183,0.06096817461285209,0.014148351648351648,0.030471771075019336,0.019721784225095407,0.07563912271728612,0.6255048842194323
2003-12-30,8261,4972,1229,762,6071,076651,PLATINUM - NEW YORK MERCANTILE EXCHANGE ,812.0,0.6426582738167292,-5309,12.67175572519084,3743,-16.911332941867293,0.1579101419581443,0.23222060957910015,0.07563912271728612,0.04790643400746619,0.6259038002565788
2004-01-06,8500,5176,1209,653,6465,076651,PLATINUM - NEW YORK MERCANTILE EXCHANGE ,850.9000244140625,0.6837647058823529,-5812,-6.088851228664811,3967,2.7115361336399952,0.07066591739252599,0.0350822239624119,0.04790643400746619,0.017393333374458697,0.6272188208389827
2004-01-13,8417,4962,1172,642,6536,076651,PLATINUM - NEW YORK MERCANTILE EXCHANGE ,865.7000122070312,0.7002494950695022,-5894,-0.9647058823529411,3790,-2.0823529411764707,0.011423794928949568,0.04091946527551353,0.017393333374458697,-0.0005775672784447128,0.6288417247107719
2004-01-20,8348,5052,1116,722,6289,076651,PLATINUM - NEW YORK MERCANTILE EXCHANGE ,865.2000122070312,0.6668663152850982,-5567,3.884994653677082,3936,1.7345847689200427,0.04664099272571673,0.023670557717250323,-0.0005775672784447128,0.004507585903700928,0.6296683462449965
2004-01-27,8085,4809,1123,625,6173,076651,PLATINUM - NEW YORK MERCANTILE EXCHANGE ,869.0999755859375,0.6862090290661719,-5548,0.22759942501197888,3686,-2.994729276473407,0.03133274492497794,0.04214430209035738,0.004507585903700928,-0.04924633413332391,0.6308713394965109
2004-02-03,7126,3589,1065,1351,5050,076651,PLATINUM - NEW YORK MERCANTILE EXCHANGE ,826.2999877929688,0.5190850406960427,-3699,22.869511440940013,2524,-14.372294372294373,0.2888611154507108,0.27460249247958746,-0.04924633413332391,0.008229441962272599,0.6285424582715011
2004-02-10,7069,3262,707,1371,5417,076651,PLATINUM - NEW YORK MERCANTILE EXCHANGE ,833.0999755859375,0.5723581836186165,-4046,-4.86949200112265,2555,0.4350266629245018,0.0570123747790218,0.1725875535399345,0.008229441962272599,0.033609411619904384,0.6273958404214423
2004-02-17,7649,3967,690,1207,6066,076651,PLATINUM - NEW YORK MERCANTILE EXCHANGE ,861.0999755859375,0.635246437442803,-4859,-11.50091950770972,3277,10.213608714103833,0.11178330812594528,0.15503543053467897,0.033609411619904384,-0.005806526700454007,0.6275528523618694
2004-02-24,7332,3988,610,1060,5947,076651,PLATINUM - NEW YORK MERCANTILE EXCHANGE ,856.0999755859375,0.6665302782324058,-4887,-0.36606092299647014,3378,1.3204340436658386,0.03796203796203796,0.021966072205306657,-0.005806526700454007,0.022660933263997096,0.6283171156142329
2004-03-02,8759,5190,642,868,7070,076651,PLATINUM - NEW YORK MERCANTILE EXCHANGE ,875.5,0.7080716976823839,-6202,-17.93507910529187,4548,15.957446808510639,0.1656588561350466,0.2115912208504801,0.022660933263997096,0.024785850607688564,0.6298508575770819
2004-03-09,8675,5183,574,752,7002,076651,PLATINUM - NEW YORK MERCANTILE EXCHANGE ,897.2000122070312,0.7204610951008645,-6250,-0.5480077634433155,4609,0.6964265327092134,0.0237296879030178,0.013027618551328817,0.024785850607688564,0.005795822710968901,0.6319912265793646
2004-03-16,9156,5173,831,1106,6941,076651,PLATINUM - NEW YORK MERCANTILE EXCHANGE ,902.4000244140624,0.6372870249017037,-5835,4.78386167146974,4342,-3.077809798270893,0.05157201441531006,0.04447035309793471,0.005795822710968901,0.013297871980657128,0.6314752162121675
2004-03-23,8985,5177,989,1163,7030,076651,PLATINUM - NEW YORK MERCANTILE EXCHANGE ,914.4000244140624,0.652977184195882,-5867,-0.34949759720401924,4188,-1.6819571865443423,0.017820090321005736,0.02627311060655206,0.013297871980657128,-0.01913823220992772,0.6311125325487446
2004-03-30,8490,4422,863,1536,6522,076651,PLATINUM - NEW YORK MERCANTILE EXCHANGE ,896.9000244140625,0.5872791519434629,-4986,9.805230940456317,3559,-7.0005564830272675,0.10933234053114917,0.16669820245979186,-0.01913823220992772,-0.005463289419869954,0.6293657263042677
2004-04-06,8327,4789,832,1286,6239,076651,PLATINUM - NEW YORK MERCANTILE EXCHANGE ,892.0,0.5948120571634442,-4953,0.3886925795053004,3957,4.687868080094228,0.07083056478405315,0.07080590642234477,-0.005463289419869954,0.04338566390922782,0.6283414275294356
2004-04-20,8122,4528,904,1472,5975,076651,PLATINUM - NEW YORK MERCANTILE EXCHANGE ,930.7000122070312,0.5544200935730116,-4503,5.404107121412274,3624,-3.9990392698450825,0.06042701759097623,0.06130338733431517,0.04338566390922782,-0.072203729800836,0.6266092922176617
2004-04-27,6469,1976,863,2655,4353,076651,PLATINUM - NEW YORK MERCANTILE EXCHANGE ,863.5,0.2624826093677539,-1698,34.53582861364196,1113,-30.916030534351147,0.4002568493150685,0.913349771046143,-0.072203729800836,-0.029183569434894308,0.6205035959832086
2004-07-20,5314,1445,976,2623,3367,076651,PLATINUM - NEW YORK MERCANTILE EXCHANGE ,838.2999877929688,0.14000752728641325,-744,14.747256144690061,469,-9.955170814654506,0.1699499165275459,0.2660057827344073,-0.029183569434894308,-0.029941519684402396,0.6122093577568335
2004-07-27,5616,1847,942,2574,3701,076651,PLATINUM - NEW YORK MERCANTILE EXCHANGE ,813.2000122070312,0.20067663817663817,-1127,-7.207376740684983,905,8.204742190440346,0.06103585657370518,0.15632843313015418,-0.029941519684402396,0.019552340310170058,0.6045889960137789
2004-08-03,5408,1765,789,2444,3750,076651,PLATINUM - NEW YORK MERCANTILE EXCHANGE ,829.0999755859375,0.24149408284023668,-1306,-3.1873219373219372,976,1.2642450142450143,0.028898934452696156,0.09201252936570087,0.019552340310170058,0.025690567428942268,0.598984660490751
2004-08-10,6099,2369,527,2321,4523,076651,PLATINUM - NEW YORK MERCANTILE EXCHANGE ,850.4000244140625,0.3610427939006394,-2202,-16.56804733727811,1842,16.013313609467456,0.1309175920514319,0.2990331491712707,0.025690567428942268,0.034101598268392985,0.5995891417075223
2004-08-17,7206,3305,371,2007,5573,076651,PLATINUM - NEW YORK MERCANTILE EXCHANGE ,879.4000244140625,0.4948653899528171,-3566,-22.36432202000328,2934,17.90457452041318,0.17994722955145118,0.2970620239390642,0.034101598268392985,-0.03889016517803534,0.602494353933484
2004-08-24,6435,2964,227,1807,5024,076651,PLATINUM - NEW YORK MERCANTILE EXCHANGE ,845.2000122070312,0.4999222999222999,-3217,4.843186233694144,2737,-2.7338329170135998,0.10964719660371834,0.15198997179567533,-0.03889016517803534,0.027094135172938127,0.6044727534884704
2004-08-31,6455,3025,327,1665,4899,076651,PLATINUM - NEW YORK MERCANTILE EXCHANGE ,868.0999755859375,0.5010069713400465,-3234,-0.2641802641802642,2698,-0.6060606060606061,0.040676416819012795,0.04803102625298329,0.027094135172938127,-0.02626424194699417,0.6070726838238466
2004-09-07,6157,2752,269,1674,4402,076651,PLATINUM - NEW YORK MERCANTILE EXCHANGE ,845.2999877929688,0.443072925125873,-2728,7.838884585592563,2483,-3.3307513555383426,0.08327847267939434,0.10956636875206885,-0.02626424194699417,0.0033124190623490257,0.6090207363541829
2004-09-14,5535,2214,386,1706,3900,076651,PLATINUM - NEW YORK MERCANTILE EXCHANGE ,848.0999755859375,0.396386630532972,-2194,8.673055059282119,1828,-10.638297872340425,0.0952550838387442,0.2519230769230769,0.0033124190623490257,0.004598543245291298,0.6108792078577922
2004-09-21,5959,2293,404,1575,4011,076651,PLATINUM - NEW YORK MERCANTILE EXCHANGE ,852.0,0.40879342171505284,-2436,-4.372177055103885,1889,1.1020776874435412,0.04332259219477264,0.03596588802373007,0.004598543245291298,0.02934272300469476,0.6126082263109395
2004-09-28,7005,3529,304,1507,5430,076651,PLATINUM - NEW YORK MERCANTILE EXCHANGE ,877.0,0.5600285510349751,-3923,-24.953851317335126,3225,22.419869105554625,0.21435779155254434,0.3485520480041743,0.02934272300469476,-0.04082096669665769,0.6133126918432859
2004-10-05,6241,2165,283,1916,4820,076651,PLATINUM - NEW YORK MERCANTILE EXCHANGE ,841.2000122070312,0.4653100464669124,-2904,14.546752319771592,1882,-19.172019985724482,0.15127672209026127,0.5657679738562091,-0.04082096669665769,0.002020936973801346,0.6099130179197924
2004-10-12,6063,2064,183,2017,4720,076651,PLATINUM - NEW YORK MERCANTILE EXCHANGE ,842.9000244140625,0.4458189015338941,-2703,3.2206377183143724,1881,-0.01602307322544464,0.02983523823660383,0.08945260347129506,0.002020936973801346,-0.0011863803191786149,0.6055478572044879
2004-10-19,5658,1984,238,1929,4621,076651,PLATINUM - NEW YORK MERCANTILE EXCHANGE ,841.9000244140625,0.47578649699540476,-2692,0.1814283358073561,1746,-2.2266204849084614,0.028549618320610686,0.06075607560756076,-0.0011863803191786149,0.0071267369355119126,0.6012354640583599
2004-10-26,6295,2320,179,2120,5278,076651,PLATINUM - NEW YORK MERCANTILE EXCHANGE ,847.9000244140625,0.5016679904686259,-3158,-8.236125839519264,2141,6.981265464828561,0.11462557447958908,0.15806322529011604,0.0071267369355119126,-0.025120943760845282,0.5988140194766953
2004-11-02,5865,1578,662,2511,4122,076651,PLATINUM - NEW YORK MERCANTILE EXCHANGE ,826.5999755859375,0.2746803069053708,-1611,24.575059571088165,916,-19.459888800635426,0.2332278003919795,0.546875,-0.025120943760845282,0.02855073471828362,0.59164877000065
2004-11-09,6503,2341,307,2435,5289,076651,PLATINUM - NEW YORK MERCANTILE EXCHANGE ,850.2000122070312,0.4388743656773797,-2854,-21.193520886615516,2034,19.06223358908781,0.16092698083894355,0.42220543806646527,0.02855073471828362,0.02199483878915509,0.588070368051051
2004-11-16,7747,3621,251,2227,6591,076651,PLATINUM - NEW YORK MERCANTILE EXCHANGE ,868.9000244140625,0.5633148315476959,-4364,-23.220052283561433,3370,20.544364139627863,0.17124064413699253,0.3450413223140496,0.02199483878915509,-0.013810564694243355,0.5854901900791472
2004-11-23,8166,3973,370,2160,6894,076651,PLATINUM - NEW YORK MERCANTILE EXCHANGE ,856.9000244140625,0.5797207935341661,-4734,-4.7760423389699245,3603,3.007615851297276,0.04086591561740667,0.10845037992171311,-0.013810564694243355,0.01797171541620224,0.5830574702966845
2004-11-30,8374,4135,370,2077,7199,076651,PLATINUM - NEW YORK MERCANTILE EXCHANGE ,872.2999877929688,0.6116551229997612,-5122,-4.751408278226794,3765,1.9838354151359296,0.041828374299266925,0.03596004439511654,0.01797171541620224,-0.0014902989925036358,0.5811280228351968
2004-12-07,9042,5161,413,1532,7732,076651,PLATINUM - NEW YORK MERCANTILE EXCHANGE ,871.0,0.68568900685689,-6200,-12.873178887031287,4748,11.738715070456173,0.11636442141623489,0.1917832795120201,-0.0014902989925036358,-0.046613060374210646,0.580299730148645
2004-12-14,6538,1683,966,3166,4546,076651,PLATINUM - NEW YORK MERCANTILE EXCHANGE ,830.4000244140625,0.21107372285102477,-1380,53.306790533067904,717,-44.58084494580845,0.625,1.5217063042657606,-0.046613060374210646,0.013367022229761716,0.5701075935452748
2004-12-21,6374,1671,956,2885,4158,076651,PLATINUM - NEW YORK MERCANTILE EXCHANGE ,841.5,0.19971760276121744,-1273,1.6365861119608445,715,-0.03059039461609055,0.0949879312792844,0.008374571754853444,0.013367022229761716,0.040166355071858284,0.5597342698525558
2004-12-28,6327,2299,156,2422,5096,076651,PLATINUM - NEW YORK MERCANTILE EXCHANGE ,875.2999877929688,0.42263315947526475,-2674,-21.979918418575462,2143,22.403514276749295,0.18635275339185953,0.5816700610997964,0.040166355071858284,-0.03141780004971784,0.5538499712988858
2005-01-04,6201,2293,167,2404,5183,076651,PLATINUM - NEW YORK MERCANTILE EXCHANGE ,847.7999877929688,0.44815352362522176,-2779,-1.6595542911332386,2126,-0.2686897423739529,0.01383946223803875,0.006910569105691057,-0.03141780004971784,0.020877580162637965,0.548524944452373
2005-01-11,6443,2399,549,2602,5195,076651,PLATINUM - NEW YORK MERCANTILE EXCHANGE ,865.5,0.40245227378550363,-2593,2.999516207063377,1850,-4.450895016932753,0.026933435936898807,0.1655359565807327,0.020877580162637965,0.000808795155437636,0.5415827136432083
2005-01-18,6609,2637,229,2478,5648,076651,PLATINUM - NEW YORK MERCANTILE EXCHANGE ,866.2000122070312,0.4796489635345741,-3170,-8.955455533136737,2408,8.660561850069843,0.07100664533595866,0.19469644103279832,0.000808795155437636,0.007734948178954593,0.5362303181332981
2005-01-25,7330,3330,297,2399,6277,076651,PLATINUM - NEW YORK MERCANTILE EXCHANGE ,872.9000244140625,0.5290586630286493,-3878,-10.712664548343168,3033,9.456801331517628,0.08160442600276625,0.20981527433140337,0.007734948178954593,0.00687363939991581,0.5316876605263001
2005-02-01,7946,4185,272,2126,6706,076651,PLATINUM - NEW YORK MERCANTILE EXCHANGE ,878.9000244140625,0.5763906367983891,-4580,-9.577080491132332,3913,12.005457025920874,0.07948369565217392,0.19744222571236258,0.00687363939991581,-0.024689966553929743,0.5292221980217149
2005-02-08,7536,3882,315,1901,6369,076651,PLATINUM - NEW YORK MERCANTILE EXCHANGE ,857.2000122070312,0.5928874734607219,-4468,1.409514220991694,3567,-4.354392146992198,0.067956469165659,0.08243983797950917,-0.024689966553929743,-0.005016317932494685,0.5276281389207133
2005-02-15,7432,3618,311,1790,6186,076651,PLATINUM - NEW YORK MERCANTILE EXCHANGE ,852.9000244140625,0.5914962325080731,-4396,0.9554140127388535,3307,-3.4501061571125264,0.03686058174523571,0.06821074064647493,-0.005016317932494685,0.02661501995790161,0.5254866610086546
2005-02-22,7510,3773,355,1861,6187,076651,PLATINUM - NEW YORK MERCANTILE EXCHANGE ,875.5999755859375,0.5760319573901465,-4326,0.9418729817007535,3418,1.4935414424111948,0.008946322067594433,0.048207364341085274,0.02661501995790161,-0.014846962497115923,0.5215641986507727
2005-03-01,7347,3352,380,1772,5852,076651,PLATINUM - NEW YORK MERCANTILE EXCHANGE ,862.5999755859375,0.5553287055941201,-4080,3.275632490013316,2972,-5.938748335552597,0.055613850996852045,0.1195069667738478,-0.014846962497115923,0.014143302286490522,0.5172808750137425
2005-03-08,7852,3917,474,1619,6128,076651,PLATINUM - NEW YORK MERCANTILE EXCHANGE ,874.7999877929688,0.5742485990830362,-4509,-5.8391180073499385,3443,6.410779910167415,0.055376274686975605,0.15007970849464813,0.014143302286490522,0.0022862368860403492,0.5132673231042193
2005-03-15,8037,4324,553,1569,6286,076651,PLATINUM - NEW YORK MERCANTILE EXCHANGE ,876.7999877929688,0.5869105387582432,-4717,-2.6490066225165565,3771,4.177279673968416,0.026479949077021007,0.09965142505638712,0.0022862368860403492,-0.012887759979801627,0.51012703500974
2005-03-22,8711,4892,503,1383,7174,076651,PLATINUM - NEW YORK MERCANTILE EXCHANGE ,865.5,0.6647916427505453,-5791,-13.363195222097799,4389,7.68943635684957,0.12551127731681663,0.11455050973123262,-0.012887759979801627,-0.0038128108526501725,0.5105526767200057
2005-03-29,7948,4558,507,1209,6656,076651,PLATINUM - NEW YORK MERCANTILE EXCHANGE ,862.2000122070312,0.6853296426774032,-5447,3.949029962116864,4051,-3.880151532545058,0.08798474253019707,0.0667324777887463,-0.0038128108526501725,0.0035954251241567814,0.5105827716583721
2005-04-05,7641,4478,550,996,6232,076651,PLATINUM - NEW YORK MERCANTILE EXCHANGE ,865.2999877929688,0.6852506216463814,-5236,2.654755913437343,3928,-1.5475591343734272,0.08812949640287769,0.024463007159904536,0.0035954251241567814,-0.00173350285584295,0.5102943317848505
2005-04-12,7606,4634,700,926,6097,076651,PLATINUM - NEW YORK MERCANTILE EXCHANGE ,863.7999877929688,0.6798580068367078,-5171,0.8506739955503207,3934,0.07852375343541422,0.029189804926669515,0.05736782902137233,-0.00173350285584295,0.01088217706286354,0.5105441720069969
2005-04-19,8254,5386,1007,901,6525,076651,PLATINUM - NEW YORK MERCANTILE EXCHANGE ,873.2000122070312,0.6813666101284226,-5624,-5.955824349198002,4379,5.850644228240863,0.061001885267977375,0.1656499296105115,0.01088217706286354,0.012482779691397772,0.5104510485658863
2005-04-26,9180,6254,1078,894,7307,076651,PLATINUM - NEW YORK MERCANTILE EXCHANGE ,884.0999755859375,0.6985838779956427,-6413,-9.559001696147321,5176,9.655924400290768,0.0962077795390806,0.12806873977086744,0.012482779691397772,-0.016061476715304668,0.5139029492831863
2005-05-03,8684,5898,1167,843,6695,076651,PLATINUM - NEW YORK MERCANTILE EXCHANGE ,869.9000244140625,0.6738830032243206,-5852,6.111111111111111,4731,-4.847494553376906,0.08795436455293182,0.0629865534324133,-0.016061476715304668,0.011495573881304066,0.5158553496602191
2005-05-10,9459,6395,1237,1052,7167,076651,PLATINUM - NEW YORK MERCANTILE EXCHANGE ,879.9000244140625,0.6464742573210699,-6115,-3.0285582680792262,5158,4.917088899124828,0.08285679523056333,0.07429245283018868,0.011495573881304066,-0.020115935578951638,0.5160712692732626
2005-05-17,8140,4875,1530,1368,5549,076651,PLATINUM - NEW YORK MERCANTILE EXCHANGE ,862.2000122070312,0.5136363636363637,-4181,20.446135955174967,3345,-19.16693096521831,0.2796009830851525,0.2830601092896175,-0.020115935578951638,0.008814631730847955,0.5131310016848771
2005-05-24,7718,4593,1142,1340,5574,076651,PLATINUM - NEW YORK MERCANTILE EXCHANGE ,869.7999877929688,0.5485877170251361,-4234,-0.6511056511056511,3451,1.3022113022113022,0.007665606016777553,0.11682650392327812,0.008814631730847955,-0.009772361599553414,0.5100640020568532
2005-05-31,7946,4525,1059,1447,5523,076651,PLATINUM - NEW YORK MERCANTILE EXCHANGE ,861.2999877929688,0.5129624968537629,-4076,2.047162477325732,3466,0.19435086810054417,0.02266857962697274,0.027041547277936964,-0.009772361599553414,0.021595305799034348,0.5060736443982551
2005-06-07,8806,5913,790,1031,6700,076651,PLATINUM - NEW YORK MERCANTILE EXCHANGE ,879.9000244140625,0.6437656143538496,-5669,-20.047822803926504,5123,20.853259501636042,0.2060535506402794,0.24720274503953454,0.021595305799034348,-0.005909776182236204,0.5061982326569502
2005-06-14,9380,6470,790,946,7384,076651,PLATINUM - NEW YORK MERCANTILE EXCHANGE ,874.7000122070312,0.6863539445628998,-6438,-8.732682262094027,5680,6.325232795821031,0.09231692677070828,0.07672176308539945,-0.005909776182236204,0.010975163429705503,0.506840093433239
2005-06-21,11683,7796,800,722,8552,076651,PLATINUM - NEW YORK MERCANTILE EXCHANGE ,884.2999877929688,0.6702045707438158,-7830,-14.840085287846483,6996,14.029850746268657,0.15009704550355835,0.1554211261051652,0.010975163429705503,0.0014700755523171516,0.5084348130255535
2005-06-28,11355,8184,746,500,8829,076651,PLATINUM - NEW YORK MERCANTILE EXCHANGE ,885.5999755859375,0.7335094671950683,-8329,-4.271163228622785,7438,3.7832748437901222,0.05348911994854754,0.04949608062709966,0.0014700755523171516,-0.028568189352342288,0.511102070910777
2005-07-05,9070,5603,820,747,7045,076651,PLATINUM - NEW YORK MERCANTILE EXCHANGE ,860.2999877929688,0.6943770672546857,-6298,17.88639365918098,4783,-23.381770145310433,0.26065195071868585,0.41335824381130315,-0.028568189352342288,0.020806724012612854,0.5137935511738861
2005-07-12,7908,4089,860,1563,5848,076651,PLATINUM - NEW YORK MERCANTILE EXCHANGE ,878.2000122070312,0.5418563480020233,-4285,22.194046306504962,3229,-17.133406835722162,0.27162326271758197,0.314002828854314,0.020806724012612854,-0.0011386927648598943,0.519166123070699
2005-07-19,7869,4140,870,1544,5774,076651,PLATINUM - NEW YORK MERCANTILE EXCHANGE ,877.2000122070312,0.5375524208921083,-4230,0.6954982296408699,3270,0.5184623166413758,0.012708390270565728,0.012175648702594811,-0.0011386927648598943,0.018353825081955932,0.5268112171785009
2005-07-26,8809,5576,762,1051,7160,076651,PLATINUM - NEW YORK MERCANTILE EXCHANGE ,893.2999877929688,0.6934952889090703,-6109,-23.878510611259372,4814,19.62129876731478,0.2288393618316892,0.24360997159987377,0.018353825081955932,0.015336407023668785,0.5362884989233554
2005-08-02,10932,7578,826,958,9093,076651,PLATINUM - NEW YORK MERCANTILE EXCHANGE ,907.0,0.7441456275155507,-8135,-22.99920535815643,6752,22.000227040526735,0.2015719828872749,0.24583531651594479,0.015336407023668785,0.0022050716648291946,0.545954874782496
2005-08-09,12334,8655,724,1170,10373,076651,PLATINUM - NEW YORK MERCANTILE EXCHANGE ,909.0,0.7461488568185504,-9203,-9.769484083424809,7931,10.784851811196488,0.12925582604175692,0.12570636528414544,0.0022050716648291946,-0.01793177975024063,0.5533607606078405
2005-08-16,11659,8117,641,1020,10005,076651,PLATINUM - NEW YORK MERCANTILE EXCHANGE ,892.7000122070312,0.7706492838150785,-8985,1.767472028538998,7476,-3.688989784335982,0.04698412698412698,0.07090659968029231,-0.01793177975024063,0.006049023529814734,0.5586642970282685
2005-08-23,11292,7644,701,1020,9591,076651,PLATINUM - NEW YORK MERCANTILE EXCHANGE ,898.0999755859375,0.7590329436769394,-8571,3.550904880349944,6943,-4.571575606827344,0.039016115351993216,0.06387058118633912,0.006049023529814734,-0.010132475039875688,0.56364719402355
2005-08-30,10835,7435,706,1105,9185,076651,PLATINUM - NEW YORK MERCANTILE EXCHANGE ,889.0,0.7457314259344716,-8080,4.3482111229188805,6729,-1.8951470067304286,0.04771622934888241,0.026286696965974694,-0.010132475039875688,0.025196877856088262,0.5683534335349814
2005-09-06,11319,7782,818,1005,9246,076651,PLATINUM - NEW YORK MERCANTILE EXCHANGE ,911.4000244140624,0.7280678505168301,-8241,-1.4859252422704199,6964,2.168897092754961,0.015705784801482783,0.053372093023255816,0.025196877856088262,0.002304120616287708,0.5738341051771151
2005-09-13,11960,8383,914,950,9704,076651,PLATINUM - NEW YORK MERCANTILE EXCHANGE ,913.5,0.7319397993311036,-8754,-4.5322024913861645,7469,4.461524869688135,0.048150929228458796,0.07497042056577391,0.002304120616287708,0.022222208859298043,0.5802870507309253
2005-09-20,13480,10126,783,848,10999,076651,PLATINUM - NEW YORK MERCANTILE EXCHANGE ,933.7999877929688,0.7530415430267062,-10151,-11.680602006688963,9343,15.668896321070234,0.11792014856081709,0.17178476487304062,0.022222208859298043,-0.016920098521645888,0.5869072069099956
2005-09-27,12884,9536,606,460,10562,076651,PLATINUM - NEW YORK MERCANTILE EXCHANGE ,918.0,0.7840732691710649,-10102,0.36350148367952523,8930,-3.06379821958457,0.0748502994011976,0.0756261092486689,-0.016920098521645888,-0.0038126361655773655,0.5912157591818434
2005-10-04,13071,10058,469,522,11234,076651,PLATINUM - NEW YORK MERCANTILE EXCHANGE ,914.5,0.8195241374034121,-10712,-4.734554486184415,9589,5.114871158025458,0.06243620279006465,0.06260093093948893,-0.0038126361655773655,0.03389830508474567,0.5980275686229299
2005-10-11,13455,10336,555,553,11512,076651,PLATINUM - NEW YORK MERCANTILE EXCHANGE ,945.5,0.8144927536231884,-10959,-1.8896794430418484,9781,1.468900619692449,0.02561127227517613,0.0334220916352952,0.03389830508474567,-0.014595439231061658,0.6051174503938779
2005-10-18,12560,9361,536,848,10670,076651,PLATINUM - NEW YORK MERCANTILE EXCHANGE ,931.7000122070312,0.7820063694267516,-9822,8.450390189520625,8825,-7.105165366034931,0.09871505469699601,0.10043447509346266,-0.014595439231061658,0.012772312142314446,0.6110062940944808
2005-10-25,12774,9834,564,678,10804,076651,PLATINUM - NEW YORK MERCANTILE EXCHANGE ,943.5999755859376,0.7927039298575231,-10126,-2.420382165605096,9270,3.5429936305732483,0.02647622365441561,0.04818234275822274,0.012772312142314446,-0.0012716735936010304,0.6166031390827288
2005-11-01,11075,8024,472,891,9434,076651,PLATINUM - NEW YORK MERCANTILE EXCHANGE ,942.4000244140624,0.7713769751693003,-8543,12.392359480194145,7552,-13.449193674651635,0.153317191283293,0.22387005649717515,-0.0012716735936010304,0.010717291303358412,0.6261549980878043
2005-11-15,12913,9811,671,971,10945,076651,PLATINUM - NEW YORK MERCANTILE EXCHANGE ,952.5,0.7723999070703942,-9974,-12.920993227990971,9140,14.338600451467268,0.13351795904665995,0.18946765884373212,0.010717291303358412,0.05921262405675831,0.6325689508069008
2005-12-06,12234,8788,761,1070,9965,076651,PLATINUM - NEW YORK MERCANTILE EXCHANGE ,1008.9000244140624,0.7270720941638058,-8895,8.355920390304345,8027,-8.619220940137845,0.09777979157227006,0.11655670750863965,0.05921262405675831,-0.03280804422650019,0.6357181289341336
2006-01-03,9381,5527,701,1336,7619,076651,PLATINUM - NEW YORK MERCANTILE EXCHANGE ,975.7999877929688,0.6697580215328857,-6283,21.350335131600456,4826,-26.164786660127515,0.29168062534896705,0.5332369942196532,-0.03280804422650019,0.03730275145462025,0.6374496140879552
2006-01-10,9901,6046,846,1473,7967,076651,PLATINUM - NEW YORK MERCANTILE EXCHANGE ,1012.2000122070312,0.6558933441066559,-6494,-2.249227161283445,5200,3.9867817929858225,0.0513771186440678,0.0963435867672664,0.03730275145462025,0.02805765958941464,0.6383003491092416
2006-01-17,10829,6937,916,1564,8575,076651,PLATINUM - NEW YORK MERCANTILE EXCHANGE ,1040.5999755859375,0.6474282020500508,-7011,-5.221694778305222,6021,8.292091707908291,0.06894171022783312,0.12237361517891251,0.02805765958941464,0.010955241861930087,0.6375645644014178
2006-01-24,11275,7460,1087,1314,8944,076651,PLATINUM - NEW YORK MERCANTILE EXCHANGE ,1052.0,0.6767184035476719,-7630,-5.71613260688891,6373,3.250530981623419,0.060343146812244106,0.0811980811980812,0.010955241861930087,0.013973337615850845,0.6465192697994303
2006-01-31,11686,7772,1114,1178,9292,076651,PLATINUM - NEW YORK MERCANTILE EXCHANGE ,1066.699951171875,0.694335101831251,-8114,-4.2926829268292686,6658,2.5277161862527717,0.04622731614135626,0.038149898717083054,0.013973337615850845,-0.029061593155548016,0.6560311447815462
2006-03-21,7988,4063,1119,1594,5392,076651,PLATINUM - NEW YORK MERCANTILE EXCHANGE ,1035.699951171875,0.4754631947921883,-3798,36.93308232072565,2944,-31.78161903131953,0.617807042656742,0.7167116943265148,-0.029061593155548016,0.03726957562619826,0.6570471069991795
2006-03-28,8886,4390,972,1882,6214,076651,PLATINUM - NEW YORK MERCANTILE EXCHANGE ,1074.300048828125,0.487508440243079,-4332,-6.6850275413119675,3418,5.933900851276915,0.13710474308300397,0.08839985080193957,0.03726957562619826,0.005398795954760782,0.6578039323187534
2006-04-04,9103,4962,1144,1681,6669,076651,PLATINUM - NEW YORK MERCANTILE EXCHANGE ,1080.0999755859375,0.5479512248709216,-4988,-7.382399279765924,3818,4.501462975467027,0.07856287425149701,0.12184736324926301,0.005398795954760782,0.0032404407731805307,0.6606019890703962
2006-04-11,9290,4962,1059,1701,6998,076651,PLATINUM - NEW YORK MERCANTILE EXCHANGE ,1083.5999755859375,0.5701829924650161,-5297,-3.394485334505108,3903,0.9337581017247061,0.04011955397172089,0.014117256269722638,0.0032404407731805307,0.02814691831596594,0.6623430280882895
2006-04-18,9559,5176,959,1729,7330,076651,PLATINUM - NEW YORK MERCANTILE EXCHANGE ,1114.0999755859375,0.5859399518778114,-5601,-3.272335844994618,4217,3.379978471474704,0.03973948559443647,0.05118174409127954,0.02814691831596594,0.02100352295740393,0.6634368990276964
2006-04-25,9712,5422,964,1676,7707,076651,PLATINUM - NEW YORK MERCANTILE EXCHANGE ,1137.5,0.6209843492586491,-6031,-4.4983784914740035,4458,2.5211842242912437,0.04582756048172226,0.03930472909489508,0.02100352295740393,0.042109911572802305,0.6642944704211629
2006-05-02,9908,5581,1064,1526,7680,076651,PLATINUM - NEW YORK MERCANTILE EXCHANGE ,1185.4000244140625,0.621114251110214,-6154,-1.266474464579901,4517,0.607495881383855,0.01922659135346513,0.03897667419112114,0.042109911572802305,0.04546990324275124,0.6648372930682686
2006-05-09,10009,5513,1211,1626,7695,076651,PLATINUM - NEW YORK MERCANTILE EXCHANGE ,1239.300048828125,0.6063542811469678,-6069,0.8578926120306822,4302,-2.1699636657246666,0.01233773200300397,0.031975014872099944,0.04546990324275124,0.05131927142751036,0.6651230247728626
2006-05-16,9357,4481,1328,2035,6852,076651,PLATINUM - NEW YORK MERCANTILE EXCHANGE ,1302.9000244140625,0.5148017526985145,-4817,12.508742132081126,3153,-11.479668298531323,0.14087993698660967,0.19779652263728698,0.05131927142751036,0.01427582718351883,0.6639455208364851
2006-05-23,9495,4503,1446,2078,6292,076651,PLATINUM - NEW YORK MERCANTILE EXCHANGE ,1321.5,0.44381253291205897,-4214,6.444373196537352,3057,-1.0259698621352997,0.07204301075268817,0.02353336695242898,0.01427582718351883,-0.022777128706725325,0.6618009790541378
2006-05-30,9616,4745,1878,1979,6467,076651,PLATINUM - NEW YORK MERCANTILE EXCHANGE ,1291.4000244140625,0.4667221297836938,-4488,-2.8857293312269614,2867,-2.0010531858873093,0.0324413923750888,0.10176657104031406,-0.022777128706725325,-0.04297661371439232,0.6597331623368426
2006-06-06,8905,4079,2198,2181,5491,076651,PLATINUM - NEW YORK MERCANTILE EXCHANGE ,1235.9000244140625,0.3717012914093206,-3310,12.250415973377704,1881,-10.253743760399335,0.15354535974973932,0.15708140831607456,-0.04297661371439232,-0.09499152204461003,0.6555945229647482
2006-06-13,8614,3619,3164,2491,4045,076651,PLATINUM - NEW YORK MERCANTILE EXCHANGE ,1118.5,0.1804039934989552,-1554,19.719258843346434,455,-16.01347557551937,0.2686658506731946,0.2102314610054548,-0.09499152204461003,0.044702726866338915,0.646279375863756
2006-06-20,7379,3224,2018,2106,4268,076651,PLATINUM - NEW YORK MERCANTILE EXCHANGE ,1168.5,0.2929936305732484,-2162,-7.058277223125145,1206,8.718365451590435,0.09538751176655162,0.2939717665013354,0.044702726866338915,0.016944842813970906,0.6387344525540606
2006-06-27,8093,3336,1968,2418,4770,076651,PLATINUM - NEW YORK MERCANTILE EXCHANGE ,1188.300048828125,0.2906215247744965,-2352,-2.5748746442607398,1368,2.195419433527578,0.1132442960489705,0.030542986425339366,0.016944842813970906,0.05528902505446065,0.6311454314603705
2006-07-11,8213,4389,946,1489,6410,076651,PLATINUM - NEW YORK MERCANTILE EXCHANGE ,1254.0,0.5991720443199805,-4921,-31.743482021500064,3443,25.63944149264797,0.3252310419040385,0.3889409559512652,0.05528902505446065,-0.015470513886812198,0.6295937783350489
2006-07-18,9022,4949,893,1494,6938,076651,PLATINUM - NEW YORK MERCANTILE EXCHANGE ,1234.5999755859375,0.6034138771890933,-5444,-6.367953244855716,4056,7.463776938999148,0.06321157495256167,0.10492981855528928,-0.015470513886812198,-0.0041308729036034775,0.6280946873169847
2006-07-25,8567,4623,648,1575,6855,076651,PLATINUM - NEW YORK MERCANTILE EXCHANGE ,1229.5,0.6163184311894478,-5280,1.8177787630237197,3975,-0.8978053646641542,0.019454329774614473,0.10832859040030354,-0.0041308729036034775,0.010166734444896353,0.6265126594937888
2006-08-01,9272,5315,512,1579,7670,076651,PLATINUM - NEW YORK MERCANTILE EXCHANGE ,1242.0,0.6569240724762726,-6091,-9.466557721489437,4803,9.664993580016342,0.08855011352578657,0.14209713403123392,0.010166734444896353,-0.09428339419157605,0.6261865262101725
2006-10-03,7682,4303,964,1775,5697,076651,PLATINUM - NEW YORK MERCANTILE EXCHANGE ,1124.9000244140625,0.5105441291330383,-3922,23.393011216566006,3339,-15.789473684210526,0.29028372591006424,0.27795709132333396,-0.09428339419157605,-0.050849028358748494,0.6235724852834795
2006-10-10,6968,3412,1643,1845,4106,076651,PLATINUM - NEW YORK MERCANTILE EXCHANGE ,1067.699951171875,0.3244833524684271,-2261,21.621973444415516,1769,-20.437386097370478,0.27911275415896486,0.3105835806132542,-0.050849028358748494,0.011051839812461939,0.6199349273764039
2006-10-17,7288,3320,1572,2250,4498,076651,PLATINUM - NEW YORK MERCANTILE EXCHANGE ,1079.5,0.3084522502744237,-2248,0.18656716417910446,1748,-0.30137772675086105,0.11810906935388263,0.03331970564186427,0.011051839812461939,-0.018434483014416414,0.6153169376311979
2006-10-24,7046,3464,1668,1837,3988,076651,PLATINUM - NEW YORK MERCANTILE EXCHANGE ,1059.5999755859375,0.305279591257451,-2151,1.3309549945115258,1796,0.6586169045005488,0.1584549356223176,0.04676539360872954,-0.018434483014416414,0.01613814267642044,0.6113230356004996
2006-10-31,7648,3356,1874,2443,4449,076651,PLATINUM - NEW YORK MERCANTILE EXCHANGE ,1076.699951171875,0.2622907949790795,-2006,2.0579051944365596,1482,-4.4564291796764115,0.1548171793383633,0.060038240917782024,0.01613814267642044,0.06863567174274521,0.603986981381754
2006-11-28,8081,3315,873,1904,6148,076651,PLATINUM - NEW YORK MERCANTILE EXCHANGE ,1150.5999755859375,0.5251825269149858,-4244,-29.26255230125523,2442,12.552301255230125,0.2779433681073025,0.24880611270296085,0.06863567174274521,-0.01990268112286442,0.600887531042371
2007-01-09,8058,3357,1295,2358,5523,076651,PLATINUM - NEW YORK MERCANTILE EXCHANGE ,1127.699951171875,0.39277736411020103,-3165,13.352307882687786,2062,-4.702388318277441,0.13691155944677072,0.0997420464316423,-0.01990268112286442,0.010729891088206545,0.5955523924532631
2007-01-16,8504,3646,1141,2540,6340,076651,PLATINUM - NEW YORK MERCANTILE EXCHANGE ,1139.800048828125,0.4468485418626529,-3800,-7.88036733680814,2505,5.497642094812608,0.1125,0.0925423020681011,0.010729891088206545,0.046850236932918676,0.5900396823507166
2007-01-23,9102,4527,1118,2138,7023,076651,PLATINUM - NEW YORK MERCANTILE EXCHANGE ,1193.199951171875,0.536695231817183,-4885,-12.758701787394166,3409,10.630291627469427,0.11843685187206637,0.16014171833480956,0.046850236932918676,-0.010476031270134856,0.5870073393615338
2007-01-30,9811,5187,1241,2231,7654,076651,PLATINUM - NEW YORK MERCANTILE EXCHANGE ,1180.699951171875,0.5527469167261237,-5423,-5.910788837618106,3946,5.899802241265656,0.07324228629236217,0.12181082762912258,-0.010476031270134856,0.010417590697718637,0.5872167733754589
2007-03-06,10978,5521,789,2436,8592,076651,PLATINUM - NEW YORK MERCANTILE EXCHANGE ,1193.0,0.560757879395154,-6156,-7.471205789420039,4732,8.011415757822853,0.10364526659412404,0.12456418383518225,0.010417590697718637,0.04970666289029757,0.5876630321928251
2007-04-03,11787,7215,1509,2069,9382,076651,PLATINUM - NEW YORK MERCANTILE EXCHANGE ,1252.300048828125,0.6204292865020785,-7313,-10.539260338859538,5706,8.872290034614684,0.101039210549297,0.27670793214121964,0.04970666289029757,0.010620399456390928,0.5862579167619214
2007-04-10,12684,8067,1726,1995,10117,076651,PLATINUM - NEW YORK MERCANTILE EXCHANGE ,1265.5999755859375,0.6403342794071271,-8122,-6.863493679477391,6341,5.3872910833969625,0.06679326287978864,0.10915960379863168,0.010620399456390928,0.01208916650068792,0.5842615446829132
2007-04-17,13788,9385,1409,1966,11634,076651,PLATINUM - NEW YORK MERCANTILE EXCHANGE ,1280.9000244140625,0.7011894400928343,-9668,-12.188584042888678,7976,12.890255439924314,0.1136764705882353,0.15147304057809893,0.01208916650068792,0.023889433213130973,0.583396940515111
2007-04-24,14767,9753,1490,2010,12559,076651,PLATINUM - NEW YORK MERCANTILE EXCHANGE ,1311.5,0.7143631069276088,-10549,-6.389614157238179,8263,2.08152016246011,0.06651108518086347,0.039935960152984076,0.023889433213130973,-0.006023655672178774,0.5823145140365058
2007-05-01,14652,9662,1104,1871,12881,076651,PLATINUM - NEW YORK MERCANTILE EXCHANGE ,1303.5999755859375,0.7514332514332515,-11010,-3.121825692422293,8558,1.9976975689036363,0.03125,0.04430614898755341,-0.006023655672178774,-0.009128585944253143,0.5821683661087426
2007-07-03,14533,9629,1088,2227,12656,076651,PLATINUM - NEW YORK MERCANTILE EXCHANGE ,1291.699951171875,0.7176082020229821,-10429,3.965328965328965,8541,-0.11602511602511602,0.039037828394812873,0.0045721750489875895,-0.009128585944253143,0.019199543056129587,0.5816275348796756
2007-07-10,15801,10889,1355,1741,13739,076651,PLATINUM - NEW YORK MERCANTILE EXCHANGE ,1316.5,0.7593190304411114,-11998,-10.796119177045345,9534,6.832725521227551,0.10135658914728682,0.1247141457040183,0.019199543056129587,0.006912248830943879,0.5822285191089887
2007-07-17,17001,12132,1323,1721,14763,076651,PLATINUM - NEW YORK MERCANTILE EXCHANGE ,1325.5999755859375,0.7671313452149874,-13042,-6.607176760964497,10809,8.069109550028479,0.06333414219849551,0.0947603121516165,0.006912248830943879,0.00829812930189422,0.5829052796067556
2007-07-24,18768,13685,1409,1745,16470,076651,PLATINUM - NEW YORK MERCANTILE EXCHANGE ,1336.5999755859375,0.784580136402387,-14725,-9.899417681312864,12276,8.628904182106934,0.09503156738951414,0.10858619318934676,0.00829812930189422,-0.02693401216337621,0.5835117910178265
2007-07-31,14773,9037,878,2768,13139,076651,PLATINUM - NEW YORK MERCANTILE EXCHANGE ,1300.5999755859375,0.7020239626345359,-10371,23.19906223358909,8159,-21.936274509803923,0.2737159740994531,0.5223398890569844,-0.02693401216337621,-0.008688241557686993,0.5819339197382778
2007-08-07,14573,8946,994,2530,12766,076651,PLATINUM - NEW YORK MERCANTILE EXCHANGE ,1289.300048828125,0.7023948397721814,-10236,0.9138292831516956,7952,-1.4012049008326,0.039945083682008366,0.020824949698189134,-0.008688241557686993,-0.011091327298965559,0.5796814332453695
2007-08-14,12933,7150,768,3045,11314,076651,PLATINUM - NEW YORK MERCANTILE EXCHANGE ,1275.0,0.6393721487667208,-8269,13.497563988197351,6382,-10.7733479722775,0.1369872553799011,0.25536751704976,-0.011091327298965559,-0.020078412224264652,0.576313729305822
2007-08-21,11119,5740,1351,3087,8227,076651,PLATINUM - NEW YORK MERCANTILE EXCHANGE ,1249.4000244140625,0.46227178703120786,-5140,24.193922523776386,4389,-15.410190984303721,0.2765600141417713,0.28106049922436893,-0.020078412224264652,0.007363495271412113,0.570164987336677
2007-08-28,10529,5478,1106,2957,8253,076651,PLATINUM - NEW YORK MERCANTILE EXCHANGE ,1258.5999755859375,0.5029917371070377,-5296,-1.4030038672542495,4372,-0.15289144707257846,0.01391614629794826,0.0770048602673147,0.007363495271412113,0.011997438327382648,0.5645935990145522
2007-09-04,10881,5273,979,3025,8324,076651,PLATINUM - NEW YORK MERCANTILE EXCHANGE ,1273.699951171875,0.48699568054406767,-5299,-0.02849273435274005,4294,-0.7408110931712414,0.012247775134373072,0.053103007037747924,0.011997438327382648,0.02268982140375586,0.559124727964067
2007-09-11,11352,6066,971,2948,9512,076651,PLATINUM - NEW YORK MERCANTILE EXCHANGE ,1302.5999755859375,0.5782241014799154,-6564,-11.62576969028582,5095,7.3614557485525225,0.10152487961476725,0.11382691487849936,0.02268982140375586,0.0031475323681724454,0.5553905778565578
2007-09-18,12205,7103,1148,2554,10163,076651,PLATINUM - NEW YORK MERCANTILE EXCHANGE ,1306.699951171875,0.623433019254404,-7609,-9.205426356589147,5955,7.575757575757576,0.08217346858535818,0.14713368076596775,0.0031475323681724454,0.03267779508516333,0.5533975187236847
2007-09-25,13729,8772,841,1765,11282,076651,PLATINUM - NEW YORK MERCANTILE EXCHANGE ,1349.4000244140625,0.6932041663631728,-9517,-15.632937320770177,7931,16.190086030315445,0.14624051506093355,0.20555497763445335,0.03267779508516333,0.0004446239625628401,0.5538484061242671
2007-10-02,14621,9569,1714,1774,12076,076651,PLATINUM - NEW YORK MERCANTILE EXCHANGE ,1350.0,0.7046029683332193,-10302,-5.717823585111807,7855,-0.5535727292592323,0.057978339350180506,0.14801028095364707,0.0004446239625628401,0.02340738932291675,0.5547851296670857
2007-10-09,14894,9492,1631,2202,12230,076651,PLATINUM - NEW YORK MERCANTILE EXCHANGE ,1381.5999755859375,0.6732912582247885,-10028,1.8740168251145612,7861,0.04103686478353054,0.04032705099778271,0.014384608468938236,0.02340738932291675,0.029892913692771028,0.5552824961319844
2007-10-16,14968,10009,1771,1601,12171,076651,PLATINUM - NEW YORK MERCANTILE EXCHANGE ,1422.9000244140625,0.7061731694281133,-10570,-3.639049281589902,8238,2.531220625755338,0.04792332268370607,0.05577249575551783,0.029892913692771028,0.02101344008787631,0.5558489339373776
2007-10-23,15504,10584,1774,1766,12690,076651,PLATINUM - NEW YORK MERCANTILE EXCHANGE ,1452.800048828125,0.7045923632610939,-10924,-2.3650454302512025,8810,3.8214858364510955,0.04731599335915883,0.046771322220424016,0.02101344008787631,0.010462521104769973,0.5560461889648745
2007-10-30,15695,10462,2144,1820,12524,076651,PLATINUM - NEW YORK MERCANTILE EXCHANGE ,1468.0,0.6820006371455878,-10704,1.4189886480908152,8318,-3.1733746130030958,0.015337423312883436,0.0390290337934317,0.010462521104769973,0.058310610072164426,0.5600180628562861
2008-01-08,19500,14569,2816,1080,15713,076651,PLATINUM - NEW YORK MERCANTILE EXCHANGE ,1553.5999755859375,0.7504102564102564,-14633,-25.033450143357754,11753,21.88595093978974,0.23396653367474543,0.2748921484037964,0.058310610072164426,0.025038636087382438,0.5650738670133472
2008-01-15,17970,12945,2787,1241,14040,076651,PLATINUM - NEW YORK MERCANTILE EXCHANGE ,1592.5,0.7122426265998887,-12799,9.405128205128205,10158,-8.17948717948718,0.12001832340815392,0.10507246376811594,0.025038636087382438,-0.028194677811028246,0.5682333170465965
2008-01-22,16847,12144,2361,1202,13391,076651,PLATINUM - NEW YORK MERCANTILE EXCHANGE ,1547.5999755859375,0.7235116044399597,-12189,3.394546466332777,9783,-2.0868113522537564,0.04714589186596313,0.08459152016546019,-0.028194677811028246,0.12231846201500107,0.5711819441999608
2008-01-29,16759,11413,2677,1542,12711,076651,PLATINUM - NEW YORK MERCANTILE EXCHANGE ,1736.9000244140625,0.6664478787517155,-11169,6.054490413723512,8736,-6.214756336439723,0.07156388128814986,0.07430801987224982,0.12231846201500107,0.22522889501032606,0.5727301735629206
2008-02-19,16153,10078,3043,2145,11152,076651,PLATINUM - NEW YORK MERCANTILE EXCHANGE ,2128.10009765625,0.5576053983780103,-9007,12.900531057939018,7035,-10.1497702726893,0.1625930661051365,0.12963950918375125,0.22522889501032606,0.0013156358061274798,0.5715113475844468
2008-02-26,15486,9138,2943,1920,11215,076651,PLATINUM - NEW YORK MERCANTILE EXCHANGE ,2130.89990234375,0.6002195531447759,-9295,-1.7829505355042408,6195,-5.200272395220702,0.021926151503616292,0.08608558894131281,0.0013156358061274798,0.05213764266169996,0.5711095264697267
2008-03-04,15014,8539,2673,2167,10957,076651,PLATINUM - NEW YORK MERCANTILE EXCHANGE ,2242.0,0.5854535766617823,-8790,3.2610099444659695,5866,-2.1244995479788193,0.03847912221883572,0.07750624331073849,0.05213764266169996,-0.09571809794198816,0.5707075898450117
2008-03-11,13669,7596,1989,2670,10654,076651,PLATINUM - NEW YORK MERCANTILE EXCHANGE ,2027.4000244140625,0.5840953983466237,-7984,5.368322898627947,5607,-1.7250566138270949,0.06049234464124888,0.16974439227960356,-0.09571809794198816,-0.04162968501416231,0.5720401599536291
2008-03-18,12575,6385,1933,2075,9090,076651,PLATINUM - NEW YORK MERCANTILE EXCHANGE ,1943.0,0.5578528827037773,-7015,7.089033579632746,4452,-8.44977686736411,0.19337214509628303,0.15232026929550374,-0.04162968501416231,0.009212570465292114,0.5742332436034698
2008-03-25,11413,6363,1566,1815,8820,076651,PLATINUM - NEW YORK MERCANTILE EXCHANGE ,1960.9000244140625,0.6137737667572067,-7005,0.07952286282306163,4797,2.743538767395626,0.04983544898918665,0.0490604111489469,0.009212570465292114,-0.016370021513732902,0.5770611596991143
2008-04-01,12018,7281,1678,1912,9140,076651,PLATINUM - NEW YORK MERCANTILE EXCHANGE ,1928.800048828125,0.601431186553503,-7228,-1.9539122053798301,5603,7.062122141417682,0.037730727470141154,0.11496818841388548,-0.016370021513732902,0.05417876262679,0.5814790422980409
2008-04-08,11916,7606,1680,1574,9346,076651,PLATINUM - NEW YORK MERCANTILE EXCHANGE ,2033.300048828125,0.6522322927156764,-7772,-4.526543518056249,5926,2.687635213845898,0.04981684981684982,0.03521430109842774,0.05417876262679,-0.022082340695334324,0.5905526634368241
2008-04-15,12533,8306,1863,1224,9900,076651,PLATINUM - NEW YORK MERCANTILE EXCHANGE ,1988.4000244140625,0.6922524535227,-8676,-7.586438402148373,6443,4.338704263175562,0.08126573175116865,0.08683253023896155,-0.022082340695334324,0.02061959338995778,0.5982307177243135
2008-04-22,13881,9592,1905,1213,11060,076651,PLATINUM - NEW YORK MERCANTILE EXCHANGE ,2029.4000244140625,0.7093869317772494,-9847,-9.343333599297853,7687,9.925795898827095,0.09541269453271409,0.11550839349395495,0.02061959338995778,-0.0289741047209765,0.6062838986282125
2008-04-29,13968,9596,2004,1377,10797,076651,PLATINUM - NEW YORK MERCANTILE EXCHANGE ,1970.5999755859373,0.6743986254295533,-9420,3.0761472516389308,7592,-0.6843887328002305,0.03507474946607524,0.008879310344827586,-0.0289741047209765,0.05866232468188537,0.6077305636495505
2008-07-01,15141,9846,2107,1783,12001,076651,PLATINUM - NEW YORK MERCANTILE EXCHANGE ,2086.199951171875,0.6748563503071131,-10218,-5.713058419243986,7739,1.052405498281787,0.11680208937899013,0.029532334978666443,0.05866232468188537,-0.06509439647984361,0.6091044573633586
2008-07-08,14647,9052,2543,2372,10938,076651,PLATINUM - NEW YORK MERCANTILE EXCHANGE ,1950.4000244140625,0.5848296579504335,-8566,10.91077207582062,6509,-8.123637804636417,0.12411720510894064,0.10608020698576973,-0.06509439647984361,0.018150135341952423,0.608498904031839
2008-07-15,13943,8799,2464,2016,10519,076651,PLATINUM - NEW YORK MERCANTILE EXCHANGE ,1985.800048828125,0.6098400631141074,-8503,0.43012220932614187,6335,-1.1879565781388681,0.061826884722776226,0.029477048743673975,0.018150135341952423,-0.08792430927740502,0.6075934423133359
2008-07-22,14632,8235,3776,3429,9719,076651,PLATINUM - NEW YORK MERCANTILE EXCHANGE ,1811.199951171875,0.4298797156916348,-6290,15.871763608979418,4459,-13.454780176432617,0.16831457255856405,0.1561901590208975,-0.08792430927740502,-0.03362406359626213,0.606042203593309
2008-07-29,13406,7102,3683,3806,8633,076651,PLATINUM - NEW YORK MERCANTILE EXCHANGE ,1750.300048828125,0.3600626585111144,-4827,9.998633132859485,3419,-7.107709130672498,0.11761395610579628,0.11367640241075568,-0.03362406359626213,-0.42004230859413183,0.6067264210172068
2008-09-30,14679,7745,1656,4316,11040,076651,PLATINUM - NEW YORK MERCANTILE EXCHANGE ,1015.0999755859376,0.4580693507732134,-6724,-14.150380426674621,6089,19.9164553185141,0.18995832247981245,0.28401233911286033,-0.42004230859413183,-0.002856825385334494,0.6096036729498757
2008-10-07,14850,8409,1670,4121,11394,076651,PLATINUM - NEW YORK MERCANTILE EXCHANGE ,1012.2000122070312,0.4897643097643098,-7273,-3.740036787247088,6739,4.4280945568499215,0.03538511118272639,0.06726857823196745,-0.002856825385334494,0.022623950901733858,0.6131514559980846
2008-10-14,15240,8581,1683,4367,11854,076651,PLATINUM - NEW YORK MERCANTILE EXCHANGE ,1035.0999755859375,0.4912729658792651,-7487,-1.441077441077441,6898,1.0707070707070707,0.04352382713766106,0.018024162120031176,0.022623950901733858,-0.14674907444850482,0.6175549592846268
2008-10-21,15106,8128,1198,4430,11969,076651,PLATINUM - NEW YORK MERCANTILE EXCHANGE ,883.2000122070312,0.4990732159406858,-7539,-0.34120734908136485,6930,0.2099737532808399,0.010854320385389353,0.10057902637786832,-0.14674907444850482,-0.0904665118996093,0.6170528571505055
2008-10-28,15434,8440,1256,4431,12539,076651,PLATINUM - NEW YORK MERCANTILE EXCHANGE ,803.2999877929688,0.5253336788907607,-8108,-3.7667152124983447,7184,1.6814510790414405,0.033647613435474365,0.03816006600660066,-0.0904665118996093,0.009709931422255957,0.6196020170501316
2008-11-04,15761,8299,1502,4838,12827,076651,PLATINUM - NEW YORK MERCANTILE EXCHANGE ,811.0999755859375,0.50688408095933,-7989,0.7710250097188027,6797,-2.5074510820266944,0.03934333427681857,0.03948576675849403,0.009709931422255957,0.12180995167303732,0.6207565466481447
2008-12-30,18320,9389,2054,5772,14481,076651,PLATINUM - NEW YORK MERCANTILE EXCHANGE ,909.9000244140624,0.475382096069869,-8709,-4.568238055960916,7335,3.4134889918152402,0.12778353824124822,0.14349383902822688,0.12180995167303732,0.0582481575754763,0.6195774478837731
2009-01-06,18386,9777,1785,5671,15110,076651,PLATINUM - NEW YORK MERCANTILE EXCHANGE ,962.9000244140624,0.5133797454585011,-9439,-3.9847161572052405,7992,3.5862445414847164,0.035128242144266394,0.056824078879086665,0.0582481575754763,-0.012877790112849952,0.6188203868978573
2009-01-13,18294,9758,1619,5602,15437,076651,PLATINUM - NEW YORK MERCANTILE EXCHANGE ,950.5,0.5376079588936263,-9835,-2.1538126835635807,8139,0.799521374959208,0.01882218736631969,0.01626087720840292,-0.012877790112849952,-0.007048934462947187,0.618375196118982
2009-01-20,17832,9212,1969,5652,14592,076651,PLATINUM - NEW YORK MERCANTILE EXCHANGE ,943.7999877929688,0.5013458950201884,-8940,4.892314420028425,7243,-4.897780693123428,0.044210630310215375,0.08013594490653787,-0.007048934462947187,0.012184785069654591,0.6160851308981763
2009-01-27,18522,9778,2394,5514,15017,076651,PLATINUM - NEW YORK MERCANTILE EXCHANGE ,955.2999877929688,0.5130655436777886,-9503,-3.1572454015253477,7384,0.7907133243607,0.02742194729920608,0.08141636542885311,0.012184785069654591,0.0049199332849252375,0.6136376552110737
2009-02-03,18927,10342,1729,5389,16042,076651,PLATINUM - NEW YORK MERCANTILE EXCHANGE ,960.0,0.5628467268980821,-10653,-6.2088327394449845,8613,6.6353525537199,0.05366058513368485,0.10181426559522823,0.0049199332849252375,0.1675000508626303,0.6109772184188669
2009-03-31,20101,9851,2509,6129,16393,076651,PLATINUM - NEW YORK MERCANTILE EXCHANGE ,1120.800048828125,0.5106213621212875,-10264,2.0552649653933535,7342,-6.715274475616844,0.048441523843353165,0.10283171521035599,0.1675000508626303,0.041934330792670726,0.6070591079418223
2009-04-07,20969,10247,2748,6093,16928,076651,PLATINUM - NEW YORK MERCANTILE EXCHANGE ,1167.800048828125,0.5167151509370976,-10835,-2.8406546937963286,7499,0.7810556688721955,0.02480344033708353,0.04886494805694498,0.041934330792670726,0.03759196823788713,0.6025452983168962
2009-04-14,21052,10446,3012,6222,17024,076651,PLATINUM - NEW YORK MERCANTILE EXCHANGE ,1211.699951171875,0.5131103933117993,-10802,0.1573751728742429,7434,-0.3099814011159331,0.009679084573690096,0.034403328875018575,0.03759196823788713,-0.04959971775835492,0.5986126481493734
2009-04-21,19879,9692,3197,6622,15656,076651,PLATINUM - NEW YORK MERCANTILE EXCHANGE ,1151.5999755859375,0.4544494189848584,-9034,8.398251947558427,6495,-4.460383811514346,0.07936080438100368,0.07285282023430832,-0.04959971775835492,-0.04819381831938774,0.5927497710059839
2009-04-28,19767,9710,3339,6390,15000,076651,PLATINUM - NEW YORK MERCANTILE EXCHANGE ,1096.0999755859375,0.43557444225223857,-8610,2.1329040696212083,6371,-0.6237738316816741,0.04151472650771389,0.012261475975170511,-0.04819381831938774,0.07353341609450492,0.5863736767182388
2009-06-30,22996,12721,2736,6203,18492,076651,PLATINUM - NEW YORK MERCANTILE EXCHANGE ,1176.699951171875,0.534397286484606,-12289,-18.611827793797744,9985,18.282996914048667,0.1489775258149423,0.23380992430613962,0.07353341609450492,-0.03994221292623723,0.5815624680659737
2009-07-07,21965,12552,2429,6066,17789,076651,PLATINUM - NEW YORK MERCANTILE EXCHANGE ,1129.699951171875,0.5337127247894378,-11723,2.4612976169768657,10123,0.6001043659766916,0.03521274365961014,0.03177357986783259,-0.03994221292623723,-0.0011506832026185743,0.5783257134920295
2009-07-14,21566,12097,2929,6368,16706,076651,PLATINUM - NEW YORK MERCANTILE EXCHANGE ,1128.4000244140625,0.47936566818139664,-10338,6.30548600045527,9168,-4.3478260869565215,0.06002426974083384,0.06355650206309064,-0.0011506832026185743,0.039347769809840116,0.5740366909614376
2009-07-21,21774,12867,3127,5729,17192,076651,PLATINUM - NEW YORK MERCANTILE EXCHANGE ,1172.800048828125,0.5264535684761642,-11463,-5.2165445608828716,9740,2.65232310117778,0.04908162820121286,0.06052269601100413,0.039347769809840116,0.01637103544722729,0.5718651798020038
2009-07-28,22289,12833,2818,5600,18186,076651,PLATINUM - NEW YORK MERCANTILE EXCHANGE ,1192.0,0.564673157162726,-12586,-5.157527326168825,10015,1.2629741894002022,0.04721264609434121,0.021915532553830427,0.01637103544722729,-0.020469819139314227,0.5738344369199176
2009-08-04,23272,14046,2045,5150,20140,076651,PLATINUM - NEW YORK MERCANTILE EXCHANGE ,1167.5999755859375,0.6441216913028532,-14990,-10.785589304141057,12001,8.91022477455247,0.09505733491498616,0.12342303150829656,-0.020469819139314227,0.08847212314841468,0.5765484745006064
2009-09-29,28591,19257,1886,4836,25496,076651,PLATINUM - NEW YORK MERCANTILE EXCHANGE ,1270.9000244140625,0.7226050155643384,-20660,-24.364042626332072,17371,23.07493984187006,0.18693129368323882,0.25398477037317313,0.08847212314841468,0.03713899619573624,0.5810794232509962
2009-10-06,29743,19956,2001,4844,26597,076651,PLATINUM - NEW YORK MERCANTILE EXCHANGE ,1318.0999755859375,0.7313653632787547,-21753,-3.8228813262914905,17955,2.042600818439369,0.03527241499952292,0.037072459807806164,0.03713899619573624,0.026325827998564533,0.5840244475163584
2009-10-13,31813,21518,2109,5011,28502,076651,PLATINUM - NEW YORK MERCANTILE EXCHANGE ,1352.800048828125,0.7384088265803288,-23491,-5.843391722422083,19409,4.888545203913526,0.061826753797033986,0.07068184703940407,0.026325827998564533,-0.002069817213970815,0.5862355207341647
2009-10-20,32227,21433,2236,5585,28854,076651,PLATINUM - NEW YORK MERCANTILE EXCHANGE ,1350.0,0.7220343190492444,-23269,0.6978279319774935,19197,-0.6663942413478767,0.02688812102558146,0.00895686340783303,-0.002069817213970815,-0.027629665798611147,0.5867899467473584
2009-10-27,31649,20804,1377,5448,28930,076651,PLATINUM - NEW YORK MERCANTILE EXCHANGE ,1312.699951171875,0.7419507725362571,-23482,-0.6609364818320043,19427,0.7136872808514599,0.006195822910000582,0.0670844416392408,-0.027629665798611147,-0.011655311439719318,0.587508173751263
2009-11-03,31269,21025,1721,5535,28869,076651,PLATINUM - NEW YORK MERCANTILE EXCHANGE ,1297.4000244140625,0.7462342895519524,-23334,0.4676293089829062,19304,-0.3886378716547126,0.004301825369143123,0.024839532225446232,-0.011655311439719318,0.1451363675153725,0.5889109243537084
2009-12-01,35855,24407,1927,5694,32773,076651,PLATINUM - NEW YORK MERCANTILE EXCHANGE ,1485.699951171875,0.7552363687072933,-27079,-11.97671815536154,22480,10.157024529086316,0.10562300153378221,0.13624971519708362,0.1451363675153725,-0.03116371291611908,0.5898544474167695
2009-12-08,34120,22820,1706,5677,31065,076651,PLATINUM - NEW YORK MERCANTILE EXCHANGE ,1439.4000244140625,0.7440797186400938,-25388,4.716218100683308,21114,-3.80978942964719,0.04694899569974416,0.07371768735219766,-0.03116371291611908,0.0085451761492219,0.5906138196355966
2009-12-15,32909,21926,1683,5540,29644,076651,PLATINUM - NEW YORK MERCANTILE EXCHANGE ,1451.699951171875,0.732444012276277,-24104,3.7631887456037516,20243,-2.5527549824150055,0.04428149158708504,0.038841119911898,0.0085451761492219,-0.038299908697423835,0.5915838845419559
2009-12-22,32478,21309,1777,5549,28831,076651,PLATINUM - NEW YORK MERCANTILE EXCHANGE ,1396.0999755859375,0.716854486113677,-23282,2.497796955240208,19532,-2.160503205809961,0.023909249563699827,0.03079788616477519,-0.038299908697423835,0.0502829843634407,0.5909385812670217
2009-12-29,32473,21051,1792,5776,29211,076651,PLATINUM - NEW YORK MERCANTILE EXCHANGE ,1466.300048828125,0.7216764696825054,-23435,-0.4710881211897284,19259,-0.8405690005542212,0.01734930116900563,0.01195114477082695,0.0502829843634407,0.04398826832990199,0.5911200013263028
2010-01-05,33582,21663,1285,6265,30858,076651,PLATINUM - NEW YORK MERCANTILE EXCHANGE ,1530.800048828125,0.7323268417604669,-24593,-3.5660394789517444,20378,3.4459397037538877,0.057538453250006734,0.04876241938295276,0.04398826832990199,0.028155196113909042,0.5912895251209279
2010-01-12,34502,23013,2854,5770,30368,076651,PLATINUM - NEW YORK MERCANTILE EXCHANGE ,1573.9000244140625,0.7129441771491508,-24598,-0.01488892859269847,20159,-0.652135072360193,0.027256627372848525,0.11284648393706266,0.028155196113909042,0.03888426851931648,0.592183684705494
2010-01-19,34352,22844,3416,5634,29221,076651,PLATINUM - NEW YORK MERCANTILE EXCHANGE ,1635.0999755859375,0.686626688402422,-23587,2.930264912179004,19428,-2.118717755492435,0.03680963993688136,0.027837014470677837,0.03888426851931648,-0.06904778062491546,0.5946648633598096
2010-01-26,34697,22932,4418,5976,28528,076651,PLATINUM - NEW YORK MERCANTILE EXCHANGE ,1522.199951171875,0.6499697380176961,-22552,3.0129250116441546,18514,-2.660689333954355,0.029996522142360305,0.03985374771480804,-0.06904778062491546,0.0343581989920978,0.5956215976842889
2010-02-02,35072,23309,4286,6178,28810,076651,PLATINUM - NEW YORK MERCANTILE EXCHANGE ,1574.5,0.6453010948905109,-22632,-0.2305674842205378,19023,1.4669856183531718,0.013833314279181434,0.01844537053814097,0.0343581989920978,-0.04820579511848999,0.5967725114963798
2010-02-09,34325,23263,3929,5771,28300,076651,PLATINUM - NEW YORK MERCANTILE EXCHANGE ,1498.5999755859375,0.6563437727603787,-22529,0.29368156934306566,19334,0.8867472627737226,0.02691438466731238,0.014820535451603412,-0.04820579511848999,0.02355535126331687,0.5981619033120289
2010-02-16,35153,23881,3824,5497,29027,076651,PLATINUM - NEW YORK MERCANTILE EXCHANGE ,1533.9000244140625,0.6693596563593435,-23530,-2.916241806263656,20057,2.1063364894391845,0.02899432278994323,0.026096372495939362,0.02355535126331687,-0.01799333408087045,0.6003062643438667
2010-02-23,34991,23303,3026,5576,29726,076651,PLATINUM - NEW YORK MERCANTILE EXCHANGE ,1506.300048828125,0.6901774742076534,-24150,-1.7637186015418316,20277,0.625835632805166,0.02203841142144921,0.052261764594173726,-0.01799333408087045,0.04501090391025331,0.6017755664102216
2010-03-02,35096,23711,2608,5526,30799,076651,PLATINUM - NEW YORK MERCANTILE EXCHANGE ,1574.0999755859375,0.7201105539092774,-25273,-3.209396702009088,21103,2.3606070132319736,0.030915347556779077,0.031384171131122005,0.04501090391025331,0.013277444087554047,0.6040578619362941
2010-03-09,35953,24468,2978,5710,31012,076651,PLATINUM - NEW YORK MERCANTILE EXCHANGE ,1595.0,0.7037521208244096,-25302,-0.08263049920218829,21490,1.1026897652154093,0.010810958008823049,0.04106244990162501,0.013277444087554047,0.02119125318377746,0.605048627861462
2010-03-16,36930,25041,2732,6139,32082,076651,PLATINUM - NEW YORK MERCANTILE EXCHANGE ,1628.800048828125,0.7024911995667479,-25943,-1.7828832086334938,22309,2.2779740216393627,0.03921927736061327,0.02948907212040471,0.02119125318377746,-0.012892926921944103,0.6052455268238476
2010-03-23,38255,25567,2104,6396,33928,076651,PLATINUM - NEW YORK MERCANTILE EXCHANGE ,1607.800048828125,0.7196967716638348,-27532,-4.3027349038721905,23463,3.124830760898998,0.052152564229739115,0.041704311372917496,-0.012892926921944103,0.006406223687652979,0.6054437929755127
2010-03-30,37583,25341,2483,6474,33246,076651,PLATINUM - NEW YORK MERCANTILE EXCHANGE ,1618.0999755859375,0.7123433467259133,-26772,1.9866684093582536,22858,-1.5814926153443993,0.019133937562940583,0.021743818286371477,0.006406223687652979,0.0496879214060606,0.6061734991542888
2010-04-06,37763,25896,2251,5909,33584,076651,PLATINUM - NEW YORK MERCANTILE EXCHANGE ,1698.5,0.7328602070810052,-27675,-2.4026820636990127,23645,2.0940318761142005,0.022864811485579725,0.02796035101431769,0.0496879214060606,0.007830467370105954,0.6072889579384021
2010-04-13,37422,26261,2201,5512,33862,076651,PLATINUM - NEW YORK MERCANTILE EXCHANGE ,1711.800048828125,0.7575757575757576,-28350,-1.7874639197097686,24060,1.0989592987845247,0.017143292528064204,0.014580844634951866,0.007830467370105954,0.0036218898206712424,0.6106109983158122
2010-04-20,37178,25017,2070,5978,33244,076651,PLATINUM - NEW YORK MERCANTILE EXCHANGE ,1718.0,0.7333907149389424,-27266,2.8966917855806744,22947,-2.974186307519641,0.027637550354392942,0.05076235832687267,0.0036218898206712424,0.0004074221023719904,0.6129869723893667
2010-04-27,37251,25761,2043,5822,33676,076651,PLATINUM - NEW YORK MERCANTILE EXCHANGE ,1718.699951171875,0.7477383157499128,-27854,-1.5815805045994942,23718,2.0738070902146433,0.014886829712896855,0.027729823047043592,0.0004074221023719904,-0.019142318774907463,0.6190996377751028
2010-05-04,36320,25299,1830,5598,33149,076651,PLATINUM - NEW YORK MERCANTILE EXCHANGE ,1685.800048828125,0.7585627753303965,-27551,0.8134009825239591,23469,-0.6684384311830555,0.01938214571450693,0.024881123520955437,-0.019142318774907463,0.007711472074660941,0.626763101560089
2010-05-11,35673,24463,2046,5452,32057,076651,PLATINUM - NEW YORK MERCANTILE EXCHANGE ,1698.800048828125,0.7458021472822582,-26605,2.604625550660793,22417,-2.89647577092511,0.03300541203444507,0.03968463540684296,0.007711472074660941,-0.006063131935527211,0.6322964245698782
2010-05-18,35541,25018,1966,4852,31777,076651,PLATINUM - NEW YORK MERCANTILE EXCHANGE ,1688.5,0.7575757575757576,-26925,-0.8970369747428026,23052,1.7800577467552492,0.024024679898441127,0.023532463682182033,-0.006063131935527211,-0.11761917416993628,0.6374466447200985
2010-05-25,30283,17536,2548,7718,25793,076651,PLATINUM - NEW YORK MERCANTILE EXCHANGE ,1489.9000244140625,0.5968695307598323,-18075,24.900818772685067,14988,-22.689288427449988,0.26409238757422937,0.40151364270065726,-0.11761917416993628,0.038593193541702986,0.6394773478908786
2010-06-01,30293,18065,2902,7123,24985,076651,PLATINUM - NEW YORK MERCANTILE EXCHANGE ,1547.4000244140625,0.5896411712276763,-17862,0.703364924214906,15163,0.5778819799887726,0.04369627507163324,0.04211379787284781,0.038593193541702986,-0.013312637495748958,0.6412190393387054
2010-06-08,29728,17714,2240,7350,25641,076651,PLATINUM - NEW YORK MERCANTILE EXCHANGE ,1526.800048828125,0.6152785252960172,-18291,-1.4161687518568646,15474,1.0266398177796852,0.02676487526901276,0.05076676355617921,-0.013312637495748958,0.03222422687871784,0.6429487479234219
2010-06-15,30659,17889,2090,7850,26683,076651,PLATINUM - NEW YORK MERCANTILE EXCHANGE ,1576.0,0.6142731335007665,-18833,-1.8231969860064585,15799,1.0932454251883745,0.04465294066545044,0.01626708043445618,0.03222422687871784,0.010786802030456899,0.6450139220107572
2010-06-22,30667,18139,1985,7510,26842,076651,PLATINUM - NEW YORK MERCANTILE EXCHANGE ,1593.0,0.6303844523429093,-19332,-1.6275808082455396,16154,1.1578981701947226,0.014526082906380997,0.017640628105744384,0.010786802030456899,-0.028185828257415224,0.6479947365544695
2010-06-29,29497,17529,2329,7643,25610,076651,PLATINUM - NEW YORK MERCANTILE EXCHANGE ,1548.0999755859375,0.6091127911313015,-17967,4.451038575667656,15200,-3.1108357517853067,0.04104892791627823,0.04804109175143519,-0.028185828257415224,-0.022156144498891583,0.6498357566635617
2010-07-06,28097,15931,2095,8105,23951,076651,PLATINUM - NEW YORK MERCANTILE EXCHANGE ,1513.800048828125,0.5639748015802399,-15846,7.190561752042581,13836,-4.624199071091976,0.06616546044422261,0.1016309774769777,-0.022156144498891583,0.011758439809532284,0.650342811330612
2010-07-13,27985,16227,2324,7743,23770,076651,PLATINUM - NEW YORK MERCANTILE EXCHANGE ,1531.5999755859375,0.572699660532428,-16027,-0.6441968893476172,13903,0.23845962202370363,0.017230984038333386,0.028300361166513934,0.011758439809532284,-0.011295329742476712,0.6517149991289243
2010-07-20,27646,15983,2562,7428,23187,076651,PLATINUM - NEW YORK MERCANTILE EXCHANGE ,1514.300048828125,0.5700282138464877,-15759,0.9576558870823655,13421,-1.722351259603359,0.029332026784256084,0.025990833108654625,-0.011295329742476712,0.013339464122389177,0.652810435093707
2010-07-27,28971,17781,2300,7036,25180,076651,PLATINUM - NEW YORK MERCANTILE EXCHANGE ,1534.5,0.6262814538676608,-18144,-8.62692613759676,15481,7.451349200607684,0.07403153712441023,0.10258453264279667,0.013339464122389177,0.03427825062622181,0.6540303336892758
2010-08-03,31615,19996,2081,6921,27949,076651,PLATINUM - NEW YORK MERCANTILE EXCHANGE ,1587.0999755859375,0.6651273129843429,-21028,-9.954782368575472,17915,8.401504953229091,0.08270719816461142,0.11025048693210128,0.03427825062622181,-0.03156699411292041,0.6570016019751038
2010-08-10,31262,19445,1879,7443,27413,076651,PLATINUM - NEW YORK MERCANTILE EXCHANGE ,1537.0,0.6387947028341117,-19970,3.3465127312984344,17566,-1.103906373556856,0.030353454211613496,0.03531232414181204,-0.03156699411292041,0.006245917752724539,0.659349285665431
2010-08-17,31047,18945,2028,7528,26872,076651,PLATINUM - NEW YORK MERCANTILE EXCHANGE ,1546.5999755859375,0.6230553676683738,-19344,2.0024310664704754,16917,-2.0760028149190712,0.01819767441860465,0.030944547751871453,0.006245917752724539,-0.01868616634570519,0.6614636120953651
2010-08-24,30248,18665,2405,7698,25677,076651,PLATINUM - NEW YORK MERCANTILE EXCHANGE ,1517.699951171875,0.5943864057127743,-17979,4.396560054111508,16260,-2.1161464875833413,0.04089887640449438,0.031181775035595632,-0.01868616634570519,0.0038216044111001324,0.6641547079939788
2010-08-31,31010,18475,2950,7991,26184,076651,PLATINUM - NEW YORK MERCANTILE EXCHANGE ,1523.5,0.5866817155756208,-18193,-0.7074847923829675,15525,-2.429912721502248,0.023408924652523776,0.034305717619603264,0.0038216044111001324,0.021529405203889018,0.6670606170963516
2010-09-07,32647,19488,3033,7732,27904,076651,PLATINUM - NEW YORK MERCANTILE EXCHANGE ,1556.300048828125,0.6178821943823323,-20172,-6.381812318606901,16455,2.999032570138665,0.05553372993601976,0.048665689800630525,0.021529405203889018,0.024481124712825375,0.6686660960943848
2010-09-14,34637,22073,2160,7265,30348,076651,PLATINUM - NEW YORK MERCANTILE EXCHANGE ,1594.4000244140625,0.6664260761613303,-23083,-8.916592642509267,19913,10.592091156921004,0.07739345439076915,0.14269797383732927,0.024481124712825375,0.011289513123668549,0.6712182759284596
2010-09-21,37937,25054,2076,7289,34181,076651,PLATINUM - NEW YORK MERCANTILE EXCHANGE ,1612.4000244140625,0.7088594248359121,-26892,-10.996910817911482,22978,8.848918786269017,0.09300699300699301,0.11297456690011058,0.011289513123668549,0.014450462915540863,0.675631617402585
2010-09-28,38523,24818,1716,8047,35326,076651,PLATINUM - NEW YORK MERCANTILE EXCHANGE ,1635.699951171875,0.7081224203722452,-27279,-1.0201122914305296,23102,0.3268576851095237,0.04387522191224956,0.0224617471922816,0.014450462915540863,0.03655930220287784,0.6791252491698173
2010-10-05,38336,25087,1438,7171,35546,076651,PLATINUM - NEW YORK MERCANTILE EXCHANGE ,1695.5,0.7401659015025042,-28375,-2.845053604340264,23649,1.4199309503413546,0.025657232483554556,0.020622054665409992,0.03655930220287784,-0.010144471348790929,0.6825001096378901
2010-10-12,38698,26849,1602,6174,36044,076651,PLATINUM - NEW YORK MERCANTILE EXCHANGE ,1678.300048828125,0.7718745154788361,-29870,-3.8997287145242066,25247,4.168405676126878,0.03541143588043015,0.067695335840568,-0.010144471348790929,-0.0028004963984058495,0.6849568947181973
2010-10-19,38488,27286,1724,6192,35609,076651,PLATINUM - NEW YORK MERCANTILE EXCHANGE ,1673.5999755859375,0.7643161504884639,-29417,1.1706031319448034,25562,0.8139955553258567,0.010837061314322624,0.019269217511203033,-0.0028004963984058495,0.01696942210107255,0.6857590319282766
2010-10-26,37906,27507,764,5025,36105,076651,PLATINUM - NEW YORK MERCANTILE EXCHANGE ,1702.0,0.8199229673402627,-31080,-4.320827270837664,26743,3.0684888796508,0.04043277413080477,0.04177425630504757,0.01696942210107255,0.010634533246731692,0.6874620627756134
2010-11-02,38603,27971,930,4916,36375,076651,PLATINUM - NEW YORK MERCANTILE EXCHANGE ,1720.0999755859375,0.8149366629536564,-31459,-0.9998417137128686,27041,0.7861552260855801,0.009178755661039937,0.021798553683263555,0.010634533246731692,0.0491250515663868,0.6889337519366389
2010-11-09,40815,29423,1319,5726,38354,076651,PLATINUM - NEW YORK MERCANTILE EXCHANGE ,1804.5999755859373,0.7994119808893789,-32628,-3.028262052172111,28104,2.75367199440458,0.06327132486388384,0.059885498666319696,0.0491250515663868,-0.08805276879296686,0.690421783895103
2010-11-16,35418,24747,2062,5521,32170,076651,PLATINUM - NEW YORK MERCANTILE EXCHANGE ,1645.699951171875,0.7524140267660512,-26649,14.649026093348033,22685,-13.276981501898813,0.16950996259053885,0.20213361184676787,-0.08805276879296686,0.007291730179280309,0.6906230003225992
2010-11-23,34148,23959,2293,5525,30822,076651,PLATINUM - NEW YORK MERCANTILE EXCHANGE ,1657.699951171875,0.740804732341572,-25297,3.8172680557908407,21666,-2.877068157434073,0.03719701763556827,0.03881609020265123,0.007291730179280309,-0.004403647808912559,0.690518585760861
2010-11-30,34501,23749,2358,5197,30651,076651,PLATINUM - NEW YORK MERCANTILE EXCHANGE ,1650.4000244140625,0.7377757166458944,-25454,-0.45976338292140095,21391,-0.8053180274100973,0.013919883954474448,0.010533573371126518,-0.004403647808912559,0.0271448897813229,0.6901828039904495
2010-12-07,36578,25325,1971,5400,33027,076651,PLATINUM - NEW YORK MERCANTILE EXCHANGE ,1695.199951171875,0.7552900650664334,-27627,-6.298368163241645,23354,5.6896901539085825,0.06711426861321466,0.07191529894490035,0.0271448897813229,0.0095564380066131,0.6903983875755715
2010-12-14,36520,24484,1850,6495,33118,076651,PLATINUM - NEW YORK MERCANTILE EXCHANGE ,1711.4000244140625,0.7289978094194962,-26623,2.744819290283777,22634,-1.968396303789163,0.029939666271173605,0.03653072074124706,0.0095564380066131,0.00613532771427594,0.6903321144437101
2010-12-21,37473,24785,1491,7106,34433,076651,PLATINUM - NEW YORK MERCANTILE EXCHANGE ,1721.9000244140625,0.7292450564406373,-27327,-1.9277108433734942,23294,1.8072289156626504,0.04636606562507523,0.025117978383315573,0.00613532771427594,0.01730642100893931,0.6905703946423056
2010-12-28,38980,25844,1159,6998,36065,076651,PLATINUM - NEW YORK MERCANTILE EXCHANGE ,1751.699951171875,0.7456900974858902,-29067,-4.643343207109119,24685,3.7120059776372325,0.040405916912430624,0.05151279487464356,0.01730642100893931,-0.004909502669212418,0.691032195176986
2011-01-04,39620,27198,1416,6592,36744,076651,PLATINUM - NEW YORK MERCANTILE EXCHANGE ,1743.0999755859375,0.7610297829379101,-30152,-2.783478707029246,25782,2.814263724987173,0.025036920804873547,0.05630111134409729,-0.004909502669212418,0.014055418704119083,0.6915841748150137
2011-01-11,38973,26369,1642,6494,35999,076651,PLATINUM - NEW YORK MERCANTILE EXCHANGE ,1767.5999755859375,0.7570625817873913,-29505,1.6330136294800606,24727,-2.662796567390207,0.019838561645447485,0.0376637749455571,0.014055418704119083,0.03162481624018598,0.6924326056734416
2011-01-18,41604,31204,1387,4795,38626,076651,PLATINUM - NEW YORK MERCANTILE EXCHANGE ,1823.5,0.8131670031727718,-33831,-11.099992302363175,29817,13.060323813922459,0.09962921167177172,0.15617808597465557,0.03162481624018598,-0.021551987292637742,0.6948660732651791
2011-01-25,41995,30513,1654,5559,38993,076651,PLATINUM - NEW YORK MERCANTILE EXCHANGE ,1784.199951171875,0.7961423979045125,-33434,0.9542351696952216,28859,-2.3026632054610134,0.025386065720955288,0.02978207479715236,-0.021551987292637742,0.025445592229863756,0.69767708595531
2011-02-01,42483,31081,1414,5321,39461,076651,PLATINUM - NEW YORK MERCANTILE EXCHANGE ,1829.5999755859373,0.8036155638726079,-34140,-1.6811525181569236,29667,1.924038576020955,0.01576526282881515,0.024865363902138792,0.025445592229863756,0.01579581591588486,0.7007215949741966
2011-02-08,43810,31825,1702,5600,40509,076651,PLATINUM - NEW YORK MERCANTILE EXCHANGE ,1858.5,0.7968272083999087,-34909,-1.8101358190334957,30123,1.0733705246804603,0.02877963087466655,0.03078116145196409,0.01579581591588486,-0.01501211967396432,0.703423199505726
2011-02-15,41375,30124,1240,5221,38571,076651,PLATINUM - NEW YORK MERCANTILE EXCHANGE ,1830.5999755859373,0.8060422960725075,-33350,3.558548276649167,28884,-2.82812143346268,0.05290920716112532,0.06896441780385155,-0.01501211967396432,-0.023653407262803516,0.7060517118079024
2011-02-22,41700,30208,1819,5143,38071,076651,PLATINUM - NEW YORK MERCANTILE EXCHANGE ,1787.300048828125,0.7896402877697841,-32928,1.019939577039275,28389,-1.1963746223564955,0.013375295043273014,0.02070128329222219,-0.023653407262803516,0.03233924085422024,0.7079644582225586
2011-03-01,41621,29576,1832,6104,38484,076651,PLATINUM - NEW YORK MERCANTILE EXCHANGE ,1845.0999755859373,0.7779726580332044,-32380,1.314148681055156,27744,-1.5467625899280575,0.030815466044675697,0.02053616912888436,0.03233924085422024,-0.023033982202781966,0.7090771909941724
2011-03-08,39640,28270,1478,5174,36792,076651,PLATINUM - NEW YORK MERCANTILE EXCHANGE ,1802.5999755859373,0.7976286579212917,-31618,1.8308065639941375,26792,-2.2873068883496313,0.06247914978792356,0.055802070727443864,-0.023033982202781966,-0.05381116238419448,0.7108825090152665
2011-03-15,35584,23298,3300,6875,30194,076651,PLATINUM - NEW YORK MERCANTILE EXCHANGE ,1705.5999755859375,0.6553226169064749,-23319,20.935923309788095,19998,-17.13925327951564,0.2238797917397286,0.255432739303707,-0.05381116238419448,0.01981710208251708,0.7099754208871842
2011-03-22,32752,21044,2541,6821,28292,076651,PLATINUM - NEW YORK MERCANTILE EXCHANGE ,1739.4000244140625,0.6555630190522717,-21471,5.193345323741007,18503,-4.201326438848921,0.05570586392504201,0.127750688997244,0.01981710208251708,0.0006898649850710648,0.7087420794908081
2011-03-29,32556,21156,2128,6027,28075,076651,PLATINUM - NEW YORK MERCANTILE EXCHANGE ,1740.5999755859375,0.6772330753163779,-22048,-1.7617244748412313,19028,1.6029555446995605,0.029646355052489592,0.022547672221267825,0.0006898649850710648,0.032287759410813965,0.7080668819637015
2011-04-05,33967,22615,1621,5757,30460,076651,PLATINUM - NEW YORK MERCANTILE EXCHANGE ,1796.800048828125,0.727264698089322,-24703,-8.155178768890528,20994,6.038825408526846,0.07330811497363117,0.08111899653408153,0.032287759410813965,-0.010017809166768199,0.707959276021554
2011-04-12,35727,25008,1687,5022,32478,076651,PLATINUM - NEW YORK MERCANTILE EXCHANGE ,1778.800048828125,0.7684944159879084,-27456,-8.104925368740249,23321,6.8507669208349276,0.07341333333333333,0.0921146282075295,-0.010017809166768199,0.0021362304101104623,0.7081692502217874
2011-04-19,35352,24834,1524,5093,32172,076651,PLATINUM - NEW YORK MERCANTILE EXCHANGE ,1782.5999755859375,0.7659821226521838,-27079,1.055224340134912,23310,-0.030789039102079658,0.010116731517509728,0.012785492070718567,0.0021362304101104623,0.016717182338303216,0.7087960080624267
2011-04-26,37110,26458,1342,5003,34335,076651,PLATINUM - NEW YORK MERCANTILE EXCHANGE ,1812.4000244140625,0.790406898410132,-29332,-6.373048200950442,25116,5.108621860149356,0.05727286593116071,0.06496402877697842,0.016717182338303216,0.027642890593170488,0.7096165577289694
2011-05-03,40279,29084,2092,5188,36577,076651,PLATINUM - NEW YORK MERCANTILE EXCHANGE ,1862.5,0.7792894560440925,-31389,-5.542980328752358,26992,5.0552411748854755,0.0581108583742368,0.10828842699512445,0.027642890593170488,-0.03307381239513418,0.7100151477426944
2011-05-10,36391,25278,1551,5192,33213,076651,PLATINUM - NEW YORK MERCANTILE EXCHANGE ,1800.9000244140625,0.7699980764474733,-28021,8.361677300826734,23727,-8.105960922565108,0.08769691446426246,0.16202616571620262,-0.03307381239513418,-0.020489768401257158,0.7104804540727947
2011-05-17,35215,24063,1848,5674,31109,076651,PLATINUM - NEW YORK MERCANTILE EXCHANGE ,1764.0,0.7222774385915093,-25435,7.106152620153335,22215,-4.154873457723063,0.07030421662180898,0.058353594998263286,-0.020489768401257158,0.0008503401360544505,0.7098016402461746
2011-05-24,34956,23564,2456,5870,30094,076651,PLATINUM - NEW YORK MERCANTILE EXCHANGE ,1765.5,0.6929854674447877,-24224,3.438875479199205,21108,-3.143546784040892,0.03367256145033923,0.04254419677171407,0.0008503401360544505,0.038799207023506144,0.7116500236439621
2011-05-31,35121,23721,1980,5400,30718,076651,PLATINUM - NEW YORK MERCANTILE EXCHANGE ,1834.0,0.7208792460351356,-25318,-3.129648701224396,21741,1.81084792310333,0.030289606290492276,0.024629391852457102,0.038799207023506144,-0.0017993723163167719,0.7141738327748749
2011-06-07,36399,24790,1582,5754,32993,076651,PLATINUM - NEW YORK MERCANTILE EXCHANGE ,1830.699951171875,0.74834473474546,-27239,-5.469662025568748,23208,4.176988126761767,0.06785041422561747,0.0556271803427878,-0.0017993723163167719,-0.019555321851019936,0.7167327983412103
2011-06-14,37506,25760,1911,6075,33393,076651,PLATINUM - NEW YORK MERCANTILE EXCHANGE ,1794.9000244140625,0.7283634618461047,-27318,-0.21703892964092422,23849,1.7610373911371193,0.018267963920137832,0.04694445448303278,-0.019555321851019936,-0.02657533711815452,0.7189268431170821
2011-06-21,35659,22882,3419,7041,30103,076651,PLATINUM - NEW YORK MERCANTILE EXCHANGE ,1747.199951171875,0.6467371491068173,-23062,11.347517730496454,19463,-11.694128939369701,0.11458108981262115,0.16676172008668871,-0.02657533711815452,-0.031765110777833616,0.7192413180548496
2011-06-28,30935,20026,3555,6269,24939,076651,PLATINUM - NEW YORK MERCANTILE EXCHANGE ,1691.699951171875,0.603523517051883,-18670,12.31666619927648,16471,-8.3905886312011,0.1902076390669059,0.1268818116280056,-0.031765110777833616,0.03008809238234189,0.7191338320148607
2011-07-05,31245,20642,3802,6264,25094,076651,PLATINUM - NEW YORK MERCANTILE EXCHANGE ,1742.5999755859375,0.6026564250280044,-18830,-0.5172135122030063,16840,1.1928236625181834,0.005102366222335608,0.03530518736704304,0.03008809238234189,-0.00470558434910906,0.7198777093888562
2011-07-12,31373,21092,3975,6049,24876,076651,PLATINUM - NEW YORK MERCANTILE EXCHANGE ,1734.4000244140625,0.6001019985337711,-18827,0.009601536245799328,17117,0.8865418466954713,0.014001616814874697,0.024853392907009216,-0.00470558434910906,0.023581655810850144,0.7204046774273436
2011-07-19,31999,21437,2110,5719,27958,076651,PLATINUM - NEW YORK MERCANTILE EXCHANGE ,1775.300048828125,0.6949904684521391,-22239,-10.875593663341089,19327,7.044273738565009,0.10131543783591175,0.0938548435044804,0.023581655810850144,0.017349138686805876,0.7228077977082216
2011-07-26,33843,23349,1805,5332,30424,076651,PLATINUM - NEW YORK MERCANTILE EXCHANGE ,1806.0999755859373,0.7414236326566793,-25092,-8.915903621988187,21544,6.928341510672209,0.07979080434053026,0.08813707561421642,0.017349138686805876,-0.006976344474978191,0.7250220703772411
2011-08-02,35099,24211,1238,5105,32144,076651,PLATINUM - NEW YORK MERCANTILE EXCHANGE ,1793.5,0.7703638280292886,-27039,-5.7530360783618475,22973,4.222438909080164,0.05226985959354614,0.056151518723721955,-0.006976344474978191,-0.020685796256446842,0.7270458495127208
2011-08-09,36046,22980,4295,7505,29792,076651,PLATINUM - NEW YORK MERCANTILE EXCHANGE ,1756.4000244140625,0.6182932919047883,-22287,13.538847260605715,18685,-12.216872275563407,0.1274097112368287,0.15721356553620533,-0.020685796256446842,0.03512864399581073,0.7266515916102338
2011-08-16,36041,25861,2534,3779,31818,076651,PLATINUM - NEW YORK MERCANTILE EXCHANGE ,1818.0999755859373,0.7779750839321884,-28039,-15.957387782278202,23327,12.877989235976253,0.1615866505604405,0.16347948582496918,0.03512864399581073,0.034101535026982654,0.7296308169229995
2011-08-23,40688,30030,1723,2971,37140,076651,PLATINUM - NEW YORK MERCANTILE EXCHANGE ,1880.0999755859373,0.8397807707432167,-34169,-17.00840709192309,28307,13.81759662606476,0.1528259081050086,0.1568355745913772,0.034101535026982654,-0.014360938434449633,0.7343499393274311
2011-08-30,39104,27892,1316,3308,36080,076651,PLATINUM - NEW YORK MERCANTILE EXCHANGE ,1853.0999755859373,0.8380728314238952,-32772,3.433444750294927,26576,-4.254325599685411,0.035467655123387835,0.0871336620104081,-0.014360938434449633,0.0027521319157781665,0.7391843838629748
2011-09-06,42146,29934,1926,3067,38316,076651,PLATINUM - NEW YORK MERCANTILE EXCHANGE ,1858.199951171875,0.8363545769468039,-35249,-6.334390343698855,28008,3.6620294599018006,0.059855496218253874,0.0832391713747646,0.0027521319157781665,-0.02405551197204847,0.7433857758353686
2011-09-13,41298,28556,1780,4066,37528,076651,PLATINUM - NEW YORK MERCANTILE EXCHANGE ,1813.5,0.8102571553101845,-33462,4.240022777962321,26776,-2.9231718312532626,0.04296292734529018,0.050237341772151896,-0.02405551197204847,-0.01742485557537221,0.7461517581266927
2011-09-20,38408,25857,2017,4458,34624,076651,PLATINUM - NEW YORK MERCANTILE EXCHANGE ,1781.9000244140625,0.785409289731306,-30166,7.981016029831952,23840,-7.109303113952249,0.0843354997185405,0.10533113295544234,-0.01742485557537221,-0.11667322608765651,0.7476238709131425
2011-09-27,37708,24284,3417,6755,31374,076651,PLATINUM - NEW YORK MERCANTILE EXCHANGE ,1574.0,0.6528853293730773,-24619,14.44230368673193,20867,-7.740574880233285,0.14547981851084477,0.10732464531966356,-0.11667322608765651,-0.07121980659843552,0.7465616191631586
2011-10-04,38401,25390,4977,7299,30358,076651,PLATINUM - NEW YORK MERCANTILE EXCHANGE ,1461.9000244140625,0.600479154188693,-23059,4.137053145221174,20413,-1.2039885435451363,0.04142656079878907,0.08779266967431752,-0.07121980659843552,0.036459351438328014,0.7438753355609697
2011-10-11,38519,25696,6019,7136,29243,076651,PLATINUM - NEW YORK MERCANTILE EXCHANGE ,1515.199951171875,0.5739245567122718,-22107,2.479102106715971,19677,-1.916616754772011,0.03513015750845268,0.04250354721740501,0.036459351438328014,0.014189546391795815,0.7400686055846897
2011-10-18,37657,25759,5579,6190,28764,076651,PLATINUM - NEW YORK MERCANTILE EXCHANGE ,1536.699951171875,0.599463579148631,-22574,-1.2123886912952049,20180,1.3058490615021159,0.04076786633861647,0.016050800944540176,0.014189546391795815,0.018741491340689143,0.7368983638281545
2011-10-25,37291,25360,5648,6067,28342,076651,PLATINUM - NEW YORK MERCANTILE EXCHANGE ,1565.5,0.5973291142634952,-22275,0.7940090819767905,19712,-1.2427968239636722,0.015838879362957366,0.015092879256965945,0.018741491340689143,0.008495719468620155,0.7326177128074475
2011-11-01,37948,26022,5420,6361,29657,076651,PLATINUM - NEW YORK MERCANTILE EXCHANGE ,1578.800048828125,0.6138926952672078,-23296,-2.737926041135931,20602,2.386634844868735,0.04467210839024932,0.028306087399020418,0.008495719468620155,0.058145378717179286,0.7287514826596312
2011-11-08,38852,26788,5186,5923,30484,076651,PLATINUM - NEW YORK MERCANTILE EXCHANGE ,1670.5999755859375,0.6321682281478431,-24561,-3.333509012332666,21602,2.6351849899862967,0.034746065317109345,0.03127541127165822,0.058145378717179286,-0.017598482487557132,0.7255352566453708
2011-11-15,38552,26771,5022,5884,30649,076651,PLATINUM - NEW YORK MERCANTILE EXCHANGE ,1641.199951171875,0.6423791242996473,-24765,-0.5250694944919181,21749,0.37835890044270565,0.005583992554676594,0.005693077092441733,-0.017598482487557132,-0.043078206967647525,0.7234192008287093
2011-11-22,38807,27062,6259,6112,29708,076651,PLATINUM - NEW YORK MERCANTILE EXCHANGE ,1570.5,0.6080346329270493,-23596,3.0322681054160614,20803,-2.4538285951442207,0.03263539921831379,0.04585696707781879,-0.043078206967647525,-0.019611619756845,0.7208659296861222
2011-11-29,38820,26680,6412,5719,29124,076651,PLATINUM - NEW YORK MERCANTILE EXCHANGE ,1539.699951171875,0.6029108706852138,-23405,0.49217924601231733,20268,-1.3786172597727213,0.028040065436386076,0.016167049437930618,-0.019611619756845,-0.010846237384864899,0.7182723749561091
2011-12-06,41893,28967,8221,5954,29880,076651,PLATINUM - NEW YORK MERCANTILE EXCHANGE ,1523.0,0.5711216671042895,-23926,-1.3420917053065429,20746,1.2313240597630086,0.027655299436289558,0.1101430569000753,-0.010846237384864899,-0.020814150473982274,0.7147306749952987
2011-12-13,43600,29144,9409,7293,29871,076651,PLATINUM - NEW YORK MERCANTILE EXCHANGE ,1491.300048828125,0.5178440366972477,-22578,3.2177213376936478,19735,-2.413291003270236,0.03627166074695942,0.03540580499572018,-0.020814150473982274,-0.039831034982356184,0.7106700255198709
2011-12-20,43456,29199,10078,7922,29829,076651,PLATINUM - NEW YORK MERCANTILE EXCHANGE ,1431.9000244140625,0.5041191089837997,-21907,1.5389908256880735,19121,-1.4082568807339448,0.017774363593017404,0.018433179723502304,-0.039831034982356184,0.001396745558977397,0.7063406803764701
2011-12-27,42938,28902,10343,7011,28477,076651,PLATINUM - NEW YORK MERCANTILE EXCHANGE ,1433.9000244140625,0.4999301318179701,-21466,1.014819587628866,18559,-1.293262150220913,0.06376803426510369,0.014320295579054657,0.001396745558977397,-0.004602814334028982,0.7016145271905485
2012-01-03,42476,29451,9965,6870,28789,076651,PLATINUM - NEW YORK MERCANTILE EXCHANGE ,1427.300048828125,0.5160325831057538,-21919,-1.055009548651544,19486,2.1589268247240208,0.01270366527384391,0.02351836817536026,-0.004602814334028982,0.024591868832875008,0.6969030425783919
2012-01-10,43692,30032,9995,7211,29697,076651,PLATINUM - NEW YORK MERCANTILE EXCHANGE ,1462.4000244140625,0.5146479904788062,-22486,-1.3348714568226763,20037,1.2972031264714192,0.03384090170152813,0.015264696329977265,0.024591868832875008,0.04396876756315393,0.692241223514765
2012-01-17,43849,30528,9467,7283,30810,076651,PLATINUM - NEW YORK MERCANTILE EXCHANGE ,1526.699951171875,0.5365458733380465,-23527,-2.3825872013183194,21061,2.34367847660899,0.031108077599558973,0.025603200400050007,0.04396876756315393,0.015392677508086372,0.6869215864025588
2012-01-24,44105,30331,8247,7321,33003,076651,PLATINUM - NEW YORK MERCANTILE EXCHANGE ,1550.199951171875,0.5822922571137059,-25682,-4.914593263244315,22084,2.333006453967023,0.05532685249479218,0.03673077920058064,0.015392677508086372,0.022771287537094675,0.6828090836950433
2012-01-31,45030,30967,5991,7047,36519,076651,PLATINUM - NEW YORK MERCANTILE EXCHANGE ,1585.5,0.6544970019986676,-29472,-8.593130030608775,24976,6.557079696179572,0.08699444520956709,0.07825098760755451,0.022771287537094675,0.04206871723233996,0.6799414190436213
2012-02-07,44584,31140,5501,6678,36626,076651,PLATINUM - NEW YORK MERCANTILE EXCHANGE ,1652.199951171875,0.6717207966983672,-29948,-1.0570730624028424,25639,1.4723517654896736,0.010992056161093663,0.018094484320842773,0.04206871723233996,-0.01622075266301992,0.6775355265108995
2012-02-14,44020,31121,3046,5961,38397,076651,PLATINUM - NEW YORK MERCANTILE EXCHANGE ,1625.4000244140625,0.7368468877782826,-32436,-5.580477301274,28075,5.4638435313116815,0.05608909328644213,0.07240904966780812,-0.01622075266301992,0.035068290355506626,0.6762048455821643
2012-02-21,44580,31301,2953,6234,39189,076651,PLATINUM - NEW YORK MERCANTILE EXCHANGE ,1682.4000244140625,0.7392328398384926,-32955,-1.1790095411176738,28348,0.6201726487960019,0.023446271712568523,0.007969872131721843,0.035068290355506626,0.02353778828535691,0.6752354715834856
2012-02-28,45337,30248,2487,7065,40620,076651,PLATINUM - NEW YORK MERCANTILE EXCHANGE ,1722.0,0.7401239605620133,-33555,-1.3458950201884252,27761,-1.316733961417676,0.04743630072349796,0.04640293264090423,0.02353778828535691,-0.0648083481916013,0.674507612016732
2012-03-06,42850,29323,2583,6325,37936,076651,PLATINUM - NEW YORK MERCANTILE EXCHANGE ,1610.4000244140625,0.7377129521586931,-31611,4.2878884796082675,26740,-2.2520237333745063,0.07735930051286685,0.03200025073653858,-0.0648083481916013,0.05582465415496518,0.6733553869059127
2012-03-13,43268,29067,3100,6679,37605,076651,PLATINUM - NEW YORK MERCANTILE EXCHANGE ,1700.300048828125,0.714754553018397,-30926,1.5985997666277711,25967,-1.8039673278879813,0.015468340709962966,0.024030839058662604,0.05582465415496518,-0.02793624574247222,0.674498308754219
2012-03-20,43502,28851,3193,7372,37902,076651,PLATINUM - NEW YORK MERCANTILE EXCHANGE ,1652.800048828125,0.70180681347984,-30530,0.9152260330960525,25658,-0.7141536470370713,0.02186685514865044,0.009642990887529648,-0.02793624574247222,0.002783141003171563,0.6753876124932107
2012-03-27,41855,27382,3862,7331,35621,076651,PLATINUM - NEW YORK MERCANTILE EXCHANGE ,1657.4000244140625,0.6759049098076694,-28290,5.149188543055492,23520,-4.9147165647556434,0.05406034643322779,0.06842913839457176,0.002783141003171563,-0.0013274244055627715,0.6753620708488126
2012-04-03,40490,27201,3246,6942,34837,076651,PLATINUM - NEW YORK MERCANTILE EXCHANGE ,1655.199951171875,0.6889355396394171,-27895,0.9437343208696691,23955,1.0393023533628,0.028076306278273774,0.026176634808027063,-0.0013274244055627715,-0.03987433660402917,0.6746249716478527
2012-04-10,39814,25888,5100,7782,32060,076651,PLATINUM - NEW YORK MERCANTILE EXCHANGE ,1589.199951171875,0.6097855025870297,-24278,8.933069893800937,20788,-7.821684366510249,0.09078359520104412,0.10220085194268749,-0.03987433660402917,-0.005411512616518732,0.6715728771593744
2012-04-17,40585,25681,6679,9057,30925,076651,PLATINUM - NEW YORK MERCANTILE EXCHANGE ,1580.5999755859375,0.5388197609954417,-21868,6.0531471341739085,19002,-4.485859245491536,0.060277124706117756,0.05519159456118665,-0.005411512616518732,-0.022902664640656822,0.667204370204437
2012-04-24,40823,25086,10163,9636,27575,076651,PLATINUM - NEW YORK MERCANTILE EXCHANGE ,1544.4000244140625,0.43943365259780026,-17939,9.680916594801035,14923,-10.050511272637674,0.10558705759049743,0.11571959488212431,-0.022902664640656822,0.015345733486935575,0.6604548847080459
2012-05-01,41810,26754,10153,8967,28937,076651,PLATINUM - NEW YORK MERCANTILE EXCHANGE ,1568.0999755859375,0.4776369289643626,-19970,-4.975136565171594,16601,4.110427945030987,0.05358273533136344,0.04546562982632021,0.015345733486935575,-0.039729562992011025,0.6546538745718973
2012-05-08,43091,27605,11877,9989,27973,076651,PLATINUM - NEW YORK MERCANTILE EXCHANGE ,1505.800048828125,0.4173493304866445,-17984,4.750059794307582,15728,-2.0880172207605834,0.052315473368104944,0.065219593738919,-0.039729562992011025,-0.040908550709763736,0.6478721679188044
2012-05-15,45020,28494,14124,10613,27316,076651,PLATINUM - NEW YORK MERCANTILE EXCHANGE ,1444.199951171875,0.37101288316303865,-16703,2.972778538441902,14370,-3.151470144577754,0.03377362967650083,0.07358393167206345,-0.040908550709763736,0.008447634437522167,0.6411170803144107
2012-05-22,47012,29456,16359,11303,27108,076651,PLATINUM - NEW YORK MERCANTILE EXCHANGE ,1456.4000244140625,0.336190759806007,-15805,1.9946690359840071,13097,-2.8276321634828965,0.023378719637603813,0.06978063952853869,0.008447634437522167,-0.020667381956442465,0.6342556436290496
2012-05-29,48449,31080,16993,11653,27769,076651,PLATINUM - NEW YORK MERCANTILE EXCHANGE ,1426.300048828125,0.3326384445499391,-16116,-0.6615332255594316,14087,2.105845316089509,0.025645578610927908,0.046970232770994116,-0.020667381956442465,0.008904123071656223,0.626789474369719
2012-06-05,49838,32229,17495,11394,28697,076651,PLATINUM - NEW YORK MERCANTILE EXCHANGE ,1439.0,0.3471848790079859,-17303,-2.4499989679869554,14734,1.3354248797704802,0.029607642613055297,0.03320328211728742,0.008904123071656223,0.009659502719987945,0.6190748617593829
2012-06-12,50036,32927,16734,11541,29531,076651,PLATINUM - NEW YORK MERCANTILE EXCHANGE ,1452.9000244140625,0.359541130386122,-17990,-1.3784662305871023,16193,2.9274850515670776,0.02388488507985976,0.02937919091439963,0.009659502719987945,0.017964054750748026,0.6119821246159216
2012-06-19,51831,34570,15318,11494,33264,076651,PLATINUM - NEW YORK MERCANTILE EXCHANGE ,1479.0,0.4200189076035577,-21770,-7.554560716284275,19252,6.113598209289312,0.08445417578980294,0.0613173508659397,0.017964054750748026,-0.0352940846327755,0.6076221584331667
2012-06-26,50349,34754,15957,9812,30807,076651,PLATINUM - NEW YORK MERCANTILE EXCHANGE ,1426.800048828125,0.41698941389104055,-20995,1.495244158901044,18797,-0.8778530223225482,0.10189812649252812,0.01622922048470746,-0.0352940846327755,0.043383725977995446,0.6040349641416121
2012-07-03,49442,34947,14919,9158,31651,076651,PLATINUM - NEW YORK MERCANTILE EXCHANGE ,1488.699951171875,0.4549370980138344,-22493,-2.9752328745357404,20028,2.4449343581799043,0.0367075890122277,0.024686158905867724,0.043383725977995446,-0.04144552508603627,0.6011942078528779
2012-07-10,48715,34452,14755,8858,30498,076651,PLATINUM - NEW YORK MERCANTILE EXCHANGE ,1427.0,0.4442163604639228,-21640,1.725253832773755,19697,-0.6694712997047045,0.03691940237829048,0.013392403519824415,-0.04144552508603627,-0.006096672159688121,0.5981964071207655
2012-07-17,49929,35213,15857,8579,30547,076651,PLATINUM - NEW YORK MERCANTILE EXCHANGE ,1418.300048828125,0.43998477838530714,-21968,-0.6733039104998461,19356,-0.6999897362208766,0.008383172315084599,0.036479342079498725,-0.006096672159688121,-0.025382499302418537,0.5932924515425572
2012-07-24,51043,35936,17372,9080,29551,076651,PLATINUM - NEW YORK MERCANTILE EXCHANGE ,1382.300048828125,0.40105401328291834,-20471,2.998257525686475,18564,-1.5862524785194978,0.03875126193989283,0.0419824416597884,-0.025382499302418537,0.023945579408753304,0.5867468819392155
2012-07-31,52220,35886,17605,9893,30335,076651,PLATINUM - NEW YORK MERCANTILE EXCHANGE ,1415.4000244140625,0.3914592110302566,-20442,0.05681484238779068,18281,-0.5544344964049919,0.039698717311325446,0.005290609635265745,0.023945579408753304,-0.004592341308380932,0.5794602546892343
2012-08-07,53246,36520,17565,9437,31250,076651,PLATINUM - NEW YORK MERCANTILE EXCHANGE ,1408.9000244140625,0.4096645757427788,-21813,-2.625430869398698,18955,1.2906932209881272,0.033696266620787965,0.012461865581954331,-0.004592341308380932,-0.008020475997098875,0.575448163993811
2012-08-14,54074,37101,18574,9152,30579,076651,PLATINUM - NEW YORK MERCANTILE EXCHANGE ,1397.5999755859375,0.3962532825387432,-21427,0.7249370844758292,18527,-0.8038162491079143,0.02406181571065415,0.028558599012123934,-0.008020475997098875,0.07791930904149202,0.5681073601208602
2012-08-21,54526,39578,14691,7570,35835,076651,PLATINUM - NEW YORK MERCANTILE EXCHANGE ,1506.5,0.5183765543043686,-28265,-12.64563376114214,24887,11.76165994747938,0.15753945397995622,0.11719397814590282,0.07791930904149202,0.008363740846954792,0.5619265098047284
2012-08-28,54458,40070,11407,6953,39628,076651,PLATINUM - NEW YORK MERCANTILE EXCHANGE ,1519.0999755859375,0.6000036725549965,-32675,-8.087884678868797,28663,6.9251366320654375,0.09467379403619501,0.07335314800784816,0.008363740846954792,0.031202702373673397,0.5573482567495573
2012-09-04,54977,40880,10397,6496,41053,076651,PLATINUM - NEW YORK MERCANTILE EXCHANGE ,1566.5,0.6285719482692762,-34557,-3.4558742517169194,30483,3.3420250468250763,0.03958022250730825,0.03549349610936677,0.031202702373673397,0.025215448451962885,0.5533524369672972
2012-09-11,56375,41708,7956,6674,44609,076651,PLATINUM - NEW YORK MERCANTILE EXCHANGE ,1606.0,0.6729046563192904,-37935,-6.144387653018535,33752,5.94612292413191,0.07281165298441979,0.06582232603092783,0.025215448451962885,0.01824411508600554,0.5507110427559337
2012-09-18,57118,42935,6801,6272,47166,076651,PLATINUM - NEW YORK MERCANTILE EXCHANGE ,1635.300048828125,0.7159564410518575,-40894,-5.248780487804878,36134,4.225277161862528,0.055372581309180734,0.04789287437670903,0.01824411508600554,-0.0021402800070288164,0.5493754110505598
2012-09-25,58824,44773,6050,5686,49703,076651,PLATINUM - NEW YORK MERCANTILE EXCHANGE ,1631.800048828125,0.7482830137358901,-44017,-5.467628418361987,38723,4.53272173395427,0.05638303634295618,0.05094150286287705,-0.0021402800070288164,0.031315096247628516,0.5512099819036907
2012-10-02,60889,48002,5882,5345,52426,076651,PLATINUM - NEW YORK MERCANTILE EXCHANGE ,1682.9000244140625,0.7732266911921694,-47081,-5.20875832993336,42120,5.7748538011695905,0.053036990877776045,0.06304283275183728,0.031315096247628516,0.00516961854279141,0.5545320499229884
2012-10-09,64674,52576,5751,4738,56360,076651,PLATINUM - NEW YORK MERCANTILE EXCHANGE ,1691.5999755859375,0.7981878343692983,-51622,-7.457833106143967,46825,7.72717568033635,0.07432321843595535,0.08066590086923724,0.00516961854279141,-0.028907558004146017,0.5588448052625467
2012-10-16,64707,53007,5331,4758,57025,076651,PLATINUM - NEW YORK MERCANTILE EXCHANGE ,1642.699951171875,0.8077487752484275,-52267,-0.9973095834492995,47676,1.315830163589696,0.011087192269718207,0.014587404436216532,-0.028907558004146017,-0.042369256501338604,0.5628502898029274
2012-10-23,62200,49639,6038,5399,53956,076651,PLATINUM - NEW YORK MERCANTILE EXCHANGE ,1573.0999755859375,0.7806591639871383,-48557,5.733537329809757,43601,-6.2976184956805294,0.0625052649313453,0.073190006645473,-0.042369256501338604,-0.01830775361056458,0.5663758676822283
2012-10-30,61449,48233,7227,6362,51942,076651,PLATINUM - NEW YORK MERCANTILE EXCHANGE ,1544.300048828125,0.7417533238946118,-45580,4.786173633440514,41006,-4.172025723472669,0.051059961580680574,0.046790479624954924,-0.01830775361056458,0.006475425554501868,0.5688347259250628
2012-11-06,60132,44567,6892,8157,50975,076651,PLATINUM - NEW YORK MERCANTILE EXCHANGE ,1554.300048828125,0.7120667864032462,-42818,4.494784292665463,37675,-5.420755423196471,0.046709057701413786,0.07775121941740026,0.006475425554501868,0.018722238095455035,0.5703712366607437
2012-11-13,60470,43331,7376,8763,50646,076651,PLATINUM - NEW YORK MERCANTILE EXCHANGE ,1583.4000244140625,0.6926244418720027,-41883,1.5549125257766248,35955,-2.860373844209406,0.015738356141325387,0.033920366024414776,0.018722238095455035,-0.008147040681546147,0.5713374927679044
2012-11-20,59533,41353,6935,9893,50274,076651,PLATINUM - NEW YORK MERCANTILE EXCHANGE ,1570.5,0.6782960710866243,-40381,2.4838763022986607,34418,-2.541756242765007,0.024963850615786064,0.05009526176275679,-0.008147040681546147,0.030054091799984084,0.5726886742709731
2012-11-27,61261,43751,6890,9109,52613,076651,PLATINUM - NEW YORK MERCANTILE EXCHANGE ,1617.699951171875,0.7101418520755456,-43504,-5.245830043841231,36861,4.103606403171351,0.050597841936424616,0.048241543413439704,0.030054091799984084,-0.022439221025825296,0.5747508085284795
2012-12-04,61309,44789,6319,7983,52390,076651,PLATINUM - NEW YORK MERCANTILE EXCHANGE ,1581.4000244140625,0.7243145378329446,-44407,-1.474020992148349,38470,2.626467083462562,0.02234442548821493,0.03148235109963215,-0.022439221025825296,0.03610723074770039,0.5776968252732614
2012-12-11,63805,46699,6089,8118,55059,076651,PLATINUM - NEW YORK MERCANTILE EXCHANGE ,1638.5,0.7356946947731369,-46941,-4.133161526040222,40610,3.490515258771143,0.04438324073634392,0.04053951655679321,0.03610723074770039,-0.026853829722306988,0.58188626100549
2012-12-18,64501,47633,4658,8500,57153,076651,PLATINUM - NEW YORK MERCANTILE EXCHANGE ,1594.5,0.7542983829708066,-48653,-2.6831752997413996,42975,3.70660606535538,0.03771343274488599,0.045227668241188734,-0.026853829722306988,-0.008717481601795196,0.5866974008898554
2013-01-08,62313,45267,7394,10515,52144,076651,PLATINUM - NEW YORK MERCANTILE EXCHANGE ,1580.5999755859375,0.6680628440293358,-41629,10.889753647230275,37873,-7.909954884420396,0.1120988206003926,0.09688384193235981,-0.008717481601795196,0.06794889666770287,0.5899307222785356
2013-01-15,63266,46547,3628,9453,57101,076651,PLATINUM - NEW YORK MERCANTILE EXCHANGE ,1688.0,0.7531375462333639,-47648,-9.659300627477412,42919,8.097828703480815,0.09043783994951468,0.10056801195814649,0.06794889666770287,0.0061611519040654095,0.5944904331079127
2013-01-22,64784,49440,3980,7564,58562,076651,PLATINUM - NEW YORK MERCANTILE EXCHANGE ,1698.4000244140625,0.7872005433440356,-50998,-5.295103214996997,45460,4.0163753042708565,0.0506608595711218,0.06074503931111943,0.0061611519040654095,-0.012364578249016933,0.599731828355321
2013-01-29,68157,52738,4234,7320,61741,076651,PLATINUM - NEW YORK MERCANTILE EXCHANGE ,1677.4000244140625,0.7984653080387928,-54421,-5.28371202766115,48504,4.698691034823413,0.04956487742720204,0.06234641578319174,-0.012364578249016933,0.01687130460588726,0.6047687405611046
2013-02-05,71955,54685,5219,7973,64021,076651,PLATINUM - NEW YORK MERCANTILE EXCHANGE ,1705.699951171875,0.7789312764922521,-56048,-2.3871355840192496,49466,1.4114471000777615,0.040739506069950276,0.04894497863247863,0.01687130460588726,0.006097217981930081,0.6085502601645382
2013-02-12,73657,55027,4889,8829,65865,076651,PLATINUM - NEW YORK MERCANTILE EXCHANGE ,1716.0999755859375,0.7743459548990591,-57036,-1.3730803974706414,50138,0.9339170314780071,0.036147481725439794,0.011215701982775887,0.006097217981930081,-0.011479489220987071,0.6108550477203148
2013-02-19,72215,52756,4008,9418,64895,076651,PLATINUM - NEW YORK MERCANTILE EXCHANGE ,1696.4000244140625,0.7682198989129683,-55477,2.1165673323648804,48748,-1.8871254599019782,0.02097883277488461,0.055528151645409064,-0.011479489220987071,-0.04774817191362479,0.6127107996859803
2013-02-26,66162,45121,3717,10926,58346,076651,PLATINUM - NEW YORK MERCANTILE EXCHANGE ,1615.4000244140625,0.716725612889574,-47420,11.156961850031157,41404,-10.16963234785017,0.11630962004850445,0.16229165813505878,-0.04774817191362479,-0.019623667675556566,0.6123238520919666
2013-03-05,64689,43529,4371,12166,56726,076651,PLATINUM - NEW YORK MERCANTILE EXCHANGE ,1583.699951171875,0.688834268577347,-44560,4.322723013209999,39158,-3.3946978628215594,0.04151425419497184,0.04688935281837161,-0.019623667675556566,0.005872355316575817,0.6113546487984831
2013-03-12,65079,43580,5467,11419,55331,076651,PLATINUM - NEW YORK MERCANTILE EXCHANGE ,1593.0,0.6747491510318229,-43912,1.001715902239948,38113,-1.6154214781492988,0.03208988764044944,0.023385732052928824,0.005872355316575817,-0.02423099534584905,0.6100974409229025
2013-03-19,64670,42095,7832,12823,52169,076651,PLATINUM - NEW YORK MERCANTILE EXCHANGE ,1554.4000244140625,0.6084119375289934,-39346,7.016088139031024,34263,-5.915886845218888,0.07025480059084195,0.07711258437318486,-0.02423099534584905,0.007462670743530131,0.6076108829492545
2013-03-26,65542,44013,8520,14015,53905,076651,PLATINUM - NEW YORK MERCANTILE EXCHANGE ,1566.0,0.6086173751182448,-39890,-0.8411937528993351,35493,1.901963816298129,0.0431095406360424,0.049606913749452725,0.007462670743530131,0.0037037348838602213,0.6055697833742515
2013-04-02,63829,45573,8578,10901,52793,076651,PLATINUM - NEW YORK MERCANTILE EXCHANGE ,1571.800048828125,0.6563160945651663,-41892,-3.054529919746117,36995,2.291660309419914,0.06634847866361039,0.029879411275876715,0.0037037348838602213,-0.01259705319572113,0.6046949618566617
2013-04-09,64905,45210,11967,12679,49598,076651,PLATINUM - NEW YORK MERCANTILE EXCHANGE ,1552.0,0.5688159617903089,-36919,7.791129423929561,33243,-5.878205831205252,0.07985291520143874,0.06562079157703272,-0.01259705319572113,-0.06572164948453607,0.602635559010174
2013-04-16,61946,41910,12706,14104,45721,076651,PLATINUM - NEW YORK MERCANTILE EXCHANGE ,1450.0,0.5103961514867789,-31617,8.168862183190818,29204,-6.222941221785687,0.08862515670706227,0.07395268785703824,-0.06572164948453607,-0.022896518049568937,0.5992021092380079
2013-04-23,62976,43242,13593,14535,45352,076651,PLATINUM - NEW YORK MERCANTILE EXCHANGE ,1416.800048828125,0.48934514735772355,-30817,1.2914473896619638,29649,0.7183676104994673,0.013358491826272814,0.03904284331837776,-0.022896518049568937,0.0625352714091314,0.5968859485605211
2013-04-30,62692,43537,11693,14153,46980,076651,PLATINUM - NEW YORK MERCANTILE EXCHANGE ,1505.4000244140625,0.5236234288266446,-32827,-3.1916920731707314,31844,3.485454776422764,0.03287913238349173,0.039742893355060656,0.0625352714091314,-0.015743372431133107,0.5965937114034289
2013-05-07,63701,43623,12144,14741,47163,076651,PLATINUM - NEW YORK MERCANTILE EXCHANGE ,1481.699951171875,0.5089716017017001,-32422,0.6460154405665794,31479,-0.582211446436547,0.01245476867407599,0.00962935069126903,-0.015743372431133107,0.013633039014552928,0.597930979655427
2013-05-14,63509,44018,11320,14104,47667,076651,PLATINUM - NEW YORK MERCANTILE EXCHANGE ,1501.9000244140625,0.5284762789525894,-33563,-1.791180672202948,32698,1.9136277295489865,0.018471451004516682,0.02202826267664173,0.013633039014552928,-0.028963312665881813,0.5989086594628928
2013-05-21,63518,41903,13268,15946,45187,076651,PLATINUM - NEW YORK MERCANTILE EXCHANGE ,1458.4000244140625,0.46035769388204917,-29241,6.805334676974917,28635,-6.397518461950274,0.07069831351315983,0.07364376212140436,-0.028963312665881813,0.001508468962593934,0.599735743374343
2013-05-28,63619,41812,16950,16034,41526,076651,PLATINUM - NEW YORK MERCANTILE EXCHANGE ,1460.5999755859375,0.4006979047140005,-25492,5.902263925186562,24862,-5.9400484901917565,0.0651320361362057,0.06420816173717708,0.001508468962593934,0.02006028297814466,0.6003066091734
2013-06-04,61991,42245,15256,14019,41537,076651,PLATINUM - NEW YORK MERCANTILE EXCHANGE ,1489.9000244140625,0.4439031472310497,-27518,-3.18458322199343,26989,3.343340825853912,0.03646770825833393,0.03699066103198205,0.02006028297814466,-0.00731594350993392,0.6023780012392661
2013-06-11,62964,43187,13651,14535,45054,076651,PLATINUM - NEW YORK MERCANTILE EXCHANGE ,1479.0,0.4847055460263007,-30519,-4.841025310125664,29536,4.108660934651804,0.06768027656111027,0.0448115697244801,-0.00731594350993392,-0.02677483136304093,0.60530236857535
2013-06-18,62677,42769,17067,15038,40972,076651,PLATINUM - NEW YORK MERCANTILE EXCHANGE ,1439.4000244140625,0.413772197137706,-25934,7.281938885712471,25702,-6.089193825042882,0.08186038207462953,0.06407513871248079,-0.02677483136304093,-0.06210922807956365,0.6065828939239984
2013-06-25,63824,41015,19142,15630,37162,076651,PLATINUM - NEW YORK MERCANTILE EXCHANGE ,1350.0,0.33736525444973675,-21532,7.02330998611931,21873,-6.109099031542671,0.08338384603727837,0.06365011553102715,-0.06210922807956365,0.012074110243055491,0.6061564347713757
2013-07-02,61248,41654,20672,14969,36053,076651,PLATINUM - NEW YORK MERCANTILE EXCHANGE ,1366.300048828125,0.3442398119122257,-21084,0.7019303083479569,20982,-1.396026573075959,0.034690917643369526,0.03480088566569329,0.012074110243055491,0.000585469318030496,0.6046991444696193
2013-07-09,61593,41808,19555,15397,37209,076651,PLATINUM - NEW YORK MERCANTILE EXCHANGE ,1367.0999755859375,0.35413115126718947,-21812,-1.1886102403343783,22253,2.075169801462905,0.030110633768011253,0.02071280739207666,0.000585469318030496,0.04315704853605351,0.6034903317268528
2013-07-16,60670,41792,17915,14382,38126,076651,PLATINUM - NEW YORK MERCANTILE EXCHANGE ,1426.0999755859375,0.39136311191692763,-23744,-3.1367200818274807,23877,2.636663257188317,0.036794393235316525,0.02773544140553034,0.04315704853605351,0.011219409770641064,0.6022677550711432
2013-07-23,62923,41789,17438,16362,40776,076651,PLATINUM - NEW YORK MERCANTILE EXCHANGE ,1442.0999755859375,0.38799802933744415,-24414,-1.1043349266523819,24351,0.7812757540794462,0.08103188771045539,0.008104411839194962,0.011219409770641064,-0.0038138825969852297,0.6011866333187109
2013-07-30,63811,43755,15809,15079,43469,076651,PLATINUM - NEW YORK MERCANTILE EXCHANGE ,1436.5999755859375,0.44490761780884175,-28390,-6.318834130604071,27946,5.713332167887736,0.06791009086561454,0.06035524813645826,-0.0038138825969852297,-0.006752019585632207,0.601281303307625
2013-08-06,64066,43440,11914,15544,47460,076651,PLATINUM - NEW YORK MERCANTILE EXCHANGE ,1426.9000244140625,0.49817375831174104,-31916,-5.525693062324677,31526,5.610317970255911,0.07072566821154212,0.07605593091736822,-0.006752019585632207,0.05038897132515463,0.6031489907120254
2013-08-13,64953,42810,9135,15579,51033,076651,PLATINUM - NEW YORK MERCANTILE EXCHANGE ,1498.800048828125,0.5458408387603344,-35454,-5.522429994068617,33675,3.3543533231355163,0.05416441482015252,0.06562710559245356,0.05038897132515463,0.01721372158880352,0.6061178681683731
2013-08-20,65710,44095,8149,14699,52642,076651,PLATINUM - NEW YORK MERCANTILE EXCHANGE ,1524.5999755859375,0.5774311368132704,-37943,-3.8320016011577605,35946,3.4963743014179482,0.03696113808823748,0.04346910650026797,0.01721372158880352,0.004328988384904697,0.6093441481889594
2013-08-27,66996,44432,6701,15001,55644,076651,PLATINUM - NEW YORK MERCANTILE EXCHANGE ,1531.199951171875,0.606648158098991,-40643,-4.1089636280627,37731,2.716481509663674,0.04676905655035742,0.0349089629006708,0.004328988384904697,0.003983867457402646,0.613390203488195
2013-09-03,66585,44216,6432,14947,55550,076651,PLATINUM - NEW YORK MERCANTILE EXCHANGE ,1537.300048828125,0.6097919951941128,-40603,0.059705057018329455,37784,0.07910920054928652,0.0020993801154659065,0.009575896382877902,0.003983867457402646,-0.04169654304318349,0.6151481927360748
2013-09-10,63223,42979,6046,13765,52967,076651,PLATINUM - NEW YORK MERCANTILE EXCHANGE ,1473.199951171875,0.6200591556870126,-39202,2.104077494931291,36933,-1.2780656303972366,0.05641970868548822,0.033105558388577254,-0.04169654304318349,-0.034889970165192685,0.615533875103998
2013-09-17,61006,40094,7158,14744,48935,076651,PLATINUM - NEW YORK MERCANTILE EXCHANGE ,1421.800048828125,0.5604530701898174,-34191,7.925913037976685,32936,-6.322066336618002,0.0786915623674995,0.08458901210530771,-0.034889970165192685,-0.002461668223239122,0.6142238966793931
2013-09-24,59279,40900,7656,12788,47103,076651,PLATINUM - NEW YORK MERCANTILE EXCHANGE ,1418.300048828125,0.5788727880024966,-34315,-0.2032586958659804,33244,0.5048683736025965,0.06324823429229767,0.026855589422522447,-0.002461668223239122,-0.025805609811894836,0.6124155915194548
2013-10-01,59708,42351,11164,13073,44531,076651,PLATINUM - NEW YORK MERCANTILE EXCHANGE ,1381.699951171875,0.526864071816172,-31458,4.819581976753994,31187,-3.4700315457413247,0.04959725019095896,0.09266560777352144,-0.025805609811894836,0.01338930350566292,0.6087791998033839
2013-10-08,60888,42339,13955,14137,43739,076651,PLATINUM - NEW YORK MERCANTILE EXCHANGE ,1400.199951171875,0.4861713309683353,-29602,3.1084611777316273,28384,-4.694513298050512,0.03206856037044716,0.0497921625750524,0.01338930350566292,-0.01414078520802775,0.6037385905193925
2013-10-15,60716,41371,13437,15004,43222,076651,PLATINUM - NEW YORK MERCANTILE EXCHANGE ,1380.4000244140625,0.46475393635944395,-28218,2.2730258835895416,27934,-0.7390618841150965,0.02376945007385017,0.027112830243760034,-0.01414078520802775,0.04882644394524105,0.5978064221572247
2013-10-22,58993,40325,11113,13475,44115,076651,PLATINUM - NEW YORK MERCANTILE EXCHANGE ,1447.800048828125,0.519383655687963,-30640,-3.9890638381975094,29212,2.104881744515449,0.04205591248480639,0.06551576655390956,0.04882644394524105,0.007804894582617905,0.5924448033364297
2013-10-29,57827,39995,7908,12379,46175,076651,PLATINUM - NEW YORK MERCANTILE EXCHANGE ,1459.0999755859375,0.5844328773756203,-33796,-5.349787262895598,32087,4.873459562999,0.05389896505789528,0.07379496064964616,0.007804894582617905,-0.0078130522958062,0.5881502668388758
2013-11-05,58319,41078,5989,11505,48627,076651,PLATINUM - NEW YORK MERCANTILE EXCHANGE ,1447.699951171875,0.6365335482432827,-37122,-5.751638507963408,35089,5.191346602798001,0.055311647708374906,0.06378141797862621,-0.0078130522958062,-0.006838366151588504,0.5853786203822632
2013-11-12,59048,42455,6198,10868,48959,076651,PLATINUM - NEW YORK MERCANTILE EXCHANGE ,1437.800048828125,0.6450853542880368,-38091,-1.6615511239904661,36257,2.002777825408529,0.01619670048640246,0.03259819538363513,-0.006838366151588504,-0.013701538860180218,0.5835196209667521
2013-11-19,58571,41512,8926,11356,45336,076651,PLATINUM - NEW YORK MERCANTILE EXCHANGE ,1418.0999755859375,0.5801505864677059,-33980,6.9621325023709515,32586,-6.216976019509551,0.07251464051365272,0.07278242594868949,-0.013701538860180218,-0.03363652210216428,0.5809827709679917
2013-11-26,61034,41072,14353,13586,41820,076651,PLATINUM - NEW YORK MERCANTILE EXCHANGE ,1370.4000244140625,0.46259461939246976,-28234,9.810315685236722,26719,-10.016902562701677,0.10370717972782731,0.10585475868290482,-0.03363652210216428,-0.011310566056525917,0.576559120535693
2013-12-03,61351,41375,17938,14235,38478,076651,PLATINUM - NEW YORK MERCANTILE EXCHANGE ,1354.9000244140625,0.3951524832521067,-24243,6.538978274404431,23437,-5.377330668152178,0.07571187373133761,0.065550553841485,-0.011310566056525917,0.024282252432824558,0.5711140515388753
2013-12-10,62152,41918,18297,14142,39225,076651,PLATINUM - NEW YORK MERCANTILE EXCHANGE ,1387.800048828125,0.403575106191273,-25083,-1.3691708366611792,23621,0.2999136118400678,0.01574006408454663,0.014979656231835921,0.024282252432824558,-0.031776982349502436,0.5652185371949471
2013-12-17,64211,42839,19383,15715,40617,076651,PLATINUM - NEW YORK MERCANTILE EXCHANGE ,1343.699951171875,0.3878151718552896,-24902,0.2912215214313296,23456,-0.2654781825202729,0.05263438187886104,0.032255472340972646,-0.031776982349502436,-0.005432705978329455,0.5587473955415306
2013-12-24,64199,41667,20512,16591,38876,076651,PLATINUM - NEW YORK MERCANTILE EXCHANGE ,1336.4000244140625,0.347123786974875,-22285,4.075625671613898,21155,-3.583498154521811,0.04718120684370887,0.03700606314028852,-0.005432705978329455,0.025965242844925074,0.5512748780838718
2013-12-31,62037,41185,18338,14969,39205,076651,PLATINUM - NEW YORK MERCANTILE EXCHANGE ,1371.0999755859375,0.3906700839821397,-24236,-3.038988146232807,22847,2.635555070951261,0.03601358585299221,0.04462140685113317,0.025965242844925074,0.030340585170063772,0.5442820261802435
2014-01-07,59561,39961,12766,13322,42641,076651,PLATINUM - NEW YORK MERCANTILE EXCHANGE ,1412.699951171875,0.49225164117459413,-29319,-8.19349742895369,27195,7.008720602221255,0.09082786841305862,0.12889032184649232,0.030340585170063772,0.01359104828046509,0.54090104150996
2014-01-14,58636,40851,8471,11670,47213,076651,PLATINUM - NEW YORK MERCANTILE EXCHANGE ,1431.9000244140625,0.6061634490756532,-35543,-10.449790970601567,32380,8.705360890515605,0.10570113615135099,0.1051255018044686,0.01359104828046509,0.014037275817606387,0.5380746165646195
2014-01-21,60358,42557,7560,10885,49504,076651,PLATINUM - NEW YORK MERCANTILE EXCHANGE ,1452.0,0.639832333742006,-38619,-5.245924005730268,34997,4.463128453509789,0.05093642881981818,0.052217810323842206,0.014037275817606387,-0.03050967550146355,0.5352406125338112
2014-01-28,60923,43110,6221,11420,51144,076651,PLATINUM - NEW YORK MERCANTILE EXCHANGE ,1407.699951171875,0.6520361768133546,-39724,-1.8307432320487755,36889,3.1346300407568175,0.034764401253116806,0.038353165352415314,-0.03050967550146355,-0.025502524393685055,0.5324246677025527
2014-02-04,61388,41751,8435,12751,48707,076651,PLATINUM - NEW YORK MERCANTILE EXCHANGE ,1371.800048828125,0.5857170782563368,-35956,6.184856294010472,33316,-5.864780132298146,0.06131016303817241,0.0711951540270195,-0.025502524393685055,0.010497085457936262,0.5287090100441698
2014-02-11,63300,43186,10788,12703,47858,076651,PLATINUM - NEW YORK MERCANTILE EXCHANGE ,1386.199951171875,0.5553712480252765,-35155,1.3048152733433245,32398,-1.4954062683260572,0.014811512359439243,0.0701819394523289,0.010497085457936262,0.026475309865046315,0.5244979579889046
2014-02-18,63376,43167,9709,12468,49104,076651,PLATINUM - NEW YORK MERCANTILE EXCHANGE ,1422.9000244140625,0.5780737187578894,-36636,-2.339652448657188,33458,1.6745655608214849,0.024053141038134218,0.020765564717452153,0.026475309865046315,0.01321240173957694,0.5208413006782302
2014-02-25,64653,44577,9501,12411,50834,076651,PLATINUM - NEW YORK MERCANTILE EXCHANGE ,1441.699951171875,0.5942957016689094,-38423,-2.8196793738954806,35076,2.553016914920475,0.0282551980393707,0.029919745552720145,0.01321240173957694,0.015121072044432582,0.5184868793086019
2014-03-04,66158,46946,7299,12537,55268,076651,PLATINUM - NEW YORK MERCANTILE EXCHANGE ,1463.5,0.6458931648477886,-42731,-6.663263885666558,39647,7.070050887043138,0.06725167760489639,0.08426583095216149,0.015121072044432582,0.0003416467372736598,0.5176610888522644
2014-03-11,69748,50564,5844,12026,60864,076651,PLATINUM - NEW YORK MERCANTILE EXCHANGE ,1464.0,0.7002064575328325,-48838,-9.230932011245805,44720,7.668006892590465,0.08378378378378379,0.08993405190753084,0.0003416467372736598,-0.0019126016585553351,0.5181506524388222
2014-03-18,71251,52090,7257,12076,60777,076651,PLATINUM - NEW YORK MERCANTILE EXCHANGE ,1461.199951171875,0.6835132138496302,-48701,0.19642140276423697,44833,0.1620118139588232,0.0018804990872029977,0.049522301043018184,-0.0019126016585553351,-0.027922206488640522,0.5195949077526806
2014-03-25,69810,50720,6326,12721,60627,076651,PLATINUM - NEW YORK MERCANTILE EXCHANGE ,1420.4000244140625,0.6862340638876951,-47906,1.1157738137008604,44394,-0.6161317034146889,0.010838741342640562,0.04033586929846089,-0.027922206488640522,0.005350588183123062,0.5210875363828623
2014-04-01,66562,49474,8626,12044,54917,076651,PLATINUM - NEW YORK MERCANTILE EXCHANGE ,1428.0,0.6441062468074877,-42873,7.209568829680562,40848,-5.0795015040825096,0.09538388016905362,0.06103270223752152,0.005350588183123062,0.008263339515493628,0.5208527316182916
2014-04-08,66928,50572,7312,11006,56785,076651,PLATINUM - NEW YORK MERCANTILE EXCHANGE ,1439.800048828125,0.6840037054745398,-45779,-4.365854391394489,43260,3.6236891920314895,0.04286704724815978,0.04166954598852878,0.008263339515493628,0.00298647493539983,0.523067880535296
2014-04-15,67064,51034,6787,10592,57463,076651,PLATINUM - NEW YORK MERCANTILE EXCHANGE ,1444.0999755859375,0.6988995586305619,-46871,-1.6316041118814246,44247,1.4747191011235954,0.016045845272206302,0.017069922692447382,0.00298647493539983,-0.030815041030621382,0.5266929460572918
2014-04-22,63645,47861,5510,10070,54668,076651,PLATINUM - NEW YORK MERCANTILE EXCHANGE ,1399.5999755859375,0.7007306151308037,-44598,3.389299773350829,42351,-2.8271501848980076,0.05123729494269208,0.08337861385396564,-0.030815041030621382,0.021791940934573928,0.5307580512067742
2014-04-29,63427,47024,6881,10982,52961,076651,PLATINUM - NEW YORK MERCANTILE EXCHANGE ,1430.0999755859375,0.6618474782032888,-41979,4.115012962526515,40143,-3.469243459816168,0.04095835353361588,0.04096094981912624,0.021791940934573928,0.01887979893778935,0.5334162060024789
2014-05-06,64939,49285,6478,10585,55430,076651,PLATINUM - NEW YORK MERCANTILE EXCHANGE ,1457.0999755859375,0.6905711513882259,-44845,-4.518580415280559,42807,4.200104056632034,0.04341437552071499,0.04777361332783387,0.01887979893778935,-0.0016471240507003326,0.536908505034912
2014-05-13,67432,51861,5656,10275,57912,076651,PLATINUM - NEW YORK MERCANTILE EXCHANGE ,1454.699951171875,0.7064450112706133,-47637,-4.299419455181016,46205,5.232602904264001,0.04094622142050537,0.0590781855799155,-0.0016471240507003326,0.00921153836794164,0.5403309806564125
2014-05-20,70109,53957,7132,10483,60208,076651,PLATINUM - NEW YORK MERCANTILE EXCHANGE ,1468.0999755859375,0.7092527350268867,-49725,-3.096452722742911,46825,0.9194447739945426,0.03542176514690696,0.058472065347280194,0.00921153836794164,-0.002315935202373054,0.5451174237553517
2014-05-27,70304,52924,7237,11216,59874,076651,PLATINUM - NEW YORK MERCANTILE EXCHANGE ,1464.699951171875,0.6921085571233501,-48658,1.5219158738535707,45687,-1.6231867520575105,0.015009143339428894,0.018915908977576834,-0.002315935202373054,-0.019935790363420636,0.5507214747632238
2014-06-03,69875,52226,6420,11399,60232,076651,PLATINUM - NEW YORK MERCANTILE EXCHANGE ,1435.5,0.6988622540250448,-48833,-0.24891898042785618,45806,0.16926490669094219,0.007552595943097262,0.025832963885004945,-0.019935790363420636,0.033925427496952265,0.5556245345092622
2014-06-10,69756,50854,8810,12955,57562,076651,PLATINUM - NEW YORK MERCANTILE EXCHANGE ,1484.199951171875,0.6394718733872355,-44607,6.047942754919499,42044,-5.383899821109123,0.059928811492264276,0.06305309734513274,0.033925427496952265,-0.026344142886587152,0.5586008100354339
2014-06-17,67854,48502,7224,13662,57382,076651,PLATINUM - NEW YORK MERCANTILE EXCHANGE ,1445.0999755859375,0.6443245792436703,-43720,1.2715752050002866,41278,-1.0981134239348587,0.012485220426777771,0.07066719305171733,-0.026344142886587152,0.019929450774814006,0.5630345096913179
2014-06-24,65525,48282,4847,11626,57977,076651,PLATINUM - NEW YORK MERCANTILE EXCHANGE ,1473.9000244140625,0.7073788630293781,-46351,-3.877442744716597,43435,3.178884074630825,0.03780009482349899,0.048881025428673605,0.019929450774814006,0.02686747739330575,0.5701501560101572
2014-07-01,69466,53078,6824,10148,60124,076651,PLATINUM - NEW YORK MERCANTILE EXCHANGE ,1513.5,0.7194310885901016,-49976,-5.532239603204884,46254,4.302174742464708,0.05158526867030965,0.1130680110847718,0.02686747739330575,-0.011959019217665956,0.5773653728693471
2014-07-08,72928,55887,5735,10698,64767,076651,PLATINUM - NEW YORK MERCANTILE EXCHANGE ,1495.4000244140625,0.7414024791575252,-54069,-5.892091094924135,50152,5.611378228197967,0.0688133571854502,0.06325662912596151,-0.011959019217665956,-0.007422746693003912,0.5848128984056997
2014-07-15,72433,56238,7588,10176,62836,076651,PLATINUM - NEW YORK MERCANTILE EXCHANGE ,1484.300048828125,0.7270166912871205,-52660,1.9320425625274245,48650,-2.059565598946907,0.03359721689585274,0.03453138219534359,-0.007422746693003912,0.002223220810656068,0.5912677749320495
2014-07-22,70716,55037,7027,9846,61642,076651,PLATINUM - NEW YORK MERCANTILE EXCHANGE ,1487.5999755859375,0.7324509304824933,-51796,1.1928264741209118,48010,-0.8835751660154902,0.02131826320501343,0.028390048981696312,0.002223220810656068,-0.0029578008108862575,0.5978918691848389
2014-07-29,69593,53827,6234,10199,61068,076651,PLATINUM - NEW YORK MERCANTILE EXCHANGE ,1483.199951171875,0.7309499518629747,-50869,1.3108773120651622,47593,-0.5896826743594095,0.013007422790351776,0.03334942808145053,-0.0029578008108862575,-0.017394773197927926,0.6033926833012646
2014-08-05,66836,51745,5252,9689,58580,076651,PLATINUM - NEW YORK MERCANTILE EXCHANGE ,1457.4000244140625,0.7315069722903824,-48891,2.842239880447746,46493,-1.5806187403905565,0.04391451464061287,0.053757215292032916,-0.017394773197927926,0.01084117366072146,0.6078798604931616
2014-08-12,64763,51026,4092,8527,58339,076651,PLATINUM - NEW YORK MERCANTILE EXCHANGE ,1473.199951171875,0.7691428747896175,-49812,-1.3779998803040279,46934,0.6598240469208211,0.020982263033529746,0.034090496752422074,0.01084117366072146,-0.024232929917949675,0.6121741304168016
2014-08-19,63846,49615,4022,9109,56687,076651,PLATINUM - NEW YORK MERCANTILE EXCHANGE ,1437.5,0.7451993860226169,-47578,3.449500486388833,45593,-2.0706267467535477,0.0339534318195635,0.027611536812275107,-0.024232929917949675,-0.011060886548913018,0.6154004429015968
2014-08-26,63225,48593,8021,9771,51761,076651,PLATINUM - NEW YORK MERCANTILE EXCHANGE ,1421.5999755859375,0.6641360221431396,-41990,8.752310246530715,40572,-7.864235817435706,0.09081453552623026,0.08868831031193698,-0.011060886548913018,-0.007878412608482765,0.6165059787485997
2014-09-02,65015,50640,10093,9240,50703,076651,PLATINUM - NEW YORK MERCANTILE EXCHANGE ,1410.4000244140625,0.6377451357379066,-41463,0.8335310399367338,40547,-0.039541320680110716,0.026508516423936073,0.06782144797721174,-0.007878412608482765,-0.01637831479443863,0.6170435391436725
2014-09-09,66449,49540,11916,11574,50082,076651,PLATINUM - NEW YORK MERCANTILE EXCHANGE ,1387.300048828125,0.5795121070294511,-38508,4.545104975774821,37624,-4.495885564869646,0.04792720903075127,0.047562483728195784,-0.01637831479443863,-0.013335255062974505,0.6162637882079502
2014-09-16,64542,46415,13099,12774,46471,076651,PLATINUM - NEW YORK MERCANTILE EXCHANGE ,1368.800048828125,0.5220941402497599,-33697,7.240139054011347,33316,-6.48316754202471,0.0812051649928264,0.07238632926706322,-0.013335255062974505,-0.02527768587228818,0.6155261164783337
2014-09-23,64712,43553,15712,14799,42872,076651,PLATINUM - NEW YORK MERCANTILE EXCHANGE ,1334.199951171875,0.4338144393620967,-28073,8.713705803972607,27841,-8.482848377800503,0.0975186835671308,0.0923816755251835,-0.02527768587228818,-0.02675757193703876,0.6127365328506337
2014-09-30,59192,41052,17385,13402,37188,076651,PLATINUM - NEW YORK MERCANTILE EXCHANGE ,1298.5,0.40184484389782404,-23786,6.624737297564594,23667,-6.450117443441711,0.13996837319628386,0.07142734911100844,-0.02675757193703876,-0.028802483183721583,0.6103323169291269
2014-10-07,59560,40484,16105,13924,38758,076651,PLATINUM - NEW YORK MERCANTILE EXCHANGE ,1261.0999755859375,0.4169576897246474,-24834,-1.770509528314637,24379,1.2028652520610894,0.039709957860369766,0.03265652335259503,-0.028802483183721583,0.008881193766563822,0.6090012853667484
2014-10-14,58569,40324,15777,13626,38040,076651,PLATINUM - NEW YORK MERCANTILE EXCHANGE ,1272.300048828125,0.4168416739230651,-24414,0.7051712558764271,24547,0.28206850235057085,0.019664769867998297,0.00869859717295592,0.008881193766563822,0.008960073808257807,0.6080798957045104
2014-10-21,59865,40534,18038,14414,37453,076651,PLATINUM - NEW YORK MERCANTILE EXCHANGE ,1283.699951171875,0.3848492441326318,-23039,2.3476583175399957,22496,-3.5018525158360223,0.02651011240287659,0.042187393293723965,0.008960073808257807,-0.012931351731207519,0.6054926954822925
2014-10-28,60695,39900,18950,15040,37794,076651,PLATINUM - NEW YORK MERCANTILE EXCHANGE ,1267.0999755859375,0.3748908476810281,-22754,0.476071160110248,20950,-2.5824772404576963,0.018302608168982094,0.02627017841971113,-0.012931351731207519,-0.03275195391019514,0.6014630410650887
2014-11-04,60012,40325,19005,14488,36396,076651,PLATINUM - NEW YORK MERCANTILE EXCHANGE ,1225.5999755859375,0.3650603212690795,-21908,1.3938545184941098,21320,0.609605404069528,0.03832245892618505,0.008090342154053598,-0.03275195391019514,-0.015013075049439162,0.5962424020848156
2014-11-11,60167,40883,18750,13806,37354,076651,PLATINUM - NEW YORK MERCANTILE EXCHANGE ,1207.199951171875,0.39137733308956735,-23548,-2.7327867759781377,22133,1.3547290541891621,0.03205629397967162,0.01363339090771888,-0.015013075049439162,-0.001739542470904687,0.5913634016771527
2014-11-18,62442,41044,20747,14903,37573,076651,PLATINUM - NEW YORK MERCANTILE EXCHANGE ,1205.0999755859375,0.36305691681880786,-22670,1.45927169378563,20297,-3.0515066398524104,0.025078130955103285,0.03492417989674872,-0.001739542470904687,0.0153514234294172,0.5871885234146739
2014-11-25,64042,42587,20265,14896,39730,076651,PLATINUM - NEW YORK MERCANTILE EXCHANGE ,1223.5999755859375,0.38777677149370726,-24834,-3.4656160917331285,22322,3.2430095128279044,0.03961483542635375,0.03221854515369439,0.0153514234294172,-0.005720823912772621,0.58574971864739
2014-12-02,63522,42586,16760,14152,42778,076651,PLATINUM - NEW YORK MERCANTILE EXCHANGE ,1216.5999755859375,0.450647019930103,-28626,-5.921114268761126,25826,5.471409387589395,0.06660811522922888,0.05907727563778519,-0.005720823912772621,0.024412357256446082,0.586816921275813
2014-12-09,65138,42898,15495,14569,46096,076651,PLATINUM - NEW YORK MERCANTILE EXCHANGE ,1246.300048828125,0.48400319322054713,-31527,-4.566921696420137,27403,2.4826044520008814,0.0615676254842166,0.027006661757402427,0.024412357256446082,-0.04035950161072477,0.5883636152571452
2014-12-16,66810,43395,16654,14531,45271,076651,PLATINUM - NEW YORK MERCANTILE EXCHANGE ,1196.0,0.46011076186199673,-30740,1.2082041204826677,26741,-1.0163038472166783,0.014430955486438581,0.027577478392646005,-0.04035950161072477,-0.003929725060096145,0.5897539150649665
2014-12-23,66799,43202,16911,15466,45416,076651,PLATINUM - NEW YORK MERCANTILE EXCHANGE ,1191.300048828125,0.4483600053893022,-29950,1.1824577159107916,26291,-0.673551863493489,0.017739233270917514,0.007485901552076922,-0.003929725060096145,0.022496370065774318,0.5917007654190901
2014-12-30,64175,43697,16553,13298,44177,076651,PLATINUM - NEW YORK MERCANTILE EXCHANGE ,1218.0999755859375,0.4811686793922867,-30879,-1.3907393823260827,27144,1.2769652240303,0.05927794693344932,0.014157676348547718,0.022496370065774318,0.0022166269569858787,0.5934411230231315
2015-01-06,66275,45565,18265,13156,44335,076651,PLATINUM - NEW YORK MERCANTILE EXCHANGE,1220.800048828125,0.4704488872123727,-31179,-0.46747175691468645,27300,0.24308531359563693,0.005218208067349672,0.05608647971173429,0.0022166269569858787,0.02178896995578561,0.5930218392930887
2015-01-13,66358,46360,17828,12817,45480,076651,PLATINUM - NEW YORK MERCANTILE EXCHANGE,1247.4000244140625,0.4922239971066036,-32663,-2.239155035835534,28532,1.8589211618257262,0.025455855361339347,0.019193618744936747,0.02178896995578561,0.03174601155274037,0.5908306959859916
2015-01-20,67945,49136,16064,11601,49221,076651,PLATINUM - NEW YORK MERCANTILE EXCHANGE,1287.0,0.5536831260578409,-37620,-7.4700865004973025,33072,6.841676964344917,0.08150011508993456,0.0696319018404908,0.03174601155274037,-0.016083878144425023,0.5891739804536038
2015-01-27,65908,47515,12672,11734,50419,076651,PLATINUM - NEW YORK MERCANTILE EXCHANGE,1266.300048828125,0.5869545426958791,-38685,-1.56744425638384,34843,2.606519979395099,0.021414895499814974,0.08329041155066709,-0.016083878144425023,-0.02298041264641837,0.5879224105667292
2015-02-03,64831,46193,13797,12476,47804,076651,PLATINUM - NEW YORK MERCANTILE EXCHANGE,1237.199951171875,0.5449244959972852,-35328,5.0934636159495055,32396,-3.7127511076045394,0.05569011280690113,0.04079013168861477,-0.02298041264641837,-0.022550843392228792,0.5871379378309782
2015-02-10,64849,45418,16091,13309,45432,076651,PLATINUM - NEW YORK MERCANTILE EXCHANGE,1209.300048828125,0.4953507378679702,-32123,4.943622649658343,29327,-4.733846462340547,0.054561549854445786,0.04989513729698093,-0.022550843392228792,-0.0242289321467557,0.5859836972510301
2015-02-17,67715,46690,19530,14284,44406,076651,PLATINUM - NEW YORK MERCANTILE EXCHANGE,1180.0,0.44483497009525214,-30122,3.085629693595892,27160,-3.3416089685268857,0.03409439427500426,0.0711416490486258,-0.0242289321467557,-0.011355952893273291,0.5834214136229025
2015-02-24,69019,47127,22945,14693,41417,076651,PLATINUM - NEW YORK MERCANTILE EXCHANGE,1166.5999755859375,0.38719772816181053,-26724,5.01809052647124,24182,-4.397843904600163,0.060559615041882016,0.054972028770407584,-0.011355952893273291,0.020658302837553988,0.5794387602862274
2015-03-03,68794,47907,24366,13245,39763,076651,PLATINUM - NEW YORK MERCANTILE EXCHANGE,1190.699951171875,0.38546966305201036,-26518,0.2984685376490531,23541,-0.9287297700633159,0.058519468759432536,0.030453973129661145,0.020658302837553988,-0.05055845606832088,0.574430616020924
2015-03-10,69341,48560,26542,13071,37393,076651,PLATINUM - NEW YORK MERCANTILE EXCHANGE,1130.5,0.3507592910399331,-24322,3.1921388493182548,22018,-2.2138558595226328,0.050412175015852885,0.037668770472157866,-0.05055845606832088,-0.031667446995245485,0.5677104782037529
2015-03-17,72020,50983,30049,13788,36444,076651,PLATINUM - NEW YORK MERCANTILE EXCHANGE,1094.699951171875,0.31457928353235215,-22656,2.402618941174774,20934,-1.563288674809997,0.033166109253065776,0.07318096554447626,-0.031667446995245485,0.04366497758308574,0.5606155949284206
2015-03-24,72949,51655,29495,13989,38221,076651,PLATINUM - NEW YORK MERCANTILE EXCHANGE,1142.5,0.33217727453426366,-24232,-2.188281033046376,22160,1.7023049153013052,0.03788546255506608,0.015107825015403574,0.04366497758308574,8.750598331519477e-05,0.5538068105177777
2015-03-31,68848,51053,26280,12081,38365,076651,PLATINUM - NEW YORK MERCANTILE EXCHANGE,1142.5999755859375,0.3817685335812224,-26284,-2.8129240976572674,24773,3.5819545161688304,0.04067715973516235,0.04935797137056625,8.750598331519477e-05,0.02686861009816166,0.5487618544941957
2015-04-07,68260,50419,22025,11835,42196,076651,PLATINUM - NEW YORK MERCANTILE EXCHANGE,1173.300048828125,0.44478464693817754,-30361,-5.921740646060888,28394,5.259412038112944,0.07545668227499028,0.06748661034730274,0.02686861009816166,-0.01670510256590063,0.544161487983881
2015-04-14,68699,50393,21026,12594,43707,076651,PLATINUM - NEW YORK MERCANTILE EXCHANGE,1153.699951171875,0.45288868833607476,-31113,-1.1016700849692351,29367,1.42543217111046,0.04031899966252819,0.014351923157703133,-0.01670510256590063,-0.0016467906944264143,0.5394305097089871
2015-04-21,68668,50733,23354,12050,41282,076651,PLATINUM - NEW YORK MERCANTILE EXCHANGE,1151.800048828125,0.42570047183549836,-29232,2.7380311212681407,27379,-2.8937830244981733,0.05567014175354384,0.03601171595556575,-0.0016467906944264143,0.004948733226460833,0.5341414684917696
2015-04-28,70799,51324,26089,13100,40554,076651,PLATINUM - NEW YORK MERCANTILE EXCHANGE,1157.5,0.38777383861353976,-27454,2.589270111259976,25235,-3.1222694704957186,0.03313825623439073,0.04296435999121594,0.004948733226460833,-0.008120971416036737,0.5288708215765822
2015-05-05,70063,50930,25614,13072,40524,076651,PLATINUM - NEW YORK MERCANTILE EXCHANGE,1148.0999755859375,0.3918187916589355,-27452,0.0028248986567606885,25316,0.1144083955988079,0.001082170311217255,0.011352947324414716,-0.008120971416036737,-0.013674724767642754,0.5231255838894804
2015-05-12,71688,52853,27770,12822,39996,076651,PLATINUM - NEW YORK MERCANTILE EXCHANGE,1132.4000244140625,0.3790592567793773,-27174,0.39678574996788607,25083,-0.33255784080042244,0.014729826952932712,0.05059350309465041,-0.013674724767642754,0.015365616424342532,0.5168297039954182
2015-05-19,70841,53101,23442,11674,43523,076651,PLATINUM - NEW YORK MERCANTILE EXCHANGE,1149.800048828125,0.44958428028966274,-31849,-6.521314585425733,29659,6.383216158910836,0.08469663206333677,0.05978338972864926,0.015365616424342532,-0.022960535130407522,0.5118360798658561
2015-05-26,72424,53503,24327,12286,43815,076651,PLATINUM - NEW YORK MERCANTILE EXCHANGE,1123.4000244140625,0.43533911410582127,-31529,0.45171581428833585,29176,-0.6818085571914569,0.016113794763016703,0.01653604008736991,-0.022960535130407522,-0.009880697298121355,0.5068982059616729
2015-06-02,76650,55445,30528,14438,41011,076651,PLATINUM - NEW YORK MERCANTILE EXCHANGE,1112.300048828125,0.34667971298108285,-26573,6.843035457859273,24917,-5.880647299237822,0.08937942974625332,0.09471578286206135,-0.009880697298121355,-0.004045670954290648,0.5001254647877506
2015-06-09,77304,56068,33019,14368,38975,076651,PLATINUM - NEW YORK MERCANTILE EXCHANGE,1107.800048828125,0.31831470557797786,-24607,2.564905414220483,23049,-2.4370515329419438,0.03948034418761599,0.03495459494651296,-0.004045670954290648,-0.025546170410501334,0.49394936540680334
2015-06-16,82478,59094,35778,15394,40921,076651,PLATINUM - NEW YORK MERCANTILE EXCHANGE,1079.5,0.3095007153422731,-25527,-1.1901065921556453,23316,0.34538963054951877,0.05277457160614401,0.060976895185091494,-0.025546170410501334,-0.01139420919696621,0.487510444947161
2015-06-23,84121,57276,37794,18320,40303,076651,PLATINUM - NEW YORK MERCANTILE EXCHANGE,1067.199951171875,0.26132594714756124,-21983,4.2969034166686875,19482,-4.648512330560877,0.06045408798594408,0.04032817923635216,-0.01139420919696621,0.010682182286032127,0.47893250425712613
2015-06-30,77670,56014,34719,14628,38526,076651,PLATINUM - NEW YORK MERCANTILE EXCHANGE,1078.5999755859375,0.30768636539204325,-23898,-2.2764826856551874,21295,2.15522877759418,0.10288971667231064,0.04779958780157165,0.010682182286032127,-0.034767291719646654,0.4710143365033173
2015-07-07,78321,56446,34929,15097,38404,076651,PLATINUM - NEW YORK MERCANTILE EXCHANGE,1041.0999755859375,0.2975830237101161,-23307,0.7609115488605639,21517,0.2858246427191966,0.011046522494906638,0.007025991792065664,-0.034767291719646654,-0.01267885071695063,0.46247934697548254
2015-07-14,79889,56809,36383,16404,38735,076651,PLATINUM - NEW YORK MERCANTILE EXCHANGE,1027.9000244140625,0.27952534141120805,-22331,1.2461536497235737,20426,-1.3929852785332157,0.029706741145106005,0.019497381749506396,-0.01267885071695063,-0.0407627428921864,0.45387374409325343
2015-07-21,80783,57445,37306,16489,38374,076651,PLATINUM - NEW YORK MERCANTILE EXCHANGE,986.0,0.27091095898889617,-21885,0.558274606015847,20139,-0.35924845723441273,0.008129340356888977,0.016453652204198373,-0.0407627428921864,0.0018255454289743955,0.44499797541068425
2015-07-28,79079,56320,37237,16023,36632,076651,PLATINUM - NEW YORK MERCANTILE EXCHANGE,987.7999877929688,0.2606128049166024,-20609,1.5795402498050333,19083,-1.3072057239765793,0.041933339663849586,0.012762273266564768,0.0018255454289743955,-0.03016803822760772,0.4359530302771002
2015-08-04,79763,55786,37240,16522,36977,076651,PLATINUM - NEW YORK MERCANTILE EXCHANGE,958.0,0.2564472249037774,-20455,0.19474196689386564,18546,-0.6790677676753626,0.01577599581300585,0.005772579708898587,-0.03016803822760772,0.03486432611071222,0.4268172659042809
2015-08-11,78884,55015,35472,16239,38274,076651,PLATINUM - NEW YORK MERCANTILE EXCHANGE,991.4000244140624,0.27933421226104155,-22035,-1.9808683224051251,19543,1.249952985720196,0.028983912094362813,0.028059279233481053,0.03486432611071222,0.0015130118651009994,0.41739786854796207
2015-08-18,78564,55833,33754,15840,40007,076651,PLATINUM - NEW YORK MERCANTILE EXCHANGE,992.9000244140624,0.3076090830405784,-24167,-2.7027027027027026,22079,3.214847117286142,0.03817573011979157,0.028307678569435297,0.0015130118651009994,-0.01692018170514087,0.40898267041369213
2015-08-25,74149,51798,28507,15671,40556,076651,PLATINUM - NEW YORK MERCANTILE EXCHANGE,976.0999755859376,0.33560803247515136,-24885,-0.9139045873428033,23291,1.5426913089964869,0.012769665818912621,0.11558433472386527,-0.01692018170514087,0.03227128448711514,0.40266482445853846
2015-09-01,69973,49080,24497,13900,40000,076651,PLATINUM - NEW YORK MERCANTILE EXCHANGE,1007.5999755859376,0.37300101467708974,-26100,-1.6385925636218965,24583,1.7424375244440249,0.04317254174397032,0.09144161898419342,0.03227128448711514,-0.005458515416102205,0.397573591361215
2015-09-08,70035,49031,23665,13751,40808,076651,PLATINUM - NEW YORK MERCANTILE EXCHANGE,1002.0999755859376,0.38633540372670805,-27057,-1.367670387149329,25366,1.1190030440312693,0.017540644073388442,0.012118961153295917,-0.005458515416102205,-0.0437082016366267,0.39385865475923926
2015-09-15,73784,50833,27801,15047,39098,076651,PLATINUM - NEW YORK MERCANTILE EXCHANGE,958.2999877929688,0.3259649788572048,-24051,4.292139644463482,23032,-3.332619404583423,0.05551759165204544,0.07551440852557417,-0.0437082016366267,-0.021600764343850942,0.39008694011707473
2015-09-22,79193,54537,31695,15605,40240,076651,PLATINUM - NEW YORK MERCANTILE EXCHANGE,937.5999755859376,0.31107547384238504,-24635,-0.7914995120893418,22842,-0.25750840290577903,0.030441400304414,0.08811114203543928,-0.021600764343850942,-0.02186433504031271,0.3877265753955418
2015-09-29,75469,52667,32771,15177,36688,076651,PLATINUM - NEW YORK MERCANTILE EXCHANGE,917.0999755859376,0.28503093985609984,-21511,3.944793100400288,19896,-3.7200257598525117,0.07673768437289116,0.03448114422154076,-0.02186433504031271,0.017337285832881966,0.3854801541639702
2015-10-06,74919,51401,31210,15430,38077,076651,PLATINUM - NEW YORK MERCANTILE EXCHANGE,933.0,0.3022864693869379,-22647,-1.5052538128238084,20191,0.3908889742808306,0.03068757358850244,0.03422062437205699,0.017337285832881966,0.06270096463022501,0.38327493838824506
2015-10-13,71682,51130,24758,13100,41881,076651,PLATINUM - NEW YORK MERCANTILE EXCHANGE,991.5,0.4015094444909461,-28781,-8.18750917657737,26372,8.250243596417464,0.11156581364471363,0.0885910815939279,0.06270096463022501,0.02763492124464184,0.38298008782224274
2015-10-20,70469,50312,20493,12843,45061,076651,PLATINUM - NEW YORK MERCANTILE EXCHANGE,1018.9000244140624,0.45719394343612085,-32218,-4.794788091850116,29819,4.8087385954632955,0.0593568665377176,0.07178871548619448,0.02763492124464184,-0.029934242093614283,0.38437133203961754
2015-10-27,71052,51736,18220,11876,47934,076651,PLATINUM - NEW YORK MERCANTILE EXCHANGE,988.4000244140624,0.5074874739627315,-36058,-5.449204614795159,33516,5.246278505442109,0.06420331048319679,0.05284750414546286,-0.029934242093614283,-0.0275192346571983,0.3869212671604195
2015-11-03,70053,51302,16039,11645,48615,076651,PLATINUM - NEW YORK MERCANTILE EXCHANGE,961.2000122070312,0.5277432800879335,-36970,-1.2835669650396893,35263,2.4587625964082647,0.015134417524062397,0.038832212173861395,-0.0275192346571983,-0.06419060697404755,0.39004978559924364
2015-11-10,71115,49986,20108,13063,45673,076651,PLATINUM - NEW YORK MERCANTILE EXCHANGE,899.5,0.4585530478801941,-32610,6.223859078126561,29878,-7.687036957732003,0.07423045491691638,0.07682540588352783,-0.06419060697404755,-0.04991664748645086,0.3913416262682941
2015-11-17,74144,51143,28387,13327,39550,076651,PLATINUM - NEW YORK MERCANTILE EXCHANGE,854.5999755859375,0.3536766292619767,-26223,8.98122758911622,22756,-10.014764817549041,0.12078975736142368,0.11864705142713441,-0.04991664748645086,-0.016498918779245364,0.3911612361229705
2015-11-24,75570,50943,32517,14602,36961,076651,PLATINUM - NEW YORK MERCANTILE EXCHANGE,840.5,0.2958713775307662,-22359,5.211480362537765,18426,-5.8399870522227015,0.07493745515195004,0.051881140666187396,-0.016498918779245364,-0.006067787728658569,0.38939382470060624
2015-12-01,76282,51856,33111,13807,36857,076651,PLATINUM - NEW YORK MERCANTILE EXCHANGE,835.4000244140625,0.30216827036522376,-23050,-0.9143840148206961,18745,0.42212518195050946,0.017744354966050844,0.017736297621429496,-0.006067787728658569,0.01316734459963076,0.38653846413205084
2015-12-08,76192,52171,30700,12562,38273,076651,PLATINUM - NEW YORK MERCANTILE EXCHANGE,846.4000244140625,0.33745012599748003,-25711,-3.488372093023256,21471,3.573582234340998,0.05234582472705813,0.032894498678669254,0.01316734459963076,0.010869507214681162,0.3837201359162226
2015-12-15,76027,50832,29612,13420,38231,076651,PLATINUM - NEW YORK MERCANTILE EXCHANGE,855.5999755859375,0.3263445881068568,-24811,1.1812263754724905,21220,-0.32943091138177233,0.017424638438752395,0.030170056188155735,0.010869507214681162,0.020102866640747896,0.38114770949785454
2015-12-22,69653,47679,24753,11391,38167,076651,PLATINUM - NEW YORK MERCANTILE EXCHANGE,872.7999877929688,0.38441991012590987,-26776,-2.5846080997540346,22926,2.243939653018007,0.0422333427499092,0.11061409321846698,0.020102866640747896,0.020394120121357107,0.37991809228125084
2015-12-29,66584,46716,23373,10829,38184,076651,PLATINUM - NEW YORK MERCANTILE EXCHANGE,890.5999755859375,0.4108344346990268,-27355,-0.831263549308716,23343,0.5986820381031686,0.011813192418337991,0.03342892607969867,0.020394120121357107,-0.0022456771331980097,0.3785655106525343
2016-01-05,65506,46112,22255,10413,38495,076651,PLATINUM - NEW YORK MERCANTILE EXCHANGE,888.5999755859375,0.4286935547888743,-28082,-1.0918538988345547,23857,0.7719572269614321,0.01486464382105177,0.02518759050419062,-0.0022456771331980097,-0.05750616361680916,0.37776252349054396
2016-01-12,69088,46953,24389,11695,37384,076651,PLATINUM - NEW YORK MERCANTILE EXCHANGE,837.5,0.37183012968967116,-25689,3.6531004793454036,22564,-1.9738649894666136,0.048758124656166586,0.04170054105575958,-0.05750616361680916,-0.010507448111007456,0.37544725680944907
2016-01-19,70000,48064,27781,11468,34486,076651,PLATINUM - NEW YORK MERCANTILE EXCHANGE,828.7000122070312,0.3288285714285714,-23018,3.8660838351088467,20283,-3.30158638258453,0.06800278539408974,0.05937108576702485,-0.010507448111007456,0.05611198179683763,0.37112313075888625
2016-01-26,67395,47787,26287,10214,34206,076651,PLATINUM - NEW YORK MERCANTILE EXCHANGE,875.2000122070312,0.35599080050448845,-23992,-1.3914285714285715,21500,1.7385714285714287,0.034533993696533094,0.02390852390852391,0.05611198179683763,-0.023765982064507196,0.3666815203321287
2016-02-02,66265,46451,24797,10181,34463,076651,PLATINUM - NEW YORK MERCANTILE EXCHANGE,854.4000244140625,0.36643778767071605,-24282,-0.43029898360412494,21654,0.2285035981897767,0.00649583370665711,0.03966427127779026,-0.023765982064507196,0.0974953012789237,0.3632490836335408
2016-02-09,65426,47497,18995,8616,40384,076651,PLATINUM - NEW YORK MERCANTILE EXCHANGE,937.7000122070312,0.48555620089872525,-31768,-11.297064815513469,28502,10.334263940239946,0.15277551020408164,0.10298983336341214,0.0974953012789237,-0.0010664391457629874,0.3630607271533631
2016-02-16,64876,47719,15625,7895,43483,076651,PLATINUM - NEW YORK MERCANTILE EXCHANGE,936.7000122070312,0.5485541648683643,-35588,-5.838657414483539,32094,5.4901721028337365,0.07435088948577212,0.056706238949229604,-0.0010664391457629874,0.006405465914175679,0.365055327052846
2016-02-23,64316,46701,13194,7631,44857,076651,PLATINUM - NEW YORK MERCANTILE EXCHANGE,942.7000122070312,0.5787984327383544,-37226,-2.5248165731549417,33507,2.1780011098094825,0.031207133058984912,0.057584105517989814,0.006405465914175679,-0.007001205617513162,0.36873995598701026
2016-03-01,66211,47357,15838,8819,43855,076651,PLATINUM - NEW YORK MERCANTILE EXCHANGE,936.0999755859376,0.5291567866366615,-35036,3.4050625038870574,31519,-3.090988245537658,0.04157648934958424,0.05221932114882506,-0.007001205617513162,0.05640428394955932,0.37150316990209975
2016-03-08,64142,45193,11669,9253,46868,076651,PLATINUM - NEW YORK MERCANTILE EXCHANGE,988.9000244140624,0.586433226279193,-37615,-3.8951231668453885,33524,3.0281977314947666,0.061420858502164964,0.11137490767120396,0.05640428394955932,-0.02993228424544947,0.37603536096439316
2016-03-15,63234,44496,12631,9458,45386,076651,PLATINUM - NEW YORK MERCANTILE EXCHANGE,959.2999877929688,0.5681753487048107,-35928,2.6301019612734247,31865,-2.5864488166879736,0.03075997374370943,0.029040558755054527,-0.02993228424544947,0.03856979096301738,0.38091220837155587
2016-03-22,62649,44295,11931,8752,45774,076651,PLATINUM - NEW YORK MERCANTILE EXCHANGE,996.2999877929688,0.590943191431627,-37022,-1.7300819179555302,32364,0.7891324287566815,0.020063822763452296,0.016024614946821756,0.03856979096301738,-0.03171733009446143,0.38588847600419746
2016-03-29,58313,41766,11760,8238,42286,076651,PLATINUM - NEW YORK MERCANTILE EXCHANGE,964.7000122070312,0.5838835251144685,-34048,4.747082954237099,30006,-3.7638270363453525,0.07920988045285408,0.05044277547360161,-0.03171733009446143,-0.015237910252950737,0.3897753027644522
2016-04-05,55898,40313,11690,7934,40258,076651,PLATINUM - NEW YORK MERCANTILE EXCHANGE,950.0,0.5782675587677556,-32324,2.9564591086035703,28623,-2.3716838440827943,0.04838977423638778,0.029286771917004788,-0.015237910252950737,0.05105263157894746,0.39234228183809794
2016-04-12,56899,41109,12267,7826,40819,076651,PLATINUM - NEW YORK MERCANTILE EXCHANGE,998.5,0.5798520184889013,-32993,-1.1968227843572221,28842,0.3917850370317364,0.013752698119025594,0.025723171462829736,0.05105263157894746,0.01552328492739119,0.3947838843410369
2016-04-19,60387,44464,12525,7272,44050,076651,PLATINUM - NEW YORK MERCANTILE EXCHANGE,1014.0,0.6090383691854208,-36778,-6.65213799891035,31939,5.442977908223344,0.0737500487120533,0.06339819965256453,0.01552328492739119,0.004832371217023956,0.39830961313622776
2016-04-26,62482,46552,11699,7231,47509,076651,PLATINUM - NEW YORK MERCANTILE EXCHANGE,1018.9000244140624,0.6446336544924939,-40278,-5.795949459320715,34853,4.825541921274446,0.0639386189258312,0.05002489227652744,0.004832371217023956,0.05025022077246355,0.4032492249800538
2016-05-03,64158,48276,11398,7278,49909,076651,PLATINUM - NEW YORK MERCANTILE EXCHANGE,1070.0999755859375,0.6644689672371333,-42631,-3.7658845747575302,36878,3.2409333888159786,0.04278944515361883,0.033934376780507425,0.05025022077246355,-0.020185007082268558,0.4084924975873268
2016-05-10,65493,50094,11717,7168,50645,076651,PLATINUM - NEW YORK MERCANTILE EXCHANGE,1048.5,0.663841937306277,-43477,-1.3186196577200038,38377,2.336419464447146,0.014633386954491205,0.034573134231771045,-0.020185007082268558,0.0049594193341677695,0.4139690875974595
2016-05-17,66689,51796,12392,6425,51028,076651,PLATINUM - NEW YORK MERCANTILE EXCHANGE,1053.699951171875,0.6688209449834306,-44603,-1.7192677079993284,39404,1.568106515200098,0.01959862844411954,0.03703184395837228,0.0049594193341677695,-0.04745178066036371,0.41818517730310883
2016-05-24,64186,48455,11959,7600,48559,076651,PLATINUM - NEW YORK MERCANTILE EXCHANGE,1003.7000122070312,0.638129810238993,-40959,5.464169503216422,36496,-4.360539219361514,0.06488719528481633,0.06246896414738306,-0.04745178066036371,-0.024907840685413185,0.4220849983825929
2016-05-31,61795,45266,13006,8095,44106,076651,PLATINUM - NEW YORK MERCANTILE EXCHANGE,978.7000122070312,0.5827494133829598,-36011,7.708846165830555,32260,-6.599569999688406,0.0947874561790004,0.07269357495881384,-0.024907840685413185,0.020128754430692508,0.4266248003133982
2016-06-07,63185,45688,14587,8975,44544,076651,PLATINUM - NEW YORK MERCANTILE EXCHANGE,998.4000244140624,0.5629342407216903,-35569,0.7152682255845942,31101,-1.8755562747795127,0.02462676806367832,0.033231024471173785,0.020128754430692508,-0.026943132768700973,0.43132902214308505
2016-06-14,66103,46573,16197,10396,45061,076651,PLATINUM - NEW YORK MERCANTILE EXCHANGE,971.5,0.5244088770555043,-34665,1.430719316293424,30376,-1.1474242304344386,0.03494599419369962,0.03974828739843875,-0.026943132768700973,0.009881601220728342,0.43546187140680104
2016-06-21,64950,45372,16073,9500,43857,076651,PLATINUM - NEW YORK MERCANTILE EXCHANGE,981.0999755859376,0.5289761354888376,-34357,0.4659395186300168,29299,-1.6292755245601562,0.039357535093802125,0.021564000325494343,0.009881601220728342,-0.0026500618190158365,0.4406089904133641
2016-06-28,62873,44366,14549,8916,43453,076651,PLATINUM - NEW YORK MERCANTILE EXCHANGE,978.5,0.5493136958630891,-34537,-0.27713625866050806,29817,0.7975365665896844,0.018866123088086464,0.04294322328778749,-0.0026500618190158365,0.09596323394385542,0.4452556698454995
2016-07-05,63840,47208,10839,8211,49998,076651,PLATINUM - NEW YORK MERCANTILE EXCHANGE,1072.4000244140625,0.6545582706766917,-41787,-11.531181906382708,36369,10.421007427671656,0.12455118624267725,0.11287405033851879,0.09596323394385542,0.020514732841432348,0.45212057844101056
2016-07-12,70300,54237,11834,7573,54909,076651,PLATINUM - NEW YORK MERCANTILE EXCHANGE,1094.4000244140625,0.6733428165007113,-47336,-8.69204260651629,42403,9.451754385964913,0.08880957715822156,0.12144511207640266,0.020514732841432348,0.000274055876390511,0.4596939914235011
2016-07-19,74782,59008,11615,7690,60041,076651,PLATINUM - NEW YORK MERCANTILE EXCHANGE,1094.699951171875,0.7000481399267203,-52351,-7.133712660028449,47393,7.0981507823613095,0.07749774844605867,0.07065686815909832,0.000274055876390511,0.0015530038531266221,0.46794662951845917
2016-07-26,77014,61346,10424,7372,63374,076651,PLATINUM - NEW YORK MERCANTILE EXCHANGE,1096.4000244140625,0.727166489209754,-56002,-4.88219090155385,50922,4.719050038779385,0.05160715800186583,0.04917096279782639,0.0015530038531266221,0.06603431485032529,0.47691881575486594
2016-08-02,79541,63929,10158,6717,66091,076651,PLATINUM - NEW YORK MERCANTILE EXCHANGE,1168.800048828125,0.7464578016368917,-59374,-4.378424702002234,53771,3.699327395019088,0.0463135919129766,0.03845478963920796,0.06603431485032529,-0.010523655299687462,0.48634209607665657
2016-08-09,80645,65259,9310,7099,67416,076651,PLATINUM - NEW YORK MERCANTILE EXCHANGE,1156.5,0.7479322958645918,-60317,-1.1855521052036058,55949,2.738210482644171,0.022908139300811918,0.029207847765157103,-0.010523655299687462,-0.030004281168936497,0.4953535976844172
2016-08-16,80960,64787,10450,6902,66471,076651,PLATINUM - NEW YORK MERCANTILE EXCHANGE,1121.800048828125,0.7357831027667984,-59569,0.9275218550437101,54337,-1.9988839977679955,0.015564308396821719,0.021425628347754428,-0.030004281168936497,-0.01158851794807847,0.503587713448383
2016-08-23,81801,65203,10934,7203,66257,076651,PLATINUM - NEW YORK MERCANTILE EXCHANGE,1108.800048828125,0.7219227148812362,-59054,0.6361166007905138,54269,-0.08399209486166008,0.007010618023414103,0.011820796721699042,-0.01158851794807847,-0.04960317241880419,0.5110168419561923
2016-08-30,79543,60231,11619,8668,61992,076651,PLATINUM - NEW YORK MERCANTILE EXCHANGE,1053.800048828125,0.6703795431401883,-53324,7.004804342245205,48612,-6.915563379420789,0.08109255590150014,0.07873347251217815,-0.04960317241880419,0.043841287750225,0.5167356598112519
2016-09-06,77629,56363,11302,9944,60831,076651,PLATINUM - NEW YORK MERCANTILE EXCHANGE,1100.0,0.6555153357636966,-50887,3.0637516814804573,45061,-4.464252039777227,0.03443306252207701,0.061848814010197296,0.043841287750225,-0.05963634144176133,0.5219121969658094
2016-09-13,76199,54288,13233,10853,56236,076651,PLATINUM - NEW YORK MERCANTILE EXCHANGE,1034.4000244140625,0.5955852439008386,-45383,7.090133841734403,41055,-5.160442618093754,0.08204027485876969,0.059329690022363414,-0.05963634144176133,-0.0037703251372906976,0.5270972020628023
2016-09-20,74671,52330,14028,10743,53378,076651,PLATINUM - NEW YORK MERCANTILE EXCHANGE,1030.5,0.5709713275568828,-42635,3.60634653998084,38302,-3.612908305883279,0.04628748771853215,0.04148708520449682,-0.0037703251372906976,-0.005531248104682196,0.5320951992496196
2016-09-27,70394,51154,13897,8625,50751,076651,PLATINUM - NEW YORK MERCANTILE EXCHANGE,1024.800048828125,0.5984316845185669,-42126,0.6816568681281889,37257,-1.399472352050997,0.07991444354621396,0.02009192787197737,-0.005531248104682196,-0.03912962013121368,0.5381221366469747
2016-10-04,69695,50973,17909,9813,47200,076651,PLATINUM - NEW YORK MERCANTILE EXCHANGE,984.7000122070312,0.5364373340985723,-37387,6.73210785010086,33064,-5.956473563087763,0.0831213933664252,0.060872216253883456,-0.03912962013121368,-0.03950444189279023,0.5426250378914292
2016-10-11,69710,48923,22645,11696,42161,076651,PLATINUM - NEW YORK MERCANTILE EXCHANGE,945.7999877929688,0.4370248170994118,-30465,9.931845899992826,26278,-9.7367099504986,0.12852553985554338,0.09481891348088531,-0.03950444189279023,-0.0029604438878272354,0.5433080258262074
2016-10-18,69494,48218,26781,11848,37868,076651,PLATINUM - NEW YORK MERCANTILE EXCHANGE,943.0,0.37442081330762367,-26020,6.376416582986659,21437,-6.944484292067135,0.08940783651138466,0.064547527300364,-0.0029604438878272354,0.020042443705262425,0.5417162348621978
2016-10-25,70383,49339,29241,11101,35722,076651,PLATINUM - NEW YORK MERCANTILE EXCHANGE,961.9000244140624,0.34981458590852904,-24621,2.0131234351167007,20098,-1.926785046191038,0.061785874463404736,0.04557139221175872,0.020042443705262425,0.03451497071340537,0.5386840639380786
2016-11-01,71112,51047,27907,9936,37873,076651,PLATINUM - NEW YORK MERCANTILE EXCHANGE,995.0999755859376,0.392859151760603,-27937,-4.711364960288706,23140,4.322066408081497,0.06935932564998222,0.038528763583858955,0.03451497071340537,0.010752700702992835,0.5360901383933222
2016-11-08,66469,49046,19427,8677,41915,076651,PLATINUM - NEW YORK MERCANTILE EXCHANGE,1005.7999877929688,0.5000526561254118,-33238,-7.454438069524132,29619,9.110979862751716,0.10477941176470588,0.15306763249748076,0.010752700702992835,-0.07257904243982372,0.5368882077826533
2016-11-15,63255,45085,20394,10100,37139,076651,PLATINUM - NEW YORK MERCANTILE EXCHANGE,932.7999877929688,0.4274602798197771,-27039,9.326152040800975,24691,-7.4139824579879345,0.13122631723787548,0.07526077062875121,-0.07257904243982372,0.009219593410846327,0.5383071241395341
2016-11-22,65403,46472,21663,10712,38276,076651,PLATINUM - NEW YORK MERCANTILE EXCHANGE,941.4000244140624,0.4214485574056236,-27564,-0.8299739151055252,24809,0.1865465180618133,0.03570262105005308,0.038981433917957,0.009219593410846327,-0.023900572993934444,0.5407220699063583
2016-11-29,69551,48487,24319,11212,38404,076651,PLATINUM - NEW YORK MERCANTILE EXCHANGE,918.9000244140624,0.390964903452143,-27192,0.5687812485665795,24168,-0.9800773664816598,0.012657207352466946,0.06415680026371452,-0.023900572993934444,0.01654146345416363,0.5424296974657221
2016-12-06,67342,47047,22790,10697,39067,076651,PLATINUM - NEW YORK MERCANTILE EXCHANGE,934.0999755859376,0.4212824091948561,-28370,-1.693721154260902,24257,0.1279636525714943,0.02367173056828229,0.04251328092558386,0.01654146345416363,0.001498795044057477,0.5440418567579793
2016-12-13,66814,45096,19480,11398,40014,076651,PLATINUM - NEW YORK MERCANTILE EXCHANGE,935.5,0.4282934714281438,-28616,-0.3652995159038936,25616,2.0180570817617536,0.032054773204699294,0.08146989593657086,0.001498795044057477,-0.013468707200360863,0.5460024122064656
2016-12-20,64352,42437,16169,11269,41046,076651,PLATINUM - NEW YORK MERCANTILE EXCHANGE,922.9000244140624,0.4627206613625062,-29777,-1.737659771904092,26268,0.9758433861166821,0.022192487814202428,0.10186670306794526,-0.013468707200360863,-0.021237442954384456,0.5475081958840925
2016-12-27,63714,42038,16624,11402,40266,076651,PLATINUM - NEW YORK MERCANTILE EXCHANGE,903.2999877929688,0.45302445302445304,-28864,1.4187593237195424,25414,-1.3270760815514668,0.01767051172872958,0.014557976202652484,-0.021237442954384456,0.03985386968504079,0.5483195423903507
2017-01-03,64102,42925,18171,11650,40457,076651,PLATINUM - NEW YORK MERCANTILE EXCHANGE,939.2999877929688,0.449393154659761,-28807,0.0894622845842358,24754,-1.0358790846595725,0.008424971692862764,0.03983894199292916,0.03985386968504079,0.04162678284811361,0.548717611618637
2017-01-10,62061,42669,12498,9630,44402,076651,PLATINUM - NEW YORK MERCANTILE EXCHANGE,978.4000244140624,0.5602874591128084,-34772,-9.305481888240616,30171,8.450594365230414,0.11039754219721647,0.10747367085395254,0.04162678284811361,0.0007154038781780336,0.5523417910306204
2017-01-17,63219,43522,10490,9926,47309,076651,PLATINUM - NEW YORK MERCANTILE EXCHANGE,979.0999755859376,0.5913253926825796,-37383,-4.207151028826477,33032,4.609980503053447,0.05596226085437232,0.05296971043471821,0.0007154038781780336,0.025227262611511758,0.5573898068239667
2017-01-24,62823,44751,8262,9061,49663,076651,PLATINUM - NEW YORK MERCANTILE EXCHANGE,1003.7999877929688,0.6462919631345208,-40602,-5.091823660608362,36489,5.468292760087948,0.05481574824603229,0.06521042008563938,0.025227262611511758,-0.010759103331645203,0.5629725214899289
2017-01-31,64552,46217,7244,9364,52513,076651,PLATINUM - NEW YORK MERCANTILE EXCHANGE,993.0,0.6684378485562027,-43149,-4.054247648154338,38973,3.9539659042070583,0.05095592869725423,0.04646377733300911,-0.010759103331645203,0.0166163141993958,0.568780214968496
2017-02-07,64811,45723,5591,9303,54334,076651,PLATINUM - NEW YORK MERCANTILE EXCHANGE,1009.5,0.6948048942309176,-45031,-2.915478993679514,40132,1.7954517288387657,0.02957398997438597,0.041840433409985577,0.0166163141993958,-0.009311564550829488,0.5728042283018072
2017-02-14,65179,45781,6133,9867,54435,076651,PLATINUM - NEW YORK MERCANTILE EXCHANGE,1000.0999755859376,0.6837785176207061,-44568,0.7143849037971949,39648,-0.7467868108808691,0.010341824515567168,0.01155757599106214,-0.009311564550829488,0.0033996845286097255,0.5754046966239676
2017-02-21,65938,45538,5896,10719,55175,076651,PLATINUM - NEW YORK MERCANTILE EXCHANGE,1003.5,0.6742091055233704,-44456,0.17183448656775954,39642,-0.009205418923272833,0.024160014568853007,0.009332348252128942,0.0033996845286097255,0.025909317389138042,0.5772395172544488
2017-02-28,71200,49818,5208,9614,59607,076651,PLATINUM - NEW YORK MERCANTILE EXCHANGE,1029.5,0.7021488764044944,-49993,-8.397282295489703,44610,7.5343504504231245,0.07999017639155748,0.09028459273797841,0.025909317389138042,-0.06789706111127969,0.5805662882115225
2017-03-07,68200,44136,5509,11569,55096,076651,PLATINUM - NEW YORK MERCANTILE EXCHANGE,959.5999755859376,0.6382258064516129,-43527,9.081460674157302,38627,-8.40308988764045,0.09699242481062026,0.12051566119448082,-0.06789706111127969,-0.022821971588248613,0.5815622993686844
2017-03-14,66039,40641,10466,12592,46784,076651,PLATINUM - NEW YORK MERCANTILE EXCHANGE,937.7000122070312,0.5177546601250776,-34192,13.687683284457478,30175,-12.392961876832844,0.15721840474265697,0.16537851957657465,-0.022821971588248613,0.035085808841434085,0.5805926707421512
2017-03-21,67455,41071,12116,12970,46480,076651,PLATINUM - NEW YORK MERCANTILE EXCHANGE,970.5999755859376,0.4967756281965755,-33510,1.032723087872318,28955,-1.8473932070443222,0.011471825063078218,0.03910730065617538,0.035085808841434085,-0.014114930472365561,0.578781756064554
2017-03-28,66094,40434,12805,13185,45342,076651,PLATINUM - NEW YORK MERCANTILE EXCHANGE,956.9000244140624,0.48653432989378764,-32157,2.005781632199244,27629,-1.9657549477429397,0.023117535496437542,0.024906553466443774,-0.014114930472365561,0.004493664628759886,0.576909656156464
2017-04-04,63741,42291,15578,12213,43704,076651,PLATINUM - NEW YORK MERCANTILE EXCHANGE,961.2000122070312,0.4940462182896409,-31491,1.0076557630042062,26713,-1.3859049232910703,0.04667632383711572,0.08000829459641605,0.004493664628759886,0.004889733819540165,0.5752900149934232
2017-04-11,64829,43312,17153,12543,43220,076651,PLATINUM - NEW YORK MERCANTILE EXCHANGE,965.9000244140624,0.4731987227938114,-30677,1.2770430335263019,26159,-0.8691423102869424,0.014597492961282571,0.04293392871909369,0.004889733819540165,0.010249470057640764,0.57323899007621
2017-04-18,66022,44899,15672,11553,46046,076651,PLATINUM - NEW YORK MERCANTILE EXCHANGE,975.7999877929688,0.5224470631001787,-34493,-5.886254608277159,29227,4.732449983803544,0.06625115019357974,0.05065130177807862,0.010249470057640764,-0.021725776257674134,0.5715737726514938
2017-04-25,65327,43395,16157,12534,43960,076651,PLATINUM - NEW YORK MERCANTILE EXCHANGE,954.5999755859376,0.48105683714237607,-31426,4.64542122322862,27238,-3.012632152918724,0.05428895103904839,0.03339938205265986,-0.021725776257674134,-0.03247433563045299,0.56842806462553
2017-05-02,71757,44778,27237,16775,39586,076651,PLATINUM - NEW YORK MERCANTILE EXCHANGE,923.5999755859376,0.31789233106177794,-22811,13.187502870176191,17541,-14.84378587720238,0.15285392381256543,0.17306116781226133,-0.03247433563045299,-0.02728448661541827,0.5617631293144655
2017-05-09,76104,46798,36558,18391,33552,076651,PLATINUM - NEW YORK MERCANTILE EXCHANGE,898.4000244140625,0.1992142331546305,-15161,10.660980810234541,10240,-10.174617110525801,0.14727682267100475,0.1360549930418926,-0.02728448661541827,0.040182518482768215,0.552827981157703
2017-05-16,74421,46746,34577,17122,34378,076651,PLATINUM - NEW YORK MERCANTILE EXCHANGE,934.5,0.23187003668319425,-17256,-2.7528119415536634,12169,2.534689372437717,0.040679611650485434,0.024999077751681566,0.040182518482768215,0.013269154001136929,0.5444250790750063
2017-05-23,70625,45412,29125,14704,35737,076651,PLATINUM - NEW YORK MERCANTILE EXCHANGE,946.9000244140624,0.29781238938053095,-21033,-5.075180392631112,16287,5.533384394189812,0.07487956226085922,0.09104203281591693,0.013269154001136929,-0.0080262291954174,0.5378805132892666
2017-05-30,69380,43637,26591,14452,36473,076651,PLATINUM - NEW YORK MERCANTILE EXCHANGE,939.2999877929688,0.31739694436437016,-22021,-1.3989380530973452,17046,1.0746902654867256,0.01940108001963672,0.061357293387252945,-0.0080262291954174,0.024273382401016397,0.5327775811927552
2017-06-06,69495,44817,25134,13100,38213,076651,PLATINUM - NEW YORK MERCANTILE EXCHANGE,962.0999755859376,0.36136412691560543,-25113,-4.4566157394061685,19683,3.8008071490343043,0.060257634517568645,0.03769781704335892,0.024273382401016397,-0.040640241740080074,0.5289012328503305
2017-06-13,76040,46295,31059,15921,36075,076651,PLATINUM - NEW YORK MERCANTILE EXCHANGE,923.0,0.2650447133087849,-20154,7.1357651629613645,15236,-6.399021512339018,0.09537272097853682,0.09570287250820901,-0.040640241740080074,-0.0026002431354955613,0.5239134604705858
2017-06-20,75380,44843,32032,17822,35341,076651,PLATINUM - NEW YORK MERCANTILE EXCHANGE,920.5999755859376,0.23240912708941364,-17519,3.4652814308258812,12811,-3.189110994213572,0.04956454677125068,0.031544715447154474,-0.0026002431354955613,-0.003041481498179177,0.518210248770597
2017-06-27,76578,45343,34810,17968,33171,076651,PLATINUM - NEW YORK MERCANTILE EXCHANGE,917.7999877929688,0.19852960380265872,-15203,3.0724330061024143,10533,-3.0220217564340675,0.04528833180156045,0.04089678489888089,-0.003041481498179177,-0.023752438530088793,0.5114644008463579
2017-07-11,74471,45904,40507,17489,27743,076651,PLATINUM - NEW YORK MERCANTILE EXCHANGE,896.0,0.1376911818023123,-10254,6.462691634673144,5397,-6.706887095510459,0.1305933852140078,0.07242133524666998,-0.023752438530088793,0.03537947790963303,0.5015246491372353
2017-07-18,72456,43871,35330,17238,31108,076651,PLATINUM - NEW YORK MERCANTILE EXCHANGE,927.7000122070312,0.19142652092304294,-13870,-4.855581367243625,8541,4.221777604705188,0.074794191866959,0.09103420411358443,0.03537947790963303,0.001293534753951553,0.4922570280684339
2017-07-25,71062,43574,33391,16520,31587,076651,PLATINUM - NEW YORK MERCANTILE EXCHANGE,928.9000244140624,0.21202611803776983,-15067,-1.6520370983769461,10183,2.2662029369548415,0.024882033799654937,0.029052166569219776,0.001293534753951553,0.018947114999851022,0.4828719891859541
2017-08-01,72421,45276,32464,16399,34319,076651,PLATINUM - NEW YORK MERCANTILE EXCHANGE,946.5,0.24744204029218045,-17920,-4.01480397399454,12812,3.6995862767723957,0.05625221814740329,0.03381785438641626,0.018947114999851022,0.02662441860225173,0.4736465190144623
2017-08-08,70550,47348,22847,12616,41743,076651,PLATINUM - NEW YORK MERCANTILE EXCHANGE,971.7000122070312,0.4128561304039688,-29127,-15.474793222960189,24501,16.14034603222822,0.20616641218565462,0.16652183203931903,0.02662441860225173,-0.006998032013526445,0.46723110225998304
2017-08-15,70177,46810,19629,12818,44684,076651,PLATINUM - NEW YORK MERCANTILE EXCHANGE,964.9000244140624,0.4540803967111732,-31866,-3.882352941176471,27181,3.798724309000709,0.054658968383708394,0.05653306040127034,-0.006998032013526445,0.014094699183157644,0.4615801041993403
2017-08-22,71946,48601,16777,12067,48482,076651,PLATINUM - NEW YORK MERCANTILE EXCHANGE,978.5,0.5061434965112723,-36415,-6.482180771477834,31824,6.6161277911566465,0.0751292341739748,0.07101777356297226,0.014094699183157644,0.022687799904988593,0.4571639579251956
2017-08-29,75270,52549,16719,11177,52184,076651,PLATINUM - NEW YORK MERCANTILE EXCHANGE,1000.7000122070312,0.5447987245914707,-41007,-6.382564701303756,35830,5.568064937592083,0.07247360363630624,0.057833342957787144,0.022687799904988593,0.006695325397522822,0.45375772734270015
2017-09-05,79308,55834,17861,10345,55644,076651,PLATINUM - NEW YORK MERCANTILE EXCHANGE,1007.4000244140624,0.5711781913552226,-45299,-5.702138966387671,37973,2.84708383153979,0.06504114322083984,0.06007191804057263,0.006695325397522822,-0.02163991294402079,0.4518500090391431
2017-09-12,80477,57375,19378,10895,56066,076651,PLATINUM - NEW YORK MERCANTILE EXCHANGE,985.5999755859376,0.5612908035836326,-45171,0.16139607605790085,37997,0.03026176426085641,0.014515912247427607,0.03984209086289787,-0.02163991294402079,-0.03571423705743182,0.4500379988049111
2017-09-19,76633,50525,18877,12464,51129,076651,PLATINUM - NEW YORK MERCANTILE EXCHANGE,950.4000244140624,0.5045476491850769,-38665,8.08429737689029,31648,-7.889210581905388,0.10230685767301433,0.10591913777700931,-0.03571423705743182,-0.02725170848983316,0.448287275829608
2017-09-26,70987,44411,19048,13844,45962,076651,PLATINUM - NEW YORK MERCANTILE EXCHANGE,924.5,0.452449039965064,-32118,8.543316847833179,25363,-8.201427583417066,0.10947062167675484,0.09904032524937362,-0.02725170848983316,-0.014494347662587725,0.44600800106822686
2017-10-03,71860,46066,24137,14416,42337,076651,PLATINUM - NEW YORK MERCANTILE EXCHANGE,911.0999755859376,0.38854717506262176,-27921,5.912350148618762,21929,-4.837505458745968,0.07395203777773862,0.09606427075765993,-0.014494347662587725,0.02414663658162386,0.4419717605017664
2017-10-10,75931,50395,28380,13583,42431,076651,PLATINUM - NEW YORK MERCANTILE EXCHANGE,933.0999755859376,0.37992387825789203,-28848,-1.2900083495686057,22015,0.11967715001391593,0.016549434070053916,0.10881624880990162,0.02414663658162386,-0.0010716965235928466,0.43896188635098404
2017-10-17,75448,50697,26612,13460,43803,076651,PLATINUM - NEW YORK MERCANTILE EXCHANGE,932.0999755859376,0.402171031703955,-30343,-1.9688928105780248,24085,2.7261592761849576,0.026107608752597662,0.0267756664812635,-0.0010716965235928466,-0.009977457393583467,0.43829162124722526
2017-10-24,75692,48495,27547,15469,42552,076651,PLATINUM - NEW YORK MERCANTILE EXCHANGE,922.7999877929688,0.3578053162817735,-27083,4.320856749019192,20948,-4.157830558795462,0.05618655314455111,0.04125351779279872,-0.009977457393583467,-0.007585609116382508,0.43797209245826657
2017-10-31,77828,49582,29970,16251,41699,076651,PLATINUM - NEW YORK MERCANTILE EXCHANGE,915.7999877929688,0.3269774374261191,-25448,2.1600697563811235,19612,-1.7650478253976642,0.02821397756686799,0.044122083668543845,-0.007585609116382508,0.006879218035535706,0.4375329165259126
2017-11-07,78380,51591,29387,14929,43001,076651,PLATINUM - NEW YORK MERCANTILE EXCHANGE,922.0999755859376,0.3581525899464149,-28072,-3.371537235956211,22204,3.3304209282006476,0.045296046953219406,0.03200869371928178,0.006879218035535706,0.002168962209037284,0.4368654826448705
2017-11-14,78974,53160,27684,13780,44758,076651,PLATINUM - NEW YORK MERCANTILE EXCHANGE,924.0999755859376,0.39225567908425557,-30978,-3.7075784638938507,25476,4.174534319979586,0.049642966961631764,0.04047300974716738,0.002168962209037284,0.01157884697513012,0.4347924638556175
2017-11-21,77941,52141,25620,13317,45374,076651,PLATINUM - NEW YORK MERCANTILE EXCHANGE,934.7999877929688,0.41129828973197674,-32057,-1.3662724440955252,26521,1.3232203003520147,0.01838442009848188,0.039647123879579735,0.01157884697513012,0.016367124510871633,0.43448165635392905
2017-11-28,78435,53463,21417,12305,50109,076651,PLATINUM - NEW YORK MERCANTILE EXCHANGE,950.0999755859376,0.48197870848473257,-37804,-7.373526128738404,32046,7.088695295159159,0.09207870029160124,0.07378472222222222,0.016367124510871633,-0.03557519067624859,0.43564569772083495
2017-12-05,78993,52409,25381,13423,46309,076651,PLATINUM - NEW YORK MERCANTILE EXCHANGE,916.2999877929688,0.41631536971630395,-32886,6.270160005099765,27028,-6.397654108497481,0.08233442710774794,0.0645070060419077,-0.03557519067624859,-0.045290844213540016,0.4361332066874535
2017-12-12,88076,54178,41354,18018,37206,076651,PLATINUM - NEW YORK MERCANTILE EXCHANGE,874.7999877929688,0.21785730505472548,-19188,17.340777030876154,12824,-17.981340118744697,0.24804432855280312,0.18571787463886447,-0.045290844213540016,0.04389577612014128,0.43222118545398935
2017-12-19,87329,52676,39836,19380,38834,076651,PLATINUM - NEW YORK MERCANTILE EXCHANGE,913.2000122070312,0.22276677850427692,-19454,-0.30201189881466006,12840,0.018166129252009628,0.051362215274676194,0.032644413697682464,0.04389577612014128,0.010293433260243123,0.4282687490516074
2017-12-26,85616,53720,37407,18123,40584,076651,PLATINUM - NEW YORK MERCANTILE EXCHANGE,922.5999755859376,0.26234582321061484,-22461,-3.4433006217865767,16313,3.9769148850897182,0.051220467746606026,0.03811164638361847,0.010293433260243123,,0.4244153867794556
