,Open_Interest_All,NonComm_Positions_Long_All,NonComm_Positions_Short_All,Comm_Positions_Long_All,Comm_Positions_Short_All,CFTC_Contract_Market_Code,Market_and_Exchange_Names,SB_Close,HP,NetLong_Comm,Q_Comm,NetLong_NonComm,Q_NonComm,PT_Comm,PT_NonComm,Ret,Ret_Lead,HP_Smooth_52w
2003-01-07,228147,55571,6343,106203,187133,080732,"SUGAR NO. 11 - COFFEE,SUGAR AND COCOA EXCHANGE ",7.550000190734863,0.35472743450494637,-80930,,49228,,,,,0.014569490582561073,
2003-01-14,234927,57202,6357,108482,191240,080732,"SUGAR NO. 11 - COFFEE,SUGAR AND COCOA EXCHANGE ",7.659999847412109,0.352271131032193,-82758,-0.8012377984369725,50845,0.7087535667793133,0.021306410607162637,0.025881464466086627,0.014569490582561073,0.0143603310320648,
2003-01-21,246959,61403,15890,109039,189627,080732,"SUGAR NO. 11 - COFFEE,SUGAR AND COCOA EXCHANGE ",7.769999980926514,0.32632137318340293,-80588,0.9236911891779149,45513,-2.2696412076943053,0.007265641217949147,0.1776875008086114,0.0143603310320648,0.08880309638535944,
2003-01-28,263485,70171,5787,113612,220025,080732,"SUGAR NO. 11 - COFFEE,SUGAR AND COCOA EXCHANGE ",8.460000038146973,0.40386739283071144,-106413,-10.457201397802875,64384,7.641349373782693,0.10481751124725375,0.24843992732826037,0.08880309638535944,-0.0070922481496632495,
2003-02-04,274068,77706,6889,117458,230354,080732,"SUGAR NO. 11 - COFFEE,SUGAR AND COCOA EXCHANGE ",8.399999618530273,0.41192696703008014,-112896,-2.4604816213446687,70817,2.4415052090251814,0.04075477556841052,0.10209823275607305,-0.0070922481496632495,0.05952381222696812,
2003-02-11,276996,78987,6650,117432,229320,080732,"SUGAR NO. 11 - COFFEE,SUGAR AND COCOA EXCHANGE ",8.899999618530273,0.4039336308105532,-111888,0.3677919348482858,72337,0.5546068858823358,0.0030569398301956443,0.017749337319149433,0.05952381222696812,-0.033707780889780325,
2003-02-25,257116,72471,2697,120621,223354,080732,"SUGAR NO. 11 - COFFEE, SUGAR AND COCOA EXCHANGE ",8.600000381469727,0.3995589539351888,-102733,3.305101878727491,69774,-0.9252841196262762,0.026615306344937858,0.1392746913580247,-0.033707780889780325,-0.040697716970323206,
2003-03-04,233658,74861,2613,97092,206296,080732,"SUGAR NO. 11 - COFFEE, SUGAR AND COCOA EXCHANGE ",8.25,0.4673668352891833,-109204,-2.5167628618989095,72248,0.9622116087680269,0.133779187047609,0.031933293750161344,-0.040697716970323206,-0.01575758962920215,
2003-03-11,229809,67512,2923,101281,199273,080732,"SUGAR NO. 11 - COFFEE, SUGAR AND COCOA EXCHANGE ",8.119999885559082,0.4264062765165855,-97992,4.798466134264609,64589,-3.277867652723211,0.03730444445923195,0.10873855327607014,-0.01575758962920215,-0.06527090399517899,
2003-03-18,214525,52393,2759,109881,182098,080732,"SUGAR NO. 11 - COFFEE, SUGAR AND COCOA EXCHANGE ",7.590000152587891,0.33663675562288775,-72217,11.215835759260951,49634,-6.50757803219195,0.08827689662612723,0.27710690455468523,-0.06527090399517899,0.013175217736783873,
2003-03-25,217254,50002,2575,113774,184051,080732,"SUGAR NO. 11 - COFFEE, SUGAR AND COCOA EXCHANGE ",7.690000057220459,0.323478509026301,-70277,0.9043235054189488,47427,-1.0287845239482578,0.01962897674809032,0.04897578789204405,0.013175217736783873,-0.011703530808609752,
2003-04-01,208971,42974,2571,113325,173256,080732,"SUGAR NO. 11 - COFFEE, SUGAR AND COCOA EXCHANGE ",7.599999904632568,0.28679099013738746,-59931,4.762167785173115,40403,-3.2330820146004218,0.03923498068608875,0.15439675046657153,-0.011703530808609752,-0.030263160784158694,
2003-04-08,204128,39052,5151,111030,164431,080732,"SUGAR NO. 11 - COFFEE, SUGAR AND COCOA EXCHANGE ",7.369999885559082,0.26160546323875217,-53401,3.124835503490915,33901,-3.1114365151145376,0.04036869103067222,0.14709408863651788,-0.030263160784158694,-0.021709613283117712,
2003-04-15,192307,27278,9085,114550,150444,080732,"SUGAR NO. 11 - COFFEE, SUGAR AND COCOA EXCHANGE ",7.210000038146973,0.18664947193809897,-35894,8.576481423420597,18193,-7.695171656999529,0.06606564676936082,0.4319775596072931,-0.021709613283117712,0.08044381700934355,
2003-04-22,182454,31716,6026,93699,144831,080732,"SUGAR NO. 11 - COFFEE, SUGAR AND COCOA EXCHANGE ",7.789999961853027,0.28024597980860927,-51132,-7.923788525638692,25690,3.8984540344345238,0.11094621221649269,0.19863812198611627,0.08044381700934355,-0.051347894393606985,
2003-04-29,177130,37918,7898,83255,141324,080732,"SUGAR NO. 11 - COFFEE, SUGAR AND COCOA EXCHANGE ",7.389999866485596,0.3278326652740925,-58069,-3.802054216405231,30020,2.3732009163953656,0.062120679137408215,0.17622664571328794,-0.051347894393606985,-0.03924221476216894,
2003-05-06,172321,26344,10432,95226,131236,080732,"SUGAR NO. 11 - COFFEE, SUGAR AND COCOA EXCHANGE ",7.099999904632568,0.2089704679058269,-36010,12.453565178117767,15912,-7.964771636651047,0.09740707050189436,0.38361975201218185,-0.03924221476216894,-0.040845065598354435,
2003-05-13,168787,20647,15666,99107,115864,080732,"SUGAR NO. 11 - COFFEE, SUGAR AND COCOA EXCHANGE ",6.809999942779541,0.0992789729066812,-16757,11.172753175759194,4981,-6.343394014658689,0.08956091751910723,0.3010216726792058,-0.040845065598354435,0.0690161925077748,
2003-05-20,168801,21591,15434,96869,118444,080732,"SUGAR NO. 11 - COFFEE, SUGAR AND COCOA EXCHANGE ",7.28000020980835,0.1278132238553089,-21575,-2.854485238792087,6157,0.6967361230426514,0.022376725975672626,0.03176232275489534,0.0690161925077748,-0.015109908014315887,
2003-05-27,172597,23528,11881,97175,124728,080732,"SUGAR NO. 11 - COFFEE, SUGAR AND COCOA EXCHANGE ",7.170000076293945,0.15963776890675968,-27553,-3.5414482141693475,11647,3.252350400767768,0.02969766068958058,0.15504532745912056,-0.015109908014315887,-0.061366813464231895,
2003-06-03,173945,21625,17613,104971,122504,080732,"SUGAR NO. 11 - COFFEE, SUGAR AND COCOA EXCHANGE ",6.730000019073486,0.10079622869297766,-17533,5.805431148861221,4012,-4.423599483189164,0.04404879657105176,0.19458178296549264,-0.061366813464231895,-0.008915296078676804,
2003-06-10,188246,16279,30931,122789,116790,080732,"SUGAR NO. 11 - COFFEE, SUGAR AND COCOA EXCHANGE ",6.670000076293945,-0.03186787501460855,5999,13.52841415389922,-14652,-10.729828394032596,0.09822229828156892,0.39533997034526586,-0.008915296078676804,-0.025487267518653822,
2003-06-17,188045,16820,34099,120938,110795,080732,"SUGAR NO. 11 - COFFEE, SUGAR AND COCOA EXCHANGE ",6.5,-0.05393921667685926,10143,2.2013747968084316,-17279,-1.3955143801196308,0.03385793132613827,0.07284117912763409,-0.025487267518653822,-0.024615361140324477,
2003-06-24,185830,18017,45245,129434,116991,080732,"SUGAR NO. 11 - COFFEE, SUGAR AND COCOA EXCHANGE ",6.340000152587891,-0.06695904859279987,12443,1.223111489271185,-27228,-5.290754872503922,0.05962057421122045,0.1951092282887041,-0.024615361140324477,-0.018927501499705457,
2003-07-01,176776,15367,52006,120069,88227,080732,"SUGAR NO. 11 - COFFEE, SUGAR AND COCOA EXCHANGE ",6.21999979019165,-0.18012626148345928,31842,10.439111015444222,-36639,-5.064306086207824,0.18305200291892307,0.13968503703263918,-0.018927501499705457,0.04983929743945348,
2003-07-08,176648,17388,48778,114448,91317,080732,"SUGAR NO. 11 - COFFEE, SUGAR AND COCOA EXCHANGE ",6.53000020980835,-0.13094402427426294,23131,-4.927705118341856,-31390,2.9692944743630356,0.04233470220883046,0.07933077411359309,0.04983929743945348,0.01684527613215403,0.2223953871694053
2003-07-15,178111,19029,46061,113899,95916,080732,"SUGAR NO. 11 - COFFEE, SUGAR AND COCOA EXCHANGE ",6.639999866485596,-0.10096512848729164,17983,-2.9142701870386305,-27032,2.4670531225940855,0.02453590067440364,0.06695344907051774,0.01684527613215403,0.05722893404846463,0.21041907177471283
2003-07-22,179370,30892,30164,101402,119790,080732,"SUGAR NO. 11 - COFFEE, SUGAR AND COCOA EXCHANGE ",7.019999980926514,0.10251435580085856,-18388,-20.420411990275728,728,15.585786391632183,0.16443180585192954,0.45466457023060797,0.05722893404846463,0.025641001257505236,0.20656533191850374
2003-07-29,190071,38800,24668,99204,137098,080732,"SUGAR NO. 11 - COFFEE, SUGAR AND COCOA EXCHANGE ",7.199999809265137,0.19936760473717716,-37894,-10.874728215420639,14132,7.47282154206389,0.08254691030968844,0.21119304216297977,0.025641001257505236,0.02083334713070517,0.20631713442949248
2003-08-05,213721,61486,21059,106872,174411,080732,"SUGAR NO. 11 - COFFEE, SUGAR AND COCOA EXCHANGE ",7.349999904632568,0.3160148043477244,-67539,-15.596803299819543,40427,13.834304023233424,0.15991368123917904,0.3185535162638561,0.02083334713070517,-0.08435372702090893,0.20997372342676687
2003-08-12,194844,47918,20387,99221,147799,080732,"SUGAR NO. 11 - COFFEE, SUGAR AND COCOA EXCHANGE ",6.730000019073486,0.24931740264006078,-48578,8.87184694063756,27531,-6.03403502697442,0.13870536798639788,0.20847668545494474,-0.08435372702090893,-0.040118867780283396,0.21124287436913122
2003-08-19,189069,35637,19055,104227,136686,080732,"SUGAR NO. 11 - COFFEE, SUGAR AND COCOA EXCHANGE ",6.460000038146973,0.17167806462191051,-32459,8.27277206380489,16582,-5.619367288702757,0.0669079709272642,0.24890294741461275,-0.040118867780283396,0.035603717912586985,0.21000647406453057
2003-08-26,189717,36519,18525,109065,143324,080732,"SUGAR NO. 11 - COFFEE, SUGAR AND COCOA EXCHANGE ",6.690000057220459,0.18057949472108456,-34259,-0.9520333846373547,17994,0.7468172995044138,0.04546949351992361,0.025652205508320616,0.035603717912586985,-0.07324368367179146,0.20911474741775948
2003-09-02,194025,21907,25486,121717,129201,080732,"SUGAR NO. 11 - COFFEE, SUGAR AND COCOA EXCHANGE ",6.199999809265137,0.03857234892410772,-7484,14.113126393522984,-3579,-11.371147551352804,0.10670816760854143,0.45519380499229845,-0.07324368367179146,-0.038709641693780994,0.20409879452088736
2003-09-09,201285,15744,40005,141898,121222,080732,"SUGAR NO. 11 - COFFEE, SUGAR AND COCOA EXCHANGE ",5.960000038146973,-0.10272002384678441,20676,14.513593609070996,-24261,-10.659451101662157,0.10702341137123746,0.3709842329010386,-0.038709641693780994,0.0,0.1953325425675253
2003-09-16,197537,16870,39885,135151,118320,080732,"SUGAR NO. 11 - COFFEE, SUGAR AND COCOA EXCHANGE ",5.960000038146973,-0.08520429084171573,16831,-1.910226792855901,-23015,0.6190227786471918,0.03806747122945031,0.02195401286230288,0.0,0.010067104428777007,0.18753985275060195
2003-09-23,193056,14782,42808,131943,113260,080732,"SUGAR NO. 11 - COFFEE, SUGAR AND COCOA EXCHANGE ",6.019999980926514,-0.09677502900712746,18683,0.9375458774811808,-28026,-2.536739952515225,0.0337190001753649,0.0870116339642299,0.010067104428777007,0.029900303805469486,0.1798556667571498
2003-09-30,169674,16341,43199,113165,99713,080732,"SUGAR NO. 11 - COFFEE, SUGAR AND COCOA EXCHANGE ",6.199999809265137,-0.0792814455956717,13452,-2.709576495939002,-26858,0.6050058014254931,0.15184753708697,0.03275109170305677,0.029900303805469486,-0.0177418806550389,0.1730362690636545
2003-10-07,173281,12909,42898,109609,88087,080732,"SUGAR NO. 11 - COFFEE, SUGAR AND COCOA EXCHANGE ",6.090000152587891,-0.12420288433238497,21522,4.756179497153365,-29989,-1.8453033464172472,0.07679467465199094,0.06689125020158762,-0.0177418806550389,-0.01642042347523298,0.1654147523099099
2003-10-14,181406,16341,54533,119879,87241,080732,"SUGAR NO. 11 - COFFEE, SUGAR AND COCOA EXCHANGE ",5.989999771118164,-0.17991687154779887,32638,6.415013763770985,-38192,-4.733929282494907,0.05366937041328698,0.21258853740440783,-0.01642042347523298,0.010016764926436439,0.15678146171346719
2003-10-21,190052,13960,56591,128198,92531,080732,"SUGAR NO. 11 - COFFEE, SUGAR AND COCOA EXCHANGE ",6.050000190734863,-0.18766969040052195,35667,1.6697352899022084,-42631,-2.4469973429765277,0.06165478935708493,0.06291902311802809,0.010016764926436439,0.01487597899394455,0.14838021410093086
2003-10-28,200574,18320,58722,129853,104043,080732,"SUGAR NO. 11 - COFFEE, SUGAR AND COCOA EXCHANGE ",6.139999866485596,-0.12868068642994607,25810,-5.186475280449561,-40402,1.1728369077936565,0.05629425043609126,0.08425274525583448,0.01487597899394455,-0.024429983490095508,0.14178352599305283
2003-11-04,206548,17964,64458,138666,100194,080732,"SUGAR NO. 11 - COFFEE, SUGAR AND COCOA EXCHANGE ",5.989999771118164,-0.1862617890272479,38472,6.312882028577982,-46494,-3.0372829977963245,0.05301013145775768,0.07391230496712042,-0.024429983490095508,0.03672792578216422,0.13415456517862723
2003-11-11,205736,19119,61734,134264,106186,080732,"SUGAR NO. 11 - COFFEE, SUGAR AND COCOA EXCHANGE ",6.210000038146973,-0.1364758719912898,28078,-5.032244320932665,-42615,1.8780138272943818,0.04322728217924725,0.047975956365255465,0.03672792578216422,0.01932365295039351,0.1280038734247655
2003-11-18,196451,19824,47979,123383,113487,080732,"SUGAR NO. 11 - COFFEE, SUGAR AND COCOA EXCHANGE ",6.329999923706055,-0.05037388458190592,9896,-8.837539370844189,-28155,7.028424777384609,0.07675940389243045,0.21326489978319543,0.01932365295039351,-0.03317536187646952,0.12403992324683946
2003-11-25,192221,17963,44302,124575,110570,080732,"SUGAR NO. 11 - COFFEE, SUGAR AND COCOA EXCHANGE ",6.119999885559082,-0.07285884476722106,14005,2.091615720968588,-26339,0.9244035408320649,0.017474324353058752,0.08894242351240665,-0.03317536187646952,0.042483698324135455,0.1197595152465338
2003-12-02,191864,21127,44214,118309,113058,080732,"SUGAR NO. 11 - COFFEE, SUGAR AND COCOA EXCHANGE ",6.380000114440918,-0.027368344243839385,5251,-4.5541330031578235,-23087,1.6918026646412203,0.037835992168286744,0.04976966988567668,0.042483698324135455,0.05329148427147423,0.11662913525737692
2003-12-09,210522,36754,32424,114066,151716,080732,"SUGAR NO. 11 - COFFEE, SUGAR AND COCOA EXCHANGE ",6.71999979019165,0.178841166243908,-37650,-22.36010924404787,4330,14.289809448359255,0.16141424174699565,0.39632542137673826,0.05329148427147423,-0.025297560232801608,0.11792521923626298
2003-12-16,217395,42437,31300,115744,155524,080732,"SUGAR NO. 11 - COFFEE, SUGAR AND COCOA EXCHANGE ",6.550000190734863,0.18298488925688264,-39780,-1.0117707413001966,11137,3.233391284521333,0.02022354276951207,0.09231457748484478,-0.025297560232801608,-0.12213743014335832,0.11925296760403073
2003-12-30,208169,22699,47553,138177,124699,080732,"SUGAR NO. 11 - COFFEE, SUGAR AND COCOA EXCHANGE ",5.75,-0.06474547122770441,13478,24.49826352952,-24854,-16.555578555164562,0.20259742235883077,0.5123128167169618,-0.12213743014335832,0.017391287762185792,0.11557299882739602
2004-01-06,220805,27165,60558,141419,119970,080732,"SUGAR NO. 11 - COFFEE, SUGAR AND COCOA EXCHANGE ",5.849999904632568,-0.09714001041643079,21449,3.829100394391096,-33393,-4.101955622595103,0.03049477981093313,0.19916099540599386,0.017391287762185792,0.02222224214704216,0.11140215550888961
2004-01-13,241612,29929,67301,153983,128917,080732,"SUGAR NO. 11 - COFFEE, SUGAR AND COCOA EXCHANGE ",5.980000019073486,-0.10374484711024287,25066,1.6380969633839813,-37372,-1.80204252621091,0.07603746907034288,0.09777846343721074,0.02222224214704216,-0.02842810631299708,0.10726471315082937
2004-01-20,250915,29443,76200,162709,126340,080732,"SUGAR NO. 11 - COFFEE, SUGAR AND COCOA EXCHANGE ",5.809999942779541,-0.14494549947193272,36369,4.678161680711223,-46757,-3.884326937403771,0.03910409653726531,0.08883693193112653,-0.02842810631299708,-0.010327012628305932,0.09765561826665864
2004-01-27,258258,29976,84458,165878,124654,080732,"SUGAR NO. 11 - COFFEE, SUGAR AND COCOA EXCHANGE ",5.75,-0.15962332241402008,41224,1.9349181993902318,-54482,-3.0787318414602556,0.016710723775694245,0.07682157400772498,-0.010327012628305932,0.0,0.08781149416192376
2004-02-03,265575,34419,81629,164326,130307,080732,"SUGAR NO. 11 - COFFEE, SUGAR AND COCOA EXCHANGE ",5.75,-0.12809564153252376,34019,-2.789845813101627,-47210,2.8157888623004905,0.024454151435854096,0.06266372535502551,0.0,-0.05391303352687671,0.07907270541738673
2004-02-10,272016,34659,96392,167292,115697,080732,"SUGAR NO. 11 - COFFEE, SUGAR AND COCOA EXCHANGE ",5.440000057220459,-0.18967634256808424,51595,6.618092817471524,-61733,-5.468511719853149,0.06210842117538137,0.11448214817132261,-0.05391303352687671,0.025735269303862385,0.06765840281356371
2004-02-17,280947,44370,97254,160397,121905,080732,"SUGAR NO. 11 - COFFEE, SUGAR AND COCOA EXCHANGE ",5.579999923706055,-0.1370080477812541,38492,-4.8169960590553496,-52884,3.253117463678607,0.04641483234266849,0.07465542563407332,0.025735269303862385,0.03225811964818637,0.05710196022103805
2004-02-24,271351,47843,98615,155991,121987,080732,"SUGAR NO. 11 - COFFEE, SUGAR AND COCOA EXCHANGE ",5.760000228881836,-0.12531370807551842,34004,-1.5974543241251908,-50772,0.751743211353031,0.016145162566821834,0.03300604951590217,0.03225811964818637,0.06944437545758975,0.046924126780921296
2004-03-02,243233,57204,85516,121458,115180,080732,"SUGAR NO. 11 - COFFEE, SUGAR AND COCOA EXCHANGE ",6.159999847412109,-0.025810642470388476,6278,-10.217762234154288,-28312,8.277102350829738,0.17469721684598416,0.15737107623318386,0.06944437545758975,0.02435066543555986,0.03874394223466019
2004-03-09,244852,61798,81008,119017,125748,080732,"SUGAR NO. 11 - COFFEE, SUGAR AND COCOA EXCHANGE ",6.309999942779541,0.027490075637527978,-6731,-5.3483696702338905,-19210,3.7420909169397243,0.053148938778011565,0.06373681778076551,0.02435066543555986,0.07765455664005572,0.030284773779820664
2004-03-16,264563,81388,41832,112269,186553,080732,"SUGAR NO. 11 - COFFEE, SUGAR AND COCOA EXCHANGE ",6.800000190734863,0.2807800032506435,-74284,-27.589319262248214,39556,24.000620783166973,0.22606434599862124,0.47691933127739006,0.07765455664005572,0.030882357684798523,0.0274842685247064
2004-03-23,304720,107447,44173,114630,217011,080732,"SUGAR NO. 11 - COFFEE, SUGAR AND COCOA EXCHANGE ",7.010000228881836,0.33598385402992914,-102381,-10.62015474575054,63274,8.964972426227401,0.09895941695990544,0.1873103812161984,0.030882357684798523,-0.09843081807295762,0.02747171272484181
2004-03-30,277005,74900,32948,121014,200323,080732,"SUGAR NO. 11 - COFFEE, SUGAR AND COCOA EXCHANGE ",6.320000171661377,0.2863089113914911,-79309,7.571541086899448,41952,-6.997243370963507,0.07180001058079213,0.40586751724649506,-0.09843081807295762,0.017405008495170682,0.02675691277032623
2004-04-06,271307,67635,29764,118141,191722,080732,"SUGAR NO. 11 - COFFEE, SUGAR AND COCOA EXCHANGE ",6.429999828338623,0.271209367985345,-73581,2.0678327106008916,37871,-1.4732586054403352,0.03702926777317718,0.10728036222137805,0.017405008495170682,0.02643858177798264,0.02645726619047926
2004-04-20,284611,76306,23694,120733,207668,080732,"SUGAR NO. 11 - COFFEE, SUGAR AND COCOA EXCHANGE ",6.599999904632568,0.305452002909234,-86935,-4.922099319221399,52612,5.433328295989414,0.056449279996102324,0.14741,0.02643858177798264,0.006060600368335001,0.027300468876450067
2004-04-27,275343,75486,24378,120717,202980,080732,"SUGAR NO. 11 - COFFEE, SUGAR AND COCOA EXCHANGE ",6.639999866485596,0.29876553970865427,-82263,1.6415388020842483,51108,-0.5284405732736964,0.014532108731313543,0.01506048225586798,0.006060600368335001,0.03463855778587832,0.029456547102806898
2004-05-04,276732,77552,23925,122863,207936,080732,"SUGAR NO. 11 - COFFEE, SUGAR AND COCOA EXCHANGE ",6.869999885559082,0.3074201754766344,-85073,-1.0205452835191016,53627,0.9148589214180133,0.02146923055994728,0.02482335898775092,0.03463855778587832,-0.08442502669108187,0.029979127788730464
2004-05-11,268547,70394,34162,129255,185436,080732,"SUGAR NO. 11 - COFFEE, SUGAR AND COCOA EXCHANGE ",6.289999961853027,0.20920360309368566,-56181,10.44042611624243,36232,-6.2858650246447825,0.09181069684229927,0.16637017483453842,-0.08442502669108187,0.05564386434900048,0.027697799669876486
2004-05-18,260903,61738,34811,130848,176996,080732,"SUGAR NO. 11 - COFFEE, SUGAR AND COCOA EXCHANGE ",6.639999866485596,0.1768779968034097,-46148,3.7360313092307864,26927,-3.4649428219268876,0.03259118254700433,0.09637593346383702,0.05564386434900048,0.01656628550094008,0.027080636764060768
2004-05-25,265389,65378,33665,130705,186071,080732,"SUGAR NO. 11 - COFFEE, SUGAR AND COCOA EXCHANGE ",6.75,0.20862206044711726,-55366,-3.533113839242937,31713,1.8343982246275436,0.029099426724246785,0.04832244580636693,0.01656628550094008,0.06962959854691109,0.029183388447530694
2004-06-01,276987,71318,20954,126006,212314,080732,"SUGAR NO. 11 - COFFEE, SUGAR AND COCOA EXCHANGE ",7.21999979019165,0.3115958510688227,-86308,-11.659111719023771,50364,7.027796932050688,0.09145779144005675,0.2021306571874458,0.06962959854691109,-0.03739612032860551,0.032717669740098265
2004-06-08,291857,84021,22736,124513,222251,080732,"SUGAR NO. 11 - COFFEE, SUGAR AND COCOA EXCHANGE ",6.949999809265137,0.33488317909113025,-97738,-4.126547455295736,61285,3.9427843183976146,0.03296189915908226,0.13568196933222176,-0.03739612032860551,-0.024460374693846543,0.0360877737821054
2004-06-15,286329,70270,21732,132284,210814,080732,"SUGAR NO. 11 - COFFEE, SUGAR AND COCOA EXCHANGE ",6.78000020980835,0.274264919026714,-78530,6.5813052282453395,48538,-4.367549861747363,0.05598400457012282,0.16037694832721028,-0.024460374693846543,0.03244834563181653,0.03942371013467724
2004-06-22,281571,69102,23089,130647,209426,080732,"SUGAR NO. 11 - COFFEE, SUGAR AND COCOA EXCHANGE ",7.0,0.27978378455167613,-78779,-0.08696289932210848,46013,-0.8818526939290118,0.008895148982718416,0.02738879066286297,0.03244834563181653,0.04571431023733963,0.04541701128018272
2004-06-29,271678,73878,25546,125541,209151,080732,"SUGAR NO. 11 - COFFEE, SUGAR AND COCOA EXCHANGE ",7.320000171661377,0.3077540323471168,-83610,-1.7157306682861517,48332,0.8235933388026466,0.016077468239455977,0.07274903443836499,0.04571431023733963,0.11065572729292716,0.052372650684489944
2004-07-06,286630,81393,31147,122635,213288,080732,"SUGAR NO. 11 - COFFEE, SUGAR AND COCOA EXCHANGE ",8.130000114440918,0.3162718487248369,-90653,-2.592407187920995,50246,0.7045104866790833,0.02096611425832706,0.11654522836324863,0.11065572729292716,0.0,0.059742475632906036
2004-07-13,304780,100353,37497,124560,225398,080732,"SUGAR NO. 11 - COFFEE, SUGAR AND COCOA EXCHANGE ",8.130000114440918,0.33085504298182294,-100838,-3.55336147646792,62856,4.399399923245997,0.0401048125775093,0.18360536815379036,0.0,0.011070129313778043,0.0695690391803153
2004-07-20,310152,104472,39217,126650,232043,080732,"SUGAR NO. 11 - COFFEE, SUGAR AND COCOA EXCHANGE ",8.220000267028809,0.33981080244525264,-105393,-1.4945206378371285,65255,0.7871251394448454,0.024352301271560916,0.04063637439191587,0.011070129313778043,-0.0024331456343007485,0.07862201661722909
2004-07-27,304640,101096,40987,125152,223187,080732,"SUGAR NO. 11 - COFFEE, SUGAR AND COCOA EXCHANGE ",8.199999809265137,0.32180606617647056,-98035,2.3723851530862285,60109,-1.6591864634114888,0.02972391836687824,0.03621826678772267,-0.0024331456343007485,0.021951257239347655,0.0867522318992245
2004-08-03,323235,112827,46894,130210,237387,080732,"SUGAR NO. 11 - COFFEE, SUGAR AND COCOA EXCHANGE ",8.380000114440918,0.3315760978854394,-107177,-3.000919117647059,65933,1.911764705882353,0.05238889327170788,0.11043006242134723,0.021951257239347655,-0.053699317417290615,0.09115726540085106
2004-08-10,326112,110502,52255,137412,230221,080732,"SUGAR NO. 11 - COFFEE, SUGAR AND COCOA EXCHANGE ",7.929999828338623,0.284592409969581,-92809,4.4450631893204635,58247,-2.377836558541,0.03908245451306058,0.04722377532149155,-0.053699317417290615,-0.049180312096841816,0.09279620396301266
2004-08-17,305594,88598,44494,140792,213743,080732,"SUGAR NO. 11 - COFFEE, SUGAR AND COCOA EXCHANGE ",7.539999961853027,0.2387186921209186,-72951,6.089319006966932,44104,-4.33685359631047,0.05601139520780741,0.22289093258798426,-0.049180312096841816,0.013262586888394656,0.09130974026634332
2004-08-24,291198,77786,42965,144804,202706,080732,"SUGAR NO. 11 - COFFEE, SUGAR AND COCOA EXCHANGE ",7.639999866485596,0.19884065137810011,-57902,4.924507680124609,34821,-3.037690530573244,0.04330522862651434,0.10220205215691795,0.013262586888394656,0.04581150664254774,0.09033903351130562
2004-08-31,298811,83587,41835,140068,207490,080732,"SUGAR NO. 11 - COFFEE, SUGAR AND COCOA EXCHANGE ",7.989999771118164,0.22563426379885612,-67422,-3.2692532228930142,41752,2.3801674462049878,0.027391111699342267,0.05526143738738021,0.04581150664254774,-0.012515632978369107,0.09137665272624688
2004-09-07,298949,86810,46835,132879,203250,080732,"SUGAR NO. 11 - COFFEE, SUGAR AND COCOA EXCHANGE ",7.889999866485596,0.23539466597981595,-70371,-0.9869114590828317,39975,-0.5946902891794479,0.03400182667963788,0.06152867671817128,-0.012515632978369107,-0.02281366684215158,0.09243079063506866
2004-09-14,290238,77586,37945,141422,209131,080732,"SUGAR NO. 11 - COFFEE, SUGAR AND COCOA EXCHANGE ",7.710000038146973,0.233287853416851,-67709,0.8904528866127668,39641,-0.11172474234735692,0.04114641723220169,0.15678908691173798,-0.02281366684215158,-0.015564187414442987,0.0961753195676214
2004-09-21,286124,72517,39518,150498,199876,080732,"SUGAR NO. 11 - COFFEE, SUGAR AND COCOA EXCHANGE ",7.590000152587891,0.17257552669471976,-49378,6.315851129073382,32999,-2.288466706633866,0.052318379788454626,0.059285044852055165,-0.015564187414442987,0.09090903379600568,0.10146946477034263
2004-09-28,299887,87392,47258,145960,217446,080732,"SUGAR NO. 11 - COFFEE, SUGAR AND COCOA EXCHANGE ",8.279999732971191,0.23837645513143285,-71486,-7.726719883686793,40134,2.4936740713816388,0.060835539314155515,0.16795395469736354,0.09090903379600568,0.09299522736667587,0.10769217142367242
2004-10-05,298514,98309,51109,132850,213454,080732,"SUGAR NO. 11 - COFFEE, SUGAR AND COCOA EXCHANGE ",9.050000190734863,0.2700174866170431,-80604,-3.0404785802652334,47200,2.356220843184266,0.04938435594160044,0.09883682019569262,0.09299522736667587,0.029834198718114324,0.11474587364721416
2004-10-12,326005,115340,56961,132108,227470,080732,"SUGAR NO. 11 - COFFEE, SUGAR AND COCOA EXCHANGE ",9.31999969482422,0.29251698593579856,-95362,-4.943821730304107,58379,3.7448829870625833,0.041042555439987985,0.1328082831788556,0.029834198718114324,-0.04184542944406122,0.12189584348435781
2004-10-19,336318,122314,54240,139218,240233,080732,"SUGAR NO. 11 - COFFEE, SUGAR AND COCOA EXCHANGE ",8.930000305175781,0.3003556158159837,-101015,-1.7340224843177252,68074,2.9738807686998667,0.05237303367233187,0.05491237808262628,-0.04184542944406122,-0.008958557779632725,0.1300604300256726
2004-10-26,332020,118094,54802,142073,234922,080732,"SUGAR NO. 11 - COFFEE, SUGAR AND COCOA EXCHANGE ",8.850000381469727,0.2796488163363653,-92849,2.428059158296612,63292,-1.4218685886571638,0.02166076473162774,0.02765824541921155,-0.008958557779632725,-0.03954806399811717,0.1388982317157527
2004-11-02,311116,94118,50082,151964,219156,080732,"SUGAR NO. 11 - COFFEE, SUGAR AND COCOA EXCHANGE ",8.5,0.21597089188598464,-67192,7.727546533341364,44036,-5.799650623456419,0.06913397283897392,0.199001386962552,-0.03954806399811717,0.0011764975155101887,0.1466605506058778
2004-11-09,300220,77925,52446,153563,203245,080732,"SUGAR NO. 11 - COFFEE, SUGAR AND COCOA EXCHANGE ",8.510000228881836,0.16548531077210046,-49682,5.628125843736742,25479,-5.9646562696871905,0.04907401179345754,0.14233993756280156,0.0011764975155101887,0.04230313125673657,0.15231758901360948
2004-11-16,300369,83221,50749,152173,216166,080732,"SUGAR NO. 11 - COFFEE, SUGAR AND COCOA EXCHANGE ",8.869999885559082,0.2130479510202451,-63993,-4.766837652388248,32472,2.329291852641396,0.03885279592983637,0.052198253340300066,0.04230313125673657,-0.00112742153448242,0.15999662247606125
2004-11-23,305115,89470,47387,152237,224821,080732,"SUGAR NO. 11 - COFFEE, SUGAR AND COCOA EXCHANGE ",8.859999656677246,0.23789063140127492,-72584,-2.8601486837856105,42083,3.1997309975396933,0.023123763452837495,0.07022658687535165,-0.00112742153448242,-0.0022572804587280837,0.16719597831053365
2004-11-30,320157,97293,47800,156615,238250,080732,"SUGAR NO. 11 - COFFEE, SUGAR AND COCOA EXCHANGE ",8.84000015258789,0.25498427334089213,-81635,-2.96642249643577,49493,2.428592497910624,0.04509642536056627,0.056763593005865205,-0.0022572804587280837,-0.015837142636447754,0.17306825057827974
2004-12-07,332060,102143,48330,159098,239147,080732,"SUGAR NO. 11 - COFFEE, SUGAR AND COCOA EXCHANGE ",8.699999809265137,0.24106787929892187,-80049,0.4953819532291969,53813,1.349337981053046,0.008487237755652927,0.035753922630638056,-0.015837142636447754,-0.0126436389757274,0.17910530296416713
2004-12-14,320615,92580,50223,155244,215463,080732,"SUGAR NO. 11 - COFFEE, SUGAR AND COCOA EXCHANGE ",8.59000015258789,0.18782340189947444,-60219,5.971812323074143,42357,-3.449978919472384,0.0742850822887078,0.08022240429122637,-0.0126436389757274,0.03026777930888702,0.18324360577461546
2004-12-21,335732,82043,53752,176169,228234,080732,"SUGAR NO. 11 - COFFEE, SUGAR AND COCOA EXCHANGE ",8.850000381469727,0.15507905114793943,-52065,2.543237215975547,28291,-4.387193362755953,0.08332282401465864,0.10358260613424647,0.03026777930888702,0.01920904734082196,0.18278664202276992
2004-12-28,353075,91292,51285,173679,245268,080732,"SUGAR NO. 11 - COFFEE, SUGAR AND COCOA EXCHANGE ",9.020000457763672,0.20275862068965517,-71589,-5.815352721813827,40007,3.4896882036862737,0.046602553544959145,0.0821731415305414,0.01920904734082196,0.001108567039917796,0.1831669060887848
2005-01-04,380803,112848,54449,169629,264034,080732,SUGAR NO. 11 - NEW YORK BOARD OF TRADE ,9.029999732971191,0.24791033684083372,-94405,-6.4620831268144165,58399,5.209091552786235,0.05261228188708744,0.14776116726540225,0.001108567039917796,-0.053156097057645346,0.18917951778241052
2005-01-11,353721,88567,54007,173118,233398,080732,SUGAR NO. 11 - NEW YORK BOARD OF TRADE ,8.550000190734863,0.17041679741943508,-60280,8.961326460138181,34560,-6.260192277896969,0.08394503537376143,0.17340468809179793,-0.053156097057645346,0.03391812343668521,0.1943248410100233
2005-01-18,350458,87229,48067,169792,235513,080732,SUGAR NO. 11 - NEW YORK BOARD OF TRADE ,8.84000015258789,0.1875288907657979,-65721,-1.5382179740529967,39162,1.3010253844131392,0.013424458124128742,0.05379316461684011,0.03391812343668521,0.015837034754739632,0.19992625904610103
2005-01-25,374488,87156,41824,171882,251944,080732,SUGAR NO. 11 - NEW YORK BOARD OF TRADE ,8.979999542236328,0.21379056204738203,-80062,-4.0920738005695405,45332,1.7605533330670151,0.04369953707417667,0.048968832377112734,0.015837034754739632,-0.003340727672656474,0.206825029459934
2005-02-01,421891,115232,36592,179996,303913,080732,SUGAR NO. 11 - NEW YORK BOARD OF TRADE ,8.949999809265137,0.2937180456563425,-123917,-11.710655615133195,78640,8.894276986178461,0.12416177421787981,0.2193856043840236,-0.003340727672656474,0.006703957641941649,0.21554313269205638
2005-02-08,400084,110227,32220,175234,292795,080732,SUGAR NO. 11 - NEW YORK BOARD OF TRADE ,9.010000228881836,0.293840793433379,-117561,1.50655027009346,78007,-0.15003875408577097,0.03392952146127697,0.06582799216550717,0.006703957641941649,0.009988917902509442,0.22365729490293912
2005-02-15,389035,115045,29210,170914,302813,080732,SUGAR NO. 11 - NEW YORK BOARD OF TRADE ,9.100000381469728,0.33904147441746885,-131899,-3.583747413043261,85835,1.95658911628558,0.030266377048384408,0.054265016810509166,0.009988917902509442,-0.012087978652787545,0.23382494522958436
2005-02-22,381448,111817,30107,169551,290826,080732,SUGAR NO. 11 - NEW YORK BOARD OF TRADE ,8.989999771118164,0.31793324384975147,-121275,2.7308596912874163,81710,-1.0603159098795738,0.028997973400061255,0.02906485161072123,-0.012087978652787545,0.007786501699746928,0.2425738162224883
2005-03-01,360142,103081,33169,161061,265857,080732,SUGAR NO. 11 - NEW YORK BOARD OF TRADE ,9.0600004196167,0.2909852224955712,-104796,4.320117027746901,69912,-3.092951070657075,0.07837336444000956,0.0865908256880734,0.007786501699746928,-0.011037569187436924,0.250579564887317
2005-03-08,349343,90029,37249,168939,249944,080732,SUGAR NO. 11 - NEW YORK BOARD OF TRADE ,8.960000038146973,0.2318781255098857,-81005,6.60600540897757,52780,-4.757012511731483,0.05679628917860118,0.1346029950187778,-0.011037569187436924,0.020089319688552987,0.25553511811770685
2005-03-15,359588,95023,26308,166408,267025,080732,SUGAR NO. 11 - NEW YORK BOARD OF TRADE ,9.140000343322754,0.279811895836346,-100617,-5.613966789086943,68715,4.5614195790383665,0.04524805448592977,0.13133494325440323,0.020089319688552987,-0.04266962020495646,0.26038746081383796
2005-03-22,358455,90117,28734,173477,257235,080732,SUGAR NO. 11 - NEW YORK BOARD OF TRADE ,8.75,0.2336639187624667,-83758,4.688421193143264,61383,-2.0390001891053093,0.039142164601868534,0.06169068834086377,-0.04266962020495646,-0.026285661969866037,0.2594813822659884
2005-03-29,352084,76093,44295,185709,230404,080732,SUGAR NO. 11 - NEW YORK BOARD OF TRADE ,8.520000457763672,0.12694413833062565,-44695,10.897602209482361,31798,-8.253476726506815,0.0938759423521976,0.2457470844270193,-0.026285661969866037,0.0035210952299720155,0.2554613877333095
2005-04-05,363911,70850,63066,195661,215950,080732,SUGAR NO. 11 - NEW YORK BOARD OF TRADE ,8.550000190734863,0.05575264281651283,-20289,6.931868531373195,7784,-6.8205314640824355,0.059293847832055026,0.17932136563218734,0.0035210952299720155,-0.011695950788175535,0.25102761333763685
2005-04-12,354839,67311,83494,206630,196863,080732,SUGAR NO. 11 - NEW YORK BOARD OF TRADE ,8.449999809265137,-0.027525159297596937,9767,8.259162267697322,-16183,-6.585950960537054,0.07448952026429206,0.15892709127681443,-0.011695950788175535,-0.014201170209200087,0.24528271858219564
2005-04-19,349087,60310,94538,209539,188313,080732,SUGAR NO. 11 - NEW YORK BOARD OF TRADE ,8.329999923706055,-0.06080432671511686,21226,3.229351903257534,-34228,-5.085404930123239,0.028802167640228023,0.11653363298202107,-0.014201170209200087,0.020408172611160236,0.2382393276278812
2005-04-26,350292,68313,98292,206677,189503,080732,SUGAR NO. 11 - NEW YORK BOARD OF TRADE ,8.5,-0.049027668345266236,17174,-1.1607421645606968,-29979,1.2171750881585393,0.010227674289464386,0.07056811020077429,0.020408172611160236,0.007058872896082313,0.23155099670376733
2005-05-03,345753,67882,99288,205682,183795,080732,SUGAR NO. 11 - NEW YORK BOARD OF TRADE ,8.5600004196167,-0.06330241530803782,21887,1.3454489397417013,-31406,-0.4073744190561017,0.017210258885633812,0.008536220613746485,0.007058872896082313,-0.019859821023414992,0.22442171611175443
2005-05-10,353842,67619,103481,216525,184223,080732,SUGAR NO. 11 - NEW YORK BOARD OF TRADE ,8.390000343322754,-0.09128933252694706,32302,3.0122659817846844,-35862,-1.2887812976315463,0.028124906424985278,0.026043249561659848,-0.019859821023414992,-0.010727073766989559,0.21864300581135765
2005-05-17,358172,69484,102099,224674,190216,080732,SUGAR NO. 11 - NEW YORK BOARD OF TRADE ,8.300000190734863,-0.09620517516723809,34458,0.6093115006132681,-32615,0.9176412070924311,0.03408614331509557,0.01892378615597116,-0.010727073766989559,0.03855417921332438,0.21339140635038364
2005-05-24,359726,63485,97050,226782,200255,080732,SUGAR NO. 11 - NEW YORK BOARD OF TRADE ,8.619999885559082,-0.07374223714716201,26527,-2.2142992752085586,-33565,-0.26523569681605486,0.028444842016031396,0.0688198835144984,0.03855417921332438,0.016241339348193495,0.2079613237043398
2005-05-31,363027,65730,91021,227152,211985,080732,SUGAR NO. 11 - NEW YORK BOARD OF TRADE ,8.760000228881836,-0.041779261597622214,15167,-3.157959113325142,-25291,2.3000839527862875,0.02755404349895363,0.052784352252936186,0.016241339348193495,0.004566205571678639,0.20116564846075433
2005-06-07,361372,69678,85835,220235,222645,080732,SUGAR NO. 11 - NEW YORK BOARD OF TRADE ,8.800000190734863,0.006669028037590073,-2410,-4.8417886272921855,-16157,2.516066298099039,0.03968795158959538,0.058734639547819156,0.004566205571678639,0.004545450112051208,0.19485383786357086
2005-06-14,352603,71371,68984,206194,229815,080732,SUGAR NO. 11 - NEW YORK BOARD OF TRADE ,8.84000015258789,0.06699035459142436,-23621,-5.869574842544525,2387,5.131554187928229,0.04864807836535484,0.13212211891275694,0.004545450112051208,0.009049764968910745,0.1908677885475076
2005-06-21,369363,77192,59517,218336,258835,080732,SUGAR NO. 11 - NEW YORK BOARD OF TRADE ,8.920000076293945,0.10964552486307508,-40499,-4.786686443393845,17675,4.335754375317284,0.08626257672825884,0.11182877498921066,0.009049764968910745,0.021300401206077346,0.18759589893811143
2005-06-28,385202,101092,64164,201414,261156,080732,SUGAR NO. 11 - NEW YORK BOARD OF TRADE ,9.109999656677246,0.15509265268612313,-59742,-5.209780080841882,36928,5.212487444600569,0.041600190241476966,0.17274410611415017,0.021300401206077346,0.030735532074392502,0.1846601031754
2005-07-05,376077,110689,54201,189854,268051,080732,SUGAR NO. 11 - NEW YORK BOARD OF TRADE ,9.390000343322754,0.20792816364733818,-78197,-4.790992777815276,56488,5.077855255164822,0.04030311964272065,0.11862453757050155,0.030735532074392502,0.011714552998442374,0.18257657077006348
2005-07-12,394354,122431,53405,190355,286682,080732,SUGAR NO. 11 - NEW YORK BOARD OF TRADE ,9.5,0.24426530477692632,-96327,-4.820821267985013,69026,3.3338917296192006,0.04010590373493041,0.07130507973338793,0.011714552998442374,0.0021053113435443027,0.1809113834968924
2005-07-19,410328,127970,46542,189988,300121,080732,SUGAR NO. 11 - NEW YORK BOARD OF TRADE ,9.520000457763672,0.26840235128969997,-110133,-3.500915421169812,81428,3.1448901241016958,0.028169243984501408,0.07106674612634088,0.0021053113435443027,0.04621844109518669,0.17953814405159332
2005-07-26,424133,136830,40279,194195,324417,080732,SUGAR NO. 11 - NEW YORK BOARD OF TRADE ,9.960000038146973,0.30703104922276736,-130222,-4.895839426020159,96551,3.685588114873954,0.0549601628963464,0.08538809433738545,0.04621844109518669,0.013052220275403092,0.17925400911017594
2005-08-02,452855,154747,42061,190137,340482,080732,SUGAR NO. 11 - NEW YORK BOARD OF TRADE ,10.09000015258789,0.3319936845127027,-150345,-4.744502314132595,112686,3.804231219923939,0.03792363258760052,0.10009247591561318,0.013052220275403092,-0.016848372024092173,0.17926203962223872
2005-08-09,489576,174115,51109,202135,357393,080732,SUGAR NO. 11 - NEW YORK BOARD OF TRADE ,9.920000076293944,0.3171274735689658,-155258,-1.0848947234766095,123006,2.2788751366331383,0.05166676198510173,0.12616772635243137,-0.016848372024092173,-0.03024195447858702,0.17988771392222686
2005-08-16,472883,165801,51640,201579,346888,080732,SUGAR NO. 11 - NEW YORK BOARD OF TRADE ,9.619999885559082,0.30728319690071326,-145309,2.0321666094743205,114161,-1.806665359413043,0.020167120355463503,0.04067770107753368,-0.03024195447858702,-0.004158000242086346,0.1812062620910691
2005-08-23,465529,156348,49227,200520,341513,080732,SUGAR NO. 11 - NEW YORK BOARD OF TRADE ,9.579999923706056,0.30286620167594286,-140993,0.912699335776503,107121,-1.4887403438059732,0.011870125988639069,0.0577210263893956,-0.004158000242086346,0.056367428617277504,0.18320675344295065
2005-08-30,474985,163292,46148,187051,337694,080732,SUGAR NO. 11 - NEW YORK BOARD OF TRADE ,10.119999885559082,0.3171531732581029,-150643,-2.072910602776626,117144,2.153034504832137,0.03294552592211455,0.04785618792971734,0.056367428617277504,0.007905130890387913,0.1849667324710131
2005-09-06,483634,172346,42740,177810,336587,080732,SUGAR NO. 11 - NEW YORK BOARD OF TRADE ,10.199999809265137,0.32829991274393444,-158777,-1.7124751307936041,129606,2.623661799846311,0.02011675806818469,0.057939614851733726,0.007905130890387913,0.010784373765541089,0.18675337183186153
2005-09-13,468489,179403,31098,180774,367187,080732,SUGAR NO. 11 - NEW YORK BOARD OF TRADE ,10.3100004196167,0.39790261884483946,-186413,-5.714238453045072,148305,3.8663534821786723,0.06125253439569604,0.08883093191956333,0.010784373765541089,0.01745871427502399,0.1899190403977844
2005-09-20,486938,189775,31513,186716,377587,080732,SUGAR NO. 11 - NEW YORK BOARD OF TRADE ,10.489999771118164,0.39198214146359495,-190871,-0.9515698340836178,158262,2.12534339120022,0.028959619211664657,0.04874642999168504,0.01745871427502399,0.04099145038684249,0.19413839837410893
2005-09-27,460099,172305,33726,185478,360286,080732,SUGAR NO. 11 - NEW YORK BOARD OF TRADE ,10.920000076293944,0.3799356225507988,-174808,3.298777257063527,138579,-4.042198390760221,0.033968894980247875,0.09553416718843281,0.04099145038684249,0.04670331733687316,0.1968606900552506
2005-10-04,458136,164891,34755,182075,345989,080732,SUGAR NO. 11 - NEW YORK BOARD OF TRADE ,11.43000030517578,0.35778458798260776,-163914,2.36775128830969,130136,-1.8350398501192133,0.03351866440431463,0.04228985303988059,0.04670331733687316,0.035870501877979244,0.19854851892766529
2005-10-11,456345,170785,36034,181854,353744,080732,SUGAR NO. 11 - NEW YORK BOARD OF TRADE ,11.84000015258789,0.37666677623289396,-171890,-1.7409677475684078,134751,1.0073427977718408,0.014891765839304853,0.034682500157142235,0.035870501877979244,-0.012668967083738103,0.20016678412568634
2005-10-18,475768,165611,39711,205379,374979,080732,SUGAR NO. 11 - NEW YORK BOARD OF TRADE ,11.6899995803833,0.35647626574296715,-169600,0.5018133210619159,125900,-1.9395413557724968,0.07712480916951261,0.0431078988125968,-0.012668967083738103,0.011120626099856201,0.20124602739351294
2005-10-25,472662,167350,37638,203848,371546,080732,SUGAR NO. 11 - NEW YORK BOARD OF TRADE ,11.81999969482422,0.3547947581993052,-167698,0.39977468009618133,129712,0.8012308520119049,0.008627132017365492,0.018596210509883505,0.011120626099856201,-0.048223325680271656,0.20269114166010796
2005-11-01,460599,147414,31696,214568,357341,080732,SUGAR NO. 11 - NEW YORK BOARD OF TRADE ,11.25,0.3099724489197762,-142773,5.273324278236879,115718,-2.960678032082122,0.043582108342411115,0.144481045167774,-0.048223325680271656,0.002666642930772678,0.20449886391075778
2005-11-08,464156,142067,33967,219229,357724,080732,SUGAR NO. 11 - NEW YORK BOARD OF TRADE ,11.279999732971191,0.2983802859383483,-138495,0.9287905531709795,108100,-1.6539332477925484,0.008742479890043037,0.04327573082472704,0.002666642930772678,0.0673759084107397,0.2070545365101087
2005-11-15,475030,146268,35740,220621,366003,080732,SUGAR NO. 11 - NEW YORK BOARD OF TRADE ,12.039999961853027,0.3060480390712166,-145382,-1.4837683882143073,110528,0.523099992243987,0.01648585806240454,0.032822733066678385,0.0673759084107397,0.0008305837968038965,0.20884299974185813
2005-11-22,488989,147482,35343,232583,383333,080732,SUGAR NO. 11 - NEW YORK BOARD OF TRADE ,12.050000190734863,0.30828914351856584,-150750,-1.130033892596257,112139,0.3391364755910153,0.04755843329285162,0.008811705182551621,0.0008305837968038965,0.03319498856421843,0.21019681728257528
2005-11-29,500572,149403,32307,233359,389529,080732,SUGAR NO. 11 - NEW YORK BOARD OF TRADE ,12.449999809265137,0.31198309134350305,-156170,-1.1084093916223063,117096,1.0137242351054931,0.011193023464892565,0.027279731440206925,0.03319498856421843,0.0514056508536227,0.21129294839801013
2005-12-06,517813,147922,32498,246456,401665,080732,SUGAR NO. 11 - NEW YORK BOARD OF TRADE ,13.09000015258789,0.2997394812412975,-155209,0.19198037445162733,115424,-0.33401788354122885,0.038932545003170706,0.00926726526992573,0.0514056508536227,0.055003839467982374,0.2124212484353635
2005-12-13,519427,136727,33005,254514,402749,080732,SUGAR NO. 11 - NEW YORK BOARD OF TRADE ,13.8100004196167,0.28538177645751955,-148235,1.3468182529214214,103722,-2.259889187795594,0.013909196166526945,0.06894398227794406,0.055003839467982374,0.028964489962077566,0.21429737102301824
2005-12-20,527468,129330,31772,273724,413693,080732,SUGAR NO. 11 - NEW YORK BOARD OF TRADE ,14.210000038146973,0.26536017350815594,-139969,1.5913689507861546,97558,-1.1866922589699802,0.04386565941779153,0.05356854663505108,0.028964489962077566,0.02392682277798408,0.21641816183763776
2005-12-27,532810,125167,36033,280157,414231,080732,SUGAR NO. 11 - NEW YORK BOARD OF TRADE ,14.550000190734863,0.2516356674987331,-134074,1.1176033427620253,89134,-1.5970637081301615,0.010039055974469606,0.052258064516129035,0.02392682277798408,-0.025429545065895787,0.21735810504550465
2006-01-03,532712,132491,38804,275312,407563,080732,SUGAR NO. 11 - NEW YORK BOARD OF TRADE ,14.18000030517578,0.24825984772259682,-132251,0.3421482329535857,93687,0.8545260036410728,0.016859600951857952,0.05893341895560291,-0.025429545065895787,0.03385046064217123,0.21736482640861549
2006-01-10,536758,133129,41978,278782,405570,080732,SUGAR NO. 11 - NEW YORK BOARD OF TRADE ,14.65999984741211,0.23621073183818406,-126788,1.0255072159065313,91151,-0.4760546036132094,0.007982734031609463,0.02176954662006659,0.03385046064217123,0.062073660087571536,0.2186300943782068
2006-01-17,531625,131518,34304,267303,402447,080732,SUGAR NO. 11 - NEW YORK BOARD OF TRADE ,15.56999969482422,0.25420926404890665,-135144,-1.5567536953338375,97214,1.1295593172342098,0.021802164986935425,0.055993776459094695,0.062073660087571536,0.149004479145586,0.21991240924903582
2006-01-24,507294,124501,35815,270728,399233,080732,SUGAR NO. 11 - NEW YORK BOARD OF TRADE ,17.889999389648438,0.253314645944955,-128505,1.2488126028685633,88686,-1.6041382553491652,0.009909532047387834,0.05319493999351281,0.149004479145586,0.007266689354414213,0.22067248778552762
2006-01-31,518793,119581,37750,277705,399312,080732,SUGAR NO. 11 - NEW YORK BOARD OF TRADE ,18.020000457763672,0.2344037024400869,-121607,1.359763766178981,81831,-1.3512874191297355,0.010422190284734357,0.04357056142781779,0.007266689354414213,0.008324062970023194,0.21953182733906115
2006-02-07,516881,120658,33240,289515,411633,080732,SUGAR NO. 11 - NEW YORK BOARD OF TRADE ,18.170000076293945,0.2362594098061256,-122118,-0.0984978594545416,87418,1.0769227803767591,0.034416414223530555,0.036303265799425596,0.008324062970023194,-0.024766139848648727,0.21842449303853703
2006-02-14,496280,112496,29540,277240,395481,080732,SUGAR NO. 11 - NEW YORK BOARD OF TRADE ,17.719999313354492,0.2382546143306198,-118241,0.7500759362406434,82956,-0.8632547917218857,0.042256745366950045,0.0835140386944155,-0.024766139848648727,-0.0022572804587280837,0.21648628419071303
2006-02-21,487329,111957,32834,282019,389089,080732,SUGAR NO. 11 - NEW YORK BOARD OF TRADE ,17.68000030517578,0.2197078359793897,-107070,2.250947046022407,79123,-0.7723462561457242,0.01664560696638991,0.02647263987402532,-0.0022572804587280837,-0.05316745010363122,0.21459733403935993
2006-02-28,464326,107994,36234,269899,371315,080732,SUGAR NO. 11 - NEW YORK BOARD OF TRADE ,16.739999771118164,0.21841550979268876,-101416,1.1602018349000367,71760,-1.5108889477129415,0.046620940902725144,0.051051113514712816,-0.05316745010363122,0.026284381127457346,0.21320176264122756
2006-03-07,458466,105980,34106,267024,370440,080732,SUGAR NO. 11 - NEW YORK BOARD OF TRADE ,17.18000030517578,0.22556961693996938,-103416,-0.43073185649737467,71874,0.02455171582035036,0.005882685139866722,0.029567551361306624,0.026284381127457346,-0.04540166896333053,0.21308044516872915
2006-03-14,454610,105243,32187,266065,367714,080732,SUGAR NO. 11 - NEW YORK BOARD OF TRADE ,16.399999618530273,0.22359604936099073,-101649,0.3854157123974297,73056,0.25781628299590376,0.005814329600696773,0.019326202430328166,-0.04540166896333053,0.037804930100904466,0.21199937119804924
2006-03-21,462834,106525,33655,264441,372739,080732,SUGAR NO. 11 - NEW YORK BOARD OF TRADE ,17.020000457763672,0.233988859936824,-108298,-1.462572314731308,72870,-0.04091419018499373,0.010435041903386798,0.019617634469967185,0.037804930100904466,0.06756754333726822,0.21200562006678692
2006-03-28,479103,107516,33112,261107,375687,080732,SUGAR NO. 11 - NEW YORK BOARD OF TRADE ,18.170000076293945,0.23915525471558308,-114580,-1.3572900867265587,74404,0.3314363249026649,0.00986504269826663,0.010908211735927412,0.06756754333726822,-0.011557566920171514,0.214163526151113
2006-04-04,487062,115542,28351,256135,385550,080732,SUGAR NO. 11 - NEW YORK BOARD OF TRADE ,17.959999084472656,0.26570539274260774,-129415,-3.0964114188389553,87191,2.668945926032607,0.023118819981766753,0.0888646424773964,-0.011557566920171514,-0.05345206756177534,0.21820107903430713
2006-04-11,475643,117223,28140,251562,374180,080732,SUGAR NO. 11 - NEW YORK BOARD OF TRADE ,17.0,0.25779418597561615,-122618,1.3955102225178726,89083,0.38845157290036997,0.025478551863227977,0.013015691750995782,-0.05345206756177534,0.030588262221392437,0.22368798952033048
2006-04-18,460723,104045,21675,255378,375535,080732,SUGAR NO. 11 - NEW YORK BOARD OF TRADE ,17.520000457763672,0.26080095849349827,-120157,0.5174048603679651,82370,-1.4113526321211496,0.008196058727590017,0.15624403436207446,0.030588262221392437,-0.0388128017927335,0.22987270654357309
2006-04-25,475389,101262,25467,270242,368224,080732,SUGAR NO. 11 - NEW YORK BOARD OF TRADE ,16.84000015258789,0.20610910222996326,-97982,4.813087256334066,75795,-1.4271047896458393,0.03473168500750236,0.05188236315286951,-0.0388128017927335,0.06353917370124162,0.234779182900789
2006-05-02,477939,101646,25508,268982,375165,080732,SUGAR NO. 11 - NEW YORK BOARD OF TRADE ,17.90999984741211,0.22216851941356533,-106183,-1.7251135385968124,76138,0.07215143808544161,0.012731565931379018,0.0033424036994510594,0.06353917370124162,-0.024567310876956516,0.24026900856851216
2006-05-09,491563,109170,31885,272478,383156,080732,SUGAR NO. 11 - NEW YORK BOARD OF TRADE ,17.469999313354492,0.2251552700264259,-110678,-0.9404965905690893,77285,0.23998878517969865,0.017520445858512524,0.09855021091063769,-0.024567310876956516,-0.02518595558115666,0.24635448169453855
2006-05-16,496944,113003,35015,274889,382468,080732,SUGAR NO. 11 - NEW YORK BOARD OF TRADE ,17.030000686645508,0.21648113268295824,-107579,0.6304380109975731,77988,0.14301320481810062,0.0047143333074721955,0.047041576024537554,-0.02518595558115666,-0.02407515154909068,0.2523676799224269
2006-05-23,490923,99567,38142,282537,365695,080732,SUGAR NO. 11 - NEW YORK BOARD OF TRADE ,16.6200008392334,0.16939112651067478,-83158,4.914235809266235,61425,-3.332971119482276,0.03767324044477903,0.12027536326601747,-0.02407515154909068,-0.04271967244100561,0.2570433215312315
2006-05-30,485191,99708,42126,279360,355031,080732,SUGAR NO. 11 - NEW YORK BOARD OF TRADE ,15.90999984741211,0.15596126061695292,-75671,1.5250864188477624,57582,-0.782811153683979,0.0218177748423291,0.02908329455560726,-0.04271967244100561,-0.051539893317949836,0.2608460238815118
2006-06-06,481640,96537,37700,274786,340439,080732,SUGAR NO. 11 - NEW YORK BOARD OF TRADE ,15.09000015258789,0.13631135287766796,-65653,2.0647538804305934,58837,0.258661022154162,0.031152830265350075,0.056593934608192974,-0.051539893317949836,-0.024519541538614797,0.26333914551305176
2006-06-13,455791,93720,37233,272963,335529,080732,SUGAR NO. 11 - NEW YORK BOARD OF TRADE ,14.720000267028809,0.1372690553345722,-62566,0.6409351382775517,56487,-0.4879162860227556,0.011065059195519415,0.025077699632692647,-0.024519541538614797,0.03328802732536018,0.2646906589888815
2006-06-20,448012,92870,34518,261112,334802,080732,SUGAR NO. 11 - NEW YORK BOARD OF TRADE ,15.210000038146973,0.16448220136960617,-73690,-2.440592289009656,58352,0.4091787683389975,0.02110707249703816,0.02798536753854366,0.03328802732536018,0.028270894417970593,0.265745210460161
2006-06-27,433368,92724,36128,250829,321370,080732,SUGAR NO. 11 - NEW YORK BOARD OF TRADE ,15.640000343322754,0.1627739011648299,-70541,0.7028829584921833,56596,-0.39195378695213523,0.0414453712781742,0.013628038369602335,0.028270894417970593,0.05946287283161822,0.26589292677705917
2006-07-11,455705,97847,46897,257392,340989,080732,SUGAR NO. 11 - NEW YORK BOARD OF TRADE ,16.56999969482422,0.18344543070626831,-83597,-3.0126820623580883,50950,-1.3028188514149637,0.043754731517210606,0.10979384292267728,0.05946287283161822,-0.054315005136143624,0.2654221049897309
2006-07-18,462175,98625,45237,262315,335371,080732,SUGAR NO. 11 - NEW YORK BOARD OF TRADE ,15.670000076293944,0.15806999513171419,-73056,2.3131192328370327,53388,0.5349952271754754,0.017636350859816022,0.016946796235281034,-0.054315005136143624,-0.02297381333276849,0.26376450288116915
2006-07-25,464034,95546,40319,261164,331733,080732,SUGAR NO. 11 - NEW YORK BOARD OF TRADE ,15.3100004196167,0.15207721847968036,-70569,0.538107859577,55227,0.3979012278898686,0.008077288297967437,0.05885989769256247,-0.02297381333276849,-0.026779934020190743,0.2615274810963611
2006-08-01,469125,97723,48628,264976,325020,080732,SUGAR NO. 11 - NEW YORK BOARD OF TRADE ,14.899999618530272,0.12799147348787637,-60044,2.2681527646681063,49095,-1.3214548933914325,0.01783910399392538,0.07164966416355201,-0.026779934020190743,-0.06107381682616908,0.2580844123322285
2006-08-08,472069,88709,51235,278997,319044,080732,SUGAR NO. 11 - NEW YORK BOARD OF TRADE ,13.989999771118164,0.08483293755785701,-40047,4.26261657340794,37474,-2.4771649347188918,0.03343750679301252,0.08304035900074315,-0.06107381682616908,-0.08577554173678348,0.25333132104463535
2006-08-15,479535,88311,57226,286859,320570,080732,SUGAR NO. 11 - NEW YORK BOARD OF TRADE ,12.789999961853027,0.07029935249773218,-33711,1.3421766733252978,31085,-1.3534038456242625,0.015455304241318739,0.04389948947690278,-0.08577554173678348,-0.057075804879874736,0.24858462640865012
2006-08-22,476171,87551,61322,281967,309557,080732,SUGAR NO. 11 - NEW YORK BOARD OF TRADE ,12.0600004196167,0.057941369802024904,-27590,1.2764448893198619,26229,-1.0126476690961035,0.026888173599042473,0.032618406292611826,-0.057075804879874736,-0.014925397919803851,0.24378959127213687
2006-08-29,494058,89986,63434,294374,319803,080732,SUGAR NO. 11 - NEW YORK BOARD OF TRADE ,11.880000114440918,0.051469665504859756,-25429,0.453828561588169,26552,0.06783277436047135,0.03688350426668534,0.029637596141311433,-0.014925397919803851,-0.032828311411266964,0.23895504249961605
2006-09-05,505361,95058,73453,300001,325262,080732,SUGAR NO. 11 - NEW YORK BOARD OF TRADE ,11.489999771118164,0.04998604957644139,-25261,0.03400410478122002,21605,-1.001299442575568,0.017730139157442548,0.08955498454106854,-0.032828311411266964,0.005221968739069993,0.2338172131980456
2006-09-12,510361,97243,64408,308603,338989,080732,SUGAR NO. 11 - NEW YORK BOARD OF TRADE ,11.550000190734863,0.05953824841631708,-30386,-1.0141265352886353,32835,2.2221738519592926,0.03448004299003076,0.06947064973306692,0.005221968739069993,0.06493506386273751,0.22864871965328376
2006-09-19,500233,96650,56701,298486,339866,080732,SUGAR NO. 11 - NEW YORK BOARD OF TRADE ,12.300000190734863,0.08272145180345959,-41380,-2.1541614660994863,39949,1.393915287414203,0.017222472867634158,0.05412419873362417,0.06493506386273751,-0.17154476240910532,0.22258754336402642
2006-09-26,473478,91428,56474,289562,324474,080732,SUGAR NO. 11 - NEW YORK BOARD OF TRADE ,10.1899995803833,0.07373521050608477,-34912,1.292997463182157,34954,-0.9985346828377977,0.039600284022435164,0.0368419629213939,-0.17154476240910532,0.06869487652256834,0.21646741007638198
2006-10-03,432984,90108,61469,252811,277201,080732,SUGAR NO. 11 - NEW YORK BOARD OF TRADE ,10.890000343322754,0.05633002605177097,-24390,2.2222785430368464,28639,-1.3337472913208217,0.1585322596469514,0.041661993574223004,0.06869487652256834,0.06611563734210191,0.21024422552832378
2006-10-10,436978,90259,58022,262729,285758,080732,SUGAR NO. 11 - NEW YORK BOARD OF TRADE ,11.609999656677246,0.052700593622562235,-23029,0.3143303216747039,32237,0.8309775880863959,0.03368356952853942,0.024264740593872444,0.06611563734210191,0.08354869041455437,0.20437722563678445
2006-10-17,455127,94475,52881,268745,306162,080732,SUGAR NO. 11 - NEW YORK BOARD OF TRADE ,12.579999923706056,0.0822122176886891,-37417,-3.2926142734874526,41594,2.1412977312358974,0.04595525885056192,0.0634992806536551,0.08354869041455437,-0.07074724552625933,0.1987146379724728
2006-10-24,457173,90993,55833,277490,310277,080732,SUGAR NO. 11 - NEW YORK BOARD OF TRADE ,11.6899995803833,0.0717168336712798,-32787,1.0172984683396062,35160,-1.4136713488762478,0.021879418204832867,0.04382057673709016,-0.07074724552625933,-0.01197599612264888,0.19323849504801727
2006-10-31,472934,91922,58402,288777,322094,080732,SUGAR NO. 11 - NEW YORK BOARD OF TRADE ,11.550000190734863,0.07044746201372708,-33317,-0.11592985587512822,33520,-0.3587263464815289,0.03782140582872652,0.02326973736728666,-0.01197599612264888,0.0025973794351326074,0.18777027781367922
2006-11-07,487900,91596,63948,298770,332207,080732,SUGAR NO. 11 - NEW YORK BOARD OF TRADE ,11.579999923706056,0.06853248616519779,-33437,-0.025373519349422963,27648,-1.241610880165097,0.03186486987639803,0.03775137581648923,0.0025973794351326074,0.00777203395344106,0.1831272016068604
2006-11-14,500291,87770,58243,308911,343666,080732,SUGAR NO. 11 - NEW YORK BOARD OF TRADE ,11.670000076293944,0.06946956871101019,-34755,-0.2701373232219717,29527,0.38511990161918425,0.03309954227623713,0.06527500975940498,0.00777203395344106,-0.0162811082104084,0.17872507242941163
2006-11-21,507837,82442,60819,321263,349087,080732,SUGAR NO. 11 - NEW YORK BOARD OF TRADE ,11.479999542236328,0.0547892335532858,-27824,1.385393700866096,21623,-1.5798805095434458,0.026513015588871484,0.05517202867493596,-0.0162811082104084,0.04442510881690209,0.1738931723232976
2006-11-28,524037,85511,58689,328351,366110,080732,SUGAR NO. 11 - NEW YORK BOARD OF TRADE ,11.989999771118164,0.07205407251778023,-37759,-1.9563363835246348,26822,1.0237536847453022,0.0347190122987468,0.03605409153952843,0.04442510881690209,-0.019182614397571296,0.1693501901886671
2006-12-05,550143,86166,59893,338149,380257,080732,SUGAR NO. 11 - NEW YORK BOARD OF TRADE ,11.760000228881836,0.07654009957411073,-42108,-0.829903232023693,26273,-0.10476359493699873,0.033330734988293524,0.012727733313250125,-0.019182614397571296,-0.03316329385478556,0.16482244034694798
2006-12-12,564627,90543,70809,342861,370785,080732,SUGAR NO. 11 - NEW YORK BOARD OF TRADE ,11.369999885559082,0.049455658337273986,-27924,2.578238748834394,19734,-1.1886000548948183,0.01987540040860595,0.09478035599186871,-0.03316329385478556,0.058927008182727114,0.160009289906486
2006-12-19,567027,92404,64467,350233,380297,080732,SUGAR NO. 11 - NEW YORK BOARD OF TRADE ,12.039999961853027,0.053020402908503475,-30064,-0.37901127647101535,27937,1.4528175237811864,0.0231119871873845,0.05229137316648711,0.058927008182727114,-0.014950191507149935,0.1555408019536203
2006-12-26,571200,94206,64825,353111,397140,080732,SUGAR NO. 11 - NEW YORK BOARD OF TRADE ,11.859999656677246,0.07708158263305322,-44029,-2.46284568459703,29381,0.2546615945977881,0.026285869662286354,0.013582257547270658,-0.014950191507149935,-0.06408088509341847,0.1519200598214068
2007-01-09,597980,89577,88240,373492,375307,080732,SUGAR NO. 11 - NEW YORK BOARD OF TRADE ,11.100000381469728,0.0030352185691829158,-1815,7.390406162464987,1337,-4.909663865546218,0.05637560947597419,0.15771270463454,-0.06408088509341847,-0.017117164642156624,0.14713928195737697
2007-01-16,627005,87024,105352,407062,387169,080732,SUGAR NO. 11 - NEW YORK BOARD OF TRADE ,10.90999984741211,-0.031727019720735876,19893,3.6302217465467073,-18328,-3.2885715241312417,0.05720250153922474,0.10222169085540816,-0.017117164642156624,-0.01099907307400616,0.14175491912192828
2007-01-23,654555,92993,106668,423001,405691,080732,SUGAR NO. 11 - NEW YORK BOARD OF TRADE ,10.789999961853027,-0.026445447670554803,17310,-0.4119584373330356,-13675,0.7420993453002767,0.04158481076202015,0.03648684520261844,-0.01099907307400616,-0.02224279628977377,0.13670383874676023
2007-01-30,678454,92417,118375,434050,407352,080732,SUGAR NO. 11 - NEW YORK BOARD OF TRADE ,10.550000190734863,-0.039351230886692394,26698,1.4342568615318805,-25958,-1.8765420782058038,0.015105740181268883,0.05827071236100042,-0.02224279628977377,-0.034123279985124544,0.1310584446133833
2007-02-06,703998,93228,130673,450896,415539,080732,SUGAR NO. 11 - NEW YORK BOARD OF TRADE ,10.1899995803833,-0.050223154043051256,35357,1.2762840222034213,-37445,-1.6931140504735769,0.028891953810730175,0.05854819764092166,-0.034123279985124544,0.018645784286722256,0.12522117922899859
2007-02-13,702692,90488,133457,478204,439874,080732,SUGAR NO. 11 - NEW YORK BOARD OF TRADE ,10.380000114440918,-0.054547369259931804,38330,0.42230233608618206,-42969,-0.7846613200605683,0.056251211770677434,0.02466677085891625,0.018645784286722256,0.03949902147319895,0.11966442785015206
2007-02-20,697049,92825,112286,466651,446954,080732,SUGAR NO. 11 - NEW YORK BOARD OF TRADE ,10.789999961853027,-0.02825769780890583,19697,-2.6516596175849445,-19461,3.3454201840920343,0.020395028486052506,0.11461111300710347,0.03949902147319895,0.06116773398938591,0.11457756039601684
2007-02-27,668314,100054,112790,437180,431212,080732,SUGAR NO. 11 - NEW YORK BOARD OF TRADE ,11.449999809265137,-0.008929934132757954,5968,-1.969588938510779,-12736,0.9647815289886363,0.05206519636293287,0.03633177350547819,0.06116773398938591,-0.06026197308972581,0.10982401138710575
2007-03-06,650161,106147,88657,432535,463856,080732,SUGAR NO. 11 - NEW YORK BOARD OF TRADE ,10.760000228881836,0.04817422146206862,-31321,-5.579562900073917,17490,4.522724348135757,0.041599034349965584,0.15516108498798792,-0.06026197308972581,-0.03438660573314245,0.1065252880310034
2007-03-13,647824,103059,91274,423364,453695,080732,SUGAR NO. 11 - NEW YORK BOARD OF TRADE ,10.390000343322754,0.046819815258465264,-30331,0.1522699762058936,11785,-0.8774749638935587,0.02204184667166063,0.029356825654932514,-0.03438660573314245,-0.015399499114478132,0.10322537082842217
2007-03-20,651751,106745,114883,418241,420583,080732,SUGAR NO. 11 - NEW YORK BOARD OF TRADE ,10.229999542236328,0.003593396864753564,-2342,4.320463582701475,-8138,-3.0753723233470818,0.045581671482933246,0.12315682134026387,-0.015399499114478132,-0.011730194616690004,0.09895659736543726
2007-03-27,654751,108762,132440,408078,397750,080732,SUGAR NO. 11 - NEW YORK BOARD OF TRADE ,10.109999656677246,-0.015773935434997426,10328,1.943993948609208,-23678,-2.384346169012399,0.04094670326670208,0.08115189757962206,-0.011730194616690004,-0.03857560859469056,0.09435332842705288
2007-04-03,667293,113502,141889,422111,404878,080732,SUGAR NO. 11 - NEW YORK BOARD OF TRADE ,9.720000267028809,-0.025825237189660313,17233,1.0545993820551631,-28387,-0.7192047053001828,0.025588006611938007,0.055557948400687576,-0.03857560859469056,0.0030863921961969965,0.0893569034823128
2007-04-10,677356,117973,157873,428251,399973,080732,SUGAR NO. 11 - NEW YORK BOARD OF TRADE ,9.75,-0.04174761868205198,28278,1.6551949443497835,-39900,-1.7253290533543735,0.01333576423769415,0.07415369445270187,0.0030863921961969965,-0.010256449381510602,0.08395492514774289
2007-04-17,683697,123233,151786,436638,417823,080732,SUGAR NO. 11 - NEW YORK BOARD OF TRADE ,9.649999618530272,-0.0275195005974869,18815,-1.397049705029556,-28553,1.6751900034841352,0.03070590699868104,0.04125896756224116,-0.010256449381510602,-0.03419688463742254,0.0783159848912026
2007-04-24,692549,122875,163614,459325,425139,080732,SUGAR NO. 11 - NEW YORK BOARD OF TRADE ,9.31999969482422,-0.049362572179008274,34186,2.2482181434173327,-40739,-1.7823685053466667,0.03392223991027334,0.04253566454558465,-0.03419688463742254,-0.019313235772038473,0.07240912415745983
2007-05-01,708275,133619,169092,452606,421546,080732,SUGAR NO. 11 - NEW YORK BOARD OF TRADE ,9.140000343322754,-0.04385302319014507,31060,-0.45137600371959236,-35473,0.7603794099767669,0.011796575423953728,0.05358906679968683,-0.019313235772038473,0.008752726553724832,0.06655039374046669
2007-05-08,716356,141514,177947,456438,424649,080732,SUGAR NO. 11 - NEW YORK BOARD OF TRADE ,9.220000267028809,-0.04437598065766183,31789,0.10292612332780347,-36433,-0.13554057392961774,0.007870959394475234,0.05243206525992218,0.008752726553724832,-0.061822194359026916,0.06173337291570467
2007-05-15,737950,136675,186135,473132,426794,080732,SUGAR NO. 11 - NEW YORK BOARD OF TRADE ,8.649999618530273,-0.06279287214580934,46338,2.030973426620284,-49460,-1.818509232839538,0.020933943457573177,0.040355007589603795,-0.061822194359026916,0.01271683412747393,0.05625334615494747
2007-05-22,756122,138950,179973,481389,446989,080732,SUGAR NO. 11 - NEW YORK BOARD OF TRADE ,8.760000228881836,-0.045495303667926604,34400,-1.6177247781014974,-41023,1.1433023917609595,0.03064699939033454,0.026454661470010004,0.01271683412747393,0.07077624079448475,0.051048527430056063
2007-05-29,762392,135655,168003,484966,467120,080732,SUGAR NO. 11 - NEW YORK BOARD OF TRADE ,9.380000114440918,-0.023407905644340445,17846,-2.1893292352292355,-32348,1.147301625928091,0.024901111874347487,0.05027036995567382,0.07077624079448475,-0.08742000904262182,0.046435276692992626
2007-06-05,752655,144134,173329,460856,462105,080732,SUGAR NO. 11 - NEW YORK BOARD OF TRADE ,8.5600004196167,0.0016594588490078455,-1249,-2.504617047398189,-29195,0.4135667740479963,0.03155604624680783,0.043485382548517464,-0.08742000904262182,0.0,0.043209667699499035
2007-06-12,688475,149113,140044,415441,432500,080732,SUGAR NO. 11 - NEW YORK BOARD OF TRADE ,8.5600004196167,0.024777951269109262,-17059,-2.100564003427865,9069,5.083869767689047,0.08847313669229345,0.132329495741068,0.0,0.051401817618486056,0.04068691175050205
2007-06-19,678521,136826,145534,422125,424327,080732,SUGAR NO. 11 - NEW YORK BOARD OF TRADE ,9.0,0.003245293808150374,-2202,2.15795780529431,-8708,-2.582083590544319,0.01755208800971585,0.06295863436747415,0.051401817618486056,0.016666624281141296,0.03812794907608824
2007-06-26,667014,142745,141670,410418,418690,080732,SUGAR NO. 11 - NEW YORK BOARD OF TRADE ,9.149999618530272,0.012401538798286094,-8272,-0.8945927981595264,1075,1.441812412585609,0.02091886702335522,0.03439691999367122,0.016666624281141296,0.03387982869298689,0.03572665068115966
2007-07-03,653368,144707,154414,400676,398091,080732,SUGAR NO. 11 - NEW YORK BOARD OF TRADE ,9.460000038146973,-0.003956422720427079,2585,1.62770196727505,-9707,-1.6164578254729285,0.03798479406385091,0.04916405066845858,0.03387982869298689,0.021141628801125467,0.032487446371735944
2007-07-10,660083,148132,148186,394592,410796,080732,SUGAR NO. 11 - NEW YORK BOARD OF TRADE ,9.65999984741211,0.02454842800072112,-16204,-2.875714757992433,-54,1.4774216062004872,0.023329128320759684,0.03257648877219744,0.021141628801125467,0.019668792656194478,0.029829264195503084
2007-07-17,667540,154025,149956,391486,420043,080732,SUGAR NO. 11 - NEW YORK BOARD OF TRADE ,9.850000381469728,0.042779458908829435,-28557,-1.8714313200006667,4069,0.6246184191987977,0.015221883629543739,0.02520881239287982,0.019668792656194478,0.034517683832093526,0.027124149353244642
2007-07-24,707122,160746,137915,425760,477249,080732,SUGAR NO. 11 - NEW YORK BOARD OF TRADE ,10.1899995803833,0.07281487494378622,-51489,-3.4352997573179134,22831,2.8106180903017046,0.10130574556842734,0.06282038833326078,0.034517683832093526,0.013738994022361783,0.025484627811169107
2007-07-31,692159,155102,130804,429469,482156,080732,SUGAR NO. 11 - NEW YORK BOARD OF TRADE ,10.329999923706056,0.07611979328449099,-52687,-0.16941913842307268,24298,0.207460664496367,0.009451254627725217,0.044612564968905866,0.013738994022361783,-0.04743463453408914,0.024023908095877004
2007-08-07,673537,141417,129519,427829,459659,080732,SUGAR NO. 11 - NEW YORK BOARD OF TRADE ,9.84000015258789,0.047257982857660384,-31830,3.013324973019205,11898,-1.791495884616107,0.027196987452224704,0.055252901054123484,-0.04743463453408914,-0.03861789721019249,0.02247134096837285
2007-08-14,670317,130836,146977,428411,427338,080732,SUGAR NO. 11 - NEW YORK BOARD OF TRADE ,9.460000038146973,-0.001600735174551742,1073,4.885106534607601,-16141,-4.162948731843982,0.03844935839831539,0.10092760238001822,-0.03861789721019249,-0.015856196398034594,0.02080915495428807
2007-08-21,656899,129410,161530,412385,391245,080732,SUGAR NO. 11 - NEW YORK BOARD OF TRADE ,9.3100004196167,-0.032181507355011955,21140,2.9936582243923398,-32120,-2.383797516697324,0.06485447282953598,0.05492197703993951,-0.015856196398034594,0.015037527748489765,0.01883836918788914
2007-08-28,652372,132737,141856,400395,400601,080732,SUGAR NO. 11 - NEW YORK BOARD OF TRADE ,9.449999809265137,0.00031577075656220687,-206,-3.2495101986759,-9119,3.5014515168998583,0.026649321594614705,0.08376397067660137,0.015037527748489765,0.0,0.017730184590861012
2007-09-04,666553,132910,141956,404105,404022,080732,SUGAR NO. 11 - ICE FUTURES U.S. ,9.449999809265137,-0.00012452123086986332,83,0.04429987798372708,-9046,0.011189934577204417,0.008824108091921195,0.0009932112374757154,0.0,-0.0158729758262226,0.01673798869209698
2007-09-11,666459,131293,151255,407868,396125,080732,SUGAR NO. 11 - ICE FUTURES U.S. ,9.300000190734863,-0.017619988626457143,11743,1.7492982553525376,-19962,-1.6376792243077445,0.014502613828727364,0.038634143579144076,-0.0158729758262226,0.005376364484882323,0.01543787257281047
2007-09-18,641961,126274,152873,408335,383819,080732,SUGAR NO. 11 - ICE FUTURES U.S. ,9.350000381469728,-0.03818923579469781,24516,1.9165470043918682,-26599,-0.995860210455557,0.016124389954478548,0.023776003324413302,0.005376364484882323,0.051336847342553504,0.0135584978764448
2007-09-25,652652,140893,124212,397581,432859,080732,SUGAR NO. 11 - ICE FUTURES U.S. ,9.829999923706056,0.05405330865453565,-35278,-9.314272985430579,16681,6.741842572991194,0.07200279369972545,0.1632560683502763,0.051336847342553504,0.01932864044071958,0.013007187431273185
2007-10-02,631152,143845,119434,385103,427549,080732,SUGAR NO. 11 - ICE FUTURES U.S. ,10.020000457763672,0.06725162876771364,-42446,-1.098288214852632,24411,1.1843984236622274,0.02188882818229697,0.02936048830328283,0.01932864044071958,-0.010978104323970617,0.01288250316707374
2007-10-09,628448,144162,110658,385123,429456,080732,SUGAR NO. 11 - ICE FUTURES U.S. ,9.90999984741211,0.07054362492998625,-44333,-0.29897710852536313,33504,1.4406989124648262,0.002365639182939899,0.0356840122439369,-0.010978104323970617,0.024217938931738292,0.01315584160703942
2007-10-16,679933,177201,114255,390916,474334,080732,SUGAR NO. 11 - ICE FUTURES U.S. ,10.149999618530272,0.12268561755349425,-83418,-6.219289424105097,62946,4.684874484444218,0.05856226524125975,0.12569993412384717,0.024217938931738292,0.0019704885236802028,0.014501707451865032
2007-10-23,718923,204370,109746,394200,514913,080732,SUGAR NO. 11 - ICE FUTURES U.S. ,10.170000076293944,0.16790810698781372,-120713,-5.485099267133673,94624,4.658988459157006,0.04824812757050004,0.10084809433457703,0.0019704885236802028,-0.009832879126797867,0.01614970532300205
2007-10-30,744436,208057,102614,406889,527147,080732,SUGAR NO. 11 - ICE FUTURES U.S. ,10.06999969482422,0.161542429436513,-120258,0.06328911441141818,105443,1.5048899534442493,0.026683125703934323,0.03482462154497845,-0.009832879126797867,-0.0019860481326168244,0.017877120626179608
2007-11-06,767239,211401,101038,439017,574867,080732,SUGAR NO. 11 - ICE FUTURES U.S. ,10.050000190734863,0.1770634704440207,-135850,-2.0944715193784287,110363,0.6609030191984268,0.07875457152889286,0.015747073828811384,-0.0019860481326168244,-0.014925429786844968,0.01992742848060833
2007-11-13,760732,210948,118341,436100,552276,080732,SUGAR NO. 11 - ICE FUTURES U.S. ,9.899999618530272,0.15271606820798914,-116176,2.564259637479325,92607,-2.3142723453839027,0.025807992100172403,0.05392223851996271,-0.014925429786844968,-0.015151477203040553,0.02154634351989278
2007-11-20,762153,217422,137702,426962,522119,080732,SUGAR NO. 11 - ICE FUTURES U.S. ,9.75,0.12485288386977418,-95157,2.7629966926591756,79720,-1.6940262799514154,0.04140321005267201,0.0727492368862707,-0.015151477203040553,-0.005128224690755245,0.022611407272945933
2007-11-27,763423,219295,154700,432276,510389,080732,SUGAR NO. 11 - ICE FUTURES U.S. ,9.699999809265137,0.10231942186703832,-78113,2.236296386683514,64595,-1.9845096719425102,0.01808065431515968,0.05045789382210992,-0.005128224690755245,0.004123707488614681,0.02352544935590271
2007-12-04,784065,222154,140130,448486,542027,080732,SUGAR NO. 11 - ICE FUTURES U.S. ,9.739999771118164,0.11930260883982834,-93541,-2.020897981852787,82024,2.2830069306269265,0.048306281694435106,0.048108666129334995,0.004123707488614681,0.05749491096265302,0.02443407505440364
2007-12-11,809937,241643,120638,434854,582918,080732,SUGAR NO. 11 - ICE FUTURES U.S. ,10.300000190734863,0.18280928022796836,-148064,-6.953887751653243,121005,4.971654135817821,0.053570937302264164,0.10759879761842327,0.05749491096265302,0.03300972294095006,0.0264777131439009
2007-12-18,846919,258778,123398,447413,617861,080732,SUGAR NO. 11 - ICE FUTURES U.S. ,10.640000343322754,0.20125655464099873,-170448,-2.763671742370086,135380,1.7748294003113823,0.04459134457425977,0.05205716737838064,0.03300972294095006,0.06860897731967164,0.02939696114974176
2008-01-08,987380,323222,102479,471493,757236,080732,SUGAR NO. 11 - ICE FUTURES U.S. ,11.369999885559082,0.28939516700763634,-285743,-13.61346244446045,220743,10.079240163463094,0.13302770586516635,0.20052337203812065,0.06860897731967164,0.008795108397207319,0.0339426296901097
2008-01-15,1079223,352969,112177,521402,828479,080732,SUGAR NO. 11 - ICE FUTURES U.S. ,11.470000267028809,0.2845352628696757,-307077,-2.1606676254329638,240792,2.030525228382183,0.08975013353028896,0.08480133119493664,0.008795108397207319,0.006974709838152293,0.03793212354081398
2008-01-22,1082347,299286,111554,554072,794030,080732,SUGAR NO. 11 - ICE FUTURES U.S. ,11.550000190734863,0.22170154303564385,-239958,6.219196588656839,187732,-4.916500111654403,0.049787775702432015,0.1321828449031253,0.006974709838152293,0.05627702232002463,0.042137245165169
2008-01-29,1032775,278874,109583,541554,770015,080732,SUGAR NO. 11 - ICE FUTURES U.S. ,12.199999809265137,0.22121081552128974,-228461,1.0622286567986052,169291,-1.703797395844401,0.027854424738614592,0.05762027714779242,0.05627702232002463,-0.02786886540192257,0.04700143430443872
2008-02-05,1047013,279191,109743,542826,777683,080732,SUGAR NO. 11 - ICE FUTURES U.S. ,11.859999656677246,0.22431144598968686,-234857,-0.6193023649875335,169448,0.015201762242501998,0.006770116674706496,0.001226429162788545,-0.02786886540192257,0.042158517240638904,0.051823682259443365
2008-02-12,979085,253006,90594,543496,769528,080732,SUGAR NO. 11 - ICE FUTURES U.S. ,12.359999656677246,0.2308604462329624,-226032,0.8428739662258253,162412,-0.6720069378317175,0.0067211261941899,0.1319383003492433,0.042158517240638904,0.10194176892239204,0.05702006066559057
2008-02-19,990766,255432,80743,529350,776633,080732,SUGAR NO. 11 - ICE FUTURES U.S. ,13.619999885559082,0.24958769275489873,-247283,-2.170495922213087,174689,1.2539258593482692,0.016272034168898063,0.036519669814828584,0.10194176892239204,0.03157124146760815,0.06278565387324346
2008-02-26,1035771,260423,66860,546356,812572,080732,SUGAR NO. 11 - ICE FUTURES U.S. ,14.050000190734863,0.2570220637573363,-266216,-1.9109456723383724,193563,1.9049906839758328,0.03896085738170087,0.057668745397713904,0.03157124146760815,0.022064018628754845,0.06877737373896016
2008-03-04,1013151,256948,63240,524694,788915,080732,SUGAR NO. 11 - ICE FUTURES U.S. ,14.359999656677246,0.26079133317738423,-264221,0.19261014258943338,193708,0.013999233421287137,0.03449961137598783,0.022158856671705373,0.022064018628754845,-0.06337046442678496,0.07433600895023497
2008-03-11,992877,235940,61670,533022,774076,080732,SUGAR NO. 11 - ICE FUTURES U.S. ,13.449999809265137,0.24278334577193347,-241054,2.286628547965703,174270,-1.9185689003909587,0.01772399621145469,0.07586438627734284,-0.06337046442678496,-0.086988854489647,0.07917664894840211
2008-03-18,969316,226311,71880,540907,750942,080732,SUGAR NO. 11 - ICE FUTURES U.S. ,12.279999732971191,0.21668372336781813,-210035,3.124153344271244,154431,-1.9981326992165194,0.024011320208476378,0.06653118303369317,-0.086988854489647,-0.011400602010808392,0.08241721629274344
2008-03-25,938200,227408,59598,533771,742087,080732,SUGAR NO. 11 - ICE FUTURES U.S. ,12.140000343322754,0.22203794500106588,-208316,0.17734154806069435,167810,1.3802516413636006,0.01253352645827357,0.04661575019337575,-0.011400602010808392,-0.05107082932663132,0.08578679571087038
2008-04-01,942202,222372,59629,547449,745988,080732,SUGAR NO. 11 - ICE FUTURES U.S. ,11.520000457763672,0.21071808380793078,-198539,1.0421018972500533,162743,-0.5400767426987849,0.013590920933914834,0.01796802138999507,-0.05107082932663132,0.031249968955915364,0.08976996276746994
2008-04-08,942271,230019,71828,550978,752053,080732,SUGAR NO. 11 - ICE FUTURES U.S. ,11.880000114440918,0.213394023587694,-201075,-0.2691567201088514,158191,-0.48312357647298565,0.007362833271042669,0.06574854147962378,0.031249968955915364,0.06649831264670847,0.0941770389025217
2008-04-15,935180,225366,64478,536767,747900,080732,SUGAR NO. 11 - ICE FUTURES U.S. ,12.670000076293944,0.22576723197673176,-211133,-1.0674211559094995,160888,0.2862233900862915,0.014294754983197981,0.04141193193579995,0.06649831264670847,-0.04262035979489742,0.09901535561726
2008-04-22,940824,229248,64648,541117,753568,080732,SUGAR NO. 11 - ICE FUTURES U.S. ,12.130000114440918,0.2258137547511543,-212451,-0.14093543488953997,164600,0.39692893346735386,0.007737789500921074,0.013787190026403898,-0.04262035979489742,-0.1624072752219926,0.10416076664482166
2008-04-29,931913,230079,66854,538991,735015,080732,SUGAR NO. 11 - ICE FUTURES U.S. ,10.15999984741211,0.2103458155428672,-196024,1.746022635476986,163225,-0.1461484826067362,0.016231477716745445,0.010227896528846574,-0.1624072752219926,0.1633858142069693,0.10873509964752077
2008-05-06,920281,228131,81564,534316,713277,080732,SUGAR NO. 11 - ICE FUTURES U.S. ,11.81999969482422,0.19446343019143067,-178961,1.8309649076684198,146567,-1.7875059152517456,0.02117116719955947,0.05378840472077366,0.1633858142069693,-0.055837551984126876,0.11342406123156769
2008-05-13,915914,228781,79991,536209,710871,080732,SUGAR NO. 11 - ICE FUTURES U.S. ,11.15999984741211,0.19069694316278601,-174662,0.46713992791332215,148790,0.24155665497820775,0.00344725278249992,0.007199487000116591,-0.055837551984126876,-0.04749101614854345,0.1179346375075856
2008-05-20,911360,222873,80760,536338,701529,080732,SUGAR NO. 11 - ICE FUTURES U.S. ,10.630000114440918,0.18125768082865168,-165191,1.034049048273091,142113,-0.7289985741019354,0.007651064290428616,0.021990363366300763,-0.04749101614854345,-0.052681130158778955,0.12227374638232238
2008-05-27,911824,217598,86826,537172,680241,080732,SUGAR NO. 11 - ICE FUTURES U.S. ,10.06999969482422,0.1569041832634368,-143069,2.427361306179775,130772,-1.2444039676966292,0.018171319018278925,0.03725396157990172,-0.052681130158778955,-0.03574971872762622,0.12649868975557713
2008-06-03,913262,217099,103881,557274,683751,080732,SUGAR NO. 11 - ICE FUTURES U.S. ,9.710000038146973,0.13848928346958486,-126477,1.8196494060257244,113218,-1.9251522223587008,0.019026208174694303,0.05468876565518101,-0.03574971872762622,0.00926881073473873,0.13003685489283695
2008-06-10,919064,214310,102541,556691,683786,080732,SUGAR NO. 11 - ICE FUTURES U.S. ,9.800000190734863,0.13828743156080534,-127095,-0.06766951871423535,111769,-0.15866202688823142,0.0004981954522332941,0.013031361744163661,0.00926881073473873,0.12857144942436505,0.1331463806083205
2008-06-17,867641,209243,84760,517457,660039,080732,SUGAR NO. 11 - ICE FUTURES U.S. ,11.0600004196167,0.16433294415547445,-142582,-1.685083954980284,124483,1.3833639441866943,0.053487230529870165,0.07771349271946204,0.12857144942436505,0.04520795488517071,0.1362747168642141
2008-06-24,845025,209878,79686,494083,649069,080732,SUGAR NO. 11 - ICE FUTURES U.S. ,11.5600004196167,0.18340995828525783,-154986,-1.4296235424559236,130192,0.6579910354628239,0.030043248841798816,0.01971584865521957,0.04520795488517071,0.1868511910905042,0.13932533238375544
2008-07-01,833013,213381,77048,472884,641700,080732,SUGAR NO. 11 - ICE FUTURES U.S. ,13.720000267028809,0.20265710138977422,-168816,-1.6366379692908495,136333,0.7267240614183013,0.025631087472994408,0.021144582669086077,0.1868511910905042,0.0021865694159850513,0.14316017483724822
2008-07-08,824423,217140,74124,461191,638134,080732,SUGAR NO. 11 - ICE FUTURES U.S. ,13.75,0.21462647209017702,-176943,-0.9756150264161543,143016,0.8022683919698733,0.013880335660518954,0.02294481981981982,0.0021865694159850513,0.013090931285511198,0.14704911586209227
2008-07-15,819033,201397,74336,452804,616984,080732,SUGAR NO. 11 - ICE FUTURES U.S. ,13.93000030517578,0.2004559034861843,-164180,1.548113043910711,127061,-1.9352929260828482,0.027610143318115364,0.05786394809471482,0.013090931285511198,-0.13783201968635672,0.15098012213529632
2008-07-22,803153,197654,79345,452582,589529,080732,SUGAR NO. 11 - ICE FUTURES U.S. ,12.010000228881836,0.17051172068086654,-136947,3.3250186500421837,118309,-1.0685772123955934,0.026558591167351653,0.03159578193423081,-0.13783201968635672,0.0674437510829089,0.15378710853299143
2008-07-29,784213,196729,84360,448214,578504,080732,SUGAR NO. 11 - ICE FUTURES U.S. ,12.81999969482422,0.16614108666905547,-130290,0.8288582623734208,112369,-0.7395851101844854,0.01499243219657199,0.021132096951499348,0.0674437510829089,0.08658351300895095,0.1561594475283804
2008-08-05,791850,196362,67716,439195,593624,080732,SUGAR NO. 11 - ICE FUTURES U.S. ,13.93000030517578,0.1950230472943108,-154429,-3.0781178072794,128646,2.075584056882505,0.023371955783152713,0.06441657389104734,0.08658351300895095,-0.022972048922327404,0.15850960468896738
2008-08-12,793410,205779,67120,432207,599786,080732,SUGAR NO. 11 - ICE FUTURES U.S. ,13.609999656677246,0.21121362221297943,-167579,-1.6606680558186526,138659,1.2645071667613816,0.012742334492578923,0.03669123008878743,-0.022972048922327404,0.0044085540874543305,0.16110756293759218
2008-08-19,806590,203500,69988,442535,603397,080732,SUGAR NO. 11 - ICE FUTURES U.S. ,13.670000076293944,0.1994346570128566,-160862,0.8465988580935456,133512,-0.6487188212903795,0.01332687019806259,0.018819838530392558,0.0044085540874543305,0.02999267338140843,0.16403403744057674
2008-08-26,821181,216015,66196,439385,623410,080732,SUGAR NO. 11 - ICE FUTURES U.S. ,14.079999923706056,0.22409797596388617,-184025,-2.871719212983052,149819,2.0217210726639308,0.021794419431781294,0.057783006332141555,0.02999267338140843,-0.0973011287629667,0.1683743972701621
2008-09-02,821014,199753,65931,455735,616843,080732,SUGAR NO. 11 - ICE FUTURES U.S. ,12.710000038146973,0.19623051494858795,-161108,2.790736755964885,133822,-1.948047994291149,0.021366278256686227,0.062205477183420906,-0.0973011287629667,-0.04799367858744541,0.1727669361606159
2008-09-09,811862,195303,63996,458576,605253,080732,SUGAR NO. 11 - ICE FUTURES U.S. ,12.100000381469728,0.1806674040662083,-146677,1.7577044971218518,131307,-0.3063285157134958,0.013565150038211028,0.024624082622763683,-0.04799367858744541,-0.008264494075791218,0.17623523680118605
2008-09-16,781317,175630,65657,462566,577778,080732,SUGAR NO. 11 - ICE FUTURES U.S. ,12.0,0.14745871394069246,-115212,3.875658671054933,109973,-2.627786495734497,0.030244803641872302,0.0884175276745121,-0.008264494075791218,-0.014166673024495258,0.1790733759391007
2008-09-23,735931,164057,58318,444834,559685,080732,SUGAR NO. 11 - ICE FUTURES U.S. ,11.829999923706056,0.1560621851776865,-114851,0.04620403754174042,105739,-0.5419055261820747,0.035663835129051816,0.08504553119730185,-0.014166673024495258,0.04480133021041932,0.18241341774302652
2008-09-30,705350,164701,58676,425091,533133,080732,SUGAR NO. 11 - ICE FUTURES U.S. ,12.359999656677246,0.1531750194938683,-108042,0.9252226091848285,106025,0.03886233899645483,0.048313338008649336,0.004485690111336441,0.04480133021041932,-0.026699023695180957,0.18609349957549898
2008-10-07,677691,160122,70144,404195,490407,080732,SUGAR NO. 11 - ICE FUTURES U.S. ,12.029999732971191,0.1272143203908566,-86212,3.094917416885234,89978,-2.2750407599064295,0.07111765902602499,0.06968896841044704,-0.026699023695180957,-0.026600141473584582,0.18750044210888975
2008-10-14,674397,159696,68485,400890,485506,080732,SUGAR NO. 11 - ICE FUTURES U.S. ,11.710000038146973,0.1254691227867265,-84616,0.23550556226952993,91211,0.18194132724206163,0.009257713256828776,0.009137482963086321,-0.026600141473584582,-0.040136658027132066,0.18862000930156306
2008-10-21,658642,160888,67370,388061,475706,080732,SUGAR NO. 11 - ICE FUTURES U.S. ,11.239999771118164,0.1330692546178349,-87645,-0.44914197423772645,93518,0.34208337225699403,0.026198037202162155,0.010106984202087112,-0.040136658027132066,-0.00889674642630911,0.18982242525709864
2008-10-28,642909,162522,69150,378815,465803,080732,SUGAR NO. 11 - ICE FUTURES U.S. ,11.140000343322754,0.1353037521639921,-86988,0.09975069916585945,93372,-0.022166822036857655,0.022671787719418718,0.014736351393349218,-0.00889674642630911,0.14093354097293775,0.19006508169191588
2008-11-04,634133,153966,56059,376745,474999,080732,SUGAR NO. 11 - ICE FUTURES U.S. ,12.710000038146973,0.15494225974677237,-98254,-1.752347532854572,97907,0.7053875431826278,0.013226978998384492,0.10306868229972622,0.14093354097293775,-0.07159715536435052,0.189815738475742
2008-11-11,638692,152787,59708,381614,473708,080732,SUGAR NO. 11 - ICE FUTURES U.S. ,11.800000190734863,0.14419156651406312,-92094,0.9714050522524454,93079,-0.7613544792653907,0.007201966043197766,0.022720534600814135,-0.07159715536435052,-0.01610173991410624,0.18948206803492565
2008-11-18,635658,151500,56904,375091,466304,080732,SUGAR NO. 11 - ICE FUTURES U.S. ,11.609999656677246,0.1434938284423385,-91213,0.13793816111678242,94596,0.23751667470392612,0.016552273308018232,0.01963014145601812,-0.01610173991410624,0.0,0.18883649799643176
2008-11-25,632433,150744,51166,368343,470234,080732,SUGAR NO. 11 - ICE FUTURES U.S. ,11.609999656677246,0.16110955626920165,-101891,-1.67983412463935,99578,0.783754786378839,0.01273347587639537,0.032162844831855775,0.0,0.0008613461823907542,0.18899791122837817
2008-12-02,641098,153817,50021,373983,477823,080732,SUGAR NO. 11 - ICE FUTURES U.S. ,11.619999885559082,0.1619721165874796,-103840,-0.30817493710796245,103796,0.6669481194055338,0.01553053159991829,0.020692903187825625,0.0008613461823907542,-0.034423375427686365,0.18971174262679558
2008-12-09,652211,148137,70940,388690,461515,080732,SUGAR NO. 11 - ICE FUTURES U.S. ,11.220000267028809,0.1116586503447504,-72825,4.837793909823459,77197,-4.14897566362709,0.03647943731217765,0.12141393208780474,-0.034423375427686365,0.04010693391759612,0.1898913431744439
2008-12-16,641129,146248,58399,385398,474338,080732,SUGAR NO. 11 - ICE FUTURES U.S. ,11.670000076293944,0.13872403213705822,-88940,-2.4708261590190905,87849,1.6332137912424045,0.01874412610382722,0.07051166154402459,0.04010693391759612,-0.03256213470065317,0.19026483208400602
2008-12-30,642954,150741,68202,383994,461584,080732,SUGAR NO. 11 - ICE FUTURES U.S. ,11.289999961853027,0.12067737349794853,-77590,1.7703145544812355,82539,-0.8282264567661111,0.016743576583118293,0.06529553354069324,-0.03256213470065317,0.08680252428891921,0.1890699877238133
2009-01-06,666642,150287,56836,388328,490963,080732,SUGAR NO. 11 - ICE FUTURES U.S. ,12.270000457763672,0.15395819645326878,-102635,-3.8953019967213827,93451,1.6971665158005083,0.03834111801440024,0.05706753957793195,0.08680252428891921,-0.060309755271790166,0.18816040391251082
2009-01-13,656268,159608,52010,373008,482012,080732,SUGAR NO. 11 - ICE FUTURES U.S. ,11.529999732971191,0.16609677753600663,-109004,-0.9553853492579225,107598,2.122128518755194,0.02838647049191832,0.06685159107448327,-0.060309755271790166,0.09193412351827912,0.18578928103805642
2009-01-20,660157,166035,52366,367988,489040,080732,SUGAR NO. 11 - ICE FUTURES U.S. ,12.59000015258789,0.18336850173519328,-121052,-1.835835359944413,113669,0.9250793882986827,0.01405788375642336,0.03105755010279257,0.09193412351827912,0.025416973069570803,0.1838437664008548
2009-01-27,670233,174066,46320,359636,500465,080732,SUGAR NO. 11 - ICE FUTURES U.S. ,12.90999984741211,0.2101194659170766,-140829,-2.9958025136444815,127746,2.1323715419210885,0.02299381119194141,0.06387429328541741,0.025416973069570803,-0.019364833691312144,0.18362103414857467
2009-02-03,673225,177579,44349,351760,497138,080732,SUGAR NO. 11 - ICE FUTURES U.S. ,12.65999984741211,0.21594266404248208,-145378,-0.678719191684086,133230,0.8182229165081397,0.013197109664529779,0.024710716989293825,-0.019364833691312144,0.04502367311961186,0.183519723543213
2009-02-10,660712,185745,38835,333895,500197,080732,SUGAR NO. 11 - ICE FUTURES U.S. ,13.229999542236328,0.2517011950744046,-166302,-3.1080248059712576,146910,2.032010100635003,0.02508596174043151,0.06091370558375635,0.04502367311961186,-0.018896448121701215,0.18404644948714985
2009-02-17,663396,172933,29614,351459,506834,080732,SUGAR NO. 11 - ICE FUTURES U.S. ,12.979999542236328,0.23421154182418946,-155375,1.6538219375461622,143319,-0.5435045829347734,0.028196664775315655,0.10877969063970337,-0.018896448121701215,-0.011556211388311644,0.18411089363313501
2009-02-24,630334,169881,32895,340018,491795,080732,SUGAR NO. 11 - ICE FUTURES U.S. ,12.829999923706056,0.24078821704048964,-151777,0.5423608221936822,136986,-0.9546334316155057,0.03183407809207117,0.031231506687181915,-0.011556211388311644,-0.010911951999631464,0.18394167294631944
2009-03-03,609768,166316,35472,324413,465496,080732,SUGAR NO. 11 - ICE FUTURES U.S. ,12.6899995803833,0.23137160362629722,-141083,1.6965608709033624,130844,-0.9744040461088883,0.05304914869940715,0.03043788530536999,-0.010911951999631464,-0.0078801758157655,0.1834483948668764
2009-03-10,608699,157005,33120,335378,461352,080732,SUGAR NO. 11 - ICE FUTURES U.S. ,12.59000015258789,0.20695614745547472,-125974,2.477827632804608,123885,-1.1412537227273323,0.01896376438693158,0.061343852728468116,-0.0078801758157655,0.04130258123805253,0.18241310283376275
2009-03-17,633731,163399,32962,350122,482090,080732,SUGAR NO. 11 - ICE FUTURES U.S. ,13.109999656677246,0.2082397736579085,-131968,-0.9847231554512165,130437,1.0763940798325609,0.04263577069304456,0.033367114651076335,0.04130258123805253,-0.008390515603196147,0.1817488033700315
2009-03-24,687367,174677,19358,378943,540509,080732,SUGAR NO. 11 - ICE FUTURES U.S. ,13.0,0.2350505625088199,-161566,-4.670435878945483,155319,3.926271556859298,0.09488260398585244,0.12823459685108357,-0.008390515603196147,-0.02538460951585053,0.18210201181505076
2009-03-31,690705,174129,33479,389661,531729,080732,SUGAR NO. 11 - ICE FUTURES U.S. ,12.670000076293944,0.2056854952548483,-142068,2.836621484592656,140650,-2.1340855758277604,0.021161505985521873,0.07065720010789565,-0.02538460951585053,-0.03472774517822408,0.1817875416276235
2009-04-07,694611,166016,38731,407073,531939,080732,SUGAR NO. 11 - ICE FUTURES U.S. ,12.229999542236328,0.17976392542012723,-124866,2.490498838143636,127285,-1.9349794774903901,0.018766533335037253,0.06527568169496989,-0.03472774517822408,0.08340151234193405,0.18119226935093496
2009-04-14,691100,171440,35612,393431,533574,080732,SUGAR NO. 11 - ICE FUTURES U.S. ,13.25,0.20278252061930255,-140143,-2.1993605053763905,135828,1.2298970214983638,0.016479954261303876,0.04126016652821513,0.08340151234193405,-0.014339590972324623,0.1809882019861582
2009-04-21,669629,166357,39843,378291,515270,080732,SUGAR NO. 11 - ICE FUTURES U.S. ,13.0600004196167,0.20455953968540788,-136979,0.4578208652872232,126514,-1.3477065547677616,0.037427774936462085,0.04516973811833171,-0.014339590972324623,0.05589582839062057,0.1805803617497866
2009-04-28,657562,173174,32416,356070,517164,080732,SUGAR NO. 11 - ICE FUTURES U.S. ,13.789999961853027,0.24498678451613687,-161094,-3.6012478551556164,140758,2.1271480177829813,0.027615736446359167,0.06928352546330074,0.05589582839062057,0.0986221653690631,0.18094907386065165
2009-05-05,674992,192968,25957,335245,539017,080732,SUGAR NO. 11 - ICE FUTURES U.S. ,15.149999618530272,0.3018880223765615,-203772,-6.4903385536268825,167011,3.9924752342744867,0.048816029977283695,0.11991778006166495,0.0986221653690631,0.03762380612877103,0.1827095009151458
2009-05-12,687013,202492,30788,329660,541608,080732,SUGAR NO. 11 - ICE FUTURES U.S. ,15.720000267028809,0.30850653481084056,-211948,-1.2112736150946974,171704,0.6952674994666603,0.00938402420380411,0.061535493827160496,0.03762380612877103,-0.005725200449052004,0.1849026375424421
2009-05-19,708649,204435,32957,336047,547796,080732,SUGAR NO. 11 - ICE FUTURES U.S. ,15.630000114440918,0.2988066024223558,-211749,0.028965972987410715,171478,-0.032896029623893576,0.014227639976783207,0.017321560962458717,-0.005725200449052004,0.0198336189169932,0.18698166945127997
2009-05-26,736002,218839,34299,344037,569740,080732,SUGAR NO. 11 - ICE FUTURES U.S. ,15.9399995803833,0.30666085146507754,-225703,-1.969098947433779,184540,1.843225630742441,0.032758539556149914,0.062203225118314914,0.0198336189169932,-0.031367629433022626,0.18939326888659588
2009-06-02,772821,208565,36473,379238,591627,080732,SUGAR NO. 11 - ICE FUTURES U.S. ,15.4399995803833,0.2748230185256353,-212389,1.8089624756454468,172092,-1.6912997519028483,0.05880117215060796,0.050800284037577845,-0.031367629433022626,0.007772075291107017,0.1916609387954843
2009-06-09,779588,205554,41457,400054,604757,080732,SUGAR NO. 11 - ICE FUTURES U.S. ,15.5600004196167,0.2625784388677096,-204703,0.9945381918969592,164097,-1.0345215774416068,0.03378346773671865,0.03236697960819559,0.007772075291107017,-0.04884320105311135,0.19404726870698671
2009-06-16,761633,189204,29834,408560,589990,080732,SUGAR NO. 11 - ICE FUTURES U.S. ,14.800000190734863,0.23821184218645988,-181430,2.98529479673879,159370,-0.6063459160479637,0.023306794852536176,0.12770843415297803,-0.04884320105311135,0.071621584613625,0.1959688919882493
2009-06-23,760753,195613,28965,410845,609889,080732,SUGAR NO. 11 - ICE FUTURES U.S. ,15.859999656677246,0.2616407690801088,-199044,-2.3126623977690044,166648,0.9555783428501654,0.021733380097067403,0.032407448636999174,0.071621584613625,0.05989910654664965,0.19784019631372302
2009-06-30,743415,206503,26705,375849,590659,080732,SUGAR NO. 11 - ICE FUTURES U.S. ,16.809999465942383,0.2889503171176261,-214810,-2.0724203519407745,179798,1.7285505282266387,0.05610507103924644,0.05638743096291723,0.05989910654664965,0.008923237554776753,0.19986981859896086
2009-07-07,715138,201957,27524,352148,560130,080732,SUGAR NO. 11 - ICE FUTURES U.S. ,16.959999084472656,0.2908277842877878,-207982,0.9184641149290773,174433,-0.7216695923542032,0.059444599124389715,0.023378841821327257,0.008923237554776753,0.042452904455773544,0.2015654086546919
2009-07-14,719402,198816,31837,351888,552152,080732,SUGAR NO. 11 - ICE FUTURES U.S. ,17.68000030517578,0.27837565088782074,-200264,1.0792322600672877,166979,-1.0423163081810782,0.009112428653599399,0.03231694363394363,0.042452904455773544,0.006787269785828887,0.20279135440080046
2009-07-21,730464,205359,30913,358788,566909,080732,SUGAR NO. 11 - ICE FUTURES U.S. ,17.799999237060547,0.28491616287729443,-208121,-1.0921570971445729,174446,1.0379454046555334,0.023395344264916056,0.031603406243651384,0.006787269785828887,0.039325887243973234,0.2044155901583218
2009-07-28,772299,226762,28918,373817,612877,080732,SUGAR NO. 11 - ICE FUTURES U.S. ,18.5,0.3095433245414017,-239060,-4.235527007491129,197844,3.2031694922679286,0.06181957121458122,0.09151282853566958,0.039325887243973234,0.045945966565931196,0.20708927484794748
2009-08-04,793279,236859,30529,380379,629784,080732,SUGAR NO. 11 - ICE FUTURES U.S. ,19.350000381469727,0.3143975826915877,-249405,-1.3395071079983272,206330,1.0987972274986761,0.023232884197896774,0.04378655736233488,0.045945966565931196,0.13281651907797087,0.20994036130991922
2009-08-11,846179,215439,45630,442741,661517,080732,SUGAR NO. 11 - ICE FUTURES U.S. ,21.920000076293945,0.2585457686848764,-218776,3.8610627534574844,169809,-4.60380269741163,0.08521106480550741,0.1398902205930233,0.13281651907797087,-0.0063868334471332,0.21116195210589167
2009-08-18,838179,216697,38751,433330,657315,080732,SUGAR NO. 11 - ICE FUTURES U.S. ,21.780000686645508,0.2672281219166789,-223985,-0.6155907910737562,177946,0.9616168682985515,0.012481604921858167,0.031853841094860794,-0.0063868334471332,0.006427887292688617,0.21223915402327048
2009-08-25,849868,213468,43633,446982,662656,080732,SUGAR NO. 11 - ICE FUTURES U.S. ,21.920000076293945,0.2537735271830449,-215674,0.9915543099982222,169835,-0.9676930584039924,0.017116392913725017,0.031547913076961975,0.006427887292688617,0.10583940176776063,0.21328413229577411
2009-09-01,864670,212808,37794,455914,676017,080732,SUGAR NO. 11 - ICE FUTURES U.S. ,24.239999771118164,0.25455144737298624,-220103,-0.5211397534675973,175014,0.6093887521356258,0.019694663367290057,0.025933552006767703,0.10583940176776063,-0.1390263598888356,0.21386977597671833
2009-09-08,852078,208155,44051,469934,663491,080732,SUGAR NO. 11 - ICE FUTURES U.S. ,20.8700008392334,0.22715878123833733,-193557,3.070072975817364,164104,-1.2617530387315392,0.023421046827094866,0.043258288859107236,-0.1390263598888356,0.04360324920070946,0.2144645503284443
2009-09-15,824750,212412,39699,449554,657107,080732,SUGAR NO. 11 - ICE FUTURES U.S. ,21.780000686645508,0.251655653228251,-207553,-1.6425726283274538,172713,1.0103535122371425,0.024184461185494024,0.03414765718274887,0.04360324920070946,0.01698801286593321,0.21582970896617587
2009-09-22,800087,224105,37347,438487,644478,080732,SUGAR NO. 11 - ICE FUTURES U.S. ,22.149999618530277,0.2574607511433132,-205991,0.18939072446195818,186758,1.702940284934829,0.021880670197097784,0.053719229533528146,0.01698801286593321,0.059142189097215914,0.21794513275853397
2009-09-29,784699,227458,26754,403249,638044,080732,SUGAR NO. 11 - ICE FUTURES U.S. ,23.459999084472656,0.29921664230488376,-234795,-3.600108488201908,200704,1.7430604421769131,0.04001947578635408,0.05485972338048558,0.059142189097215914,0.023017942736611285,0.22069810308790316
2009-10-06,771265,231698,34153,399183,628284,080732,SUGAR NO. 11 - ICE FUTURES U.S. ,24.0,0.2970457624811187,-229101,0.7256285531139965,197545,-0.4025747452207789,0.013456393246693081,0.043780162572267925,0.023017942736611285,-0.05041662851969397,0.22346484814535028
2009-10-13,760540,218895,43524,415345,593855,080732,SUGAR NO. 11 - ICE FUTURES U.S. ,22.790000915527344,0.23471480789965024,-178510,6.559483446026981,175371,-2.8750170174972287,0.050129805786761794,0.08449845476127872,-0.05041662851969397,0.035103080514379936,0.2255321652128271
2009-10-20,774878,218096,37132,416851,625918,080732,SUGAR NO. 11 - ICE FUTURES U.S. ,23.59000015258789,0.26980634370829987,-209067,-4.0178031398743,180964,0.7353985326215584,0.03219217295489221,0.028174808406601158,0.035103080514379936,-0.039847415344526516,0.22830788099978042
2009-10-27,774344,211835,36700,420612,623374,080732,SUGAR NO. 11 - ICE FUTURES U.S. ,22.649999618530277,0.26185003047741057,-202762,0.8136764755225984,175135,-0.7522474505664117,0.006039353018143921,0.026929808678858108,-0.039847415344526516,0.05827813320333575,0.23078443438169532
2009-11-03,782075,208572,36350,423070,624542,080732,SUGAR NO. 11 - ICE FUTURES U.S. ,23.96999931335449,0.25761212159959085,-201472,0.16659262549977788,172222,-0.3761893938611263,0.0034612051026525086,0.014751635214476446,0.05827813320333575,-0.03629532569072946,0.233136518409303
2009-11-17,770553,194383,46491,426941,608158,080732,SUGAR NO. 11 - ICE FUTURES U.S. ,23.100000381469727,0.23517785278884126,-181217,2.589905060256369,147892,-3.110954831697727,0.019568176570550256,0.10100716557204181,-0.03629532569072946,-0.04415586324327059,0.23467951058318895
2009-11-24,773085,192850,45405,432405,611561,080732,SUGAR NO. 11 - ICE FUTURES U.S. ,22.07999992370605,0.23174165842048416,-179156,0.2674702453951902,147445,-0.05801028611918973,0.008493571629727406,0.010992424083440012,-0.04415586324327059,0.02626811257745265,0.23636316619677397
2009-12-01,780288,195968,40286,436766,627219,080732,SUGAR NO. 11 - ICE FUTURES U.S. ,22.65999984741211,0.2440803908300525,-190453,-1.4612882153967546,155682,1.0654714552733529,0.018815114874739775,0.03486501815842272,0.02626811257745265,-0.019417499427206386,0.23829752316576844
2009-12-08,785811,200292,43165,440880,626353,080732,SUGAR NO. 11 - ICE FUTURES U.S. ,22.21999931335449,0.2360274926159089,-185473,0.6382258858267716,157127,0.18518803313648294,0.00466627250094403,0.029586333520909235,-0.019417499427206386,0.11701172195388398,0.23973825271089744
2009-12-15,819140,220514,35310,427404,658238,080732,SUGAR NO. 11 - ICE FUTURES U.S. ,24.81999969482422,0.2818004248358034,-230834,-5.772507638605211,185204,3.572996560241585,0.0417826502659256,0.10975123522421665,0.11701172195388398,0.06768736203998094,0.24204264325413447
2009-12-22,836284,229929,39126,429887,668290,080732,SUGAR NO. 11 - ICE FUTURES U.S. ,26.5,0.28507420923992327,-238403,-0.9240178724027638,190803,0.683521742315111,0.011414371271662036,0.04917581907045028,0.06768736203998094,0.01018869651938381,0.2453775578482724
2009-12-29,832552,223587,39827,435012,666575,080732,SUGAR NO. 11 - ICE FUTURES U.S. ,26.770000457763672,0.27813638067051666,-231563,0.8179039656384673,183760,-0.8421780160806617,0.006209223601948825,0.026737379182579513,0.01018869651938381,0.03249902566335061,0.24805856455083888
2010-01-05,842341,222931,38491,444943,676606,080732,SUGAR NO. 11 - ICE FUTURES U.S. ,27.63999938964844,0.2750228232984029,-231663,-0.012011261759025263,184440,0.08167657996137179,0.017798598188755017,0.007619863668704241,0.03249902566335061,-0.010130202079589923,0.2510267462777707
2010-01-12,840620,226945,36038,432073,666253,080732,SUGAR NO. 11 - ICE FUTURES U.S. ,27.36000061035156,0.27858009564369157,-234180,-0.29881010184711415,190907,0.767741330411318,0.02114399549860424,0.024590943140811384,-0.010130202079589923,0.0592104859556124,0.2534233212622019
2010-01-19,839354,234488,39569,421049,662578,080732,SUGAR NO. 11 - ICE FUTURES U.S. ,28.979999542236328,0.28775582173909936,-241529,-0.8742356831862197,194919,0.47726677928195854,0.01356463063397276,0.0404076524226712,0.0592104859556124,0.011042087642473719,0.25576291826610753
2010-01-26,847442,232701,36302,452118,688397,080732,SUGAR NO. 11 - ICE FUTURES U.S. ,29.299999237060547,0.278814361336823,-236279,0.6254810246927995,196399,0.17632607934197012,0.0498792212290062,0.01878789455879674,0.011042087642473719,0.0034129823915913793,0.2575984155661389
2010-02-02,877992,234520,33685,475458,713558,080732,SUGAR NO. 11 - ICE FUTURES U.S. ,29.399999618530277,0.2711869812025622,-238100,-0.21488196242338709,200835,0.5234576525591131,0.04079087245251536,0.01653958725601685,0.0034129823915913793,-0.07925169911354357,0.25877279086009053
2010-02-09,859532,212051,37266,492640,692498,080732,SUGAR NO. 11 - ICE FUTURES U.S. ,27.06999969482422,0.23251955715435843,-199858,4.355620552351274,174785,-2.9669974213888053,0.03226797216864197,0.10448545426104117,-0.07925169911354357,0.010713000324960698,0.25909157726608817
2010-02-16,829147,200771,17298,481114,693263,080732,SUGAR NO. 11 - ICE FUTURES U.S. ,27.36000061035156,0.2558641591901074,-212149,-1.429964213083399,183473,1.0107826119330054,0.010465974725322447,0.14329409498828352,0.010713000324960698,-0.10928361492751226,0.2591716342683132
2010-02-23,775106,200097,23125,443966,642999,080732,SUGAR NO. 11 - ICE FUTURES U.S. ,24.3700008392334,0.256781653090029,-199033,1.5818666653802038,176972,-0.7840587977765101,0.08041841273638066,0.02912347349275609,-0.10928361492751226,-0.0709889778419629,0.25960567486957936
2010-03-02,741206,188704,18703,427666,618383,080732,SUGAR NO. 11 - ICE FUTURES U.S. ,22.63999938964844,0.25730633589042723,-190717,1.0728855150134304,170001,-0.8993608616111861,0.03911480246145257,0.07625104263597661,-0.0709889778419629,-0.10247348751630192,0.25992333100130893
2010-03-09,754199,194292,30843,443958,621330,080732,SUGAR NO. 11 - ICE FUTURES U.S. ,20.31999969482422,0.2351793094395511,-177372,1.800444141035016,163449,-0.8839647817206013,0.0180599049271183,0.07874386479223577,-0.10247348751630192,-0.10236220250711214,0.25999655611310224
2010-03-16,776698,207113,35760,450459,632821,080732,SUGAR NO. 11 - ICE FUTURES U.S. ,18.239999771118164,0.23479138609858657,-182362,-0.6616290925869697,171353,1.0479992680976773,0.016608817664869654,0.07303405483524311,-0.10236220250711214,-0.09155702287553091,0.26053184916393135
2010-03-23,737718,202212,46749,415646,580583,080732,SUGAR NO. 11 - ICE FUTURES U.S. ,16.56999969482422,0.22357730189584638,-164937,2.2434717226000327,155463,-2.045840210738279,0.08738051191041417,0.06382525777129751,-0.09155702287553091,0.07905850875492604,0.2608268016300455
2010-03-30,704149,198676,43066,380582,543415,080732,SUGAR NO. 11 - ICE FUTURES U.S. ,17.8799991607666,0.2312479319007767,-162833,0.28520383127428095,155610,0.019926313306710696,0.07817341398294583,0.029862415302264397,0.07905850875492604,-0.11129747823536962,0.2607536741183524
2010-04-06,703555,192339,49939,381749,538742,080732,SUGAR NO. 11 - ICE FUTURES U.S. ,15.890000343322754,0.2231424693165424,-156993,0.8293699202867575,142400,-1.8760233984568608,0.006344440086866683,0.054524141688473575,-0.11129747823536962,0.06859654973963614,0.26108938515800034
2010-04-13,686987,186975,45877,368820,523730,080732,SUGAR NO. 11 - ICE FUTURES U.S. ,16.979999542236328,0.22549189431532182,-154910,0.2960678269644875,141098,-0.18506015876512852,0.031304688812951655,0.04048064865236287,0.06859654973963614,-0.030624291624402833,0.2619687691752156
2010-04-20,655541,166037,53179,364061,487707,080732,SUGAR NO. 11 - ICE FUTURES U.S. ,16.459999084472656,0.18861673030367285,-123646,4.550886698001563,112858,-4.110703695994247,0.04787923472119169,0.128822713670535,-0.030624291624402833,-0.08140943338068873,0.26169635013068426
2010-04-27,641598,161388,61531,352052,465724,080732,SUGAR NO. 11 - ICE FUTURES U.S. ,15.119999885559082,0.17717012833581153,-113672,1.5214914093855305,99857,-1.9832474246462082,0.041566394709553714,0.05832163252122968,-0.08140943338068873,-0.040343892942740656,0.2611696306816536
2010-05-04,630723,164868,63356,321520,434754,080732,SUGAR NO. 11 - ICE FUTURES U.S. ,14.510000228881836,0.17953047534337577,-113234,0.06826704572021733,101512,0.2579496818880358,0.08132237786833872,0.023244706954570947,-0.040343892942740656,-0.04135081819471231,0.25991085550525433
2010-05-11,646876,160301,61597,327789,443105,080732,SUGAR NO. 11 - ICE FUTURES U.S. ,13.90999984741211,0.17826600461293973,-115316,-0.33009736445317517,98704,-0.44520336185615556,0.018964993890210585,0.028508594038702467,-0.04135081819471231,0.06398277160932775,0.25753350900980004
2010-05-18,665694,157627,62323,337608,444327,080732,SUGAR NO. 11 - ICE FUTURES U.S. ,14.800000190734863,0.16031239578545098,-106719,1.3290027764208288,95304,-0.525603052207842,0.01412009949676124,0.015458058649693112,0.06398277160932775,0.03040539212606541,0.25468362172085024
2010-05-25,675602,156581,57441,344949,453736,080732,SUGAR NO. 11 - ICE FUTURES U.S. ,15.25,0.16102231787354093,-108787,-0.3106532430816561,99140,0.5762407352327045,0.020971972680092904,0.02769808711253983,0.03040539212606541,-0.05573772993244119,0.2520339239410654
2010-06-01,684786,155675,59196,346951,452460,080732,SUGAR NO. 11 - ICE FUTURES U.S. ,14.399999618530272,0.1540758718782218,-105509,0.48519690587061615,96479,-0.3938709476881359,0.0041005190071189915,0.012384174690861028,-0.05573772993244119,0.033333368654605344,0.2490995974105489
2010-06-08,696523,148483,52926,369049,477489,080732,SUGAR NO. 11 - ICE FUTURES U.S. ,14.880000114440918,0.15568760830582767,-108440,-0.4280169279161665,95557,-0.13464060304971187,0.0556702711514427,0.06683911841079594,0.033333368654605344,0.08736560354413059,0.24680853182939877
2010-06-15,642009,146436,41083,349734,462393,080732,SUGAR NO. 11 - ICE FUTURES U.S. ,16.18000030517578,0.1754788484273585,-112659,-0.6057229983790916,105353,1.4064144328327997,0.04237145175569831,0.07407249398727596,0.08736560354413059,0.0018540654345524654,0.24513353970554588
2010-06-22,606050,144825,39659,333327,446355,080732,SUGAR NO. 11 - ICE FUTURES U.S. ,16.209999084472656,0.18649946374061546,-113028,-0.05747582977808722,105166,-0.029127317529816562,0.04161311919474863,0.016451291168881853,0.0018540654345524654,0.08451578757618217,0.2441390708892796
2010-06-29,566822,143511,42871,300858,406817,080732,SUGAR NO. 11 - ICE FUTURES U.S. ,17.579999923706055,0.18693522834328943,-105959,1.1664054120947116,100640,-0.7468030690537084,0.1017515102271523,0.02428346084922364,0.08451578757618217,-0.050625676536454445,0.24270242587511
2010-07-06,557902,133278,35466,298609,403592,080732,SUGAR NO. 11 - ICE FUTURES U.S. ,16.690000534057617,0.18817462565110002,-104983,0.17218809432237986,97812,-0.4989220601882072,0.007795488756068419,0.10452519793296354,-0.050625676536454445,0.028759708021389274,0.24076443180844606
2010-07-13,577969,134867,37159,304313,413147,080732,SUGAR NO. 11 - ICE FUTURES U.S. ,17.170000076293945,0.18830421700817865,-108834,-0.6902645984420203,97708,-0.018641266745772555,0.021268084631895855,0.01907851138781347,0.028759708021389274,0.006406558524332029,0.23879282474537666
2010-07-20,595710,138548,33627,305107,423708,080732,SUGAR NO. 11 - ICE FUTURES U.S. ,17.280000686645508,0.19909183998925653,-118601,-1.6898830214077225,104921,1.2479908091956489,0.015580085481226375,0.04189342239001016,0.006406558524332029,0.06597218427945206,0.2372681360742504
2010-07-27,600855,142550,33547,310041,440347,080732,SUGAR NO. 11 - ICE FUTURES U.S. ,18.420000076293945,0.21686763029349843,-130306,-1.9648822413590505,109003,0.6852327474777996,0.0287491271182375,0.02318040625337172,0.06597218427945206,0.00922910290932788,0.23595951044763894
2010-08-03,613446,152240,36438,318768,457596,080732,SUGAR NO. 11 - ICE FUTURES U.S. ,18.59000015258789,0.226308428125703,-138828,-1.4183122383936224,115802,1.131554201928918,0.033458532337923966,0.06667974008628456,0.00922910290932788,-0.0016138077675772466,0.23435883936272167
2010-08-10,612589,144482,28962,312657,454118,080732,SUGAR NO. 11 - ICE FUTURES U.S. ,18.559999465942383,0.23092318014198754,-141461,-0.4292146333988648,115520,-0.045969816414158704,0.012505624205275342,0.0878323839394848,-0.0016138077675772466,0.04418101931139162,0.23275356239061398
2010-08-17,622029,152333,29145,309125,461946,080732,SUGAR NO. 11 - ICE FUTURES U.S. ,19.3799991607666,0.2456814714426498,-152821,-1.8544244183294183,123188,1.2517364823723574,0.014732754830618712,0.04426982884977793,0.04418101931139162,0.04024771519209147,0.23250617205903268
2010-08-24,648019,149840,30547,332878,481489,080732,SUGAR NO. 11 - ICE FUTURES U.S. ,20.15999984741211,0.22933123874454298,-148611,0.6768173188066795,119293,-0.6261765930527354,0.05316521912110879,0.021592465088947653,0.04024771519209147,-0.02033729417238761,0.23177738584418395
2010-08-31,660368,153599,33528,337315,491498,080732,SUGAR NO. 11 - ICE FUTURES U.S. ,19.75,0.23348042303685218,-154183,-0.8598513315196005,120071,0.12005820816982217,0.01742974591373446,0.0360183191094818,-0.02033729417238761,0.08607598799693439,0.23138713384137255
2010-09-07,673080,162782,34184,341171,507489,080732,SUGAR NO. 11 - ICE FUTURES U.S. ,21.450000762939453,0.2470998989718904,-166318,-1.8376117558694547,128598,1.2912497274247088,0.023386279546579312,0.04995278372917153,0.08607598799693439,0.1356643237253352,0.23124383483365915
2010-09-14,697690,174438,34996,352811,524605,080732,SUGAR NO. 11 - ICE FUTURES U.S. ,24.36000061035156,0.24623256747265979,-171794,-0.813573423664349,139442,1.611101206394485,0.03277350766341165,0.05953188116542682,0.1356643237253352,-0.023399001664310304,0.23161063841508842
2010-09-21,639289,176763,20851,317173,500364,080732,SUGAR NO. 11 - ICE FUTURES U.S. ,23.790000915527344,0.28655428139698946,-183191,-1.6335335177514367,155912,2.360647278877438,0.07324316819911515,0.08334429746880281,-0.023399001664310304,0.1282050912015671,0.23228176587987187
2010-09-28,613181,177427,23218,298837,482419,080732,SUGAR NO. 11 - ICE FUTURES U.S. ,26.84000015258789,0.2993928383299548,-183582,-0.06116169682256382,154209,-0.26638969229878817,0.0464393233459967,0.01510628223977672,0.1282050912015671,-0.1154992683996251,0.23308815217192264
2010-10-05,578944,169315,22600,273571,451472,080732,SUGAR NO. 11 - ICE FUTURES U.S. ,23.739999771118164,0.3072853332964846,-177901,0.9264801094619697,146715,-1.222151371291674,0.0775305740487116,0.04548888830992887,-0.1154992683996251,0.1562763701596508,0.2332433193063765
2010-10-12,579406,170254,17149,265915,453230,080732,SUGAR NO. 11 - ICE FUTURES U.S. ,27.450000762939453,0.32328798804292674,-187315,-1.6260640061905813,153105,1.103733694450586,0.013090545022213879,0.034097639845680164,0.1562763701596508,0.03205825633180659,0.23374797749025744
2010-10-19,587348,176181,15521,271484,467906,080732,SUGAR NO. 11 - ICE FUTURES U.S. ,28.32999992370605,0.3344218419063315,-196422,-1.5717821354973887,160660,1.3039216024687352,0.027380678667550278,0.039410126133269344,0.03205825633180659,-0.013060389701017416,0.2356654204519244
2010-10-26,593979,170753,13759,282976,476086,080732,SUGAR NO. 11 - ICE FUTURES U.S. ,27.959999084472656,0.32511250397741337,-193110,0.5638905725396188,156994,-0.624161485184252,0.025916196568923223,0.03896765522025668,-0.013060389701017416,0.07725328417339905,0.23672900045709966
2010-11-02,604070,174621,13404,289690,490036,080732,SUGAR NO. 11 - ICE FUTURES U.S. ,30.1200008392334,0.3316602380518814,-200346,-1.21822488673842,161217,0.7109678961714135,0.026501617234772214,0.022459779284669593,0.07725328417339905,0.09926957794846669,0.23807150444891642
2010-11-09,597338,175647,25185,279969,475900,080732,SUGAR NO. 11 - ICE FUTURES U.S. ,33.11000061035156,0.3280069240530487,-195931,0.7308755607793799,150462,-1.780422798682272,0.031562347443803096,0.06376971797323136,0.09926957794846669,-0.20537605010744753,0.23942525064994444
2010-11-16,581924,174489,26922,283142,457491,080732,SUGAR NO. 11 - ICE FUTURES U.S. ,26.309999465942383,0.2996078525718135,-174349,3.6130298089189035,147567,-0.48465023152720904,0.029139938404040867,0.014373594292268048,-0.20537605010744753,0.038768547262193254,0.24066428910730928
2010-11-23,576756,175797,28627,283456,457114,080732,SUGAR NO. 11 - ICE FUTURES U.S. ,27.32999992370605,0.30109439693735307,-173658,0.11874402842982934,147170,-0.06822196712972828,0.0009330650714989805,0.01473897389738974,0.038768547262193254,0.008049737064348417,0.24199799561724908
2010-11-30,570470,174466,23980,283318,457174,080732,SUGAR NO. 11 - ICE FUTURES U.S. ,27.549999237060547,0.3047592336143881,-173856,-0.03432994195118907,150486,0.5749398359098128,0.0002673897894913112,0.030124063977102083,0.008049737064348417,0.031215993980670653,0.24316489644002476
2010-12-07,575256,173825,23283,283229,461173,080732,SUGAR NO. 11 - ICE FUTURES U.S. ,28.40999984741211,0.3093301069436912,-177944,-0.7166021000227882,150542,0.00981646712359984,0.005491656389961338,0.006788156746555188,0.031215993980670653,0.08342136050554338,0.24457456210017445
2010-12-14,585743,175296,22804,283665,468044,080732,SUGAR NO. 11 - ICE FUTURES U.S. ,30.780000686645508,0.31477798283547564,-184379,-1.1186324001835704,152492,0.33897951520714253,0.009720516848940215,0.009843513377082282,0.08342136050554338,0.07277451985535621,0.2452087459078604
2010-12-21,606435,188930,14174,280842,495794,080732,SUGAR NO. 11 - ICE FUTURES U.S. ,33.02000045776367,0.35445183737746006,-214952,-5.219524603793814,174756,3.800984390765233,0.039365932045385486,0.10961871750433276,0.07277451985535621,0.04148997313422664,0.24654293106435152
2010-12-28,607307,191573,14121,274019,490501,080732,SUGAR NO. 11 - ICE FUTURES U.S. ,34.38999938964844,0.35646221762634056,-216482,-0.25229414529174604,177452,0.44456536974284133,0.015847852247161617,0.01310684803640359,0.04148997313422664,-0.09857515120133575,0.24804919715965582
2011-01-04,607185,188617,13298,283723,489729,080732,SUGAR NO. 11 - ICE FUTURES U.S. ,31.0,0.3392804499452391,-206006,1.7249924667425205,175319,-0.35122269297077097,0.013544473348055213,0.018715796250897657,-0.09857515120133575,0.056451612903225756,0.24928492074901806
2011-01-11,617471,187151,12796,294066,500255,080732,SUGAR NO. 11 - ICE FUTURES U.S. ,32.75,0.3339249940483035,-206189,-0.030139084463548998,174355,-0.15876545039814882,0.026272753710401713,0.009842608291197168,0.056451612903225756,-0.04977096674096493,0.2503492457183375
2011-01-18,620918,179366,13954,305020,502453,080732,SUGAR NO. 11 - ICE FUTURES U.S. ,31.1200008392334,0.31796952254565014,-197433,1.418042304820793,165412,-1.4483271279136996,0.016287851110811137,0.046260086902545,-0.04977096674096493,0.02313622409825844,0.2509302784261558
2011-01-25,619137,182985,14881,304313,503606,080732,SUGAR NO. 11 - ICE FUTURES U.S. ,31.84000015258789,0.3218883704252855,-199293,-0.2995564631722707,168104,0.43355161229018974,0.0023022109889729043,0.022975144794962248,0.02313622409825844,0.06658288070744423,0.25175862475478006
2011-02-01,646042,200514,18418,306716,528410,080732,SUGAR NO. 11 - ICE FUTURES U.S. ,33.959999084472656,0.34315725602979374,-221694,-3.6181006788481387,182096,2.2599198561869183,0.03257831752334378,0.09622165786636946,0.06658288070744423,-0.0824499208641255,0.2531426685014576
2011-02-08,653229,189669,17913,333576,536271,080732,SUGAR NO. 11 - ICE FUTURES U.S. ,31.15999984741211,0.3102970015109556,-202695,2.940830472322233,171756,-1.6005151367867725,0.03991621515048049,0.05467718781011841,-0.0824499208641255,-0.010911429854070676,0.2546383885852383
2011-02-15,663043,180551,20151,347002,538185,080732,SUGAR NO. 11 - ICE FUTURES U.S. ,30.81999969482422,0.2883417817547278,-191183,1.762322248399872,160400,-1.7384408836717293,0.01732967158351851,0.056581399288497376,-0.010911429854070676,0.00454248510819899,0.25526295824994255
2011-02-22,637871,182416,20091,328637,513308,080732,SUGAR NO. 11 - ICE FUTURES U.S. ,30.959999084472656,0.28951151565128375,-184671,0.9821384133457407,162325,0.2903280782694335,0.051359649383273254,0.00950584424242125,0.00454248510819899,-0.0549095253831392,0.25589237868381287
2011-03-01,598636,181207,19844,297448,479304,080732,SUGAR NO. 11 - ICE FUTURES U.S. ,29.26000022888184,0.30378393547999116,-181856,0.44131180128897535,161363,-0.1508141928383639,0.0839302634560323,0.007241943586453189,-0.0549095253831392,0.04921396181795723,0.25678617867591985
2011-03-08,609365,199218,20111,284191,492503,080732,SUGAR NO. 11 - ICE FUTURES U.S. ,30.700000762939453,0.34185094319496523,-208312,-4.419380057330331,179107,2.964071656231834,0.03406232055352559,0.08333599296034724,0.04921396181795723,-0.16449514719574387,0.25883755624813937
2011-03-15,601818,183688,25116,295148,470378,080732,SUGAR NO. 11 - ICE FUTURES U.S. ,25.649999618530277,0.29116776168210323,-175230,5.428930115776258,158572,-3.369901454793104,0.043214730786413524,0.09834581712994003,-0.16449514719574387,0.05886940551028186,0.2599217173170531
2011-03-22,590210,169185,27068,304096,464679,080732,SUGAR NO. 11 - ICE FUTURES U.S. ,27.15999984741211,0.2720777350434591,-160583,2.433792276070174,142117,-2.734215327557501,0.019052388540210075,0.08384585203793063,0.05886940551028186,-0.005154616731773531,0.2608544179545072
2011-03-29,595022,172747,26443,303485,466403,080732,SUGAR NO. 11 - ICE FUTURES U.S. ,27.020000457763672,0.2738016409477297,-162918,-0.3956218972907948,146304,0.7094085156130868,0.0030329086828213975,0.021020131532707466,-0.005154616731773531,0.019615054415907274,0.26167275851310245
2011-04-05,626615,175008,27784,308242,471821,080732,SUGAR NO. 11 - ICE FUTURES U.S. ,27.549999237060547,0.2610518420401682,-163579,-0.11108832950714427,147224,0.15461613184050338,0.013043818255704987,0.01776204189514379,0.019615054415907274,-0.07150632914372035,0.26240178491163374
2011-04-12,630580,173938,41983,326369,462039,080732,SUGAR NO. 11 - ICE FUTURES U.S. ,25.57999992370605,0.21515113070506517,-135670,4.453931042186989,131955,-2.436743454912506,0.03539918417875009,0.07071567841942192,-0.07150632914372035,-0.051211863559403215,0.26220292407297496
2011-04-19,615070,164291,48238,345825,463273,080732,SUGAR NO. 11 - ICE FUTURES U.S. ,24.270000457763672,0.19095062350626757,-117448,2.8897205747089982,116053,-2.5218053220844303,0.02557168600095415,0.07482273007448395,-0.051211863559403215,0.027606100686315527,0.2622478066345633
2011-04-26,597546,162809,49363,335722,450834,080732,SUGAR NO. 11 - ICE FUTURES U.S. ,24.940000534057617,0.1926412359885264,-115112,0.37979416976929453,113446,-0.4238541954574276,0.02865911645197545,0.012287200950172501,0.027606100686315527,-0.11587815698121318,0.26254532793557706
2011-05-03,568473,176606,55360,297459,414796,080732,SUGAR NO. 11 - ICE FUTURES U.S. ,22.049999237060547,0.2064073403662091,-117337,-0.37235627047959485,121246,1.3053388358385798,0.10431797600578445,0.0853314709914384,-0.11587815698121318,-0.008163192927672092,0.26306219072447773
2011-05-10,582630,180584,53958,306333,429141,080732,SUGAR NO. 11 - ICE FUTURES U.S. ,21.8700008392334,0.21078214304103804,-122808,-0.9624027878192984,126626,0.9463949914947587,0.03157011668665378,0.02293832234738341,-0.008163192927672092,0.002743459700044859,0.26368750107886424
2011-05-17,584612,176736,61221,308828,414795,080732,SUGAR NO. 11 - ICE FUTURES U.S. ,21.93000030517578,0.1812603915075298,-105967,2.8905137050958585,115515,-1.9070422051730942,0.023273168486905475,0.046693310135864884,0.002743459700044859,-0.0009120135652233019,0.26409034715044266
2011-05-24,584931,166728,53633,316422,421017,080732,SUGAR NO. 11 - ICE FUTURES U.S. ,21.90999984741211,0.17881596290844562,-104595,0.2346855692322429,113095,-0.4139497649723235,0.01873510893782401,0.0798507902941083,-0.0009120135652233019,0.05796442111402733,0.26443253263188315
2011-05-31,606482,166403,59103,325441,435079,080732,SUGAR NO. 11 - ICE FUTURES U.S. ,23.18000030517578,0.18077700574790348,-109638,-0.8621529718889921,107300,-0.990715144179399,0.030348971756166833,0.025697764139313368,0.05796442111402733,0.050474549650143974,0.26494601597553086
2011-06-07,634960,168068,55328,344678,468426,080732,SUGAR NO. 11 - ICE FUTURES U.S. ,24.350000381469727,0.19489101675696108,-123748,-2.3265323620486678,112740,0.8969763323561128,0.06467069403175978,0.024351376031800032,0.050474549650143974,0.032854177598672596,0.2656999276765142
2011-06-14,646223,183605,57447,345763,484058,080732,SUGAR NO. 11 - ICE FUTURES U.S. ,25.149999618530277,0.2140050725523542,-138295,-2.2910104573516445,126158,2.113203981353156,0.020145308446038363,0.07324560675704828,0.032854177598672596,0.09304175698133199,0.26644081660199487
2011-06-21,629831,199880,57344,318419,475562,080732,SUGAR NO. 11 - ICE FUTURES U.S. ,27.489999771118164,0.2495002627689015,-157143,-2.9166402310038486,142536,2.534419232989231,0.04513961921003148,0.06367213012782633,0.09304175698133199,0.06511462096874854,0.2676523704294619
2011-06-28,618878,199133,60984,300396,461589,080732,SUGAR NO. 11 - ICE FUTURES U.S. ,29.280000686645508,0.26046005836368397,-161193,-0.6430296381092705,138149,-0.696536054909968,0.04199032789359371,0.01686548745372275,0.06511462096874854,-0.0573770582574481,0.26906630946831567
2011-07-05,615184,208141,66911,282087,451720,080732,SUGAR NO. 11 - ICE FUTURES U.S. ,27.600000381469727,0.2757435173866681,-169633,-1.3637582851547476,141230,0.4978364071755661,0.038399742711639435,0.05429882349519364,-0.0573770582574481,0.10471012136611213,0.2707503266170766
2011-07-12,626505,211493,63200,283106,465550,080732,SUGAR NO. 11 - ICE FUTURES U.S. ,30.489999771118164,0.291209168322679,-182444,-2.082466384041197,148293,1.148111784441728,0.019834209570216494,0.025712340685783767,0.10471012136611213,-0.05608393234861431,0.27272926798850927
2011-07-19,631872,215666,62877,285488,469615,080732,SUGAR NO. 11 - ICE FUTURES U.S. ,28.780000686645508,0.2913992074344171,-184127,-0.26863313141954176,152789,0.7176319422829825,0.008537908073468123,0.01614113440294676,-0.05608393234861431,0.07505211243495191,0.27450440967014694
2011-07-26,637140,217640,54287,281442,475257,080732,SUGAR NO. 11 - ICE FUTURES U.S. ,30.940000534057617,0.3041953102928713,-193815,-1.5332219183632128,163353,1.6718575914109186,0.012802977141505406,0.0388486615893236,0.07505211243495191,-0.08985134578732101,0.2761837881316734
2011-08-02,623987,213857,53052,280884,467509,080732,SUGAR NO. 11 - ICE FUTURES U.S. ,28.15999984741211,0.29908475657345424,-186625,1.1284803967730799,160805,-0.3999121072291804,0.011098446938974577,0.018800415122757194,-0.08985134578732101,-0.023792616474588413,0.27758333290951476
2011-08-09,592773,187187,43556,279498,448227,080732,SUGAR NO. 11 - ICE FUTURES U.S. ,27.489999771118164,0.2846435313349292,-168729,2.8680084681251374,143631,-2.7523009293462843,0.02840083822872651,0.15673714912261694,-0.023792616474588413,0.020007317169461247,0.2786164165863021
2011-08-16,586551,174328,46038,281160,440297,080732,SUGAR NO. 11 - ICE FUTURES U.S. ,28.040000915527344,0.2713097411819262,-159137,1.6181573722149962,128290,-2.588005863964789,0.013295317669660146,0.06961600246862039,0.020007317169461247,0.0991440331144009,0.279109267927442
2011-08-23,595341,181157,38254,275676,451938,080732,SUGAR NO. 11 - ICE FUTURES U.S. ,30.81999969482422,0.29606897559549905,-176262,-2.9196097185070014,142903,2.491343463739726,0.023535830811391753,0.06660103641111886,0.0991440331144009,-0.03893571925610184,0.28039268594380656
2011-08-30,597739,177462,41882,279985,450110,080732,SUGAR NO. 11 - ICE FUTURES U.S. ,29.6200008392334,0.28461418779768427,-170125,1.0308377887630786,135580,-1.2300513487228328,0.008405755415391148,0.03338591436282734,-0.03893571925610184,-0.04490208933229989,0.2813760275738226
2011-09-06,597645,174494,44742,277040,435567,080732,SUGAR NO. 11 - ICE FUTURES U.S. ,28.290000915527344,0.2652527838432514,-158527,1.9403117414122217,129752,-0.9750074865451309,0.02454087596669693,0.026583225382692623,-0.04490208933229989,0.039589922079855455,0.2817251215136564
2011-09-13,580127,176975,42713,258743,421162,080732,SUGAR NO. 11 - ICE FUTURES U.S. ,29.40999984741211,0.2799714545263365,-162419,-0.6512227158262849,134262,0.7546285838583106,0.04809789602959237,0.020529114016241214,0.039589922079855455,-0.06188370296725343,0.28237394626468865
2011-09-20,533043,155888,30173,249711,385673,080732,SUGAR NO. 11 - ICE FUTURES U.S. ,27.59000015258789,0.2550676024260707,-135962,4.560553120265046,125715,-1.473298088177244,0.07006943832391122,0.18073105056943692,-0.06188370296725343,-0.05617974731744102,0.2817684332075556
2011-09-27,483737,140237,40868,241289,344931,080732,SUGAR NO. 11 - ICE FUTURES U.S. ,26.040000915527344,0.21425278612138415,-103642,6.063300709323638,99369,-4.942565609153482,0.08386612534543346,0.14547362027553076,-0.05617974731744102,-0.051843330798991505,0.28013112451123695
2011-10-04,472073,134983,41202,239593,331774,080732,SUGAR NO. 11 - ICE FUTURES U.S. ,24.690000534057617,0.19526852838438122,-92181,2.3692626365152964,93781,-1.1551731622761956,0.02599555102062247,0.031716661463802254,-0.051843330798991505,0.05062778343304353,0.2779769551860042
2011-10-11,473747,137380,45338,236119,333620,080732,SUGAR NO. 11 - ICE FUTURES U.S. ,25.940000534057617,0.20580816342900324,-97501,-1.1269443497086256,92042,-0.36837523010212403,0.00933760897533783,0.035754550728444925,0.05062778343304353,0.07363144981066583,0.2757177277895826
2011-10-18,498372,151118,39094,243187,365368,080732,SUGAR NO. 11 - ICE FUTURES U.S. ,27.850000381469727,0.24516024174712864,-122181,-5.20953166985754,112024,4.2178631210329565,0.06378388148975853,0.10505120602275356,0.07363144981066583,-0.032675038956824776,0.27400115855575174
2011-10-25,507502,157570,38937,246743,373637,080732,SUGAR NO. 11 - ICE FUTURES U.S. ,26.940000534057617,0.25003645305831307,-126894,-0.9456791312513544,118633,1.3261178396860176,0.019060898159192752,0.03363238968586361,-0.032675038956824776,-0.05939125277473556,0.27255738834576904
2011-11-01,498960,152698,38646,243790,364435,080732,SUGAR NO. 11 - ICE FUTURES U.S. ,25.34000015258789,0.24179292929292928,-120645,1.231325196747993,114052,-0.9026565412550098,0.01998438078013893,0.026982816288987372,-0.05939125277473556,0.0224940683264363,0.27082917086963537
2011-11-08,492323,140824,40839,249129,356119,080732,SUGAR NO. 11 - ICE FUTURES U.S. ,25.90999984741211,0.21731668030947163,-106990,2.7366923200256537,99985,-2.819264069264069,0.02256099978851644,0.07743459042292597,0.0224940683264363,-0.042454665686908366,0.26870051233610504
2011-11-15,488004,130403,54734,257857,334722,080732,SUGAR NO. 11 - ICE FUTURES U.S. ,24.809999465942383,0.15750895484463243,-76865,6.118950363887123,75669,-4.939033926913835,0.050837103576063275,0.13134057481756753,-0.042454665686908366,-0.0552196276249588,0.26596784122596695
2011-11-22,503702,122718,64661,279186,326043,080732,SUGAR NO. 11 - ICE FUTURES U.S. ,23.440000534057617,0.09302524111478612,-46857,6.149129925164548,58057,-3.6089868115835118,0.04958123288870824,0.0939913224000555,-0.0552196276249588,0.0021330732048363554,0.2619665113063022
2011-11-29,504829,119513,68162,284856,321076,080732,SUGAR NO. 11 - ICE FUTURES U.S. ,23.489999771118164,0.07174706682856967,-36220,2.11176449567403,51351,-1.3313427383651444,0.01755477512328116,0.03573198348208339,0.0021330732048363554,0.029374224809742167,0.2574855080988826
2011-12-06,517967,124706,69922,287025,328200,080732,SUGAR NO. 11 - ICE FUTURES U.S. ,24.18000030517578,0.07949348124494418,-41175,-0.9815204752500352,54784,0.6800322485435663,0.015105042870494535,0.03572456172801447,0.029374224809742167,-0.030603794945352703,0.25306557298929133
2011-12-13,525763,123699,66270,294949,336454,080732,SUGAR NO. 11 - ICE FUTURES U.S. ,23.440000534057617,0.07894241321660139,-41505,-0.06371062249139424,57429,0.5106502923931447,0.025622304613693633,0.024525054087772214,-0.030603794945352703,0.0021330732048363554,0.24853027357354376
2011-12-20,539095,113083,71807,316072,342159,080732,SUGAR NO. 11 - ICE FUTURES U.S. ,23.489999771118164,0.048390357914653265,-26087,2.932500004754994,41276,-3.0722968333640823,0.040757727910110585,0.0873654605441073,0.0021330732048363554,0.005108592609734286,0.24264447589156665
2011-12-27,544792,113487,74971,318629,344255,080732,SUGAR NO. 11 - ICE FUTURES U.S. ,23.61000061035156,0.04703813565544281,-25626,0.08551368497203646,38516,-0.5119691334551424,0.007019327665172187,0.018932600367190567,0.005108592609734286,0.038119423772301264,0.2366940127767417
2012-01-03,567599,128269,77965,321046,362220,080732,SUGAR NO. 11 - ICE FUTURES U.S. ,24.51000022888184,0.0725406492964223,-41174,-2.853933244247346,50304,2.163761582402091,0.029830256444781388,0.08619335318133771,0.038119423772301264,-0.048551632923093946,0.23156440122580293
2012-01-10,583648,124090,77019,336685,368660,080732,SUGAR NO. 11 - ICE FUTURES U.S. ,23.31999969482422,0.05478473326388508,-31975,1.6206864353178918,47071,-0.5695922649617071,0.03130241229469267,0.025483692922743387,-0.048551632923093946,0.023156128756176342,0.22619631928764106
2012-01-17,613159,130183,82189,351584,390708,080732,SUGAR NO. 11 - ICE FUTURES U.S. ,23.86000061035156,0.06380726695685784,-39124,-1.2248821207303033,47994,0.15814326443335708,0.04977421284346322,0.05303429830674477,0.023156128756176342,0.04316843055108821,0.22130858360324118
2012-01-24,636763,138927,64073,350512,427477,080732,SUGAR NO. 11 - ICE FUTURES U.S. ,24.88999938964844,0.12086914597738876,-76965,-6.171482437671143,74854,4.38059296202127,0.04863950518580597,0.1323152709359606,0.04316843055108821,-0.05022097350953991,0.2174428292869355
2012-01-31,666733,143389,62166,379773,452521,080732,SUGAR NO. 11 - ICE FUTURES U.S. ,23.63999938964844,0.1091111434412276,-72748,0.662255815743063,81223,1.0002151506918586,0.06524737652800573,0.030984408065967747,-0.05022097350953991,0.03214891068121717,0.21294194250638612
2012-02-07,696054,137104,69068,408717,473286,080732,SUGAR NO. 11 - ICE FUTURES U.S. ,24.399999618530277,0.09276435448973787,-64569,1.2267279405699134,68036,-1.977853203606241,0.0563592187328161,0.06396115864423879,0.03214891068121717,-0.006147525445711954,0.20875862237136272
2012-02-14,705626,146271,70269,409547,483532,080732,SUGAR NO. 11 - ICE FUTURES U.S. ,24.25,0.1048501614169546,-73985,-1.3527686070333622,76002,1.1444514362391423,0.0124020383415129,0.047880299251870324,-0.006147525445711954,0.04536084047297839,0.2052299373648671
2012-02-21,699138,156282,69069,382805,486411,080732,SUGAR NO. 11 - ICE FUTURES U.S. ,25.350000381469727,0.1481910581315849,-103606,-4.197832846295347,87213,1.5888019999263063,0.03407783565880058,0.04974905813597455,0.04536084047297839,0.02919131203087022,0.20251223625871903
2012-02-28,723747,198170,66073,369686,536979,080732,SUGAR NO. 11 - ICE FUTURES U.S. ,26.09000015258789,0.23114845381051666,-167293,-9.109360383786893,132097,6.419905655249751,0.0702431438293085,0.16985880420673397,0.02919131203087022,-0.07819091236475118,0.20111540007276757
2012-03-06,720785,192718,64097,364927,525095,080732,SUGAR NO. 11 - ICE FUTURES U.S. ,24.049999237060547,0.22221328135296933,-160168,0.9844600392125977,128621,-0.48027832930568276,0.018699537764235042,0.028923544185503185,-0.07819091236475118,0.003326400259621387,0.19881467580657536
2012-03-13,706083,165434,60405,379615,506567,080732,SUGAR NO. 11 - ICE FUTURES U.S. ,24.1299991607666,0.1797975592104611,-126952,4.60830899644138,105029,-3.2730980805649392,0.037482142494431166,0.13715965798644167,0.003326400259621387,0.06133450066551682,0.19667294114365916
2012-03-20,738649,190862,65218,377293,535293,080732,SUGAR NO. 11 - ICE FUTURES U.S. ,25.61000061035156,0.21390403290331403,-158000,-4.397216757803261,125644,2.9196284289524037,0.034021999022557876,0.118092002499219,0.06133450066551682,-0.05115194619564001,0.19555421610250254
2012-03-27,746727,199828,64519,379340,548668,080732,SUGAR NO. 11 - ICE FUTURES U.S. ,24.299999237060547,0.22676024839064343,-169328,-1.533610686537178,135309,1.308469922791475,0.01661839122076534,0.0365617918871786,-0.05115194619564001,-0.0020575818366401766,0.1946495739379432
2012-04-03,735961,185574,66071,386903,537762,080732,SUGAR NO. 11 - ICE FUTURES U.S. ,24.25,0.20498232922668458,-150859,2.4733269320648645,119503,-2.116703962760152,0.019973720212184954,0.0628107055574321,-0.0020575818366401766,-0.01567006848522068,0.19357131407614542
2012-04-10,726557,191134,66543,374617,523093,080732,SUGAR NO. 11 - ICE FUTURES U.S. ,23.8700008392334,0.2043556114661341,-148476,0.323794331493109,124591,0.6913409813835244,0.03002640050795914,0.023409151767522906,-0.01567006848522068,-0.035609566467741494,0.1933637079369352
2012-04-17,730255,191803,92688,395888,506431,080732,SUGAR NO. 11 - ICE FUTURES U.S. ,23.020000457763672,0.15137588924416814,-110543,5.22092554335035,99115,-3.506400736624931,0.04203945611252783,0.09425254225968484,-0.035609566467741494,-0.04430931526848292,0.19260265535497173
2012-04-24,725118,187309,105019,402369,483687,080732,SUGAR NO. 11 - ICE FUTURES U.S. ,22.0,0.11214450613555312,-81318,4.0020266893071605,82290,-2.303989702227304,0.03298324259414755,0.057555211953695846,-0.04430931526848292,-0.047727238048206666,0.19105464131933764
2012-05-01,706597,184434,112721,400364,464750,080732,SUGAR NO. 11 - ICE FUTURES U.S. ,20.950000762939453,0.09112124733051513,-64386,2.3350682233788156,71713,-1.4586591423740687,0.02420721430932802,0.03559421850549377,-0.047727238048206666,-0.027684959550554056,0.18883760106865122
2012-05-08,715111,180816,120056,409309,455852,080732,SUGAR NO. 11 - ICE FUTURES U.S. ,20.3700008392334,0.06508500079008714,-46543,2.5252017769676347,60760,-1.5501056472076729,0.020623906995345376,0.03640418516844372,-0.027684959550554056,0.0014726940628839724,0.1860357329484406
2012-05-15,727267,184270,125260,413085,459834,080732,SUGAR NO. 11 - ICE FUTURES U.S. ,20.399999618530277,0.06428038120800202,-46749,-0.028806716719502287,59010,-0.24471725368509223,0.008887422544359785,0.027971440571188576,0.0014726940628839724,-0.02941178395536448,0.18378611736575742
2012-05-22,729589,191733,122709,411006,458990,080732,SUGAR NO. 11 - ICE FUTURES U.S. ,19.799999237060547,0.06576853543570421,-47984,-0.1698138372839686,69024,1.3769358433697665,0.00335978556223247,0.03184689068254241,-0.02941178395536448,-0.013636290950439611,0.18161212837589702
2012-05-29,753540,197758,128348,417724,462690,080732,SUGAR NO. 11 - ICE FUTURES U.S. ,19.530000686645508,0.0596730100591873,-44966,0.4136575524027911,69410,0.05290649941268303,0.01183306944233054,0.03576751117734724,-0.013636290950439611,-0.024065601852462204,0.17928320538188325
2012-06-05,775795,200920,129053,425816,474776,080732,SUGAR NO. 11 - ICE FUTURES U.S. ,19.059999465942383,0.0631094554618166,-48960,-0.5300315842556467,71867,0.3260609921172068,0.022405262316343027,0.011719140656962843,-0.024065601852462204,0.06820572827045979,0.17674894458774584
2012-06-12,759123,186801,117006,429019,479072,080732,SUGAR NO. 11 - ICE FUTURES U.S. ,20.36000061035156,0.06593529638806886,-50053,-0.14088773451749495,69795,-0.267080865434812,0.008257982955452702,0.0861270477638764,0.06820572827045979,0.059430208654191574,0.1739014488922788
2012-06-19,743939,176233,108767,424471,484579,080732,SUGAR NO. 11 - ICE FUTURES U.S. ,21.56999969482422,0.08079694706151982,-60108,-1.3245547822948325,67466,-0.3068014010904689,0.01106099774489852,0.06598947368421053,0.059430208654191574,-0.048215068284319984,0.17065715435944456
2012-06-26,700186,176069,100689,387880,454325,080732,SUGAR NO. 11 - ICE FUTURES U.S. ,20.530000686645508,0.09489621329189672,-66445,-0.8518171516750701,75380,1.0637968973262593,0.07936903722965312,0.02978053028277412,-0.048215068284319984,0.07062829065242182,0.1674732342619102
2012-07-03,678681,175098,92484,372876,450677,080732,SUGAR NO. 11 - ICE FUTURES U.S. ,21.979999542236328,0.1146355946313511,-77801,-1.6218547643054846,82614,1.0331540476387702,0.022648208433458442,0.03429229170870985,0.07062829065242182,0.023202922634362633,0.16437500497815408
2012-07-10,669005,175206,62661,365534,478789,080732,SUGAR NO. 11 - ICE FUTURES U.S. ,22.489999771118164,0.169288719815248,-113255,-5.223956468502875,112545,4.410172083791943,0.04199103897442093,0.1258308214254184,0.023202922634362633,0.013339312915175983,0.16203038096839578
2012-07-17,666628,168960,49309,367147,490381,080732,SUGAR NO. 11 - ICE FUTURES U.S. ,22.790000915527344,0.18486172197987483,-123234,-1.4916181493411858,119651,1.062174423210589,0.015398914087936488,0.08978828876294848,0.013339312915175983,0.030715174526996014,0.15998158317119307
2012-07-24,668671,180428,44484,352592,508903,080732,SUGAR NO. 11 - ICE FUTURES U.S. ,23.489999771118164,0.2337636894676156,-156311,-4.961837786591623,135944,2.4440917573219245,0.03839488331331,0.07244166607384221,0.030715174526996014,-0.03618562749050469,0.15862712892455352
2012-07-31,671864,179450,45108,360594,513040,080732,SUGAR NO. 11 - ICE FUTURES U.S. ,22.63999938964844,0.22690008692235333,-152446,0.5780122063017538,134342,-0.2395797036210633,0.013894834679053242,0.00713401437490537,-0.03618562749050469,-0.05388689691892434,0.1572389622004939
2012-08-07,662690,170204,46941,358579,493973,080732,SUGAR NO. 11 - ICE FUTURES U.S. ,21.420000076293945,0.20430970740466886,-135394,2.538013645618756,123263,-1.6489944393508211,0.024728110426108906,0.05102120702756223,-0.05388689691892434,-0.05135389250941813,0.15569408097106582
2012-08-14,676534,156976,57102,371166,475943,080732,SUGAR NO. 11 - ICE FUTURES U.S. ,20.31999969482422,0.1548732214493285,-104777,4.62010894988607,99874,-3.5294028882282813,0.036142928477917245,0.10925457076392717,-0.05135389250941813,-0.026574754738616257,0.1534549171300543
2012-08-21,690427,151013,76200,386731,458327,080732,SUGAR NO. 11 - ICE FUTURES U.S. ,19.780000686645508,0.10369814621965827,-71596,4.904557642335788,74813,-3.704322325263771,0.03926476052531305,0.11029738615308103,-0.026574754738616257,0.0176945632948029,0.14975547810359585
2012-08-28,723416,164886,89772,396727,465093,080732,SUGAR NO. 11 - ICE FUTURES U.S. ,20.1299991607666,0.09450440686962965,-68366,0.4678264320485729,75114,0.043596209302359266,0.019449537026293193,0.10777199224057363,0.0176945632948029,-0.03924486046270781,0.14609952077805632
2012-09-04,728205,167764,106757,399092,451481,080732,SUGAR NO. 11 - ICE FUTURES U.S. ,19.34000015258789,0.07194265351103055,-52389,2.208549437667953,61007,-1.950053634423347,0.0187838080917217,0.07235512037330477,-0.03924486046270781,0.005170650500555762,0.14238201827166747
2012-09-11,725692,173290,119051,388106,433473,080732,SUGAR NO. 11 - ICE FUTURES U.S. ,19.440000534057617,0.06251550244456326,-45367,0.9642889021635391,54239,-0.9294086143325025,0.03529058069887375,0.06095621209477973,0.005170650500555762,0.0,0.13820017303932566
2012-09-18,698138,157534,115710,386438,419419,080732,SUGAR NO. 11 - ICE FUTURES U.S. ,19.440000534057617,0.047241376346796767,-32981,1.7067846965379254,41824,-1.7107808822475652,0.019509664866099074,0.06988991524059082,0.0,0.021604941602657357,0.13420351484549348
2012-09-25,683385,157867,114842,376454,420815,080732,SUGAR NO. 11 - ICE FUTURES U.S. ,19.86000061035156,0.06491362848174895,-44361,-1.6300502192976174,43025,0.1720290257800034,0.014273726935325467,0.0044039617321027175,0.021604941602657357,0.08710974265200222,0.1313316079678082
2012-10-02,674997,161209,103724,371851,437055,080732,SUGAR NO. 11 - ICE FUTURES U.S. ,21.59000015258789,0.09659894784717561,-65204,-3.0499645148781434,57485,2.115937575451612,0.02576689998590689,0.05457983716637792,0.08710974265200222,-0.005558167595428154,0.1294341160344004
2012-10-09,679261,161314,75917,381744,471020,080732,SUGAR NO. 11 - ICE FUTURES U.S. ,21.46999931335449,0.13143106994218717,-89276,-3.5662380721692095,85397,4.135129489464397,0.05143040747498722,0.11765747309584329,-0.005558167595428154,-0.060549570500076144,0.12800378731350007
2012-10-16,701034,163728,92202,410196,477843,080732,SUGAR NO. 11 - ICE FUTURES U.S. ,20.170000076293945,0.0964960330026789,-67647,3.1841957656924214,71526,-2.0420721931628636,0.03972235453623096,0.07306294689954285,-0.060549570500076144,-0.02578088526508393,0.12514486022226065
2012-10-23,709045,157763,95648,414070,468555,080732,SUGAR NO. 11 - ICE FUTURES U.S. ,19.649999618530277,0.07684279559125302,-54485,1.8775123603134798,62115,-1.3424455875178665,0.014912335363262993,0.03713729869658381,-0.02578088526508393,-0.015267137042468293,0.12181421296327874
2012-10-30,721447,158622,108753,419889,459606,080732,SUGAR NO. 11 - ICE FUTURES U.S. ,19.350000381469727,0.05505186105147017,-39717,2.0828015147134527,49869,-1.7271118194190778,0.01679145418677764,0.052226273959794296,-0.015267137042468293,0.012403088702158227,0.11822303857401992
2012-11-06,716401,157055,121092,422768,451017,080732,SUGAR NO. 11 - ICE FUTURES U.S. ,19.59000015258789,0.03943182658874011,-28249,1.5895831571827175,35963,-1.9275151189207245,0.013124510033932833,0.04999514645133688,0.012403088702158227,-0.01225113676614542,0.11480217600246737
2012-11-13,722855,160121,130872,430213,442962,080732,SUGAR NO. 11 - ICE FUTURES U.S. ,19.350000381469727,0.01763700880536207,-12749,2.163592736470217,29249,-0.9371846214620024,0.017751309874881896,0.044145391813548776,-0.01225113676614542,0.028423732621072784,0.11211233088632758
2012-11-20,726929,160890,128885,434341,460343,080732,SUGAR NO. 11 - ICE FUTURES U.S. ,19.899999618530277,0.03576965563349378,-26002,-1.8334244073846069,32005,0.381265952369424,0.0240408904149398,0.009510827366059875,0.028423732621072784,-0.03366834618780923,0.11101126193476424
2012-11-27,737882,163242,134468,444912,462148,080732,SUGAR NO. 11 - ICE FUTURES U.S. ,19.229999542236328,0.023358748417768693,-17236,1.2058949360941715,28774,-0.44447256884785175,0.0136440808766785,0.026653454704242383,-0.03366834618780923,0.010920488654201366,0.11008071734994115
2012-12-04,759782,165295,128433,455425,486268,080732,SUGAR NO. 11 - ICE FUTURES U.S. ,19.440000534057617,0.04059453895985954,-30843,-1.844061787657105,36862,1.096110218164964,0.03677737861489891,0.027535679267894107,0.010920488654201366,-0.02880665421330264,0.10933266076753569
2012-12-11,764194,170673,140219,459856,467308,080732,SUGAR NO. 11 - ICE FUTURES U.S. ,18.8799991607666,0.009751450547897523,-7452,3.078646243264515,30454,-0.8433998173160197,0.02522854640602957,0.05520888282747707,-0.02880665421330264,0.02701272518812603,0.10800206533159908
2012-12-18,754990,178111,143405,443189,460214,080732,SUGAR NO. 11 - ICE FUTURES U.S. ,19.38999938964844,0.02254996754923906,-17025,-1.2526923791602655,34706,0.556403216984169,0.026301661606171332,0.03304345662424265,0.02701272518812603,-0.03713250830419701,0.10750513474764879
2013-01-08,765768,184673,140345,449546,477096,080732,SUGAR NO. 11 - ICE FUTURES U.S. ,18.670000076293945,0.03597695385547581,-27550,-1.3940581994463503,44328,1.274453966277699,0.025078725117143406,0.02960451421152059,-0.03713250830419701,-0.0026780523222403874,0.10729241971303405
2013-01-15,786010,186907,146992,458070,481673,080732,SUGAR NO. 11 - ICE FUTURES U.S. ,18.6200008392334,0.03002888003969415,-23603,0.5154302608622977,39915,-0.5762842009590372,0.013941045583739384,0.026597863425766474,-0.0026780523222403874,-0.026852845191417618,0.1064748856888662
2013-01-22,823614,195714,178505,480991,479945,080732,SUGAR NO. 11 - ICE FUTURES U.S. ,18.1200008392334,-0.0012700124087254466,1046,3.135965191282554,17209,-2.888767318481953,0.025651031910553877,0.10774439566136407,-0.026852845191417618,0.014348692576782618,0.10539690981054678
2013-01-29,829549,198633,173334,474527,486834,080732,SUGAR NO. 11 - ICE FUTURES U.S. ,18.3799991607666,0.014835772208754396,-12307,-1.6212691867792437,25299,0.9822562511079219,0.013889683479983065,0.021749241196127613,0.014348692576782618,0.009793270587302505,0.10445515029616016
2013-02-05,841251,199024,173535,477739,493520,080732,SUGAR NO. 11 - ICE FUTURES U.S. ,18.559999465942383,0.018758967299890284,-15781,-0.41878177178201653,25489,0.022904011697922607,0.010190896557972694,0.001589010062835685,0.009793270587302505,-0.02586204504569789,0.10249149301390056
2013-02-12,848854,204192,193540,477975,477614,080732,SUGAR NO. 11 - ICE FUTURES U.S. ,18.07999992370605,-0.0004252792588595919,361,1.918809011816925,10652,-1.7636828960678796,0.016892199470692943,0.06329136202266854,-0.02586204504569789,0.007743329106150831,0.1003850233465912
2013-02-19,825539,196667,211467,468370,445727,080732,SUGAR NO. 11 - ICE FUTURES U.S. ,18.21999931335449,-0.02742814088734754,22643,2.6249508160413924,-14800,-2.998395483793444,0.0453912440364644,0.06236187134617552,0.007743329106150831,-0.02360035203250388,0.09807362920472418
2013-02-26,786486,198130,199598,428438,421819,080732,SUGAR NO. 11 - ICE FUTURES U.S. ,17.790000915527344,-0.008415915858642112,6619,-1.941034887509857,-1468,1.6149449026635934,0.07508318073241385,0.03352039584841902,-0.02360035203250388,0.02248451927740769,0.0958954354109627
2013-03-05,785424,201344,198815,419317,414678,080732,SUGAR NO. 11 - ICE FUTURES U.S. ,18.190000534057617,-0.005906363951190694,4639,-0.25175273304292767,2529,0.5082099363497887,0.01949891785921978,0.009988529559500098,0.02248451927740769,0.03463436735953018,0.09293202344783241
2013-03-12,797883,204540,169997,424094,462771,080732,SUGAR NO. 11 - ICE FUTURES U.S. ,18.81999969482422,0.0484745257136698,-38677,-5.514982990079244,34543,4.076014993175661,0.05961448472991943,0.08547620128318431,0.03463436735953018,-0.027098843631867542,0.0894190632921238
2013-03-19,801467,204745,164107,419263,462637,080732,SUGAR NO. 11 - ICE FUTURES U.S. ,18.309999465942383,0.05411826063955222,-43374,-0.5886828018644338,40638,0.7638964610099476,0.005629890010205239,0.016524242785724355,-0.027098843631867542,-0.028945865360766487,0.08618646673994271
2013-03-26,836833,205678,188133,445089,455266,080732,SUGAR NO. 11 - ICE FUTURES U.S. ,17.780000686645508,0.01216132728991328,-10177,4.142029553306624,17545,-2.8813413403171935,0.036871011989715166,0.06337811792966677,-0.028945865360766487,-0.010686193853767678,0.08296269304916294
2013-04-02,857592,208372,222478,462073,437863,080732,SUGAR NO. 11 - ICE FUTURES U.S. ,17.59000015258789,-0.02823020737133742,24210,4.10918307475924,-14106,-3.7822361211854694,0.03821049496853109,0.08596727399326912,-0.010686193853767678,0.007390515044849222,0.07830626535157349
2013-04-09,870275,214068,238769,475442,443883,080732,SUGAR NO. 11 - ICE FUTURES U.S. ,17.719999313354492,-0.036263250122087844,31559,0.8569342997602589,-24701,-1.2354359648877322,0.021090473989068066,0.048553894668501026,0.007390515044849222,0.016365740788081506,0.07324812114940558
2013-04-16,854731,213959,216032,480673,470945,080732,SUGAR NO. 11 - ICE FUTURES U.S. ,18.010000228881836,-0.011381358579482902,9728,-2.508517422653759,-2073,2.6000976702766367,0.033934835196475895,0.05313134460953834,0.016365740788081506,-0.014991696520396669,0.06908728099928697
2013-04-23,842135,209911,206226,481128,468679,080732,SUGAR NO. 11 - ICE FUTURES U.S. ,17.739999771118164,-0.014782665487124987,12449,0.3183457719446235,3685,0.6736622399327975,0.002864792531535354,0.0332919206895806,-0.014991696520396669,-0.003945867853853202,0.06487308336557046
2013-04-30,829305,211487,210176,462012,443435,080732,SUGAR NO. 11 - ICE FUTURES U.S. ,17.670000076293945,-0.022400684910859094,18577,0.72767430400114,1311,-0.2819025453163685,0.04899237614128712,0.013105252298636589,-0.003945867853853202,-0.0016978317213340866,0.06153122617028147
2013-05-07,805148,214277,203095,434403,427656,080732,SUGAR NO. 11 - ICE FUTURES U.S. ,17.639999389648438,-0.008379825820842877,6747,-1.426495680117689,11182,1.1902737834692905,0.05033066182245067,0.023650364662698983,-0.0016978317213340866,-0.03514733295561201,0.05921345055573539
2013-05-14,841726,219773,224209,450980,423947,080732,SUGAR NO. 11 - ICE FUTURES U.S. ,17.020000457763672,-0.03211615181187227,27033,2.5195367808154527,-4436,-1.9397675955228109,0.023185934369381673,0.05993486222414422,-0.03514733295561201,-0.009400695834830386,0.056843500572227944
2013-05-21,863297,221241,234171,465446,430308,080732,SUGAR NO. 11 - ICE FUTURES U.S. ,16.860000610351562,-0.040702099045867184,35138,0.9629024171761357,-12930,-1.009116981060345,0.0232508032339236,0.025098152881347,-0.009400695834830386,-0.008303753969683303,0.054809133267690366
2013-05-28,894044,235437,237973,479010,458053,080732,SUGAR NO. 11 - ICE FUTURES U.S. ,16.719999313354492,-0.02344068077186358,20957,-1.6426560036696525,-2536,1.203988893741088,0.04408348211379598,0.03801778585158742,-0.008303753969683303,-0.020334938190836427,0.05312218976807756
2013-06-04,932648,247704,244479,493101,477990,080732,SUGAR NO. 11 - ICE FUTURES U.S. ,16.3799991607666,-0.016202254226675015,15111,-0.6538828066627593,3225,0.6443754446089901,0.03504100027700802,0.038142316983723536,-0.020334938190836427,-0.005494398647761911,0.05154582842841642
2013-06-11,926315,244450,254069,486717,460377,080732,SUGAR NO. 11 - ICE FUTURES U.S. ,16.290000915527344,-0.028435251507316624,26340,1.2039912164074764,-9619,-1.377154081711428,0.025337506097599605,0.025764313897765182,-0.005494398647761911,0.0288520127034797,0.04985143878290673
2013-06-18,914122,233659,252163,493928,471198,080732,SUGAR NO. 11 - ICE FUTURES U.S. ,16.760000228881836,-0.024865389958889515,22730,-0.38971624123543286,-18504,-0.9591769538439947,0.018683570849816502,0.026135086513167375,0.0288520127034797,0.01849638793012498,0.04815961483250854
2013-06-25,861280,224028,222115,473335,473012,080732,SUGAR NO. 11 - ICE FUTURES U.S. ,17.06999969482422,-0.00037502322125208994,323,-2.4512045438136267,1913,2.233509312761316,0.023677361475230543,0.08893785176501705,0.01849638793012498,-0.031634388859564155,0.04688441637848314
2013-07-02,832420,231182,209689,448972,454289,080732,SUGAR NO. 11 - ICE FUTURES U.S. ,16.530000686645508,0.0063874005910477885,-5317,-0.6548393089355378,21493,2.273360579602452,0.04770049852700382,0.044412084260475285,-0.031634388859564155,-0.011494284704483881,0.04545346356174328
2013-07-09,835810,236420,226314,454286,447873,080732,SUGAR NO. 11 - ICE FUTURES U.S. ,16.34000015258789,-0.007672796448953709,6413,1.4091444222868263,10106,-1.367939261430528,0.0130021426378277,0.047247446697238585,-0.011494284704483881,-0.02080784268132596,0.04348098260518848
2013-07-16,859880,236472,248826,476362,445548,080732,SUGAR NO. 11 - ICE FUTURES U.S. ,16.0,-0.03583523282318463,30814,2.9194434141730774,-12354,-2.687213601177301,0.02646787647384235,0.046495143190369626,-0.02080784268132596,0.021250009536743164,0.040587312846447406
2013-07-23,857234,238128,232975,465461,451965,080732,SUGAR NO. 11 - ICE FUTURES U.S. ,16.34000015258789,-0.01574365925756561,13496,-2.01400195376099,5153,2.0359817648974277,0.018876726842273928,0.03716172471837369,0.021250009536743164,0.0361077201394302,0.03702899786427791
2013-07-30,844989,227882,224131,456480,453778,080732,SUGAR NO. 11 - ICE FUTURES U.S. ,16.93000030517578,-0.003197674762630046,2702,-1.2591661086704449,3751,-0.1635492759269931,0.011858176473043906,0.04223329859981903,0.0361077201394302,-0.022445425945979536,0.033412471003845125
2013-08-06,852042,221581,215692,460347,460030,080732,SUGAR NO. 11 - ICE FUTURES U.S. ,16.549999237060547,-0.0003720473873353661,317,-0.2822521949989882,5889,0.25302104524437596,0.010994407726399074,0.0337089186846661,-0.022445425945979536,0.042296120556424954,0.02890986067971145
2013-08-13,870259,230496,193345,462162,502766,080732,SUGAR NO. 11 - ICE FUTURES U.S. ,17.25,0.04665737441382393,-40604,-4.802697519605841,37151,3.669067956743916,0.046170284207733635,0.07375879162233007,0.042296120556424954,-0.04521743110988452,0.025443654669932037
2013-08-20,870279,230095,177979,477669,524095,080732,SUGAR NO. 11 - ICE FUTURES U.S. ,16.469999313354492,0.053346110844912954,-46426,-0.6689962413488398,52116,1.7196030147346937,0.036771135716595925,0.03863760004312943,-0.04521743110988452,-0.000607178463797986,0.02254050858224442
2013-08-27,909368,243090,208973,487499,508681,080732,SUGAR NO. 11 - ICE FUTURES U.S. ,16.459999084472656,0.023293100263039827,-21182,2.9006789776611868,34117,-2.068187328431457,0.02534080186311711,0.09730723372627266,-0.000607178463797986,0.0006075473534667974,0.020010121636354256
2013-09-03,934375,243207,216481,505747,525966,080732,SUGAR NO. 11 - ICE FUTURES U.S. ,16.469999313354492,0.0216390635451505,-20219,0.10589772237422033,26726,-0.8127622700600856,0.03444077955788092,0.01658733749847723,0.0006075473534667974,0.04310874447004953,0.018432062354152186
2013-09-10,922110,245067,189250,494644,557758,080732,SUGAR NO. 11 - ICE FUTURES U.S. ,17.18000030517578,0.06844519634316946,-63114,-4.590769230769231,55817,3.1134180602006687,0.040759139568339854,0.06698102998501095,0.04310874447004953,-0.022700778970937696,0.017930923690181795
2013-09-17,848751,232210,155360,462817,549352,080732,SUGAR NO. 11 - ICE FUTURES U.S. ,16.790000915527344,0.10195569725396494,-86535,-2.5399355825226926,76850,2.2809643101148454,0.03974929087928992,0.1206156307247723,-0.022700778970937696,0.03752228269290803,0.018508097608315153
2013-09-24,833097,234609,135476,452120,575578,080732,SUGAR NO. 11 - ICE FUTURES U.S. ,17.420000076293945,0.14819162714545844,-123458,-4.35027469776177,99133,2.62538718658358,0.03592786986060107,0.06021049218422795,0.03752228269290803,0.0516647310326388,0.020155715391024676
2013-10-01,787891,248300,111308,401994,564794,080732,SUGAR NO. 11 - ICE FUTURES U.S. ,18.31999969482422,0.20662756650348843,-162800,-4.722379266760053,136992,4.544368782986855,0.0630024369355019,0.10527852550555049,0.0516647310326388,0.016375608592064328,0.02322083443249951
2013-10-08,814946,272709,99639,403292,608138,080732,SUGAR NO. 11 - ICE FUTURES U.S. ,18.6200008392334,0.2513614398990853,-204846,-5.336524976170562,173070,4.579059793803966,0.044137508280355536,0.09689322891488607,0.016375608592064328,0.004296451133207757,0.02680636926744829
2013-10-15,820355,282109,92697,404636,631856,080732,SUGAR NO. 11 - ICE FUTURES U.S. ,18.700000762939453,0.2769776499198518,-227220,-2.7454579812650164,189412,2.0052862398244793,0.024179636697630083,0.04360122303271559,0.004296451133207757,0.04010695023533817,0.030275190461153602
2013-10-22,830021,283117,88547,404748,647277,080732,SUGAR NO. 11 - ICE FUTURES U.S. ,19.450000762939453,0.2921962215413827,-242529,-1.8661433160034375,194570,0.6287521865533824,0.014764858249566313,0.013878126479831245,0.04010695023533817,-0.051413879731327605,0.033366827991907363
2013-10-29,824363,286598,88386,401334,638274,080732,SUGAR NO. 11 - ICE FUTURES U.S. ,18.450000762939453,0.28742192456478516,-236940,0.6733564572462625,198212,0.4387840789570384,0.01194392501789136,0.009712414396347577,-0.051413879731327605,-0.010298131501396357,0.037038479752717096
2013-11-05,816554,282487,87994,397729,626123,080732,SUGAR NO. 11 - ICE FUTURES U.S. ,18.26000022888184,0.2797047102824798,-228394,1.0366792299023608,194493,-0.45113621062565884,0.015388942933158309,0.012154469459972306,-0.010298131501396357,-0.02135812621905553,0.04093967041985607
2013-11-12,805734,257848,78798,403006,609276,080732,SUGAR NO. 11 - ICE FUTURES U.S. ,17.8700008392334,0.2560026013547895,-206270,2.70943501593281,179050,-1.8912405058330497,0.021855569890603607,0.10050616968566388,-0.02135812621905553,-0.01231120371411032,0.044804107733381456
2013-11-19,807915,241561,75106,413247,598710,080732,SUGAR NO. 11 - ICE FUTURES U.S. ,17.649999618530273,0.22955756484283618,-185463,2.5823658924657518,166455,-1.5631709720577758,0.02056115032555731,0.06309151253524996,-0.01231120371411032,-0.01983005037021479,0.048460371930575605
2013-11-26,784900,233767,85120,411613,564424,080732,SUGAR NO. 11 - ICE FUTURES U.S. ,17.299999237060547,0.19468849534972607,-152811,4.041514268208908,148647,-2.204192272701955,0.03680188353515287,0.055844233223681115,-0.01983005037021479,-0.028323687440891532,0.05186520821027491
2013-12-03,769550,218324,104068,408367,522407,080732,SUGAR NO. 11 - ICE FUTURES U.S. ,16.809999465942383,0.14819050094210903,-114040,4.93961014141929,114256,-4.381577270989935,0.04862942024594585,0.10667448323779746,-0.028323687440891532,-0.011302714618993792,0.054027147543132883
2013-12-10,808723,226854,155575,432486,500213,080732,SUGAR NO. 11 - ICE FUTURES U.S. ,16.6200008392334,0.08374560881785234,-67727,6.018192450133195,71279,-5.58469235267364,0.04965481897160821,0.15698861749501214,-0.011302714618993792,-0.03971123753065153,0.05518843332005758
2013-12-17,821697,238474,199659,435603,467028,080732,SUGAR NO. 11 - ICE FUTURES U.S. ,15.960000038146973,0.03824402425711668,-31425,4.48880519040512,38815,-4.014229841367192,0.04021798497946558,0.12713947591256536,-0.03971123753065153,0.015664100609532827,0.05514323111423561
2013-12-24,832792,246553,212586,433901,462560,080732,SUGAR NO. 11 - ICE FUTURES U.S. ,16.209999084472656,0.034413154785348565,-28659,0.33662043307934675,33967,-0.5899985030978572,0.006882619545077811,0.045750851049464324,0.015664100609532827,0.012338110686942017,0.055617494657263504
2013-12-31,829964,245192,211903,428456,457507,080732,SUGAR NO. 11 - ICE FUTURES U.S. ,16.40999984741211,0.03500272300967271,-29051,-0.04707057704684963,33289,-0.08141288581062259,0.011849253298388308,0.0044717181329920475,0.012338110686942017,-0.021328481701657243,0.05585697072381031
2014-01-07,838113,246423,219537,427912,449516,080732,SUGAR NO. 11 - ICE FUTURES U.S. ,16.059999465942383,0.025776953704333427,-21604,0.8972678333036131,26886,-0.7714792448829105,0.00972729386342811,0.01902523821787278,-0.021328481701657243,-0.03549188753293475,0.05566081687474988
2014-01-14,819167,246739,241611,426925,419026,080732,SUGAR NO. 11 - ICE FUTURES U.S. ,15.489999771118164,-0.009642722424121088,7899,3.520169714585026,5128,-2.5960699810168797,0.03720901092380055,0.04584826456434934,-0.03549188753293475,-0.01743056863001269,0.05489790144275342
2014-01-21,825219,243808,244709,425567,408422,080732,SUGAR NO. 11 - ICE FUTURES U.S. ,15.220000267028809,-0.020776303017744382,17145,1.1287075773316064,-901,-0.7359915621600968,0.014343114837246054,0.012341433358511577,-0.01743056863001269,-0.01314059170540216,0.05452278046950306
2014-01-28,840563,252456,258730,429313,410220,080732,SUGAR NO. 11 - ICE FUTURES U.S. ,15.020000457763672,-0.022714537756241947,19093,0.23605854930630535,-6274,-0.6510998898474224,0.00660367132679716,0.04434589366688446,-0.01314059170540216,0.06924094384039425,0.05380065912402236
2014-02-04,852157,249418,234862,431985,440328,080732,SUGAR NO. 11 - ICE FUTURES U.S. ,16.059999465942383,0.00979044941249089,-8343,-3.2640028171594517,14556,2.4781009870765187,0.03757825459439444,0.05555876765507558,0.06924094384039425,-0.03735986598678276,0.05362818762618777
2014-02-11,850386,241222,225167,437290,457277,080732,SUGAR NO. 11 - ICE FUTURES U.S. ,15.460000038146973,0.023503444318227252,-19987,-1.3664148742543922,16055,0.1759065524310661,0.024876839856601014,0.0383606817484975,-0.03735986598678276,0.045278124679037024,0.05408835538728559
2014-02-18,844131,235474,210862,429171,469160,080732,SUGAR NO. 11 - ICE FUTURES U.S. ,16.15999984741211,0.04737297883859259,-39989,-2.352108336684753,24612,1.0062489269578756,0.02226573501304085,0.04492803627760252,0.045278124679037024,0.07301982155431452,0.055526838458938285
2014-02-25,813934,247898,165051,411573,509469,080732,SUGAR NO. 11 - ICE FUTURES U.S. ,17.34000015258789,0.12027510830116447,-97896,-6.859954201421344,82847,6.898810729614242,0.06287118285593925,0.14102225698572948,0.07301982155431452,0.023068028547310826,0.058001665846626874
2014-03-04,787953,239036,119374,387192,524183,080732,SUGAR NO. 11 - ICE FUTURES U.S. ,17.739999771118164,0.17385681633295386,-136991,-4.803215002690636,119662,4.523094010079441,0.04289672198601015,0.15216930331184955,0.023068028547310826,0.016347289699489398,0.061458650082860417
2014-03-11,792621,245308,98423,383765,545698,080732,SUGAR NO. 11 - ICE FUTURES U.S. ,18.030000686645508,0.20430066828913188,-161933,-3.1654172266619964,146885,3.4549014979319828,0.0268348498003686,0.07919855933855253,0.016347289699489398,-0.04936224420980073,0.06445530667085007
2014-03-18,785760,243858,89948,392198,557726,080732,SUGAR NO. 11 - ICE FUTURES U.S. ,17.139999389648438,0.21065974343310934,-165528,-0.4535585103094669,153910,0.8863000097146051,0.021539617906274608,0.02973283883453263,-0.04936224420980073,-0.009918324524364697,0.0674657198014954
2014-03-25,782587,243961,91749,398665,556021,080732,SUGAR NO. 11 - ICE FUTURES U.S. ,16.969999313354492,0.2010715741508612,-157356,1.0400122174709834,152212,-0.21609651802076973,0.008559882516345688,0.005671561764618272,-0.009918324524364697,0.012374837968085695,0.07109860916420595
2014-04-01,784653,240024,78255,391972,563716,080732,SUGAR NO. 11 - ICE FUTURES U.S. ,17.18000030517578,0.2188789184518507,-171744,-1.8385176344610887,161769,1.2212060767684616,0.015055122592310462,0.05476641562905501,0.012374837968085695,-0.0011641709783699605,0.07585070773772878
2014-04-08,786639,240438,75490,384995,558680,080732,SUGAR NO. 11 - ICE FUTURES U.S. ,17.15999984741211,0.2207937821542029,-173685,-0.24737049370868397,164948,0.40514724343117275,0.012730018279598378,0.010062419285406802,-0.0011641709783699605,-0.034965057506117225,0.08079411220458053
2014-04-15,781150,239299,80499,392064,558802,080732,SUGAR NO. 11 - ICE FUTURES U.S. ,16.559999465942383,0.21345196185111695,-166738,0.8831242793708424,158800,-0.7815529105472778,0.00756257979568099,0.01922463555119169,-0.034965057506117225,0.025966202840774777,0.08511782990516899
2014-04-22,798363,244131,80892,400344,571221,080732,SUGAR NO. 11 - ICE FUTURES U.S. ,16.989999771118164,0.21403421751759538,-170877,-0.5298598220572233,163239,0.5682647378864494,0.021304802046183218,0.016075785405955886,0.025966202840774777,0.0029429749901572766,0.0895181545783367
2014-04-29,789475,251029,81055,386114,569197,080732,SUGAR NO. 11 - ICE FUTURES U.S. ,17.040000915527344,0.23190474682542195,-183083,-1.5288784675642533,169974,0.8436012189943671,0.017014354487700865,0.021262692571758952,0.0029429749901572766,0.009389661902325042,0.09440864365018824
2014-05-06,782434,252127,83954,377028,551255,080732,SUGAR NO. 11 - ICE FUTURES U.S. ,17.200000762939453,0.222673094471866,-174227,1.1217581304031161,168173,-0.22812628645618926,0.029116120838149573,0.011892966278962512,0.009389661902325042,0.034883630669011456,0.09885196904043266
2014-05-13,807765,260268,83620,384585,567977,080732,SUGAR NO. 11 - ICE FUTURES U.S. ,17.799999237060547,0.22703632863518475,-183392,-1.1713448035233642,176648,1.0831584517032746,0.025488104711294382,0.024644651747080446,0.034883630669011456,-0.012359512515958015,0.10383567058749144
2014-05-20,823802,265456,75272,388524,599253,080732,SUGAR NO. 11 - ICE FUTURES U.S. ,17.579999923706055,0.25580054430554916,-210729,-3.384276367507877,190184,1.6757348981448812,0.035650759230069134,0.0397267028245404,-0.012359512515958015,-0.031854349736784804,0.10953764449809558
2014-05-27,823724,257066,92912,393608,561632,080732,SUGAR NO. 11 - ICE FUTURES U.S. ,17.020000457763672,0.2039809450738354,-168024,5.183891274845169,164154,-3.159739840398542,0.04470604246053348,0.07437610364080027,-0.031854349736784804,0.009988253332648966,0.11391113730282057
2014-06-03,850114,261890,93704,405724,574802,080732,SUGAR NO. 11 - ICE FUTURES U.S. ,17.190000534057617,0.19888861964395363,-169078,-0.12795548023367048,168186,0.489484341842656,0.025788199395018592,0.015793292350264627,0.009988253332648966,-0.012798209067373167,0.11804750026187114
2014-06-10,872550,263562,119584,403403,544001,080732,SUGAR NO. 11 - ICE FUTURES U.S. ,16.969999313354492,0.16113460546673544,-140598,3.350138922544506,143978,-2.84761808416283,0.03496079813891434,0.07190992467623308,-0.012798209067373167,0.005303485929847085,0.12169307443444907
2014-06-17,866264,250903,137543,403012,511718,080732,SUGAR NO. 11 - ICE FUTURES U.S. ,17.059999465942383,0.12548830379653317,-108706,3.6550340954673084,113360,-3.5090252707581224,0.03571982989516032,0.07882176673205542,0.005303485929847085,0.04396248672206915,0.12458449162205334
2014-06-24,879261,268057,86199,398744,588783,080732,SUGAR NO. 11 - ICE FUTURES U.S. ,17.809999465942383,0.21613491329650694,-190039,-9.3889391686599,181858,7.907289232843567,0.0823602797695658,0.19335734609999547,0.04396248672206915,-0.000561495181454652,0.12874814424739484
2014-07-01,844150,272551,94835,379645,557010,080732,SUGAR NO. 11 - ICE FUTURES U.S. ,17.799999237060547,0.2101107623052775,-177365,1.4414377528401692,177716,-0.47107741614833365,0.05431242026146233,0.03573897753316675,-0.000561495181454652,-0.00674151331618722,0.13266590120343774
2014-07-08,835680,254596,116086,382059,517891,080732,SUGAR NO. 11 - ICE FUTURES U.S. ,17.68000030517578,0.1625406854298296,-135832,4.9200971391340405,138510,-4.644435230705443,0.0461503416856492,0.10576720747163337,-0.00674151331618722,-0.026583778992669616,0.13593923739341432
2014-07-15,824652,249900,148570,380212,467706,080732,SUGAR NO. 11 - ICE FUTURES U.S. ,17.209999084472656,0.10609808743566983,-87494,5.784271491479993,101330,-4.449071414895654,0.061364424390094326,0.09330689888824754,-0.026583778992669616,-0.0029052434468551658,0.13866872432146923
2014-07-22,857950,251199,170844,395795,461487,080732,SUGAR NO. 11 - ICE FUTURES U.S. ,17.15999984741211,0.07656856460166676,-65692,2.6437818619247877,80355,-2.543497135761509,0.025431538280285833,0.05585449823833116,-0.0029052434468551658,-0.031468473949907816,0.14044395939568524
2014-07-29,854026,252137,191475,399858,441815,080732,SUGAR NO. 11 - ICE FUTURES U.S. ,16.6200008392334,0.049128480865922114,-41957,2.7664782329972613,60662,-2.2953552071799055,0.028199787803576924,0.04862131772810474,-0.031468473949907816,-0.029482650645245023,0.14145023161931125
2014-08-05,864912,266410,217851,398058,430875,080732,SUGAR NO. 11 - ICE FUTURES U.S. ,16.1299991607666,0.03794258837893335,-32817,1.0702250282778276,48559,-1.4171699690641737,0.01536915528758054,0.0839402718781814,-0.029482650645245023,-0.004959697945963959,0.14218705153789332
2014-08-12,887972,272169,234330,407998,433316,080732,SUGAR NO. 11 - ICE FUTURES U.S. ,16.049999237060547,0.028512160293342585,-25318,0.8670246221580923,37839,-1.239432450931424,0.014716265270755034,0.043905318667953934,-0.004959697945963959,-0.036137009196391845,0.14183810511249945
2014-08-19,895368,276483,251871,414426,426565,080732,SUGAR NO. 11 - ICE FUTURES U.S. ,15.470000267028809,0.013557553988974366,-12139,1.4841684197249463,24612,-1.489573995576437,0.015670797903901468,0.041364312563167874,-0.036137009196391845,0.015513882803846801,0.14107294055757758
2014-08-26,894888,279352,242760,422197,444887,080732,SUGAR NO. 11 - ICE FUTURES U.S. ,15.710000038146973,0.025355128239511537,-22690,-1.178398155842067,36592,1.337997337407636,0.030092816843581477,0.022945268448149057,0.015513882803846801,0.007001887740938795,0.14111259494174047
2014-09-02,892598,284050,240097,417915,450907,080732,SUGAR NO. 11 - ICE FUTURES U.S. ,15.81999969482422,0.03696176778348148,-32992,-1.1512055139861077,43953,0.8225610355709317,0.011857434549309294,0.014043770163713614,0.007001887740938795,-0.05941843227031407,0.14140726233093914
2014-09-09,892171,286377,245464,441127,467078,080732,SUGAR NO. 11 - ICE FUTURES U.S. ,14.880000114440918,0.029087473141359673,-25951,0.7888209473917709,40913,-0.34057884960530943,0.043363557787063495,0.014466729718092437,-0.05941843227031407,-0.08938171461539846,0.14065038303859667
2014-09-16,824175,247477,232749,427631,427600,080732,SUGAR NO. 11 - ICE FUTURES U.S. ,13.550000190734863,-3.761337094670428e-05,31,2.9122219843505337,14728,-2.9349754699491464,0.06194115975683762,0.10748064452986719,-0.08938171461539846,0.044280399951999394,0.13868897321888682
2014-09-23,836077,254971,246248,450802,442807,080732,SUGAR NO. 11 - ICE FUTURES U.S. ,14.149999618530272,-0.009562516371099792,7995,0.9662996329662996,8723,-0.7286073952740619,0.0429471950260125,0.04188388708329094,0.044280399951999394,0.09399293000434716,0.13565523968972223
2014-09-30,784342,261721,252076,405312,394201,080732,SUGAR NO. 11 - ICE FUTURES U.S. ,15.479999542236328,-0.014166014315183937,11111,0.3726929457454278,9645,0.11027692425458421,0.11769164478876516,0.024480485483566468,0.09399293000434716,0.10012927585560227,0.13140920928936317
2014-10-07,757467,246382,229547,388637,391134,080732,SUGAR NO. 11 - ICE FUTURES U.S. ,17.030000686645508,0.0032965132474418028,-2497,-1.734957454783755,16835,0.9166919532550851,0.025317689424202747,0.07956648995963683,0.10012927585560227,-0.012918450489297073,0.1266387299306777
2014-10-14,759415,244805,230478,392473,396681,080732,SUGAR NO. 11 - ICE FUTURES U.S. ,16.809999465942383,0.0055411072996977935,-4208,-0.22588442796847916,14327,-0.33110353322322955,0.011889947969597822,0.005276856104678686,-0.012918450489297073,-0.022010645070774437,0.12141879641875167
2014-10-21,752545,245830,230377,393815,400583,080732,SUGAR NO. 11 - ICE FUTURES U.S. ,16.440000534057617,0.008993482117348465,-6768,-0.33710158477248936,15453,0.1482720251772746,0.006601225078612987,0.0023645179512270923,-0.022010645070774437,-0.01885653060952197,0.11597258989136638
2014-10-28,777467,254603,241905,401417,406077,080732,SUGAR NO. 11 - ICE FUTURES U.S. ,16.1299991607666,0.005993823532059882,-4660,0.2801161392341986,12698,-0.3660910643217349,0.016218077162183247,0.04088755871003086,-0.01885653060952197,-0.027898256602850058,0.11056051102535246
2014-11-04,798420,255496,249255,425979,420402,080732,SUGAR NO. 11 - ICE FUTURES U.S. ,15.68000030517578,-0.006985045464792966,5577,1.3167118347145281,6241,-0.8305175653757652,0.04594502948435752,0.01633082450554828,-0.027898256602850058,0.03507648127270757,0.10504724649175105
2014-11-11,809762,261525,253016,425592,435156,080732,SUGAR NO. 11 - ICE FUTURES U.S. ,16.229999542236328,0.011810877764083768,-9564,-1.896370331404524,8509,0.2840610205155181,0.017590514296867376,0.019026666485275227,0.03507648127270757,-0.03203940349697043,0.1003512518073144
2014-11-18,816091,262975,248298,426596,439891,080732,SUGAR NO. 11 - ICE FUTURES U.S. ,15.710000038146973,0.016291075382524743,-13295,-0.4607526655980399,14677,0.7617052911843233,0.006623296137160742,0.012064004944520833,-0.03203940349697043,0.018459577412403005,0.09624997316384687
2014-11-25,825980,266906,233015,425712,453437,080732,SUGAR NO. 11 - ICE FUTURES U.S. ,16.0,0.033566188043294025,-27725,-1.768185165624912,33891,2.3543943016158737,0.016413599969970962,0.03843407258346819,0.018459577412403005,-0.047500014305114746,0.0931514672541078
2014-12-02,836657,267712,260829,438357,436498,080732,SUGAR NO. 11 - ICE FUTURES U.S. ,15.239999771118164,-0.0022219380223914937,1859,3.581684786556575,6883,-3.269812828397782,0.033815889490258384,0.05414906317579904,-0.047500014305114746,0.011811043824088818,0.09025892035094431
2014-12-09,820007,259348,261220,441791,425984,080732,SUGAR NO. 11 - ICE FUTURES U.S. ,15.420000076293944,-0.019276664711398807,15807,1.6671108949067541,-1872,-1.0464264328153592,0.016073290887614878,0.016818167847428196,0.011811043824088818,-0.04604410081933108,0.0882777227830741
2014-12-16,825145,242939,254847,459153,432220,080732,SUGAR NO. 11 - ICE FUTURES U.S. ,14.710000038146973,-0.032640323821873735,26933,1.356817685702683,-11908,-1.223891991165929,0.02647376575238424,0.04576665474722069,-0.04604410081933108,0.008157708038605938,0.08691456224309352
2014-12-23,820513,243104,249993,448441,429211,080732,SUGAR NO. 11 - ICE FUTURES U.S. ,14.829999923706056,-0.023436557373253075,19230,-0.9335328942185919,-6889,0.6082567306352217,0.015633759166503353,0.010178524712176305,0.008157708038605938,-0.01483481241811302,0.08580206777850503
2014-12-30,834430,246432,258568,454228,431225,080732,SUGAR NO. 11 - ICE FUTURES U.S. ,14.609999656677246,-0.02756732140503098,23003,0.4598342744112525,-12136,-0.6394779851141907,0.008810179648157496,0.02357029702970297,-0.01483481241811302,0.017796046200658777,0.08459879769360688
2015-01-06,841420,247711,258310,450931,435043,080732,SUGAR NO. 11 - ICE FUTURES U.S.,14.869999885559082,-0.018882365524945925,15888,-0.8526778759152954,-10599,0.18419759596371177,0.008030709704799464,0.003037423348042868,0.017796046200658777,0.0,0.08373996463150536
2015-01-13,818125,246320,237887,435866,440565,080732,SUGAR NO. 11 - ICE FUTURES U.S.,14.869999885559082,0.005743621084797555,-4699,-2.4466972498870954,8433,2.2618906134867247,0.023489584462439143,0.045050980262573655,0.0,0.06455951886585232,0.0840358558528307
2015-01-20,815626,245303,214917,432576,473189,080732,SUGAR NO. 11 - ICE FUTURES U.S.,15.829999923706056,0.04979365542540331,-40613,-4.389793735676088,30386,2.6833307868601985,0.03965046121234537,0.05212072487071401,0.06455951886585232,-0.042324704960395865,0.08539297043827586
2015-01-27,823104,241699,170291,438758,509566,080732,SUGAR NO. 11 - ICE FUTURES U.S.,15.15999984741211,0.08602558121452453,-70808,-3.7020644265876763,71408,5.02951107492895,0.044878121823343074,0.11706594820262628,-0.042324704960395865,-0.045514484652259934,0.08748412657232905
2015-02-03,853527,240921,204454,463526,497856,080732,SUGAR NO. 11 - ICE FUTURES U.S.,14.470000267028809,0.04022134039110655,-34330,4.431760749552912,36467,-4.245028574760905,0.03794329413282129,0.07845298905416784,-0.045514484652259934,0.01658602395917197,0.08806933601422552
2015-02-10,864567,240555,204961,469309,505676,080732,SUGAR NO. 11 - ICE FUTURES U.S.,14.710000038146973,0.042063830796225166,-36367,-0.2386567735994292,35594,-0.10228147439975536,0.01395200951809515,0.001959525583817416,0.01658602395917197,0.029231835762112413,0.0884262665234178
2015-02-17,857342,239236,184870,459263,519749,080732,SUGAR NO. 11 - ICE FUTURES U.S.,15.140000343322754,0.0705506087419023,-60486,-2.7897201720630096,54366,2.171260295616187,0.02463606166216553,0.050482662353279605,0.029231835762112413,-0.06406870839052614,0.08887199017540451
2015-02-24,836197,241545,208243,441265,479199,080732,SUGAR NO. 11 - ICE FUTURES U.S.,14.170000076293944,0.04536490803004555,-37934,2.630455524166552,33302,-2.4568958478646796,0.06360705035721115,0.05709801061833575,-0.06406870839052614,-0.050811592318432575,0.0874314094009599
2015-03-03,819751,246737,253672,424642,419748,080732,SUGAR NO. 11 - ICE FUTURES U.S.,13.449999809265137,-0.005970105556443359,4894,5.121759585360866,-6935,-4.81190437181669,0.09009344023496252,0.10115925173208315,-0.050811592318432575,-0.03197021246091447,0.08397319936462534
2015-03-10,847114,265284,264161,435800,434369,080732,SUGAR NO. 11 - ICE FUTURES U.S.,13.020000457763672,-0.001689264963157261,1431,-0.42244535230820085,1123,0.9829814175280055,0.029625279687049297,0.05484233489786475,-0.03197021246091447,-0.015361041160347533,0.08001185449438902
2015-03-17,864924,252965,253542,456192,450936,080732,SUGAR NO. 11 - ICE FUTURES U.S.,12.81999969482422,-0.006076834496441306,5256,0.4515330876363748,-577,-0.20068137228283325,0.040742872009242356,0.04528663967131748,-0.015361041160347533,-0.028861146206459187,0.0758438433803592
2015-03-24,883334,252243,262859,460387,441432,080732,SUGAR NO. 11 - ICE FUTURES U.S.,12.449999809265137,-0.021458474370962738,18955,1.5838385800370898,-10616,-1.1606800135040767,0.015190409605475156,0.019489343858109655,-0.028861146206459187,-0.041767029080786,0.07156441937032412
2015-03-31,903521,254869,271542,478904,450521,080732,SUGAR NO. 11 - ICE FUTURES U.S.,11.93000030517578,-0.03141376902141732,28383,1.0673199491924912,-16673,-0.6856975956999278,0.029702235252978992,0.021483213686644086,-0.041767029080786,0.07041074024310467,0.06675109845737667
2015-04-07,936040,252461,265996,506488,494490,080732,SUGAR NO. 11 - ICE FUTURES U.S.,12.770000457763672,-0.012817828297935987,11998,-1.8134608935486833,-13535,0.34730792090056567,0.07148308953843141,0.01534167732328814,0.07041074024310467,0.032889515079405074,0.06225856748714323
2015-04-14,893089,250609,237700,471270,486852,080732,SUGAR NO. 11 - ICE FUTURES U.S.,13.1899995803833,0.017447309282725462,-15582,-2.946455279688902,12909,2.825092944745951,0.04472916810176575,0.061739595215324725,0.032889515079405074,-0.059135690506862404,0.05848924724544339
2015-04-21,853491,234602,227874,459168,470993,080732,SUGAR NO. 11 - ICE FUTURES U.S.,12.40999984741211,0.013854861972768313,-11825,0.4206747591785365,6728,-0.6920922774773847,0.030060387395300384,0.05585803371418192,-0.059135690506862404,0.061240953926386954,0.05463964425419671
2015-04-28,834880,237179,193960,442001,499317,080732,SUGAR NO. 11 - ICE FUTURES U.S.,13.170000076293944,0.06865178229206592,-57316,-5.32999176324062,43219,4.2754990972371125,0.04832692033935397,0.08463859683303993,0.061240953926386954,-0.03189066620052228,0.05150016416701679
2015-05-05,808794,238061,202046,414707,456088,080732,SUGAR NO. 11 - ICE FUTURES U.S.,12.75,0.0511638315813421,-41381,1.908657531621311,36015,-0.862878497508624,0.08098691425651272,0.0203768628992495,-0.03189066620052228,0.0650980332318476,0.04820190911142979
2015-05-12,849346,242083,177452,443495,521927,080732,SUGAR NO. 11 - ICE FUTURES U.S.,13.579999923706056,0.09234399173010764,-78432,-4.581018157899292,64631,3.538107354901248,0.09801620431272542,0.06820885027470891,0.0650980332318476,-0.05301916576390664,0.04561167186325524
2015-05-19,865099,245570,190073,451897,515320,080732,SUGAR NO. 11 - ICE FUTURES U.S.,12.859999656677246,0.07331299654721599,-63423,1.7671243521485944,55497,-1.075415672764692,0.015517717327135482,0.03697522971791123,-0.05301916576390664,-0.06065316903536566,0.04210229594482574
2015-05-26,891727,255744,224454,458647,493418,080732,SUGAR NO. 11 - ICE FUTURES U.S.,12.079999923706056,0.03899287562224762,-34771,3.311990881968422,31290,-2.7981768560592486,0.030094583878201592,0.09278464300142858,-0.06065316903536566,0.01986753084718007,0.038929448455372134
2015-06-02,912450,267237,232245,455237,496369,080732,SUGAR NO. 11 - ICE FUTURES U.S.,12.31999969482422,0.045078634445723055,-41132,-0.71333491079669,34992,0.4151494796053052,0.0066844891688366825,0.0386079978858097,0.01986753084718007,-0.020292208294861225,0.03597156412463693
2015-06-09,892859,262026,233614,442087,481748,080732,SUGAR NO. 11 - ICE FUTURES U.S.,12.06999969482422,0.04442022760592658,-39661,0.1612143131130473,28412,-0.7211354046797085,0.030060562762831027,0.013275764667904123,-0.020292208294861225,-0.06296597302594953,0.033727056858082916
2015-06-16,873992,251836,263414,452631,440707,080732,SUGAR NO. 11 - ICE FUTURES U.S.,11.3100004196167,-0.01364314547501579,11924,5.777507982783396,-11578,-4.478870683948977,0.057744101336784065,0.07761280931586609,-0.06296597302594953,-0.0053050766923607995,0.03105145206439928
2015-06-23,865764,248057,270409,446575,426540,080732,SUGAR NO. 11 - ICE FUTURES U.S.,11.25,-0.02314141036125318,20035,0.9280405312634441,-22352,-1.2327343957381762,0.023161897344565148,0.020780533342591414,-0.0053050766923607995,0.09155553181966147,0.02644998430175005
2015-06-30,838247,239238,233461,432116,440652,080732,SUGAR NO. 11 - ICE FUTURES U.S.,12.279999732971191,0.010183156038733213,-8536,-3.3000910178755416,5777,3.2490378440313985,0.032736076483097454,0.09682059830886039,0.09155553181966147,0.004071676858478757,0.02260522264277804
2015-07-07,790993,236496,202901,401992,433355,080732,SUGAR NO. 11 - ICE FUTURES U.S.,12.329999923706056,0.0396501612530073,-31363,-2.72318302361953,33595,3.3185922526415244,0.044796952643631927,0.07579023070253096,0.004071676858478757,0.025141964439162834,0.02024194333168531
2015-07-14,794716,240805,172429,396673,476098,080732,SUGAR NO. 11 - ICE FUTURES U.S.,12.640000343322754,0.0999413627006377,-79425,-6.076159966017398,68376,4.397131200908225,0.055068282516261426,0.08416780807000392,0.025141964439162834,-0.0965190058458576,0.020123544779088533
2015-07-21,811703,242981,219937,411847,433465,080732,SUGAR NO. 11 - ICE FUTURES U.S.,11.420000076293944,0.02663289405114925,-21618,7.273919236557462,23044,-5.704176083028402,0.06838540089339794,0.10732786368212081,-0.0965190058458576,-0.02189141841767228,0.019163243422347816
2015-07-28,819269,249347,234204,408557,421458,080732,SUGAR NO. 11 - ICE FUTURES U.S.,11.170000076293944,0.015746964672165065,-12901,1.0739149664347674,15143,-0.9733855856144428,0.01842978741348048,0.04266974941629735,-0.02189141841767228,-0.014324068605126916,0.018521291187852486
2015-08-04,824041,243607,237035,413375,418476,080732,SUGAR NO. 11 - ICE FUTURES U.S.,11.010000228881836,0.006190225971765968,-5101,0.9520682462048485,6572,-1.0461765305412507,0.009376679237026824,0.01783239916611532,-0.014324068605126916,-0.03542237377068269,0.017910668833868496
2015-08-11,843937,242951,244280,427881,422842,080732,SUGAR NO. 11 - ICE FUTURES U.S.,10.619999885559082,-0.0059708248364510625,5039,1.2305212968772186,-1329,-0.95881151544644,0.02218348393072716,0.016216127463154026,-0.03542237377068269,0.010357783226233597,0.017247534504449387
2015-08-18,851159,242238,251889,429838,418500,080732,SUGAR NO. 11 - ICE FUTURES U.S.,10.729999542236328,-0.013320660417148852,11338,0.7463827276206637,-9651,-0.9860925637814197,0.0074251065023610875,0.016841824065473045,0.010357783226233597,-0.012115486142835863,0.0167306457658701
2015-08-25,835978,238244,249519,421395,408607,080732,SUGAR NO. 11 - ICE FUTURES U.S.,10.600000381469728,-0.015297053271736817,12788,0.1703559499458973,-11275,-0.19079866393940498,0.022091513032498716,0.013047320112431652,-0.012115486142835863,0.010377325728170739,0.015948873044499937
2015-09-01,818040,230003,215866,418584,433233,080732,SUGAR NO. 11 - ICE FUTURES U.S.,10.710000038146973,0.017907437289130117,-14649,-3.282024168100117,14137,3.039792913210635,0.03220996998181534,0.09396033364059847,0.010377325728170739,0.03361341320214728,0.015582443611916257
2015-09-08,817130,224551,173980,421365,481001,080732,SUGAR NO. 11 - ICE FUTURES U.S.,11.06999969482422,0.07298226720350495,-59636,-5.499364334262383,50571,4.453816439293922,0.05601828969619866,0.11878122404530639,0.03361341320214728,0.029810292032830255,0.016426574266957514
2015-09-15,781009,212765,155995,414596,488483,080732,SUGAR NO. 11 - ICE FUTURES U.S.,11.399999618530272,0.09460454360961269,-73887,-1.7440309375497165,56770,0.7586308176177597,0.015780457745114215,0.0807327258921792,0.029810292032830255,-0.04561399311313252,0.018246615747352885
2015-09-22,770935,215916,170101,418946,464166,080732,SUGAR NO. 11 - ICE FUTURES U.S.,10.880000114440918,0.058656047526704586,-45220,3.6705082783937186,45815,-1.402672696473408,0.032461341256828126,0.04470528500040154,-0.04561399311313252,0.08088236260888482,0.019558511206926046
2015-09-29,750053,214717,134816,398655,489831,080732,SUGAR NO. 11 - ICE FUTURES U.S.,11.760000228881836,0.12155940980170735,-91176,-5.961073242231835,79901,4.421384422811261,0.0517239438775625,0.10437927177119184,0.08088236260888482,0.15901359261596593,0.02216861551686626
2015-10-06,743349,213865,83340,386603,533063,080732,SUGAR NO. 11 - ICE FUTURES U.S.,13.630000114440918,0.19702723754252713,-146460,-7.370679138674201,130525,6.749389709793842,0.06011312802691412,0.17606702444440706,0.15901359261596593,0.014673500189720468,0.025894206368694824
2015-10-13,742311,232455,73548,373215,561205,080732,SUGAR NO. 11 - ICE FUTURES U.S.,13.829999923706056,0.2532496487321352,-187990,-5.5868777653565145,158907,3.8181258063170866,0.044444682262794036,0.09275072466609804,0.014673500189720468,0.016630549326063226,0.03065783216547247
2015-10-20,756639,240225,75769,365987,560641,080732,SUGAR NO. 11 - ICE FUTURES U.S.,14.0600004196167,0.25726138885254396,-194654,-0.8977369323639283,164456,0.7475303477922327,0.008408983971993076,0.03161768894346095,0.016630549326063226,0.0256045267377778,0.03543221498730315
2015-10-27,801494,248315,76330,394844,600724,080732,SUGAR NO. 11 - ICE FUTURES U.S.,14.420000076293944,0.2568702947246018,-205880,-1.4836665834037104,171985,0.9950584096246692,0.06924690227086447,0.026647568882933667,0.0256045267377778,0.07420247497663124,0.040256762510236646
2015-11-03,827353,257996,72638,406867,636650,080732,SUGAR NO. 11 - ICE FUTURES U.S.,15.489999771118164,0.2777327210996999,-229783,-2.982305544395841,185358,1.6685090593316982,0.04594941912781488,0.04044653604892419,0.07420247497663124,-0.05035505129093276,0.04573210417493844
2015-11-10,834411,250539,79407,414584,631744,080732,SUGAR NO. 11 - ICE FUTURES U.S.,14.710000038146973,0.26025543766800774,-217160,1.5257090987764594,171132,-1.719459529366546,0.012064094624247845,0.04311614627848193,-0.05035505129093276,0.0047586468145948135,0.05050988417309082
2015-11-17,838081,246718,73708,416624,628967,080732,SUGAR NO. 11 - ICE FUTURES U.S.,14.779999732971191,0.25336811119688907,-212343,0.5772934441180665,173010,0.2250689408456983,0.004606963908449863,0.029710447966145068,0.0047586468145948135,0.014884998038128039,0.05506905793875167
2015-11-24,861967,265054,70578,411004,653419,080732,SUGAR NO. 11 - ICE FUTURES U.S.,15.0,0.2812346644361095,-242415,-3.588197322215872,194476,2.56132760437237,0.02825192616093414,0.06395695285312485,0.014884998038128039,0.029333305358886674,0.05983191325399813
2015-12-01,863941,262940,66455,415150,661063,080732,SUGAR NO. 11 - ICE FUTURES U.S.,15.4399995803833,0.2846409650659015,-245913,-0.4058159999164701,196485,0.23307156770502815,0.01095508045340467,0.018934713641676405,0.029333305358886674,-0.028497382923657888,0.06534850754415761
2015-12-08,864728,266263,60541,408295,664576,080732,SUGAR NO. 11 - ICE FUTURES U.S.,15.0,0.2963718070884718,-256281,-1.20008195004057,205722,1.0691702326895007,0.009663789961700893,0.028264647923526027,-0.028497382923657888,-0.027333323160807277,0.07141867046338589
2015-12-15,846065,249158,56243,414689,649445,080732,SUGAR NO. 11 - ICE FUTURES U.S.,14.59000015258789,0.2774680432354488,-234756,2.4892220443885242,192915,-1.481043750173465,0.020227715682423455,0.07008163038104001,-0.027333323160807277,0.03084302978470621,0.07738229290679592
2015-12-22,867617,252100,55420,425806,671667,080732,SUGAR NO. 11 - ICE FUTURES U.S.,15.039999961853027,0.28337503760299765,-245861,-1.312546908334466,196680,0.44500127058795713,0.03037796829625877,0.012243106139438084,0.03084302978470621,-0.017287249304607233,0.08328251588710846
2015-12-29,859958,246059,53997,423281,662039,080732,SUGAR NO. 11 - ICE FUTURES U.S.,14.779999732971191,0.27763914051616473,-238758,0.8186792098356763,192062,-0.5322625075350068,0.011197619135370214,0.024875356600101314,-0.017287249304607233,-0.014208392553519689,0.08915187092405454
2016-01-05,868697,250492,60449,430993,662912,080732,SUGAR NO. 11 - ICE FUTURES U.S.,14.56999969482422,0.26697340960081595,-231919,0.7952713969752011,190043,-0.23477890780712546,0.007848030679080907,0.03500664113127571,-0.014208392553519689,-0.03568974021832538,0.09464909736878072
2016-01-12,852726,231898,65262,437791,640042,080732,SUGAR NO. 11 - ICE FUTURES U.S.,14.050000190734863,0.23718169728611535,-202251,3.4152299363299283,166636,-2.6944953188511067,0.027525599976990868,0.07876901332615426,-0.03568974021832538,0.04982204980514848,0.09909982960342144
2016-01-19,868576,236461,61083,438626,660754,080732,SUGAR NO. 11 - ICE FUTURES U.S.,14.75,0.2557381276940648,-222128,-2.3309949503122924,175378,1.0251827667973066,0.01959922865615165,0.029380528594090287,0.04982204980514848,-0.049491494388903656,0.10306030022397263
2016-01-26,884344,224652,70033,457093,646359,080732,SUGAR NO. 11 - ICE FUTURES U.S.,14.020000457763672,0.21401852672715596,-189266,3.783434034557713,154619,-2.390003868400693,0.029781086988831414,0.07044471215026214,-0.049491494388903656,-0.07346652303960077,0.10552170302229245
2016-02-02,877254,199504,93918,490745,616046,080732,SUGAR NO. 11 - ICE FUTURES U.S.,12.989999771118164,0.14283320452229342,-125301,7.233045059388655,105586,-5.544561844712013,0.057793205763328394,0.16710744252305554,-0.07346652303960077,0.0307929622211347,0.10749500810173834
2016-02-09,862851,195422,111416,480679,572961,080732,SUGAR NO. 11 - ICE FUTURES U.S.,13.390000343322754,0.10695009914805685,-92282,3.7639041828250424,84006,-2.4599488859554928,0.05044512357161839,0.07033027200020858,0.0307929622211347,-0.01269604719455586,0.1087428209546582
2016-02-16,822756,193540,115283,461623,543848,080732,SUGAR NO. 11 - ICE FUTURES U.S.,13.220000267028809,0.09993849938499386,-82225,1.1655546554387723,78257,-0.6662795778181865,0.04790690134275379,0.018615841436680557,-0.01269604719455586,0.059001491468690936,0.10930797269779456
2016-02-23,798205,195073,128425,437529,514994,080732,SUGAR NO. 11 - ICE FUTURES U.S.,14.0,0.09704900370205649,-77465,0.578543334840463,66648,-1.410989406336751,0.055587109182665406,0.04536349529208836,0.059001491468690936,0.027857167380196612,0.110301897614564
2016-03-01,752262,184697,98185,410316,513762,080732,SUGAR NO. 11 - ICE FUTURES U.S.,14.390000343322754,0.1375132600078164,-103446,-3.2549282452502806,86512,2.488583759811076,0.030782033551280303,0.1435793016169286,0.027857167380196612,0.032661522038988755,0.11306119310618439
2016-03-08,751073,174952,62593,403068,542426,080732,SUGAR NO. 11 - ICE FUTURES U.S.,14.859999656677246,0.1855452133148176,-139358,-4.7738686787316125,112359,3.4359039802621956,0.03798226112487229,0.19085646930055358,0.032661522038988755,0.030955588746617302,0.1166618561499916
2016-03-15,768590,199349,61690,398922,574984,080732,SUGAR NO. 11 - ICE FUTURES U.S.,15.31999969482422,0.22907141648993612,-176062,-4.886875177246419,137659,3.3685141124764173,0.03768741541791508,0.09692038354422136,0.030955588746617302,0.0822454473878036,0.12118393789972963
2016-03-22,827890,237051,62452,405266,626989,080732,SUGAR NO. 11 - ICE FUTURES U.S.,16.579999923706055,0.2678169805167353,-221723,-5.940878752000416,174599,4.806203567571787,0.056525761560854634,0.12842609256000775,0.0822454473878036,-0.0434258305393207,0.12674692741680074
2016-03-29,865776,258383,69263,408621,649698,080732,SUGAR NO. 11 - ICE FUTURES U.S.,15.859999656677246,0.27845193213949104,-241077,-2.3377501842032156,189120,1.7539769776177994,0.02462773511578267,0.0858945325137496,-0.0434258305393207,-0.07692303529406808,0.1327058832083567
2016-04-05,865816,259853,73618,415351,647924,080732,SUGAR NO. 11 - ICE FUTURES U.S.,14.640000343322754,0.26861711957274986,-232573,0.9822402099388293,186235,-0.3332270702814585,0.00799793092097529,0.017467785804462756,-0.07692303529406808,-0.03893446961280356,0.1381180937443314
2016-04-12,840440,237875,75115,428613,629542,080732,SUGAR NO. 11 - ICE FUTURES U.S.,14.06999969482422,0.23907596021131788,-200929,3.6548181137793714,162760,-2.711315106211943,0.029904881609972074,0.07500239624269146,-0.03893446961280356,0.07818055474971808,0.14238018318526588
2016-04-19,800540,225749,59207,404487,615749,080732,SUGAR NO. 11 - ICE FUTURES U.S.,15.170000076293944,0.26389936792664953,-211262,-1.2294750368854408,166542,0.45000237970586837,0.037166890797815405,0.09838010078749,0.07818055474971808,0.039551771816227266,0.14718873137668667
2016-04-26,772450,241124,51143,366329,604781,080732,SUGAR NO. 11 - ICE FUTURES U.S.,15.770000457763672,0.30869570846009453,-238452,-3.3964573912608986,189981,2.927898668398831,0.05058747206804584,0.0801972169283566,0.039551771816227266,0.030437509721188416,0.15180496072607183
2016-05-03,789143,261390,54891,358945,620603,080732,SUGAR NO. 11 - ICE FUTURES U.S.,16.25,0.33157235127220286,-261658,-3.0042073920642114,206499,2.1383908343582108,0.023690518484035493,0.07592615427420553,0.030437509721188416,-0.01415381798377402,0.15719743225858837
2016-05-10,805306,297398,65622,346692,625433,080732,SUGAR NO. 11 - ICE FUTURES U.S.,16.020000457763672,0.3461305391987642,-278741,-2.164753409711548,231776,3.203095003060282,0.017572842998585574,0.12875048206710374,-0.01415381798377402,0.04993752897633952,0.16207794278683177
2016-05-17,848078,310859,58525,356834,663360,080732,SUGAR NO. 11 - ICE FUTURES U.S.,16.81999969482422,0.36143609432151286,-306526,-3.450241274745252,252334,2.5528184317514087,0.047117509022793706,0.05565481991640136,0.04993752897633952,-0.012485082537621928,0.16761877159018365
2016-05-24,868549,309409,59055,373264,674558,080732,SUGAR NO. 11 - ICE FUTURES U.S.,16.610000610351562,0.3468934970853688,-301294,0.6169243866719807,250354,-0.23346909128641471,0.026367073796885347,0.005373659299144557,-0.012485082537621928,0.0529800799777318,0.17353993738755133
2016-05-31,895498,311304,55945,389376,700608,080732,SUGAR NO. 11 - ICE FUTURES U.S.,17.489999771118164,0.34755186499579005,-311232,-1.1442071777182405,255359,0.576248432730911,0.03868130174387881,0.013628355693276225,0.0529800799777318,0.08633506281545822,0.17935673028274493
2016-06-07,899793,318851,63177,389573,706893,080732,SUGAR NO. 11 - ICE FUTURES U.S.,19.0,0.3526588893223219,-317320,-0.6798451811170991,255674,0.035175957958588404,0.005911720016854148,0.03868564607829793,0.08633506281545822,0.017894744873046875,0.1852843968542141
2016-06-14,940081,328829,66760,413629,737165,080732,SUGAR NO. 11 - ICE FUTURES U.S.,19.34000015258789,0.3441575779108396,-323536,-0.6908255565446719,262069,0.7107190209303695,0.04720914429515621,0.034280528528346337,0.017894744873046875,-0.005170650500555762,0.19216517999624977
2016-06-21,899424,349725,32409,392812,767114,080732,SUGAR NO. 11 - ICE FUTURES U.S.,19.239999771118164,0.4161574518803145,-374302,-5.400172963819075,317316,5.876834017494238,0.04376658510973976,0.14457493968084495,-0.005170650500555762,0.029625764116684827,0.20061323503935685
2016-06-28,855761,346059,32988,363089,729596,080732,SUGAR NO. 11 - ICE FUTURES U.S.,19.809999465942383,0.42828196190291445,-366507,0.8666657772085246,313071,-0.47196872665172374,0.061537405565190335,0.011199138893066032,0.029625764116684827,0.05350839989235667,0.2086535966905911
2016-07-05,842090,340083,36450,346402,713032,080732,SUGAR NO. 11 - ICE FUTURES U.S.,20.8700008392334,0.4353810162809201,-366630,-0.014373171948709977,303633,-1.1028780231863802,0.03138562666480404,0.025065532104755758,0.05350839989235667,-0.05510308958478949,0.21626380544112786
2016-07-12,840414,338562,36127,343891,705803,080732,SUGAR NO. 11 - ICE FUTURES U.S.,19.71999931335449,0.430635377325937,-361912,0.5602726549418708,302435,-0.14226507855454879,0.009278894611191453,0.004921414826696274,-0.05510308958478949,-0.018255512958316178,0.22262330572238362
2016-07-19,832463,332870,35113,338333,693214,080732,SUGAR NO. 11 - ICE FUTURES U.S.,19.36000061035156,0.4263024302581616,-354881,0.8366114795803021,297757,-0.5566304226250396,0.017592024406061963,0.018223667941182065,-0.018255512958316178,0.008264454667762822,0.23030925834174928
2016-07-26,830909,330593,38638,332041,682804,080732,SUGAR NO. 11 - ICE FUTURES U.S.,19.520000457763672,0.4221437004533589,-350763,0.49467664028311165,291955,-0.6969679132886386,0.016457685656430292,0.01571374017891239,0.008264454667762822,-0.02407793082382803,0.23812458018369528
2016-08-02,846754,336519,46724,351678,687178,080732,SUGAR NO. 11 - ICE FUTURES U.S.,19.049999237060547,0.3962189726886439,-335500,1.8369039208866436,289795,-0.25995626476545564,0.0231129242166383,0.03656165931275979,-0.02407793082382803,0.07034121817606209,0.24562513300517372
2016-08-09,866930,347273,49882,346040,699645,080732,SUGAR NO. 11 - ICE FUTURES U.S.,20.38999938964844,0.4078818359037062,-353605,-2.1381652758652456,297391,0.8970728216223366,0.017314009477041366,0.03502914479233549,0.07034121817606209,-0.006375633381950907,0.2535838380194075
2016-08-16,883140,348427,51518,363961,709715,080732,SUGAR NO. 11 - ICE FUTURES U.S.,20.26000022888184,0.39150531059628146,-345754,0.9056094494365174,296909,-0.05559849122766544,0.02607024838033075,0.006975959194389228,-0.006375633381950907,0.023198386379309044,0.26136895284658884
2016-08-23,903799,367444,58163,356743,716595,080732,SUGAR NO. 11 - ICE FUTURES U.S.,20.729999542236328,0.39815489948539445,-359852,-1.5963493896777408,309281,1.4009103879339628,0.013134725501193474,0.06029506093649775,0.023198386379309044,-0.0101302020795897,0.2693199519380722
2016-08-30,908026,369812,57140,358970,719173,080732,SUGAR NO. 11 - ICE FUTURES U.S.,20.520000457763672,0.3966879803001236,-360203,-0.03883606863915539,312672,0.375194042038108,0.00445673718606901,0.00794234480691038,-0.0101302020795897,-0.014619938485219586,0.27660419314982204
2016-09-06,913475,352987,58775,369807,713267,080732,SUGAR NO. 11 - ICE FUTURES U.S.,20.21999931335449,0.3759927748433181,-343460,1.843889932667126,294212,-2.0329814344523176,0.015458777516587047,0.04483172317989518,-0.014619938485219586,0.010385806080744686,0.2824313182967415
2016-09-13,889291,342038,48996,356510,703716,080732,SUGAR NO. 11 - ICE FUTURES U.S.,20.43000030517578,0.39043012917031655,-347206,-0.41008237773338074,293042,-0.1280823229973453,0.021550122332408373,0.053008178316975,0.010385806080744686,0.08321090700914668,0.2881202718652166
2016-09-20,896638,360909,33980,344766,734449,080732,SUGAR NO. 11 - ICE FUTURES U.S.,22.1299991607666,0.43460460074188245,-389683,-4.776501730029878,326929,3.81056369624791,0.039359163836677584,0.08581398823466847,0.08321090700914668,0.0402169602687974,0.2953500517347392
2016-09-27,857858,365849,36553,314882,701822,080732,SUGAR NO. 11 - ICE FUTURES U.S.,23.020000457763672,0.4510536708872564,-386940,0.30592056102908866,329296,0.2639861348727134,0.06148397173611985,0.018670384342026135,0.0402169602687974,0.010425706617969599,0.30168647983253827
2016-10-04,830713,365919,36982,290293,678256,080732,SUGAR NO. 11 - ICE FUTURES U.S.,23.26000022888184,0.4670241106134128,-387963,-0.11925050532838768,328937,-0.04184841780341269,0.049718702925716715,0.0012385176507380225,0.010425706617969599,0.001289797349539601,0.3068787273915938
2016-10-11,833715,356168,42076,297816,673985,080732,SUGAR NO. 11 - ICE FUTURES U.S.,23.290000915527344,0.4511961521623097,-376169,1.4197442438002055,314092,-1.7870191028670552,0.01213622953670556,0.03727614226454134,0.001289797349539601,-0.01159297755045019,0.31068539091909714
2016-10-18,843124,349183,44463,307009,671900,080732,SUGAR NO. 11 - ICE FUTURES U.S.,23.020000457763672,0.43278450144937164,-364891,1.3527404448762466,304720,-1.1241251506809882,0.011520989182855608,0.023808193148158498,-0.01159297755045019,-0.003909650338757342,0.31406083539211305
2016-10-25,852696,343440,44580,320697,673998,080732,SUGAR NO. 11 - ICE FUTURES U.S.,22.93000030517578,0.4143340651298939,-353301,1.3746495177459068,298860,-0.6950341823978442,0.015870191365192344,0.015102314313695171,-0.003909650338757342,-0.07588311155518868,0.31708898482298403
2016-11-01,844926,320329,43722,339924,659111,080732,SUGAR NO. 11 - ICE FUTURES U.S.,21.190000534057617,0.3777691774190876,-319187,4.00072241455337,276607,-2.6097225740474914,0.034146951808495196,0.06583967630908856,-0.07588311155518868,0.03680975741568382,0.31901276282912605
2016-11-08,845628,308701,38611,347064,666320,080732,SUGAR NO. 11 - ICE FUTURES U.S.,21.96999931335449,0.3775371676434555,-319256,-0.008166395637014367,270090,-0.771310150238009,0.014159489393951355,0.04819585847883171,0.03680975741568382,-0.03732361039837506,0.32126818071326935
2016-11-15,847421,294727,41822,362347,656790,080732,SUGAR NO. 11 - ICE FUTURES U.S.,21.149999618530277,0.3474577571242629,-294443,2.9342689693340334,252905,-2.0322174762425087,0.024347070119130204,0.05106240101738528,-0.03732361039837506,-0.06619383658540057,0.3230775969811035
2016-11-22,819282,262752,46038,367848,615976,080732,SUGAR NO. 11 - ICE FUTURES U.S.,19.75,0.30286030939285863,-248128,5.465406214856606,216714,-4.2707225806299345,0.04707650961960676,0.1172026296188348,-0.06619383658540057,-0.004556969751285611,0.3234934747687332
2016-11-29,822246,254341,37808,371861,619357,080732,SUGAR NO. 11 - ICE FUTURES U.S.,19.65999984741211,0.30099994405567193,-247496,0.07714071589513745,216533,-0.022092515153512467,0.007459509411653138,0.05696066048488956,-0.004556969751285611,-0.007629685640613837,0.32380807051853655
2016-12-06,835875,257116,36616,379542,627782,080732,SUGAR NO. 11 - ICE FUTURES U.S.,19.51000022888184,0.29698220427695526,-248240,-0.09048386979079254,220500,0.4824590207796693,0.015988897316057196,0.01350550842264377,-0.007629685640613837,-0.04664273894087323,0.32381980892600737
2016-12-13,821766,251740,42062,386520,613112,080732,SUGAR NO. 11 - ICE FUTURES U.S.,18.600000381469727,0.2757378621164662,-226592,2.5898609241812474,209678,-1.2946911918648123,0.021655969396738,0.03683433060360379,-0.04664273894087323,-0.01881722442427558,0.3237865362121808
2016-12-20,812810,227741,44017,390998,583713,080732,SUGAR NO. 11 - ICE FUTURES U.S.,18.25,0.23709723059509602,-192715,4.122463085598577,183724,-3.1583200083722134,0.03475594304363037,0.09550408819611567,-0.01881722442427558,0.01589046112478587,0.32289657838510577
2016-12-27,808168,224858,49385,386818,576821,080732,SUGAR NO. 11 - ICE FUTURES U.S.,18.540000915527344,0.2351033448490908,-190003,0.33365731228700435,175473,-1.015120384837785,0.011489779886451255,0.030086456172080965,0.01589046112478587,0.10625669989609388,0.3220785823145851
2017-01-03,810483,222892,47960,391713,591869,080732,SUGAR NO. 11 - ICE FUTURES U.S.,20.51000022888184,0.24695891215485088,-200156,-1.2562981954247137,174932,-0.06694152700923571,0.020275889554709214,0.01251975248475182,0.10625669989609388,-0.0014627345836527583,0.321693688132932
2017-01-10,819121,223476,40482,393545,616193,080732,SUGAR NO. 11 - ICE FUTURES U.S.,20.479999542236328,0.27181332184133966,-222648,-2.7751353205434293,182994,0.9947154968086932,0.02590374928941963,0.030542737859811032,-0.0014627345836527583,0.01220703152284841,0.32235968091284006
2017-01-17,828260,228371,36200,392640,626517,080732,SUGAR NO. 11 - ICE FUTURES U.S.,20.729999542236328,0.282371477555357,-233877,-1.3708597386710877,192171,1.1203472991169803,0.011017929524106688,0.03468634128457011,0.01220703152284841,-0.007235871772435898,0.3228718607178649
2017-01-24,834634,231324,34232,402020,636794,080732,SUGAR NO. 11 - ICE FUTURES U.S.,20.57999992370605,0.28128976293800634,-234774,-0.1082993262985053,197092,0.5941371067056238,0.01892254051254604,0.018530931328985225,-0.007235871772435898,-0.006316771683602007,0.3241655383373044
2017-01-31,831344,233451,36030,391892,628729,080732,SUGAR NO. 11 - ICE FUTURES U.S.,20.450000762939453,0.28488447622163626,-236837,-0.24717421049226368,197421,0.039418475643216065,0.01782542197348477,0.014565034269577446,-0.006316771683602007,0.013202862608413302,0.3268972935622917
2017-02-07,859366,245518,31699,396246,659151,080732,SUGAR NO. 11 - ICE FUTURES U.S.,20.71999931335449,0.30592902209303136,-262905,-3.1356454127292674,213819,1.9724686772262745,0.032950633742563226,0.05915221649465942,0.013202862608413302,-0.012065637465483392,0.3307238113112335
2017-02-14,858862,239871,36795,415667,656375,080732,SUGAR NO. 11 - ICE FUTURES U.S.,20.46999931335449,0.2802638840698506,-240708,2.5829506869017393,203076,-1.2501076374908944,0.02070534549952334,0.03883021404870855,-0.012065637465483392,0.01612114972035039,0.3341916071705577
2017-02-21,802571,226927,27796,368956,608425,080732,SUGAR NO. 11 - ICE FUTURES U.S.,20.799999237060547,0.29837733982414016,-239469,0.1442606612005188,199131,-0.4593287396578263,0.0968516883385292,0.0861445570286154,0.01612114972035039,-0.07163460700822266,0.3380633059421362
2017-02-28,765789,223047,43280,361295,558439,080732,SUGAR NO. 11 - ICE FUTURES U.S.,19.309999465942383,0.257439059584298,-197144,5.273676721436484,179767,-2.4127460374222345,0.0626779046985324,0.07270761131991875,-0.07163460700822266,-0.047125834934231836,0.34036957131860707
2017-03-07,765590,219523,53047,363780,537485,080732,SUGAR NO. 11 - ICE FUTURES U.S.,18.399999618530277,0.22689037213129742,-173705,3.060764779854503,166476,-1.7355955752824865,0.026006779360121607,0.0487617859632388,-0.047125834934231836,-0.01304346609205731,0.34116467052661625
2017-03-14,769600,220065,76789,366762,517166,080732,SUGAR NO. 11 - ICE FUTURES U.S.,18.15999984741211,0.19543139293139294,-150404,3.0435350513982677,143276,-3.030342611580611,0.026360744314016527,0.08180452343576304,-0.01304346609205731,-0.0479074305724041,0.3405177469966443
2017-03-21,788422,215749,89633,385029,511405,080732,SUGAR NO. 11 - ICE FUTURES U.S.,17.290000915527344,0.1602897940443062,-126376,3.122141372141372,126116,-2.22972972972973,0.026803981107365406,0.05619191700886103,-0.0479074305724041,0.015615878318003151,0.3384499164875591
2017-03-28,806906,220367,105204,396983,511401,080732,SUGAR NO. 11 - ICE FUTURES U.S.,17.559999465942383,0.14179842509536428,-114418,1.5167004472224266,115163,-1.3892306404438233,0.013164036354669392,0.06201105135285391,0.015615878318003151,-0.07972663218159959,0.3358219644290182
2017-04-04,801818,228322,123843,386909,488984,080732,SUGAR NO. 11 - ICE FUTURES U.S.,16.15999984741211,0.12730445063592985,-102075,1.5296701226660852,104479,-1.3240699660183466,0.03709471362369605,0.07551573836127952,-0.07972663218159959,0.03465343262562359,0.33310441310331007
2017-04-11,801536,240490,136363,398000,494630,080732,SUGAR NO. 11 - ICE FUTURES U.S.,16.719999313354492,0.1205560324177579,-96630,0.679081786639861,104127,-0.04390023671207182,0.018750210053437594,0.06551095520003822,0.03465343262562359,-0.001196085600258745,0.3308251837226648
2017-04-18,790120,233385,141665,404416,487227,080732,SUGAR NO. 11 - ICE FUTURES U.S.,16.700000762939453,0.10480813041057055,-82811,1.7240647955924626,91720,-1.5479030261897158,0.015498355283448645,0.033080922543660844,-0.001196085600258745,-0.031137750539368514,0.32776573684735555
2017-04-25,775917,222675,143816,398999,467538,080732,SUGAR NO. 11 - ICE FUTURES U.S.,16.18000030517578,0.08833290158612325,-68539,1.8063079025970739,78859,-1.627727433807523,0.02897279631452552,0.03509226693152083,-0.031137750539368514,-0.018541420585690416,0.32352799056131765
2017-05-02,765024,219074,152488,391711,443352,080732,SUGAR NO. 11 - ICE FUTURES U.S.,15.880000114440918,0.06750245743924374,-51641,2.1778102554783567,66586,-1.5817413460460332,0.037690569454041194,0.033030826618437835,-0.018541420585690416,-0.027707841995384563,0.3184497233722222
2017-05-09,777908,223782,168834,387068,431565,080732,SUGAR NO. 11 - ICE FUTURES U.S.,15.4399995803833,0.05720085151457499,-44497,0.9338269126197347,54948,-1.5212594637553856,0.02007004359706975,0.053624915948407605,-0.027707841995384563,0.028497444690130935,0.3128933832244494
2017-05-16,792922,220319,176987,393514,430364,080732,SUGAR NO. 11 - ICE FUTURES U.S.,15.880000114440918,0.04647367584705683,-36850,0.9830211284624918,43332,-1.4932357039649933,0.009281714040185561,0.029236910592842797,0.028497444690130935,-0.0006297373305899079,0.30683641363840214
2017-05-23,798742,222316,159396,403602,459091,080732,SUGAR NO. 11 - ICE FUTURES U.S.,15.869999885559082,0.06947049234921915,-55489,-2.350672575612734,62920,2.4703564789474877,0.044992830589792664,0.05131617554596135,-0.0006297373305899079,-0.05356014076401272,0.3015013558550147
2017-05-30,814153,218216,169151,423492,459146,080732,SUGAR NO. 11 - ICE FUTURES U.S.,15.020000457763672,0.043792751485285934,-35654,2.483279957733536,49065,-1.7346026626870754,0.022597032985210246,0.03576711490653566,-0.05356014076401272,-0.06924107082764963,0.29565983444135113
2017-06-06,842105,220973,198851,431086,441448,080732,SUGAR NO. 11 - ICE FUTURES U.S.,13.979999542236328,0.012304878845274638,-10362,3.106541399466685,22122,-3.309328836226115,0.02898683604306537,0.07731096840580814,-0.06924107082764963,-0.013590814492466463,0.2891145650091002
2017-06-13,854313,221926,210076,447011,447612,080732,SUGAR NO. 11 - ICE FUTURES U.S.,13.789999961853027,0.0007034892363805772,-601,1.1591191122247224,11850,-1.2198003811876192,0.02469084742958766,0.0281896843070171,-0.013590814492466463,-0.013052959077136439,0.2825096786884375
2017-06-20,831702,196748,225691,455493,418801,080732,SUGAR NO. 11 - ICE FUTURES U.S.,13.609999656677246,-0.04411676297520025,36692,4.365261912203139,-28943,-4.77494782357286,0.042654987910245294,0.09656542127975873,-0.013052959077136439,-0.07053637489814235,0.2736582514796776
2017-06-27,821489,204851,251820,448642,393766,080732,SUGAR NO. 11 - ICE FUTURES U.S.,12.649999618530272,-0.06680065101297765,54876,2.186360018371965,-46969,-2.16736282947498,0.037851017559187475,0.07495987264354426,-0.07053637489814235,0.06245059175304668,0.2641374320005258
2017-07-11,762211,180752,236787,424895,360994,080732,SUGAR NO. 11 - ICE FUTURES U.S.,13.4399995803833,-0.08383636552083347,63901,1.098614832334943,-56035,-1.1036057695233898,0.0719172809391657,0.09372058657993625,0.06245059175304668,0.04910720399498736,0.25415248235049215
2017-07-18,772209,181255,234730,428288,368094,080732,SUGAR NO. 11 - ICE FUTURES U.S.,14.100000381469728,-0.07795039943849398,60194,-0.4863482683928728,-53475,0.3358650032602521,0.01317583772611636,0.006154068055338534,0.04910720399498736,-0.014184450888547362,0.24437198664348386
2017-07-25,771060,180618,222557,428022,376110,080732,SUGAR NO. 11 - ICE FUTURES U.S.,13.899999618530272,-0.06732549996109252,51912,-1.0725075724318158,-41939,1.4938960825372405,0.010299304094352668,0.03177280337322503,-0.014184450888547362,0.07050363473421939,0.2348791418315751
2017-08-01,762626,174500,200233,417591,391608,080732,SUGAR NO. 11 - ICE FUTURES U.S.,14.880000114440918,-0.034070435573924834,25983,-3.3627733250330714,-25733,2.1017819624931913,0.03204279787790148,0.07589937368739876,0.07050363473421939,-0.07392475625065253,0.22610579306181966
2017-08-08,779185,175586,200938,429472,395983,080732,SUGAR NO. 11 - ICE FUTURES U.S.,13.779999732971191,-0.04297952347645296,33489,0.9842308025165678,-25352,0.04995895760176024,0.01969338122611166,0.0047566688976001525,-0.07392475625065253,-0.04716978455195686,0.21765966813556778
2017-08-15,815068,179189,232991,457367,390528,080732,SUGAR NO. 11 - ICE FUTURES U.S.,13.130000114440918,-0.08200420087649128,66839,4.280113195197546,-53802,-3.6512509866078022,0.039332700393327,0.08650589548255616,-0.04716978455195686,0.028941364137764047,0.2082387828128717
2017-08-22,840614,183907,252539,466482,390726,080732,SUGAR NO. 11 - ICE FUTURES U.S.,13.510000228881836,-0.09011984097338374,75756,1.0940191493225104,-68632,-1.8194800924585433,0.010864340976752434,0.05559908900528358,0.028941364137764047,0.022945926031863628,0.1989767606673012
2017-08-29,835201,181571,246474,465380,403112,080732,SUGAR NO. 11 - ICE FUTURES U.S.,13.81999969482422,-0.07455450843569392,62268,-1.6045414423266802,-64903,0.44360431779627746,0.015530367579666825,0.019626441145206695,0.022945926031863628,0.015195372126210582,0.1898861951303572
2017-09-05,824467,179460,235790,459382,409333,080732,SUGAR NO. 11 - ICE FUTURES U.S.,14.029999732971191,-0.06070467344357021,50049,-1.46300112188563,-56330,1.0264594989709064,0.014065602642984178,0.030812763395544854,0.015195372126210582,-0.0007127067282846067,0.1810901825583631
2017-09-12,801502,176887,216340,447676,409699,080732,SUGAR NO. 11 - ICE FUTURES U.S.,14.020000457763672,-0.04738228975099251,37977,-1.4642187012942909,-39453,2.0470194683353005,0.0140801866161248,0.0560058185221259,-0.0007127067282846067,-0.018544951525865216,0.1729483543930879
2017-09-19,767416,177133,196823,434705,413029,080732,SUGAR NO. 11 - ICE FUTURES U.S.,13.760000228881836,-0.028245436634107186,21676,-2.033806528243223,-19690,2.465745562706019,0.019228909068174687,0.05284846345559371,-0.018544951525865216,-0.039970943429232575,0.16489690120454126
2017-09-26,711181,185260,211447,391804,357418,080732,SUGAR NO. 11 - ICE FUTURES U.S.,13.210000038146973,-0.04835056054647129,34386,1.6562073243195345,-26187,-0.8466073159798597,0.13148572786170187,0.05734963083585619,-0.039970943429232575,0.06283118253665676,0.155609301948996
2017-10-03,683879,180403,227184,371246,318607,080732,SUGAR NO. 11 - ICE FUTURES U.S.,14.039999961853027,-0.07697121859276275,52639,2.56657587871442,-46781,-2.895746652399319,0.08606036358470573,0.05052663603108048,0.06283118253665676,0.009259267435479224,0.14545497715130334
2017-10-10,694059,178157,226229,368551,315170,080732,SUGAR NO. 11 - ICE FUTURES U.S.,14.170000076293944,-0.07691132886397266,53381,0.10849872565176003,-48072,-0.18877608465825094,0.008968570513411172,0.007915704302325006,0.009259267435479224,-0.009880052404302342,0.13499468023827668
2017-10-17,700150,171307,233548,378371,312899,080732,SUGAR NO. 11 - ICE FUTURES U.S.,14.029999732971191,-0.09351139041633935,65472,1.7420709190429058,-62241,-2.041469097007603,0.01749099483559246,0.03499771523137914,-0.009880052404302342,0.017818959711915605,0.12451953518868727
2017-10-24,717017,173476,236343,383003,318423,080732,SUGAR NO. 11 - ICE FUTURES U.S.,14.279999732971191,-0.09006759951298225,64580,-0.1274012711561808,-62867,-0.08940941226879955,0.014479075483372444,0.012112664371344423,0.017818959711915605,0.032212888427783026,0.1144646870932574
2017-10-31,712697,170953,211833,381500,347731,080732,SUGAR NO. 11 - ICE FUTURES U.S.,14.739999771118164,-0.04738198701551992,33769,-4.297108715692934,-40880,3.0664544913161054,0.042251357937333985,0.07062170507803316,0.032212888427783026,-0.0013568184803193217,0.10558553224430713
2017-11-07,711780,170901,206623,384275,349009,080732,SUGAR NO. 11 - ICE FUTURES U.S.,14.720000267028809,-0.04954620809800781,35266,0.21004718695322136,-35722,0.7237297196424287,0.005527190010964374,0.01393818671130842,-0.0013568184803193217,0.025815224697521177,0.09736792867667067
2017-11-14,708272,181273,172908,388190,401427,080732,SUGAR NO. 11 - ICE FUTURES U.S.,15.100000381469728,0.018689147672080783,-13237,-6.814324650875271,8365,6.19390823007109,0.07134218234916422,0.12447590356343226,0.025815224697521177,-0.014569553739799068,0.09046700521568271
2017-11-21,695563,179705,152878,388778,427388,080732,SUGAR NO. 11 - ICE FUTURES U.S.,14.880000114440918,0.055508990558727246,-38610,-3.582380780265209,26827,2.6066257031197053,0.03252892181247442,0.06494018034595875,-0.014569553739799068,0.010752677834782398,0.08485260585865317
2017-11-28,704408,182294,148304,387881,435737,080732,SUGAR NO. 11 - ICE FUTURES U.S.,15.039999961853027,0.06793789962635291,-47856,-1.329282897451417,33990,1.029813259187162,0.011226078109026271,0.021666797742273092,0.010752677834782398,-0.009308533489218673,0.08033486720929729
2017-12-05,707756,179182,142873,385808,435566,080732,SUGAR NO. 11 - ICE FUTURES U.S.,14.899999618530272,0.07030389004120063,-49758,-0.27001396917695425,36309,0.32921261541606567,0.0027320075872866684,0.026526524972442594,-0.009308533489218673,-0.07583887179173376,0.07589840463209592
2017-12-12,759712,172033,205205,419124,383937,080732,SUGAR NO. 11 - ICE FUTURES U.S.,13.770000457763672,-0.046316235626132005,35187,12.00201764449895,-33172,-9.81708385375751,0.10577652258047646,0.18418345977870734,-0.07583887179173376,0.04647780452959971,0.06929651155703655
2017-12-19,787027,170978,226423,441268,381132,080732,SUGAR NO. 11 - ICE FUTURES U.S.,14.40999984741211,-0.07640906855800372,60136,3.2840076239417044,-55445,-2.9317688808390545,0.03033681906614786,0.05604666319410369,0.04647780452959971,0.020124910820530584,0.06252445519791214
2017-12-26,756189,164833,202395,428834,388558,080732,SUGAR NO. 11 - ICE FUTURES U.S.,14.699999809265137,-0.053261816820927045,40276,-2.5234204163262506,-37562,2.2722219186889396,0.024296787832520993,0.0821642140577516,0.020124910820530584,,0.05694062736298861
