,Open_Interest_All,NonComm_Positions_Long_All,NonComm_Positions_Short_All,Comm_Positions_Long_All,Comm_Positions_Short_All,CFTC_Contract_Market_Code,Market_and_Exchange_Names,SI_Close,HP,NetLong_Comm,Q_Comm,NetLong_NonComm,Q_NonComm,PT_Comm,PT_NonComm,Ret,Ret_Lead,HP_Smooth_52w
2003-01-07,95739,45993,7406,15941,79275,084691,SILVER - COMMODITY EXCHANGE INC. ,4.803999900817871,0.6615276950876863,-63334,,38587,,,,,-0.01061617804091386,
2003-01-14,98600,45901,8658,18244,81066,084691,SILVER - COMMODITY EXCHANGE INC. ,4.752999782562256,0.6371399594320487,-62822,0.5347872862678741,37243,-1.4038166264531697,0.04122444869600242,0.02463388258582452,-0.01061617804091386,0.011571703701221736,
2003-01-21,99420,47016,8616,17880,81442,084691,SILVER - COMMODITY EXCHANGE INC. ,4.808000087738037,0.6393281029973849,-63562,-0.7505070993914807,38400,1.17342799188641,0.007450514488230201,0.02079738280126546,0.011571703701221736,0.01185517519550272,
2003-01-28,102214,47139,7167,18122,84903,084691,SILVER - COMMODITY EXCHANGE INC. ,4.864999771118164,0.6533449429628035,-66781,-3.2377791188895597,39972,1.5811707905853951,0.03594273234651783,0.028947077670975582,0.01185517519550272,0.009455294137480363,
2003-02-04,103514,49110,6582,16654,87790,084691,SILVER - COMMODITY EXCHANGE INC. ,4.910999774932861,0.6872113916958092,-71136,-4.2606687929246485,42528,2.500635920715362,0.04169698594462104,0.04589528118939883,0.009455294137480363,-0.07025041865255777,
2003-02-11,95036,36461,7324,20067,76962,084691,SILVER - COMMODITY EXCHANGE INC. ,4.565999984741211,0.5986678732269877,-56895,13.757559363950769,29137,-12.936414398052436,0.14677055313359924,0.3058353317346123,-0.07025041865255777,0.01620671966528242,
2003-02-25,90955,30629,9723,24080,67623,084691,SILVER - COMMODITY EXCHANGE INC. ,4.639999866485596,0.47873124072343465,-43543,14.049412854076351,20906,-8.660928490256325,0.1456004710860059,0.20397997620935765,0.01620671966528242,0.0036638359597915837,
2003-03-04,81825,27509,9499,23871,63249,084691,SILVER - COMMODITY EXCHANGE INC. ,4.6570000648498535,0.48124656278643446,-39378,4.579187510307295,18010,-3.1839920839975813,0.05260560146923783,0.09035884133160398,0.0036638359597915837,0.0045093210553655005,
2003-03-11,81943,28597,6577,22997,66325,084691,SILVER - COMMODITY EXCHANGE INC. ,4.677999973297119,0.5287577950526585,-43328,-4.827375496486404,22020,4.9007027192178425,0.04422202816775263,0.11400466253482686,0.0045093210553655005,-0.04831120851718018,
2003-03-18,83928,27518,14759,24724,57287,084691,SILVER - COMMODITY EXCHANGE INC. ,4.452000141143799,0.3879873224668764,-32563,13.13718072318563,12759,-11.30175853947256,0.13126287936984063,0.21905527828370036,-0.04831120851718018,-0.014824793946267567,
2003-03-25,88189,25093,25714,32131,49159,084691,SILVER - COMMODITY EXCHANGE INC. ,4.386000156402588,0.1930853054235789,-17028,18.50991325898389,-621,-15.94223620245925,0.19110591708697255,0.26334953844942627,-0.014824793946267567,0.01071589823516983,
2003-04-01,89047,25268,28948,32501,48346,084691,SILVER - COMMODITY EXCHANGE INC. ,4.433000087738037,0.17793973968802992,-15845,1.3414371406864802,-3680,-3.4686865708875256,0.01463257758482071,0.06287811716098568,0.01071589823516983,0.009248790562217168,
2003-04-08,90692,27512,28192,30983,50126,084691,SILVER - COMMODITY EXCHANGE INC. ,4.473999977111816,0.21107705200017643,-19143,-3.703662111020023,-680,3.3690073781261582,0.040661332281251156,0.05385609651012495,0.009248790562217168,0.010058130649118757,
2003-04-15,88705,26854,27201,30838,49990,084691,SILVER - COMMODITY EXCHANGE INC. ,4.519000053405762,0.21590665689645455,-19152,-0.009923697790323292,-347,0.3671768182419618,0.0034765180383035583,0.030505966145592454,0.010058130649118757,0.016375277908796226,
2003-04-22,87564,26792,22701,29123,52924,084691,SILVER - COMMODITY EXCHANGE INC. ,4.5929999351501465,0.27181261705723814,-23801,-5.240967251000507,4091,5.003100163463165,0.056662644581764114,0.09217465096074193,0.016375277908796226,-0.009797534711368128,
2003-04-29,81957,24615,15398,29607,57474,084691,SILVER - COMMODITY EXCHANGE INC. ,4.547999858856201,0.3400197664629013,-27867,-4.643460782970171,9217,5.854003928555114,0.05780824749371275,0.23692300002499186,-0.009797534711368128,0.05255064376687968,
2003-05-06,84773,34169,8581,22310,66540,084691,SILVER - COMMODITY EXCHANGE INC. ,4.787000179290772,0.5217463107357295,-44230,-19.965347682321216,25588,19.97510889856876,0.18416432189082724,0.38294736842105265,0.05255064376687968,0.005640265176036552,
2003-05-13,89108,39038,6805,20994,73244,084691,SILVER - COMMODITY EXCHANGE INC. ,4.814000129699707,0.5863671050859631,-52250,-9.460559376216485,32233,7.838580680169393,0.08510367367728518,0.1449512466461619,0.005640265176036552,-0.01038641241955729,
2003-05-20,89363,40340,8176,17944,72581,084691,SILVER - COMMODITY EXCHANGE INC. ,4.763999938964844,0.6114051676868503,-54637,-2.678771827445347,32164,-0.07743412488216546,0.041016293841480256,0.05509522631709127,-0.01038641241955729,-0.030436604278802792,
2003-05-27,82547,36415,6110,16026,67335,084691,SILVER - COMMODITY EXCHANGE INC. ,4.61899995803833,0.6215731643790811,-51309,3.724136387542943,30305,-2.080279310229066,0.08593946809659193,0.14088183421516756,-0.030436604278802792,-0.02489711456221877,
2003-06-03,75912,26998,6250,17737,60060,084691,SILVER - COMMODITY EXCHANGE INC. ,4.504000186920166,0.5575271366845822,-42323,10.885919536748762,20748,-11.577646674016014,0.11550573929585974,0.2874458614051973,-0.02489711456221877,-0.009103100468335845,
2003-06-10,78684,26604,11940,20185,56153,084691,SILVER - COMMODITY EXCHANGE INC. ,4.4629998207092285,0.45711961771135173,-35968,8.371535462114027,14664,-8.014543155232374,0.08324818570043753,0.15784557907845578,-0.009103100468335845,0.03181720906762031,
2003-06-17,79428,27358,13676,19375,53673,084691,SILVER - COMMODITY EXCHANGE INC. ,4.605000019073486,0.4318124590824394,-34298,2.1224137054547305,13682,-1.2480300950637995,0.04503887854561384,0.06068138616756836,0.03181720906762031,-0.020195425573278913,
2003-06-24,83905,27154,17398,24569,52579,084691,SILVER - COMMODITY EXCHANGE INC. ,4.51200008392334,0.3338299267028187,-28010,7.9166037165735,9756,-4.942841315405147,0.08150567739928449,0.08812174537618962,-0.020195425573278913,0.0137410896870227,
2003-07-01,79972,26686,17810,22786,51426,084691,SILVER - COMMODITY EXCHANGE INC. ,4.573999881744385,0.3581253438703546,-28640,-0.75084917466182,8876,-1.0488051963530183,0.039562334932355954,0.019777058612010068,0.0137410896870227,0.035417617726082984,
2003-07-08,81775,31125,10210,19496,60178,084691,SILVER - COMMODITY EXCHANGE INC. ,4.736000061035156,0.49748700703148885,-40682,-15.057770219576852,20915,15.054018906617317,0.15114089916409368,0.29125438490383454,0.035417617726082984,-0.017947642958516807,0.4669529716511986
2003-07-15,87872,38637,8294,19142,67436,084691,SILVER - COMMODITY EXCHANGE INC. ,4.651000022888184,0.5495948652585579,-48294,-9.308468358300214,30343,11.529195964536838,0.08792071888932523,0.20089066928043298,-0.017947642958516807,0.02859597857421292,0.4700137825255452
2003-07-22,89035,39330,9419,20081,67934,084691,SILVER - COMMODITY EXCHANGE INC. ,4.783999919891357,0.5374627955298478,-47853,0.5018663510560816,29911,-0.49162418062636565,0.016326762483667556,0.03729307267841392,0.02859597857421292,0.07901343347179646,0.47242267584712744
2003-07-29,108811,56004,7572,16970,87846,084691,SILVER - COMMODITY EXCHANGE INC. ,5.162000179290772,0.6513679683120273,-70876,-25.858370303813103,48432,20.801931824563376,0.2196515799114639,0.2913206241348937,0.07901343347179646,-0.043781538384512486,0.47859320317350335
2003-08-05,110005,53066,5353,18014,88498,084691,SILVER - COMMODITY EXCHANGE INC. ,4.935999870300293,0.6407345120676333,-70484,0.3602576945345599,47713,-0.6607787815570118,0.015923088478293525,0.08827607456478201,-0.043781538384512486,-0.015802283369955927,0.4839979134699743
2003-08-12,107445,48346,6163,16829,84628,084691,SILVER - COMMODITY EXCHANGE INC. ,4.857999801635742,0.6310112150402531,-67799,2.4407981455388392,42183,-5.027044225262488,0.04982406339631568,0.10145113650956723,-0.015802283369955927,0.027377599685275644,0.4887402780367575
2003-08-19,107708,45072,5482,16208,85525,084691,SILVER - COMMODITY EXCHANGE INC. ,4.991000175476074,0.643564080662532,-69317,-1.4128158592768394,39590,-2.413327749080925,0.014921411931231754,0.07823317640542786,0.027377599685275644,0.0014025183803472174,0.49357852186881296
2003-08-26,103343,46748,4403,18281,85388,084691,SILVER - COMMODITY EXCHANGE INC. ,4.998000144958496,0.6493618338929584,-67107,2.051843874178334,42345,2.5578415716567013,0.021317848151327784,0.053860139586713845,0.0014025183803472174,-0.0020008460567819686,0.4982992282937871
2003-09-02,103311,47810,6073,15559,86690,084691,SILVER - COMMODITY EXCHANGE INC. ,4.98799991607666,0.6885133238474122,-71131,-3.893829286937674,41737,-0.5883320592589726,0.03935490811646079,0.050702447896368054,-0.0020008460567819686,0.051924680376659316,0.5038937605159525
2003-09-09,109498,57490,4680,13170,94925,084691,SILVER - COMMODITY EXCHANGE INC. ,5.247000217437744,0.746634641728616,-81755,-10.2835128882694,52810,10.718122949153527,0.09828391692492715,0.17810841241756475,0.051924680376659316,-0.006479968614355958,0.5108292142648858
2003-09-16,115510,56129,5118,18275,98056,084691,SILVER - COMMODITY EXCHANGE INC. ,5.2129998207092285,0.6906847891957406,-79781,1.802772653381797,51011,-1.6429523826919212,0.07079798162140788,0.02937286724247718,-0.006479968614355958,0.004220278834036639,0.5158252024574095
2003-09-23,114578,54399,5742,17429,95566,084691,SILVER - COMMODITY EXCHANGE INC. ,5.235000133514404,0.6819546509801183,-78137,1.4232533979742013,48657,-2.0379187949095314,0.029523430240276118,0.03914135115811177,0.004220278834036639,-0.01872016181311431,0.5203151875526177
2003-09-30,105542,50958,6033,13885,86031,084691,SILVER - COMMODITY EXCHANGE INC. ,5.13700008392334,0.6835762066286407,-72146,5.228752465569307,44925,-3.2571697882665083,0.13089995596300893,0.06548402379323051,-0.01872016181311431,-0.05100254616372124,0.5246115301598816
2003-10-07,89786,29732,6991,19680,69299,084691,SILVER - COMMODITY EXCHANGE INC. ,4.875,0.5526362684605618,-49619,21.344109454056202,22741,-21.019120350192342,0.2531720967868823,0.6040900797865099,-0.05100254616372124,0.010666676056690694,0.5253301131932323
2003-10-14,86995,28179,9693,20121,63911,084691,SILVER - COMMODITY EXCHANGE INC. ,4.927000045776367,0.503362262198977,-43790,6.492103445971533,18486,-4.739046176464036,0.06936643183549124,0.11235213350232362,0.010666676056690694,0.027603035343824134,0.5247809169183759
2003-10-21,90599,30156,8228,21158,68011,084691,SILVER - COMMODITY EXCHANGE INC. ,5.063000202178955,0.5171469883773552,-46853,-3.5208920052876604,21928,3.956549226967067,0.05760970740952573,0.08967278032513547,0.027603035343824134,0.005727790695714052,0.5245947235393267
2003-10-28,93409,33068,5011,20860,72895,084691,SILVER - COMMODITY EXCHANGE INC. ,5.0920000076293945,0.5570662355875772,-52035,-5.719709930573185,28057,6.764975330853542,0.05527171884166178,0.16095485700779957,0.005727790695714052,-0.0133542497409328,0.5253678547785707
2003-11-04,92256,30227,5156,21167,71040,084691,SILVER - COMMODITY EXCHANGE INC. ,5.02400016784668,0.5405935657301422,-49873,2.3145521309509793,25071,-3.1966941087047287,0.023447243701671238,0.0843908091456349,-0.0133542497409328,0.007762745427811302,0.5257219410797701
2003-11-11,91880,29492,5377,20773,70299,084691,SILVER - COMMODITY EXCHANGE INC. ,5.063000202178955,0.5390291684806269,-49526,0.3761272979535206,24115,-1.036246964967048,0.012462666900913563,0.0274169032665118,0.007762745427811302,0.05925334819631156,0.5260243780661532
2003-11-18,109720,42567,5213,20147,83030,084691,SILVER - COMMODITY EXCHANGE INC. ,5.36299991607666,0.5731224936201239,-62883,-14.537440139312146,37354,14.409011754462341,0.12945714645705922,0.27708246128087066,0.05925334819631156,-0.012120092902781598,0.5270710028562414
2003-11-25,107762,41236,1659,24955,90775,084691,SILVER - COMMODITY EXCHANGE INC. ,5.297999858856201,0.6107904456116257,-65820,-2.6768137076193947,39577,2.0260663507109005,0.10846798582908494,0.11388273691572444,-0.012120092902781598,0.03737258578681413,0.528890990742228
2003-12-02,104077,47798,2656,19115,89094,084691,SILVER - COMMODITY EXCHANGE INC. ,5.495999813079834,0.6723771822785053,-69979,-3.8594309682448356,45142,5.164158052003489,0.06950438503266826,0.14981963768977682,0.03737258578681413,0.025291197330683524,0.5319438884344893
2003-12-09,103100,50808,3595,14714,86392,084691,SILVER - COMMODITY EXCHANGE INC. ,5.635000228881836,0.6952279340446169,-71678,-1.6324452088357657,47213,1.9898728825773224,0.07025300180009099,0.07258790875503189,0.025291197330683524,-0.001064781138946036,0.5353456393847003
2003-12-16,104093,53237,3769,12072,86415,084691,SILVER - COMMODITY EXCHANGE INC. ,5.629000186920166,0.7141978807412602,-74343,-2.5848690591658583,49468,2.187196896217265,0.027059408855991146,0.0456618601550714,-0.001064781138946036,0.06288854200753935,0.5389956851266708
2003-12-30,102784,54889,3364,9077,85682,084691,SILVER - COMMODITY EXCHANGE INC. ,5.982999801635742,0.7453008250311333,-76605,-2.173056785758889,51525,1.9761175103032866,0.03934190947561709,0.03531148610371998,0.06288854200753935,0.05565772925722423,0.5431217879247601
2004-01-06,107665,59543,4042,7628,88694,084691,SILVER - COMMODITY EXCHANGE INC. ,6.315999984741211,0.7529466400408675,-81066,-4.340169676214197,55501,3.8683063511830635,0.04631340711363967,0.08385625540614924,0.05565772925722423,0.04290688871152204,0.5472360007113505
2004-01-13,108724,57364,4752,8085,89485,084691,SILVER - COMMODITY EXCHANGE INC. ,6.586999893188477,0.7486847430190207,-81400,-0.31022152045697304,52612,-2.683323271258069,0.012790816849441427,0.04650975594049842,0.04290688871152204,-0.04129343257607898,0.5511100149864979
2004-01-20,107814,54925,7743,9315,85248,084691,SILVER - COMMODITY EXCHANGE INC. ,6.315000057220459,0.7042962880516445,-75933,5.028328611898017,47182,-4.994297487215334,0.05781330964542157,0.08664709261505074,-0.04129343257607898,0.037213005761687956,0.5519324879281126
2004-01-27,114036,61066,4621,9031,94933,084691,SILVER - COMMODITY EXCHANGE INC. ,6.550000190734863,0.7532884352309797,-85902,-9.24648004897323,56445,8.591648579961786,0.09588896156361817,0.14101724846621097,0.037213005761687956,-0.06549623895612411,0.5541661124627073
2004-02-03,107432,53206,2650,10457,89457,084691,SILVER - COMMODITY EXCHANGE INC. ,6.120999813079834,0.7353488718445156,-79000,6.05247465712582,50556,-5.164158686730507,0.06907940829113038,0.17600615869378403,-0.06549623895612411,0.04313027672993308,0.5560126657097676
2004-02-10,112587,54115,3983,13702,92960,084691,SILVER - COMMODITY EXCHANGE INC. ,6.385000228881836,0.7039711511986286,-79258,-0.24015191004542408,50132,-0.39466825526844884,0.06326526785546868,0.03858996867362043,0.04313027672993308,0.06139384611983778,0.5569862466373796
2004-02-17,119070,57144,3969,14237,98639,084691,SILVER - COMMODITY EXCHANGE INC. ,6.776999950408936,0.708843537414966,-84402,-4.568911153152673,53175,2.7027987245419096,0.055051561004996634,0.04979300639798406,0.06139384611983778,-0.02331414984901581,0.5574022494396711
2004-02-24,118149,56131,2432,10984,94962,084691,SILVER - COMMODITY EXCHANGE INC. ,6.61899995803833,0.7107804551879406,-83978,0.3560930545057529,53699,0.4400772654740909,0.0654106809129179,0.04354285128835613,-0.02331414984901581,0.01374831253747466,0.5595582606312278
2004-03-02,113485,58087,3783,11316,93319,084691,SILVER - COMMODITY EXCHANGE INC. ,6.710000038146973,0.722588888399348,-82003,1.6716180416254052,54304,0.5120652735105672,0.018875137382329047,0.053450783901729436,0.01374831253747466,0.06795824867874889,0.5642478307788417
2004-03-09,116299,63135,4449,9544,96843,084691,SILVER - COMMODITY EXCHANGE INC. ,7.165999889373779,0.7506427398343923,-87299,-4.666696039124113,58686,3.8613032559369076,0.049780518296408394,0.08454663825757576,0.06795824867874889,-0.001534981821830761,0.5694285264913023
2004-03-16,117659,61444,5183,11804,97381,084691,SILVER - COMMODITY EXCHANGE INC. ,7.15500020980835,0.7273306759363924,-85577,1.4806662138109528,56261,-2.085142606557236,0.025626230709346522,0.03639665601032614,-0.001534981821830761,0.0758909473784386,0.5732472357390664
2004-03-23,119976,61720,5373,10670,97561,084691,SILVER - COMMODITY EXCHANGE INC. ,7.697999954223633,0.7242365139694605,-86891,-1.1167866461554152,56347,0.07309258110301804,0.012140699060343155,0.006945582996735874,0.0758909473784386,0.008833442476887221,0.5797135663448854
2004-03-30,119147,59587,3496,10230,95630,084691,SILVER - COMMODITY EXCHANGE INC. ,7.765999794006348,0.7167616473767698,-85400,1.242748549709942,56091,-0.21337600853504035,0.02239750614018515,0.06356704658941395,0.008833442476887221,0.0573011409093751,0.5897842652286005
2004-04-06,120507,57433,5696,11965,94944,084691,SILVER - COMMODITY EXCHANGE INC. ,8.211000442504883,0.6885824060013112,-82979,2.0319437333713815,51737,-3.654309382527466,0.02264542741958114,0.06896988705666175,0.0573011409093751,-0.1547923903042303,0.599604316503856
2004-04-20,110293,46589,3286,14364,89184,084691,SILVER - COMMODITY EXCHANGE INC. ,6.940000057220459,0.6783748741987252,-74820,6.770561046246276,43303,-6.998763557303725,0.07879437555529803,0.2657443609022556,-0.1547923903042303,-0.10230548015749363,0.6085908130845973
2004-04-27,106516,39078,4447,16276,83144,084691,SILVER - COMMODITY EXCHANGE INC. ,6.230000019073486,0.6277742311014308,-66868,7.209886393515454,34631,-7.862693008622487,0.07998390665862,0.19924181504882252,-0.10230548015749363,-0.03097910741441967,0.6165113433577699
2004-05-04,93166,37178,4130,13877,75844,084691,SILVER - COMMODITY EXCHANGE INC. ,6.037000179290772,0.665124616276324,-61967,4.601186676180104,33048,-1.486161703406061,0.10810178219146019,0.053669991284981115,-0.03097910741441967,-0.08663247056377776,0.6240750356504446
2004-05-11,91879,33653,5389,15172,71259,084691,SILVER - COMMODITY EXCHANGE INC. ,5.513999938964844,0.6104441711381273,-56087,6.311315286692571,28264,-5.134920464547153,0.06803114623225463,0.12253470621382101,-0.08663247056377776,0.028835676759402906,0.6292755049711221
2004-05-18,89376,32998,6815,13769,67093,084691,SILVER - COMMODITY EXCHANGE INC. ,5.672999858856201,0.596625492302184,-53324,3.0072160123640876,26183,-2.2649354041728795,0.06887042121144667,0.052269359254514855,0.028835676759402906,0.07139083727916873,0.6307154892320154
2004-05-25,88330,30587,7247,13654,62775,084691,SILVER - COMMODITY EXCHANGE INC. ,6.078000068664551,0.5561077776519868,-49121,4.702604726100967,23340,-3.180943430003581,0.05800154391657617,0.0751440503251044,0.07139083727916873,-0.004606758409570033,0.6301335790890543
2004-06-01,85891,30077,7209,13271,63186,084691,SILVER - COMMODITY EXCHANGE INC. ,6.050000190734863,0.5811435423967587,-49915,-0.8989018453526547,22868,-0.5343597871617798,0.010384922243875643,0.014697205385399346,-0.004606758409570033,-0.04727276739726527,0.6295516247565526
2004-06-08,83809,29672,9397,12943,58450,084691,SILVER - COMMODITY EXCHANGE INC. ,5.763999938964844,0.5429846436540229,-45507,5.132086015997019,20275,-3.0189426133122215,0.07093132379925203,0.06636975607258952,-0.04727276739726527,-0.00555171151781797,0.6280403070503014
2004-06-15,85796,29651,8623,15132,60714,084691,SILVER - COMMODITY EXCHANGE INC. ,5.73199987411499,0.5312835097207329,-45582,-0.0894891956711093,21028,0.8984715245379373,0.058711072436252405,0.02077128076501019,-0.00555171151781797,0.023203053022346598,0.6275356219163813
2004-06-22,90502,29109,8260,16743,62088,084691,SILVER - COMMODITY EXCHANGE INC. ,5.864999771118164,0.5010386510795342,-45345,0.27623665438948203,20849,-0.20863443517180288,0.03786581421014575,0.024217934651716663,0.023203053022346598,-0.0020459688924922004,0.6283802187119233
2004-06-29,90221,30613,5165,18812,68568,084691,SILVER - COMMODITY EXCHANGE INC. ,5.853000164031982,0.5514902295474446,-49756,-4.873925438111865,25448,5.081655654018696,0.09783703364614328,0.12854267985913131,-0.0020459688924922004,0.018964643417793914,0.6306817142977886
2004-07-06,82761,30389,6413,12576,60868,084691,SILVER - COMMODITY EXCHANGE INC. ,5.964000225067139,0.5835115573760588,-48292,1.6226820806685804,23976,-1.631549195863491,0.18975001361581614,0.03999782620509755,0.018964643417793914,0.06941642217836375,0.635483284118428
2004-07-13,87162,36761,2825,10362,68219,084691,SILVER - COMMODITY EXCHANGE INC. ,6.377999782562256,0.6637869713866135,-57857,-11.557376058771645,33936,12.034654003697394,0.12172153574019165,0.25160410246046583,0.06941642217836375,0.034650392299131916,0.6413613923398945
2004-07-20,92456,43271,3272,9777,72715,084691,SILVER - COMMODITY EXCHANGE INC. ,6.598999977111816,0.6807346197109977,-62938,-5.829375186434455,39999,6.956012941419426,0.061593851524996364,0.14947467932879274,0.034650392299131916,-0.05485679494036677,0.6448853848914236
2004-07-27,91991,40184,4728,12793,70304,084691,SILVER - COMMODITY EXCHANGE INC. ,6.236999988555908,0.6251807242012806,-57511,5.869819157220732,35456,-4.913688673531193,0.06530921693923969,0.10115336658354114,-0.05485679494036677,0.07022610277098429,0.6463389591018605
2004-08-03,94715,44765,4256,10658,72797,084691,SILVER - COMMODITY EXCHANGE INC. ,6.675000190734863,0.6560629256189622,-62139,-5.030926938504853,40509,5.492928656064181,0.05545503564795399,0.10307827257705882,0.07022610277098429,0.0058427016056732395,0.6486197308343434
2004-08-10,97251,48019,3675,11239,78543,084691,SILVER - COMMODITY EXCHANGE INC. ,6.714000225067139,0.6920648630862407,-67304,-5.4532017103943415,44344,4.048989072480599,0.07047069568510392,0.0741865593685921,0.0058427016056732395,0.0013404563929451108,0.6494023634261553
2004-08-17,96119,46370,2830,11578,77830,084691,SILVER - COMMODITY EXCHANGE INC. ,6.7230000495910645,0.6892705916624184,-66252,1.0817369487203217,43540,-0.8267267174630595,0.011766284896206156,0.050691056910569104,0.0013404563929451108,-0.0221627497765291,0.6503357495722087
2004-08-24,102711,48506,2074,13122,82511,084691,SILVER - COMMODITY EXCHANGE INC. ,6.573999881744385,0.6755751574806983,-69389,-3.2636627513811,46432,3.008770378385127,0.06509259356080015,0.0571767497034401,-0.0221627497765291,0.029966539435137163,0.6511927484652943
2004-08-31,95230,48118,2547,12778,80316,084691,SILVER - COMMODITY EXCHANGE INC. ,6.770999908447266,0.709209282789037,-67538,1.8021438794286884,45571,-0.8382743815170722,0.027273508496788192,0.01699398006513372,0.029966539435137163,-0.08447792562945888,0.6524551561984964
2004-09-07,87139,38898,4221,12019,69868,084691,SILVER - COMMODITY EXCHANGE INC. ,6.198999881744385,0.6638703680326834,-57849,10.174314816759425,34677,-11.439672372151632,0.1368593305408673,0.25264964400844175,-0.08447792562945888,0.0,0.6527341664704142
2004-09-14,82028,30554,7365,15141,62590,084691,SILVER - COMMODITY EXCHANGE INC. ,6.198999881744385,0.5784488223533427,-47449,11.934954497985977,23189,-13.183534353159896,0.13379475370186927,0.30296157599092804,0.0,0.0237135530907302,0.6506175414416819
2004-09-21,82327,30798,6958,15058,62814,084691,SILVER - COMMODITY EXCHANGE INC. ,6.3460001945495605,0.5800770099724271,-47756,-0.37426244696932753,23840,0.793631442921929,0.003942366961167044,0.017242292615743192,0.0237135530907302,0.038764545467729006,0.6474145100617552
2004-09-28,83896,32046,4831,15111,66557,084691,SILVER - COMMODITY EXCHANGE INC. ,6.5920000076293945,0.6132115953084771,-51446,-4.482126155453253,27215,4.099505629987732,0.04648087378165255,0.09152045990725927,0.038764545467729006,0.07387742536290487,0.6459246409485385
2004-10-05,99518,50369,4088,12655,79946,084691,SILVER - COMMODITY EXCHANGE INC. ,7.078999996185303,0.6761691352318173,-67291,-18.886478497186992,46281,22.725755697530275,0.17111046316994416,0.3501110968286905,0.07387742536290487,-0.006498093493358614,0.6458133810303021
2004-10-12,107869,58594,5141,10961,85103,084691,SILVER - COMMODITY EXCHANGE INC. ,7.0329999923706055,0.6873337103338308,-74142,-6.88418175606423,53453,7.206736469784361,0.07131703864090606,0.1455715070212599,-0.006498093493358614,0.020332735111636024,0.6458856407169404
2004-10-19,111307,60545,5058,11935,87795,084691,SILVER - COMMODITY EXCHANGE INC. ,7.176000118255615,0.6815384477166755,-75860,-1.5926725936089146,55487,1.885620521187737,0.036759249974932316,0.031004679664039754,0.020332735111636024,0.0202062400413896,0.6483645287795579
2004-10-26,116815,62746,6653,13474,90254,084691,SILVER - COMMODITY EXCHANGE INC. ,7.321000099182129,0.6572786029191456,-76780,-0.8265428050347239,56093,0.5444401520120028,0.03854311275643992,0.054698194498479805,0.0202062400413896,-0.042890332665722286,0.6513244584087919
2004-11-02,114494,58504,4172,14859,89215,084691,SILVER - COMMODITY EXCHANGE INC. ,7.006999969482422,0.6494314112529914,-74356,2.075075974831999,54332,-1.5075118777554253,0.023291119780156428,0.10726593911545089,-0.042890332665722286,0.07392609221365132,0.6538683896179388
2004-11-09,123564,64181,6960,14924,92869,084691,SILVER - COMMODITY EXCHANGE INC. ,7.525000095367432,0.6308067074552459,-77945,-3.134662078362185,57221,2.523276328890597,0.03450131270119581,0.11898904991495762,0.07392609221365132,0.008505000516758399,0.6552864756153939
2004-11-16,124272,64251,7074,14310,92973,084691,SILVER - COMMODITY EXCHANGE INC. ,7.589000225067139,0.6329905368868289,-78663,-0.5810753941277395,57177,-0.03560907707746593,0.006692579439426563,0.002579740623904662,0.008505000516758399,-0.0047437410333850405,0.6570633404453302
2004-11-23,121720,69820,4062,11541,98341,084691,SILVER - COMMODITY EXCHANGE INC. ,7.552999973297119,0.7131120604666448,-86800,-6.547734002832496,65758,6.905014806231493,0.07405216504978067,0.11614466311144798,-0.0047437410333850405,0.022507623049776715,0.6604110883681383
2004-11-30,116958,70987,3763,13545,100719,084691,SILVER - COMMODITY EXCHANGE INC. ,7.723000049591064,0.745344482634792,-87174,-0.3072625698324022,67224,1.204403549129149,0.03834978645942729,0.019612040133779263,0.022507623049776715,0.014890556827622303,0.6637230496953435
2004-12-07,125722,73786,3668,18752,109964,084691,SILVER - COMMODITY EXCHANGE INC. ,7.8379998207092285,0.7255054803455242,-91212,-3.452521417944903,70118,2.4743925169719043,0.11227819385313403,0.0373641128928138,0.014890556827622303,-0.14289358397277152,0.6659291080556107
2004-12-14,101771,46556,3331,20074,87036,084691,SILVER - COMMODITY EXCHANGE INC. ,6.7179999351501465,0.6579673973921845,-66962,19.288589109304656,43225,-21.390846470784748,0.22640276351414435,0.5525888508028144,-0.14289358397277152,0.026347134189487198,0.665651996807797
2004-12-21,98426,42217,4553,21338,82233,084691,SILVER - COMMODITY EXCHANGE INC. ,6.894999980926514,0.6186881515046837,-60895,5.961423195212782,37664,-5.464228513034165,0.05857817342692453,0.11890100491768227,0.026347134189487198,0.01899928097520709,0.6641800779127981
2004-12-28,99266,42318,4612,21040,82284,084691,SILVER - COMMODITY EXCHANGE INC. ,7.026000022888184,0.6169685491507666,-61244,-0.35458110661817,37706,0.042671651799321315,0.003377724439626805,0.0034093330492222457,0.01899928097520709,-0.08525476446918445,0.6623102830745194
2005-01-04,96882,43147,4797,18843,77637,084691,SILVER - COMMODITY EXCHANGE INC. ,6.427000045776367,0.6068619557812597,-58794,2.4681159712288196,38350,0.6487619124372898,0.07093698175787728,0.021149674620390455,-0.08525476446918445,0.030496358765538467,0.6596479971274065
2005-01-11,98189,42170,9052,19423,73934,084691,SILVER - COMMODITY EXCHANGE INC. ,6.623000144958496,0.5551640204096182,-54511,4.420841848847052,33118,-5.400383972254908,0.045877652452413854,0.10214361016750614,0.030496358765538467,0.002566770520160633,0.6558444852114209
2005-01-18,98962,42288,9642,20620,74229,084691,SILVER - COMMODITY EXCHANGE INC. ,6.639999866485596,0.541712980740082,-53609,0.9186365071443847,32646,-0.4807055780179042,0.015730266001750152,0.01363373772385904,0.002566770520160633,0.004518103977647847,0.651864259013749
2005-01-25,96891,40809,10583,18862,70949,084691,SILVER - COMMODITY EXCHANGE INC. ,6.670000076293945,0.5375834700849408,-52087,1.5379640670156223,30226,-2.4453830763323294,0.056095578492612264,0.04708904109589041,0.004518103977647847,0.0074962088944212635,0.6486582432836201
2005-02-01,95173,40985,10753,18725,69140,084691,SILVER - COMMODITY EXCHANGE INC. ,6.71999979019165,0.5297195633215303,-50415,1.725650473212166,30232,0.0061925256215747595,0.022147612815114095,0.00668754107232595,0.0074962088944212635,-0.02574402741927273,0.6443588419007461
2005-02-08,95344,39463,11700,19194,66421,084691,SILVER - COMMODITY EXCHANGE INC. ,6.546999931335449,0.49533269004866587,-47227,3.3496895127819863,27763,-2.5942231515240666,0.03723646557262162,0.04825752985555968,-0.02574402741927273,0.1231098581258312,0.6397431460969797
2005-02-15,96899,43664,6690,17551,71976,084691,SILVER - COMMODITY EXCHANGE INC. ,7.353000164031982,0.5616673030681432,-54425,-7.5495049504950495,36974,9.660807182413157,0.08040032615858902,0.18292489176629464,0.1231098581258312,0.022303825741021965,0.6370065336329319
2005-02-22,102103,47471,5157,16025,76305,084691,SILVER - COMMODITY EXCHANGE INC. ,7.517000198364258,0.5903842198564195,-60280,-6.042374018307722,42314,5.5108927852712615,0.0634138416549334,0.10146689974918295,0.022303825741021965,-0.03831317004277768,0.6347284698337291
2005-03-01,99341,47371,4887,14986,77260,084691,SILVER - COMMODITY EXCHANGE INC. ,7.229000091552734,0.6268710804199676,-62274,-1.9529298845283685,42484,0.16649853579228818,0.021616113435812934,0.00708025565463661,-0.03831317004277768,0.03776452621819382,0.6331148280112681
2005-03-08,101960,49415,4676,13903,80350,084691,SILVER - COMMODITY EXCHANGE INC. ,7.501999855041504,0.6516967438211063,-66447,-4.200682497659577,44739,2.269959030007751,0.04427445280256331,0.04168900556469653,0.03776452621819382,-0.016662223729049686,0.6317515175386096
2005-03-15,102305,47955,3510,15054,80962,084691,SILVER - COMMODITY EXCHANGE INC. ,7.376999855041504,0.644230487268462,-65908,0.5286386818360141,44445,-0.2883483719105532,0.01836152307948675,0.0510249684251433,-0.016662223729049686,-0.04161579089232603,0.6297051280661878
2005-03-22,103328,45798,6246,17765,79887,084691,SILVER - COMMODITY EXCHANGE INC. ,7.070000171661377,0.6012116754413132,-62122,3.7006988905723084,39552,-4.782757440985289,0.03877032728464343,0.09401660133732995,-0.04161579089232603,-0.00820368972132679,0.6272797626720517
2005-03-29,96568,37645,4674,19560,74972,084691,SILVER - COMMODITY EXCHANGE INC. ,7.01200008392334,0.5738132714770938,-55412,6.493883555280272,32971,-6.3690384019820385,0.07098125502475353,0.2298022164984995,-0.00820368972132679,0.003850534809724193,0.624387008008737
2005-04-05,98663,39261,4663,22778,78411,084691,SILVER - COMMODITY EXCHANGE INC. ,7.039000034332275,0.5638689275614972,-55633,-0.22885427885013668,34598,1.6848231298152598,0.06578778325707339,0.03704125307349058,0.003850534809724193,0.01591134934076366,0.6214467633969049
2005-04-12,102168,40952,4268,22874,80126,084691,SILVER - COMMODITY EXCHANGE INC. ,7.151000022888184,0.5603711533944092,-57252,-1.6409393592329444,36684,2.114267759950539,0.01758252427184466,0.04613003095975232,0.01591134934076366,0.013284825882755591,0.6189811623852337
2005-04-19,104305,40909,3273,25083,83367,084691,SILVER - COMMODITY EXCHANGE INC. ,7.245999813079834,0.5587843344039116,-58284,-1.0101010101010102,37636,0.9317986062172108,0.05025357307514984,0.023493730478475396,0.013284825882755591,0.0006900516933345813,0.6166813443122565
2005-04-26,111987,44601,4236,23703,86601,084691,SILVER - COMMODITY EXCHANGE INC. ,7.250999927520752,0.5616544777518819,-62898,-4.423565505009348,40365,2.616365466660275,0.041829852045256743,0.09531707516841739,0.0006900516933345813,-0.05516481855823141,0.6154098105939959
2005-05-03,105261,37887,18029,29004,71697,084691,SILVER - COMMODITY EXCHANGE INC. ,6.85099983215332,0.40559181463219995,-42693,18.04227276380294,19858,-18.311946922410637,0.20064348914112073,0.3667465483940196,-0.05516481855823141,0.036345070585264594,0.6104187951777628
2005-05-10,104114,37632,15121,27294,70479,084691,SILVER - COMMODITY EXCHANGE INC. ,7.099999904632568,0.4147857156578366,-43185,-0.46740958189642884,22511,2.5204016682341988,0.029946917860759106,0.05995867533599985,0.036345070585264594,-0.010563353559512212,0.6066561325723725
2005-05-17,102869,38777,14087,26752,70520,084691,SILVER - COMMODITY EXCHANGE INC. ,7.025000095367432,0.42547317462014794,-43768,-0.5599631173521332,24690,2.0928981693144055,0.005993502755160786,0.04121897699757869,-0.010563353559512212,-0.005266929364907913,0.6033647418477179
2005-05-24,105219,38526,13572,28656,72860,084691,SILVER - COMMODITY EXCHANGE INC. ,6.98799991607666,0.4201142379228086,-44204,-0.42384002955214883,24954,0.25663708211414515,0.04180621773907561,0.014703059618411455,-0.005266929364907913,0.06525470187509996,0.6007494814683108
2005-05-31,113358,52757,9956,22521,85737,084691,SILVER - COMMODITY EXCHANGE INC. ,7.443999767303467,0.5576668607420738,-63216,-18.068979937083608,42801,16.961765460610724,0.17561750632747694,0.28458214405306714,0.06525470187509996,-0.0020150278015160783,0.6002980068211052
2005-06-07,121857,64948,7479,17790,94662,084691,SILVER - COMMODITY EXCHANGE INC. ,7.428999900817871,0.6308377852729018,-76872,-12.04678981633409,57469,12.939536689073556,0.12143848041831182,0.20252115923619646,-0.0020150278015160783,-0.02153719875463922,0.601987490313776
2005-06-14,128442,59725,5778,24633,98583,084691,SILVER - COMMODITY EXCHANGE INC. ,7.269000053405762,0.5757462512262345,-73950,2.3978926118319013,53947,-2.890273024939068,0.08735878457343202,0.10570508220997511,-0.02153719875463922,0.0024762863877785257,0.6028425430350356
2005-06-21,130474,57072,5781,25676,98147,084691,SILVER - COMMODITY EXCHANGE INC. ,7.2870001792907715,0.5554439965050508,-72471,1.151492502452469,51291,-2.067859422930194,0.01194446912124565,0.042257330596789336,0.0024762863877785257,-0.026211058054317338,0.603888799677834
2005-06-28,124362,52982,6335,27220,95868,084691,SILVER - COMMODITY EXCHANGE INC. ,7.0960001945495605,0.5520014152232997,-68648,2.9300856875699375,46647,-3.5593298281649983,0.031059079682828547,0.07829121499738692,-0.026211058054317338,-0.0374859446942829,0.6038986301716005
2005-07-05,122624,42886,18329,35021,81531,084691,SILVER - COMMODITY EXCHANGE INC. ,6.829999923706055,0.3792895354906054,-46510,17.801257618886797,24557,-17.762660619803476,0.18994097055391584,0.3608592665196439,-0.0374859446942829,0.03191799964645625,0.5999712835968802
2005-07-12,123279,41751,18891,37284,80816,084691,SILVER - COMMODITY EXCHANGE INC. ,7.047999858856201,0.35311772483553566,-43532,2.428562108559499,22860,-1.3839052713987474,0.025215918712955122,0.0279839055440124,0.03191799964645625,-0.013337097694856248,0.5939968750093596
2005-07-19,128213,43198,21296,38382,80908,084691,SILVER - COMMODITY EXCHANGE INC. ,6.953999996185303,0.3316824346985095,-42526,0.8160351722515594,21902,-0.7770991004145069,0.009975689496185765,0.059726486184761375,-0.013337097694856248,0.005608287942719281,0.5872843329898886
2005-07-26,123485,41302,19384,36453,78904,084691,SILVER - COMMODITY EXCHANGE INC. ,6.993000030517578,0.3437745475158926,-42451,0.05849640832052912,21918,0.012479233775046212,0.03409415986892863,0.06274923376066968,0.005608287942719281,0.035035018517074024,0.5818726757459388
2005-08-02,122020,43043,9640,32724,87071,084691,SILVER - COMMODITY EXCHANGE INC. ,7.23799991607666,0.4453941976725127,-54347,-9.633558731829776,33403,9.300724784386768,0.09930297591719187,0.21800201203424255,0.035035018517074024,-0.030671473424200735,0.577821354054661
2005-08-09,123818,41925,12687,35010,85551,084691,SILVER - COMMODITY EXCHANGE INC. ,7.015999794006348,0.4081878240643525,-50541,3.119160793312572,29238,-3.4133748565808886,0.03156908121200056,0.07626528967992383,-0.030671473424200735,0.0024230614115441362,0.5723621802273169
2005-08-16,121306,40199,15861,34168,81025,084691,SILVER - COMMODITY EXCHANGE INC. ,7.0329999923706055,0.38627108304618074,-46857,2.9753347655429745,24338,-3.9574213765365296,0.04660005382271492,0.08740635033892258,0.0024230614115441362,-0.010095279291788661,0.5665352666000816
2005-08-23,116131,40167,15490,29796,76470,084691,SILVER - COMMODITY EXCHANGE INC. ,6.961999893188477,0.4019081898890047,-46674,0.1508581603548052,24677,0.27945855934578673,0.08400617318803756,0.0072407783387534366,-0.010095279291788661,-0.038925583539926256,0.5612724403002413
2005-08-30,120303,43817,32167,35083,67188,084691,SILVER - COMMODITY EXCHANGE INC. ,6.690999984741211,0.2668678254075127,-32105,12.54531520438126,11650,-11.217504370064841,0.14245485034858366,0.26751684565171613,-0.038925583539926256,0.05081454989736356,0.552765873812135
2005-09-06,112175,39225,24659,33429,68541,084691,SILVER - COMMODITY EXCHANGE INC. ,7.031000137329102,0.3130109204368175,-35112,-2.499522040181874,14566,2.423879703748036,0.02948906541139551,0.18940579800889112,0.05081454989736356,-0.012516042643659464,0.5460185767429838
2005-09-13,115435,42004,26495,34098,69382,084691,SILVER - COMMODITY EXCHANGE INC. ,6.942999839782715,0.3056611946116862,-35284,-0.15333184755961668,15509,0.8406507688878984,0.01459219172787012,0.06737324632476387,-0.012516042643659464,0.05357917701599524,0.5407726608248751
2005-09-20,117718,49008,15548,27885,81784,084691,SILVER - COMMODITY EXCHANGE INC. ,7.315000057220459,0.4578654071594828,-53899,-16.125958331528565,33460,15.550742842292198,0.16973802988994155,0.27806865357209243,0.05357917701599524,-0.0060150578850319825,0.5384224376938569
2005-09-27,118954,50616,13317,25821,84503,084691,SILVER - COMMODITY EXCHANGE INC. ,7.270999908447266,0.49331674428770783,-58682,-4.06309995072971,37299,3.2611835063456738,0.04335412059026141,0.06004723695118327,-0.0060150578850319825,0.01430340982839362,0.5361167674819189
2005-10-04,125742,55195,12413,26807,90271,084691,SILVER - COMMODITY EXCHANGE INC. ,7.375,0.5047160057896327,-63464,-4.0200413605259175,42782,4.609344788741867,0.057688037035138966,0.08109986983788901,0.01430340982839362,0.06101692329018804,0.5328195919157231
2005-10-11,134435,62883,11516,26038,96634,084691,SILVER - COMMODITY EXCHANGE INC. ,7.824999809265137,0.5251311042511251,-70596,-5.6719314151198486,51367,6.827472125463251,0.05813877657493152,0.11539133590505249,0.06101692329018804,-0.004728396594949946,0.5297003110295173
2005-10-18,142530,66282,12036,26591,99784,084691,SILVER - COMMODITY EXCHANGE INC. ,7.788000106811523,0.5135269767768189,-73193,-1.9317885967196042,54246,2.1415553985197304,0.029301681503461918,0.050039582216093365,-0.004728396594949946,-0.00012839336248560151,0.5264693212037508
2005-10-25,138960,66256,12135,25901,101417,084691,SILVER - COMMODITY EXCHANGE INC. ,7.7870001792907715,0.5434369602763385,-75516,-1.6298323160036483,54121,-0.08770083491194836,0.018245652617854505,0.0015945708053220395,-0.00012839336248560151,-0.044304643519377795,0.5242800588452352
2005-11-01,137967,60685,9137,28578,100970,084691,SILVER - COMMODITY EXCHANGE INC. ,7.441999912261963,0.5247051831235006,-72392,2.2481289579735173,51548,-1.8516119746689694,0.024114613888288512,0.12272636131878205,-0.044304643519377795,0.021365213889532386,0.5218814775350528
2005-11-08,143966,62257,11181,31933,103861,084691,SILVER - COMMODITY EXCHANGE INC. ,7.60099983215332,0.49961796535293057,-71928,0.33631230656606287,51076,-0.34211079461030536,0.04599614121389752,0.049238813693183364,0.021365213889532386,0.02223393665374096,0.5193586171100082
2005-11-15,150342,65215,13493,32637,105122,084691,SILVER - COMMODITY EXCHANGE INC. ,7.769999980926514,0.48213406765907063,-72485,-0.38689690621396716,51722,0.44871705819429586,0.01426404082491888,0.06695634497128627,0.02223393665374096,0.05083654850658226,0.5164575311633205
2005-11-22,149698,73548,12988,29449,107773,084691,SILVER - COMMODITY EXCHANGE INC. ,8.164999961853027,0.5232134029846758,-78324,-3.8838115762727643,60560,5.878596799297601,0.04255148591333751,0.10213090505685495,0.05083654850658226,0.016044037444769454,0.512805633904052
2005-11-29,145136,75230,12079,30527,112758,084691,SILVER - COMMODITY EXCHANGE INC. ,8.295999526977539,0.5665789328629699,-82231,-2.609921308233911,63151,1.730818047001296,0.04231426876504868,0.029676207492927417,0.016044037444769454,0.047733954279268964,0.5093678348699785
2005-12-06,141571,79031,12301,23195,110390,084691,SILVER - COMMODITY EXCHANGE INC. ,8.692000389099121,0.6159100380727691,-87195,-3.420240326314629,66730,2.465962958879947,0.07261294306995546,0.044048088293259756,0.047733954279268964,-0.02243449606181458,0.5072602302108871
2005-12-13,137249,72934,10147,24426,107171,084691,SILVER - COMMODITY EXCHANGE INC. ,8.496999740600586,0.6028823525125866,-82745,3.1432991219953235,62787,-2.785174929893834,0.033815360532534935,0.09931271891286816,-0.02243449606181458,-0.02177232806756646,0.5062009024247409
2005-12-20,133600,68903,7927,26152,108822,084691,SILVER - COMMODITY EXCHANGE INC. ,8.312000274658203,0.6187874251497006,-82670,0.05464520688675328,60976,-1.3194995956254691,0.025019633410879132,0.08136144735129507,-0.02177232806756646,0.05173235530470999,0.5062028115332988
2005-12-27,135028,69081,7888,26004,109584,084691,SILVER - COMMODITY EXCHANGE INC. ,8.741999626159668,0.6189827295079539,-83580,-0.6811377245508982,61193,0.1624251497005988,0.006711508393073134,0.0028193168678299057,0.05173235530470999,0.03946468563055361,0.5062415457709372
2006-01-03,131555,66488,7108,25456,108045,084691,SILVER - COMMODITY EXCHANGE INC. ,9.086999893188477,0.6277906578997378,-82589,0.7339218532452528,59380,-1.3426844802559468,0.015632841701560287,0.04583129517908582,0.03946468563055361,-0.01430616440728305,0.5066440208116771
2006-01-10,130725,64551,5580,24497,106949,084691,SILVER - COMMODITY EXCHANGE INC. ,8.956999778747559,0.630728628800918,-82452,0.10413895328949868,58971,-0.3108965831781384,0.015633796387870304,0.049407537323009794,-0.01430616440728305,0.007033680983848711,0.5080971863576635
2006-01-17,131701,64299,5452,23658,107107,084691,SILVER - COMMODITY EXCHANGE INC. ,9.020000457763672,0.6336246497748689,-83449,-0.7626697265251482,58847,-0.0948556129279021,0.007624364317669101,0.00544795056701696,0.007033680983848711,0.018070858632486253,0.5098647184544864
2006-01-24,131185,66946,7114,21056,102171,084691,SILVER - COMMODITY EXCHANGE INC. ,9.18299961090088,0.6183252658459427,-81115,1.7721961108875406,59832,0.7479062421697633,0.061171658808540336,0.05818255468539022,0.018070858632486253,0.07263430238819457,0.5114174452960442
2006-01-31,133259,66502,10246,19688,98383,084691,SILVER - COMMODITY EXCHANGE INC. ,9.850000381469728,0.5905417270128096,-78695,1.844723100964287,56256,-2.725921408697641,0.04366864005555979,0.04659404805336947,0.07263430238819457,-0.04771576130220223,0.5125871022901072
2006-02-07,130754,62794,10006,19361,95241,084691,SILVER - COMMODITY EXCHANGE INC. ,9.380000114440918,0.5803264144882757,-75880,2.112427678430725,52788,-2.602450866357995,0.030269977836337936,0.05423076923076923,-0.04771576130220223,-0.008848633485375568,0.514221596990869
2006-02-14,127737,59275,8687,21658,94525,084691,SILVER - COMMODITY EXCHANGE INC. ,9.29699993133545,0.5704455247892153,-72867,2.3043272098750323,50588,-1.6825489086375944,0.0259332260313471,0.07118683970454077,-0.008848633485375568,0.025707252038264627,0.5143904089470434
2006-02-21,132532,59943,8096,22009,95930,084691,SILVER - COMMODITY EXCHANGE INC. ,9.53600025177002,0.5577596354088069,-73921,-0.8251328902354055,51847,0.985618888810603,0.01488905281543849,0.0185040932406414,0.025707252038264627,0.01929530310411187,0.5137630130922817
2006-02-28,127839,56871,12249,23583,88793,084691,SILVER - COMMODITY EXCHANGE INC. ,9.720000267028809,0.5100947285257238,-65210,6.572752240968219,44622,-5.451513596716265,0.07751655157684915,0.10452835648148148,0.01929530310411187,0.03240736334666683,0.5115173140173923
2006-03-07,132341,61688,9732,22142,96007,084691,SILVER - COMMODITY EXCHANGE INC. ,10.03499984741211,0.5581414678746571,-73865,-6.770234435500903,51956,5.736903448869281,0.07325495772287535,0.10268832259871184,0.03240736334666683,0.014648760841095898,0.5097181740953453
2006-03-14,127834,59251,8062,21128,94462,084691,SILVER - COMMODITY EXCHANGE INC. ,10.182000160217283,0.5736658478964908,-73334,0.401236200421638,51189,-0.5795634006090327,0.022138593303919023,0.06101347436602142,0.014648760841095898,0.03280294917830151,0.5083611617997305
2006-03-21,132347,62687,8786,19905,95536,084691,SILVER - COMMODITY EXCHANGE INC. ,10.515999794006348,0.5714598744210295,-75631,-1.7968615548289188,53901,2.1215013220270036,0.01989761003456311,0.05820379723811789,0.03280294917830151,0.02947892979166733,0.5077890117801096
2006-03-28,134579,63054,10691,20856,95008,084691,SILVER - COMMODITY EXCHANGE INC. ,10.826000213623049,0.5509923539333774,-74152,1.117516830755514,52363,-1.162096609670034,0.012764965821998205,0.030808868397857483,0.02947892979166733,0.07962308282924657,0.5073501479811919
2006-04-04,140419,62676,10830,21029,97020,084691,SILVER - COMMODITY EXCHANGE INC. ,11.687999725341797,0.5411732030565665,-75991,-1.3664836267173928,51846,-0.3841609760809636,0.018509263102609932,0.007033439447119963,0.07962308282924657,0.0757187071935832,0.5069136917407125
2006-04-11,141906,60028,13889,22847,94633,084691,SILVER - COMMODITY EXCHANGE INC. ,12.572999954223633,0.5058700830126985,-71786,2.9946089916606726,46139,-4.064264807469075,0.0357933265236636,0.07720822003057483,0.0757187071935832,0.09440867565258015,0.5058655942333719
2006-04-18,140408,56968,14792,20866,90823,084691,SILVER - COMMODITY EXCHANGE INC. ,13.760000228881836,0.4982408409777221,-69957,1.2888813721759473,42176,-2.792693755020929,0.051849331626212074,0.0552257525083612,0.09440867565258015,-0.08757266741731562,0.5047012962828682
2006-04-25,127250,43242,7187,24842,84940,084691,SILVER - COMMODITY EXCHANGE INC. ,12.55500030517578,0.47228290766208253,-60098,7.021679676371717,36055,-4.35943820864908,0.08980525040534879,0.42299073945547205,-0.08757266741731562,0.12385498317036436,0.5029826122426798
2006-05-02,112421,41659,10448,20888,75446,084691,SILVER - COMMODITY EXCHANGE INC. ,14.109999656677246,0.4853007889984967,-54558,4.3536345776031435,31211,-3.8066797642436154,0.13959764984325368,0.09296255781372945,0.12385498317036436,0.018710130785858148,0.5045154771343394
2006-05-09,110968,38664,8838,21432,73721,084691,SILVER - COMMODITY EXCHANGE INC. ,14.37399959564209,0.47120791579554466,-52289,2.0183061883455937,29826,-1.2319762321986105,0.023845806227864596,0.09694328659845901,0.018710130785858148,-0.06414358962518552,0.50560051944468
2006-05-16,110184,35419,9349,21968,70788,084691,SILVER - COMMODITY EXCHANGE INC. ,13.45199966430664,0.4430770347781892,-48820,3.1261264508687185,26070,-3.384759570326581,0.037399197895553925,0.08389921372408864,-0.06414358962518552,-0.026167060037245116,0.5059390552169499
2006-05-23,110443,34795,8554,23353,71231,084691,SILVER - COMMODITY EXCHANGE INC. ,13.100000381469728,0.4335086877393769,-47878,0.8549335656719668,26241,0.1551949466347201,0.019326736023006004,0.0327343191307758,-0.026167060037245116,-0.0066412858266675645,0.5061966407903454
2006-05-30,109388,35169,8797,19930,68855,084691,SILVER - COMMODITY EXCHANGE INC. ,13.012999534606934,0.4472611255347936,-48925,-0.9480003259599974,26372,0.11861322129967494,0.06531508700794053,0.014033571396078788,-0.0066412858266675645,-0.0928301907810406,0.5040734535748208
2006-06-06,112351,32662,9728,24724,68330,084691,SILVER - COMMODITY EXCHANGE INC. ,11.80500030517578,0.3881229361554414,-43606,4.862507770504991,22934,-3.1429407247595713,0.05716035850151525,0.081104033970276,-0.0928301907810406,-0.18720880821815988,0.499405860322562
2006-06-13,112993,33080,8612,25567,69445,084691,SILVER - COMMODITY EXCHANGE INC. ,9.595000267028809,0.3883249404830388,-43878,-0.24209842369004284,24468,1.3653639041931092,0.020607923209699827,0.03679362947328024,-0.18720880821815988,0.06826469147916114,0.4958016043467313
2006-06-20,112485,32276,9803,27978,68486,084691,SILVER - COMMODITY EXCHANGE INC. ,10.25,0.3601191269947104,-40508,2.9824856407034064,22473,-1.7655960988733814,0.03493531265549842,0.04741082250053471,0.06826469147916114,-0.006341422476419556,0.49204535685614786
2006-06-27,109024,30746,10906,31229,69199,084691,SILVER - COMMODITY EXCHANGE INC. ,10.1850004196167,0.3482719401232756,-37970,2.256300840112015,19840,-2.3407565453171535,0.03947106384673597,0.06321425141649861,-0.006341422476419556,0.12616591011004297,0.4881274823349935
2006-07-11,99551,31855,7464,23466,65328,084691,SILVER - COMMODITY EXCHANGE INC. ,11.470000267028809,0.4205080812849695,-41862,-3.56985617845612,24391,4.174310243616085,0.13102236637610648,0.11574556830031282,0.12616591011004297,-0.08849174539606863,0.4889201466771929
2006-07-18,99954,31264,8077,23009,63733,084691,SILVER - COMMODITY EXCHANGE INC. ,10.454999923706056,0.40742741661164134,-40724,1.1431326656688532,23187,-1.2094303422366426,0.023656360240713842,0.03060420426527033,-0.08849174539606863,0.042085178122282185,0.4899645638267333
2006-07-25,97539,31142,7320,20804,62454,084691,SILVER - COMMODITY EXCHANGE INC. ,10.895000457763672,0.42700868370600475,-41650,-0.9264261560317746,23822,0.6352922344278369,0.04184582862908069,0.022853725755290936,0.042085178122282185,0.07342810495161345,0.49179776092303135
2006-08-01,98685,32228,7889,18452,62793,084691,SILVER - COMMODITY EXCHANGE INC. ,11.69499969482422,0.44931853878502304,-44341,-2.7588964414234307,24339,0.5300443924994105,0.033122038279278725,0.04125433108158636,0.07342810495161345,0.04489102914957188,0.49382745306282233
2006-08-08,108463,37564,8994,18336,66232,084691,SILVER - COMMODITY EXCHANGE INC. ,12.220000267028809,0.44158837575947557,-47896,-3.6023711810305517,28570,4.2873790343010585,0.042037177182858765,0.13834357145925513,0.04489102914957188,-0.013420663468553862,0.4937542641798793
2006-08-15,111358,36719,8978,21360,68455,084691,SILVER - COMMODITY EXCHANGE INC. ,12.055999755859377,0.42291528224285635,-47095,0.7385006868701769,27741,-0.7643159418419185,0.058420085731782,0.018841499441976498,-0.013420663468553862,0.015676852482337633,0.4940374845294659
2006-08-22,114877,38914,9361,22594,71848,084691,SILVER - COMMODITY EXCHANGE INC. ,12.244999885559082,0.4287542327881125,-49254,-1.9387920041667415,29553,1.6271843962714847,0.048993032760847925,0.05340238218539617,0.015676852482337633,-0.008411571103099424,0.49485446817834916
2006-08-29,112346,38861,9400,21262,70022,084691,SILVER - COMMODITY EXCHANGE INC. ,12.142000198364258,0.43401634237088993,-48760,0.43002515734220076,29461,-0.08008565683296047,0.03459532886376583,0.0019063011541410248,-0.008411571103099424,0.07107559726386126,0.4954719326491547
2006-09-05,108132,40920,11100,19816,70364,084691,SILVER - COMMODITY EXCHANGE INC. ,13.005000114440918,0.4674656900824918,-50548,-1.5915119363395225,29820,0.31954853755362894,0.0198270126413839,0.07226066897347175,0.07107559726386126,-0.15224917174064678,0.49932958389290427
2006-09-12,101450,32926,10553,24162,64270,084691,SILVER - COMMODITY EXCHANGE INC. ,11.024999618530272,0.3953474618038443,-40108,9.654866274553324,22373,-6.886952983390671,0.11805681201375068,0.19643966052577105,-0.15224917174064678,-0.017687047761568153,0.5009129789191933
2006-09-19,100314,29367,10286,26450,62338,084691,SILVER - COMMODITY EXCHANGE INC. ,10.829999923706056,0.35775664413740854,-35888,4.159684573681616,19081,-3.24494825036964,0.047528945352975624,0.09648702494136635,-0.017687047761568153,0.05216994811060638,0.5019148144869956
2006-09-26,100272,28267,9800,27140,62995,084691,SILVER - COMMODITY EXCHANGE INC. ,11.395000457763672,0.3575773895005585,-35855,0.0328967043483462,18467,-0.6120780748449868,0.014944250291229822,0.04166338298263588,0.05216994811060638,-0.03861347225816325,0.4999861987627855
2006-10-03,98967,27302,8089,26222,62108,084691,SILVER - COMMODITY EXCHANGE INC. ,10.954999923706056,0.3626057170572009,-35886,-0.030915908728259136,19213,0.7439763842348812,0.020434733386165516,0.07561244384165466,-0.03861347225816325,0.01643088146319993,0.49747252516219886
2006-10-10,100304,27850,8370,27313,63119,084691,SILVER - COMMODITY EXCHANGE INC. ,11.135000228881836,0.3569747966182804,-35806,0.08083502581668638,19480,0.2697868986631908,0.023243984430290163,0.02288790723357261,0.01643088146319993,0.050561267514076524,0.4946313480627497
2006-10-17,106890,31433,9026,26641,66698,084691,SILVER - COMMODITY EXCHANGE INC. ,11.697999954223633,0.37474974272616707,-40057,-4.238116126973999,22407,2.918128888179933,0.045543663420435185,0.10477273289008626,0.050561267514076524,0.007009726369331393,0.49173939880265444
2006-10-24,109100,34851,8496,25365,68469,084691,SILVER - COMMODITY EXCHANGE INC. ,11.779999732971191,0.39508707607699356,-43104,-2.850594068668725,26355,3.693516699410609,0.03247223820789905,0.09107896740258842,0.007009726369331393,0.036672340408306914,0.4894617084045809
2006-10-31,110237,36672,8570,23248,69930,084691,SILVER - COMMODITY EXCHANGE INC. ,12.211999893188477,0.4234694340375736,-46682,-3.2795600366636113,28102,1.6012832263978,0.03839962222842302,0.041885858273285885,0.036672340408306914,0.034064884527469586,0.4871546405922969
2006-11-07,113697,38784,8467,23035,72927,084691,SILVER - COMMODITY EXCHANGE INC. ,12.628000259399414,0.43881544807690614,-49892,-2.9119079800792838,30317,2.009307219898945,0.03345074091828015,0.04687731476582506,0.034064884527469586,0.018451045046686154,0.4855029149183239
2006-11-14,117486,43634,8540,25283,79548,084691,SILVER - COMMODITY EXCHANGE INC. ,12.861000061035156,0.46188482031901673,-54265,-3.8461876742570165,35094,4.201518069957871,0.08460283694708626,0.0943573427377621,0.018451045046686154,0.016406149430776562,0.48477727751382554
2006-11-21,116375,44371,6905,23322,80486,084691,SILVER - COMMODITY EXCHANGE INC. ,13.071999549865724,0.49120515574650914,-57164,-2.46752804589483,37466,2.018963961663517,0.027926556720098642,0.0462594586161167,0.016406149430776562,0.04192169175059268,0.48495172151550714
2006-11-28,109864,46095,7051,21989,80386,084691,SILVER - COMMODITY EXCHANGE INC. ,13.619999885559082,0.5315389936648948,-58397,-1.0595059076262083,39044,1.3559613319011814,0.013997557997557997,0.03518609114514733,0.04192169175059268,0.01651985193540928,0.48511182902858824
2006-12-05,106839,49012,7352,21287,82054,084691,SILVER - COMMODITY EXCHANGE INC. ,13.845000267028809,0.56877170321699,-60767,-2.1572125537027595,41660,2.381125755479502,0.022933782332278572,0.057093180043999714,0.01651985193540928,-0.002311342800275673,0.48515399768924244
2006-12-12,110084,51968,8364,21075,84037,084691,SILVER - COMMODITY EXCHANGE INC. ,13.812999725341797,0.5719450601358962,-62962,-2.0544932094085495,43604,1.819560272934041,0.02088248725169343,0.06576940926871312,-0.002311342800275673,-0.08998769675185947,0.4843085173443026
2006-12-19,103358,43218,6432,23977,78315,084691,SILVER - COMMODITY EXCHANGE INC. ,12.56999969482422,0.5257261169914279,-54338,7.834017659242034,36786,-6.193452272809854,0.08430766824385094,0.2151460221550856,-0.08998769675185947,0.0026252977861400684,0.48282474358428035
2006-12-26,101141,41044,6541,24528,75759,084691,SILVER - COMMODITY EXCHANGE INC. ,12.602999687194824,0.506530487141713,-51231,3.006056618742623,34503,-2.2088275701929216,0.030981084288093173,0.04797730377219712,0.0026252977861400684,-0.008331313563628151,0.48066595631489595
2007-01-09,101420,40894,7262,23402,72775,084691,SILVER - COMMODITY EXCHANGE INC. ,12.498000144958496,0.486817195819365,-49373,1.8370393806665941,33632,-0.8611740046074292,0.04273370972269878,0.018087050419470056,-0.008331313563628151,0.003360522996270987,0.47812431143626927
2007-01-16,101830,39984,7212,22897,72820,084691,SILVER - COMMODITY EXCHANGE INC. ,12.539999961853027,0.49025827359324364,-49923,-0.5422993492407809,32772,-0.847958982449221,0.005746105707450087,0.020340706839562676,0.003360522996270987,0.051435443359312494,0.4754794578919136
2007-01-23,108484,43051,7398,23868,78117,084691,SILVER - COMMODITY EXCHANGE INC. ,13.1850004196167,0.5000645256443347,-54249,-4.248256898752823,35653,2.829225179220269,0.06146001863019072,0.06448096097048504,0.051435443359312494,0.010163050455770817,0.47296668667736397
2007-01-30,112320,47120,8123,23938,82394,084691,SILVER - COMMODITY EXCHANGE INC. ,13.319000244140623,0.5204415954415954,-58456,-3.8779912245123707,38997,3.082482209358062,0.04088139036226159,0.08678022554893833,0.010163050455770817,0.023350091193001576,0.4707900894786471
2007-02-06,116607,49943,8816,24398,85387,084691,SILVER - COMMODITY EXCHANGE INC. ,13.630000114440918,0.523030349807473,-60989,-2.2551638176638176,41127,1.8963675213675213,0.03145238420549255,0.059837641893156795,0.023350091193001576,0.018415219998249466,0.4689574949394458
2007-02-13,123596,53943,10381,25753,89360,084691,SILVER - COMMODITY EXCHANGE INC. ,13.880999565124512,0.5146363959998705,-63607,-2.245148232953425,43562,2.0882108278233726,0.046284954783560504,0.0865151420931534,0.018415219998249466,-0.004970772467976059,0.46749777703535084
2007-02-20,127032,56923,10495,26339,90729,084691,SILVER - COMMODITY EXCHANGE INC. ,13.812000274658203,0.5068801561811197,-64390,-0.6335156477555908,46428,2.3188452700734654,0.016699695903235726,0.045892788276128034,-0.004970772467976059,0.05306977896464593,0.4660853489909824
2007-02-27,125249,63891,9502,22636,95689,084691,SILVER - COMMODITY EXCHANGE INC. ,14.545000076293944,0.5832621418135074,-73053,-6.819541532842119,54389,6.266924869324264,0.07321360659201352,0.10847083509326502,0.05306977896464593,-0.11467859831578942,0.46633182239529575
2007-03-06,115412,44348,7308,28039,84719,084691,SILVER - COMMODITY EXCHANGE INC. ,12.876999855041504,0.49111010986725817,-56680,13.072359859160551,37040,-13.85160759766545,0.14520477482750668,0.4208030044912498,-0.11467859831578942,-0.0010872050262050736,0.465050100750266
2007-03-13,112728,40204,6920,29756,81149,084691,SILVER - COMMODITY EXCHANGE INC. ,12.86299991607666,0.45590270385352355,-51393,4.58097944754445,33284,-3.254427615845839,0.04767143050358415,0.096171802054155,-0.0010872050262050736,0.032807271560969076,0.46400794642964666
2007-03-20,113072,38039,6475,30335,81065,084691,SILVER - COMMODITY EXCHANGE INC. ,13.28499984741211,0.44865218621763125,-50730,0.5881413668298914,31564,-1.525796607763821,0.005951526032315978,0.05863323898099474,0.032807271560969076,-0.0056454505176186665,0.46190238332085776
2007-03-27,111348,38443,6365,28630,80585,084691,SILVER - COMMODITY EXCHANGE INC. ,13.210000038146973,0.4666002083557855,-51955,-1.083380500919768,32078,0.45457761426347815,0.020006409376001465,0.011471165863238708,-0.0056454505176186665,0.012490534547808574,0.4598434287143057
2007-04-03,112120,39399,7739,25973,77350,084691,SILVER - COMMODITY EXCHANGE INC. ,13.375,0.45823225115947197,-51377,0.5190932930991127,31660,-0.37539964795056935,0.05702505734444412,0.049429335143620856,0.012490534547808574,0.038355105391172595,0.4576659744208143
2007-04-10,118004,43105,9375,26167,81958,084691,SILVER - COMMODITY EXCHANGE INC. ,13.887999534606934,0.47278905799803395,-55791,-3.936853371387799,33730,1.8462361755262218,0.04441156069364162,0.10179115853658537,0.038355105391172595,0.007488486105834191,0.4561620648835961
2007-04-17,122313,47030,9997,26140,84445,084691,SILVER - COMMODITY EXCHANGE INC. ,13.991999626159668,0.47668686075887273,-58305,-2.130436256398088,37033,2.7990576590624046,0.022733643803409143,0.07973416101145071,0.007488486105834191,-0.015937648564325446,0.45492194291633276
2007-04-24,123627,48794,10378,27432,86088,084691,SILVER - COMMODITY EXCHANGE INC. ,13.769000053405762,0.47445946273872214,-58656,-0.28696867871771603,38416,1.1307056486227958,0.02585447498238196,0.036250253498276215,-0.015937648564325446,-0.038056515782863176,0.4543178925264486
2007-05-01,109108,43129,11404,22005,75542,084691,SILVER - COMMODITY EXCHANGE INC. ,13.244999885559082,0.49067896029622027,-53537,4.140681242770592,31725,-5.412248133498346,0.16374670671573702,0.12269634899968826,-0.038056515782863176,0.018422079047469175,0.454172471744112
2007-05-08,108852,41590,11929,23074,73766,084691,SILVER - COMMODITY EXCHANGE INC. ,13.48900032043457,0.4656965420938522,-50692,2.6075081570553946,29661,-1.8917036330974815,0.029378356051218506,0.03856574300715634,0.018422079047469175,-0.019497403961272752,0.4540458108677999
2007-05-15,108698,41376,11620,23602,74081,084691,SILVER - COMMODITY EXCHANGE INC. ,13.22599983215332,0.46439676902978894,-50479,0.19567853599382648,29756,0.08727446441039209,0.0086299560824299,0.009868669333534606,-0.019497403961272752,-0.02321186784464846,0.45364381048378627
2007-05-22,108612,39806,14479,24336,68807,084691,SILVER - COMMODITY EXCHANGE INC. ,12.918999671936035,0.40944831142046917,-44471,5.527240611602789,25327,-4.074591988813041,0.06450296855372921,0.08158791563046883,-0.02321186784464846,0.01849990916508415,0.45245612578426553
2007-05-29,111742,41409,13717,24132,71062,084691,SILVER - COMMODITY EXCHANGE INC. ,13.157999992370604,0.41998532333410893,-46930,-2.2640223916326008,27692,2.1774757853644164,0.02583145996596424,0.042901716068642744,0.01849990916508415,0.045523634097821564,0.452012054410341
2007-06-05,115097,44461,11980,22250,75366,084691,SILVER - COMMODITY EXCHANGE INC. ,13.756999969482422,0.4614890049262796,-53116,-5.535966780619642,32481,4.285765423922965,0.06337075889198492,0.0848496660229266,0.045523634097821564,-0.05102854298640036,0.452550137433166
2007-06-12,119583,44174,12494,24552,75384,084691,SILVER - COMMODITY EXCHANGE INC. ,13.05500030517578,0.4250771430721758,-50832,1.984413147171516,31680,-0.6959347333119021,0.023214857508805635,0.014134961530316934,-0.05102854298640036,0.018996563704420044,0.452123522385808
2007-06-19,124252,44649,9953,27269,82078,084691,SILVER - COMMODITY EXCHANGE INC. ,13.303000450134276,0.44111161188552295,-54809,-3.3257235560238496,34696,2.5220976225717706,0.08606546132952893,0.05523607193875682,0.018996563704420044,-0.07765165431984755,0.4531425353806172
2007-06-26,120288,40565,12713,28444,76366,084691,SILVER - COMMODITY EXCHANGE INC. ,12.270000457763672,0.39839385474860334,-47922,5.542767923252744,27852,-5.508160834433248,0.06570937887606144,0.12845827546079058,-0.07765165431984755,0.02436835983879382,0.45333616834726276
2007-07-03,117290,40070,16067,29864,71918,084691,SILVER - COMMODITY EXCHANGE INC. ,12.569000244140623,0.3585471907238469,-42054,4.878292098962491,24003,-3.199820430965682,0.05765263013106443,0.06856440493791974,0.02436835983879382,0.023709075998941564,0.45330593880359227
2007-07-10,116724,40880,14402,29107,73814,084691,SILVER - COMMODITY EXCHANGE INC. ,12.866999626159668,0.3830146328090196,-44707,-2.261914911757183,26478,2.1101543183562113,0.02577705230225124,0.04477044969429471,0.023709075998941564,0.004352274124562516,0.45397406750908736
2007-07-17,115546,39986,12046,27296,74216,084691,SILVER - COMMODITY EXCHANGE INC. ,12.92300033569336,0.40607204057258584,-46920,-1.8959254309310853,27940,1.2525273294266817,0.021800378280400348,0.06246156211562116,0.004352274124562516,0.03373828514853949,0.45369645134154146
2007-07-24,119064,42754,10411,25919,78207,084691,SILVER - COMMODITY EXCHANGE INC. ,13.359000205993652,0.43915877175300677,-52288,-4.645768784726429,32343,3.8106035691412945,0.05155292626241285,0.08281764318630679,0.03373828514853949,-0.03061609330202819,0.4543066697096447
2007-07-31,118550,38580,11211,29692,76627,084691,SILVER - COMMODITY EXCHANGE INC. ,12.949999809265137,0.39590889919865035,-46935,4.495901363972318,27369,-4.177585164281395,0.05034847957561678,0.0998975718503344,-0.03061609330202819,0.0070270701379233635,0.45370859693065707
2007-08-07,122787,39317,10377,31888,79448,084691,SILVER - COMMODITY EXCHANGE INC. ,13.041000366210938,0.3873374217140251,-47560,-0.527203711514129,28940,1.3251792492619148,0.04506179492706761,0.031613474463717955,0.0070270701379233635,-0.025611577186115952,0.4525166523715995
2007-08-14,122912,36203,9256,33866,80298,084691,SILVER - COMMODITY EXCHANGE INC. ,12.70699977874756,0.3777662067170008,-46432,0.9186640279508418,26947,-1.623135999739386,0.024771381521320204,0.093160870234717,-0.025611577186115952,-0.09585263866535143,0.4512893029669364
2007-08-21,117914,32607,12809,35312,70734,084691,SILVER - COMMODITY EXCHANGE INC. ,11.48900032043457,0.3004053801923436,-35422,8.957628221817235,19798,-5.816356417599584,0.10382286932086075,0.15741148493922846,-0.09585263866535143,0.02306548718404189,0.4489333433121189
2007-08-28,111791,25712,16050,35002,61984,084691,SILVER - COMMODITY EXCHANGE INC. ,11.753999710083008,0.24136111135959065,-26982,7.157759044727513,9662,-8.596095459402616,0.09341554451157899,0.24270868253436137,0.02306548718404189,0.04483583803341551,0.44532962943849347
2007-09-04,107814,25965,16688,33683,58516,084691,SILVER - COMMODITY EXCHANGE INC. ,12.281000137329102,0.23033186784647633,-24833,1.9223372185596337,9277,-0.3443926613054718,0.05192030282324103,0.02088950366914402,0.04483583803341551,0.03143063881191166,0.44141262031302403
2007-09-11,108199,27426,16582,31369,57796,084691,SILVER - COMMODITY EXCHANGE INC. ,12.666999816894531,0.24424440151942253,-26427,-1.4784721835754169,10844,1.4534290537407017,0.034026804239331576,0.03560716233412107,0.03143063881191166,0.007894559320696493,0.43711990322527267
2007-09-18,109750,28450,15241,31931,61152,084691,SILVER - COMMODITY EXCHANGE INC. ,12.767000198364258,0.266250569476082,-29221,-2.5822789489736504,13209,2.18578729932809,0.042091466755476294,0.05413014121901536,0.007894559320696493,0.056003770774555095,0.434637270680508
2007-09-25,116537,37848,13085,26429,68589,084691,SILVER - COMMODITY EXCHANGE INC. ,13.482000350952148,0.36177351399126456,-42160,-11.789521640091117,24763,10.52756264236902,0.13617419857290197,0.22684703433922998,0.056003770774555095,-0.011496861193492025,0.4347145181776976
2007-10-02,117498,39347,12749,25629,70478,084691,SILVER - COMMODITY EXCHANGE INC. ,13.32699966430664,0.3817001140444944,-44849,-2.307421677235556,26598,1.5746072062949965,0.027979231481577823,0.03522343366093366,-0.011496861193492025,0.011105329098151984,0.4351784167266194
2007-10-09,120478,41278,13029,26687,73685,084691,SILVER - COMMODITY EXCHANGE INC. ,13.475000381469728,0.3900961171334186,-46998,-1.8289673015710903,28249,1.4051303000902142,0.04249193002032439,0.04071298359327527,0.011105329098151984,0.006456392632694374,0.43570707826654664
2007-10-16,124780,41936,13040,27425,76032,084691,SILVER - COMMODITY EXCHANGE INC. ,13.562000274658203,0.3895415932040391,-48607,-1.3355135377413305,28896,0.5370275070967313,0.029819151918188232,0.012168946449359721,0.006456392632694374,0.000737300914689154,0.4363333628162728
2007-10-23,122842,40818,12298,28464,75619,084691,SILVER - COMMODITY EXCHANGE INC. ,13.571999549865724,0.383867081291415,-47155,1.1636480205161084,28520,-0.3013303414008655,0.013950404965268103,0.03501769711574667,0.000737300914689154,0.0512084196543765,0.4365086962502198
2007-10-30,133518,44222,13733,29344,80532,084691,SILVER - COMMODITY EXCHANGE INC. ,14.267000198364258,0.38337902005722074,-51188,-3.283079077188584,30489,1.6028719818954429,0.05272306964214205,0.0834958157190924,0.0512084196543765,0.07429729103556859,0.4362835413267626
2007-11-06,150120,48322,14245,33988,88954,084691,SILVER - COMMODITY EXCHANGE INC. ,15.32699966430664,0.3661470823341327,-54966,-2.8295810302730717,34077,2.6872781198040716,0.1062777569911015,0.07371297968577685,0.07429729103556859,-0.049324693787596074,0.43518118840938885
2007-11-13,146205,45951,14724,33634,88266,084691,SILVER - COMMODITY EXCHANGE INC. ,14.571000099182127,0.37366711124790536,-54632,0.2224886757260858,31227,-1.8984812150279775,0.008547990155865463,0.04697156983930779,-0.049324693787596074,-0.006382568893985696,0.4339283357780619
2007-11-20,146852,44350,14802,37480,90365,084691,SILVER - COMMODITY EXCHANGE INC. ,14.477999687194824,0.36012447906736034,-52885,1.1948975753223214,29548,-1.1483875380458946,0.04650162305917322,0.02838450094671355,-0.006382568893985696,-0.0002762612356280725,0.431971406138607
2007-11-27,144601,42438,11564,36684,88384,084691,SILVER - COMMODITY EXCHANGE INC. ,14.473999977111816,0.35753556337784664,-51700,0.8069348732056765,30874,0.9029499087516683,0.022203921066939584,0.09536683826524943,-0.0002762612356280725,-0.014025153308384719,0.4294008370545942
2007-12-04,138128,39409,11041,35611,85186,084691,SILVER - COMMODITY EXCHANGE INC. ,14.270999908447266,0.3589062319008456,-49575,1.4695610680424065,28368,-1.733044723065539,0.035356838332077783,0.07040634291377601,-0.014025153308384719,0.029710587141548617,0.4260809762514394
2007-12-11,147922,42254,11234,38941,92080,084691,SILVER - COMMODITY EXCHANGE INC. ,14.69499969482422,0.3592366247076162,-53139,-2.580215452334067,31020,1.919958299548245,0.07803329237297837,0.05679778641938379,0.029710587141548617,-0.04634227764558807,0.4220514555108746
2007-12-18,148157,38234,12111,40362,88289,084691,SILVER - COMMODITY EXCHANGE INC. ,14.013999938964844,0.3234879215966846,-47927,3.5234785900677386,26123,-3.3105285217885103,0.040512704914847146,0.09726884496970901,-0.04634227764558807,0.12080775275840128,0.4172734336158897
2008-01-08,168508,51774,10691,37921,101676,084691,SILVER - COMMODITY EXCHANGE INC. ,15.70699977874756,0.37834998931801456,-63755,-10.683261675114911,41083,10.097396680548337,0.11338352543392766,0.239494116705355,0.12080775275840128,0.031705618639679134,0.4144392773144779
2008-01-15,177544,55869,12852,38336,103678,084691,SILVER - COMMODITY EXCHANGE INC. ,16.204999923706055,0.36803271301761814,-65342,-0.9417950483063119,43017,1.147719989555392,0.017019448786739336,0.09103476375489297,0.031705618639679134,-0.010799089039460141,0.41177585858132226
2008-01-22,179362,58504,11916,39040,107982,084691,SILVER - COMMODITY EXCHANGE INC. ,16.030000686645508,0.38437350163356787,-68942,-2.0276663812913984,46588,2.0113324021087733,0.034062929357511124,0.05071002556092019,-0.010799089039460141,0.044603875356259426,0.40980578753928765
2008-01-29,183056,57683,11571,40907,110412,084691,SILVER - COMMODITY EXCHANGE INC. ,16.7450008392334,0.37969255309850536,-69505,-0.3138903446660943,46112,-0.265385087142204,0.028396962707921674,0.01683657261674416,0.044603875356259426,-0.02639601795288249,0.40767952368361965
2008-02-05,184677,58807,9057,43255,113354,084691,SILVER - COMMODITY EXCHANGE INC. ,16.30299949645996,0.3795762330988699,-70099,-0.32449086618302597,49750,1.9873699851411588,0.0337783907693683,0.053607214428857713,-0.02639601795288249,0.056124697527349277,0.40536244113466835
2008-02-12,187309,62875,10885,46904,118872,084691,SILVER - COMMODITY EXCHANGE INC. ,17.218000411987305,0.3842207261797351,-71968,-1.0120372325736287,51990,1.2129285184403038,0.05529750989286748,0.07993492407809111,0.056124697527349277,0.015797383704410306,0.40274280903347875
2008-02-19,189151,63733,10595,47210,123000,084691,SILVER - COMMODITY EXCHANGE INC. ,17.489999771118164,0.4006851668772568,-75790,-2.040478567500761,53138,0.6128909982969318,0.026050173315316373,0.0154450543536756,0.015797383704410306,0.06986850417735546,0.4003900170540516
2008-02-26,173340,63537,9620,40554,113703,084691,SILVER - COMMODITY EXCHANGE INC. ,18.71199989318848,0.42199723087573554,-73149,1.396238983669132,53917,0.411840275758521,0.10341832137277401,0.01600667058517982,0.06986850417735546,0.05483117691423134,0.39860849464781817
2008-03-04,166625,62211,11594,40419,111332,084691,SILVER - COMMODITY EXCHANGE INC. ,19.738000869750977,0.42558439609902476,-70913,1.2899503865235953,50617,-1.9037729318103151,0.016513894471865093,0.04471241785786871,0.05483117691423134,-0.0031411628293734895,0.3970451146462394
2008-03-11,162481,59926,8916,38872,109774,084691,SILVER - COMMODITY EXCHANGE INC. ,19.676000595092773,0.4363710218425539,-70902,0.006601650412603152,51010,0.23585896474118528,0.020888554014235162,0.0720926178786206,-0.0031411628293734895,0.010876132754795709,0.39422028541602877
2008-03-18,160860,59944,9489,37413,108601,084691,SILVER - COMMODITY EXCHANGE INC. ,19.88999938964844,0.44254631356459034,-71188,-0.17602058086791686,50455,-0.3415783999359925,0.018025668771487667,0.008511802745092391,0.010876132754795709,-0.1069884527249868,0.39328636625636204
2008-03-25,148918,48579,8541,40801,99922,084691,SILVER - COMMODITY EXCHANGE INC. ,17.761999130249023,0.3970037201681462,-59121,7.501554146462763,40038,-6.475817481039413,0.08575001954193699,0.2155637254901961,-0.1069884527249868,-0.05106404866713776,0.3921536934931818
2008-04-01,145358,47457,6193,39781,98073,084691,SILVER - COMMODITY EXCHANGE INC. ,16.854999542236328,0.4010236794672464,-58292,0.5566822009428007,41264,0.8232718677392928,0.020811873431311387,0.0646784715750233,-0.05106404866713776,0.04865023536603563,0.3912377606710589
2008-04-08,145698,47194,7258,40437,98064,084691,SILVER - COMMODITY EXCHANGE INC. ,17.674999237060547,0.39552361734546804,-57627,0.4574911597572889,39936,-0.91360640625215,0.004801409376105588,0.02438845221479468,0.04865023536603563,0.008769487600344794,0.38987090315162976
2008-04-15,149199,46916,6379,42771,100963,084691,SILVER - COMMODITY EXCHANGE INC. ,17.829999923706055,0.3900294237897037,-58192,-0.3877884391000563,40537,0.4124970830073165,0.03640753057731643,0.02170935359789849,0.008769487600344794,-0.007403251264567867,0.3885593103175958
2008-04-22,153234,47548,6226,45072,104747,084691,SILVER - COMMODITY EXCHANGE INC. ,17.697999954223633,0.3894370701019356,-59675,-0.9939744904456465,41322,0.5261429366148567,0.04061567624934087,0.014598132926693198,-0.007403251264567867,-0.0654310680128537,0.38695638747344
2008-04-29,126504,48978,6421,32510,92717,084691,SILVER - COMMODITY EXCHANGE INC. ,16.540000915527344,0.475929614873838,-60207,-0.3471814349295848,42557,0.8059569025151077,0.1963793750549003,0.029332659434285816,-0.0654310680128537,0.01451026347240747,0.38694182505257396
2008-05-06,121057,48779,7600,27698,86446,084691,SILVER - COMMODITY EXCHANGE INC. ,16.780000686645508,0.4852920525041922,-58748,1.153323215076203,41179,-1.0892936191740972,0.0970966498458088,0.024441724755671437,0.01451026347240747,-0.0010131226262575233,0.3871501440865253
2008-05-13,122802,49456,9415,27010,86063,084691,SILVER - COMMODITY EXCHANGE INC. ,16.76300048828125,0.48087979023142946,-59053,-0.2519474297231883,40041,-0.9400530328688138,0.009471757183412486,0.04232983981926585,-0.0010131226262575233,0.054166856305412514,0.3869616985083563
2008-05-20,125838,54227,11158,25630,87870,084691,SILVER - COMMODITY EXCHANGE INC. ,17.67099952697754,0.49460417362005116,-62240,-2.595234605299588,43069,2.46575788667937,0.028079295154185023,0.09962529632178634,0.054166856305412514,-0.013921130468111609,0.38751761449924477
2008-05-27,126583,55747,10909,25034,89595,084691,SILVER - COMMODITY EXCHANGE INC. ,17.424999237060547,0.5100289928347408,-64561,-1.8444349083742588,44838,1.405775679842337,0.020247930279423183,0.026539246279404703,-0.013921130468111609,-0.0359253645964116,0.38839515726472457
2008-06-03,123200,51098,9145,26410,87075,084691,SILVER - COMMODITY EXCHANGE INC. ,16.798999786376953,0.4924107142857143,-60665,3.0778224564119983,41953,-2.279137008919049,0.03433052826364718,0.10645220191557525,-0.0359253645964116,-0.011429218278846909,0.38999058808905623
2008-06-10,128241,51259,10338,30053,89162,084691,SILVER - COMMODITY EXCHANGE INC. ,16.60700035095215,0.46092123423866005,-59109,1.262987012987013,40921,-0.8376623376623377,0.04806442142347859,0.02198159001250061,-0.011429218278846909,0.027217417640430508,0.39077781714491294
2008-06-17,130931,49452,9430,33211,92480,084691,SILVER - COMMODITY EXCHANGE INC. ,17.05900001525879,0.452673545607992,-59269,-0.12476509072761441,40022,-0.7010238535257834,0.05152317986172439,0.04610916748751741,0.027217417640430508,-0.02532382942473521,0.39060828908109974
2008-06-24,128720,49195,10195,30744,89154,084691,SILVER - COMMODITY EXCHANGE INC. ,16.62700080871582,0.45377563704164076,-58410,0.6560707548250605,39000,-0.7805638084181744,0.04831606865835961,0.017208284222933155,-0.02532382942473521,0.09460515292686278,0.3911601831958971
2008-07-01,130495,56414,9925,27495,92817,084691,SILVER - COMMODITY EXCHANGE INC. ,18.200000762939453,0.5005709030997356,-65322,-5.3697949036668735,46489,5.8180546923555,0.05745062836624776,0.11288985363059437,0.09460515292686278,-0.017582504876838767,0.3923036311038628
2008-07-08,135835,59095,10957,27542,96098,084691,SILVER - COMMODITY EXCHANGE INC. ,17.8799991607666,0.5047005558214009,-68556,-2.4782558718724856,48138,1.2636499482738803,0.026916855386606275,0.05300348312682008,-0.017582504876838767,0.05934009361156578,0.3943479907398781
2008-07-15,143386,60062,10777,30013,101164,084691,SILVER - COMMODITY EXCHANGE INC. ,18.94099998474121,0.49621999358375296,-71151,-1.9104060072882543,49285,0.8444068170942688,0.057456718784543025,0.016191645844803003,0.05934009361156578,-0.05258435619657709,0.39699554464103015
2008-07-22,140089,57762,10802,29884,98925,084691,SILVER - COMMODITY EXCHANGE INC. ,17.94499969482422,0.49283669667140173,-69041,1.47155231333603,46960,-1.6214972173015496,0.018383808584803856,0.033909923575053964,-0.05258435619657709,-0.03427137261504354,0.39910750740761447
2008-07-29,132854,50265,10421,33211,93068,084691,SILVER - COMMODITY EXCHANGE INC. ,17.329999923706055,0.4505472172459994,-59857,6.55583236371164,39844,-5.079627950802704,0.07272784865258673,0.12981577299541905,-0.03427137261504354,-0.0457587577073999,0.39996279926671857
2008-08-05,133255,46849,9649,35217,90678,084691,SILVER - COMMODITY EXCHANGE INC. ,16.53700065612793,0.416202018685978,-55461,3.308895479247896,37200,-1.9901546058078794,0.034917987211565193,0.0741265177528408,-0.0457587577073999,-0.12547624603077845,0.39952132324619877
2008-08-12,140094,45941,9915,41559,92209,084691,SILVER - COMMODITY EXCHANGE INC. ,14.461999893188477,0.36154296400987906,-50650,3.610371093017148,36026,-0.8810175978387301,0.05885563064410023,0.02101833285591521,-0.12547624603077845,-0.09466183731932976,0.3988604398771839
2008-08-19,135028,42525,10961,43891,90759,084691,SILVER - COMMODITY EXCHANGE INC. ,13.093000411987305,0.3470983795953432,-46868,2.6996159721329964,31564,-3.1850043542193096,0.028087634608243595,0.08342369965972404,-0.09466183731932976,0.036584367433447174,0.3980866121441323
2008-08-26,125075,39453,11869,37361,80469,084691,SILVER - COMMODITY EXCHANGE INC. ,13.571999549865724,0.344657205676594,-43108,2.784607636934562,27584,-2.947536807180733,0.14274802681829754,0.07754958887027005,0.036584367433447174,-0.03846149251721909,0.397449900585663
2008-09-02,116628,40310,13301,31721,70569,084691,SILVER - COMMODITY EXCHANGE INC. ,13.050000190734863,0.3330932537641047,-38848,3.4059564261443134,27009,-0.4597241655006996,0.1519210088962753,0.04269646154707056,-0.03846149251721909,-0.10804596373976838,0.39807851353896606
2008-09-09,116403,38840,14090,31065,68568,084691,SILVER - COMMODITY EXCHANGE INC. ,11.640000343322754,0.32218241797891806,-37503,1.1532393593305208,24750,-1.9369276674554996,0.02666787108688888,0.042679010013225015,-0.10804596373976838,-0.10120278482723866,0.39963276943549164
2008-09-16,112340,38161,14660,29032,66267,084691,SILVER - COMMODITY EXCHANGE INC. ,10.461999893188477,0.33144917215595515,-37235,0.2302346159463244,23501,-1.072996400436415,0.045477916872160254,0.023645898411616594,-0.10120278482723866,0.2540623226445602,0.4015773329799046
2008-09-23,104403,34169,13012,26895,60267,084691,SILVER - COMMODITY EXCHANGE INC. ,13.119999885559082,0.31964598718427634,-33372,3.4386683282891224,21157,-2.086523055011572,0.09335490236570983,0.11953964519615948,0.2540623226445602,-0.06775914228043156,0.4030273634734595
2008-09-30,103812,30405,12069,30397,59180,084691,SILVER - COMMODITY EXCHANGE INC. ,12.230999946594238,0.277260817631873,-28783,4.3954675631926285,18336,-2.7020296351637407,0.05122966833004008,0.11082073739228705,-0.06775914228043156,-0.0740740856254668,0.40323909901491706
2008-10-07,99883,28882,11783,30780,60609,084691,SILVER - COMMODITY EXCHANGE INC. ,11.324999809265137,0.29863940810748574,-29829,-1.0075906446268255,17099,-1.191577081647594,0.01982733151692217,0.04448542973072667,-0.0740740856254668,-0.02710818237419521,0.4020249815940752
2008-10-14,98596,28140,11218,30987,58158,084691,SILVER - COMMODITY EXCHANGE INC. ,11.017999649047852,0.2755791309992292,-27171,2.661113502798274,16922,-0.17720733257911755,0.029816590947332997,0.033207988210783065,-0.02710818237419521,-0.08785618888603253,0.39998419345858927
2008-10-21,95873,27104,13463,33648,55916,084691,SILVER - COMMODITY EXCHANGE INC. ,10.050000190734863,0.23226560136847704,-22268,4.972818369913587,13641,-3.3277212057284267,0.05474297708900898,0.08087854660191782,-0.08785618888603253,-0.12537315472326416,0.3969489912323404
2008-10-28,95716,27822,12754,32678,56190,084691,SILVER - COMMODITY EXCHANGE INC. ,8.789999961853027,0.24564336161143382,-23512,-1.2975498837003119,15068,1.488427398746258,0.013998289598055543,0.03516857255520505,-0.12537315472326416,0.15244597934052817,0.3941817175478673
2008-11-04,94365,29015,11508,29460,57368,084691,SILVER - COMMODITY EXCHANGE INC. ,10.130000114440918,0.29574524452922163,-27908,-4.592753562622759,17507,2.548163316477914,0.050628829409867786,0.06018804135922809,0.15244597934052817,-0.032082902822659576,0.392487066840902
2008-11-11,94494,30913,11287,26743,54707,084691,SILVER - COMMODITY EXCHANGE INC. ,9.80500030517578,0.2959341333841302,-27964,-0.05934403645419382,19626,2.245535950829227,0.06602823818293431,0.05021327014218009,-0.032082902822659576,-0.02600715007691623,0.390805434404881
2008-11-18,91853,29678,10603,27064,54522,084691,SILVER - COMMODITY EXCHANGE INC. ,9.550000190734863,0.29893416654872457,-27458,0.535483734417,19075,-0.5831058056596186,0.006202044468413699,0.04764032670489809,-0.02600715007691623,0.07539269661243897,0.38951287833208464
2008-11-25,86878,24915,10756,29610,53292,084691,SILVER - COMMODITY EXCHANGE INC. ,10.270000457763672,0.2725891480006446,-23682,4.110916355481041,14159,-5.3520298738201255,0.045547755180815906,0.1378150318185641,0.07539269661243897,-0.0662122955079063,0.38756907134656043
2008-12-02,82434,24263,8210,27282,52176,084691,SILVER - COMMODITY EXCHANGE INC. ,9.59000015258789,0.3019870441807992,-24894,-1.3950597389442665,16053,2.180068601947559,0.043343653250773995,0.09848181566224248,-0.0662122955079063,0.023461879480230596,0.3864510437525881
2008-12-09,83476,24501,7618,26936,51687,084691,SILVER - COMMODITY EXCHANGE INC. ,9.8149995803833,0.2965043844937467,-24751,0.17347211102215104,16883,1.0068660989397578,0.01062030194726734,0.02584140228525172,0.023461879480230596,0.08751912814244922,0.3852773672355862
2008-12-16,87384,26737,7416,26648,55831,084691,SILVER - COMMODITY EXCHANGE INC. ,10.673999786376951,0.33396273917421954,-29183,-5.309310460491639,19321,2.9205999329148495,0.05373489009323586,0.07138465142154422,0.08751912814244922,0.02632566450748297,0.3847976846831511
2008-12-30,85312,27106,7311,25545,55789,084691,SILVER - COMMODITY EXCHANGE INC. ,10.954999923706056,0.3545105026256564,-30244,-1.2141810857822943,19795,0.5424333974182917,0.014077753461037205,0.013772263706889037,0.02632566450748297,0.042446385744070225,0.38470679772003646
2009-01-06,86788,26767,6578,25818,56738,084691,SILVER - COMMODITY EXCHANGE INC. ,11.420000076293944,0.35627045213624003,-30920,-0.7923855963990997,20189,0.461834208552138,0.01480207374388294,0.032148747938221624,0.042446385744070225,-0.06698777042136528,0.3853372309996433
2009-01-13,85916,25899,7543,26028,53708,084691,SILVER - COMMODITY EXCHANGE INC. ,10.654999732971191,0.32217514781879975,-27680,3.733235009448311,18356,-2.1120431396045536,0.04063409250526738,0.05481131511273249,-0.06698777042136528,0.04720790915112949,0.3842569455861969
2009-01-20,86349,26663,7597,26347,55277,084691,SILVER - COMMODITY EXCHANGE INC. ,11.157999992370604,0.3350357271074361,-28930,-1.454909446436054,19066,0.8263885655756786,0.023130451827893757,0.023876240513718623,0.04720790915112949,0.09042837652032998,0.3836223881648472
2009-01-27,89185,28760,7802,26230,58425,084691,SILVER - COMMODITY EXCHANGE INC. ,12.166999816894531,0.36099119807142455,-32195,-3.781167124112613,20958,2.1911081772805705,0.03856830665642903,0.06296154477326185,0.09042837652032998,0.01052028119715076,0.3831727284809598
2009-02-03,93813,29430,7015,28118,61291,084691,SILVER - COMMODITY EXCHANGE INC. ,12.295000076293944,0.353607708952917,-33173,-1.096596961372428,22415,1.6336827941918481,0.05317138095717434,0.039978049115104955,0.01052028119715076,0.06750711008992871,0.38267109686277545
2009-02-10,96019,30842,6720,28945,63982,084691,SILVER - COMMODITY EXCHANGE INC. ,13.125,0.364896530894927,-35037,-1.9869314487331182,24122,1.8195772440919702,0.037857673227372025,0.0454448644907087,0.06750711008992871,0.0672762189592635,0.38238879489731503
2009-02-17,99325,30954,6237,30435,66486,084691,SILVER - COMMODITY EXCHANGE INC. ,14.008000373840332,0.36295997986408257,-36051,-1.0560409918870224,24717,0.6196690238390318,0.04120881955406981,0.015998494259363824,0.0672762189592635,-0.0010708411566554554,0.3819799343912448
2009-02-24,101629,30975,5768,33232,71463,084691,SILVER - COMMODITY EXCHANGE INC. ,13.993000030517578,0.3761819952966181,-38231,-2.194815001258495,25207,0.49332997734709294,0.07425378480347676,0.013335873499714232,-0.0010708411566554554,-0.092760689835098,0.3815087195531555
2009-03-03,93051,32391,5706,28264,66968,084691,SILVER - COMMODITY EXCHANGE INC. ,12.69499969482422,0.4159439447184877,-38704,-0.46541833531767507,26685,1.4543093014789086,0.09936785954301075,0.03879570569861144,-0.092760689835098,-0.010634051079383755,0.3813923102039777
2009-03-10,92260,30549,5267,28649,64416,084691,SILVER - COMMODITY EXCHANGE INC. ,12.5600004196167,0.3876761326685454,-35767,3.1563336234967916,25282,-1.507775306014981,0.03155858808359749,0.06368662050480232,-0.010634051079383755,0.009952228966869203,0.38066330513800695
2009-03-17,92796,29437,5022,29155,64915,084691,SILVER - COMMODITY EXCHANGE INC. ,12.6850004196167,0.3853614379930169,-35760,0.007587253414264037,24415,-0.9397355300238457,0.010683533538854045,0.03938013291157608,0.009952228966869203,0.05195107774967744,0.37968235160243896
2009-03-24,93147,27711,4980,30854,64455,084691,SILVER - COMMODITY EXCHANGE INC. ,13.343999862670898,0.3607308877365884,-33601,2.3266089055562738,22731,-1.8147333936807624,0.022652635113158254,0.05408216328653146,0.05195107774967744,-0.027652839103620375,0.3781089780288235
2009-03-31,94506,27232,6645,29827,62930,084691,SILVER - COMMODITY EXCHANGE INC. ,12.975000381469728,0.35027405667365036,-33103,0.5346387967406357,20587,-2.3017381128753476,0.02751274836400487,0.06328777636744694,-0.027652839103620375,-0.05934492756264964,0.37721033065392934
2009-04-07,93101,26198,8557,29430,59011,084691,SILVER - COMMODITY EXCHANGE INC. ,12.204999923706056,0.31773020697951687,-29581,3.726747508094724,17641,-3.1172623960383468,0.04880089551226241,0.08476478204574882,-0.05934492756264964,0.045473192023359976,0.37560853310608844
2009-04-14,94568,24462,7656,30683,59541,084691,SILVER - COMMODITY EXCHANGE INC. ,12.760000228881836,0.3051560781659758,-28858,0.7765759766275335,16806,-0.8968754363540671,0.019761925873381804,0.08210349336820474,0.045473192023359976,-0.05525077672885248,0.3738706958141751
2009-04-21,96277,24516,10518,31095,56266,084691,SILVER - COMMODITY EXCHANGE INC. ,12.05500030517578,0.26144354310998474,-25171,3.898781828948482,13998,-2.9692919380763048,0.0422041872231316,0.0832334303819147,-0.05525077672885248,0.02820407664709168,0.3713978904164882
2009-04-28,90687,24121,8402,30037,57497,084691,SILVER - COMMODITY EXCHANGE INC. ,12.395000457763672,0.30279973976424407,-27460,-2.3775148789430496,15719,1.7875505053127954,0.026149838919734048,0.077206899732497,0.02820407664709168,0.08124243100383932,0.36973178790999417
2009-05-05,89477,27385,6581,26480,58403,084691,SILVER - COMMODITY EXCHANGE INC. ,13.402000427246094,0.3567732489913609,-31923,-4.921322791579829,20804,5.607198385656158,0.05257825477421863,0.14970853206147325,0.08124243100383932,0.05917021655707222,0.3674403193353311
2009-05-12,96546,32432,7932,26221,63272,084691,SILVER - COMMODITY EXCHANGE INC. ,14.19499969482422,0.3837652517970708,-37051,-5.731081730500575,24500,4.13067045162444,0.05730057099437945,0.15850758101278367,0.05917021655707222,-0.005988026768184218,0.3654878808601942
2009-05-19,96079,34189,5964,23327,64874,084691,SILVER - COMMODITY EXCHANGE INC. ,14.109999656677246,0.4324253999313065,-41547,-4.656847513102562,28225,3.858264454249788,0.050974478747406494,0.09277015416033671,-0.005988026768184218,0.033876729447186005,0.3645560656621149
2009-05-26,98120,33982,5948,23168,65947,084691,SILVER - COMMODITY EXCHANGE INC. ,14.588000297546388,0.4359865470852018,-42779,-1.2822781252927278,28034,-0.19879474182703818,0.013824833080850587,0.005584773353368395,0.033876729447186005,0.09302161842607526,0.36342880361336777
2009-06-02,104986,35789,7121,26072,69046,084691,SILVER - COMMODITY EXCHANGE INC. ,15.94499969482422,0.4093307679119121,-42974,-0.19873624133713821,28668,0.6461475743986955,0.06311108307575854,0.06944768119319505,0.09302161842607526,-0.05123859837325717,0.36149229928792875
2009-06-09,106447,36330,5446,26514,73464,084691,SILVER - COMMODITY EXCHANGE INC. ,15.128000259399414,0.44106456734337274,-46950,-3.7871716228830508,30884,2.1107576248261672,0.048610694352757604,0.053044810417464575,-0.05123859837325717,-0.06663143552063566,0.36050487338519144
2009-06-16,103981,33876,4481,27200,72802,084691,SILVER - COMMODITY EXCHANGE INC. ,14.119999885559082,0.4385608909319972,-45602,1.2663579058122822,29395,-1.3988181912125284,0.013479730405391892,0.08913627238835153,-0.06663143552063566,-0.020254975501984296,0.36007486678314016
2009-06-23,105699,30838,4633,27673,69666,084691,SILVER - COMMODITY EXCHANGE INC. ,13.833999633789062,0.3972885268545587,-41993,3.4708264009771015,26205,-3.0678681682230406,0.037076608553611605,0.08993262101434975,-0.020254975501984296,-0.0187942230801047,0.3590097702686511
2009-06-30,104594,30233,5455,31610,72094,084691,SILVER - COMMODITY EXCHANGE INC. ,13.574000358581545,0.3870585310820888,-40484,1.427638861294809,24778,-1.3500600762542692,0.06137661035254185,0.039985429275947094,-0.0187942230801047,-0.026889694647880824,0.35772674900019824
2009-07-07,100376,29641,5515,29798,67230,084691,SILVER - COMMODITY EXCHANGE INC. ,13.208999633789062,0.3729178289630988,-37432,2.9179494043635392,24126,-0.623362716790638,0.06880488106525952,0.018545909659802025,-0.026889694647880824,-0.026799916826948045,0.35527188218987826
2009-07-14,99662,28690,7605,29870,64495,084691,SILVER - COMMODITY EXCHANGE INC. ,12.854999542236328,0.3474242941141057,-34625,2.796485215589384,21085,-3.0296086713955526,0.029746198272664653,0.08378564540570327,-0.026799916826948045,0.048074683199099244,0.3522473386955072
2009-07-21,98269,28351,9811,29821,63022,084691,SILVER - COMMODITY EXCHANGE INC. ,13.472999572753906,0.3378583276516501,-33201,1.4288294435190947,18540,-2.5536312737051237,0.01639326605129089,0.06668937686704052,0.048074683199099244,0.019446306853091233,0.3492019220429668
2009-07-28,97761,30181,8855,29678,65564,084691,SILVER - COMMODITY EXCHANGE INC. ,13.734999656677246,0.36707889649246633,-35886,-2.7322960445308286,21326,2.835075150861411,0.02819134415488965,0.0713700174198176,0.019446306853091233,0.06938479013366794,0.3467835028087564
2009-08-04,99477,32434,8585,29767,68808,084691,SILVER - COMMODITY EXCHANGE INC. ,14.687999725341797,0.39246257928968503,-39041,-3.2272583136424546,23849,2.580783748120416,0.03381181841237636,0.061508081620712356,0.06938479013366794,-0.023828937523163285,0.3456664905403658
2009-08-11,104790,36581,8771,29940,72286,084691,SILVER - COMMODITY EXCHANGE INC. ,14.338000297546388,0.4041034449852085,-42346,-3.3223760266192186,27810,3.9818249444595235,0.035714984446226984,0.09554154171811607,-0.023828937523163285,-0.026642485810785876,0.34543382566150477
2009-08-18,103527,35138,7287,29631,72752,084691,SILVER - COMMODITY EXCHANGE INC. ,13.956000328063965,0.41651936209877616,-43121,-0.739574386868976,27851,0.039125870789197444,0.0075696160495394745,0.06899233942251032,-0.026642485810785876,0.02507877755574439,0.3464910640862913
2009-08-25,101539,35667,6537,28320,71038,084691,SILVER - COMMODITY EXCHANGE INC. ,14.305999755859377,0.4207053447443839,-42718,0.38927043186801513,29130,1.2354265070947676,0.030445459852251455,0.03030518434271633,0.02507877755574439,0.050957647420212915,0.3479065826468498
2009-09-01,106671,42244,7815,27994,76050,084691,SILVER - COMMODITY EXCHANGE INC. ,15.03499984741211,0.450506698165387,-48056,-5.257093333595958,34429,5.21868444637036,0.051305217023566954,0.1569148404882239,0.050957647420212915,0.09664123957999005,0.3499421498100958
2009-09-08,116421,48685,7783,26175,82576,084691,SILVER - COMMODITY EXCHANGE INC. ,16.488000869750977,0.48445727145446266,-56401,-7.823119685762765,40902,6.068190979741448,0.07673492657538782,0.11463129560104839,0.09664123957999005,0.029718567762640147,0.35285299630414113
2009-09-15,123873,54995,8526,24923,86849,084691,SILVER - COMMODITY EXCHANGE INC. ,16.97800064086914,0.4999152357656632,-61926,-4.745707389560303,46469,4.781783355236598,0.049430984504169204,0.11103414618787488,0.029718567762640147,0.0067734578146581015,0.3562709351077324
2009-09-22,128184,56756,9522,25922,90277,084691,SILVER - COMMODITY EXCHANGE INC. ,17.093000411987305,0.5020517381264432,-64355,-1.96087928765752,47234,0.6175679930251144,0.038098434582053205,0.04159751350372673,0.0067734578146581015,-0.05481777640402363,0.359551753684088
2009-09-29,128695,54966,7556,26732,90838,084691,SILVER - COMMODITY EXCHANGE INC. ,16.1560001373291,0.4981234702202883,-64106,0.1942520127316982,47410,0.13730262747300756,0.01166113804541975,0.060074853651514666,-0.05481777640402363,0.06913843589621593,0.362984012973242
2009-10-06,131801,54614,7314,26535,91723,084691,SILVER - COMMODITY EXCHANGE INC. ,17.273000717163086,0.4945941229580959,-65188,-0.8407475037880259,47300,-0.08547340611523369,0.00914948671548648,0.009591784007234207,0.06913843589621593,0.03195739146979126,0.367163499614131
2009-10-13,136015,55532,7257,27902,93328,084691,SILVER - COMMODITY EXCHANGE INC. ,17.825000762939453,0.4810204756828291,-65426,-0.18057526118921707,48275,0.7397515952079271,0.024515383980862823,0.015528197614231793,0.03195739146979126,-0.015820560072437484,0.37067082783673366
2009-10-20,135456,55740,7602,28261,94265,084691,SILVER - COMMODITY EXCHANGE INC. ,17.542999267578125,0.48727261989133,-66004,-0.42495313016946656,48138,-0.10072418483255523,0.010577346848832084,0.008730384263206088,-0.015820560072437484,-0.05768677948469947,0.3747418564692741
2009-10-27,132843,51014,6874,29343,93705,084691,SILVER - COMMODITY EXCHANGE INC. ,16.5310001373291,0.4844967367493959,-64362,1.2122017481691472,44140,-2.951511930073234,0.013344385930693713,0.09421641791044776,-0.05768677948469947,0.038715104006516565,0.37959245522659946
2009-11-03,129240,45742,5944,32697,91680,084691,SILVER - COMMODITY EXCHANGE INC. ,17.17099952697754,0.45638347260909934,-58983,4.049140714979337,39798,-3.268519982234668,0.04324754576810825,0.11999380876833185,0.038715104006516565,0.0702347746177221,0.38364514966886226
2009-11-17,142200,47597,7117,35903,94284,084691,SILVER - COMMODITY EXCHANGE INC. ,18.37700080871582,0.41055555555555556,-58381,0.46580006190034046,40480,0.5277004023522129,0.044628111869848754,0.055342325547391893,0.0702347746177221,0.003863478390562003,0.3858530402655225
2009-11-24,136162,48870,3222,30971,95416,084691,SILVER - COMMODITY EXCHANGE INC. ,18.447999954223636,0.47329651444602755,-64445,-4.2644163150492265,45648,3.6343178621659638,0.0479796181569307,0.09920909160715657,0.003863478390562003,0.03967911712752126,0.3892638552859436
2009-12-01,131899,49798,4599,28360,92184,084691,SILVER - COMMODITY EXCHANGE INC. ,19.18000030517578,0.48388539715994816,-63824,0.4560743819861635,45199,-0.32975426330400553,0.04847192726307407,0.042373660312149564,0.03967911712752126,-0.07273203522250349,0.3928206097207748
2009-12-08,125999,46575,4039,27039,88861,084691,SILVER - COMMODITY EXCHANGE INC. ,17.78499984741211,0.49065468773561693,-61822,1.5178280350874533,42536,-2.018969059659285,0.040069025021570316,0.07474216619907535,-0.07273203522250349,-0.019342134699031455,0.39701417779260123
2009-12-15,121787,42440,3763,27450,85358,084691,SILVER - COMMODITY EXCHANGE INC. ,17.44099998474121,0.4754858892985294,-57908,3.1063738601100006,38677,-3.0627227200215876,0.03469612084249344,0.09546999112611736,-0.019342134699031455,-0.0244252391184836,0.40035069404486523
2009-12-22,122294,42528,2850,26982,84142,084691,SILVER - COMMODITY EXCHANGE INC. ,17.014999389648438,0.46739823703534106,-57160,0.6141870643007874,39678,0.8219268066378185,0.015154242107915482,0.02205914760456609,-0.0244252391184836,0.004466659791318328,0.4036371142860498
2009-12-29,124334,41886,3165,27360,84710,084691,SILVER - COMMODITY EXCHANGE INC. ,17.090999603271484,0.4612575803883089,-57350,-0.15536330482280408,38721,-0.7825404353443342,0.008441152850896761,0.021242591729373376,0.004466659791318328,0.04037215786521586,0.40608509200170534
2010-01-05,125391,44312,4813,26098,83488,084691,SILVER - COMMODITY EXCHANGE INC. ,17.7810001373291,0.45768835083857695,-57390,-0.03217140926858301,39499,0.6257339102739395,0.022667129012830106,0.08293129770992366,0.04037215786521586,0.025982784411466175,0.40806928139041543
2010-01-12,128675,48703,4175,26124,87870,084691,SILVER - COMMODITY EXCHANGE INC. ,18.243000030517575,0.4798601126870021,-61746,-3.4739335358997057,44528,4.010654672185404,0.03866870186150148,0.09510571504217255,0.025982784411466175,0.02965523024206207,0.4104460056317762
2010-01-19,131385,49357,5056,26749,88439,084691,SILVER - COMMODITY EXCHANGE INC. ,18.78400039672852,0.4695360962058074,-61690,0.04352049737711288,44301,-0.17641344472508258,0.010365663089905199,0.02821017036369985,0.02965523024206207,-0.10317289631655502,0.413279870023834
2010-01-26,124895,41473,4404,29036,83747,084691,SILVER - COMMODITY EXCHANGE INC. ,16.84600067138672,0.4380559670122903,-54711,5.3118696959318035,37069,-5.5044335350306355,0.061879893246322586,0.18606273295987097,-0.10317289631655502,-0.006529775968631024,0.4152610284835428
2010-02-02,122261,36924,6047,32572,79135,084691,SILVER - COMMODITY EXCHANGE INC. ,16.736000061035156,0.3808491669461235,-46563,6.5238800592497705,30877,-4.957764522198647,0.07294081839096923,0.1440971818202974,-0.006529775968631024,-0.07797563936523211,0.4156429125003639
2010-02-09,118593,32438,9073,34830,72630,084691,SILVER - COMMODITY EXCHANGE INC. ,15.430999755859377,0.3187371935949002,-37800,7.167453235291712,23365,-6.144232420804672,0.08154662199888331,0.18096408180964083,-0.07797563936523211,0.04659450936728082,0.4149723256665559
2010-02-16,120166,34615,9237,35553,73779,084691,SILVER - COMMODITY EXCHANGE INC. ,16.149999618530273,0.31810994790539754,-38226,-0.3592117578609193,25378,1.6974020389061748,0.017122160026341784,0.05338411018881693,0.04659450936728082,-0.016222915796401893,0.41407258368598804
2010-02-23,117376,35495,7679,36528,76298,084691,SILVER - COMMODITY EXCHANGE INC. ,15.887999534606934,0.33882565430752454,-39770,-1.2848892365560975,27816,2.0288600768936305,0.030968039281725843,0.056469171260480844,-0.016222915796401893,0.07275938600611354,0.4136084620406696
2010-03-02,108248,36721,5663,31034,71974,084691,SILVER - COMMODITY EXCHANGE INC. ,17.04400062561035,0.37820560195107533,-40940,-0.9967966194111232,31058,2.7620637949836424,0.0953129853991923,0.07649112872782182,0.07275938600611354,0.01607604774638216,0.4136473775532553
2010-03-09,112130,40051,4886,29220,75019,084691,SILVER - COMMODITY EXCHANGE INC. ,17.31800079345703,0.4084455542673682,-45799,-4.4887665361022835,35165,3.794065479269825,0.046614031216723105,0.0913946191334535,0.01607604774638216,0.0008661155422804434,0.4135031777368876
2010-03-16,114192,40126,5270,29779,77787,084691,SILVER - COMMODITY EXCHANGE INC. ,17.33300018310547,0.42041474008687124,-48008,-1.9700347810577008,34856,-0.27557299563007226,0.030929847721398954,0.010111022997620936,0.0008661155422804434,-0.018519647462377886,0.41413276634108614
2010-03-23,112520,38105,5804,29886,75584,084691,SILVER - COMMODITY EXCHANGE INC. ,17.011999130249023,0.40613224315677215,-45698,2.0229087852038674,32301,-2.237459716967914,0.021901962643405708,0.05818852627024072,-0.018519647462377886,0.017869790150156106,0.41453220490192755
2010-03-30,113405,38734,5753,31259,77576,084691,SILVER - COMMODITY EXCHANGE INC. ,17.31599998474121,0.40842114545214053,-46317,-0.55012442232492,32981,0.6043370067543549,0.03091836265907107,0.01528536426371749,0.017869790150156106,0.03470777504521361,0.4154493252426113
2010-04-06,118712,44052,6529,29839,81525,084691,SILVER - COMMODITY EXCHANGE INC. ,17.91699981689453,0.4353898510681313,-51686,-4.734359155240068,37523,4.005114412944756,0.048211271146869725,0.1204800221427018,0.03470777504521361,0.017916004695929244,0.41708616744250515
2010-04-13,123661,47495,7890,30927,86316,084691,SILVER - COMMODITY EXCHANGE INC. ,18.238000869750977,0.44791001204906966,-55389,-3.1193139699440664,39605,1.75382438169688,0.05014371860153698,0.0867382865396768,0.017916004695929244,-0.023193349902452032,0.4195896252323043
2010-04-20,126679,46960,8098,32605,86922,084691,SILVER - COMMODITY EXCHANGE INC. ,17.815000534057617,0.4287766717451196,-54317,0.8668860837289041,38862,-0.6008361569128504,0.01910865327499226,0.01349485996585419,-0.023193349902452032,0.016895800096593527,0.42196694433959553
2010-04-27,124157,48462,7895,29762,86183,084691,SILVER - COMMODITY EXCHANGE INC. ,18.11599922180176,0.4544326940889358,-56421,-1.660890913253183,40567,1.3459215813197136,0.03089395834231748,0.03025356211295846,0.016895800096593527,-0.016449461312964875,0.42567827416611376
2010-05-04,123448,47287,8627,32069,87457,084691,SILVER - COMMODITY EXCHANGE INC. ,17.81800079345703,0.4486747456418897,-55388,0.8320110827420121,38660,-1.5359585041520012,0.029960008701035757,0.03410594842078907,-0.016449461312964875,0.08160278936611975,0.4284835627406839
2010-05-11,122669,47848,10258,30697,83215,084691,SILVER - COMMODITY EXCHANGE INC. ,19.27199935913086,0.4281277258313021,-52518,2.3248655304257664,37590,-0.8667617134339966,0.049283657560221926,0.037724159295081404,0.08160278936611975,-0.021637600184796657,0.42985576421837507
2010-05-18,125228,51664,8874,30235,89453,084691,SILVER - COMMODITY EXCHANGE INC. ,18.854999542236328,0.4728814642092823,-59218,-5.4618526278032755,42790,4.23904980068314,0.0559788784172181,0.08589646172651888,-0.021637600184796657,-0.05791562346681234,0.4315695375339945
2010-05-25,120120,42146,7314,31781,83230,084691,SILVER - COMMODITY EXCHANGE INC. ,17.76300048828125,0.4283133533133533,-51449,6.203884115373558,34832,-6.354808828696458,0.06755006042900244,0.22397897290739993,-0.05791562346681234,0.043742633895591077,0.43149045971441846
2010-06-01,122368,41797,5912,33716,85671,084691,SILVER - COMMODITY EXCHANGE INC. ,18.540000915527344,0.4245799555439331,-51955,-0.42124542124542125,35885,0.8766233766233765,0.03665390704180522,0.03670167054434174,0.043742633895591077,-0.003883522113515059,0.4312711021847787
2010-06-08,122536,40478,5475,33856,85900,084691,SILVER - COMMODITY EXCHANGE INC. ,18.468000411987305,0.4247241626950447,-52044,-0.0727314330543933,35003,-0.7207766736401674,0.0030812652393199507,0.03821295671664527,-0.003883522113515059,0.005468910001093619,0.43156712900753125
2010-06-15,131070,43464,5948,34328,88109,084691,SILVER - COMMODITY EXCHANGE INC. ,18.569000244140625,0.4103227283131151,-53781,-1.4175425997257949,37516,2.0508258797414634,0.02189697558744497,0.07000323807981866,0.005468910001093619,0.01760997684352028,0.4309759397954109
2010-06-22,139019,46666,6615,35668,91244,084691,SILVER - COMMODITY EXCHANGE INC. ,18.895999908447266,0.3997726929412526,-55576,-1.3694972152285039,40051,1.9340810254062715,0.03526065305093293,0.07261500347215706,0.01760997684352028,-0.015982220958910998,0.4302300129109735
2010-06-29,128065,47455,5545,30402,88911,084691,SILVER - COMMODITY EXCHANGE INC. ,18.5939998626709,0.4568695584273611,-58509,-2.109783554765895,41910,1.3372272854789633,0.06368962309220286,0.03507547169811321,-0.015982220958910998,-0.040927163880064565,0.4313758019796813
2010-07-06,118962,39876,4832,29776,82143,084691,SILVER - COMMODITY EXCHANGE INC. ,17.83300018310547,0.4401993914022965,-52367,4.79600203021903,35044,-5.361339944559403,0.06606563675515328,0.1854701619396976,-0.040927163880064565,0.022654591177317496,0.4323977416012237
2010-07-13,117959,39176,3994,30751,81965,084691,SILVER - COMMODITY EXCHANGE INC. ,18.23699951171875,0.434167804067515,-51214,0.9692170609102065,35182,0.11600342966661623,0.010229248731324745,0.03562659254111652,0.022654591177317496,-0.0302681395271005,0.4335756257378471
2010-07-20,117531,37827,6193,31904,79864,084691,SILVER - COMMODITY EXCHANGE INC. ,17.684999465942383,0.40806255370923417,-47960,2.7585856102544106,31634,-3.0078247526683,0.029113878748836877,0.08059972739663789,-0.0302681395271005,-0.0036188395791947325,0.43474174611467653
2010-07-27,117370,38480,8143,32835,79603,084691,SILVER - COMMODITY EXCHANGE INC. ,17.621000289916992,0.3984663883445514,-46768,1.014200508801933,30337,-1.1035386408692176,0.010601398103843897,0.05583081311798897,-0.0036188395791947325,0.04460582743111696,0.43590728574338616
2010-08-03,123464,43185,6730,31537,84080,084691,SILVER - COMMODITY EXCHANGE INC. ,18.40699958801269,0.42557344651072376,-52543,-4.920337394564199,36455,5.2125756155746785,0.049949401904564206,0.12256836622257838,0.04460582743111696,-0.014179371185263578,0.4370321809360449
2010-08-10,123370,42597,6863,31676,84429,084691,SILVER - COMMODITY EXCHANGE INC. ,18.145999908447266,0.42759990273162035,-52753,-0.17009006674010238,35734,-0.5839758958076848,0.0042030920287670645,0.014577436312171451,-0.014179371185263578,0.024247797656649972,0.4377078986945437
2010-08-17,128848,43251,7679,33949,87693,084691,SILVER - COMMODITY EXCHANGE INC. ,18.586000442504883,0.41711163541537316,-53744,-0.8032747021155872,35572,-0.13131231255572667,0.04551881751368771,0.02886314549381504,0.024247797656649972,-0.011675506087229448,0.43795805620281614
2010-08-24,124185,42255,7448,31306,82158,084691,SILVER - COMMODITY EXCHANGE INC. ,18.36899948120117,0.4094858477271812,-50852,2.244505153358997,34807,-0.593722836210108,0.0720757244588592,0.024686638633482888,-0.011675506087229448,0.05601836055442222,0.43782279631105464
2010-08-31,130813,54472,9659,27884,87261,084691,SILVER - COMMODITY EXCHANGE INC. ,19.39800071716309,0.45390748625901095,-59377,-6.864758223617989,44813,8.057333816483473,0.07403708367710278,0.22497700020271008,0.05601836055442222,0.025002509798538464,0.43846129903248976
2010-09-07,139522,59112,11909,28855,90653,084691,SILVER - COMMODITY EXCHANGE INC. ,19.882999420166016,0.4429265635527014,-61798,-1.85073348979077,47203,1.8270355392812643,0.036508016199752316,0.09701355936976387,0.025002509798538464,0.026052389687366784,0.43831552721301503
2010-09-14,144798,60696,11905,29764,94825,084691,SILVER - COMMODITY EXCHANGE INC. ,20.400999069213867,0.4493225044544814,-65061,-2.3386992732328955,48791,1.1381717578589756,0.04078209151690759,0.021872976956240273,0.026052389687366784,0.010734855154717282,0.4376398586168616
2010-09-21,146767,62013,12642,28973,94276,084691,SILVER - COMMODITY EXCHANGE INC. ,20.6200008392334,0.44494334557495896,-65303,-0.16712938024005855,49371,0.4005580187571652,0.01087229916672752,0.027513227513227514,0.010734855154717282,0.05179431826580405,0.43658270688242495
2010-09-28,154219,66066,14585,29034,94447,084691,SILVER - COMMODITY EXCHANGE INC. ,21.6879997253418,0.424156556585116,-65413,-0.0749487282563519,51481,1.4376528783718412,0.0018788315611308623,0.07434501742073873,0.05179431826580405,0.04730731231814089,0.4350847226220148
2010-10-05,156096,63681,15198,30023,92150,084691,SILVER - COMMODITY EXCHANGE INC. ,22.714000701904297,0.398005073800738,-62127,2.130736160914025,48483,-1.9439887432806593,0.026896286413528356,0.03800758123201359,0.04730731231814089,0.018270625841088295,0.4331593688447158
2010-10-12,153970,59615,14263,29899,91403,084691,SILVER - COMMODITY EXCHANGE INC. ,23.128999710083008,0.39945443917646295,-61504,0.39911336613366133,45352,-2.0058169331693314,0.007180425714332822,0.06769268253065866,0.018270625841088295,0.02745472077657607,0.43132975954122277
2010-10-19,151104,56278,12981,28601,86751,084691,SILVER - COMMODITY EXCHANGE INC. ,23.763999938964844,0.3848342863193562,-58150,2.178346431122946,43297,-1.3346755861531467,0.051581246965809,0.06669169349831791,0.02745472077657607,0.0025248050032185,0.4294800251303868
2010-10-26,152980,53018,12509,30157,88023,084691,SILVER - COMMODITY EXCHANGE INC. ,23.823999404907227,0.3782585958948882,-57866,0.18795002117746717,40509,-1.845086827615417,0.023929598916906415,0.05695362217101348,0.0025248050032185,0.04231033213117952,0.42738360159199373
2010-11-02,158633,52625,12834,31152,87200,084691,SILVER - COMMODITY EXCHANGE INC. ,24.832000732421875,0.3533186663556763,-56048,1.1883906392992547,39791,-0.4693423976990456,0.015360957144788428,0.01096869796361081,0.04231033213117952,0.1639014004018704,0.42486094639211447
2010-11-09,156418,46004,13421,33976,84461,084691,SILVER - COMMODITY EXCHANGE INC. ,28.902000427246094,0.32275697170402384,-50485,3.506836534642855,32583,-4.543821273001204,0.04697011913506759,0.12129575094657132,0.1639014004018704,-0.12708464055764124,0.4222912059900938
2010-11-16,146693,40243,12139,37001,82655,084691,SILVER - COMMODITY EXCHANGE INC. ,25.22900009155273,0.31122139434056156,-45654,3.088519224130215,28104,-2.863481185029856,0.040374072340710034,0.1344545836356,-0.12708464055764124,0.0927107968376224,0.4203809336590363
2010-11-23,147685,40307,9881,37420,84273,084691,SILVER - COMMODITY EXCHANGE INC. ,27.56800079345703,0.3172495514100958,-46853,-0.8173532479395744,30426,1.5828976161098347,0.016738842825799346,0.046266039690762734,0.0927107968376224,0.022380972675820177,0.41738003052372985
2010-11-30,133139,40818,6784,29791,79561,084691,SILVER - COMMODITY EXCHANGE INC. ,28.184999465942383,0.3738198424203276,-49770,-1.975149812100078,34034,2.4430375461285845,0.11285573194820396,0.07579513465820764,0.022380972675820177,0.055455020576830716,0.4152633852402756
2010-12-07,137675,42606,9637,29245,78070,084691,SILVER - COMMODITY EXCHANGE INC. ,29.74799919128418,0.3546395496640639,-48825,0.7097845109246728,32969,-0.7999158773912978,0.0189815030517635,0.08883486782918286,0.055455020576830716,0.00036982611312175173,0.41264770950813034
2010-12-14,130145,39450,9218,28454,76590,084691,SILVER - COMMODITY EXCHANGE INC. ,29.75900077819824,0.36986438203542205,-48136,0.5004539676775013,30232,-1.9880152533139641,0.02161951182361677,0.07345689159201117,0.00036982611312175173,-0.012870100389769545,0.41061652667614756
2010-12-21,133135,39180,8885,30852,77909,084691,SILVER - COMMODITY EXCHANGE INC. ,29.375999450683597,0.3534532617268186,-47057,0.8290752622075378,30295,0.0484075454300972,0.034175853476889693,0.012545511286799127,-0.012870100389769545,0.03135217359573916,0.4084252771509836
2010-12-28,137918,41539,9420,30286,81177,084691,SILVER - COMMODITY EXCHANGE INC. ,30.29700088500977,0.3689946199915892,-50891,-2.8797836782213544,32119,1.3700379314229916,0.03439706449673883,0.05679075335073294,0.03135217359573916,-0.026570296783866798,0.40665098945104666
2011-01-04,136931,40483,10448,29598,79349,084691,SILVER - COMMODITY EXCHANGE INC. ,29.492000579833984,0.3633289759075739,-49751,0.8265781116315492,30035,-1.5110427935439898,0.023093797901732036,0.04091810488700399,-0.026570296783866798,-6.784242087631842e-05,0.4048363860869889
2011-01-11,136331,38570,9301,30787,77537,084691,SILVER - COMMODITY EXCHANGE INC. ,29.489999771118164,0.3429154044201245,-46750,2.1916147548765434,29269,-0.5594058321344327,0.027703925261253277,0.06392178981011468,-6.784242087631842e-05,-0.01997289611650488,0.4022028340049336
2011-01-18,135675,40010,10357,30663,76031,084691,SILVER - COMMODITY EXCHANGE INC. ,28.900999069213867,0.3343873226460291,-45368,1.0137092810879405,29653,0.28166741240070126,0.015277335182859392,0.049556257073083566,-0.01997289611650488,-0.0723157784349947,0.39960381912878407
2011-01-25,125229,38699,10473,29818,72964,084691,SILVER - COMMODITY EXCHANGE INC. ,26.81100082397461,0.3445368085667058,-43146,1.6377372397272896,28226,-1.0517781463055094,0.03806113910996089,0.029020580818351908,-0.0723157784349947,0.06389165981227718,0.3978053737740612
2011-02-01,125287,37883,7203,31966,76767,084691,SILVER - COMMODITY EXCHANGE INC. ,28.52400016784668,0.3575869802932467,-44801,-1.321578867514713,30680,1.9596099944900942,0.05473039463640293,0.0906268021115202,0.06389165981227718,0.061246660016846866,0.3973580240307367
2011-02-08,135797,44915,7852,31150,82267,084691,SILVER - COMMODITY EXCHANGE INC. ,30.270999908447266,0.37642215954697084,-51117,-5.041225346604197,37063,5.094702562915546,0.055688300695662905,0.14556446263763337,0.061246660016846866,0.01394076463566063,0.3984673502990458
2011-02-15,147113,50718,9781,34051,89098,084691,SILVER - COMMODITY EXCHANGE INC. ,30.69300079345703,0.3741817514427685,-55047,-2.89402564121446,40937,2.852787616810386,0.07902622026975452,0.1278037653514934,0.01394076463566063,0.0707326609815131,0.3995456542132259
2011-02-22,145070,50937,11714,31935,89728,084691,SILVER - COMMODITY EXCHANGE INC. ,32.86399841308594,0.3983800923692011,-57793,-1.8665923473792256,39223,-1.165090780556443,0.022570543221850523,0.03434901278511117,0.0707326609815131,0.047224988682661895,0.40069093186825816
2011-03-01,135802,49750,11848,31676,88136,084691,SILVER - COMMODITY EXCHANGE INC. ,34.41600036621094,0.41575234532628386,-56460,0.918866753980837,37902,-0.9105948852278211,0.015449203752545654,0.021445501477320692,0.047224988682661895,0.03594257027418024,0.4014129846254738
2011-03-08,133485,50394,11900,30841,86191,084691,SILVER - COMMODITY EXCHANGE INC. ,35.65299987792969,0.41465333183503766,-55350,0.8173664599932253,38494,0.4359287786630536,0.023754186889055985,0.011172825633287316,0.03594257027418024,-0.04310994177325167,0.40153236496331357
2011-03-15,134914,47290,12336,31210,84631,084691,SILVER - COMMODITY EXCHANGE INC. ,34.11600112915039,0.39596335443319447,-53421,1.4451061917069332,34954,-2.6519833689178562,0.016652135254357266,0.0593700734578875,-0.04310994177325167,0.06316680466561331,0.40106214600843515
2011-03-22,135988,47552,10777,31526,86708,084691,SILVER - COMMODITY EXCHANGE INC. ,36.27099990844727,0.4057858046298203,-55182,-1.3052759535704226,36775,1.3497487288198409,0.020239525009726474,0.03121946201717842,0.06316680466561331,0.019464621419875705,0.40105548372907074
2011-03-29,138486,47764,10625,32587,87882,084691,SILVER - COMMODITY EXCHANGE INC. ,36.97700119018555,0.399282237915746,-55295,-0.08309556725593435,37139,0.2676706768244257,0.018552490682250206,0.006234050934251315,0.019464621419875705,0.05944230132589534,0.40087973550721695
2011-04-05,143013,48890,12105,33413,89827,084691,SILVER - COMMODITY EXCHANGE INC. ,39.17499923706055,0.39446763580933203,-56414,-0.8080239157748798,36785,-0.25562150686712015,0.022484582927620903,0.042724813509304044,0.05944230132589534,0.022539870768668147,0.4000927698291631
2011-04-12,144670,46305,13583,34794,86073,084691,SILVER - COMMODITY EXCHANGE INC. ,40.05799865722656,0.35445496647542685,-51279,3.590582674302336,32722,-2.8410004684888785,0.04248471460365526,0.06784330750734704,0.022539870768668147,0.09638524615454358,0.39829555741428535
2011-04-19,144981,48325,14559,34043,86735,084691,SILVER - COMMODITY EXCHANGE INC. ,43.91899871826172,0.3634407267159145,-52692,-0.976705605861616,33766,0.721642358471003,0.011699150507542765,0.047643279689587176,0.09638524615454358,0.025934105334948,0.39703909693295447
2011-04-26,143341,43078,18083,35763,78297,084691,SILVER - COMMODITY EXCHANGE INC. ,45.05799865722656,0.2967329654460343,-42534,7.006435326008235,24995,-6.049758244183721,0.08905839032088375,0.14340838115792745,0.025934105334948,-0.055084524780717126,0.3940064098436679
2011-05-03,131907,42751,19397,30743,73203,084691,SILVER - COMMODITY EXCHANGE INC. ,42.57600021362305,0.3218934552374021,-42460,0.05162514563174528,23354,-1.144822486239108,0.09730052142458584,0.02640471133423441,-0.055084524780717126,-0.09620444970958364,0.3915683081051201
2011-05-10,123537,34239,10753,33266,74602,084691,SILVER - COMMODITY EXCHANGE INC. ,38.47999954223633,0.33460420764629223,-41336,0.8521155056213847,23486,0.10007050421888149,0.03635925390291838,0.3813122332859175,-0.09620444970958364,-0.1297297463414644,0.38976977890925457
2011-05-17,120227,30936,13501,36082,70099,084691,SILVER - COMMODITY EXCHANGE INC. ,33.487998962402344,0.2829397722641337,-34017,5.924540825825461,17435,-4.898127686442119,0.06892946949077519,0.13617030852667822,-0.1297297463414644,0.07862516429011301,0.3861170540641555
2011-05-24,121395,31754,14171,33663,68622,084691,SILVER - COMMODITY EXCHANGE INC. ,36.12099838256836,0.2879772643024836,-34959,-0.7835178454091011,17583,0.12310046828083543,0.03808965146404654,0.03240065323897659,0.07862516429011301,0.0604081592133745,0.3834182831216388
2011-05-31,120853,28870,11288,36702,71025,084691,SILVER - COMMODITY EXCHANGE INC. ,38.303001403808594,0.2840061893374596,-34323,0.5239095514642284,17582,-0.0008237571563902962,0.05051658358628756,0.14360774938990986,0.0604081592133745,-0.0329739300313856,0.380714941463822
2011-06-07,121191,28761,11762,37428,70756,084691,SILVER - COMMODITY EXCHANGE INC. ,37.040000915527344,0.2750039194329612,-33328,0.8233142743663789,16999,-0.48240424317145625,0.009197293499963026,0.01438689139501024,-0.0329739300313856,-0.04400650723072552,0.37783570601647426
2011-06-14,118846,29261,12674,38561,71785,084691,SILVER - COMMODITY EXCHANGE INC. ,35.40999984741211,0.2795550544401999,-33224,0.08581495325560479,16587,-0.3399592378972036,0.01959291682525873,0.033671157744127815,-0.04400650723072552,0.027195742879707607,0.37532094305737973
2011-06-21,120238,30454,11131,35382,70946,084691,SILVER - COMMODITY EXCHANGE INC. ,36.37300109863281,0.29578003626141486,-35564,-1.9689345876175892,19323,2.302138902445181,0.03778872921525844,0.06579295419021282,0.027195742879707607,-0.07533064624051022,0.3733210842750752
2011-06-28,114330,27439,11441,36894,66060,084691,SILVER - COMMODITY EXCHANGE INC. ,33.632999420166016,0.255103647336657,-29166,5.321113125634159,15998,-2.765348725028693,0.06214425860092857,0.08551954732510288,-0.07533064624051022,0.05259718245704259,0.3694409706002539
2011-07-05,111251,28131,9296,33548,66999,084691,SILVER - COMMODITY EXCHANGE INC. ,35.402000427246094,0.3006804433218578,-33451,-3.747922679961515,18835,2.4814134522872386,0.042616885635573414,0.07580089240387955,0.05259718245704259,0.00641210065662956,0.3667579139063993
2011-07-12,112795,29967,9464,30712,68202,084691,SILVER - COMMODITY EXCHANGE INC. ,35.62900161743164,0.3323728888691875,-37490,-3.630529163782797,20503,1.4993123657315441,0.04083345128091069,0.05082295655702366,0.00641210065662956,0.128603011864437,0.36480031938335455
2011-07-19,115999,34248,13499,31009,70522,084691,SILVER - COMMODITY EXCHANGE INC. ,40.21099853515625,0.34063224682971405,-39513,-1.7935192162773173,20749,0.21809477370450817,0.025775378948301505,0.174168010555637,0.128603011864437,0.011937116073203802,0.3635035827125946
2011-07-26,119563,37358,13445,29990,72763,084691,SILVER - COMMODITY EXCHANGE INC. ,40.69100189208984,0.3577444527153049,-42773,-2.810369054905646,23913,2.7276097207734553,0.0317265675941335,0.06227978662677401,0.011937116073203802,-0.014991044260085795,0.36272046856587825
2011-08-02,120385,38265,13414,30441,75029,084691,SILVER - COMMODITY EXCHANGE INC. ,40.08100128173828,0.37037836939818086,-44588,-1.5180281525221013,24851,0.7845236402566012,0.02576087987105338,0.018150506008243195,-0.014991044260085795,-0.05498870561837188,0.36165902477525247
2011-08-09,115939,32101,13713,36394,71735,084691,SILVER - COMMODITY EXCHANGE INC. ,37.87699890136719,0.3048240885293128,-35341,7.681189516966399,18388,-5.368609045977489,0.08551822360328866,0.14107041515693894,-0.05498870561837188,0.05132403042814615,0.35929795142520804
2011-08-16,116007,32697,10769,34555,75236,084691,SILVER - COMMODITY EXCHANGE INC. ,39.82099914550781,0.3506771143120674,-40681,-4.605870328362329,21928,3.053329768240195,0.048637866491788945,0.0814429669166705,0.05132403042814615,0.06177642794656424,0.35802036448091373
2011-08-23,122543,38756,11745,34281,81380,084691,SILVER - COMMODITY EXCHANGE INC. ,42.28099822998047,0.3843467191108427,-47099,-5.532424767470928,27011,4.381632142887929,0.05548975021831041,0.13930417219461,0.06177642794656424,-0.020884072210478277,0.3575369196998303
2011-08-30,112375,36537,9694,31944,77092,084691,SILVER - COMMODITY EXCHANGE INC. ,41.39799880981445,0.401761957730812,-45148,1.5920942036672843,26843,-0.13709473409333867,0.06075974907370043,0.09236226774242391,-0.020884072210478277,0.010145465861093994,0.356534121074288
2011-09-06,113449,37185,9978,30563,77869,084691,SILVER - COMMODITY EXCHANGE INC. ,41.81800079345703,0.4169803171469118,-47306,-1.9203559510567296,27207,0.3239154616240267,0.019901873985539324,0.01976125352500901,0.010145465861093994,-0.016619629863629415,0.3560351547972536
2011-09-13,112726,36588,10301,31851,77238,084691,SILVER - COMMODITY EXCHANGE INC. ,41.12300109863281,0.402631158738889,-45387,1.691508959973204,26287,-0.8109370730460382,0.017591141178303953,0.019620806585766384,-0.016619629863629415,-0.025338613161897228,0.355137244302723
2011-09-20,112103,33947,11409,32373,73081,084691,SILVER - COMMODITY EXCHANGE INC. ,40.08100128173828,0.3631303354950358,-40708,4.150772670014017,22538,-3.3257633553927217,0.04437005708650217,0.08265720081135902,-0.025338613161897228,-0.2141663448175568,0.3535639171858014
2011-09-27,102014,25153,9728,38025,62287,084691,SILVER - COMMODITY EXCHANGE INC. ,31.496999740600582,0.2378301017507401,-24262,14.670437008822242,15425,-6.345057670178318,0.1639484807400909,0.3003067572603996,-0.2141663448175568,-0.05403688218953462,0.3499807161312941
2011-10-04,101102,23859,11959,39584,58507,084691,SILVER - COMMODITY EXCHANGE INC. ,29.795000076293945,0.187167415085755,-18923,5.233595388868195,11900,-3.4554080812437507,0.05442905057548603,0.09841420514824949,-0.05403688218953462,0.07276386178978633,0.34592614577139064
2011-10-11,99698,23571,11623,37590,58418,084691,SILVER - COMMODITY EXCHANGE INC. ,31.96299934387207,0.20891091095107223,-20828,-1.8842357223398152,11948,0.04747680560226306,0.021696108657611866,0.01773029493663693,0.07276386178978633,-0.005068321249718899,0.34226184715167157
2011-10-18,103357,23005,12653,40121,58895,084691,SILVER - COMMODITY EXCHANGE INC. ,31.801000595092773,0.18164226902870634,-18774,2.0602218700475436,10352,-1.6008345202511585,0.03037892865799467,0.0447585394581861,-0.005068321249718899,0.03877235868565765,0.33835430835762065
2011-10-25,107066,23660,12638,38176,61692,084691,SILVER - COMMODITY EXCHANGE INC. ,33.03400039672852,0.21964022191919003,-23516,-4.587981462310245,11022,0.6482386292171792,0.04748267713381664,0.0184583172626591,0.03877235868565765,-0.009444822634594008,0.3353039550119341
2011-11-01,108675,24084,11910,39207,62049,084691,SILVER - COMMODITY EXCHANGE INC. ,32.72200012207031,0.21018633540372672,-22842,0.6295182410849383,12174,1.0759718304597166,0.013707829659476969,0.032005334222370396,-0.009444822634594008,0.07380358494340555,0.3325514101859351
2011-11-08,111841,24414,11474,41455,66166,084691,SILVER - COMMODITY EXCHANGE INC. ,35.137001037597656,0.2209475952468236,-24711,-1.7198067632850242,12940,0.7048539222452266,0.059142732366359724,0.021344181899242087,0.07380358494340555,-0.01960893518738671,0.33059353756175813
2011-11-15,110513,25822,11375,38950,65242,084691,SILVER - COMMODITY EXCHANGE INC. ,34.448001861572266,0.23790866232931873,-26292,-1.4136139698321724,14447,1.347448610080382,0.03291039619164619,0.04051401994784526,-0.01960893518738671,-0.043543889890266585,0.3291836773307727
2011-11-22,108548,23577,10953,40241,61972,084691,SILVER - COMMODITY EXCHANGE INC. ,32.948001861572266,0.2001971478055791,-21731,4.127116266864532,12624,-1.6495796874575843,0.04462250398677272,0.07723718505647263,-0.043543889890266585,-0.033234222375719824,0.3269326695691474
2011-11-29,98959,23816,11722,38884,59572,084691,SILVER - COMMODITY EXCHANGE INC. ,31.85300064086914,0.20905627583140493,-20688,0.960865239341121,12094,-0.48826325680804805,0.038159177703745835,0.02836400472733412,-0.033234222375719824,0.025711871021965926,0.32376413944243737
2011-12-06,95684,23211,10581,35493,58012,084691,SILVER - COMMODITY EXCHANGE INC. ,32.672000885009766,0.23534760252497805,-22519,-1.8502612192928383,12630,0.5416384563303994,0.05294904015828031,0.05166903409090909,0.025711871021965926,-0.045206940198854184,0.32147006353591645
2011-12-13,98311,25572,11905,35629,55934,084691,SILVER - COMMODITY EXCHANGE INC. ,31.19499969482422,0.20653843415284148,-20305,2.313866477153965,13667,1.0837757618828645,0.024180072736804167,0.09832697387731142,-0.045206940198854184,-0.05446383784350928,0.31832917992278986
2011-12-20,101165,24302,16874,40017,54842,084691,SILVER - COMMODITY EXCHANGE INC. ,29.496000289916992,0.14654277665200416,-14825,5.574147348719879,7428,-6.3461871001210435,0.0577699532991071,0.15152030308917816,-0.05446383784350928,-0.02708841125995265,0.31435013213288965
2011-12-27,103993,24026,17171,41224,55356,084691,SILVER - COMMODITY EXCHANGE INC. ,28.69700050354004,0.13589376208014,-14132,0.6850195225621509,6855,-0.5664014234171897,0.017819424311451646,0.013908779765516906,-0.02708841125995265,0.02913197992249228,0.3098674233269002
2012-01-03,107101,26629,16991,41300,57216,084691,SILVER - COMMODITY EXCHANGE INC. ,29.53300094604492,0.14860738928674802,-15916,-1.7155000817362704,9638,2.676141663381189,0.01965163019205002,0.06380100871160019,0.02913197992249228,0.008465106558481317,0.3057381620457305
2012-01-10,104345,26208,15137,38959,58021,084691,SILVER - COMMODITY EXCHANGE INC. ,29.78300094604492,0.18268244764962385,-19062,-2.937414216487241,11071,1.3379893745156441,0.0324396782841823,0.05502479138952715,0.008465106558481317,0.010845111102430138,0.30265675903091316
2012-01-17,103668,26209,12816,39029,59411,084691,SILVER - COMMODITY EXCHANGE INC. ,30.106000900268555,0.1966084037504341,-20382,-1.265034261344578,13393,2.2253102688197806,0.014831369362047948,0.0595003203074952,0.010845111102430138,0.06061910585987329,0.3000071644367671
2012-01-24,103025,27051,10934,35283,60304,084691,SILVER - COMMODITY EXCHANGE INC. ,31.93099975585937,0.24286338267410823,-25021,-4.474862059651966,16117,2.6276189373770116,0.04853170410202224,0.07171251809924971,0.06061910585987329,0.04077548348250781,0.29805190624652483
2012-01-31,101747,28465,9374,33693,62422,084691,SILVER - COMMODITY EXCHANGE INC. ,33.233001708984375,0.2823572193774755,-28729,-3.5991264256248483,19091,2.886677990778937,0.03857878582947511,0.07859615740373689,0.04077548348250781,0.028044388367452378,0.2966051800750677
2012-02-07,106008,32239,8652,31795,66445,084691,SILVER - COMMODITY EXCHANGE INC. ,34.165000915527344,0.3268621236133122,-34650,-5.819336196644619,23587,4.4188035028059796,0.06027076547231271,0.10995084492920203,0.028044388367452378,-0.024557315364302723,0.2956521024609589
2012-02-14,104872,32860,7192,31427,68737,084691,SILVER - COMMODITY EXCHANGE INC. ,33.32600021362305,0.3557670302845373,-37310,-2.509244585314316,25668,1.963059391744019,0.026556447426220996,0.05195745530809947,-0.024557315364302723,0.032617115131491126,0.29529797320791595
2012-02-21,110583,34819,8154,31735,70923,084691,SILVER - COMMODITY EXCHANGE INC. ,34.41299819946289,0.3543763507953302,-39188,-1.7907544435120908,26665,0.950682737050881,0.024294258606245983,0.06797291322458288,0.032617115131491126,0.07924334794601262,0.29445174740841845
2012-02-28,115866,38012,8009,33802,78395,084691,SILVER - COMMODITY EXCHANGE INC. ,37.13999938964844,0.3848670015362574,-44593,-4.88773138728376,30003,3.018547154625937,0.08502009857661079,0.07253210490862867,0.07924334794601262,-0.11844368155062823,0.2938577984893795
2012-03-06,111023,30635,7443,36329,72125,084691,SILVER - COMMODITY EXCHANGE INC. ,32.74100112915039,0.3224196788052926,-35796,7.592391210536309,23192,-5.878342222912675,0.08111272982093791,0.20859814065864804,-0.11844368155062823,0.024525749409549658,0.2920840743926536
2012-03-13,111730,28459,6643,35341,70972,084691,SILVER - COMMODITY EXCHANGE INC. ,33.54399871826172,0.3189027118947463,-35631,0.14861785395818883,21816,-1.2393828305846537,0.020138647202129562,0.08478149393196968,0.024525749409549658,-0.05184231098062875,0.29060213895922193
2012-03-20,111422,28489,7320,37622,69748,084691,SILVER - COMMODITY EXCHANGE INC. ,31.80500030517578,0.28832726032560896,-32126,3.137026760941555,21169,-0.579074554730153,0.03264412778243457,0.019743639867072525,-0.05184231098062875,0.02502755625494002,0.28834332079952557
2012-03-27,109859,26897,8242,38722,68400,084691,SILVER - COMMODITY EXCHANGE INC. ,32.60100173950195,0.27014627841141825,-29678,2.197052646694549,18655,-2.2562869092279803,0.02285244860999608,0.07154443780414924,0.02502755625494002,0.01990731038524096,0.2858599369629039
2012-04-03,116434,29242,9187,39894,71230,084691,SILVER - COMMODITY EXCHANGE INC. ,33.25,0.2691310098424859,-31336,-1.5092072565743362,20055,1.2743607715344214,0.036013822396601995,0.0856124281141846,0.01990731038524096,-0.047518794697926414,0.2834496172327722
2012-04-10,114469,28154,9968,42151,68537,084691,SILVER - COMMODITY EXCHANGE INC. ,31.670000076293945,0.23050782307873746,-26386,4.251335520552416,18186,-1.605201229881306,0.04472029488291414,0.049026808666911496,-0.047518794697926414,-0.00015785161839465545,0.28106601832129746
2012-04-17,121448,28051,9644,44523,71020,084691,SILVER - COMMODITY EXCHANGE INC. ,31.665000915527344,0.21817568012647387,-26497,-0.09696948518812953,18407,0.19306537141060023,0.04201898860164614,0.011327762302692664,-0.00015785161839465545,-0.02921209908936373,0.27827245973303893
2012-04-24,122325,28913,12442,48344,70697,084691,SILVER - COMMODITY EXCHANGE INC. ,30.739999771118164,0.18273451870018392,-22353,3.4121599367630586,16471,-1.594097885514788,0.03481153552137499,0.08850199492201669,-0.02921209908936373,0.004456767684376306,0.27608018191100336
2012-05-01,110862,26855,11271,42450,66193,084691,SILVER - COMMODITY EXCHANGE INC. ,30.87700080871582,0.2141671627789504,-23743,-1.1363171878193337,15584,-0.7251175148170856,0.09570796093627754,0.08469286051513403,0.004456767684376306,-0.04738158541640902,0.27400852244064855
2012-05-08,113549,28008,15445,45482,63381,084691,SILVER - COMMODITY EXCHANGE INC. ,29.41399955749512,0.15763238777972505,-17899,5.271418520322563,12563,-2.725009471234508,0.0536821509603814,0.12259222608335443,-0.04738158541640902,-0.0462364426280949,0.2706052182124453
2012-05-15,114208,27251,15777,45565,61473,084691,SILVER - COMMODITY EXCHANGE INC. ,28.054000854492188,0.13928971700756515,-15908,1.7534280354736722,11474,-0.95905732327013,0.018600870718810142,0.025309101050478757,-0.0462364426280949,0.003956657077572645,0.267842717149819
2012-05-22,113647,28018,17221,44547,59769,084691,SILVER - COMMODITY EXCHANGE INC. ,28.165000915527344,0.1339410631164923,-15222,0.6006584477444663,10797,-0.5927780891005884,0.026093791939874995,0.04887375936691792,0.003956657077572645,-0.014131038673024565,0.2648804825116269
2012-05-29,113961,26499,17941,45817,60151,084691,SILVER - COMMODITY EXCHANGE INC. ,27.767000198364254,0.1257798720614947,-14334,0.7813668640615239,8558,-1.970135595308279,0.015589611958327042,0.05038253825382538,-0.014131038673024565,0.022436676156356583,0.26183766871785835
2012-06-05,116809,27809,18015,44927,61452,084691,SILVER - COMMODITY EXCHANGE INC. ,28.38999938964844,0.14147026342148294,-16525,-1.9225875518817843,9794,1.0845815673783137,0.0205961702967691,0.030202513966480448,0.022436676156356583,0.019478739545525592,0.25926971379456065
2012-06-12,122080,26716,17107,46701,64620,084691,SILVER - COMMODITY EXCHANGE INC. ,28.94300079345703,0.1467807994757536,-17919,-1.1934011934011934,9609,-0.15837820715869497,0.04439413947054015,0.04566095429340757,0.019478739545525592,-0.020073982165305537,0.25671636273755205
2012-06-19,122508,27767,17665,47447,64401,084691,SILVER - COMMODITY EXCHANGE INC. ,28.36199951171875,0.13839096222287525,-16954,0.7904652686762779,10102,0.40383355176933156,0.00862778055933052,0.03541556612079592,-0.020073982165305537,-0.04671739928079999,0.2536896497752725
2012-06-26,126164,28362,22140,48591,60602,084691,SILVER - COMMODITY EXCHANGE INC. ,27.03700065612793,0.09520148378301259,-12011,4.034838541156495,6222,-3.1671401051359913,0.04526846959054152,0.1003920636806463,-0.04671739928079999,0.04460551633401333,0.2506146081684716
2012-07-03,122128,28662,18956,45803,63157,084691,SILVER - COMMODITY EXCHANGE INC. ,28.243000030517575,0.14209681645486702,-17354,-4.234964015091468,9706,2.761485051203196,0.049036343612334804,0.07316560964341215,0.04460551633401333,-0.04928655584959629,0.2475649230364141
2012-07-10,124109,28434,19652,48371,62478,084691,SILVER - COMMODITY EXCHANGE INC. ,26.85099983215332,0.11366621276458597,-14107,2.658685968819599,8782,-0.7565832569107821,0.029292100064051096,0.019215572099987522,-0.04928655584959629,0.01642396884652042,0.24335902541901788
2012-07-17,121819,28431,20775,48214,63349,084691,SILVER - COMMODITY EXCHANGE INC. ,27.29199981689453,0.12424170285423457,-15135,-0.8283041519954234,7656,-0.9072669991700844,0.009214524528741608,0.022883388204690484,0.01642396884652042,-0.018393628342926904,0.23919766880410484
2012-07-24,123661,30291,22132,47198,62653,084691,SILVER - COMMODITY EXCHANGE INC. ,26.790000915527344,0.12497877261222212,-15455,-0.26268480286326434,8159,0.4129076745006936,0.015584746611318968,0.06136619422772447,-0.018393628342926904,0.04124671535923219,0.23472140572519937
2012-07-31,121809,31394,18358,43698,65060,084691,SILVER - COMMODITY EXCHANGE INC. ,27.895000457763672,0.17537291989918644,-21362,-4.7767687468158915,13036,3.9438464835315905,0.05431324592213906,0.09802621000160798,0.04124671535923219,0.0064527801477660685,0.23097130092714183
2012-08-07,124276,31421,17741,44595,66447,084691,SILVER - COMMODITY EXCHANGE INC. ,28.075000762939453,0.17583443303614535,-21852,-0.40226912625503863,13680,0.5286965659351937,0.020568793789737215,0.013099548431715553,0.0064527801477660685,-0.011362430470944873,0.22849073062919625
2012-08-14,128993,32317,16730,47797,71199,084691,SILVER - COMMODITY EXCHANGE INC. ,27.756000518798828,0.18142069724713744,-23402,-1.2472239209501432,15587,1.5344877530657568,0.0668425829439645,0.0388810732562644,-0.011362430470944873,0.059986992976564624,0.22523579953179376
2012-08-21,127776,35646,14446,43146,75623,084691,SILVER - COMMODITY EXCHANGE INC. ,29.42099952697754,0.2541713623841723,-32477,-7.0352654795221445,21200,4.351398913119317,0.07640882721922387,0.11205382096941627,0.059986992976564624,0.049216545239936016,0.22273242728705014
2012-08-28,121777,39708,11070,38039,76613,084691,SILVER - COMMODITY EXCHANGE INC. ,30.86899948120117,0.31675932236793486,-38574,-4.771631605309292,28638,5.821124467818683,0.053178313505215784,0.1464807593839852,0.049216545239936016,0.047912148641339414,0.2210977612223794
2012-09-04,119504,42283,9853,32297,77217,084691,SILVER - COMMODITY EXCHANGE INC. ,32.347999572753906,0.3758869995983398,-44920,-5.211164669847344,32430,3.1138885011126898,0.05794692915974213,0.07273285253951205,0.047912148641339414,0.0358909148457387,0.2203075051156761
2012-09-11,121050,41371,9889,32206,79478,084691,SILVER - COMMODITY EXCHANGE INC. ,33.50899887084961,0.39051631557207767,-47272,-1.9681349578256795,31482,-0.7932788860623912,0.021059417642634574,0.018493952399531798,0.0358909148457387,0.03387156210201914,0.22007452736246821
2012-09-18,127032,43205,10650,31884,82358,084691,SILVER - COMMODITY EXCHANGE INC. ,34.64400100708008,0.3973329554757856,-50474,-2.645187938868236,32555,0.8864105741429161,0.028028220794453877,0.048184941045399686,0.03387156210201914,-0.02187967319395656,0.22073227005440568
2012-09-25,133163,44778,10768,34451,86110,084691,SILVER - COMMODITY EXCHANGE INC. ,33.88600158691406,0.38793809091113896,-51659,-0.9328358208955223,34010,1.1453806914793123,0.052413301150454956,0.0304432362366327,-0.02187967319395656,0.02118864637354978,0.22361896215364413
2012-10-02,139117,47236,9118,35788,93628,084691,SILVER - COMMODITY EXCHANGE INC. ,34.604000091552734,0.4157651473220383,-57840,-4.641679745875356,38118,3.0849410121430125,0.0684227607096495,0.07289633388934237,0.02118864637354978,-0.018870647214253466,0.22801507238895727
2012-10-09,140426,49398,9573,36184,93188,084691,SILVER - COMMODITY EXCHANGE INC. ,33.95100021362305,0.40593622263683365,-57004,0.6009330275954772,39825,1.2270247345759326,0.006461985591936431,0.04437774499330179,-0.018870647214253466,-0.030308365648691216,0.23180402069060652
2012-10-16,141405,49041,8913,36221,93315,084691,SILVER - COMMODITY EXCHANGE INC. ,32.922000885009766,0.4037622432021499,-57094,-0.06409069545525757,40128,0.21577200803270052,0.0012660573122529645,0.0175484004555337,-0.030308365648691216,-0.03505258504768949,0.23607555865548044
2012-10-23,140643,47463,9327,35786,91285,084691,SILVER - COMMODITY EXCHANGE INC. ,31.76799964904785,0.39460904559771903,-55499,1.1279657720731233,38136,-1.408719635090697,0.01939860393008633,0.03507659799260433,-0.03505258504768949,0.007649267834007212,0.2394403437262214
2012-10-30,137585,46782,10565,36939,90671,084691,SILVER - COMMODITY EXCHANGE INC. ,32.01100158691406,0.390536759094378,-53732,1.256372517651074,36217,-1.3644475729328869,0.01384687720398088,0.03346295359827018,0.007649267834007212,0.00024989596605706765,0.24290862110488773
2012-11-06,139313,44230,10111,38726,88404,084691,SILVER - COMMODITY EXCHANGE INC. ,32.01900100708008,0.35659270850530816,-49678,2.9465421375876732,34119,-1.5248755314896245,0.03188861795012979,0.05531734785889108,0.00024989596605706765,0.014335226563988224,0.24551718097524322
2012-11-13,144567,45185,10775,41797,92758,084691,SILVER - COMMODITY EXCHANGE INC. ,32.47800064086914,0.35250783373799,-50961,-0.9209477938168011,34410,0.2088821574440289,0.05518189587900858,0.028931379556826304,0.014335226563988224,0.013701572943016993,0.24772101119464077
2012-11-20,150335,47308,9347,43419,98605,084691,SILVER - COMMODITY EXCHANGE INC. ,32.92300033569336,0.36708683939202447,-55186,-2.9225203538843583,37961,2.4563005388504986,0.052589703148763586,0.06267761009619628,0.013701572943016993,0.03216590520646001,0.2509304283405339
2012-11-27,150727,51084,9809,42544,101878,084691,SILVER - COMMODITY EXCHANGE INC. ,33.98199844360352,0.393652099491133,-59334,-2.7591711843549405,41275,2.2044101506635183,0.028721385938430433,0.06959749068037377,0.03216590520646001,-0.036725246927626354,0.25448034802629793
2012-12-04,141738,50204,8932,38410,96924,084691,SILVER - COMMODITY EXCHANGE INC. ,32.73400115966797,0.41283212688199356,-58514,0.5440299349154432,41272,-0.001990353420422353,0.06715237855971153,0.029711174242424244,-0.036725246927626354,0.006323722279234278,0.25789351195624055
2012-12-11,142085,48548,9048,39515,97438,084691,SILVER - COMMODITY EXCHANGE INC. ,32.941001892089844,0.40766442622373933,-57923,0.41696651568386744,39500,-1.2501940199523065,0.011821573824596759,0.030766025418431837,0.006323722279234278,-0.04086100912002233,0.26176131949606546
2012-12-18,141423,44889,8900,40347,95686,084691,SILVER - COMMODITY EXCHANGE INC. ,31.59499931335449,0.391301273484511,-55339,1.8186296934933317,35989,-2.471056057993455,0.018995390824285283,0.07077655282678615,-0.04086100912002233,-0.03734763169715871,0.26646821366592144
2013-01-08,137542,37257,9163,44977,86242,084691,SILVER - COMMODITY EXCHANGE INC. ,30.415000915527344,0.3000174492155124,-41265,9.951705168183393,28094,-5.582543150689775,0.107255808991076,0.17007755277897457,-0.03734763169715871,0.035607372781762736,0.2696244384185247
2013-01-15,140433,38382,9810,46337,88369,084691,SILVER - COMMODITY EXCHANGE INC. ,31.49799919128418,0.29930287040795256,-42032,-0.5576478457489349,28572,0.34753020895435577,0.025886003593009962,0.03676958831341302,0.035607372781762736,0.020604488682133937,0.27252242844008634
2013-01-22,142279,41282,10189,44790,92188,084691,SILVER - COMMODITY EXCHANGE INC. ,32.14699935913086,0.33313419408345574,-47398,-3.821039214429657,31093,1.7951621057728597,0.03917417395494167,0.06370577606807717,0.020604488682133937,-0.030733784866353808,0.27541573125612157
2013-01-29,148532,43089,8285,45404,95671,084691,SILVER - COMMODITY EXCHANGE INC. ,31.15900039672852,0.3384253898149894,-50267,-2.0164606161134113,34804,2.6082556104555135,0.029041290093921673,0.07223498267606182,-0.030733784866353808,0.02246538228692052,0.2781429809881322
2013-02-05,151512,42449,6588,46293,98239,084691,SILVER - COMMODITY EXCHANGE INC. ,31.858999252319336,0.34285073129521093,-51946,-1.1303961435919532,35861,0.7116311636549699,0.023918578584673292,0.0476578909802802,0.02246538228692052,-0.026836986794997464,0.28006581461546115
2013-02-12,152817,40205,8133,52182,98979,084691,SILVER - COMMODITY EXCHANGE INC. ,31.003999710083008,0.3062290190227527,-46797,3.398410686942288,32072,-2.500792016473943,0.04385390411547952,0.07838553518970583,-0.026836986794997464,-0.051315946914877064,0.28052488768556266
2013-02-19,155353,39057,12601,54208,92164,084691,SILVER - COMMODITY EXCHANGE INC. ,29.413000106811523,0.24432099798523363,-37956,5.785351106225093,26456,-3.674983804157914,0.06040089634629574,0.10871501025978551,-0.051315946914877064,-0.005337761787052031,0.2789375583465611
2013-02-26,145625,37753,16016,52509,83395,084691,SILVER - COMMODITY EXCHANGE INC. ,29.256000518798828,0.21209270386266094,-30886,4.550925955726635,21737,-3.0375982439991502,0.07702495879444314,0.08776432516877755,-0.005337761787052031,-0.023687475429586824,0.2761745905307558
2013-03-05,147100,38449,19846,52774,81957,084691,SILVER - COMMODITY EXCHANGE INC. ,28.5629997253418,0.19838885112168592,-29183,1.1694420600858368,18603,-2.1521030042918454,0.012640001187551491,0.07763959173170941,-0.023687475429586824,0.019885894300978535,0.27317483092164724
2013-03-12,148283,38637,20529,51929,81352,084691,SILVER - COMMODITY EXCHANGE INC. ,29.131000518798828,0.1984246339769225,-29423,-0.16315431679129844,18108,-0.336505778382053,0.010879270113519557,0.014721292634283203,0.019885894300978535,-0.011019225125800114,0.26958940077627547
2013-03-19,151521,38707,23656,55014,81453,084691,SILVER - COMMODITY EXCHANGE INC. ,28.809999465942383,0.1744906646603441,-26439,2.0123682418078945,15051,-2.061598430029066,0.023346303501945526,0.051264371502333116,-0.011019225125800114,-0.005761901051305918,0.2667446120427187
2013-03-26,151568,37548,26144,55564,79605,084691,SILVER - COMMODITY EXCHANGE INC. ,28.643999099731445,0.15861527499208275,-24041,1.582618910910039,11404,-2.406927092614225,0.017740754167005747,0.05725993845380896,-0.005761901051305918,-0.049818464272670004,0.26366216133305215
2013-04-02,155755,38201,30055,57847,76350,084691,SILVER - COMMODITY EXCHANGE INC. ,27.21699905395508,0.11879554428429263,-18503,3.653805552623245,8146,-2.1495302438509447,0.041267688547434,0.06686591654946085,-0.049818464272670004,0.023845397744258978,0.26040193602456524
2013-04-09,162241,38492,30577,61060,78984,084691,SILVER - COMMODITY EXCHANGE INC. ,27.86599922180176,0.11047762279571748,-17924,0.3717376649224744,7915,-0.14830984559083177,0.041751163919910884,0.01177083785779438,0.023845397744258978,-0.15230027990099004,0.25733138495503255
2013-04-16,157302,39701,22103,61641,84139,084691,SILVER - COMMODITY EXCHANGE INC. ,23.621999740600582,0.1430242463541468,-22498,-2.81926270178315,17598,5.968281753687416,0.03934696117437234,0.15667270726813798,-0.15230027990099004,-0.03424773618417687,0.2549062548879491
2013-04-23,158970,38817,23816,68258,85422,084691,SILVER - COMMODITY EXCHANGE INC. ,22.8129997253418,0.10797005724350506,-17164,3.3909295495289316,15001,-1.650964386975372,0.05140551795939615,0.04146376510785049,-0.03424773618417687,0.05834389998747547,0.25254975939111773
2013-04-30,143477,35720,23530,65685,79915,084691,SILVER - COMMODITY EXCHANGE INC. ,24.143999099731445,0.09917965945761341,-14230,1.845631251179468,12190,-1.768258161917343,0.05549450549450549,0.05709704641350211,0.05834389998747547,-0.015448939910220894,0.250261374378255
2013-05-07,144156,35834,22183,65703,80159,084691,SILVER - COMMODITY EXCHANGE INC. ,23.770999908447266,0.10028025194927717,-14456,-0.15751653575137478,13651,1.0182816758086661,0.001796218343365647,0.02518227416102177,-0.015448939910220894,-0.017500330983683532,0.24867571540227604
2013-05-14,144666,35690,24896,66717,79935,084691,SILVER - COMMODITY EXCHANGE INC. ,23.354999542236328,0.09136908465015968,-13218,0.8587918643691557,10794,-1.9818807403091097,0.008441753266235714,0.04715610867197042,-0.017500330983683532,-0.03909227680182181,0.2463142138997993
2013-05-21,148619,35533,26718,67754,79680,084691,SILVER - COMMODITY EXCHANGE INC. ,22.441999435424805,0.08024545986717714,-11926,0.8930916732335172,8815,-1.3679786542795127,0.008763243213912666,0.031790653965398145,-0.03909227680182181,-0.011674500349351913,0.2448260037476349
2013-05-28,145299,34059,29468,66428,74762,084691,SILVER - COMMODITY EXCHANGE INC. ,22.18000030517578,0.057357586769351473,-8334,2.416918429003021,4591,-2.842166883103775,0.04422409519087754,0.06649141309994176,-0.011674500349351913,0.009918814712692292,0.24325038585843853
2013-06-04,145734,35051,29695,66857,75256,084691,SILVER - COMMODITY EXCHANGE INC. ,22.399999618530277,0.05763239875389408,-8399,-0.04473533885298591,5356,0.5265005265005265,0.006494831577688178,0.018827417909986717,0.009918814712692292,-0.03370532025107875,0.24178291154377313
2013-06-11,147175,35509,31806,68438,73458,084691,SILVER - COMMODITY EXCHANGE INC. ,21.645000457763672,0.034109053847460505,-5020,2.3186078746208847,3703,-1.1342583062291574,0.02381321531262333,0.03816385649558048,-0.03370532025107875,0.0014322077465229732,0.24002001119350325
2013-06-18,149891,35474,31570,68245,74197,084691,SILVER - COMMODITY EXCHANGE INC. ,21.676000595092773,0.03970885510137367,-5952,-0.6332597248173943,3904,0.1365721080346526,0.006543013998680165,0.004042121591790466,0.0014322077465229732,-0.09918810974593006,0.23806306103350117
2013-06-25,140639,34505,33668,66478,70571,084691,SILVER - COMMODITY EXCHANGE INC. ,19.525999069213867,0.029102880424348866,-4093,1.2402345704545303,837,-2.0461535382377862,0.03935088909805982,0.04498848517741628,-0.09918810974593006,-0.011676674402795961,0.23580002412866644
2013-07-02,136146,36175,31528,63219,70988,084691,SILVER - COMMODITY EXCHANGE INC. ,19.29800033569336,0.05706374039633923,-7769,-2.6137842277035532,4647,2.709063630998514,0.027390523594149337,0.05627520198514099,-0.011676674402795961,-0.008964676789510628,0.23423603909354077
2013-07-09,133851,36560,31539,62307,69205,084691,SILVER - COMMODITY EXCHANGE INC. ,19.125,0.05153491568983422,-6898,0.6397543813259295,5021,0.27470509599988246,0.020492426546626925,0.005815063363632359,-0.008964676789510628,0.04172550774867245,0.23339629739944118
2013-07-16,133445,36775,30140,61325,72647,084691,SILVER - COMMODITY EXCHANGE INC. ,19.92300033569336,0.08484394319757203,-11322,-3.3051676864573296,6635,1.2058184100230855,0.03302182545606545,0.02412015243219009,0.04172550774867245,0.016212415237726985,0.23229528060603163
2013-07-23,131748,35440,29759,60950,71063,084691,SILVER - COMMODITY EXCHANGE INC. ,20.246000289916992,0.07676017852263411,-10113,0.9059912323429129,5681,-0.7149012701862191,0.014839447630157637,0.02631942207702572,0.016212415237726985,-0.028647629921990547,0.23158554917830185
2013-07-30,132831,35628,30653,60510,68817,084691,SILVER - COMMODITY EXCHANGE INC. ,19.666000366210938,0.0625381123382343,-8307,1.3707987977047091,4975,-0.5358715122810214,0.020769058278627045,0.0163244368672772,-0.028647629921990547,-0.007678275894977493,0.23039894166837874
2013-08-06,132053,34627,29160,58203,68503,084691,SILVER - COMMODITY EXCHANGE INC. ,19.51499938964844,0.07799898525591997,-10300,-1.5004027674262785,5467,0.3703954649140637,0.020685681814594417,0.03909887594650948,-0.007678275894977493,0.09331289314937807,0.2294954842192191
2013-08-13,135226,36945,24236,60196,80472,084691,SILVER - COMMODITY EXCHANGE INC. ,21.336000442504883,0.14994157928209073,-20276,-7.554542494301531,12709,5.4841616623628395,0.09925498336508659,0.11837008221506677,0.09331289314937807,0.08108359141153176,0.2290064199765826
2013-08-20,131076,37308,18800,59439,82713,084691,SILVER - COMMODITY EXCHANGE INC. ,23.06599998474121,0.17756110958527876,-23274,-2.217029269519175,18508,4.288376495644329,0.021090100737239013,0.10335424538390248,0.08108359141153176,0.06862915911526346,0.2290396252948352
2013-08-27,122271,33147,16767,54973,79347,084691,SILVER - COMMODITY EXCHANGE INC. ,24.64900016784668,0.1993440799535458,-24374,-0.8392077878482713,16380,-1.6234856114010192,0.05830851697438952,0.12409344071803502,0.06862915911526346,-0.010832090411218465,0.2293843057314969
2013-09-03,115644,34616,15769,49643,77006,084691,SILVER - COMMODITY EXCHANGE INC. ,24.381999969482425,0.23661409152225796,-27363,-2.444569848942104,18847,2.0176493199532186,0.06056897409375518,0.048962985015381565,-0.010832090411218465,-0.05807564465520754,0.22904666590722927
2013-09-10,112276,32644,16810,48979,72477,084691,SILVER - COMMODITY EXCHANGE INC. ,22.965999603271484,0.20928782642773167,-23498,3.3421535055861087,15834,-2.605409705648369,0.04275622447635358,0.060925304323209445,-0.05807564465520754,-0.053600932429893944,0.2269799063699177
2013-09-17,112757,30889,17083,49729,71983,084691,SILVER - COMMODITY EXCHANGE INC. ,21.73500061035156,0.19736246973580354,-22254,1.1079838968256797,13806,-1.8062631372688729,0.010220849217825687,0.04227466021846077,-0.053600932429893944,-0.009017761552907011,0.2235467423340997
2013-09-24,112317,29357,16705,52271,71892,084691,SILVER - COMMODITY EXCHANGE INC. ,21.53899955749512,0.17469305626040582,-19621,2.335110015342728,12652,-1.0234397864434137,0.021205995344828976,0.04146585037558074,-0.009017761552907011,-0.01926732980661139,0.21939629503964445
2013-10-01,115238,31235,18460,54294,70939,084691,SILVER - COMMODITY EXCHANGE INC. ,21.124000549316406,0.14444020201669588,-16645,2.64964341996314,12775,0.10951147199444429,0.023763704454896072,0.07310594627226079,-0.01926732980661139,0.060263149815892536,0.21453297285773892
2013-10-08,116098,31887,16881,52815,74081,084691,SILVER - COMMODITY EXCHANGE INC. ,22.39699935913086,0.18317283674137366,-21266,-4.009961991704126,15006,1.9359933355316823,0.03641564745933678,0.04574721128608924,0.060263149815892536,-0.05585567203106534,0.21059517950832032
2013-10-15,116207,33368,18600,52976,72249,084691,SILVER - COMMODITY EXCHANGE INC. ,21.145999908447266,0.1658505941982841,-19273,1.7166531723199367,14768,-0.20499922479284743,0.015915352365741663,0.06157635467980296,-0.05585567203106534,0.0760427413504996,0.2057891304097866
2013-10-22,116767,35706,17498,51120,76005,084691,SILVER - COMMODITY EXCHANGE INC. ,22.753999710083008,0.21311671962112583,-24885,-4.829313208326521,18208,2.9602347535002194,0.04414552605703048,0.0646567927223517,0.0760427413504996,-0.013272393848301811,0.2020810630440999
2013-10-29,117934,36674,18225,51321,77457,084691,SILVER - COMMODITY EXCHANGE INC. ,22.45199966430664,0.22161547984465887,-26136,-1.071364340952495,18449,0.20639392979180765,0.012836043423566137,0.03087487932384925,-0.013272393848301811,-0.03732404045971416,0.19857824067184046
2013-11-05,118718,36134,17231,51669,77503,084691,SILVER - COMMODITY EXCHANGE INC. ,21.61400032043457,0.2176081133442275,-25834,0.2560754320213,18903,0.3849610799260603,0.0030501966370420834,0.02874543239951279,-0.03732404045971416,-0.03914132778960322,0.19517437659004255
2013-11-12,129525,37380,24344,55623,78252,084691,SILVER - COMMODITY EXCHANGE INC. ,20.76799964904785,0.17470758540822234,-22629,2.6996748597516804,13036,-4.94196330800721,0.03512978524743231,0.13542544229149114,-0.03914132778960322,-0.021282715855836853,0.1910238155576165
2013-11-19,138809,38586,28555,60926,78390,084691,SILVER - COMMODITY EXCHANGE INC. ,20.326000213623047,0.12581316773408063,-17464,3.9876471723605484,10031,-2.3200154410345495,0.039055097763358124,0.08068095500513844,-0.021282715855836853,-0.023615051519807584,0.1865857474658621
2013-11-26,133287,39270,32648,56669,73097,084691,SILVER - COMMODITY EXCHANGE INC. ,19.84600067138672,0.1232528303585496,-16428,0.7463493001174276,6622,-2.455892629440454,0.0735940076753541,0.06642287049139298,-0.023615051519807584,-0.04207401811817757,0.18217699740087287
2013-12-03,133109,40438,37537,56666,68831,084691,SILVER - COMMODITY EXCHANGE INC. ,19.01099967956543,0.09139126580471643,-12165,3.1983614305971324,2901,-2.791720122742653,0.03401674940436823,0.07767874318691888,-0.04207401811817757,0.06548844670023457,0.1768751594472708
2013-12-10,133086,42551,32598,56471,74003,084691,SILVER - COMMODITY EXCHANGE INC. ,20.256000518798828,0.13173436725125107,-17532,-4.032033897031756,9953,5.297913739867327,0.0411346321872557,0.09384023739504185,0.06548844670023457,-0.02290682711395442,0.1718382799811192
2013-12-17,133306,41916,30368,55860,75105,084691,SILVER - COMMODITY EXCHANGE INC. ,19.79199981689453,0.14436709525452718,-19245,-1.2871376403227988,11548,1.198473167726132,0.013079830489061963,0.03963532732001549,-0.02290682711395442,-0.01712816820132168,0.16667549091136027
2013-12-24,132501,42097,29999,56157,75843,084691,SILVER - COMMODITY EXCHANGE INC. ,19.452999114990234,0.14857246360404827,-19686,-0.3308178176526188,12098,0.412584579838867,0.007840909090909091,0.007628717265867732,-0.01712816820132168,-0.005860197310043169,0.16169295316867388
2013-12-31,132475,42083,27402,54280,79052,084691,SILVER - COMMODITY EXCHANGE INC. ,19.339000701904297,0.18699377240988865,-24772,-3.838461596516253,14681,1.9494192496660405,0.03814538145381454,0.037576455350075554,-0.005860197310043169,0.02202795761324916,0.15776396276339266
2014-01-07,131294,41285,23950,53875,79404,084691,SILVER - COMMODITY EXCHANGE INC. ,19.76499938964844,0.19444148247444668,-25529,-0.5714285714285714,17335,2.0033968673334592,0.0056798145244187,0.06514907641603433,0.02202795761324916,0.02458892365509957,0.1557336557106799
2014-01-14,136158,41287,24798,58869,83678,084691,SILVER - COMMODITY EXCHANGE INC. ,20.250999450683597,0.18220743547936954,-24809,0.5483875881609213,16489,-0.6443554160890824,0.06501715223750763,0.012862222894756753,0.02458892365509957,-0.02039406044216674,0.15348182042359176
2014-01-21,139468,42334,26466,60600,84551,084691,SILVER - COMMODITY EXCHANGE INC. ,19.83799934387207,0.17173114979780307,-23951,0.6301502666020359,15868,-0.45608778037280223,0.017939938408967213,0.03946220930232558,-0.02039406044216674,-0.017894926604379746,0.15037791572579073
2014-01-28,144244,40816,30324,62077,83110,084691,SILVER - COMMODITY EXCHANGE INC. ,19.482999801635746,0.14581542386511745,-21033,2.0922362118908997,10492,-3.8546476611122267,0.020098218160028103,0.07556929997188643,-0.017894926604379746,-0.0041574385471611075,0.14667387791906242
2014-02-04,149163,41321,34333,65457,80309,084691,SILVER - COMMODITY EXCHANGE INC. ,19.402000427246094,0.0995689279513016,-14852,4.285100246804027,6988,-2.4292171598125396,0.042403578337884,0.05966637586908822,-0.0041574385471611075,0.03819189802517364,0.14199538170091033
2014-02-11,147988,41279,28645,61524,83941,084691,SILVER - COMMODITY EXCHANGE INC. ,20.14299964904785,0.1514784982566154,-22417,-5.071633045728499,12634,3.7851209750407273,0.05200563709483381,0.08194611292260168,0.03819189802517364,0.08677958243996886,0.13901941014771538
2014-02-18,147035,40506,16971,63221,96074,084691,SILVER - COMMODITY EXCHANGE INC. ,21.891000747680664,0.22343659672867006,-32853,-7.051923128902343,23535,7.366137794956348,0.08682005084905364,0.2165561876924683,0.08677958243996886,0.0031519041814158655,0.1386177870466276
2014-02-25,144305,44848,15911,59225,98210,084691,SILVER - COMMODITY EXCHANGE INC. ,21.959999084472656,0.2701569592183223,-38985,-4.170435610568912,28937,3.67395518073928,0.03894940769206339,0.08890863904935895,0.0031519041814158655,-0.03515479924025666,0.13973440734192882
2014-03-04,133550,44297,16388,54619,94388,084691,SILVER - COMMODITY EXCHANGE INC. ,21.1879997253418,0.2977836016473231,-39769,-0.5432937181663837,27909,-0.712380028412044,0.056561101156321514,0.01693993573370685,-0.03515479924025666,-0.019067365199655018,0.1416458448520372
2014-03-11,136625,43886,17222,55639,93273,084691,SILVER - COMMODITY EXCHANGE INC. ,20.78400039672852,0.2754547118023788,-37634,1.5986521901909398,26664,-0.9322351179333582,0.014337326743311486,0.020373764482555477,-0.019067365199655018,0.0025019267120756084,0.14312719250252676
2014-03-18,144578,44744,20372,60632,96532,084691,SILVER - COMMODITY EXCHANGE INC. ,20.836000442504883,0.2483088713358879,-35900,1.269167429094236,24372,-1.6775846294602013,0.05250566287444962,0.061551692364395845,0.0025019267120756084,-0.04228261182993709,0.14454677340013336
2014-03-25,147597,45500,26487,60091,91846,084691,SILVER - COMMODITY EXCHANGE INC. ,19.95499992370605,0.2151466493221407,-31755,2.8669645450898473,19013,-3.7066496977410117,0.034402416791170023,0.09544778918415825,-0.04228261182993709,-0.014332212437442315,0.14563391521417293
2014-04-01,150361,44145,29641,61104,89546,084691,SILVER - COMMODITY EXCHANGE INC. ,19.66900062561035,0.1891580928565253,-28442,2.244625568270358,14504,-3.0549401410597774,0.021991370726850316,0.06110915349795354,-0.014332212437442315,0.01896381002695735,0.1469870411482543
2014-04-08,159316,45042,28780,67545,96450,084691,SILVER - COMMODITY EXCHANGE INC. ,20.04199981689453,0.181431871249592,-28905,-0.3079255924076057,16262,1.1691861586448613,0.08137443214732157,0.023814039175313592,0.01896381002695735,-0.028140863246089998,0.14835154592621344
2014-04-15,164158,45957,32858,74713,98007,084691,SILVER - COMMODITY EXCHANGE INC. ,19.47800064086914,0.14189987694781855,-23294,3.5219312561199123,13099,-1.985362424364157,0.05051528485409912,0.06335088498382288,-0.028140863246089998,-0.006520217914427251,0.14832992343763024
2014-04-22,157687,45868,31751,71987,94760,084691,SILVER - COMMODITY EXCHANGE INC. ,19.35099983215332,0.14441900727390336,-22773,0.3173771610277903,14117,0.6201342608949915,0.0358207344060163,0.015408598410183074,-0.006520217914427251,0.007079791162522664,0.14903086478436867
2014-04-29,149341,46103,34052,63507,86863,084691,SILVER - COMMODITY EXCHANGE INC. ,19.488000869750977,0.1563937565705332,-23356,-0.36971976129928275,12051,-1.3101904405562919,0.10891135199840393,0.031638700018713745,0.007079791162522664,0.0056444323734439195,0.15013113588269403
2014-05-06,149495,45772,35393,63588,83937,084691,SILVER - COMMODITY EXCHANGE INC. ,19.597999572753903,0.13611826482491055,-20349,2.013512699124822,10379,-1.1195853784292324,0.020382985934587358,0.02060001232058153,0.0056444323734439195,-0.004796400893975816,0.15082032843799467
2014-05-13,149922,46625,35088,63645,83079,084691,SILVER - COMMODITY EXCHANGE INC. ,19.503999710083008,0.12962740625125066,-19434,0.6120606040335796,11537,0.7746078464162681,0.006236198576919931,0.014171551650288204,-0.004796400893975816,-0.007024155675012578,0.1515560653918618
2014-05-20,150164,45967,37891,63691,81288,084691,SILVER - COMMODITY EXCHANGE INC. ,19.367000579833984,0.11718521083615248,-17597,1.2253038246554875,8076,-2.3085337708941984,0.012670800598707399,0.04127215054019891,-0.007024155675012578,-0.016936077478119982,0.15226644521818827
2014-05-27,156319,48126,43038,64976,79206,084691,SILVER - COMMODITY EXCHANGE INC. ,19.03899955749512,0.09103180035696236,-14230,2.242215178071975,5088,-1.9898244585919396,0.023352429568184657,0.08014128384011232,-0.016936077478119982,-0.016124755169822702,0.15291402624871922
2014-06-03,161062,49778,49012,65523,75163,084691,SILVER - COMMODITY EXCHANGE INC. ,18.73200035095215,0.05985272752107884,-9640,2.9363033284501565,766,-2.7648590382487095,0.032625847632315935,0.07719404798056484,-0.016124755169822702,0.022154548387973705,0.15295672487885742
2014-06-10,161532,48592,44486,63087,77409,084691,SILVER - COMMODITY EXCHANGE INC. ,19.14699935913086,0.08866354654186168,-14322,-2.906955085619203,4106,2.0737355800871713,0.033324792164901494,0.06136788499967769,0.022154548387973705,0.02997865626303109,0.15400584973836512
2014-06-17,164576,48333,34996,66461,89299,084691,SILVER - COMMODITY EXCHANGE INC. ,19.72100067138672,0.13876871475792338,-22838,-5.272020404625708,13337,5.71465715771488,0.09799691833590139,0.11699408369235201,0.02997865626303109,0.06678157246531846,0.15591084703945263
2014-06-24,158093,54160,24830,58728,101625,084691,SILVER - COMMODITY EXCHANGE INC. ,21.038000106811523,0.27134028704623225,-42897,-12.18828990861365,29330,9.717698813921835,0.12509276408922815,0.20246866691986326,0.06678157246531846,0.0013784261082825378,0.16056925870525804
2014-07-01,156698,60392,20093,52495,104450,084691,SILVER - COMMODITY EXCHANGE INC. ,21.066999435424805,0.3315613473050071,-51955,-5.729538942268158,40299,6.938321114786866,0.057714485966421356,0.13628626452133938,0.0013784261082825378,-0.0047467785707332455,0.16584805883811707
2014-07-08,162879,67029,19148,51053,109071,084691,SILVER - COMMODITY EXCHANGE INC. ,20.96699905395508,0.3562030709913494,-58018,-3.8692261547690463,47881,4.83860674673576,0.0378644050860583,0.08798171205774162,-0.0047467785707332455,-0.005961749684746609,0.17170706182468468
2014-07-15,162447,65907,16629,49410,108106,084691,SILVER - COMMODITY EXCHANGE INC. ,20.84199905395508,0.36132400105880685,-58696,-0.4162599230103328,49278,0.8576919062617036,0.016557048172884024,0.044114083551419984,-0.005961749684746609,0.005901597937625347,0.1770239860143238
2014-07-22,162485,64277,16752,49553,107900,084691,SILVER - COMMODITY EXCHANGE INC. ,20.96500015258789,0.35909160845616517,-58347,0.21483930143369837,47525,-1.079121190295912,0.002216534457901723,0.021634229720223625,0.005901597937625347,-0.01998572013168487,0.18245343658996863
2014-07-29,158558,59030,14918,51091,107674,084691,SILVER - COMMODITY EXCHANGE INC. ,20.54599952697754,0.35685995030209766,-56583,1.0856386743391697,44112,-2.1005015847616706,0.011110761187919252,0.09575647752474711,-0.01998572013168487,-0.036600745579682736,0.18811347193542755
2014-08-05,157578,54165,19802,52922,101125,084691,SILVER - COMMODITY EXCHANGE INC. ,19.79400062561035,0.3058993006637982,-48203,5.28513225444317,34363,-6.148538705079529,0.05439898212883081,0.1318020198196493,-0.036600745579682736,0.0038395580085368586,0.19249617030865596
2014-08-12,158219,53942,24245,57024,100750,084691,SILVER - COMMODITY EXCHANGE INC. ,19.8700008392334,0.2763637742622567,-43726,2.841132645420046,29697,-2.9610732462653417,0.028376031538783323,0.05967743998362899,0.0038395580085368586,-0.024308086994676237,0.19492736636596686
2014-08-19,164893,53677,29526,60527,97910,084691,SILVER - COMMODITY EXCHANGE INC. ,19.386999130249023,0.22671065478825664,-37383,4.00900018329025,24151,-3.505268014587376,0.0400348403466362,0.06665625037558742,-0.024308086994676237,-0.0008767881455724602,0.1958725499275626
2014-08-26,164262,55545,33021,60343,97662,084691,SILVER - COMMODITY EXCHANGE INC. ,19.3700008392334,0.2271919250952746,-37319,0.03881304846172973,22524,-0.9867004663630354,0.0027340906933324893,0.0605537113565025,-0.0008767881455724602,-0.01543632838259712,0.19640808541105736
2014-09-02,162307,59472,39917,57555,89850,084691,SILVER - COMMODITY EXCHANGE INC. ,19.07099914550781,0.19897478235689156,-32295,3.0585284484542985,19555,-1.8074782968672,0.07191072216003527,0.10889535059211784,-0.01543632838259712,-0.011902852131917774,0.19568425254249264
2014-09-09,165281,58910,42373,59823,89776,084691,SILVER - COMMODITY EXCHANGE INC. ,18.8439998626709,0.1812247021738736,-29953,1.4429445433653507,16537,-1.8594392108781506,0.01565518486086137,0.029797695565889636,-0.011902852131917774,-0.009976635890038166,0.19514457707607227
2014-09-16,171260,58536,47624,64619,88178,084691,SILVER - COMMODITY EXCHANGE INC. ,18.6560001373291,0.13756277005722295,-23559,3.8685632347335748,10912,-3.4032949945849795,0.04184637132928003,0.052986058779201206,-0.009976635890038166,-0.0505467831537032,0.19399458285148416
2014-09-23,170393,55602,46780,67047,83814,084691,SILVER - COMMODITY EXCHANGE INC. ,17.71299934387207,0.09840192965673472,-16767,3.965899801471447,8822,-1.2203666939156839,0.04502157615288246,0.0369010177570276,-0.0505467831537032,-0.03991412246722814,0.19252744580141357
2014-09-30,173222,58730,52104,68945,84406,084691,SILVER - COMMODITY EXCHANGE INC. ,17.006000518798828,0.08925540635716017,-15461,0.7664634110556184,6626,-1.2887853374258331,0.01623725962008725,0.07625818792067417,-0.03991412246722814,0.010878481729897693,0.1914661997310379
2014-10-07,171283,58526,49584,67816,84056,084691,SILVER - COMMODITY EXCHANGE INC. ,17.19099998474121,0.09481384609097225,-16240,-0.44971193035526663,8942,1.337012619644156,0.00973846396965866,0.025196559060216447,0.010878481729897693,0.009423573746246472,0.18976698837237632
2014-10-14,169329,58188,50451,66900,83160,084691,SILVER - COMMODITY EXCHANGE INC. ,17.35300064086914,0.09602607940754389,-16260,-0.011676582030907913,7737,-0.7035140673622017,0.01207516993202719,0.011091781036276107,0.009423573746246472,0.00870161145838022,0.18842420924178516
2014-10-21,170192,57236,50405,70098,84689,084691,SILVER - COMMODITY EXCHANGE INC. ,17.503999710083008,0.08573258437529378,-14591,0.9856551447182704,6831,-0.5350530623815176,0.03053874033349054,0.009271560093273009,0.00870161145838022,-0.018224420099645422,0.1859745143332115
2014-10-28,173733,57469,51537,71215,85370,084691,SILVER - COMMODITY EXCHANGE INC. ,17.184999465942383,0.08147559761242827,-14155,0.25618125411300174,5932,-0.5282269436871299,0.011482581345595044,0.012522246481845037,-0.018224420099645422,-0.07320334357060332,0.18327951659797628
2014-11-04,176463,58088,51146,73977,86385,084691,SILVER - COMMODITY EXCHANGE INC. ,15.927000045776367,0.07031502354601248,-12408,1.0055660122141448,6942,0.5813518444970156,0.023552961424776444,0.009246205393924968,-0.07320334357060332,-0.01651287044172489,0.18044695717877984
2014-11-11,170684,57465,47033,69712,87324,084691,SILVER - COMMODITY EXCHANGE INC. ,15.663999557495115,0.10318483279041972,-17612,-2.9490601429194787,10432,1.9777517099901962,0.033138898087062836,0.04532144155869012,-0.01651287044172489,0.032303404819538084,0.17907151962843748
2014-11-18,173075,56831,45077,74136,92503,084691,SILVER - COMMODITY EXCHANGE INC. ,16.170000076293945,0.10612162357359527,-18367,-0.44233788755829484,11754,0.7745307117245904,0.05762756617598521,0.02541508026847745,0.032303404819538084,0.023747728904541354,0.17869283608688968
2014-11-25,156984,52883,37427,65268,87311,084691,SILVER - COMMODITY EXCHANGE INC. ,16.554000854492188,0.14041558375375834,-22043,-2.123934710385671,15456,2.1389570995233282,0.09214898511590718,0.12842431624404826,0.023747728904541354,-0.008819614649690388,0.17902288903679756
2014-12-02,148422,50686,29095,62023,88609,084691,SILVER - COMMODITY EXCHANGE INC. ,16.408000946044922,0.17912438856773255,-26586,-2.8939254955919074,21591,3.9080415838556792,0.03015959424292315,0.13197377821787143,-0.008819614649690388,0.041016479128552774,0.18071006447454785
2014-12-09,148195,52129,23670,59448,94805,084691,SILVER - COMMODITY EXCHANGE INC. ,17.08099937438965,0.23858429771584735,-35357,-5.909501286871219,28459,4.627346350271523,0.05686113073975871,0.09060805551524427,0.041016479128552774,-0.07997185597055079,0.18276487082963624
2014-12-16,150199,52921,26432,62195,96192,084691,SILVER - COMMODITY EXCHANGE INC. ,15.71500015258789,0.22634638046857836,-33997,0.9177097742838827,26489,-1.3293295995141536,0.026100626945393245,0.044787216614368706,-0.07997185597055079,0.0009544632200317871,0.18434139554529105
2014-12-23,149149,52057,25744,62444,96176,084691,SILVER - COMMODITY EXCHANGE INC. ,15.729999542236328,0.22616309864632012,-33732,0.17643259941810532,26313,-0.11717787734938315,0.0016706594376497289,0.019948329712985696,0.0009544632200317871,0.03242213882539824,0.18583352314225784
2014-12-30,149594,54126,24104,60612,99248,084691,SILVER - COMMODITY EXCHANGE INC. ,16.239999771118164,0.2582723906039012,-38636,-3.2879871806046306,30022,2.4867749699964468,0.03067684223695734,0.04741147897226128,0.03242213882539824,0.022352270619889536,0.187204265799835
2015-01-06,152879,54911,22872,62455,102064,084691,SILVER - COMMODITY EXCHANGE INC.,16.60300064086914,0.25908725200975935,-39609,-0.6504271561693651,32039,1.3483161089348503,0.02831891757183061,0.025931116053636398,0.022352270619889536,0.03144006137335986,0.18844745367551408
2015-01-13,157282,59808,19869,61363,108167,084691,SILVER - COMMODITY EXCHANGE INC.,17.125,0.29758014267366895,-46804,-4.706336383675979,39939,5.167485396947913,0.04244086592343538,0.09915031941463659,0.03144006137335986,0.048000029403797884,0.19066615958309677
2015-01-20,159904,62203,15929,60587,116228,084691,SILVER - COMMODITY EXCHANGE INC.,17.94700050354004,0.34796502901741044,-55641,-5.618570465787566,46274,4.027797205020282,0.04997879139213302,0.08108073516612911,0.048000029403797884,0.006742089849115729,0.19405527264501232
2015-01-27,162440,65722,12375,59964,121557,084691,SILVER - COMMODITY EXCHANGE INC.,18.06800079345703,0.37917384880571287,-61593,-3.7222333400040024,53347,4.423278967380428,0.032789594592361214,0.09056685916232378,0.006742089849115729,-0.042229380937239935,0.19854293466310066
2015-02-03,168486,64166,13593,65063,121262,084691,SILVER - COMMODITY EXCHANGE INC.,17.30500030517578,0.33355293614899756,-56199,3.3206106870229006,50573,-1.7077074612164491,0.02894941634241245,0.0356743270875397,-0.042229380937239935,-0.025888468438202805,0.20304262712844098
2015-02-10,168146,62034,15170,64438,117895,084691,SILVER - COMMODITY EXCHANGE INC.,16.85700035095215,0.317920140829993,-53457,1.6274349204088174,46864,-2.2013698467528457,0.021894007118842995,0.0480415522511787,-0.025888468438202805,-0.029364704806774222,0.2062434279471598
2015-02-17,175193,61145,19822,68694,116415,084691,SILVER - COMMODITY EXCHANGE INC.,16.36199951171875,0.27239102018916284,-47721,3.411321113793965,41323,-3.295350469235069,0.03098714811273358,0.06843528845085034,-0.029364704806774222,-0.011001119089806943,0.20718485916755386
2015-02-24,166676,57348,20009,67267,109414,084691,SILVER - COMMODITY EXCHANGE INC.,16.18199920654297,0.25286783940099355,-42147,3.1816339693937543,37339,-2.274063461439669,0.047701790232113246,0.05150148015047119,-0.011001119089806943,0.004696589874526591,0.20685237609414373
2015-03-03,164018,56342,25135,63453,103165,084691,SILVER - COMMODITY EXCHANGE INC.,16.257999420166016,0.24211976734260873,-39712,1.4609181885814395,31207,-3.6789939763373254,0.06039563552557347,0.07526050296402666,0.004696589874526591,-0.0396727473916203,0.20578191774212998
2015-03-10,169125,57966,31994,65853,99116,084691,SILVER - COMMODITY EXCHANGE INC.,15.61299991607666,0.1966770140428677,-33263,3.931885524759478,25972,-3.1917228596861325,0.039092193078699634,0.09429746554024011,-0.0396727473916203,-0.003266485729366053,0.20426696201598554
2015-03-17,178524,61649,37238,72202,102412,084691,SILVER - COMMODITY EXCHANGE INC.,15.562000274658203,0.16922094508301405,-30210,1.8051736881005174,24411,-0.9229859571322986,0.05523612081505492,0.09027475805717637,-0.003266485729366053,0.09002692741853435,0.2027460403572764
2015-03-24,172659,62332,30209,67276,106518,084691,SILVER - COMMODITY EXCHANGE INC.,16.96299934387207,0.2272803618693494,-39242,-5.059263740449463,32123,4.319867356769958,0.051969573172836805,0.08333603483861207,0.09002692741853435,-0.02251960055757596,0.20297938098318427
2015-03-31,170105,65426,22314,63225,113086,084691,SILVER - COMMODITY EXCHANGE INC.,16.58099937438965,0.29311895593897885,-49861,-6.1502730816233155,43112,6.36456831094817,0.06022880024502158,0.12524504217004787,-0.02251960055757596,0.0147157226799417,0.2049786283501545
2015-04-07,169700,63241,21160,64592,115030,084691,SILVER - COMMODITY EXCHANGE INC.,16.825000762939453,0.29721862109605185,-50438,-0.3392022574292349,42081,-0.6060962346785809,0.018433154067987217,0.039561142640490043,0.0147157226799417,-0.04005953421471542,0.20720529661643258
2015-04-14,177877,61417,26872,67026,110891,084691,SILVER - COMMODITY EXCHANGE INC.,16.150999069213867,0.24660298970637012,-43865,3.873305833824396,34545,-4.440777843252799,0.03694419307879517,0.08535604661962419,-0.04005953421471542,-0.009225327786815285,0.20921881801563555
2015-04-21,182633,60848,36523,73151,106987,084691,SILVER - COMMODITY EXCHANGE INC.,16.00200080871582,0.18526772270071673,-33836,5.638165698769374,24325,-5.7455432686631775,0.05567398327948573,0.10495938215690503,-0.009225327786815285,0.03655787119783316,0.21000437023538196
2015-04-28,179461,64340,41410,69451,103450,084691,SILVER - COMMODITY EXCHANGE INC.,16.586999893188477,0.1894506327280022,-33999,-0.08925002600844316,22930,-0.7638269097041608,0.04185632240415035,0.07923404255319148,0.03655787119783316,-0.0018086867329050182,0.21064007939225635
2015-05-05,175694,65383,37760,67908,105158,084691,SILVER - COMMODITY EXCHANGE INC.,16.55699920654297,0.21201634660261592,-37250,-1.811535653986103,27623,2.615052852708945,0.01878474108143714,0.0454999369806967,-0.0018086867329050182,-0.00283861689396947,0.21209965788798144
2015-05-12,174919,65302,35964,68337,106440,084691,SILVER - COMMODITY EXCHANGE INC.,16.510000228881836,0.2178322537860381,-38103,-0.48550320443498357,29338,0.9761289514724464,0.009789617627033306,0.018535342563150516,-0.00283861689396947,0.03270738950288221,0.21379590495595815
2015-05-19,174337,68171,16891,62550,125035,084691,SILVER - COMMODITY EXCHANGE INC.,17.049999237060547,0.35841502377579054,-62485,-13.939023205026327,51280,12.544091836793031,0.12997840978756298,0.2579530225012344,0.03270738950288221,-0.018533724274564234,0.21843493982018192
2015-05-26,173629,66592,15611,63321,124823,084691,SILVER - COMMODITY EXCHANGE INC.,16.733999252319336,0.3542150216841657,-61502,0.5638504735082053,50981,-0.171506909032506,0.005224721489922613,0.034779752563775045,-0.018533724274564234,0.002928271537886884,0.22349615561493583
2015-06-02,178343,63573,16728,67193,124762,084691,SILVER - COMMODITY EXCHANGE INC.,16.783000946044922,0.3227993248964075,-57569,2.2651745964095857,46845,-2.382090549389791,0.020489177150894742,0.05150620789280333,0.002928271537886884,-0.0496931740720612,0.22855282094907678
2015-06-09,189524,65881,43335,71347,107288,084691,SILVER - COMMODITY EXCHANGE INC.,15.949000358581545,0.18963825161984763,-35941,12.127193105420455,22546,-13.624868932338247,0.12107369776359617,0.26475058599472606,-0.0496931740720612,0.0005642876871014835,0.2304946422005765
2015-06-16,191774,67315,51643,74139,102994,084691,SILVER - COMMODITY EXCHANGE INC.,15.958000183105469,0.15046356648972228,-28855,3.738840463476921,15672,-3.6269812794157996,0.040003838923294927,0.08189445014206695,0.0005642876871014835,-0.01416216503071499,0.2307195431954188
2015-06-23,200273,74254,58697,73843,103320,084691,SILVER - COMMODITY EXCHANGE INC.,15.732000350952148,0.14718409371208302,-29477,-0.3243401086695798,15557,-0.05996641880546894,0.0035108911002861773,0.10524930237455905,-0.01416216503071499,-0.011505257150769,0.228331924092839
2015-06-30,196724,71886,62005,76246,97406,084691,SILVER - COMMODITY EXCHANGE INC.,15.550999641418455,0.10756186332120128,-21160,4.152831385159258,9881,-2.8341314106244972,0.04789463985442149,0.042392692563353776,-0.011505257150769,-0.03864702244302154,0.22402424170853502
2015-07-07,197092,70786,63993,78158,92477,084691,SILVER - COMMODITY EXCHANGE INC.,14.949999809265137,0.0726513506382806,-14319,3.4774608080356235,6793,-1.5697118806042984,0.04009142321329153,0.022911581181044523,-0.03864702244302154,0.023076941232801573,0.21857132400943755
2015-07-14,185716,66392,56839,75946,91535,084691,SILVER - COMMODITY EXCHANGE INC.,15.295000076293944,0.08393999440005169,-15589,-0.6443691271081525,9553,1.400361252612993,0.01883198691194822,0.09371018656019994,0.023076941232801573,-0.03439032496007899,0.21323701618907692
2015-07-21,190226,66576,62331,79791,90958,084691,SILVER - COMMODITY EXCHANGE INC.,14.769000053405762,0.05870385751684838,-11167,2.3810549441082083,4245,-2.858127463438799,0.025897662651025773,0.04403174381530871,-0.03439032496007899,-0.009343929025812825,0.2074603286710131
2015-07-28,190322,67125,60829,79630,91703,084691,SILVER - COMMODITY EXCHANGE INC.,14.630999565124512,0.0634346003089501,-12073,-0.47627558798481806,6296,1.0781912041466466,0.005287948031027298,0.016029197993028745,-0.009343929025812825,-0.005536147686226789,0.2018175334788372
2015-08-04,185848,66772,58367,76161,89917,084691,SILVER - COMMODITY EXCHANGE INC.,14.550000190734863,0.07401747664758297,-13756,-0.8842908334296613,8405,1.1081220247790586,0.03164175869169908,0.022494985576039444,-0.005536147686226789,0.05024054549907997,0.19735826763237155
2015-08-11,177902,65566,48729,68255,90482,084691,SILVER - COMMODITY EXCHANGE INC.,15.281000137329102,0.12493957347303572,-22227,-4.558025913649864,16837,4.537041022771296,0.05336499996850136,0.09487729122008837,0.05024054549907997,-0.032327755411029946,0.19444626377104035
2015-08-18,173545,59535,45501,71220,94613,084691,SILVER - COMMODITY EXCHANGE INC.,14.786999702453612,0.13479500993978508,-23393,-0.6554170273521377,14034,-1.5755865588919744,0.04279003575886585,0.08815072927377281,-0.032327755411029946,-0.01196997696206048,0.19267865521626204
2015-08-25,167243,58687,43129,71182,95152,084691,SILVER - COMMODITY EXCHANGE INC.,14.609999656677246,0.14332438427916266,-23970,-0.33247860785387073,15558,0.8781584027197556,0.003468923972248608,0.03162567769309342,-0.01196997696206048,0.00020535656878295505,0.19106581789287527
2015-09-01,157013,57866,40394,63067,85633,084691,SILVER - COMMODITY EXCHANGE INC.,14.61299991607666,0.14372058364594015,-22566,0.8394970193072356,17472,1.1444425177735391,0.11858776059179556,0.036189700793812334,0.00020535656878295505,0.009375219647583588,0.1900032371484339
2015-09-08,155615,58761,40020,60995,86555,084691,SILVER - COMMODITY EXCHANGE INC.,14.75,0.16425151816984224,-25560,-1.9068484775146006,18741,0.808213332653984,0.02029142663503897,0.012846600054666384,0.009375219647583588,-0.02922032243114414,0.18967682976374098
2015-09-15,158007,60443,46180,61170,82527,084691,SILVER - COMMODITY EXCHANGE INC.,14.319000244140623,0.13516489775769427,-21357,2.700896443144941,14263,-2.8776146258394113,0.02924904486523727,0.07354885906417939,-0.02922032243114414,0.030099849745846896,0.1896307168349039
2015-09-22,152140,60413,35554,56244,87558,084691,SILVER - COMMODITY EXCHANGE INC.,14.75,0.20582358354147495,-31314,-6.301619548501016,24859,6.7060320112400085,0.06924103976300747,0.11103816937072118,0.030099849745846896,-0.012271169888771305,0.1916965178711489
2015-09-29,156905,61556,38453,56932,87038,084691,SILVER - COMMODITY EXCHANGE INC.,14.569000244140623,0.19187406392403047,-30106,0.7940055212304457,23103,-1.1542000788747206,0.008390636938251024,0.04041636252737254,-0.012271169888771305,0.09678082392641785,0.1936699535935887
2015-10-06,156226,68838,28052,48944,98446,084691,SILVER - COMMODITY EXCHANGE INC.,15.979000091552734,0.31686146992178,-49502,-12.361620088588635,40786,11.26987667697014,0.13159644480629623,0.18250593456497058,0.09678082392641785,-0.005131721526862476,0.19794010020571967
2015-10-13,161346,74575,22865,45022,103648,084691,SILVER - COMMODITY EXCHANGE INC.,15.897000312805176,0.3633557695883381,-58626,-5.840257063484952,51710,6.992434037868217,0.061370821282034034,0.11211001642036125,-0.005131721526862476,0.000503203120627127,0.2030810557861195
2015-10-20,167574,79449,22151,42189,108989,084691,SILVER - COMMODITY EXCHANGE INC.,15.904999732971191,0.39862985904734627,-66800,-5.066131171519592,57298,3.463364446593036,0.05406871370172909,0.055,0.000503203120627127,-0.002955041315594542,0.20909831106827437
2015-10-27,169757,82023,19578,41050,110423,084691,SILVER - COMMODITY EXCHANGE INC.,15.857999801635742,0.40866061487891514,-69373,-1.5354410588754819,62445,3.0714788690369628,0.01698652565143623,0.050658950207183,-0.002955041315594542,-0.03871858837436237,0.21539033063109142
2015-11-03,166942,77220,18843,41512,108653,084691,SILVER - COMMODITY EXCHANGE INC.,15.244000434875488,0.40218159600340236,-67141,1.3148205964997024,58377,-2.3963665710397803,0.014863649985016481,0.057649667405764965,-0.03871858837436237,-0.05825245755370534,0.22177238010142586
2015-11-10,162435,72304,33314,48381,98510,084691,SILVER - COMMODITY EXCHANGE INC.,14.355999946594238,0.30860959768522794,-50129,10.190365516167292,38990,-11.613015298726504,0.1158137666705244,0.1835577269026113,-0.05825245755370534,-0.01295624623796554,0.2257228563494029
2015-11-17,170721,72282,47028,57596,93120,084691,SILVER - COMMODITY EXCHANGE INC.,14.170000076293944,0.20808219258322058,-35524,8.991288823221597,25254,-8.456305599162741,0.09690411104328671,0.11512865644120358,-0.01295624623796554,-7.060016602133956e-05,0.22768363652266496
2015-11-24,170092,70210,50817,58718,87443,084691,SILVER - COMMODITY EXCHANGE INC.,14.168999671936035,0.16887919478870259,-28725,3.982521189543173,19393,-3.4330867321536305,0.04651719678984134,0.048427210457170716,-7.060016602133956e-05,-0.00804568913824244,0.22823101365795234
2015-12-01,163286,72909,51019,53239,83060,084691,SILVER - COMMODITY EXCHANGE INC.,14.05500030517578,0.18263047658709258,-29821,-0.6443571714131177,21890,1.4680290666227689,0.07235562990190683,0.023408753469756634,-0.00804568913824244,0.0025613160664570422,0.2282984384275554
2015-12-08,162758,70591,49331,52285,83312,084691,SILVER - COMMODITY EXCHANGE INC.,14.090999603271484,0.1906327185146045,-31027,-0.7385813848094754,21260,-0.38582609654226324,0.008894002079692029,0.033405046613632194,0.0025613160664570422,-0.024909505502493157,0.22737629267368537
2015-12-15,166864,71479,55902,54707,78249,084691,SILVER - COMMODITY EXCHANGE INC.,13.739999771118164,0.14108495541279126,-23542,4.59885228375871,15577,-3.4916870445692374,0.056296820000601704,0.05855661362369584,-0.024909505502493157,0.04090249519796507,0.225736649884151
2015-12-22,161116,68584,45193,51148,82310,084691,SILVER - COMMODITY EXCHANGE INC.,14.302000045776367,0.1934134412473001,-31162,-4.566593153706012,23391,4.6828554990890785,0.057096614665287954,0.1195672236040676,0.04090249519796507,-0.026919327901661738,0.22510684878032367
2015-12-29,165006,68450,47746,52149,82027,084691,SILVER - COMMODITY EXCHANGE INC.,13.916999816894531,0.1810722034350266,-29878,0.7969413341939969,20704,-1.667742496089774,0.009569520629620796,0.02312472030018245,-0.026919327901661738,0.002299385076384608,0.2236222297963069
2016-01-05,167520,69779,48153,52680,81479,084691,SILVER - COMMODITY EXCHANGE INC.,13.949000358581545,0.17191380133715378,-28799,0.6539156151897507,21626,0.5587675599675163,0.008042695607450861,0.014720347318793882,0.002299385076384608,-0.014983194644109465,0.22194581728337212
2016-01-12,166172,71255,48772,50690,81252,084691,SILVER - COMMODITY EXCHANGE INC.,13.739999771118164,0.18391786823291528,-30562,-1.052411652340019,22483,0.5115807067812799,0.016802837610465204,0.01745440609196264,-0.014983194644109465,0.026928667519837246,0.21976000431335765
2016-01-19,159521,68196,39238,49508,85542,084691,SILVER - COMMODITY EXCHANGE INC.,14.109999656677246,0.2258887544586606,-36034,-3.2929735454829934,28958,3.8965650049346463,0.04051832654572381,0.11721615131150287,0.026928667519837246,0.030758329257180916,0.2174123836487663
2016-01-26,154734,68920,31334,46228,91352,084691,SILVER - COMMODITY EXCHANGE INC.,14.543999671936035,0.2916230434164437,-45124,-5.698309313507313,37586,5.408692272490769,0.06607064980375055,0.08606140403375426,0.030758329257180916,-0.01842681896954257,0.2157287143143573
2016-02-02,157934,70685,32097,47967,93441,084691,SILVER - COMMODITY EXCHANGE INC.,14.276000022888184,0.28793040130687503,-45474,-0.22619463078573554,38588,0.6475629144208771,0.02707060420909708,0.02459574633690724,-0.01842681896954257,0.08181564999858693,0.21485135787508572
2016-02-09,164664,78108,25426,44437,106146,084691,SILVER - COMMODITY EXCHANGE INC.,15.444000244140623,0.3747570810863334,-61709,-10.279610470196411,52682,8.92398090341535,0.1078142951063533,0.13612919427434467,0.08181564999858693,-0.007446242508432621,0.21594437595693838
2016-02-16,166645,80249,21532,44638,114700,084691,SILVER - COMMODITY EXCHANGE INC.,15.32900047302246,0.42042665546521046,-70062,-5.072754214643152,58717,3.6650391099451,0.05494608944507901,0.05929397431740698,-0.007446242508432621,-0.006132220852275716,0.2187912150968624
2016-02-23,174697,83189,21262,45040,118717,084691,SILVER - COMMODITY EXCHANGE INC.,15.234999656677246,0.4217416441037911,-73677,-2.1692820066608656,61927,1.9262504125536322,0.026985105980202373,0.0307321136226556,-0.006132220852275716,-0.03295043428645472,0.22203878826422388
2016-03-01,162293,78607,23127,48025,113262,084691,SILVER - COMMODITY EXCHANGE INC.,14.732999801635742,0.40197051012674606,-65237,4.831222058764604,55480,-3.690389646072915,0.05232907797900637,0.06337114435685218,-0.03295043428645472,0.04418652220547137,0.2251128410100727
2016-03-08,169875,79879,19995,47434,118249,084691,SILVER - COMMODITY EXCHANGE INC.,15.383999824523926,0.4168653421633554,-70815,-3.4369935856752907,59884,2.713610568539617,0.033666700868526044,0.0440955604061117,0.04418652220547137,-0.008385316663704567,0.2293472319354667
2016-03-15,166180,76606,18533,46447,116471,084691,SILVER - COMMODITY EXCHANGE INC.,15.255000114440918,0.4213744132867974,-70024,0.46563649742457686,58073,-1.0660779985283297,0.01697172810861906,0.04976928494098109,-0.008385316663704567,0.04077349956961185,0.2341963370932318
2016-03-22,175775,82933,19504,47743,124985,084691,SILVER - COMMODITY EXCHANGE INC.,15.876999855041504,0.4394367799743991,-77242,-4.343482970273198,63429,3.223011192682633,0.05679449770737807,0.07124378886535139,0.04077349956961185,-0.040309844145096196,0.23827626821063655
2016-03-29,175255,79493,24986,47675,115779,084691,SILVER - COMMODITY EXCHANGE INC.,15.237000465393066,0.3885994693446692,-68104,5.198691509031432,54507,-5.075807139809416,0.05673767543161991,0.08539515117870577,-0.040309844145096196,-0.00807246447474086,0.24011243192997675
2016-04-05,179913,79942,27931,51291,110956,084691,SILVER - COMMODITY EXCHANGE INC.,15.11400032043457,0.33163251126933574,-59665,4.8152691791960285,52011,-1.4242104362215058,0.05201328838129519,0.03146292399395586,-0.00807246447474086,0.07317711853059694,0.24077423751023222
2016-04-12,184800,87892,25424,52108,124524,084691,SILVER - COMMODITY EXCHANGE INC.,16.219999313354492,0.39186147186147186,-72416,-7.0873144241939166,62468,5.812253700399637,0.08144050908102722,0.09228176073987786,0.07317711853059694,0.04611597597399131,0.24356766985936879
2016-04-19,194510,94988,23560,53952,138036,084691,SILVER - COMMODITY EXCHANGE INC.,16.968000411987305,0.4322862577759498,-84084,-6.313852813852813,71428,4.848484848484849,0.07998416567702148,0.07558119917670479,0.04611597597399131,0.008132984731881399,0.24831802630312325
2016-04-26,206748,99774,21001,56700,148002,084691,SILVER - COMMODITY EXCHANGE INC.,17.106000900268555,0.44161007603459285,-91302,-3.7108631946943604,78773,3.7761554675852143,0.06210979863411203,0.0608155661353757,0.008132984731881399,0.02151292009529837,0.2531672463667115
2016-05-03,198237,100401,24526,55731,146325,084691,SILVER - COMMODITY EXCHANGE INC.,17.474000930786133,0.4569984412597043,-90594,0.34244587613906785,75875,-1.4017064252133031,0.013095379498752821,0.033235409479135815,0.02151292009529837,-0.02283393307732473,0.25787844049473246
2016-05-10,205391,107844,27573,53870,145602,084691,SILVER - COMMODITY EXCHANGE INC.,17.075000762939453,0.4466213222585215,-91732,-0.5740603419139716,80271,2.2175476828240943,0.012954199085585948,0.07746442470295457,-0.02283393307732473,0.009370415242345498,0.2622782302730494
2016-05-17,207394,105988,28786,54759,144654,084691,SILVER - COMMODITY EXCHANGE INC.,17.235000610351562,0.43345034089703655,-89895,0.8943916724686087,77202,-1.494223213285879,0.009212037329562266,0.022771454434831643,0.009370415242345498,-0.05784738643999676,0.26372121714076574
2016-05-24,203682,97242,31358,59097,137390,084691,SILVER - COMMODITY EXCHANGE INC.,16.238000869750977,0.3843884093832543,-78293,5.594183052547326,65884,-5.457245629092452,0.05904716342557014,0.08800933125972006,-0.05784738643999676,-0.016381372917412818,0.2643014745965174
2016-05-31,198118,89815,28184,59970,135935,084691,SILVER - COMMODITY EXCHANGE INC.,15.972000122070312,0.38343310552297116,-75965,1.1429581406309837,61631,-2.0880588368142496,0.011883310788392333,0.08983974440461359,-0.016381372917412818,0.025356917327209016,0.26546750883933595
2016-06-07,192376,86676,29635,56476,128310,084691,SILVER - COMMODITY EXCHANGE INC.,16.37700080871582,0.37340416683993843,-71834,2.085120988501802,57041,-2.3168010983353358,0.06017230742588724,0.03946316341532615,0.025356917327209016,0.06307620368111166,0.26900146874741465
2016-06-14,199111,97370,27731,56766,138510,084691,SILVER - COMMODITY EXCHANGE INC.,17.40999984741211,0.4105448719558437,-81744,-5.151370233293134,69639,6.548633925229759,0.05371883897662795,0.10070263227312332,0.06307620368111166,-0.005686331091623531,0.2740030323140708
2016-06-21,205618,106942,26699,55836,145772,084691,SILVER - COMMODITY EXCHANGE INC.,17.31100082397461,0.4373936133996051,-89936,-4.114288010205363,80243,5.325672614772665,0.040633308202055476,0.07934690701206965,-0.005686331091623531,0.030500829114307626,0.2795839846157539
2016-06-28,211396,107555,23894,56671,151872,084691,SILVER - COMMODITY EXCHANGE INC.,17.839000701904297,0.4503443773770554,-95201,-2.560573490647706,83661,1.6623058292561936,0.03325453263835276,0.026002480049296686,0.030500829114307626,0.1136273580437206,0.286175956039905
2016-07-05,211347,111348,25594,55718,154486,084691,SILVER - COMMODITY EXCHANGE INC.,19.86599922180176,0.46732624546362145,-98768,-1.687354538401862,85754,0.9900849590342296,0.016969229890963066,0.04011187217946284,0.1136273580437206,0.013289033993070687,0.29376585786346926
2016-07-12,214617,114376,26724,54035,154155,084691,SILVER - COMMODITY EXCHANGE INC.,20.1299991607666,0.4665054492421383,-100120,-0.63970626505226,87652,0.8980491797849035,0.00967385561266151,0.029468462083628633,0.013289033993070687,-0.007699890002924925,0.30112288584120167
2016-07-19,219206,120839,26449,50379,156634,084691,SILVER - COMMODITY EXCHANGE INC.,19.975000381469727,0.4847266954371687,-106255,-2.8585806343393116,94390,3.1395462614797522,0.02963581997265872,0.04574710770734887,-0.007699890002924925,-0.016020009447462846,0.3093156327242847
2016-07-26,218299,123737,27660,48115,155238,084691,SILVER - COMMODITY EXCHANGE INC.,19.655000686645508,0.49071686081933497,-107123,-0.39597456274007103,96077,0.7695957227448154,0.017998259184767374,0.027140564211972498,-0.016020009447462846,0.05143727520967967,0.3175325992725614
2016-08-02,224540,122676,29242,49123,158244,084691,SILVER - COMMODITY EXCHANGE INC.,20.666000366210938,0.4859757726908346,-109121,-0.9152584299515801,93434,-1.210724739920934,0.01935698544127079,0.017397543411577298,0.05143727520967967,-0.04122719322015378,0.32545487419647007
2016-08-09,210647,122165,31101,47020,150331,084691,SILVER - COMMODITY EXCHANGE INC.,19.81399917602539,0.4904461017721591,-103311,2.587512247261067,91064,-1.0554912265075265,0.05075221306200627,0.015463312150118095,-0.04122719322015378,0.0017159785072391465,0.33248384589453017
2016-08-16,205905,118988,33999,49176,149770,084691,SILVER - COMMODITY EXCHANGE INC.,19.847999572753903,0.48854568854568853,-100594,1.289835601741302,84989,-2.883971763186753,0.013656972243724428,0.039709256342042136,0.0017159785072391465,-0.04725915686885751,0.33928674356002825
2016-08-23,206264,118356,35153,47602,145671,084691,SILVER - COMMODITY EXCHANGE INC.,18.90999984741211,0.4754537873792809,-98069,1.2262936791238677,83203,-0.8673903013525655,0.029352263378744057,0.011634497000175886,-0.04725915686885751,-0.0176097401265205,0.34567384746579977
2016-08-30,189416,114230,29876,44378,140056,084691,SILVER - COMMODITY EXCHANGE INC.,18.57699966430664,0.5051210035055117,-95678,1.1591940425862002,84354,0.5580227281542102,0.04792500298209658,0.06525057943458287,-0.0176097401265205,0.07923777513430097,0.3526238555400223
2016-09-06,199197,118059,30031,45970,145552,084691,SILVER - COMMODITY EXCHANGE INC.,20.048999786376957,0.4999171674272203,-99582,-2.0610719263420196,88028,1.9396460700257634,0.037008803166215895,0.026902559254507394,0.07923777513430097,-0.05780838989863435,0.3590789641795872
2016-09-13,193953,113792,32224,45479,142154,084691,SILVER - COMMODITY EXCHANGE INC.,18.88999938964844,0.49844549968291285,-96675,1.4593593277007182,81568,-3.2430207282238186,0.02072663124290503,0.04424172693403463,-0.05780838989863435,0.01614612572951768,0.3660651296012261
2016-09-20,193501,113567,30932,45909,142854,084691,SILVER - COMMODITY EXCHANGE INC.,19.19499969482422,0.5010051627640167,-96945,-0.13920898361974293,82635,0.5501332797120952,0.00598634266249212,0.010498342549083385,0.01614612572951768,-0.005626454980609319,0.3717416984324288
2016-09-27,201486,116948,32086,48161,148979,084691,SILVER - COMMODITY EXCHANGE INC.,19.08699989318848,0.5003722342991572,-100818,-2.0015400437207043,84862,1.1508984449692767,0.04249264482093943,0.030429298012534054,-0.005626454980609319,-0.07198619777887383,0.3776743555550274
2016-10-04,198747,110764,34961,48885,139781,084691,SILVER - COMMODITY EXCHANGE INC.,17.71299934387207,0.4573452681046758,-90896,4.924411621651132,75803,-4.496094021420843,0.05259029183848706,0.0621650368845428,-0.07198619777887383,-0.014509116411802525,0.3803759670585446
2016-10-11,187469,97527,34634,52174,129809,084691,SILVER - COMMODITY EXCHANGE INC.,17.45599937438965,0.41412180147117655,-77635,6.6723019718536625,62893,-6.495695532511182,0.07286944384915074,0.10263239533599171,-0.014509116411802525,0.007733743911557456,0.3813522369024453
2016-10-18,189229,94230,34944,53771,128682,084691,SILVER - COMMODITY EXCHANGE INC.,17.590999603271484,0.3958748394802065,-74911,1.4530402359856829,59286,-1.924051443171938,0.014929872350687575,0.02792357595181693,0.007733743911557456,0.00824287766663967,0.3812992557569234
2016-10-25,196311,92213,35140,57120,130516,084691,SILVER - COMMODITY EXCHANGE INC.,17.736000061035156,0.3738761455038179,-73396,0.8006172415433153,57073,-1.1694824789012255,0.027622631051610565,0.01737689728549779,0.00824287766663967,0.036592251105845186,0.38063032365355615
2016-11-01,196912,89233,27097,58595,135512,084691,SILVER - COMMODITY EXCHANGE INC.,18.38500022888184,0.39061611278134395,-76917,-1.7935826316406112,62136,2.579070963929683,0.03333728304491852,0.09475629674202699,0.036592251105845186,-0.0029915857759623687,0.38040791051467043
2016-11-08,188265,89360,24091,53861,136122,084691,SILVER - COMMODITY EXCHANGE INC.,18.32999992370605,0.4369426074947547,-82261,-2.7139026570244575,65269,1.5910660599658732,0.028128832579757138,0.02761544631603071,-0.0029915857759623687,-0.07097657395023749,0.3828758530110075
2016-11-15,174831,85575,22969,51359,129880,084691,SILVER - COMMODITY EXCHANGE INC.,17.02899932861328,0.4491251551498304,-78521,1.98656149576395,62606,-1.4144955249249727,0.048245686634775076,0.04520747346698113,-0.07097657395023749,-0.02384169084127641,0.387511294598827
2016-11-22,169661,81835,21668,46804,125036,084691,SILVER - COMMODITY EXCHANGE INC.,16.62299919128418,0.46110773837240143,-78232,0.1653024921209625,60167,-1.3950615165502687,0.05469622905027933,0.04870390230234872,-0.02384169084127641,0.0022859958286858273,0.3931310742831288
2016-11-29,156626,79485,20445,41906,117351,084691,SILVER - COMMODITY EXCHANGE INC.,16.660999298095703,0.481688863917868,-75445,1.642687476791956,59040,-0.6642658006259541,0.07901065573255807,0.035755028519963976,0.0022859958286858273,0.004741640738889608,0.398882197116413
2016-12-06,159337,81495,22130,43081,118821,084691,SILVER - COMMODITY EXCHANGE INC.,16.739999771118164,0.4753447096405731,-75740,-0.18834676235107836,59365,0.20750067038678124,0.016337043396622647,0.035657418576598314,0.004741640738889608,0.010215025646091558,0.40435742771498934
2016-12-13,163556,87040,20107,41867,122998,084691,SILVER - COMMODITY EXCHANGE INC.,16.910999298095703,0.49604416835823817,-81131,-3.3833949427942036,66933,4.749681492685315,0.03269948139386771,0.07063193556515815,0.010215025646091558,-0.05067698416261068,0.4111835664254787
2016-12-20,159697,83529,22635,42097,116045,084691,SILVER - COMMODITY EXCHANGE INC.,16.054000854492188,0.4630519045442306,-73948,4.3917679571522905,60894,-3.692313336105065,0.04542120372829482,0.05688368938623262,-0.05067698416261068,-0.007786280492151465,0.41636892148888116
2016-12-27,163097,84330,25419,41974,115981,084691,SILVER - COMMODITY EXCHANGE INC.,15.928999900817873,0.45376064550543543,-74007,-0.0369449645265722,58911,-1.241726519596486,0.001183881485233136,0.032665445698821856,-0.007786280492151465,0.02680651654902433,0.4216129299902352
2017-01-03,163812,86821,25530,42493,118307,084691,SILVER - COMMODITY EXCHANGE INC.,16.356000900268555,0.4628110272751691,-75814,-1.1079296369645057,61291,1.4592543087855692,0.01769278606965174,0.02315956244270189,0.02680651654902433,0.027329333063564887,0.4272071074121201
2017-01-10,165040,88430,23829,41425,120362,084691,SILVER - COMMODITY EXCHANGE INC.,16.80299949645996,0.4782901114881241,-78937,-1.9064537396527728,64601,2.020608990794325,0.01930315785569916,0.02948538647235411,0.027329333063564887,0.017794429288648494,0.4328681120901049
2017-01-17,172056,90838,21356,45028,126764,084691,SILVER - COMMODITY EXCHANGE INC.,17.101999282836914,0.47505463337518017,-81736,-1.6959524963645178,69482,2.9574648570043625,0.05823903324951104,0.04350500026739398,0.017794429288648494,0.0027482684470074847,0.43765976360773023
2017-01-24,177601,92319,21298,47195,130279,084691,SILVER - COMMODITY EXCHANGE INC.,17.14900016784668,0.46781268123490294,-83084,-0.7834658483284512,71021,0.8944762170456131,0.03201595726697995,0.013545508154589542,0.0027482684470074847,0.021167354297596086,0.44104802587346986
2017-01-31,186839,96909,20935,49265,138678,084691,SILVER - COMMODITY EXCHANGE INC.,17.511999130249023,0.47855640417685813,-89413,-3.5636060607766846,75974,2.7888356484479253,0.05570305890615772,0.042030141543056926,0.021167354297596086,0.012619956736120264,0.44471391054404646
2017-02-07,193936,98560,20283,50072,142784,084691,SILVER - COMMODITY EXCHANGE INC.,17.732999801635742,0.47805461595577925,-92712,-1.7656913171232986,78277,1.2326120349605811,0.02547496577757498,0.01937850777917084,0.012619956736120264,0.00783848985054525,0.4467004015992281
2017-02-14,195338,104765,19953,48659,147686,084691,SILVER - COMMODITY EXCHANGE INC.,17.871999740600586,0.5069520523400465,-99027,-3.256228859005032,84812,3.3696683441960236,0.032162774707784766,0.052398210362577975,0.00783848985054525,0.006602508517808081,0.4483643515391288
2017-02-21,208147,108848,20831,51934,154167,084691,SILVER - COMMODITY EXCHANGE INC.,17.989999771118164,0.4911576914392232,-102233,-1.6412577173924172,88017,1.640745784230411,0.047336014866497494,0.03825600135719739,0.006602508517808081,0.023902185138774623,0.44969927552634864
2017-02-28,197629,115229,19806,50081,158091,084691,SILVER - COMMODITY EXCHANGE INC.,18.420000076293945,0.5465291025102591,-108010,-2.7754423556428867,95423,3.5580623309488004,0.027751090444440175,0.0548450401747695,0.023902185138774623,-0.05037999417026451,0.4524792484568008
2017-03-07,192398,113437,19984,46774,152636,084691,SILVER - COMMODITY EXCHANGE INC.,17.492000579833984,0.5502240148026487,-105862,1.0868850219350399,93453,-0.9968172687206838,0.04393962188455945,0.014765291820627937,-0.05037999417026451,-0.034530074978906034,0.45504383831524875
2017-03-14,186936,102675,19797,46747,144746,084691,SILVER - COMMODITY EXCHANGE INC.,16.88800048828125,0.5242382419651646,-97999,4.0868408195511385,82878,-5.496418881693157,0.04134354780592502,0.08940002612842118,-0.034530074978906034,0.03919935632632554,0.4570219888667558
2017-03-21,190819,100337,21225,48468,142202,084691,SILVER - COMMODITY EXCHANGE INC.,17.549999237060547,0.4912194278347544,-93734,2.281529507425001,79112,-2.0145932297684768,0.022368490061362562,0.030980076010595416,0.03919935632632554,0.03846160534205456,0.4580178090179165
2017-03-28,201829,112197,21509,48127,149894,084691,SILVER - COMMODITY EXCHANGE INC.,18.225000381469727,0.504223872684302,-101767,-4.209748505127895,90688,6.066481849291737,0.040566404573252335,0.09082614093608364,0.03846160534205456,0.004224947198625539,0.46024135523598636
2017-04-04,219160,126524,25142,47639,159985,084691,SILVER - COMMODITY EXCHANGE INC.,18.302000045776367,0.5126209162255886,-112346,-5.241565880027152,101382,5.298544807733279,0.05095268369745309,0.1184181029367162,0.004224947198625539,-0.0037700931028324947,0.463721901485145
2017-04-11,220172,131969,26454,46900,161314,084691,SILVER - COMMODITY EXCHANGE INC.,18.232999801635746,0.519657358792217,-114414,-0.9436028472348968,105515,1.885836831538602,0.009932089100636844,0.042651635179235335,-0.0037700931028324947,0.0009872017355168072,0.4661795146953517
2017-04-18,227984,128378,24491,46878,163710,084691,SILVER - COMMODITY EXCHANGE INC.,18.250999450683597,0.5124570145273353,-116832,-1.0982322911178533,103887,-0.7394219065094563,0.01148213573422987,0.03633176118114202,0.0009872017355168072,-0.03671032252805495,0.46772126001749376
2017-04-25,214782,121018,27405,43415,151504,084691,SILVER - COMMODITY EXCHANGE INC.,17.58099937438965,0.503249806780829,-108089,3.8349182398764823,93613,-4.5064565934451535,0.08038723777569144,0.06922107759579041,-0.03671032252805495,-0.046186241030248154,0.4689066394549214
2017-05-02,189240,101538,30171,43731,130305,084691,SILVER - COMMODITY EXCHANGE INC.,16.768999099731445,0.45748256182625235,-86574,10.017133651795774,71367,-10.357478745891182,0.12362384793950677,0.16890265661420253,-0.046186241030248154,-0.0453813417866793,0.4689159494658165
2017-05-09,196083,94982,41327,48400,117669,084691,SILVER - COMMODITY EXCHANGE INC.,16.007999420166016,0.3532636689565133,-69269,9.144472627351512,53655,-9.359543436905517,0.10420367437631346,0.12994006265176913,-0.0453813417866793,0.04279119178553237,0.46712060997923943
2017-05-16,215127,100142,57138,55612,112949,084691,SILVER - COMMODITY EXCHANGE INC.,16.69300079345703,0.26652628447382243,-57337,6.085178215347582,43004,-5.431883437115916,0.07078743006982635,0.13333545269582908,0.04279119178553237,0.023842256688231478,0.4639105319711007
2017-05-23,203459,96531,45358,53195,117182,084691,SILVER - COMMODITY EXCHANGE INC.,17.090999603271484,0.3144957952216417,-63987,-3.09119729276195,51173,3.7972918322665214,0.03903108987715478,0.10847211552692598,0.023842256688231478,0.017377619326192972,0.46256644323722357
2017-05-30,205235,96568,35154,52861,123943,084691,SILVER - COMMODITY EXCHANGE INC.,17.38800048828125,0.3463444344288255,-71082,-3.487189065118771,61414,5.033446542055156,0.04012918259767879,0.07774707338181928,0.017377619326192972,0.016620632009407332,0.4618531995623361
2017-06-06,208967,101713,35772,52429,128053,084691,SILVER - COMMODITY EXCHANGE INC.,17.677000045776367,0.361894461804974,-75624,-2.213072818963627,65941,2.205764124052915,0.025165944526323956,0.04191730006909845,0.016620632009407332,-0.05311982653129821,0.4616318590808945
2017-06-13,201214,102702,42044,51617,123530,084691,SILVER - COMMODITY EXCHANGE INC.,16.738000869750977,0.3573956086554613,-71913,1.7758784879909266,60658,-2.5281503778108503,0.030460127778380447,0.05016373509457947,-0.05311982653129821,-0.020313068163494985,0.46060975786357944
2017-06-20,199929,96000,49319,56301,115135,084691,SILVER - COMMODITY EXCHANGE INC.,16.398000717163086,0.29427446743593977,-58834,6.5000447284980165,46681,-6.9463357420457825,0.07629086072936839,0.09618150413916969,-0.020313068163494985,0.010854951132771795,0.4578574665950474
2017-06-27,204637,93869,58337,59720,109928,084691,SILVER - COMMODITY EXCHANGE INC.,16.576000213623047,0.2453515248953024,-50208,4.3145316587388525,35532,-5.576479650275848,0.05084645854946713,0.07324941198113083,0.010854951132771795,-0.053028514263345206,0.4539152963550137
2017-07-11,207592,91174,77169,65517,90084,084691,SILVER - COMMODITY EXCHANGE INC.,15.696999549865724,0.11834271070176115,-24567,12.529992132410072,14005,-10.519603004344278,0.16478685869628087,0.12787582495262648,-0.053028514263345206,0.03344591879083536,0.44720407453267025
2017-07-18,209689,90776,81400,66398,88312,084691,SILVER - COMMODITY EXCHANGE INC.,16.222000122070312,0.10450715106657955,-21914,1.2779875910439709,9376,-2.2298547150179195,0.01714821278521104,0.02688528017842208,0.03344591879083536,0.016952263374485632,0.44024256879852486
2017-07-25,206347,90865,71448,63775,93307,084691,SILVER - COMMODITY EXCHANGE INC.,16.496999740600586,0.143118145647865,-29532,-3.632999346651469,19417,4.78852014173371,0.04849696336945035,0.061861958068669794,0.016952263374485632,0.01400260070926973,0.433673173610269
2017-08-01,207258,92259,61500,60593,100260,084691,SILVER - COMMODITY EXCHANGE INC.,16.72800064086914,0.191389475918903,-39667,-4.911629439730163,30759,5.496566463287569,0.06300783945590073,0.07376478775226165,0.01400260070926973,-0.021999044501379128,0.42791687774679915
2017-08-08,195163,91345,57481,59273,98834,084691,SILVER - COMMODITY EXCHANGE INC.,16.360000610351562,0.20270748041380796,-39561,0.05114398479190188,33864,1.498132762064673,0.01736798497220237,0.03314609006490801,-0.021999044501379128,0.02017114372827411,0.42246941058762566
2017-08-15,187955,91596,52745,55918,104006,084691,SILVER - COMMODITY EXCHANGE INC.,16.690000534057617,0.2558484743688649,-48088,-4.36916833621127,38851,2.5552999287774836,0.05331907656136665,0.03455012782230967,0.02017114372827411,0.016297145022603043,0.4179579177529469
2017-08-22,187227,91305,46759,55060,110109,084691,SILVER - COMMODITY EXCHANGE INC.,16.961999893188477,0.29402276381077513,-55049,-3.7035460615572875,44546,3.0299805804580884,0.042144712385496066,0.04546442229690578,0.016297145022603043,0.02711950210576375,0.41421709227727543
2017-08-29,182823,92930,39285,51479,117067,084691,SILVER - COMMODITY EXCHANGE INC.,17.422000885009766,0.3587513606056131,-65588,-5.628995817910878,53645,4.859875979426044,0.06252892385461535,0.0688197254471883,0.02711950210576375,0.02427955497974299,0.4119728148393203
2017-09-05,183276,96374,32203,47489,124177,084691,SILVER - COMMODITY EXCHANGE INC.,17.844999313354492,0.4184290359894367,-76688,-6.07144615283635,64171,5.7574812797076955,0.06466044528328266,0.08186534139076196,0.02427955497974299,-0.002801862649730036,0.4103056616178573
2017-09-12,188207,102243,27256,45932,130613,084691,SILVER - COMMODITY EXCHANGE INC.,17.795000076293945,0.4499354434213393,-84681,-4.361182042384164,74987,5.901481917981624,0.04527457588716758,0.08352188047784152,-0.002801862649730036,-0.033717357622775834,0.40934447461774426
2017-09-19,192994,99687,31884,47905,126313,084691,SILVER - COMMODITY EXCHANGE INC.,17.19499969482422,0.40627169756572745,-78408,3.3330322464095383,67803,-3.817073753898633,0.036006612405147576,0.05460169794255573,-0.033717357622775834,-0.022739101324306787,0.40757190150010597
2017-09-26,186906,91812,31552,49345,121611,084691,SILVER - COMMODITY EXCHANGE INC.,16.804000854492188,0.38664355344397716,-72266,3.1824823569644654,60260,-3.908411660466128,0.0359273731252486,0.06652670146882397,-0.022739101324306787,-0.013270737250821063,0.40537263978241295
2017-10-03,183494,91097,31918,46546,115263,084691,SILVER - COMMODITY EXCHANGE INC.,16.58099937438965,0.37449180899647944,-68717,1.8988154473371641,59179,-0.5783655955400041,0.05652961207349406,0.008787546234199082,-0.013270737250821063,0.034618016640326266,0.4029518623727461
2017-10-10,188258,92195,33087,46444,117052,084691,SILVER - COMMODITY EXCHANGE INC.,17.155000686645508,0.375059758416641,-70608,-1.0305514076754554,59108,-0.03869336327073365,0.011566032196506336,0.018095177280056194,0.034618016640326266,-0.009793131343768469,0.40136944872489927
2017-10-17,191928,94825,30910,46960,121873,084691,SILVER - COMMODITY EXCHANGE INC.,16.98699951171875,0.3903182443416281,-74913,-2.286755410128653,63915,2.5534107448289047,0.031611118679405095,0.03823120054081998,-0.009793131343768469,-0.004709479366904357,0.4009116880108695
2017-10-24,193899,95413,30293,49309,125814,084691,SILVER - COMMODITY EXCHANGE INC.,16.906999588012695,0.39456108592617806,-76505,-0.8294777208119712,65120,0.6278396065191113,0.03591761219257322,0.009585859067984027,-0.004709479366904357,-0.015496488829087385,0.4008864235194459
2017-10-31,198853,95382,35230,51632,122660,084691,SILVER - COMMODITY EXCHANGE INC.,16.645000457763672,0.35718847590934005,-71028,2.8246664500590515,60152,-2.5621586496062383,0.03142427650150322,0.03803632131810247,-0.015496488829087385,0.015620319719520603,0.4005655067964752
2017-11-07,203330,99872,30970,52183,133824,084691,SILVER - COMMODITY EXCHANGE INC.,16.905000686645508,0.40151969704421386,-81641,-5.337108316193369,68902,4.400235349730706,0.06298150069621036,0.06687455098515767,0.015620319719520603,0.008695613910680633,0.40077519110922266
2017-11-14,199899,98070,28897,51730,132178,084691,SILVER - COMMODITY EXCHANGE INC.,17.052000045776367,0.4024432338330857,-80448,0.5867309300152461,69173,0.13328087345694192,0.011413315353328839,0.030519741350114597,0.008695613910680633,-0.006040384740360838,0.40011174161572904
2017-11-21,199402,98144,30503,52431,132867,084691,SILVER - COMMODITY EXCHANGE INC.,16.948999404907227,0.4033861245122918,-80436,0.006003031530923116,67641,-0.7663870254478512,0.007501430128765556,0.013058990882026009,-0.006040384740360838,-0.0081419898388021,0.3992321448726994
2017-11-28,186272,90138,31356,52073,125148,084691,SILVER - COMMODITY EXCHANGE INC.,16.81100082397461,0.39230265418313004,-73075,3.6915376977161714,58782,-4.442783923932558,0.045575862905637594,0.07291718109536273,-0.0081419898388021,-0.04984838558960791,0.39790897017675186
2017-12-05,192970,84905,53479,61774,108128,084691,SILVER - COMMODITY EXCHANGE INC.,15.972999572753906,0.24021350468984817,-46354,14.345151176773749,31426,-14.686050506785776,0.1572730162093442,0.19768181292634987,-0.04984838558960791,-0.024478795746873838,0.3932652132685207
2017-12-12,202797,77169,67255,75352,100181,084691,SILVER - COMMODITY EXCHANGE INC.,15.58199977874756,0.1224327776051914,-24829,11.15458361403327,9914,-11.147846815567187,0.12262651467245475,0.14895031296737385,-0.024478795746873838,0.031061494857276495,0.3864784453447634
2017-12-19,203703,77575,75106,76696,95317,084691,SILVER - COMMODITY EXCHANGE INC.,16.06599998474121,0.09141249760680992,-18621,3.06118926808582,2469,-3.6711588435726368,0.036090295500921445,0.05408007545143142,0.031061494857276495,0.028258463429207792,0.3786970670610821
2017-12-26,200321,74013,69365,77046,97785,084691,SILVER - COMMODITY EXCHANGE INC.,16.520000457763672,0.10352883621787032,-20739,-1.0397490464057966,4648,1.0696946043995423,0.016118422934147836,0.06488443136324959,0.028258463429207792,,0.3717831619009597
