,Open_Interest_All,NonComm_Positions_Long_All,NonComm_Positions_Short_All,Comm_Positions_Long_All,Comm_Positions_Short_All,CFTC_Contract_Market_Code,Market_and_Exchange_Names,ZC_Close,HP,NetLong_Comm,Q_Comm,NetLong_NonComm,Q_NonComm,PT_Comm,PT_NonComm,Ret,Ret_Lead,HP_Smooth_52w
2003-01-07,444380,76291,85431,214923,226698,002602,CORN - CHICAGO BOARD OF TRADE ,240.0,0.026497592150861875,-11775,,-9140,,,,,-0.03645833333333337,
2003-01-14,455158,73849,97908,227835,212616,002602,CORN - CHICAGO BOARD OF TRADE ,231.25,-0.03343674064830235,15219,6.07453080696701,-24059,-3.3572618029614296,0.06128718063984416,0.08686108863103105,-0.03645833333333337,0.0108108108108107,
2003-01-21,464844,74860,103682,232658,212143,002602,CORN - CHICAGO BOARD OF TRADE ,233.75,-0.04413308550825654,20515,1.1635519973284003,-28822,-1.046449804243801,0.011906448052050243,0.03800226277290498,0.0108108108108107,0.02032085561497321,
2003-01-28,460295,79509,99141,228629,217810,002602,CORN - CHICAGO BOARD OF TRADE ,238.5,-0.023504491684680478,10819,-2.0858610630663192,-19632,1.9770073400968928,0.02171853265507718,0.05144136579904842,0.02032085561497321,-0.0031446540880503138,
2003-02-04,467128,78635,100372,233665,222449,002602,CORN - CHICAGO BOARD OF TRADE ,237.75,-0.02401054957099553,11216,0.08624903594434004,-21737,-0.45731541728674,0.02121180231257975,0.011759316674766908,-0.0031446540880503138,0.01577287066246047,
2003-02-11,472896,86424,87942,232141,241207,002602,CORN - CHICAGO BOARD OF TRADE ,241.5,0.019171234267153878,-9066,-4.341850627665222,-1518,4.328363960199346,0.04284796809112957,0.11595723937006068,0.01577287066246047,-0.01345755693581785,
2003-02-18,474283,91453,87596,226435,234825,002602,CORN - CHICAGO BOARD OF TRADE ,238.25,0.017689860273296745,-8390,0.14294897821085398,3857,1.1366135471647043,0.026206477908338032,0.030019715273472625,-0.01345755693581785,-0.026232948583420734,
2003-02-25,467928,74377,107889,235163,203604,002602,CORN - CHICAGO BOARD OF TRADE ,232.0,-0.06744413670479218,31559,8.423030131798948,-33512,-7.8790511150515625,0.09104832405354095,0.20502452459592024,-0.026232948583420734,0.01724137931034475,
2003-03-04,455091,78188,120810,223166,188017,002602,CORN - CHICAGO BOARD OF TRADE ,236.0,-0.07723510243006344,35149,0.7672120497170505,-42622,-1.9468807166914566,0.0670844854967253,0.08408124704770903,0.01724137931034475,0.005296610169491567,
2003-03-11,432152,80976,108596,204748,186095,002602,CORN - CHICAGO BOARD OF TRADE ,237.25,-0.043163053740350614,18653,-3.6247695515841887,-27620,3.2964835604307714,0.05204135675961959,0.07913615934842698,0.005296610169491567,-0.03161222339304526,
2003-03-18,451271,83262,121700,221468,183812,002602,CORN - CHICAGO BOARD OF TRADE ,229.75,-0.0834443161647879,37656,4.397295396064347,-38438,-2.5032858808937597,0.04688857086458745,0.07508708931411677,-0.03161222339304526,-0.006528835690968404,
2003-03-25,450534,78848,128359,222657,176508,002602,CORN - CHICAGO BOARD OF TRADE ,228.25,-0.10243178095326878,46149,1.8820176789556609,-49511,-2.453736225017783,0.021276915561234077,0.05343931430887953,-0.006528835690968404,0.049288061336254074,
2003-04-01,432990,79127,113093,208380,178532,002602,CORN - CHICAGO BOARD OF TRADE ,239.5,-0.06893461742765422,29848,-3.618150905370072,-33966,3.450350029076607,0.04213102721032173,0.08087087711996671,0.049288061336254074,0.013569937369519725,
2003-04-08,416681,86766,77358,188859,197582,002602,CORN - CHICAGO BOARD OF TRADE ,242.75,0.020934479853893025,-8723,-8.90805792281577,9408,10.017321416198989,0.09981083787693334,0.2642757914747386,0.013569937369519725,-0.004119464469618972,
2003-04-15,415581,87138,67152,185698,207261,002602,CORN - CHICAGO BOARD OF TRADE ,241.75,0.051886395191310476,-21563,-3.081493996606517,19986,2.5386326710361162,0.03267516458460043,0.06855920668870309,-0.004119464469618972,-0.012409513960703222,
2003-04-22,409312,86263,66756,181194,204602,002602,CORN - CHICAGO BOARD OF TRADE ,238.75,0.05718864826831366,-23408,-0.4439567737697344,19507,-0.11526032229577388,0.018566807328225278,0.008306158058803154,-0.012409513960703222,-0.029319371727748678,
2003-04-29,397770,78732,86375,182392,176601,002602,CORN - CHICAGO BOARD OF TRADE ,231.75,-0.014558664554893531,5791,7.133677976702368,-7643,-6.6330818544288945,0.08133584777419059,0.16443881846317843,-0.029319371727748678,0.03775620280474645,
2003-05-06,399096,81119,93606,183191,180194,002602,CORN - CHICAGO BOARD OF TRADE ,240.5,-0.00750947140537615,2997,-0.7024159690273274,-12487,-1.2177891746486664,0.012086354692681316,0.055046501645442836,0.03775620280474645,0.05093555093555091,
2003-05-13,409096,102590,43313,179897,230757,002602,CORN - CHICAGO BOARD OF TRADE ,252.75,0.12432289731505564,-50860,-13.494748130775552,59277,17.981638503016818,0.1311493373983938,0.49186103095892475,0.05093555093555091,-0.023738872403560873,
2003-05-20,417280,107173,33903,187555,244017,002602,CORN - CHICAGO BOARD OF TRADE ,246.75,0.13530962423312884,-56462,-1.3693607368441636,73270,3.4204685452803254,0.04846931682314886,0.09918767189316396,-0.023738872403560873,-0.019250253292806496,
2003-05-27,408284,93115,32479,188364,235267,002602,CORN - CHICAGO BOARD OF TRADE ,242.0,0.11487836897845617,-46903,2.2907879601226995,60636,-3.027703220858896,0.022564448777355764,0.12327021991496409,-0.019250253292806496,-0.008264462809917328,
2003-06-03,400271,87085,35124,184966,228989,002602,CORN - CHICAGO BOARD OF TRADE ,240.0,0.1099829865266282,-44023,0.7053913452400781,51961,-2.1247464999853043,0.023374521385174717,0.07098495200844455,-0.008264462809917328,-0.0031250000000000444,
2003-06-10,387649,80697,41092,184689,211339,002602,CORN - CHICAGO BOARD OF TRADE ,239.25,0.06874775892624513,-26650,4.34030944035416,39605,-3.0869086194103494,0.04526700132313877,0.10145415431607124,-0.0031250000000000444,0.011494252873563315,
2003-06-17,388240,78344,33189,185783,216976,002602,CORN - CHICAGO BOARD OF TRADE ,242.0,0.08034463218627654,-31193,-1.1719364682999311,45155,1.4317075498711462,0.016712227411429664,0.09195484744425417,0.011494252873563315,-0.011363636363636354,
2003-06-24,379055,65865,38491,188340,202496,002602,CORN - CHICAGO BOARD OF TRADE ,239.25,0.03734550395061403,-14156,4.388264990727385,27374,-4.579899031526891,0.04359117379156475,0.17038790294760245,-0.011363636363636354,-0.040752351097178674,
2003-07-01,371901,56909,74033,196498,158756,002602,CORN - CHICAGO BOARD OF TRADE ,229.5,-0.1014839970852458,37742,13.691416812863569,-17124,-11.73919352072918,0.14608702505812743,0.33982984832979485,-0.040752351097178674,0.002178649237472685,0.006654229778560256
2003-07-08,369771,59241,85962,199959,146266,002602,CORN - CHICAGO BOARD OF TRADE ,230.0,-0.14520608701060927,53693,4.289044665112489,-26721,-2.580525462421451,0.04607119647627988,0.0982142242240174,0.002178649237472685,-0.09347826086956523,0.0010297736011836073
2003-07-15,376954,57997,103021,214705,139161,002602,CORN - CHICAGO BOARD OF TRADE ,208.5,-0.20040641563692121,75544,5.90933307371319,-45024,-4.949820294182075,0.061749362753132545,0.11367052130817673,-0.09347826086956523,0.0,-0.006164376014462993
2003-07-22,392252,62336,111683,224705,149309,002602,CORN - CHICAGO BOARD OF TRADE ,208.5,-0.19221316908517994,75396,-0.039262085028942524,-49347,-1.1468242809467468,0.05386964124337592,0.07471023279067228,0.0,0.007194244604316502,-0.012579851637591163
2003-07-29,403886,57555,122729,240101,152908,002602,CORN - CHICAGO BOARD OF TRADE ,210.0,-0.2158851755198249,87193,3.007505379195007,-65174,-4.0349061317724315,0.04833222648845192,0.08778926582503162,0.007194244604316502,-0.0023809523809523725,-0.019356695766998954
2003-08-05,407895,57063,125999,240702,150171,002602,CORN - CHICAGO BOARD OF TRADE ,209.5,-0.22194682455043577,90531,0.8264708358299124,-68936,-0.9314509539820641,0.008539858214816577,0.02055041461362817,-0.0023809523809523725,0.04892601431980914,-0.025891861211625948
2003-08-12,395194,58425,96387,234904,167594,002602,CORN - CHICAGO BOARD OF TRADE ,219.75,-0.17032141176232432,67310,-5.692886649750548,-37962,7.59362090734135,0.05769221213521558,0.20007492959202128,0.04892601431980914,0.014789533560864543,-0.030405284666335273
2003-08-19,378585,59667,68755,219714,185441,002602,CORN - CHICAGO BOARD OF TRADE ,223.0,-0.09052920744350675,34273,-8.359691695724125,-9088,7.3062850144486005,0.08154163221483136,0.2248368659575462,0.014789533560864543,0.02130044843049328,-0.03222722172018896
2003-08-26,355434,52521,63365,209281,172531,002602,CORN - CHICAGO BOARD OF TRADE ,227.75,-0.10339472307094988,36750,0.6542784315279264,-10844,-0.4638324286487843,0.06113741841534577,0.10817527570198299,0.02130044843049328,0.020856201975850697,-0.0343203835246231
2003-09-02,352034,67401,54327,189498,175936,002602,CORN - CHICAGO BOARD OF TRADE ,232.5,-0.03852468795627695,13562,-6.523855343045404,13074,6.729238058261168,0.06345331851989688,0.1964872502628812,0.020856201975850697,0.007526881720430145,-0.034440506508384636
2003-09-09,357358,75353,47937,188009,190092,002602,CORN - CHICAGO BOARD OF TRADE ,234.25,0.005828888677460698,-2083,-4.444173006016464,27416,4.074038303118449,0.041377832907080386,0.11632735826101062,0.007526881720430145,-0.042689434364994616,-0.03332191219766671
2003-09-16,347038,61335,45279,197900,180763,002602,CORN - CHICAGO BOARD OF TRADE ,224.25,-0.04938075945573683,17137,5.378360075890284,16056,-3.1788850396521138,0.05075753374372463,0.15641472977282533,-0.042689434364994616,-0.0022296544035674826,-0.03375593509653347
2003-09-23,361227,63705,52451,208422,184811,002602,CORN - CHICAGO BOARD OF TRADE ,223.75,-0.06536333109097603,23611,1.8655017606141115,11254,-1.383710141252543,0.03705182423652135,0.08214814559730019,-0.0022296544035674826,-0.015642458100558643,-0.03458770867533459
2003-09-30,369358,59954,58407,215762,178947,002602,CORN - CHICAGO BOARD OF TRADE ,220.25,-0.09967294603068026,36815,3.655319231397432,1547,-2.6872299136000355,0.033452492849162296,0.08201181132298646,-0.015642458100558643,0.014755959137343844,-0.036256560915215244
2003-10-07,382897,68567,65016,222461,187999,002602,CORN - CHICAGO BOARD OF TRADE ,223.5,-0.0900033168188834,34462,-0.6370513160673384,3551,0.5425630418185067,0.03837401939287628,0.11395162558109939,0.014755959137343844,-0.022371364653243853,-0.03760022981280695
2003-10-14,408890,67989,79874,245106,193749,002602,CORN - CHICAGO BOARD OF TRADE ,218.5,-0.1256010173885397,51357,4.412413782296545,-11885,-4.031371360966526,0.0647024643675018,0.10439393222104246,-0.022371364653243853,-0.01258581235697942,-0.0397465904853858
2003-10-21,438842,79049,99401,258440,197816,002602,CORN - CHICAGO BOARD OF TRADE ,215.75,-0.13814539173552212,60624,2.2663797109246984,-20352,-2.0707280686737266,0.038138676532473,0.17140375455309612,-0.01258581235697942,0.11355735805330247,-0.042089419086579524
2003-10-28,445820,95031,55516,248670,251344,002602,CORN - CHICAGO BOARD OF TRADE ,240.25,0.005997936386882599,-2674,-14.423870094475916,39515,13.642039731839706,0.12659245541124847,0.39766318824021735,0.11355735805330247,-0.03329864724245579,-0.040971108494173424
2003-11-04,468038,110194,41395,255419,289745,002602,CORN - CHICAGO BOARD OF TRADE ,232.25,0.0733401988727411,-34326,-7.09972634695617,68799,6.568570274998878,0.0828191149819137,0.19318024394909922,-0.03329864724245579,0.0010764262648008671,-0.03837312423583446
2003-11-11,472235,121193,36016,245840,304903,002602,CORN - CHICAGO BOARD OF TRADE ,232.5,0.12507120395565768,-59063,-5.2852546160781815,85177,3.4992885193082612,0.04491568662697483,0.10417978614455915,0.0010764262648008671,0.013978494623655857,-0.034741028053801304
2003-11-18,479731,120481,36057,247177,308631,002602,CORN - CHICAGO BOARD OF TRADE ,235.75,0.12810095657774878,-61454,-0.5063157114572194,84424,-0.15945450887799506,0.009112859116817319,0.004810333593121159,0.013978494623655857,0.01590668080593849,-0.031200984909637172
2003-11-25,454474,111187,31127,231627,290965,002602,CORN - CHICAGO BOARD OF TRADE ,239.5,0.13056412468039977,-59338,0.4410805222093215,80060,-0.9096764645186572,0.06356010042250934,0.09994800230476271,0.01590668080593849,0.02609603340292277,-0.027759174067295958
2003-12-02,447005,125740,30339,215445,292555,002602,CORN - CHICAGO BOARD OF TRADE ,245.75,0.17250366326998579,-77110,-3.9104547234825313,95401,3.3755506365600674,0.03498425196850394,0.09828996854157189,0.02609603340292277,0.016276703967446515,-0.023587031622769258
2003-12-09,451061,147051,29594,203443,304705,002602,CORN - CHICAGO BOARD OF TRADE ,249.75,0.224497351799424,-101262,-5.403071554009463,117457,4.934172995827788,0.04752945992112534,0.12486059611084378,0.016276703967446515,0.009009009009008917,-0.018524085022316332
2003-12-16,455115,156260,29217,198414,309546,002602,CORN - CHICAGO BOARD OF TRADE ,252.0,0.2441844369005636,-111132,-2.188174105054527,127043,2.1252114459019955,0.01943066383179778,0.051682957994791806,0.009009009009008917,-0.04365079365079361,-0.013269914583858733
2003-12-30,427011,124889,34731,202729,272278,002602,CORN - CHICAGO BOARD OF TRADE ,241.0,0.16287402432255843,-69549,9.136811575096404,90158,-8.104545005108598,0.08754186780405342,0.23108006515474253,-0.04365079365079361,0.043568464730290524,-0.009816111860203494
2004-01-06,450278,143388,30922,199819,290749,002602,CORN - CHICAGO BOARD OF TRADE ,251.5,0.20194191144137622,-90930,-5.007130963839339,112466,5.2242213900812855,0.04358417181715889,0.12797888818771155,0.043568464730290524,0.06759443339960236,-0.005743842181326961
2004-01-13,513728,171907,30027,211962,331220,002602,CORN - CHICAGO BOARD OF TRADE ,268.5,0.2321423009841784,-119258,-6.291224532399984,141880,6.532408867410799,0.09686256171964461,0.14566145374231185,0.06759443339960236,0.025139664804469275,-0.0017891362422247205
2004-01-20,590233,204727,40429,236900,367702,002602,CORN - CHICAGO BOARD OF TRADE ,275.25,0.22161078760421732,-130802,-2.247103525601096,164298,4.363787841036502,0.10158749061365989,0.17630406761409062,0.025139664804469275,0.0036330608537693543,0.003115623916477581
2004-01-27,623785,220221,43800,252938,389453,002602,CORN - CHICAGO BOARD OF TRADE ,276.25,0.2188494433178098,-136515,-0.967922837252407,176421,2.0539346325942467,0.05882554394442014,0.07145264959984243,0.0036330608537693543,-0.0117647058823529,0.008172980240055779
2004-02-03,632256,224585,45520,252901,388330,002602,CORN - CHICAGO BOARD OF TRADE ,273.0,0.2141996279987853,-135429,0.17409844738171004,179065,0.42386399159966975,0.001809020462204728,0.02252457377686455,-0.0117647058823529,0.02564102564102555,0.01274421331089166
2004-02-10,643651,231049,50989,262788,402099,002602,CORN - CHICAGO BOARD OF TRADE ,280.0,0.21643872222679683,-139311,-0.6139918007895536,180060,0.15737296285049093,0.03557897808198987,0.042309901502634396,0.02564102564102555,0.014285714285714235,0.017368237768541513
2004-02-17,636055,232463,49945,265039,409351,002602,CORN - CHICAGO BOARD OF TRADE ,284.0,0.22688603972926868,-144312,-0.7769738569504281,182518,0.38188397128257395,0.014091252835896143,0.008703719441375598,0.014285714285714235,0.023767605633802757,0.02136275325819757
2004-02-24,655950,239876,38276,268758,439660,002602,CORN - CHICAGO BOARD OF TRADE ,290.75,0.2605411997865691,-170902,-4.180456092633499,201600,3.0000550266879435,0.04803378796134485,0.06860277833702436,0.023767605633802757,-0.004299226139294898,0.026032971325760497
2004-03-02,655743,243252,36757,271600,437689,002602,CORN - CHICAGO BOARD OF TRADE ,289.5,0.25328367973428617,-166089,0.733744950072414,206495,0.7462459028889398,0.006785668465181329,0.017481580949183777,-0.004299226139294898,0.01899827288428324,0.03220081394958893
2004-03-09,653454,244055,37755,272031,436551,002602,CORN - CHICAGO BOARD OF TRADE ,295.0,0.25176982618516375,-164520,0.2392705678901643,206300,-0.029737259871626537,0.002214281480477912,0.0063908307015364966,0.01899827288428324,0.03474576271186436,0.03852783180757406
2004-03-16,675900,253550,39185,276623,451368,002602,CORN - CHICAGO BOARD OF TRADE ,305.25,0.25853676579375645,-174745,-1.5647620184435322,214365,1.2342108243273437,0.026661043886531566,0.03732044340444429,0.03474576271186436,0.03439803439803435,0.044329751413999204
2004-03-23,706068,254720,40383,291610,469505,002602,CORN - CHICAGO BOARD OF TRADE ,315.75,0.25195165338182723,-177895,-0.4660452729693742,214337,-0.00414262464861666,0.04352036157479487,0.008024316933409692,0.03439803439803435,-0.011084718923198733,0.05077967390528026
2004-03-30,707933,244497,40798,300645,466759,002602,CORN - CHICAGO BOARD OF TRADE ,312.25,0.2346464990331006,-166114,1.6685361749859788,203699,-1.5066537500637331,0.015351757353362767,0.03728771972870187,-0.011084718923198733,0.04643714971977575,0.05726194852040275
2004-04-06,748944,253077,49156,327153,497243,002602,CORN - CHICAGO BOARD OF TRADE ,326.75,0.22710643252365997,-170090,-0.5616350699854364,203921,0.03135889978288906,0.06913182499672488,0.05604285435409105,0.04643714971977575,-0.05355776587605199,0.0629550456348511
2004-04-20,696799,209130,43819,328781,466178,002602,CORN - CHICAGO BOARD OF TRADE ,309.25,0.19718311880470552,-137397,4.365212886410733,165311,-5.155258604114593,0.041125391372385245,0.1948376945550289,-0.05355776587605199,0.0,0.06634444253775135
2004-04-27,665652,199853,40143,324659,454543,002602,CORN - CHICAGO BOARD OF TRADE ,309.25,0.19512297717125465,-129884,1.0782162431346771,159710,-0.8038186047913386,0.02022197068282679,0.05397173286221437,0.0,0.027485852869846505,0.06909899219121181
2004-05-04,656357,203086,43104,317105,454182,002602,CORN - CHICAGO BOARD OF TRADE ,317.75,0.2088451863848485,-137077,-1.0805946650802523,159982,0.04086219225661457,0.010262068464786778,0.025159429708761526,0.027485852869846505,-0.0684500393391031,0.07201546407806825
2004-05-11,631827,175336,42776,322965,426324,002602,CORN - CHICAGO BOARD OF TRADE ,296.0,0.16358750100897873,-103359,5.137143353388477,132560,-4.177909278030096,0.04499999332700733,0.12873202758215962,-0.0684500393391031,-0.013513513513513487,0.07544135187737347
2004-05-18,631805,157258,53272,335981,408925,002602,CORN - CHICAGO BOARD OF TRADE ,292.0,0.11545334399063002,-72944,4.813817706429133,103986,-4.522440478168866,0.04083065514306503,0.1357241248278155,-0.013513513513513487,0.04023972602739723,0.07780602140421976
2004-05-25,634179,155789,61123,344319,408684,002602,CORN - CHICAGO BOARD OF TRADE ,303.75,0.10149342693466672,-64365,1.3578556674923434,94666,-1.475138689943891,0.011393048898875569,0.04296673305303533,0.04023972602739723,0.06666666666666665,0.0773669931276738
2004-06-01,631781,161539,54119,332980,414175,002602,CORN - CHICAGO BOARD OF TRADE ,324.0,0.12851763506658162,-81195,-2.6538248664809148,107420,2.0111041204454896,0.022525446527159692,0.059139934525962404,0.06666666666666665,-0.08333333333333337,0.07723637795139406
2004-06-08,640778,178736,40901,322883,422832,002602,CORN - CHICAGO BOARD OF TRADE ,297.0,0.1559806984634304,-99949,-2.968433681924591,137835,4.814168200689796,0.025149018056496115,0.13847848950768768,-0.08333333333333337,-0.056397306397306446,0.07802680736456663
2004-06-15,632589,159054,46425,320842,393407,002602,CORN - CHICAGO BOARD OF TRADE ,280.25,0.11471113155619209,-72565,4.273554959752052,112629,-3.93365564985065,0.044054664409750664,0.12266946987283373,-0.056397306397306446,-0.044603033006244464,0.07811773323051979
2004-06-22,614912,142787,51362,328107,377550,002602,CORN - CHICAGO BOARD OF TRADE ,267.75,0.08040662728975853,-49443,3.6551378541201314,91425,-3.3519394108971228,0.032766627412468094,0.10921508738134114,-0.044603033006244464,0.0009337068160597539,0.07834194223751044
2004-06-29,577335,129392,54964,314867,347369,002602,CORN - CHICAGO BOARD OF TRADE ,268.0,0.05629660422458365,-32502,2.7550283617818487,74428,-2.764135355953372,0.06556726001002663,0.09219661958384864,0.0009337068160597539,-0.06902985074626866,0.07787948016132404
2004-07-06,547972,122614,67879,321762,324946,002602,CORN - CHICAGO BOARD OF TRADE ,249.5,0.005810515865774164,-3184,5.07816085981276,54735,-3.4110178665765973,0.045334215751158174,0.1033791267920606,-0.06902985074626866,-0.03106212424849697,0.07727303808276943
2004-07-13,564015,125769,76494,315268,313089,002602,CORN - CHICAGO BOARD OF TRADE ,241.75,-0.0038633724280382614,2179,0.9786996415875264,49275,-0.9964012759776048,0.029204735524550534,0.05819156247064466,-0.03106212424849697,-0.03205791106514999,0.07915035778771572
2004-07-20,563877,122598,86685,319742,304639,002602,CORN - CHICAGO BOARD OF TRADE ,234.0,-0.026784210031620372,15103,2.2914284194569294,35913,-2.3690859285657297,0.02069890019074892,0.06384656183254254,-0.03205791106514999,-0.05021367521367526,0.08142770157577318
2004-07-27,576695,121186,105543,329251,286635,002602,CORN - CHICAGO BOARD OF TRADE ,222.25,-0.07389694725981671,42616,4.879255582334445,15643,-3.594755593861782,0.044672228301990954,0.08940188506984109,-0.05021367521367526,-0.013498312710911176,0.08386057596764059
2004-08-03,582387,109528,107392,335679,289768,002602,CORN - CHICAGO BOARD OF TRADE ,219.25,-0.07883246020258007,45911,0.57135921067462,2136,-2.342139259053746,0.015286666975778924,0.06226719527936567,-0.013498312710911176,0.02394526795895091,0.08604097421538291
2004-08-10,566654,110571,107299,332184,285128,002602,CORN - CHICAGO BOARD OF TRADE ,224.5,-0.08304185622972748,47056,0.19660466322222164,3272,0.19505929905715616,0.01317810118708206,0.0052141185110386925,0.02394526795895091,0.017817371937639104,0.08859565343250016
2004-08-17,560542,101098,106251,335786,287786,002602,CORN - CHICAGO BOARD OF TRADE ,228.5,-0.08563140674561406,48000,0.16659195911438018,-5153,-1.4867979401892513,0.01003893696317346,0.05074053889818615,0.017817371937639104,0.01641137855579866,0.09121710377490057
2004-08-24,560610,99231,107147,332221,283664,002602,CORN - CHICAGO BOARD OF TRADE ,232.25,-0.08661458054619076,48557,0.099368111577723,-7916,-0.49291578507944095,0.012481226202943731,0.013388054928335384,0.01641137855579866,-0.019375672766415497,0.09282685052905698
2004-08-31,529006,101781,106490,317255,268994,002602,CORN - CHICAGO BOARD OF TRADE ,227.75,-0.09122958907838474,48261,-0.052799628975580166,-4709,0.5720554396104244,0.050551898595989075,0.015398207143577359,-0.019375672766415497,-0.03732162458836441,0.09281338165146319
2004-09-07,534337,104402,104256,315649,268524,002602,CORN - CHICAGO BOARD OF TRADE ,219.25,-0.08819340603401973,47125,-0.21474236587108653,146,0.9177589668170114,0.0035537417853957645,0.02326773955467799,-0.03732162458836441,-0.058152793614595244,0.09310571467140413
2004-09-14,537055,93248,119220,328256,260487,002602,CORN - CHICAGO BOARD OF TRADE ,206.5,-0.12618633100892832,67769,3.863479414676506,-25972,-4.88792653325523,0.03506453579915175,0.122926746615961,-0.058152793614595244,0.030266343825665842,0.09141991384346854
2004-09-21,556001,92948,122175,341742,265682,002602,CORN - CHICAGO BOARD OF TRADE ,212.75,-0.13679831511094404,76060,1.5437897422051745,-29227,-0.6060831758386013,0.03075446475608471,0.015130878613630341,0.030266343825665842,-0.0199764982373678,0.08867708300138383
2004-09-28,568559,87180,126120,355734,263893,002602,CORN - CHICAGO BOARD OF TRADE ,208.5,-0.16153292798108904,91841,2.838304247654231,-38940,-1.746939304066,0.025468548013563,0.04553680262541022,-0.0199764982373678,-0.01918465227817745,0.08652031052974245
2004-10-05,588462,92965,134557,362188,266627,002602,CORN - CHICAGO BOARD OF TRADE ,204.5,-0.1623911144644854,95561,0.6542856590081241,-41592,-0.4664423569057916,0.014611610728115582,0.06250824096131363,-0.01918465227817745,-0.009779951100244544,0.08465439161871341
2004-10-12,609045,97247,143968,372499,270705,002602,CORN - CHICAGO BOARD OF TRADE ,202.5,-0.1671370752571649,101794,1.059201783632588,-46721,-0.8715940876386241,0.022370818589436632,0.056766784818522896,-0.009779951100244544,0.022222222222222143,0.08335700451820409
2004-10-19,608205,99491,137211,375164,279643,002602,CORN - CHICAGO BOARD OF TRADE ,207.0,-0.15705395384779802,95521,-1.029973154693003,-37720,1.4778875124169806,0.017719725048754825,0.03802671713800475,0.022222222222222143,-0.0012077294685990392,0.08206756919072497
2004-10-26,620134,100028,140652,380748,287752,002602,CORN - CHICAGO BOARD OF TRADE ,206.75,-0.14996113743158737,92996,-0.41515607402109483,-40624,-0.4774705896860434,0.020483171278982797,0.016528170184477314,-0.0012077294685990392,-0.03385731559854899,0.08159910534374329
2004-11-02,641856,95472,161642,397907,283173,002602,CORN - CHICAGO BOARD OF TRADE ,199.75,-0.17875348987934989,114734,3.505371419725414,-66170,-4.1194322517391395,0.03191695542373877,0.09935670558584908,-0.03385731559854899,-0.008760951188986232,0.08081818037943891
2004-11-09,645308,96739,159340,393898,288931,002602,CORN - CHICAGO BOARD OF TRADE ,198.0,-0.16266186069287844,104967,-1.5216808754611626,-62601,0.5560437232027121,0.014303727580404465,0.01393710534639701,-0.008760951188986232,0.025252525252525304,0.07757472274328966
2004-11-16,652364,100736,148565,386969,299660,002602,CORN - CHICAGO BOARD OF TRADE ,203.0,-0.13383479161940268,87309,-2.736367749973656,-47829,2.2891394496891406,0.025716944667353112,0.05925367327046422,0.025252525252525304,-0.024630541871921152,0.07359058831074843
2004-11-23,642333,97622,160939,391182,294864,002602,CORN - CHICAGO BOARD OF TRADE ,198.0,-0.1499502594448674,96318,1.3809774910939292,-63317,-2.3741346855436536,0.013131772505050682,0.0599007584283786,-0.024630541871921152,-0.02777777777777779,0.06830171401458449
2004-11-30,584558,76477,160255,383483,256796,002602,CORN - CHICAGO BOARD OF TRADE ,192.5,-0.21672272041439858,126687,4.727921498661909,-83778,-3.185419400840374,0.07147977678480787,0.09220975617998411,-0.02777777777777779,0.006493506493506551,0.06167048945704319
2004-12-07,583279,74503,172130,386708,252707,002602,CORN - CHICAGO BOARD OF TRADE ,193.75,-0.22973739839767932,134001,1.2512017626993386,-97627,-2.3691404445752173,0.011438580577559174,0.056152258619081796,0.006493506493506551,0.006451612903225712,0.05474161401323397
2004-12-14,589086,75738,173103,386670,257542,002602,CORN - CHICAGO BOARD OF TRADE ,195.0,-0.21920059210369963,129128,-0.8354492447010778,-97365,0.04491846954887798,0.007564280081712231,0.008873135857836932,0.006451612903225712,0.055128205128205154,0.04720883987143233
2004-12-21,594629,78549,169760,387626,263740,002602,CORN - CHICAGO BOARD OF TRADE ,205.75,-0.20834167186598704,123886,-0.8898530944547995,-91211,1.0446691994038222,0.010983072496875796,0.02478363651740372,0.055128205128205154,0.0060753341433779084,0.03888501249325135
2004-12-28,592919,80354,161481,386856,269356,002602,CORN - CHICAGO BOARD OF TRADE ,207.0,-0.19817209433329006,117500,-1.0739469484333928,-81127,1.695847326652417,0.009731611125672801,0.04169785184113135,0.0060753341433779084,-0.02898550724637683,0.03037815612336955
2005-01-04,604517,81565,174000,399972,269866,002602,CORN - CHICAGO BOARD OF TRADE ,201.0,-0.2152230623787255,130106,2.1260914222684715,-92435,-1.9071745044432713,0.020342232002364753,0.05372410150059672,-0.02898550724637683,0.028606965174129417,0.02310705830219101
2005-01-11,613073,84505,151441,403455,294807,002602,CORN - CHICAGO BOARD OF TRADE ,206.75,-0.1772186998938136,108648,-3.5496106809237786,-66936,4.218078234359,0.040706783413675666,0.1080713383570817,0.028606965174129417,-0.051995163240628806,0.015815508084206596
2005-01-18,631557,80205,194209,420238,265788,002602,CORN - CHICAGO BOARD OF TRADE ,196.0,-0.2445543315963563,154450,7.470888458633801,-114004,-7.6773891526783915,0.0667642334255553,0.17152186112953421,-0.051995163240628806,0.015306122448979664,0.006648265149965541
2005-01-25,644934,73589,186076,402070,244588,002602,CORN - CHICAGO BOARD OF TRADE ,199.0,-0.24418312571518946,157482,0.480083349563064,-112487,0.24020001361713983,0.06087916642181802,0.056800107831244104,0.015306122448979664,-0.01005025125628145,-0.0023093101061768978
2005-02-01,649713,72550,186587,404328,244356,002602,CORN - CHICAGO BOARD OF TRADE ,197.0,-0.24621948460320173,159972,0.38608601810417814,-114037,-0.24033466990420727,0.0038385407995264256,0.0059813920821804685,-0.01005025125628145,-0.011421319796954266,-0.01125294333542712
2005-02-08,657417,73417,187682,405269,246208,002602,CORN - CHICAGO BOARD OF TRADE ,194.75,-0.2419484132597727,159061,-0.14021575680338857,-114265,-0.03509241772905883,0.004287181281917857,0.007514391093033677,-0.011421319796954266,0.02695763799743256,-0.020025021051937854
2005-02-15,671800,80890,165545,392497,262472,002602,CORN - CHICAGO BOARD OF TRADE ,200.0,-0.19354718666269724,130025,-4.416679215779331,-84655,4.503990617827041,0.044331869141898315,0.12015338730293992,0.02695763799743256,0.03750000000000009,-0.02790936545365889
2005-02-22,644026,93992,139378,377930,279496,002602,CORN - CHICAGO BOARD OF TRADE ,207.5,-0.15284165546111492,98434,-4.70244120273891,-45386,5.8453408752604945,0.04805255648544475,0.16826927197154734,0.03750000000000009,0.01686746987951815,-0.03521182113039704
2005-03-01,638828,106792,98378,372875,306519,002602,CORN - CHICAGO BOARD OF TRADE ,211.0,-0.10387146461958462,66356,-4.980854810209526,8414,8.353700005900382,0.04721560684963364,0.2622215723546327,0.01686746987951815,-0.020142180094786744,-0.04221975698436153
2005-03-08,639795,113533,87054,372046,317721,002602,CORN - CHICAGO BOARD OF TRADE ,206.75,-0.08491001023765425,54325,-1.8832925294445455,26479,2.8278347223352767,0.017442121759956623,0.09006067192789163,-0.020142180094786744,0.10519951632406288,-0.048723481791514235
2005-03-15,684070,129039,79696,396410,362527,002602,CORN - CHICAGO BOARD OF TRADE ,228.5,-0.04953148069641996,33883,-3.195085925960659,49343,3.5736446830625432,0.09114063486165519,0.10953601456392076,0.10519951632406288,-0.06345733041575496,-0.05451773769308314
2005-03-22,676579,119921,70903,405743,364059,002602,CORN - CHICAGO BOARD OF TRADE ,214.0,-0.06160995242240744,41684,1.1403803704299267,49018,-0.04750975777332729,0.01411401892954292,0.09386135915817717,-0.06345733041575496,-0.004672897196261627,-0.06067440535108631
2005-03-29,667485,114254,80457,404092,349232,002602,CORN - CHICAGO BOARD OF TRADE ,213.0,-0.0821891128639595,54860,1.947444422602534,33797,-2.249700330633969,0.021873722329303194,0.07817226556280847,-0.004672897196261627,-0.035211267605633756,-0.06710018931735143
2005-04-05,678519,107584,93084,408035,330125,002602,CORN - CHICAGO BOARD OF TRADE ,205.5,-0.11482360847669704,77910,3.453261121972778,14500,-2.8910012959092715,0.031226292402731115,0.0961638128650308,-0.035211267605633756,0.006082725060827299,-0.07382076830792447
2005-04-12,665828,107598,112155,402999,312253,002602,CORN - CHICAGO BOARD OF TRADE ,206.75,-0.13629045339036508,90746,1.8917672165407307,-4557,-2.808617002618939,0.0320278726938198,0.08684750606362598,0.006082725060827299,0.01330108827085863,-0.08080916996011725
2005-04-19,687682,106014,116181,416449,331968,002602,CORN - CHICAGO BOARD OF TRADE ,209.5,-0.12284893308244217,84481,-0.9409336945877915,-10167,-0.8425599404050296,0.044313531092960205,0.025248092891379192,0.01330108827085863,0.01670644391408116,-0.08696363249640855
2005-04-26,663789,93609,101678,407039,328326,002602,CORN - CHICAGO BOARD OF TRADE ,213.0,-0.11858135642500856,78713,-0.838759775593952,-8069,0.3050828726068154,0.01774900899553283,0.13778694946412204,0.01670644391408116,-0.07511737089201875,-0.09299640814249054
2005-05-03,673304,99970,133257,415888,307549,002602,CORN - CHICAGO BOARD OF TRADE ,197.0,-0.16090651473925596,108339,4.463165252813771,-33287,-3.799098810013423,0.040951734567073565,0.16267413292629068,-0.07511737089201875,0.016497461928933976,-0.10010701777949255
2005-05-10,683390,105734,148997,416550,308284,002602,CORN - CHICAGO BOARD OF TRADE ,200.25,-0.15842491110493276,108266,-0.010842056485629076,-43263,-1.48164870548816,0.0019273378456308617,0.084418464968928,0.016497461928933976,0.0362047440699127,-0.10629956416629854
2005-05-17,677053,101287,156727,414245,300653,002602,CORN - CHICAGO BOARD OF TRADE ,207.5,-0.1677741624363233,113592,0.7793500051215265,-55440,-1.7818522366437903,0.013898486217614262,0.04719511344345656,0.0362047440699127,0.06626506024096379,-0.11174624698220148
2005-05-24,668196,95158,104649,396706,318029,002602,CORN - CHICAGO BOARD OF TRADE ,221.25,-0.11774539207059007,78677,-5.156907952553198,-9491,6.786617886635167,0.04885027317817093,0.2913161200558539,0.06626506024096379,0.003389830508474523,-0.11596237811691797
2005-05-31,685379,97553,97219,405082,337944,002602,CORN - CHICAGO BOARD OF TRADE ,222.0,-0.09795748045971645,67138,-1.7268885177403037,334,1.4703769552646229,0.038075383633950896,0.050443595588688314,0.003389830508474523,-0.007882882882882858,-0.12031766880011599
2005-06-07,682827,99429,91099,397112,332175,002602,CORN - CHICAGO BOARD OF TRADE ,220.25,-0.09510022304331844,64937,-0.32113618888235557,8330,1.1666537784204067,0.018838948178152085,0.0419675848169298,-0.007882882882882858,-0.005675368898978461,-0.12514614805986118
2005-06-14,695774,104112,97383,393487,325740,002602,CORN - CHICAGO BOARD OF TRADE ,219.0,-0.09736926070821847,67747,0.4115244417692915,6729,-0.23446641682300204,0.013987239077509605,0.05442814958187548,-0.005675368898978461,0.060502283105022814,-0.12922461714186906
2005-06-21,735341,129178,85581,392787,367004,002602,CORN - CHICAGO BOARD OF TRADE ,232.25,-0.03506264440579269,25783,-6.031268774055944,43597,5.298847039412223,0.055230977992632185,0.17167150154359073,0.060502283105022814,-0.05920344456404736,-0.1314451800590912
2005-06-28,707495,108692,75222,390744,355224,002602,CORN - CHICAGO BOARD OF TRADE ,218.5,-0.05020530180425303,35520,1.324147572350787,33470,-1.3771841907359987,0.018530285481414752,0.16771425775090532,-0.05920344456404736,0.05720823798626995,-0.13349329363656884
2005-07-05,689252,104970,85527,384867,333908,002602,CORN - CHICAGO BOARD OF TRADE ,231.0,-0.07393377168292584,50959,2.1822062346730364,19443,-1.9826288525007243,0.03783242322006191,0.07363370551767219,0.05720823798626995,-0.017316017316017285,-0.13502683762789
2005-07-12,686436,110341,78501,392454,350263,002602,CORN - CHICAGO BOARD OF TRADE ,227.0,-0.06146385096352756,42191,-1.2721036718065382,31840,1.7986164711890569,0.032235696772795024,0.06564747249022992,-0.017316017316017285,0.09471365638766516,-0.13613453913818785
2005-07-19,724681,150084,74725,389188,399305,002602,CORN - CHICAGO BOARD OF TRADE ,248.5,0.013960625433811567,-10117,-7.6202297082320865,75359,6.339848143162655,0.0663392065623918,0.19358210747790347,0.09471365638766516,-0.057344064386317894,-0.13535098461000647
2005-07-26,739841,140675,74985,402408,414450,002602,CORN - CHICAGO BOARD OF TRADE ,234.25,0.016276470214546097,-12042,-0.26563412039228296,65690,-1.3342422389989526,0.03472451760281469,0.04483446165260132,-0.057344064386317894,-0.007470651013874119,-0.1336168804278072
2005-08-02,743559,143203,76057,397558,413696,002602,CORN - CHICAGO BOARD OF TRADE ,232.5,0.021703724922971814,-16138,-0.553632469679296,67146,0.19679904195631223,0.006907824183301408,0.01641886344978564,-0.007470651013874119,-0.05913978494623651,-0.13168349225231582
2005-08-09,733168,125700,79548,405864,400333,002602,CORN - CHICAGO BOARD OF TRADE ,218.75,-0.007543973550400454,5531,2.914227384780495,46152,-2.8234477694439852,0.026878045936663122,0.10228601496725911,-0.05913978494623651,-0.04228571428571426,-0.13023160989309798
2005-08-16,728262,120555,113134,427089,374213,002602,CORN - CHICAGO BOARD OF TRADE ,209.5,-0.07260573804482452,52876,6.457592257163433,7421,-5.282691006699692,0.05908508901762382,0.1657373688962681,-0.04228571428571426,0.004773269689737569,-0.12998111626423664
2005-08-23,737559,126189,135888,422435,372348,002602,CORN - CHICAGO BOARD OF TRADE ,210.5,-0.06790914353970326,50087,-0.3829665697235336,-9699,-2.3508023211426656,0.008202238850101223,0.10831931073692083,0.004773269689737569,-0.0332541567695962,-0.1296213963218042
2005-08-30,713994,121734,150837,422746,344707,002602,CORN - CHICAGO BOARD OF TRADE ,203.5,-0.10929923780872108,78039,3.7897985110343715,-29103,-2.630840380227209,0.036421774362729704,0.07118879117734461,-0.0332541567695962,0.019656019656019597,-0.12996888956661834
2005-09-06,709074,132336,150761,413502,342509,002602,CORN - CHICAGO BOARD OF TRADE ,207.5,-0.10012072082744537,70993,-0.9868430266921011,-18425,1.4955307747684154,0.01513470042102562,0.037718520507105335,0.019656019656019597,-0.04337349397590362,-0.13019826100495346
2005-09-13,708211,122306,159501,423029,332852,002602,CORN - CHICAGO BOARD OF TRADE ,198.5,-0.12733069664266722,90177,2.705500413214982,-37195,-2.647114405548645,0.025379656321563845,0.06660586855542978,-0.04337349397590362,0.04156171284634769,-0.13022026803637152
2005-09-20,706916,127751,155827,413415,330211,002602,CORN - CHICAGO BOARD OF TRADE ,206.75,-0.117699981327343,83204,-0.98459357451381,-28076,1.287610613221201,0.016480058524043,0.03215693742109755,0.04156171284634769,-0.016928657799274438,-0.12985299238668688
2005-09-27,720223,130965,160622,415169,327199,002602,CORN - CHICAGO BOARD OF TRADE ,203.25,-0.12214272523926617,87970,0.6741960855320859,-29657,-0.22364750550277543,0.006419996551575499,0.02746693096742996,-0.016928657799274438,0.012300123001230068,-0.1290954884878057
2005-10-04,749162,146255,165277,417670,339785,002602,CORN - CHICAGO BOARD OF TRADE ,205.75,-0.10396282779959475,77885,-1.400260752572467,-19022,1.4766259894504896,0.019918014931580096,0.0640223155245689,0.012300123001230068,-0.015795868772782495,-0.12797186759040394
2005-10-11,765795,147810,170224,430799,349189,002602,CORN - CHICAGO BOARD OF TRADE ,202.5,-0.10656899039560196,81610,0.4972222296379154,-22414,-0.4527725645454521,0.028888905983168973,0.020444355006068532,-0.015795868772782495,-0.0024691358024691024,-0.12680709672768156
2005-10-18,797135,151829,162436,439533,373746,002602,CORN - CHICAGO BOARD OF TRADE ,202.0,-0.0825293080845779,65787,-2.06621876611887,-10607,1.54179643377144,0.04093429192196036,0.037570203490684614,-0.0024691358024691024,-0.012376237623762387,-0.12537393046300424
2005-10-25,827308,151524,166063,452029,383857,002602,CORN - CHICAGO BOARD OF TRADE ,199.5,-0.08240220087319354,68172,0.29919649745651616,-14539,-0.49326651069141364,0.027045554058807063,0.012380859418049228,-0.012376237623762387,-0.013784461152882233,-0.1240747201445736
2005-11-01,859864,160732,167782,460611,404104,002602,CORN - CHICAGO BOARD OF TRADE ,196.75,-0.06571620628378441,56507,-1.4099948265942068,-7050,0.9052251398511799,0.03333930832702104,0.03326190055827149,-0.013784461152882233,-0.007623888182973326,-0.12190092622927427
2005-11-08,867838,170585,174536,454258,409859,002602,CORN - CHICAGO BOARD OF TRADE ,195.25,-0.051160470041643716,44399,-1.4081296577133129,-3951,0.3604058316198841,0.014011991431715843,0.04811935524062575,-0.007623888182973326,0.00256081946222797,-0.11975666871675053
2005-11-15,855305,176062,177032,453657,417822,002602,CORN - CHICAGO BOARD OF TRADE ,195.75,-0.04189733486884795,35835,-0.9868201208059568,-970,0.34349728866447427,0.009826972307995948,0.02258038935807462,0.00256081946222797,-0.02171136653895278,-0.11798864070231677
2005-11-22,847679,162359,187877,455542,397978,002602,CORN - CHICAGO BOARD OF TRADE ,191.5,-0.06790778112941337,57564,2.5404972495191775,-25518,-2.8700872788069756,0.025458102914987346,0.07008988225082516,-0.02171136653895278,-0.02741514360313313,-0.1164109007347119
2005-11-29,789385,150946,189901,441366,347702,002602,CORN - CHICAGO BOARD OF TRADE ,186.25,-0.118654395510429,93664,4.258687545639328,-38955,-1.5851519266137302,0.08168117323221827,0.03942238012950092,-0.02741514360313313,0.024161073825503365,-0.11452497140963555
2005-12-06,767600,156575,188486,419570,343181,002602,CORN - CHICAGO BOARD OF TRADE ,190.75,-0.0995166753517457,76389,-2.188412498337313,-31911,0.8923402395535766,0.03450274073714751,0.02041378191102443,0.024161073825503365,0.02490170380078638,-0.11202072673567529
2005-12-13,770146,160107,188263,421565,342463,002602,CORN - CHICAGO BOARD OF TRADE ,195.5,-0.10271039517182456,79102,0.3534392912975508,-28156,0.48918707660239713,0.0035509169821001324,0.010778769698883372,0.02490170380078638,0.07289002557544766,-0.10978053064083154
2005-12-20,773337,163891,174292,421545,361831,002602,CORN - CHICAGO BOARD OF TRADE ,209.75,-0.07721601319993741,59714,-2.5174447442432992,-10401,2.305407026719609,0.024749290251424604,0.05250116061422366,0.07289002557544766,0.027413587604290912,-0.10725888335879212
2005-12-27,776647,173175,146061,421892,387177,002602,CORN - CHICAGO BOARD OF TRADE ,215.5,-0.04469855674456993,34715,-3.2326139832957685,27114,4.851054585517051,0.03175625317494552,0.11751494192384318,0.027413587604290912,0.02088167053364276,-0.10430746917439365
2006-01-03,812444,171329,129143,427922,400207,002602,CORN - CHICAGO BOARD OF TRADE ,220.0,-0.03411312041199147,27715,-0.9013103765288476,42186,1.9406499992918276,0.02301573788624719,0.062448414494528606,0.02088167053364276,-0.030681818181818143,-0.10082458567503338
2006-01-10,839228,175172,125064,443173,416998,002602,CORN - CHICAGO BOARD OF TRADE ,213.25,-0.031189378810049236,26175,-0.18955152601286981,50108,0.9750825903077628,0.03725073270314856,0.026385909750995883,-0.030681818181818143,-0.021101992966002348,-0.09801632950034561
2006-01-17,872000,168145,133886,471337,424264,002602,CORN - CHICAGO BOARD OF TRADE ,208.75,-0.05398279816513762,47073,2.490145705338716,34259,-1.8885213553408609,0.03956002728893782,0.05247474596978456,-0.021101992966002348,0.021556886227544814,-0.09435149231897604
2006-01-24,893201,163250,159074,487471,416644,002602,CORN - CHICAGO BOARD OF TRADE ,213.25,-0.07929570163938464,70827,2.724082568807339,4176,-3.449885321100917,0.02627320639520415,0.09333155458482768,0.021556886227544814,0.02579132473622514,-0.09118058031751823
2006-01-31,976870,207500,114955,478550,476769,002602,CORN - CHICAGO BOARD OF TRADE ,218.75,-0.00182316992025551,1781,-7.730174955021322,92545,9.89351780842162,0.07227533420773584,0.2740506427253415,0.02579132473622514,-0.0034285714285714475,-0.08648065118900003
2006-02-07,1028170,235676,103986,488524,509934,002602,CORN - CHICAGO BOARD OF TRADE ,218.0,0.020823404689885913,-21410,-2.374010871456796,131690,4.007186217203927,0.043205623070775134,0.11524692194004628,-0.0034285714285714475,0.0034403669724769603,-0.08142734699766045
2006-02-14,1045045,237355,99293,482448,514513,002602,CORN - CHICAGO BOARD OF TRADE ,218.75,0.030682889253572813,-32065,-1.0363072254588248,138062,0.6197418714803972,0.010687479249439046,0.01892778213445498,0.0034403669724769603,0.03314285714285714,-0.0771152301531168
2006-02-21,1062926,254766,99588,488874,539114,002602,CORN - CHICAGO BOARD OF TRADE ,226.0,0.04726575509489842,-50240,-1.7391595577223948,155178,1.6378242085269057,0.030182258936874748,0.049966982170372,0.03314285714285714,0.008849557522123908,-0.07326701071934731
2006-02-28,1067618,258486,85457,497996,560680,002602,CORN - CHICAGO BOARD OF TRADE ,228.0,0.05871388455421321,-62684,-1.170730605893543,173029,1.6794207687082638,0.02898714998734268,0.051901041742381734,0.008849557522123908,-0.030701754385964897,-0.07014036938908197
2006-03-07,1060188,249732,89396,501291,553035,002602,CORN - CHICAGO BOARD OF TRADE ,221.0,0.04880643810343071,-51744,1.0247110858003516,160336,-1.1889083923275927,0.010376297274277595,0.037428345639404594,-0.030701754385964897,-0.010180995475113086,-0.06756889922867648
2006-03-14,1051881,250920,96557,514692,549444,002602,CORN - CHICAGO BOARD OF TRADE ,218.75,0.03303795771574922,-34752,1.602734609333439,154363,-0.5633906439235306,0.015967883804325764,0.024027489589239,-0.010180995475113086,0.021714285714285797,-0.06598102541305785
2006-03-21,1058093,225735,130428,533269,524373,002602,CORN - CHICAGO BOARD OF TRADE ,223.5,-0.0084075785398826,8896,4.149518814390602,95307,-5.614323293224233,0.041269162911457755,0.16581172103783942,0.021714285714285797,-0.005592841163310935,-0.06495790283839392
2006-03-28,1089960,219466,140947,542112,519524,002602,CORN - CHICAGO BOARD OF TRADE ,222.25,-0.020723696282432383,22588,1.294026139479233,78519,-1.5866280185201111,0.012897075833901638,0.04657989584171492,-0.005592841163310935,0.055118110236220375,-0.06377587559644148
2006-04-04,1124766,244241,98284,547156,582559,002602,CORN - CHICAGO BOARD OF TRADE ,234.5,0.03147588031643915,-35403,-5.32047047598077,145957,6.187199530257991,0.060262101503476544,0.19688489891248814,0.055118110236220375,0.031982942430703654,-0.06096242388888115
2006-04-11,1181057,276282,94313,557517,627642,002602,CORN - CHICAGO BOARD OF TRADE ,242.0,0.05937478038739875,-70125,-3.0870421047577894,181969,3.2017326270530937,0.04678190858779286,0.09717346429390575,0.031982942430703654,-0.011363636363636354,-0.057199630931616466
2006-04-18,1196857,294748,85143,559139,650803,002602,CORN - CHICAGO BOARD OF TRADE ,239.25,0.07658726146899755,-91664,-1.823705375777799,209605,2.3399378692137636,0.020482800001983565,0.07274718274452409,-0.011363636363636354,-0.03448275862068961,-0.05336431949793494
2006-04-25,1184360,292595,85409,561947,649955,002602,CORN - CHICAGO BOARD OF TRADE ,231.0,0.07430848728427167,-88008,0.30546673495664056,207186,-0.20211270018055624,0.0030167455784378605,0.006399403180918721,-0.03448275862068961,0.009740259740259827,-0.04965489942660262
2006-05-02,1189657,302724,90961,568273,664472,002602,CORN - CHICAGO BOARD OF TRADE ,233.25,0.0808628033122152,-96199,-0.69159714951535,211763,0.3864534432098349,0.016907795205009957,0.03983133723662319,0.009740259740259827,-0.020364415862808127,-0.04500548946407433
2006-05-09,1242361,306873,112457,582175,663515,002602,CORN - CHICAGO BOARD OF TRADE ,228.5,0.06547211317805372,-81340,1.2490154725269553,194416,-1.4581513831297592,0.011928328877971245,0.061157083919586006,-0.020364415862808127,0.1334792122538293,-0.040699777458632284
2006-05-16,1314322,341362,80763,597826,741408,002602,CORN - CHICAGO BOARD OF TRADE ,259.0,0.10924415782433833,-143582,-5.009976971266806,260599,5.327195557490938,0.06984888376489844,0.15678531240746224,0.1334792122538293,-0.02316602316602312,-0.03537250206900417
2006-05-23,1350711,350825,93903,600242,746060,002602,CORN - CHICAGO BOARD OF TRADE ,253.0,0.1079564762558386,-145818,-0.17012573783289026,256922,-0.2797640152108844,0.005249936492703717,0.050824324081236175,-0.02316602316602312,0.005928853754940677,-0.031032081524265162
2006-05-30,1345066,351261,84868,600844,753723,002602,CORN - CHICAGO BOARD OF TRADE ,254.5,0.1136591066906754,-152879,-0.5227617158666806,266393,0.7011862641231174,0.006101580800359082,0.021716051902074845,0.005928853754940677,-0.026522593320235766,-0.026962531771373015
2006-06-06,1347142,347964,87099,594824,744573,002602,CORN - CHICAGO BOARD OF TRADE ,247.75,0.11116051611485649,-149749,0.23270233579616167,260865,-0.41098355024957883,0.011325992218886558,0.012706205767900281,-0.026522593320235766,-0.01816347124117057,-0.022995979095254263
2006-06-13,1320155,321047,93413,586983,708165,002602,CORN - CHICAGO BOARD OF TRADE ,243.25,0.09179376664103836,-121182,2.120563385300139,227634,-2.466777815553223,0.034165207373983514,0.08017902813299232,-0.01816347124117057,-0.05549845837615619,-0.019358228569307016
2006-06-20,1321520,298563,111399,597213,680013,002602,CORN - CHICAGO BOARD OF TRADE ,229.75,0.06265512440220353,-82800,2.9073858751434494,187164,-3.0655491211259283,0.030051063789806973,0.09871646640420331,-0.05549845837615619,-0.019586507072905324,-0.01747904070761478
2006-06-27,1329400,282220,128437,607819,668178,002602,CORN - CHICAGO BOARD OF TRADE ,225.25,0.04540318940875583,-60359,1.698120346267934,153783,-2.525954960954053,0.017587031944432473,0.08128681600459751,-0.019586507072905324,0.1265260821309655,-0.015640415876595377
2006-07-11,1333225,302555,120230,601772,685032,002602,CORN - CHICAGO BOARD OF TRADE ,253.75,0.06245007406851807,-83260,-1.72265683767113,182325,2.146983601624793,0.017796805107848594,0.06750949063945032,0.1265260821309655,-0.02857142857142858,-0.013017649612144534
2006-07-18,1355524,291222,94262,610837,701361,002602,CORN - CHICAGO BOARD OF TRADE ,246.5,0.06678155458700842,-90524,-0.5448442685968234,196960,1.0977141892778788,0.019352262387231194,0.09676406802876383,-0.02857142857142858,-0.028397565922920864,-0.010551391813095766
2006-07-25,1393192,297914,101641,614710,702348,002602,CORN - CHICAGO BOARD OF TRADE ,239.5,0.06290446686458148,-87638,0.21290659553058447,196273,-0.050681507667883416,0.0036900425038229145,0.03521667855489232,-0.028397565922920864,0.0041753653444676075,-0.009610164093273268
2006-08-01,1399222,307676,118032,606456,692602,002602,CORN - CHICAGO BOARD OF TRADE ,240.5,0.061567070843654544,-86146,0.10709220265404912,189644,-0.4758138146070319,0.013856194257685184,0.061434128557602864,0.0041753653444676075,-0.01975051975051978,-0.008739191004251952
2006-08-08,1366163,304999,120810,601025,678082,002602,CORN - CHICAGO BOARD OF TRADE ,235.75,0.056403957653662115,-77057,0.6495752639681194,184189,-0.38985950764067456,0.015597600513483235,0.012810908177140454,-0.01975051975051978,-0.05832449628844116,-0.008071878836354062
2006-08-15,1342389,289011,152465,624235,652808,002602,CORN - CHICAGO BOARD OF TRADE ,222.0,0.02128518633570448,-28573,3.5489176620944938,136546,-3.4873583898846623,0.0379658320040907,0.1079175311908235,-0.05832449628844116,-0.011261261261261257,-0.007517471915467428
2006-08-22,1331646,287009,168170,625930,641070,002602,CORN - CHICAGO BOARD OF TRADE ,219.5,0.011369387960463967,-15140,1.0006786408410677,118839,-1.3190662319193616,0.010602209944751381,0.038901179535962775,-0.011261261261261257,0.01480637813211838,-0.005902565646134958
2006-08-29,1317905,287696,176420,615971,624296,002602,CORN - CHICAGO BOARD OF TRADE ,222.75,0.00631684377857281,-8325,0.5117726482864065,111276,-0.5679437327938506,0.021554229855345663,0.019255961871601064,0.01480637813211838,0.026936026936027035,-0.004475142813091187
2006-09-05,1310702,294120,170951,601482,617198,002602,CORN - CHICAGO BOARD OF TRADE ,228.75,0.01199052111006163,-15716,-0.5608143227319116,123169,0.9024170937965938,0.0177134276430236,0.025572439476983084,0.026936026936027035,-0.022950819672131195,-0.0021426474492684425
2006-09-12,1320852,282596,179924,613328,611561,002602,CORN - CHICAGO BOARD OF TRADE ,223.5,-0.001337772892042409,1767,1.3338653637516384,102672,-1.5638184728489009,0.014273130055049887,0.044315921473666,-0.022950819672131195,0.1029082774049217,-0.00024297537358761642
2006-09-19,1298052,283105,166956,599880,612575,002602,CORN - CHICAGO BOARD OF TRADE ,246.5,0.009780039628612722,-12695,-1.0948993528419535,116149,1.020326274253285,0.011927865364075368,0.029944829700862773,0.1029082774049217,0.05070993914807298,0.0023937695547062285
2006-09-26,1301867,288303,130018,605895,648233,002602,CORN - CHICAGO BOARD OF TRADE ,259.0,0.032520987166891856,-42338,-2.283652735021401,158285,3.246094917615011,0.03322866565454244,0.10072647560127271,0.05070993914807298,0.019305019305019266,0.005282634333441514
2006-10-03,1288905,295370,119182,607152,664904,002602,CORN - CHICAGO BOARD OF TRADE ,264.0,0.044807026119070066,-57752,-1.1839919131524188,176188,1.3751788777194598,0.014093719144440181,0.04318637951330593,0.019305019305019266,0.043560606060605966,0.00849320647494798
2006-10-10,1278905,297166,111180,603684,673522,002602,CORN - CHICAGO BOARD OF TRADE ,275.5,0.05460765264034467,-69838,-0.9376951753620321,185986,0.7601801529205022,0.009462843112230916,0.02399435772604605,0.043560606060605966,0.16515426497277685,0.011542638791100662
2006-10-17,1296995,305744,103313,633705,719849,002602,CORN - CHICAGO BOARD OF TRADE ,321.0,0.06641814347780832,-86144,-1.2749969700642345,202431,1.2858656428741777,0.05640558115893418,0.04020222120633555,0.16515426497277685,0.010124610591900396,0.014869314442512398
2006-10-24,1341536,319853,94280,652168,755314,002602,CORN - CHICAGO BOARD OF TRADE ,324.25,0.07688649428714549,-103146,-1.3108762948199493,225573,1.7842782740103085,0.03831523245057486,0.055880598744847666,0.010124610591900396,-0.010794140323824197,0.017935002949660925
2006-10-31,1374941,316392,97394,670587,764563,002602,CORN - CHICAGO BOARD OF TRADE ,320.75,0.06834911461655445,-93976,0.6835448321923526,218998,-0.4901098442382463,0.019278821029160714,0.01588985610919654,-0.010794140323824197,0.09431021044427124,0.020834066709079155
2006-11-07,1408139,324080,93112,678491,797783,002602,CORN - CHICAGO BOARD OF TRADE ,351.0,0.08471606851312263,-119292,-1.841242642411565,230968,0.8705828104624126,0.027856617403002423,0.028691825346603004,0.09431021044427124,0.019230769230769162,0.023726995070558136
2006-11-14,1412250,334613,91634,694925,829754,002602,CORN - CHICAGO BOARD OF TRADE ,357.75,0.09547105682421668,-134829,-1.103371187077412,242979,0.8529697707399624,0.03174766623007203,0.02817849744397028,0.019230769230769162,0.009783368273934334,0.026546832125670834
2006-11-21,1393660,350232,70977,691667,854699,002602,CORN - CHICAGO BOARD OF TRADE ,361.25,0.1169811862290659,-163032,-1.9970260223048326,279255,2.5686670207116307,0.01823824372755221,0.08612351587929033,0.009783368273934334,0.02076124567474058,0.02960218830063072
2006-11-28,1397402,347770,65588,692118,876838,002602,CORN - CHICAGO BOARD OF TRADE ,368.75,0.1321881606008865,-184720,-1.5561901755090912,282182,0.210022530602873,0.014398109316003762,0.018993221372272946,0.02076124567474058,-0.006779661016949157,0.03345018718005956
2006-12-05,1374454,346879,67334,686764,865728,002602,CORN - CHICAGO BOARD OF TRADE ,366.25,0.13020734051485172,-178964,0.411907239291199,279545,-0.18870732974476923,0.010604885564627709,0.006366289807417922,-0.006779661016949157,-0.01979522184300342,0.03823598979593035
2006-12-12,1383139,356663,64337,679443,864226,002602,CORN - CHICAGO BOARD OF TRADE ,359.0,0.13359684023080834,-184783,-0.42336811562991555,292326,0.9298965261842157,0.005715603539359798,0.030358669833729215,-0.01979522184300342,0.03899721448467974,0.04271894201867177
2006-12-19,1379829,367099,63418,672458,860833,002602,CORN - CHICAGO BOARD OF TRADE ,373.0,0.13652053986399765,-188375,-0.25969913363732783,303681,0.8209587033551942,0.006768447737578842,0.026375265088254354,0.03899721448467974,0.04021447721179627,0.04731953692320681
2006-12-26,1390388,371910,62046,675664,870449,002602,CORN - CHICAGO BOARD OF TRADE ,388.0,0.14009398815294724,-194785,-0.46455031746687453,309864,0.44809900357218174,0.008293054906077369,0.014247988275309018,0.04021447721179627,-0.08634020618556704,0.051498575410762276
2007-01-09,1404842,359712,79786,681494,842390,002602,CORN - CHICAGO BOARD OF TRADE ,354.5,0.1145296054645291,-160896,2.4373771925534453,279926,-2.1532119091936925,0.022238569339923513,0.06811862625085893,-0.08634020618556704,0.1368124118476728,0.05456065545324496
2007-01-16,1450684,398189,75338,657780,879482,002602,CORN - CHICAGO BOARD OF TRADE ,403.0,0.15282583939713956,-221702,-4.328315924495424,322851,3.0555037505997116,0.039554740831426266,0.09064953001623983,0.1368124118476728,0.014888337468982549,0.0581556354495744
2007-01-23,1487437,409616,76460,672784,921900,002602,CORN - CHICAGO BOARD OF TRADE ,409.0,0.1674800344485178,-249116,-1.8897292587496655,333156,0.7103545637781902,0.03600838786869374,0.02581695043573433,0.014888337468982549,-0.010391198044009786,0.061976201089162235
2007-01-30,1485266,402322,70237,662744,912259,002602,CORN - CHICAGO BOARD OF TRADE ,404.75,0.16799347726265867,-249515,-0.026824665515245354,332085,-0.07200304954092174,0.012495849214255466,0.02860383571151962,-0.010391198044009786,-0.020382952439777613,0.06624497561661985
2007-02-06,1488786,407330,80353,660308,907034,002602,CORN - CHICAGO BOARD OF TRADE ,396.5,0.16572294473483765,-246726,0.18777781218987036,326977,-0.34391146097736025,0.004887893006121191,0.031011948335291573,-0.020382952439777613,0.03656998738965944,0.07095687266227797
2007-02-13,1499458,445419,75871,643181,926263,002602,CORN - CHICAGO BOARD OF TRADE ,411.0,0.18878954929047695,-283082,-2.4419896479413428,369548,2.8594438690315465,0.02316489151572149,0.08166471637668092,0.03656998738965944,0.010340632603406341,0.07462250187786898
2007-02-20,1523926,466350,78970,656728,959737,002602,CORN - CHICAGO BOARD OF TRADE ,415.25,0.19883445784112877,-303009,-1.32894685946522,387380,1.1892297083346115,0.02908878323997117,0.044065869581163354,0.010340632603406341,-0.010234798314268545,0.07804579136154673
2007-02-27,1486994,464223,69142,629188,939675,002602,CORN - CHICAGO BOARD OF TRADE ,411.0,0.20880178400181842,-310487,-0.49070624164165455,395081,0.5053394981121131,0.030341718811648946,0.022414294151284767,-0.010234798314268545,0.0036496350364962904,0.0814711547220899
2007-03-06,1441888,442047,82081,630294,911386,002602,CORN - CHICAGO BOARD OF TRADE ,412.5,0.19494718036352338,-281092,1.9768069003640902,359966,-2.3614755674871586,0.01906686212443568,0.06699699310092191,0.0036496350364962904,-0.037575757575757596,0.08431118213110193
2007-03-13,1428403,409176,87168,643996,889126,002602,CORN - CHICAGO BOARD OF TRADE ,397.0,0.1716112329643665,-245130,2.4940910805832353,322008,-2.6325206950886617,0.023456711207588177,0.07647518656415711,-0.037575757575757596,0.020780856423173732,0.08648228498514335
2007-03-20,1418803,403083,81180,638781,883701,002602,CORN - CHICAGO BOARD OF TRADE ,405.25,0.17262438830478932,-244920,0.014701733334360123,321903,-0.007350866667180061,0.006988588370831314,0.024947187788453794,0.020780856423173732,-0.031462060456508345,0.08886339941209255
2007-03-27,1406463,386886,87171,648370,868682,002602,CORN - CHICAGO BOARD OF TRADE ,392.5,0.156642584980906,-220312,1.734419789075721,299715,-1.5638534736675918,0.016220933758368205,0.04680449819325524,-0.031462060456508345,-0.11783439490445857,0.09124041147488403
2007-04-03,1428352,350584,82338,653927,847061,002602,CORN - CHICAGO BOARD OF TRADE ,346.25,0.1352145689577919,-193134,1.932365088878982,268246,-2.237456655454143,0.018106740360349316,0.09501711624726857,-0.11783439490445857,0.06570397111913362,0.0940023758498393
2007-04-10,1399142,361754,87237,627667,830909,002602,CORN - CHICAGO BOARD OF TRADE ,369.0,0.14526188192477962,-203242,-0.7076686979119993,274517,0.43903743615019264,0.029077675760467745,0.03578913608513311,0.06570397111913362,-0.04268292682926833,0.097194406199978
2007-04-17,1363284,358148,95965,613652,803786,002602,CORN - CHICAGO BOARD OF TRADE ,353.25,0.13946763843777232,-190134,0.9368598755523029,262183,-0.881540258243981,0.02902278618182947,0.02716064063349871,-0.04268292682926833,0.020523708421797515,0.0992711707792344
2007-04-24,1278711,332370,92664,616843,782378,002602,CORN - CHICAGO BOARD OF TRADE ,360.5,0.12945458356110176,-165535,1.804392921797659,239706,-1.6487393675859174,0.017580496576309248,0.06841570321433109,0.020523708421797515,0.01941747572815533,0.10061885930180561
2007-05-01,1257301,347970,97146,604732,782145,002602,CORN - CHICAGO BOARD OF TRADE ,367.5,0.14110622675079396,-177413,-0.9289041855430977,250824,0.8694693327890352,0.008900573014045225,0.0451163292265387,0.01941747572815533,-0.0374149659863946,0.10185960863414786
2007-05-08,1261876,343642,101218,610006,781650,002602,CORN - CHICAGO BOARD OF TRADE ,353.75,0.13602287387984238,-171644,0.45884000728544716,242424,-0.6680977745185919,0.004145420994843553,0.018882345007418064,-0.0374149659863946,0.05017667844522977,0.10304642376098574
2007-05-15,1269267,349268,111243,605156,771046,002602,CORN - CHICAGO BOARD OF TRADE ,371.5,0.1306974813022004,-165890,0.45598775156988486,238025,-0.348607945630157,0.011229456140886294,0.033986158853968745,0.05017667844522977,-0.0053835800807536804,0.10400478295310085
2007-05-22,1242385,339569,113902,595962,756710,002602,CORN - CHICAGO BOARD OF TRADE ,369.5,0.12938662330919964,-160748,0.40511570851522966,225667,-0.9736328132693909,0.017395200018925503,0.02725201832090696,-0.0053835800807536804,-0.012855209742895779,0.10523390814793057
2007-05-29,1260105,338957,126162,607949,752811,002602,CORN - CHICAGO BOARD OF TRADE ,364.75,0.1149602612480706,-144862,1.2786696555415593,212795,-1.0360717490954896,0.011674358446750346,0.027674638103367094,-0.012855209742895779,0.04249485949280318,0.10534383321377158
2007-06-05,1267354,357317,108118,591210,774243,002602,CORN - CHICAGO BOARD OF TRADE ,380.25,0.1444213692464773,-183033,-3.0291920117767965,249199,2.8889656020728434,0.027954825248470653,0.0782150031690784,0.04249485949280318,0.03484549638395795,0.10604508115589925
2007-06-12,1259840,355802,103712,586563,781437,002602,CORN - CHICAGO BOARD OF TRADE ,393.5,0.15468154686309374,-194874,-0.9343088040121387,252090,0.22811306075492718,0.008655701754385965,0.012885352785769313,0.03484549638395795,0.006353240152477735,0.10683397423613808
2007-06-19,1265090,380306,112914,581321,793894,002602,CORN - CHICAGO BOARD OF TRADE ,396.0,0.16802994253373277,-212573,-1.4048609347218695,267392,1.2145986791973584,0.012869987601938606,0.06833867239771299,0.006353240152477735,-0.0997474747474747,0.1079276170518857
2007-06-26,1188186,337996,112071,578326,743350,002602,CORN - CHICAGO BOARD OF TRADE ,356.5,0.13888734592058818,-165024,3.7585468227556937,225925,-3.277790512927934,0.04050841507298309,0.09588127989832625,-0.0997474747474747,-0.10238429172510521,0.10883326280726163
2007-07-03,1190115,326545,141067,588748,705258,002602,CORN - CHICAGO BOARD OF TRADE ,320.0,0.09789810228423304,-116510,4.083030771276551,185478,-3.4040966650002606,0.0374913253879812,0.08649692480090332,-0.10238429172510521,0.05624999999999991,0.10951101238191606
2007-07-10,1197980,335700,140854,579359,700854,002602,CORN - CHICAGO BOARD OF TRADE ,338.0,0.10141655119451076,-121495,-0.4188670842733685,194846,0.7871508215592611,0.010773988390994312,0.019657793240640094,0.05624999999999991,-0.04585798816568043,0.1105881924162575
2007-07-17,1229696,329172,159272,593710,685562,002602,CORN - CHICAGO BOARD OF TRADE ,322.5,0.07469488393879463,-91852,2.474415265697257,169900,-2.082338603315581,0.02317177269572069,0.05107238496122381,-0.04585798816568043,-0.03410852713178292,0.11082366952914743
2007-07-24,1222222,319437,151498,604679,688865,002602,CORN - CHICAGO BOARD OF TRADE ,311.5,0.06887946706899402,-84186,0.6234061101280317,167939,-0.15947030810867077,0.011033254377122078,0.03717922855595783,-0.03410852713178292,0.045746388443017594,0.11086401399995484
2007-07-31,1219615,321591,145306,587216,678395,002602,CORN - CHICAGO BOARD OF TRADE ,325.75,0.07476047769173058,-91179,-0.5721546494826636,176285,0.6828546696099399,0.022070762659300528,0.0178754628965275,0.045746388443017594,0.029163468917881907,0.11109201420816926
2007-08-07,1193831,312949,136230,578985,667953,002602,CORN - CHICAGO BOARD OF TRADE ,335.25,0.07452311089258028,-88968,0.18128671752971223,176719,0.03558500018448445,0.01497508296322672,0.03944529909011775,0.029163468917881907,-0.023117076808351955,0.11134116882449474
2007-08-14,1133449,309250,124294,563996,657476,002602,CORN - CHICAGO BOARD OF TRADE ,327.5,0.08247393574832215,-93480,-0.3779429416726488,184956,0.6899636548221649,0.020848615441041628,0.03606323694942151,-0.023117076808351955,0.03358778625954195,0.11184251455708437
2007-08-21,1105178,309245,126208,553999,642684,002602,CORN - CHICAGO BOARD OF TRADE ,338.5,0.08024499220939975,-88685,0.4230450598130132,183037,-0.16930625021505158,0.02071475904646427,0.004406904993190999,0.03358778625954195,-0.03323485967503692,0.11297635697773235
2007-08-28,1096232,317677,129913,554541,641631,002602,CORN - CHICAGO BOARD OF TRADE ,327.25,0.07944486203650322,-87090,0.144320643371475,187764,0.42771390671909865,0.0013334202773514177,0.02711633414508814,-0.03323485967503692,0.029029793735676046,0.11428550070996388
2007-09-04,1089568,304372,134936,563213,631979,002602,CORN - CHICAGO BOARD OF TRADE ,336.75,0.06311308702164528,-68766,1.6715439797415146,169436,-1.6719088660064658,0.015331427921204292,0.04172015988782358,0.029029793735676046,-0.036377134372679976,0.11537773615694603
2007-09-11,1086962,311275,136678,559311,628845,002602,CORN - CHICAGO BOARD OF TRADE ,324.5,0.06397095758637376,-69534,-0.07048665159035507,174597,0.4736739698669564,0.00592178131491151,0.0192988996613484,-0.036377134372679976,0.08551617873651773,0.11637735993533667
2007-09-18,1101748,323487,133885,560129,647896,002602,CORN - CHICAGO BOARD OF TRADE ,352.25,0.07966159230604458,-87767,-1.6774275457651693,189602,1.3804530425166657,0.01644750729496492,0.03280699299476138,0.08551617873651773,0.0553584102200142,0.11793504003529987
2007-09-25,1140593,344599,137955,559876,668973,002602,CORN - CHICAGO BOARD OF TRADE ,371.75,0.09564936835488207,-109097,-1.9360144061981506,206644,1.5468146980979318,0.01735770627636105,0.05218483320001492,0.0553584102200142,-0.06186953597848022,0.11958637328003581
2007-10-02,1152216,336859,150917,568239,652479,002602,CORN - CHICAGO BOARD OF TRADE ,348.75,0.07311129163281885,-84240,2.1793049755697256,185942,-1.8150207830488176,0.020362606269425043,0.04244161254346257,-0.06186953597848022,-0.017921146953404965,0.12036695605822673
2007-10-09,1140959,313415,154126,572291,624191,002602,CORN - CHICAGO BOARD OF TRADE ,342.5,0.045488049964985594,-51900,2.806765398154513,159289,-2.3131947482069335,0.027029240724056023,0.05700676518209098,-0.017921146953404965,0.052554744525547425,0.12038005267064819
2007-10-16,1160813,317311,151303,581145,634840,002602,CORN - CHICAGO BOARD OF TRADE ,360.5,0.04625637376562806,-53695,-0.1573237951582835,166008,0.5888905736314801,0.016038849163435405,0.014338026606119322,0.052554744525547425,0.001386962552011095,0.12021945115382669
2007-10-23,1173871,315762,150809,585111,639525,002602,CORN - CHICAGO BOARD OF TRADE ,361.0,0.046354326838298245,-54414,-0.06193934768132335,164953,-0.09088457830847863,0.007064139875032255,0.004378754787588599,0.001386962552011095,0.025623268698060864,0.1198336085261438
2007-10-30,1190794,323724,134344,586623,660094,002602,CORN - CHICAGO BOARD OF TRADE ,370.25,0.061699168789899846,-73471,-1.6234322169982902,189380,2.0808930453175862,0.017711317002976616,0.053326143716653424,0.025623268698060864,0.04186360567184333,0.11954154457427371
2007-11-06,1232612,351075,125025,587180,694646,002602,CORN - CHICAGO BOARD OF TRADE ,385.75,0.08718558638079137,-107466,-2.8548178778193374,226050,3.0794579079169027,0.02738983294144447,0.07702163411048099,0.04186360567184333,-0.028515878159429686,0.11990378441589364
2007-11-13,1234082,356282,123749,594041,711527,002602,CORN - CHICAGO BOARD OF TRADE ,374.75,0.09520112926045433,-117486,-0.8129078736861235,232533,0.5259562619867404,0.018185188362459866,0.013505377777685191,-0.028515878159429686,0.017344896597731863,0.12010542019949619
2007-11-20,1198287,325228,90659,592155,722168,002602,CORN - CHICAGO BOARD OF TRADE ,381.25,0.10849904905919867,-130013,-1.0150865177516568,234569,0.16498093319568716,0.009531142649105281,0.15423420304072982,0.017344896597731863,0.005901639344262355,0.12035595851170738
2007-11-27,1158555,313710,78660,577445,710082,002602,CORN - CHICAGO BOARD OF TRADE ,383.5,0.11448485397758415,-132637,-0.2189792595596881,235050,0.040140634088494664,0.020811990738834992,0.059935774906338404,0.005901639344262355,0.027379400260756137,0.1203079521222558
2007-12-04,1141834,338809,80653,564711,715159,002602,CORN - CHICAGO BOARD OF TRADE ,394.0,0.13175995810249125,-150448,-1.537346090604244,258156,1.9943809314188796,0.013916257119863737,0.0645874954107881,0.027379400260756137,0.031725888324873,0.12029971745882512
2007-12-11,1188165,365775,89025,579935,756176,002602,CORN - CHICAGO BOARD OF TRADE ,406.5,0.1483304086553635,-176241,-2.2589097889885923,276750,1.628432854513003,0.042093059633518476,0.07770008795074758,0.031725888324873,0.0627306273062731,0.12064823799998882
2007-12-18,1222721,394472,83520,587451,794288,002602,CORN - CHICAGO BOARD OF TRADE ,432.0,0.16916123956323642,-206837,-2.5750632277503547,310952,2.8785564294521384,0.03302215541430038,0.07155349880332726,0.0627306273062731,0.10821759259259256,0.12133216875638166
2008-01-08,1341299,443905,105680,632431,864476,002602,CORN - CHICAGO BOARD OF TRADE ,478.75,0.17300020353403678,-232045,-2.0616313942428404,338225,2.2305170190092425,0.0769373114027792,0.13026738357124013,0.10821759259259256,0.06318537859007822,0.12203370075003626
2008-01-15,1397501,462866,113277,653072,882631,002602,CORN - CHICAGO BOARD OF TRADE ,509.0,0.16426392539253998,-229559,0.18534271627728044,349589,0.8472383860720092,0.02526269727935675,0.04609619486828791,0.06318537859007822,-0.03929273084479368,0.12249850723541303
2008-01-22,1429394,456320,121642,668503,883369,002602,CORN - CHICAGO BOARD OF TRADE ,489.0,0.15031964594786323,-214866,1.0513767074227496,334678,-1.0669759806969725,0.010419029404486968,0.02579927400071285,-0.03929273084479368,0.024539877300613577,0.12318677724470793
2008-01-29,1424970,444321,112897,670429,890360,002602,CORN - CHICAGO BOARD OF TRADE ,501.0,0.1543407931395047,-219931,-0.3543459675918606,331424,-0.2276489197520068,0.0057131361125687076,0.037227799532678414,0.024539877300613577,0.01646706586826352,0.12321591097052265
2008-02-05,1454562,460879,117973,670039,910592,002602,CORN - CHICAGO BOARD OF TRADE ,509.25,0.1653783063217656,-240553,-1.4471883618602497,342906,0.8057713495722717,0.013046688316248384,0.03737397469474062,0.01646706586826352,-0.02258222876779581,0.12317549312193125
2008-02-12,1452992,472503,116245,662465,915605,002602,CORN - CHICAGO BOARD OF TRADE ,497.75,0.17421981676430429,-253140,-0.865346406684624,356258,0.9179395584375227,0.007976198774452338,0.02267863330321292,-0.02258222876779581,0.044701155198392684,0.12329523042003981
2008-02-19,1474149,483845,111234,659850,937056,002602,CORN - CHICAGO BOARD OF TRADE ,520.0,0.18804476345335513,-277206,-1.6563064352728714,372611,1.125470752763952,0.0150703923712479,0.027480384957291385,0.044701155198392684,0.02019230769230762,0.12372449616462669
2008-02-26,1479276,471039,91776,668126,970152,002602,CORN - CHICAGO BOARD OF TRADE ,530.5,0.20417150011221705,-302026,-1.6836832640391166,379263,0.45124339534199054,0.02525334528083756,0.05732611959524888,0.02019230769230762,0.023562676720075393,0.12402030291119862
2008-03-04,1449873,473425,97033,663273,962861,002602,CORN - CHICAGO BOARD OF TRADE ,543.0,0.20663051177585898,-299588,0.16481035317276832,376392,-0.19408142902338713,0.007468019240726779,0.013398006514064137,0.023562676720075393,0.03867403314917128,0.12417022702532805
2008-03-11,1437046,452251,93976,672111,951139,002602,CORN - CHICAGO BOARD OF TRADE ,564.0,0.1941677580258391,-279028,1.4180552365620989,358275,-1.2495577198830519,0.012665947943939626,0.044360677886666165,0.03867403314917128,-0.02969858156028371,0.12388880344886691
2008-03-18,1426814,426463,100036,693794,938083,002602,CORN - CHICAGO BOARD OF TRADE ,547.25,0.17121292614173958,-244289,2.417389561642425,326427,-2.2162129813520237,0.021287756368892997,0.060490143381089045,-0.02969858156028371,-0.004568296025582508,0.12343237548306338
2008-03-25,1389904,391033,96055,687718,899835,002602,CORN - CHICAGO BOARD OF TRADE ,544.75,0.15261269843097078,-212117,2.2548138720253657,294978,-2.2041415349162543,0.027919697799065606,0.08091145747790954,-0.004568296025582508,0.07205139972464436,0.12306701904972882
2008-04-01,1396547,401940,111072,665245,877607,002602,CORN - CHICAGO BOARD OF TRADE ,584.0,0.15206219339556779,-212362,-0.017627116692951455,290868,-0.29570387595114483,0.02897296694692686,0.05053293100356327,0.07205139972464436,0.012414383561643927,0.1226715922245515
2008-04-08,1421150,435489,109130,654442,893689,002602,CORN - CHICAGO BOARD OF TRADE ,591.25,0.1683474650810963,-239247,-1.925105277516618,326359,2.5413394608273117,0.017366101447487323,0.06516665779196099,0.012414383561643927,0.02494714587737845,0.12289668607263207
2008-04-15,1467002,447396,112312,653560,899346,002602,CORN - CHICAGO BOARD OF TRADE ,606.0,0.16754305720101267,-245786,-0.4601203250888365,335084,0.6139394152622876,0.0042108150783112435,0.026958699893515906,0.02494714587737845,-0.019389438943894444,0.1235183877696171
2008-04-22,1488009,449814,113397,665447,911259,002602,CORN - CHICAGO BOARD OF TRADE ,594.25,0.16519523739439748,-245812,-0.0017723220554573204,336417,0.09086558845863878,0.015094760849517918,0.006219693862513339,-0.019389438943894444,-0.005048380311316825,0.1239017215286482
2008-04-29,1430665,451309,138826,638743,869661,002602,CORN - CHICAGO BOARD OF TRADE ,591.25,0.16140605941992012,-230918,1.0009348061738874,312483,-1.6084580133587902,0.045280972471565976,0.04562345903903344,-0.005048380311316825,0.005919661733615245,0.12432361423984337
2008-05-06,1404651,464850,131788,631002,870247,002602,CORN - CHICAGO BOARD OF TRADE ,594.75,0.17032344689179021,-239245,-0.5820370247402432,333062,1.4384219925698887,0.005546714768835816,0.03449160127246337,0.005919661733615245,0.004623791509037467,0.12510955391927966
2008-05-13,1414456,467064,116403,640113,893663,002602,CORN - CHICAGO BOARD OF TRADE ,597.5,0.17925619460767955,-253550,-1.018402435907567,350661,1.2529090856020464,0.021207138460896505,0.030162802694925335,0.004623791509037467,-0.012970711297071169,0.1258432071472967
2008-05-20,1401669,462493,102372,630308,887610,002602,CORN - CHICAGO BOARD OF TRADE ,589.75,0.18356830321566647,-257302,-0.2652609907978757,360121,0.668808361659889,0.010447204657959126,0.03293176245651616,-0.012970711297071169,0.013988978380669703,0.12675754232683178
2008-05-27,1401116,458115,105795,633552,881044,002602,CORN - CHICAGO BOARD OF TRADE ,598.0,0.1766391933287465,-247492,0.6998799288562422,352320,-0.5565507976562227,0.006476974718010612,0.013833767799826214,0.013988978380669703,0.01672240802675584,0.12764103678888075
2008-06-03,1405256,449190,105040,627902,864360,002602,CORN - CHICAGO BOARD OF TRADE ,608.0,0.1682668495989343,-236458,0.7875150951098981,344150,-0.5831066093028701,0.014966540728102705,0.01746567309600707,0.01672240802675584,0.10731907894736836,0.12838873344829874
2008-06-10,1412551,478165,119339,612962,873883,002602,CORN - CHICAGO BOARD OF TRADE ,673.25,0.18471616246068284,-260921,-1.7408216011886801,358826,1.0443648701731214,0.01645295911813269,0.07242461975149957,0.10731907894736836,0.10248793167471226,0.1297301930870028
2008-06-17,1425629,456342,126127,631138,866612,002602,CORN - CHICAGO BOARD OF TRADE ,742.25,0.16517200477824173,-235474,1.801492477085783,330215,-2.025484389590181,0.016990151894508428,0.04912021068932424,0.10248793167471226,-0.04008083529808015,0.13012924377030596
2008-06-24,1366107,443320,103591,606088,833551,002602,CORN - CHICAGO BOARD OF TRADE ,712.5,0.1665045270978042,-227463,0.5619274018696309,339729,0.667354550166979,0.04036498038744435,0.06501606294259944,-0.04008083529808015,0.009824561403508847,0.13035660877481964
2008-07-01,1317496,436150,107203,567595,805714,002602,CORN - CHICAGO BOARD OF TRADE ,719.5,0.18073603259516538,-238119,-0.7800267475388092,328947,-0.7892500367833559,0.04829939947965097,0.0198434535191671,0.009824561403508847,-0.03717859624739406,0.13060095666061639
2008-07-08,1282981,410421,98375,580827,789100,002602,CORN - CHICAGO BOARD OF TRADE ,692.75,0.16233521774679438,-208273,2.2653579213902737,312046,-1.2828122438322394,0.021786562349672647,0.06791916603117949,-0.03717859624739406,-0.06423673763984117,0.13105187727265882
2008-07-15,1300222,394361,115125,603877,774515,002602,CORN - CHICAGO BOARD OF TRADE ,648.25,0.1312375886579369,-170638,2.9334027549901363,279236,-2.5573254787093496,0.02730355370605749,0.06439823665419658,-0.06423673763984117,-0.1153104512148091,0.1316930212413839
2008-07-22,1296404,362658,116590,616291,754912,002602,CORN - CHICAGO BOARD OF TRADE ,573.5,0.10692731586758449,-138621,2.462425647312536,246068,-2.5509489917875565,0.023349569684430388,0.06920842653490468,-0.1153104512148091,0.03574542284219695,0.13179899748509685
2008-07-29,1227875,354708,96015,573648,718572,002602,CORN - CHICAGO BOARD OF TRADE ,594.0,0.11802830092639723,-144924,-0.486191033042169,258693,0.9738476586002511,0.06112194517961338,0.06328720744226499,0.03574542284219695,-0.1157407407407407,0.13263233242716616
2008-08-05,1220735,334969,108821,585243,701971,002602,CORN - CHICAGO BOARD OF TRADE ,525.25,0.09562108074233966,-116728,2.2963249516441007,226148,-2.650514099562252,0.021904671639680736,0.07333423466053764,-0.1157407407407407,-0.030937648738695867,0.13314659422857664
2008-08-12,1196785,313473,119559,582795,679052,002602,CORN - CHICAGO BOARD OF TRADE ,509.0,0.08042965110692396,-96257,1.6769405317288357,193914,-2.6405403302108974,0.020103071133029598,0.07443791682831753,-0.030937648738695867,0.10952848722986253,0.13325561679425343
2008-08-19,1157404,314894,115559,562446,663110,002602,CORN - CHICAGO BOARD OF TRADE ,564.75,0.08697395205131483,-100664,-0.36823656713611885,199335,0.4529635648842524,0.029611865961245345,0.012593709417752926,0.10952848722986253,0.01859229747675961,0.13349505604730602
2008-08-26,1127517,297597,104436,556808,656663,002602,CORN - CHICAGO BOARD OF TRADE ,575.25,0.08856185760392082,-99855,0.06989780577914022,193161,-0.5334351704331417,0.009959034867747149,0.07069071444383919,0.01859229747675961,-0.03867883528900473,0.133612131467606
2008-09-02,1065835,289184,100677,542699,634949,002602,CORN - CHICAGO BOARD OF TRADE ,553.0,0.08655185840209789,-92250,0.6744909389392799,188507,-0.4127653951115593,0.030419106558156595,0.031221384031744646,-0.03867883528900473,-0.042495479204339937,0.13373341735592711
2008-09-09,1052778,281131,101001,538952,620920,002602,CORN - CHICAGO BOARD OF TRADE ,529.5,0.07785876984511454,-81968,0.9646896564665263,180130,-0.7859565504979664,0.015325829056999392,0.02192174431871709,-0.042495479204339937,0.005193578847969782,0.1337029155830158
2008-09-16,1070817,277984,101698,538892,622442,002602,CORN - CHICAGO BOARD OF TRADE ,532.25,0.0780245364053802,-83550,-0.15026909756852821,176286,-0.3651292105268157,0.0013622265429239133,0.01012426188231204,0.005193578847969782,0.05260685767966189,0.13398967422501068
2008-09-23,1037977,278779,89858,515470,615045,002602,CORN - CHICAGO BOARD OF TRADE ,560.25,0.09593179810342618,-99575,-1.4965208807854191,188921,1.179940176519424,0.027261027054041743,0.03427491000632058,0.05260685767966189,-0.12985274431057559,0.13460430577341553
2008-09-30,1035355,268611,99921,516683,589419,002602,CORN - CHICAGO BOARD OF TRADE ,487.5,0.07025223232611037,-72736,2.585702766053583,168690,-1.94907979656582,0.02426448917007654,0.05489618269241206,-0.12985274431057559,-0.1446153846153846,0.1344233565430322
2008-10-07,1011641,240146,105763,517236,562230,002602,CORN - CHICAGO BOARD OF TRADE ,417.0,0.044476251951037965,-44994,2.6794674290460763,134383,-3.3135494588812535,0.02569974413274712,0.09917926391045044,-0.1446153846153846,-0.013788968824940073,0.13343925815065058
2008-10-14,997816,219528,98556,509573,554442,002602,CORN - CHICAGO BOARD OF TRADE ,411.25,0.044967208383108706,-44869,0.01235616191909976,120972,-1.325667899976375,0.014521411822201754,0.08747689289621609,-0.013788968824940073,-0.0006079027355623268,0.13289802578046384
2008-10-21,986935,209559,102864,508750,543891,002602,CORN - CHICAGO BOARD OF TRADE ,411.0,0.035606194936849946,-35141,0.9749292454721111,106695,-1.4308249216288373,0.010805203293430524,0.045697659903400197,-0.0006079027355623268,-0.0492700729927007,0.13270799010684586
2008-10-28,982689,208722,121703,510503,534479,002602,CORN - CHICAGO BOARD OF TRADE ,390.75,0.024398360010135456,-23976,1.1312801754928137,87019,-1.9936469980292522,0.010684394563734111,0.05954755239464326,-0.0492700729927007,0.05694177863083816,0.13228764368847098
2008-11-04,999065,216381,123368,504135,532529,002602,CORN - CHICAGO BOARD OF TRADE ,413.0,0.028420573235975636,-28394,-0.44958272657982334,93013,0.6099590002533863,0.008023814852256854,0.027443789385693557,0.05694177863083816,-0.0938256658595642,0.13194276381150327
2008-11-11,1009051,206253,152292,508517,510896,002602,CORN - CHICAGO BOARD OF TRADE ,374.25,0.0023576608119906723,-2379,2.603934678924795,53961,-3.9088547792185695,0.02551958823362072,0.10891798797919369,-0.0938256658595642,0.015364061456245803,0.13080158096577424
2008-11-18,994551,195693,146457,499706,504726,002602,CORN - CHICAGO BOARD OF TRADE ,380.0,0.005047503848470315,-5020,-0.2617310720667241,49236,-0.4682617627850326,0.014914897175717222,0.047917580008768085,0.015364061456245803,-0.06973684210526321,0.1292220024555373
2008-11-25,894918,158219,122871,468639,440669,002602,CORN - CHICAGO BOARD OF TRADE ,353.5,-0.03125426016685327,27970,3.3170747402596747,35348,-1.3964090328198353,0.10461141879319219,0.21722579956597532,-0.06973684210526321,-0.05940594059405946,0.1267901680434737
2008-12-02,848682,150616,129601,460384,424134,002602,CORN - CHICAGO BOARD OF TRADE ,332.5,-0.04271328954779293,36250,0.9252244339704866,21015,-1.6015992526689595,0.02802656361996025,0.05114964473961251,-0.05940594059405946,-0.06090225563909779,0.12388223845487768
2008-12-09,823600,158191,129700,441493,410132,002602,CORN - CHICAGO BOARD OF TRADE ,312.25,-0.038077950461389024,31361,-0.5760697175149232,28491,0.8808953176808274,0.03862380742697784,0.02665592185931481,-0.06090225563909779,0.26180944755804636,0.12094833836951283
2008-12-16,825334,163280,118394,432214,417791,002602,CORN - CHICAGO BOARD OF TRADE ,394.0,-0.0174753493737081,14423,-2.0565808644973287,44886,1.9906508013598834,0.019926941606225847,0.058205585180030814,0.26180944755804636,0.005710659898477077,0.11807842861035514
2008-12-30,802641,152903,107278,422994,409060,002602,CORN - CHICAGO BOARD OF TRADE ,396.25,-0.01736018967383924,13934,-0.059248740509902656,45625,0.08953950764175474,0.021574320897441754,0.08260787682421084,0.005710659898477077,0.07886435331230279,0.11489207095017817
2009-01-06,814872,156060,105596,420457,409265,002602,CORN - CHICAGO BOARD OF TRADE ,427.5,-0.013734672439352438,11192,-0.34162221964738904,50464,0.6028847267956658,0.0033047213404007606,0.0184937475158223,0.07886435331230279,-0.15204678362573099,0.1113748418732053
2009-01-13,812954,154121,112379,415653,389111,002602,CORN - CHICAGO BOARD OF TRADE ,362.5,-0.032648833759351695,26542,1.8837314326667256,41742,-1.0703521534670475,0.031012818664850814,0.03272795497185741,-0.15204678362573099,0.0579310344827586,0.1074200526944863
2009-01-20,808890,161880,114533,401004,376543,002602,CORN - CHICAGO BOARD OF TRADE ,383.5,-0.03024020571400314,24461,-0.25598004315127304,47347,0.6894609043070088,0.03500367180376234,0.03586300210192719,0.0579310344827586,-0.01564537157757495,0.10367958863474509
2009-01-27,798353,156636,117842,399243,368487,002602,CORN - CHICAGO BOARD OF TRADE ,377.5,-0.03852431192718008,30756,0.7782269529849547,38794,-1.057374921188295,0.012787047529730504,0.031160967363504544,-0.01564537157757495,-0.04172185430463571,0.100047974060225
2009-02-03,817268,154888,139092,407816,355710,002602,CORN - CHICAGO BOARD OF TRADE ,361.75,-0.06375631983633276,52106,2.6742556237654274,15796,-2.880680601187695,0.027962374562228397,0.07822981155180625,-0.04172185430463571,0.04146510020732541,0.09585379881068969
2009-02-10,812240,161571,139140,406204,361990,002602,CORN - CHICAGO BOARD OF TRADE ,376.75,-0.05443464985718507,44214,-0.9656563085793155,22431,0.811851192020243,0.01027344655126179,0.022383617493207764,0.04146510020732541,-0.07299270072992703,0.09162662657647908
2009-02-17,812494,158872,157792,415671,349348,002602,CORN - CHICAGO BOARD OF TRADE ,349.25,-0.08162891049041593,66323,2.721978725499852,1080,-2.628656554712893,0.028899935818587512,0.06742477831392264,-0.07299270072992703,0.01431639226914827,0.08670645874465754
2009-02-24,767829,149975,145022,391301,332490,002602,CORN - CHICAGO BOARD OF TRADE ,354.25,-0.07659387702209737,58811,-0.924560673678821,4953,0.4766804431786573,0.056961194598993355,0.07344820455801246,0.01431639226914827,-0.03034580098800277,0.0816172541201296
2009-03-03,748252,151768,136393,378588,324933,002602,CORN - CHICAGO BOARD OF TRADE ,343.5,-0.07170712540694846,53655,-0.6715036811581745,15375,1.3573334687801581,0.028812217403602736,0.03616728148500317,-0.03034580098800277,0.06768558951965065,0.07631189593706873
2009-03-10,752372,163097,114456,367839,350737,002602,CORN - CHICAGO BOARD OF TRADE ,366.75,-0.022730776796584667,17102,-4.885118917156253,48641,4.44582841074932,0.05086866246576562,0.11985458633125926,0.06768558951965065,0.06475800954328559,0.07190110192606021
2009-03-17,758675,172824,84627,366944,388310,002602,CORN - CHICAGO BOARD OF TRADE ,390.5,0.028162256565723135,-21366,-5.112896280031686,88197,5.257505595636201,0.05093385801333061,0.153644771238022,0.06475800954328559,0.008322663252240625,0.0687086884364426
2009-03-24,787271,179689,82763,381140,409333,002602,CORN - CHICAGO BOARD OF TRADE ,393.75,0.03581104854618041,-28193,-0.8998583055985764,96926,1.1505585395590998,0.04455433645424955,0.03325941505494338,0.008322663252240625,0.027936507936507926,0.06610480617498954
2009-03-31,811140,186372,86656,396213,418872,002602,CORN - CHICAGO BOARD OF TRADE ,404.75,0.02793475848805385,-22659,0.7029345676393516,99716,0.35438876828944543,0.030195623769300135,0.03873595382158607,0.027936507936507926,-0.02100061766522543,0.06370715348377959
2009-04-07,837770,189951,81966,402486,430817,002602,CORN - CHICAGO BOARD OF TRADE ,396.25,0.03381715745371641,-28331,-0.6992627659836773,107985,1.019429444978672,0.0218623957912068,0.030410014820698963,-0.02100061766522543,-0.0050473186119873725,0.06143321048489784
2009-04-14,834150,193636,90577,384711,410323,002602,CORN - CHICAGO BOARD OF TRADE ,394.25,0.03070430977641911,-25612,0.3245520847010516,103059,-0.5879895436695035,0.04813504831239922,0.04326332715252293,-0.0050473186119873725,-0.0513633481293595,0.05878622672903866
2009-04-21,820699,190634,125351,386314,370403,002602,CORN - CHICAGO BOARD OF TRADE ,374.0,-0.019387132188536844,15911,4.977881675957561,65283,-4.528681891746089,0.054872561340633286,0.1195499786382265,-0.0513633481293595,0.002673796791443861,0.055191415394624244
2009-04-28,798625,183259,133461,378880,352686,002602,CORN - CHICAGO BOARD OF TRADE ,375.0,-0.03279887306307716,26194,1.252956321379702,49798,-1.8868062468700462,0.03437967319421624,0.04889176559737307,0.002673796791443861,0.06266666666666665,0.05138383634736511
2009-05-05,796882,209299,114750,367879,382606,002602,CORN - CHICAGO BOARD OF TRADE ,398.5,0.018480778835511406,-14727,-5.1239317577085615,94549,5.603506025982157,0.05452607313936987,0.1380994849544359,0.06266666666666665,0.05269761606022594,0.04863527325920341
2009-05-12,858911,245099,94219,381258,446269,002602,CORN - CHICAGO BOARD OF TRADE ,419.5,0.07569003074823817,-65011,-6.3100935897661135,150880,7.0689261396292045,0.09309907712980967,0.16601241313458173,0.05269761606022594,0.014898688915375491,0.04681539987182741
2009-05-19,877421,257479,87471,396029,472583,002602,CORN - CHICAGO BOARD OF TRADE ,425.75,0.08724888052599607,-76554,-1.3439110687836109,170008,2.227006057670702,0.04729959982132414,0.05545151471227714,0.014898688915375491,0.004110393423370606,0.04504602844717965
2009-05-26,929290,280407,86227,407941,501656,002602,CORN - CHICAGO BOARD OF TRADE ,427.5,0.10084580701395689,-93715,-1.955845597495387,194180,2.754891893401229,0.04505841597982403,0.06592951008362563,0.004110393423370606,0.05146198830409365,0.04345521121253138
2009-06-02,979982,307286,100580,419284,532485,002602,CORN - CHICAGO BOARD OF TRADE ,449.5,0.11551334616350097,-113201,-2.0968696531760807,206706,1.3479107705882987,0.04430907079343832,0.10109202532204205,0.05146198830409365,-0.012235817575083408,0.04227971415166129
2009-06-09,978960,303745,93378,425844,538141,002602,CORN - CHICAGO BOARD OF TRADE ,444.0,0.1147105091117104,-112297,0.09224659228434808,210367,0.3735782902134937,0.012672396354715064,0.027052072028061834,-0.012235817575083408,-0.09009009009009006,0.04124978452690698
2009-06-16,979945,281578,108063,449297,513112,002602,CORN - CHICAGO BOARD OF TRADE ,404.0,0.06512100168887029,-63815,4.952398463675737,173515,-3.7644030399607744,0.05037567188170518,0.0945793692142254,-0.09009009009009006,-0.03712871287128716,0.038949877588987505
2009-06-23,976526,261049,133516,475845,496297,002602,CORN - CHICAGO BOARD OF TRADE ,389.0,0.020943630789144376,-20452,4.425044262688212,127533,-4.6923041599273425,0.04460562345830136,0.1165384664123782,-0.03712871287128716,-0.10604113110539848,0.036176255012274096
2009-06-30,922119,242428,129378,465118,469865,002602,CORN - CHICAGO BOARD OF TRADE ,347.75,0.005147925593117591,-4747,1.6082521100308647,113050,-1.4831146328925189,0.0397429685887337,0.061212029929586936,-0.10604113110539848,-0.0352264557872034,0.03307324344487628
2009-07-07,898787,232879,147371,457762,436779,002602,CORN - CHICAGO BOARD OF TRADE ,335.5,-0.023345909542527875,20983,2.7903123132697623,85508,-2.9868162352147607,0.04520977797552041,0.07243129520052596,-0.0352264557872034,0.0432190760059612,0.029148590711459102
2009-07-14,890306,227098,160842,460584,426449,002602,CORN - CHICAGO BOARD OF TRADE ,350.0,-0.03834075025889975,34135,1.463305544027673,66256,-2.1419980484808967,0.014826956832496649,0.049626230860442336,0.0432190760059612,-0.10999999999999999,0.025289437480580365
2009-07-21,906486,215874,181491,471749,404268,002602,CORN - CHICAGO BOARD OF TRADE ,311.5,-0.07444240727380236,67481,3.7454538102629877,34383,-3.5800050769061427,0.038065471332177345,0.08021088923282121,-0.10999999999999999,0.028892455858748,0.021334052943431533
2009-07-28,880331,216844,175521,458931,411394,002602,CORN - CHICAGO BOARD OF TRADE ,320.5,-0.05399900719161316,47537,-2.200144293458476,41323,0.7655937322804764,0.022915577514147013,0.017687612299771897,0.028892455858748,0.10608424336973488,0.018239315961523887
2009-08-04,871875,221135,156032,448658,422455,002602,CORN - CHICAGO BOARD OF TRADE ,354.5,-0.03005362007168459,26203,-2.4234066504530682,65103,2.701256686405454,0.02449050812007168,0.06304899421211294,0.10608424336973488,-0.07898448519040902,0.015391586711560776
2009-08-11,865645,223661,152076,443375,420372,002602,CORN - CHICAGO BOARD OF TRADE ,326.5,-0.026573248849124063,23003,-0.36702508960573477,71585,0.7434551971326164,0.008527960154999091,0.01725142852580395,-0.07898448519040902,-0.03675344563552829,0.013041695757878781
2009-08-18,863119,213339,159909,452444,417124,002602,CORN - CHICAGO BOARD OF TRADE ,314.5,-0.04092135615135341,35320,1.4228696521091209,53430,-2.0972800628433137,0.014164504673585045,0.04864058213305898,-0.03675344563552829,0.022257551669316422,0.010708022541373449
2009-08-25,859458,205377,174189,461036,400438,002602,CORN - CHICAGO BOARD OF TRADE ,321.5,-0.07050722664749179,60598,2.9286807496996357,31188,-2.5769331922944576,0.02934273117935074,0.05859850460789428,0.022257551669316422,-0.028771384136858424,0.007679538335627166
2009-09-01,835960,209195,187120,442196,375664,002602,CORN - CHICAGO BOARD OF TRADE ,312.25,-0.07958754007368773,66532,0.6904351347011721,22075,-1.0603194106052884,0.053326975276942266,0.042261837174974455,-0.028771384136858424,-0.0304243394715773,0.004445896072596233
2009-09-08,832992,206921,195495,448654,367010,002602,CORN - CHICAGO BOARD OF TRADE ,302.75,-0.09801294610272368,81644,1.8077419972247475,11426,-1.2738647782190535,0.018527236705310028,0.026462665500377718,-0.0304243394715773,0.1445086705202312,0.0008965729090419717
2009-09-15,861267,226985,182622,447935,396414,002602,CORN - CHICAGO BOARD OF TRADE ,346.5,-0.059820009358305844,51521,-3.616241212400599,44363,3.9540595828051166,0.03567600601173212,0.08041122344100565,0.1445086705202312,-0.059884559884559874,-0.0017510959217930356
2009-09-22,870345,231829,188684,456275,398363,002602,CORN - CHICAGO BOARD OF TRADE ,325.75,-0.06653913103424504,57912,0.7420463108420501,43145,-0.14141955978807966,0.012039015349188779,0.02593498893018765,-0.059884559884559874,0.046815042210283986,-0.004531166449478137
2009-09-29,852229,231255,162186,452558,413997,002602,CORN - CHICAGO BOARD OF TRADE ,341.0,-0.04524722815111901,38561,-2.2233711918836785,69069,2.9785889503587657,0.022330954180634813,0.06880828383417081,0.046815042210283986,0.050586510263929574,-0.007246147723604005
2009-10-06,899495,255996,159733,463894,448604,002602,CORN - CHICAGO BOARD OF TRADE ,358.25,-0.016998426895091134,15290,-2.7306040981942648,96263,3.1909263824629295,0.0503486035037885,0.06541280497631871,0.050586510263929574,0.06559665038381013,-0.00892404501631942
2009-10-13,904844,262114,125155,459543,473817,002602,CORN - CHICAGO BOARD OF TRADE ,381.75,0.015775094933491298,-14274,-3.286733111356928,136959,4.52431642199234,0.03167480929116311,0.10508457945252525,0.06559665038381013,0.007203667321545426,-0.00947599034357993
2009-10-20,942450,274984,117284,469152,495813,002602,CORN - CHICAGO BOARD OF TRADE ,384.5,0.028289033901002705,-26661,-1.3689652580997387,157700,2.2922183271370535,0.03275248325068785,0.05287456534818032,0.007203667321545426,-0.03576072821846554,-0.009796724468235818
2009-10-27,964370,271125,110255,480043,515427,002602,CORN - CHICAGO BOARD OF TRADE ,370.75,0.036691311426112386,-35384,-0.9255663430420712,160870,0.33635736643853786,0.030643816488693784,0.02854895379936022,-0.03576072821846554,0.05192178017532023,-0.009775856843442308
2009-11-03,948636,273831,102225,491334,527051,002602,CORN - CHICAGO BOARD OF TRADE ,390.0,0.03765090087241049,-35717,-0.03453031512801103,171606,1.1132656552982778,0.02250131335398695,0.02854893951964601,0.05192178017532023,0.03076923076923066,-0.009521000288398557
2009-11-17,1056596,291466,98769,514876,566149,002602,CORN - CHICAGO BOARD OF TRADE ,402.0,0.048526589159905965,-51273,-1.6398281321813635,192697,2.2232974502338094,0.057945005897180914,0.05404692044537266,0.03076923076923066,-0.06467661691542292,-0.009134346136015282
2009-11-24,987182,268003,69565,495719,554381,002602,CORN - CHICAGO BOARD OF TRADE ,376.0,0.059423692895534966,-58662,-0.6993212164346637,198438,0.5433486403507112,0.029449576230835158,0.15601893544411793,-0.06467661691542292,0.06316489361702127,-0.008036922442100969
2009-12-01,976201,294932,64976,480311,571504,002602,CORN - CHICAGO BOARD OF TRADE ,399.75,0.09341621243985614,-91193,-3.2953396638107257,229956,3.192724340597782,0.030928442739455133,0.08757237960812207,0.06316489361702127,-0.07567229518449026,-0.006337524199958935
2009-12-08,969018,280424,85658,492893,552876,002602,CORN - CHICAGO BOARD OF TRADE ,369.5,0.06190081092404888,-59983,3.1970874850568682,194766,-3.6047904068936627,0.02984406690196401,0.09612600455635623,-0.07567229518449026,0.10284167794316645,-0.004546080525133892
2009-12-15,954008,285230,72269,490800,568593,002602,CORN - CHICAGO BOARD OF TRADE ,407.5,0.08154334135562805,-77793,-1.8379431548227174,212961,1.8776740989331469,0.016811513763069986,0.050895247259432896,0.10284167794316645,-0.021472392638036797,-0.0021565299308373346
2009-12-22,963483,284250,69408,500549,580849,002602,CORN - CHICAGO BOARD OF TRADE ,398.75,0.08334345286839519,-80300,-0.26278605630141466,214842,0.19716815791901116,0.02034865979038245,0.010860775099107047,-0.021472392638036797,0.045768025078369856,0.00017849705627390002
2009-12-29,989671,299554,62766,500403,604714,002602,CORN - CHICAGO BOARD OF TRADE ,417.0,0.10539967322473832,-104311,-2.4921041678991744,236788,2.2777776047942724,0.02172711124704443,0.06057076617354824,0.045768025078369856,0.004196642685851293,0.0025414782600901775
2010-01-05,1032529,327887,63907,504378,637452,002602,CORN - CHICAGO BOARD OF TRADE ,418.75,0.1288816101048978,-133074,-2.906319372801668,263980,2.7475797512506683,0.03215277230410832,0.07522830875409016,0.004196642685851293,-0.06268656716417909,0.005353820563527428
2010-01-12,1113057,344016,70883,537591,660388,002602,CORN - CHICAGO BOARD OF TRADE ,392.5,0.1103240894221949,-122797,0.9953231337812304,273133,0.8864642058479713,0.046869769837367764,0.05568825183960434,-0.06268656716417909,-0.059235668789808904,0.007739565983941799
2010-01-19,1122443,286451,104675,589861,614289,002602,CORN - CHICAGO BOARD OF TRADE ,369.25,0.02176324321145929,-24428,8.837732479109336,181776,-8.207755757342166,0.0816916497114147,0.23357434688565834,-0.059235668789808904,-0.018957345971563955,0.00878595207953432
2010-01-26,1135793,274098,130986,596510,578698,002602,CORN - CHICAGO BOARD OF TRADE ,362.25,-0.0156824350916056,17812,3.7632200476995266,143112,-3.444629259570419,0.035942573569955276,0.09544687027875699,-0.018957345971563955,0.007591442374051072,0.009065909206888118
2010-02-02,1155639,275653,145314,603875,577430,002602,CORN - CHICAGO BOARD OF TRADE ,365.0,-0.022883443705170904,26445,0.7600856846273925,130339,-1.1245887234733793,0.007308019520784218,0.0377297982977288,0.007591442374051072,-0.017808219178082174,0.009366695134234448
2010-02-09,1145635,256019,168544,616985,561059,002602,CORN - CHICAGO BOARD OF TRADE ,358.5,-0.04881659516338101,55926,2.551056168924725,87475,-3.7091167743560054,0.02502538105537654,0.10096028151299101,-0.017808219178082174,0.02440725244072528,0.009653997531791213
2010-02-16,1173842,257594,168558,618777,566864,002602,CORN - CHICAGO BOARD OF TRADE ,367.25,-0.04422486160829141,51913,-0.3502860858825019,89036,0.136256312001641,0.006407504463830114,0.003728716514295369,0.02440725244072528,0.001361470388019148,0.009850339613500706
2010-02-23,1124609,246323,156326,604459,559339,002602,CORN - CHICAGO BOARD OF TRADE ,367.75,-0.040120610807845215,45120,-0.5786979849076792,89997,0.08186791748804353,0.0187687210323441,0.05837093846004833,0.001361470388019148,0.007477906186267758,0.010648576145857836
2010-03-02,1112128,256526,142935,592068,570936,002602,CORN - CHICAGO BOARD OF TRADE ,370.5,-0.01900140990965069,21132,-2.133008005449005,113591,2.097973606826906,0.02062589638556703,0.0590645895343976,0.007477906186267758,-0.03171390013495279,0.011756123590327962
2010-03-09,1118686,259235,148974,593318,571035,002602,CORN - CHICAGO BOARD OF TRADE ,358.75,-0.01991890485802093,22283,0.10349528111872014,110261,-0.29942596535650573,0.0011585833505818252,0.021430198746230485,-0.03171390013495279,0.022299651567944334,0.01275205090857657
2010-03-16,1123971,259405,172137,602109,559968,002602,CORN - CHICAGO BOARD OF TRADE ,366.75,-0.03749296022762153,42141,1.7751183084440139,87268,-2.0553578037089943,0.017088368498817202,0.054068897117777646,0.022299651567944334,-0.010906612133605997,0.012468162765672013
2010-03-23,1136023,258724,191690,609846,549792,002602,CORN - CHICAGO BOARD OF TRADE ,362.75,-0.05286336632268889,60054,1.5937243932450214,67034,-1.8002243830134406,0.01544706192794648,0.044923115178480244,-0.010906612133605997,-0.022742935906271522,0.01090997771012563
2010-03-30,1136859,240092,203935,620148,527785,002602,CORN - CHICAGO BOARD OF TRADE ,354.5,-0.08124402410501215,92363,2.8440445307885494,36157,-2.717990744905693,0.028145370853525423,0.06953856409632747,-0.022742935906271522,-0.02256699576868826,0.008658918620679619
2010-04-06,1150288,246001,227866,621103,512211,002602,CORN - CHICAGO BOARD OF TRADE ,346.5,-0.09466498824642176,108892,1.4539182079747797,18135,-1.5852449600170293,0.014584660561856644,0.06297125564768173,-0.02256699576868826,0.017316017316017396,0.006301231183478166
2010-04-13,1179914,251346,233720,620272,508310,002602,CORN - CHICAGO BOARD OF TRADE ,352.5,-0.09488996655688466,111962,0.26688968327931784,17626,-0.044249787879209385,0.0041928721174004195,0.02308757983449675,0.017316017316017396,0.008510638297872353,0.003826094183274298
2010-04-20,1177717,261211,213843,619290,538303,002602,CORN - CHICAGO BOARD OF TRADE ,355.5,-0.06876609575984723,80987,-2.6251913275035297,47368,2.5206921860406775,0.026758109283660146,0.06260761934432717,0.008510638297872353,-0.02250351617440227,0.00191320176911533
2010-04-27,1151983,256819,218499,631243,545168,002602,CORN - CHICAGO BOARD OF TRADE ,347.5,-0.07471898456834866,86075,0.43202229398064224,38320,-0.7682660605221798,0.01599611020298178,0.019035677167706672,-0.02250351617440227,0.03597122302158273,0.0008491276848881798
2010-05-04,1170638,272877,175800,625931,592876,002602,CORN - CHICAGO BOARD OF TRADE ,360.0,-0.028236739282340058,33055,-4.602498474369847,97077,5.100509295710093,0.04350155520931534,0.13095612211011484,0.03597122302158273,0.027083333333333348,0.0009368610268254318
2010-05-11,1188814,284494,167762,627263,611577,002602,CORN - CHICAGO BOARD OF TRADE ,369.75,-0.013194662916150046,15686,-1.4837208428224609,116732,1.6789989732094805,0.016170772658293243,0.043459898818368356,0.027083333333333348,-0.027045300878972278,0.0003277179162165577
2010-05-18,1211345,296014,185133,635857,610584,002602,CORN - CHICAGO BOARD OF TRADE ,359.75,-0.02086358551857646,25273,0.8064339753737758,110881,-0.4921711891010705,0.007691499236626523,0.06004609817789574,-0.027045300878972278,0.012508686587908269,-0.0015290823966068005
2010-05-25,1207240,290519,167671,631023,616690,002602,CORN - CHICAGO BOARD OF TRADE ,364.25,-0.01187253570126901,14333,-0.903128340811247,122848,0.9879101329513887,0.008768042009660875,0.05010366878369236,0.012508686587908269,-0.028140013726835944,-0.0034352634779003595
2010-06-01,1216030,293831,169957,624942,604287,002602,CORN - CHICAGO BOARD OF TRADE ,354.0,-0.016985600684193646,20655,0.5236738345316589,123874,0.08498724363009841,0.015037067950723584,0.012070169991461616,-0.028140013726835944,-0.04731638418079098,-0.005701252087480178
2010-06-08,1239243,292994,212045,634548,576977,002602,CORN - CHICAGO BOARD OF TRADE ,337.25,-0.046456586803395296,57571,3.035780367260676,80949,-3.529929360295388,0.030470687769546645,0.08499343615047551,-0.04731638418079098,0.048925129725722716,-0.008816058490689721
2010-06-15,1209610,303820,227072,603063,541276,002602,CORN - CHICAGO BOARD OF TRADE ,353.75,-0.05108010019758435,61787,0.3402076913083229,76748,-0.3389972749493037,0.05871162304177346,0.04869728683046646,0.048925129725722716,-0.00636042402826853,-0.01200433943894539
2010-06-22,1201495,284044,189047,604966,562287,002602,CORN - CHICAGO BOARD OF TRADE ,351.5,-0.03552157936570689,42679,-1.579682707649573,94997,1.5086680831011647,0.019630705596815772,0.12217734008890467,-0.00636042402826853,-0.07539118065433859,-0.01393977368999495
2010-06-29,1133201,242470,232642,610036,490647,002602,CORN - CHICAGO BOARD OF TRADE ,325.0,-0.10535553710242049,119389,6.384545919874822,9828,-7.08858547060121,0.0696930905628596,0.17926089006381654,-0.07539118065433859,0.10769230769230775,-0.016368603841755813
2010-07-06,1100697,256303,182986,580121,513847,002602,CORN - CHICAGO BOARD OF TRADE ,360.0,-0.060210939068608346,66274,-4.687164942494756,73317,5.602624777069558,0.0485526084858058,0.14452672386515483,0.10769230769230775,0.018750000000000044,-0.017625505085250542
2010-07-13,1118799,297391,146818,557285,563119,002602,CORN - CHICAGO BOARD OF TRADE ,366.75,0.005214520213192897,-5834,-6.551121698342051,150573,7.018825344304563,0.06435892767251812,0.17391813313102616,0.018750000000000044,0.019768234492160808,-0.01707626605148668
2010-07-20,1179329,325530,130157,578873,623319,002602,CORN - CHICAGO BOARD OF TRADE ,374.0,0.0376875324866937,-44446,-3.4512007965684632,195373,4.0042938901447,0.06803239416000106,0.09831309648947632,0.019768234492160808,-0.03008021390374327,-0.0156141836909945
2010-07-27,1218788,339893,149061,590530,628921,002602,CORN - CHICAGO BOARD OF TRADE ,362.75,0.03149932555949025,-38391,0.5134275507513171,190832,-0.3850494645684114,0.01415309020206634,0.0680370750622758,-0.03008021390374327,0.07374224672639551,-0.013576842674969641
2010-08-03,1244111,387305,127654,576225,688633,002602,CORN - CHICAGO BOARD OF TRADE ,389.5,0.09035206665643178,-112408,-6.073000390551925,259651,5.646511124165975,0.05851803127307571,0.13363976549589385,0.07374224672639551,0.010269576379974277,-0.010800860485584164
2010-08-10,1296610,424807,114341,579152,747494,002602,CORN - CHICAGO BOARD OF TRADE ,393.5,0.1298324091284195,-168342,-4.495901089211493,310466,4.084442626100083,0.046574594880623765,0.09425055828826222,0.010269576379974277,0.05400254129606097,-0.00772612915481293
2010-08-17,1342765,459690,112455,567978,787479,002602,CORN - CHICAGO BOARD OF TRADE ,414.75,0.16346940827322726,-219501,-3.9455965941956337,347235,2.835779455657445,0.0377429900026338,0.06426517753366716,0.05400254129606097,-0.022905364677516582,-0.0040714626716907894
2010-08-24,1347806,469741,111766,562815,791750,002602,CORN - CHICAGO BOARD OF TRADE ,405.25,0.16985753142514576,-228935,-0.7025801238489237,357975,0.7998421168261013,0.006964597490707349,0.018469253164622265,-0.022905364677516582,0.047501542257865514,-1.8022525988882808e-05
2010-08-31,1339412,504861,100490,528946,811715,002602,CORN - CHICAGO BOARD OF TRADE ,424.5,0.21111427999749144,-282769,-3.994195010261121,404371,3.442335172866125,0.040154819152641866,0.07664313761767966,0.047501542257865514,0.06360424028268552,0.005397775678722334
2010-09-07,1381018,530630,97933,543399,864603,002602,CORN - CHICAGO BOARD OF TRADE ,451.5,0.23258494820487496,-321204,-2.869542754581861,432697,2.1148085876489087,0.04782734683615506,0.04506469518568544,0.06360424028268552,0.058693244739756345,0.011401092761002386
2010-09-14,1374822,555879,111790,535492,869005,002602,CORN - CHICAGO BOARD OF TRADE ,478.0,0.24258631299179093,-333513,-0.8912990272393263,444089,0.8248987341222199,0.008763991663919538,0.05857093859382419,0.058693244739756345,0.05700836820083688,0.017951078512819976
2010-09-21,1441646,580978,115264,556103,924119,002602,CORN - CHICAGO BOARD OF TRADE ,505.25,0.2552748733045422,-368016,-2.5096339744345086,465714,1.5729308957814176,0.051157866860511464,0.041038891649742476,0.05700836820083688,-0.010390895596239513,0.02401059548710551
2010-09-28,1449581,577927,108774,556376,929934,002602,CORN - CHICAGO BOARD OF TRADE ,500.0,0.25770067350496456,-373558,-0.384421695756101,469153,0.23854677223118576,0.00409604994920306,0.013893965495899963,-0.010390895596239513,-0.018000000000000016,0.030245976343628776
2010-10-05,1439869,555109,110974,560663,907609,002602,CORN - CHICAGO BOARD OF TRADE ,491.0,0.24095664258345725,-346946,1.8358408395253525,444135,-1.7258780295823413,0.018124707138731787,0.03755988367816023,-0.018000000000000016,0.1792260692464358,0.03574989693467832
2010-10-12,1475534,556358,123621,585036,933704,002602,CORN - CHICAGO BOARD OF TRADE ,579.0,0.2362995363034671,-348668,-0.11959421308466256,432737,-0.7915997913699093,0.03323017764726023,0.0204359252271026,0.1792260692464358,-0.05699481865284972,0.04062101161157367
2010-10-19,1530657,558591,127176,612655,959627,002602,CORN - CHICAGO BOARD OF TRADE ,546.0,0.22668174515910489,-346972,0.1149414381505272,431415,-0.08959468233195575,0.034053687570041506,0.008440184494150346,-0.05699481865284972,0.04578754578754585,0.044676908731297
2010-10-26,1580990,555870,125207,635029,986312,002602,CORN - CHICAGO BOARD OF TRADE ,571.0,0.2221917912194258,-351283,-0.2816437647363191,430663,-0.04912923012797772,0.03025828619642629,0.006886152373373348,0.04578754578754585,0.008318739054290702,0.04840580791049746
2010-11-02,1618200,569747,136289,648707,1009496,002602,CORN - CHICAGO BOARD OF TRADE ,575.75,0.22295698924731183,-360789,-0.6012688252297611,433458,0.176787961973194,0.022230088837132726,0.03535088862324301,0.008318739054290702,0.0008684324793746256,0.05198784017628974
2010-11-09,1674251,586970,151362,669543,1033156,002602,CORN - CHICAGO BOARD OF TRADE ,576.25,0.21717950295385818,-363613,-0.17451489309108886,435608,0.1328636756890372,0.026132628256667796,0.04374183971438323,0.0008684324793746256,-0.08633405639913228,0.055440313293240666
2010-11-16,1632201,559943,150890,685568,1015234,002602,CORN - CHICAGO BOARD OF TRADE ,526.5,0.20197634972653492,-329666,2.0275932342283207,409053,-1.586082373550919,0.019959407385456977,0.03868559844576715,-0.08633405639913228,0.003798670465337217,0.058391270227214305
2010-11-23,1630025,545278,152985,682910,998800,002602,CORN - CHICAGO BOARD OF TRADE ,528.5,0.19379457370285733,-315890,0.8440136968424845,392293,-1.0268343175871109,0.011352730256703,0.024002417427244464,0.003798670465337217,0.002838221381267658,0.060975325627355116
2010-11-30,1518147,531645,116899,634980,970712,002602,CORN - CHICAGO BOARD OF TRADE ,530.0,0.2211459101127888,-335732,-1.2172819435284734,414746,1.37746353583534,0.0473428278897821,0.07666249321557211,0.002838221381267658,0.032547169811320664,0.06343166596721919
2010-12-07,1489862,540244,118656,622779,963137,002602,CORN - CHICAGO BOARD OF TRADE ,547.25,0.22844934631529631,-340358,-0.3047135751676221,421588,0.4506809946599374,0.012469765107357514,0.015717104264683562,0.032547169811320664,0.04979442667884881,0.06663452241705088
2010-12-14,1490016,563746,122119,629368,981618,002602,CORN - CHICAGO BOARD OF TRADE ,574.5,0.23640685737602818,-352250,-0.7981947321295529,441627,1.3450239015425591,0.01556189811705378,0.03931531715425047,0.04979442667884881,0.04830287206266326,0.06961266695590472
2010-12-21,1518419,587744,124981,640827,1012811,002602,CORN - CHICAGO BOARD OF TRADE ,602.25,0.24498112839736594,-371984,-1.3244153082919916,462763,1.4185082576294483,0.0257928276926389,0.03768634466308885,0.04830287206266326,0.03486924034869232,0.07272108379300032
2010-12-28,1542447,600205,119770,648130,1042683,002602,CORN - CHICAGO BOARD OF TRADE ,623.25,0.2557967956111296,-394553,-1.4863486297260506,480435,1.163842127897504,0.021986464499622372,0.024545296711691377,0.03486924034869232,-0.023666265543521914,0.07561333614658478
2011-01-04,1546155,584256,127786,664808,1031627,002602,CORN - CHICAGO BOARD OF TRADE ,608.5,0.23724594235377436,-366819,1.7980520562456928,456470,-1.5537000623035995,0.01634840120605859,0.033656722496706655,-0.023666265543521914,-0.0024650780608052036,0.07769726561290932
2011-01-11,1553651,587467,126516,644154,1021248,002602,CORN - CHICAGO BOARD OF TRADE ,607.0,0.24271474095533682,-377094,-0.6645517428718337,460951,0.28981570411763374,0.018633939433241944,0.006276059794140757,-0.0024650780608052036,0.08649093904448102,0.08024323968085435
2011-01-18,1610189,606740,127021,653452,1049664,002602,CORN - CHICAGO BOARD OF TRADE ,659.5,0.24606552398507256,-396212,-1.2305208827465113,479719,1.2079933009408161,0.022144117018453237,0.026954280753542365,0.08649093904448102,-0.023502653525398043,0.08455674508034693
2011-01-25,1623752,603395,121475,648014,1035169,002602,CORN - CHICAGO BOARD OF TRADE ,644.0,0.23843234681158207,-387155,0.5624805535250831,481920,0.13669202807869138,0.011842443750917161,0.012265647633368742,-0.023502653525398043,0.03416149068322971,0.08944356780925437
2011-02-01,1669116,614748,116571,661108,1064276,002602,CORN - CHICAGO BOARD OF TRADE ,666.0,0.2415458242566724,-403168,-0.9861727652991344,498177,1.0011996905931448,0.024458903061579336,0.0222296973003573,0.03416149068322971,0.011636636636636721,0.09452874603928982
2011-02-08,1690126,620688,127955,677886,1086056,002602,CORN - CHICAGO BOARD OF TRADE ,673.75,0.24150270453208814,-408170,-0.2996795908732527,492733,-0.32616067427308826,0.02185899536379314,0.02314053560909539,0.011636636636636721,0.02486085343228206,0.10011180949497192
2011-02-15,1719874,614859,131535,689418,1097213,002602,CORN - CHICAGO BOARD OF TRADE ,690.5,0.23710748578093513,-407795,0.022187694881920045,483324,-0.5567040563839619,0.01269932067673739,0.012605942705863123,0.02486085343228206,-0.015568428674873291,0.10552204694476473
2011-02-22,1712941,594534,111754,701567,1105324,002602,CORN - CHICAGO BOARD OF TRADE ,679.75,0.2357098113712031,-403757,0.23478464120046003,482780,-0.0316302240745543,0.011212629870866587,0.056784201345626714,-0.015568428674873291,0.06987863184994492,0.11082647814051566
2011-03-01,1647635,584572,105875,672666,1077676,002602,CORN - CHICAGO BOARD OF TRADE ,727.25,0.24581293793831765,-405010,-0.07314904599749787,478697,-0.2383619751059727,0.032307400496588666,0.022943107870698257,0.06987863184994492,-0.03918872464764522,0.1159190617529766
2011-03-08,1627775,558925,101036,673431,1053631,002602,CORN - CHICAGO BOARD OF TRADE ,698.75,0.23357036445454685,-380200,1.5057946693290687,457889,-1.2629010672873542,0.014365436793815162,0.04619363871501498,-0.03918872464764522,-0.08980322003577823,0.1207938553936029
2011-03-15,1613794,528936,109633,706250,1037756,002602,CORN - CHICAGO BOARD OF TRADE ,636.0,0.20542027049301212,-331506,2.9914453778931365,419303,-2.3704750349403327,0.027920775501919144,0.06042573316274357,-0.08980322003577823,0.07979559748427678,0.125465263676692
2011-03-22,1570517,495574,105974,712776,1014042,002602,CORN - CHICAGO BOARD OF TRADE ,686.75,0.19182600379365522,-301266,1.8738451128210911,389600,-1.840569490281907,0.017511978679860877,0.06154288602073318,0.07979559748427678,-0.021842009464870804,0.1301708284866217
2011-03-29,1533106,486703,98372,691950,996873,002602,CORN - CHICAGO BOARD OF TRADE ,671.75,0.1988923140343851,-304923,-0.23285325787622801,388331,-0.08080141762234984,0.022497917188479787,0.02815536469683374,-0.021842009464870804,0.14142165984369193,0.13555806575853319
2011-04-05,1618509,523604,104990,716614,1046688,002602,CORN - CHICAGO BOARD OF TRADE ,766.75,0.20393708036223462,-330074,-1.6405258344824167,418614,1.9752711162828924,0.04223836869691068,0.06923228665879726,0.14142165984369193,-0.0185849364199544,0.14130041323177658
2011-04-12,1659868,557213,107640,701124,1060658,002602,CORN - CHICAGO BOARD OF TRADE ,752.5,0.2166039709181694,-359534,-1.8201937709336184,449573,1.9128098762503019,0.016721705636679227,0.05453686754816478,-0.0185849364199544,-0.0046511627906976605,0.147290681260143
2011-04-19,1650391,569049,110321,671176,1057520,002602,CORN - CHICAGO BOARD OF TRADE ,749.0,0.2340924059813705,-386344,-1.6151886776538857,458728,0.5515498822797957,0.01913928186332357,0.021368326537821804,-0.0046511627906976605,0.023030707610146806,0.15311488321670488
2011-04-26,1592733,570525,97458,627856,1041771,002602,CORN - CHICAGO BOARD OF TRADE ,766.25,0.2598772047794577,-413915,-1.6705738215974275,473067,0.8688244179712565,0.03537856060066111,0.02146611515562522,0.023030707610146806,-0.06166394779771611,0.1595494253195473
2011-05-03,1492620,547057,100606,609289,994298,002602,CORN - CHICAGO BOARD OF TRADE ,719.0,0.25794174002760245,-385009,1.814867903157654,446451,-1.6710898813548787,0.04118267359363727,0.04109544624287631,-0.06166394779771611,-0.018080667593880384,0.16505285761396926
2011-05-10,1445980,535090,113425,591123,949761,002602,CORN - CHICAGO BOARD OF TRADE ,706.0,0.24802417737451418,-358638,1.7667591215446663,421665,-1.660570004421755,0.04069287499902653,0.038219624835200416,-0.018080667593880384,0.020184135977337148,0.1700762968503282
2011-05-17,1421489,527969,112425,578252,925849,002602,CORN - CHICAGO BOARD OF TRADE ,720.25,0.24453020740927295,-347597,0.7635651945393436,415544,-0.42331152574724407,0.024455139648201816,0.012681255602020006,0.020184135977337148,0.018049288441513323,0.17518002363740223
2011-05-24,1405435,532190,92731,567770,945177,002602,CORN - CHICAGO BOARD OF TRADE ,733.25,0.26853394144873294,-377407,-2.097096776689795,439459,1.6823907888137017,0.01970326786067192,0.03826883718101968,0.018049288441513323,0.01943402659393123,0.1805724558902869
2011-05-31,1435358,554915,91397,564065,959110,002602,CORN - CHICAGO BOARD OF TRADE ,747.5,0.2752240207669446,-395045,-1.2549851113712125,463518,1.7118543369134824,0.01157975938418107,0.03722505539120425,0.01943402659393123,-0.014715719063545185,0.18619187168742415
2011-06-07,1451153,552261,94129,559949,947232,002602,CORN - CHICAGO BOARD OF TRADE ,736.5,0.26687950891463547,-387283,0.5407710132245753,458132,-0.37523739722076305,0.010611864135760735,0.008332430885378796,-0.014715719063545185,0.025797691785471866,0.19221756583584784
2011-06-14,1482562,563323,103123,570238,954051,002602,CORN - CHICAGO BOARD OF TRADE ,755.5,0.258884957256425,-383813,0.23912020303854933,460200,0.142507371724415,0.011223593426180994,0.030093961101124472,0.025797691785471866,-0.06353408338848443,0.19817843232534804
2011-06-21,1414879,505369,100850,588730,926365,002602,CORN - CHICAGO BOARD OF TRADE ,707.5,0.23863171338326458,-337635,3.1147432620018587,404519,-3.755728259593865,0.030478616852408595,0.09934858524724563,-0.06353408338848443,-0.034628975265017625,0.203450611032059
2011-06-28,1251856,410486,89071,563648,823046,002602,CORN - CHICAGO BOARD OF TRADE ,683.0,0.2072107335028949,-259398,5.529589456059494,321415,-5.873576468376448,0.09259504980911434,0.2135131726709865,-0.034628975265017625,-0.0036603221083455484,0.209461500851392
2011-07-05,1200848,390487,98322,565396,780521,002602,CORN - CHICAGO BOARD OF TRADE ,680.5,0.17914423807176263,-215125,3.536588872841605,292165,-2.3365307191881497,0.03289430180315725,0.05983932374403908,-0.0036603221083455484,0.02424687729610575,0.21406448502716835
2011-07-12,1188189,403287,96337,547026,768505,002602,CORN - CHICAGO BOARD OF TRADE ,697.0,0.18640048005830723,-221479,-0.5291260842338081,306950,1.2312132759516607,0.02309789735095562,0.029592253374537653,0.02424687729610575,0.0014347202295552641,0.21754883040880518
2011-07-19,1196995,425864,96428,546661,791581,002602,CORN - CHICAGO BOARD OF TRADE ,698.0,0.2046123835103739,-244920,-1.972834288147761,329436,1.89245986959987,0.01751626387454586,0.043401009397042264,0.0014347202295552641,-0.011819484240687683,0.22075892369772207
2011-07-26,1203373,429771,99765,544362,785850,002602,CORN - CHICAGO BOARD OF TRADE ,689.75,0.20067593339720935,-241488,0.28671798963237105,330006,0.04761924652985184,0.00603663175493831,0.0136799008943679,-0.011819484240687683,0.031170714026821367,0.22401232000229362
2011-08-02,1234631,448697,95486,549755,811232,002602,CORN - CHICAGO BOARD OF TRADE ,711.25,0.2117855456407623,-261477,-1.6610809782170617,353211,1.9283297863588431,0.022612265951107543,0.042641905388444694,0.031170714026821367,-0.046397188049209115,0.22634757921353074
2011-08-09,1224921,452171,90796,533871,803769,002602,CORN - CHICAGO BOARD OF TRADE ,678.25,0.22033910758326455,-269898,-0.682066139599605,361375,0.661250203502099,0.01745387398702192,0.015035904576152878,-0.046397188049209115,0.05270917803169928,0.2280880926453547
2011-08-16,1245188,471986,98619,512514,799481,002602,CORN - CHICAGO BOARD OF TRADE ,714.0,0.23046078182571628,-286967,-1.3934776201893837,373367,0.9790019111436574,0.019546568393934427,0.04843630883010138,0.05270917803169928,0.022759103641456502,0.22937638829059487
2011-08-23,1265224,471621,102591,523159,803953,002602,CORN - CHICAGO BOARD OF TRADE ,730.25,0.2219322428281474,-280794,0.49574843316832473,369030,-0.34830081883217634,0.011390899939115915,0.007552959534109354,0.022759103641456502,0.04553235193426919,0.2303778250483449
2011-08-30,1237201,491717,107548,497222,787716,002602,CORN - CHICAGO BOARD OF TRADE ,763.5,0.2347993575821552,-290494,-0.7666626621056825,384169,1.1965470145997863,0.03282181708378147,0.0418062126104478,0.04553235193426919,-0.02193844138834311,0.2308333073095884
2011-09-06,1239567,502958,110635,503129,798814,002602,CORN - CHICAGO BOARD OF TRADE ,746.75,0.2385389414206735,-295685,-0.41957612384729726,392323,0.659068332469825,0.013061247689030933,0.023350983469498512,-0.02193844138834311,-0.050217609641781014,0.230947807179123
2011-09-13,1213565,481904,112679,507491,781525,002602,CORN - CHICAGO BOARD OF TRADE ,709.25,0.225809083155826,-274034,1.7466583089094823,369225,-1.8633926201649447,0.016796533169487423,0.038847393887817175,-0.050217609641781014,-0.026788861473387326,0.230625168143816
2011-09-20,1211618,449428,98150,533596,787890,002602,CORN - CHICAGO BOARD OF TRADE ,690.25,0.2098796815497954,-254294,1.6266125011845267,351278,-1.4788659857527202,0.024570824057159893,0.08584165178294234,-0.026788861473387326,-0.05505251720391158,0.22975218368699396
2011-09-27,1194151,409435,100643,550587,758092,002602,CORN - CHICAGO BOARD OF TRADE ,652.25,0.1737678065839245,-207505,3.861695682962782,308792,-3.506550744541596,0.035752846954830025,0.08329314340159741,-0.05505251720391158,-0.09888846301264853,0.22813809009235855
2011-10-04,1202658,379544,107874,582314,758392,002602,CORN - CHICAGO BOARD OF TRADE ,587.75,0.14640737433252013,-176078,2.6317442266514033,271670,-3.108652088387482,0.02388816041697434,0.0761605028948459,-0.09888846301264853,0.09740535942152273,0.22631983493368668
2011-10-11,1194707,359635,124316,594982,732453,002602,CORN - CHICAGO BOARD OF TRADE ,645.0,0.11506670673227828,-137471,3.210139540916869,235319,-3.0225550405851043,0.02908390994662639,0.07511297631371772,0.09740535942152273,-0.0015503875968991832,0.22398843436500998
2011-10-18,1237331,367539,125876,600047,751708,002602,CORN - CHICAGO BOARD OF TRADE ,644.0,0.12257108243469209,-151661,-1.1877389184126317,241663,0.531008858238882,0.01799142596106543,0.019180608615465684,-0.0015503875968991832,0.010481366459627273,0.22198630623569435
2011-10-25,1220762,375881,111048,580335,756913,002602,CORN - CHICAGO BOARD OF TRADE ,650.75,0.14464572127900444,-176578,-2.0137699613118882,264833,1.8725789622986897,0.01863304338462275,0.04758393934228604,0.010481366459627273,0.005378409527468264,0.22049503565991704
2011-11-01,1231824,383776,114503,589386,772698,002602,CORN - CHICAGO BOARD OF TRADE ,654.25,0.14881346685890193,-183312,-0.5516226750177348,269273,0.3637072582534515,0.018233824051967426,0.022778403264034807,0.005378409527468264,0.00955292319449752,0.21906919869090913
2011-11-08,1267573,385553,112979,605161,806860,002602,CORN - CHICAGO BOARD OF TRADE ,660.5,0.159122196512548,-201699,-1.4926645364922262,272574,0.2679765940588915,0.0353656213328272,0.006621440549453195,0.00955292319449752,-0.022710068130204375,0.21795271202857622
2011-11-15,1318579,385203,123007,645358,835832,002602,CORN - CHICAGO BOARD OF TRADE ,645.5,0.1444539917593106,-190474,0.8855505757853788,262196,-0.8187299666370299,0.04669826288322228,0.020420692233525512,-0.022710068130204375,-0.07203718048024788,0.21684651283689887
2011-11-22,1298708,361609,133829,655433,788695,002602,CORN - CHICAGO BOARD OF TRADE ,599.0,0.10261121052615368,-133262,4.338913330183478,227780,-2.610082520652915,0.039616986859890534,0.0694658060140724,-0.07203718048024788,-0.0016694490818029983,0.21509298662196222
2011-11-29,1156942,291709,127401,612130,690977,002602,CORN - CHICAGO BOARD OF TRADE ,598.0,0.06815121242032876,-78847,4.18993337994376,164308,-4.887318781435088,0.10821904878110547,0.18211925270215457,-0.0016694490818029983,-0.02132107023411367,0.21215078089710723
2011-12-06,1146906,294147,148089,586959,644300,002602,CORN - CHICAGO BOARD OF TRADE ,585.25,0.04999625078254016,-57341,1.8588658722736315,146058,-1.5774343052633581,0.058353279042021214,0.05229334563445762,-0.02132107023411367,0.005553182400683365,0.2087189905984004
2011-12-13,1166155,299966,158008,596515,640160,002602,CORN - CHICAGO BOARD OF TRADE ,588.5,0.03742641415592267,-43645,1.1941693565122165,141958,-0.3574835252409526,0.01107485798613217,0.03436439623210051,0.005553182400683365,0.03143585386576042,0.20489244361339837
2011-12-20,1165319,290323,156046,588654,625141,002602,CORN - CHICAGO BOARD OF TRADE ,607.0,0.0313107398060102,-36487,0.6138120575738217,134277,-0.6586602981593356,0.01884997054692102,0.025998669262426378,0.03143585386576042,0.04324546952224062,0.20078339767894923
2011-12-27,1153978,293731,138924,578234,633727,002602,CORN - CHICAGO BOARD OF TRADE ,633.25,0.048088438427768984,-55493,-1.6309697173048754,154807,1.7617493579011414,0.015682022771359806,0.04745120245923426,0.04324546952224062,0.03987366758784061,0.19678900619465384
2012-01-03,1176009,308639,117910,579892,661571,002602,CORN - CHICAGO BOARD OF TRADE ,658.5,0.06945440043401029,-81679,-2.269194040094352,190729,3.112884301087196,0.023763897917215414,0.08421541253173727,0.03987366758784061,-0.009870918754745661,0.19356224577311992
2012-01-10,1211479,338493,115075,575641,689411,002602,CORN - CHICAGO BOARD OF TRADE ,652.0,0.09391000586885948,-113770,-2.7288056468955593,223418,2.779655597873826,0.025367336678650362,0.07207078100747848,-0.009870918754745661,-0.07361963190184051,0.1907006162522261
2012-01-17,1205421,333795,134867,560119,654271,002602,CORN - CHICAGO BOARD OF TRADE ,604.0,0.07810715094560323,-94152,1.6193429683882261,198928,-2.021496039138937,0.04171806421330874,0.052255143365581166,-0.07361963190184051,0.04346026490066235,0.18747064753992862
2012-01-24,1214461,329958,150504,566561,640638,002602,CORN - CHICAGO BOARD OF TRADE ,630.25,0.060995783314573296,-74077,1.6653932526478301,179454,-1.6155351532783981,0.016629404099903992,0.04053182145518272,0.04346026490066235,0.0138833796112654,0.1840584059342169
2012-01-31,1235541,344682,132518,578157,678269,002602,CORN - CHICAGO BOARD OF TRADE ,639.0,0.08102685382354774,-100112,-2.1437493670031396,212164,2.6933759091481737,0.03918018251771294,0.06854568315171836,0.0138833796112654,0.005086071987480345,0.1809715026566568
2012-02-07,1278749,362429,133841,585652,695794,002602,CORN - CHICAGO BOARD OF TRADE ,642.25,0.08613261867653464,-110142,-0.8117901388946219,228588,1.329296235414284,0.01952481805710112,0.038426662905273336,0.005086071987480345,-0.013623978201634857,0.17798361639020385
2012-02-14,1315896,363551,137710,611398,712531,002602,CORN - CHICAGO BOARD OF TRADE ,633.5,0.07685485783071003,-101133,0.7045166799739433,225841,-0.2148193273269422,0.032088578768196784,0.009956888726631436,-0.013623978201634857,-0.006314127861089203,0.1749018350834688
2012-02-21,1312513,349784,136139,609242,706707,002602,CORN - CHICAGO BOARD OF TRADE ,629.5,0.07425831210814673,-97465,0.27874543276976294,213645,-0.9268209645747081,0.006064064792784523,0.031564671768983976,-0.006314127861089203,0.038125496425734706,0.17179699855917924
2012-02-28,1281619,362404,113300,578248,715596,002602,CORN - CHICAGO BOARD OF TRADE ,653.5,0.10716757476285854,-137348,-3.0386746645557032,249104,2.701611336421049,0.03082519994682512,0.07454005011519768,0.038125496425734706,0.006885998469778221,0.16913074157503577
2012-03-06,1289545,374758,91866,567409,736496,002602,CORN - CHICAGO BOARD OF TRADE ,658.0,0.13112144205902082,-169087,-2.476477018521105,282892,2.636352925479413,0.02434149727165706,0.07240947743793719,0.006885998469778221,0.024316109422492405,0.16716056999050644
2012-03-13,1322339,382012,94585,575543,751089,002602,CORN - CHICAGO BOARD OF TRADE ,674.0,0.13275415759498888,-175546,-0.5008743393987802,287427,0.3516744278020542,0.01713135217603676,0.02092543595532494,0.024316109422492405,-0.03931750741839768,0.1657631447424675
2012-03-20,1324553,391254,79542,569311,770797,002602,CORN - CHICAGO BOARD OF TRADE ,647.5,0.15211622335988065,-201486,-1.9616754856356806,311712,1.836518472192078,0.019356648867106235,0.051582851171207915,-0.03931750741839768,-0.025868725868725906,0.16499949511874112
2012-03-27,1309002,364901,95768,579372,732874,002602,CORN - CHICAGO BOARD OF TRADE ,630.75,0.11726643656770577,-153502,3.622656096056556,269133,-3.2145939045096723,0.03656631454772962,0.09242862011552763,-0.025868725868725906,0.043598890210067465,0.16342976670592035
2012-04-03,1342159,354311,108445,614542,739801,002602,CORN - CHICAGO BOARD OF TRADE ,658.25,0.09332649857431198,-125259,2.1575979257480125,245866,-1.7774609970038244,0.031082967903994778,0.0502791968121429,0.043598890210067465,-0.035700721610330444,0.16130264013307566
2012-04-10,1349593,352306,113037,613431,724761,002602,CORN - CHICAGO BOARD OF TRADE ,634.75,0.0824915363372513,-111330,1.0378055059050382,239269,-0.49152149633538206,0.012069269581644488,0.014176639597028428,-0.035700721610330444,-0.028357621110673525,0.15872355485267342
2012-04-17,1355022,345654,135223,635407,719026,002602,CORN - CHICAGO BOARD OF TRADE ,616.75,0.061710437173713786,-83619,2.053285694279683,210431,-2.1367923514718883,0.020459483783989315,0.059969597215088266,-0.028357621110673525,0.002432103769760774,0.15540851699098768
2012-04-24,1309733,313627,166553,637005,659288,002602,CORN - CHICAGO BOARD OF TRADE ,618.25,0.01701339127898587,-22283,4.526568572318383,147074,-4.675717442226031,0.047316463176149216,0.1319442708984131,0.002432103769760774,0.06712494945410441,0.15073805903905554
2012-05-01,1225210,315523,163575,594906,636510,002602,CORN - CHICAGO BOARD OF TRADE ,659.75,0.03395662784339011,-41604,-1.4751861638975272,151948,0.3721369164554913,0.05268487659734809,0.010173283962780057,0.06712494945410441,0.009473285335354298,0.146430653035513
2012-05-08,1232904,307959,149387,606351,652075,002602,CORN - CHICAGO BOARD OF TRADE ,666.0,0.0370864235982688,-45724,-0.33626888451775616,158572,0.5406420123897128,0.021463320052192182,0.047561364918464355,0.009473285335354298,-0.10322822822822819,0.1423741577705852
2012-05-15,1232055,303486,178172,613664,621132,002602,CORN - CHICAGO BOARD OF TRADE ,597.25,0.006061417712683281,-7468,3.1029179887485157,125314,-2.6975336279223683,0.0309816358329635,0.06904899326908304,-0.10322822822822819,-0.0004185851820845965,0.13778821950718925
2012-05-22,1195041,287449,140758,599538,634647,002602,CORN - CHICAGO BOARD OF TRADE ,597.0,0.02937890833870972,-35109,-2.243487506645401,146691,1.7350686454744308,0.022396156167835454,0.12482514297991391,-0.0004185851820845965,-0.05778894472361806,0.13318908425507342
2012-05-29,1173286,261793,155142,614492,608565,002602,CORN - CHICAGO BOARD OF TRADE ,562.5,-0.005051624241659749,5927,3.433857081054123,106651,-3.350512660235088,0.0335519930796357,0.09603415400482089,-0.05778894472361806,0.008888888888888946,0.12779916800490795
2012-06-05,1178388,268436,174870,607968,597547,002602,CORN - CHICAGO BOARD OF TRADE ,567.5,-0.00884343696643211,10421,0.3830268152862985,93566,-1.1152438535872755,0.014551457261004633,0.059487126273950724,0.008888888888888946,0.029074889867841458,0.12249680366104126
2012-06-12,1157512,264059,169331,579544,569642,002602,CORN - CHICAGO BOARD OF TRADE ,584.0,-0.008554554941979002,9902,-0.04404321836271245,94728,0.09860928658472423,0.04901643424128035,0.02288008491197305,0.029074889867841458,0.048801369863013644,0.11735373611876426
2012-06-19,1117515,274943,169579,547808,554152,002602,CORN - CHICAGO BOARD OF TRADE ,612.5,0.005676881294658237,-6344,-1.4035275660209139,105364,0.9188673637940686,0.04285636502232386,0.025042630061054345,0.048801369863013644,0.0546938775510204,0.11287383550167568
2012-06-26,1057772,270196,142715,528475,578755,002602,CORN - CHICAGO BOARD OF TRADE ,646.0,0.047533873084180715,-50280,-3.9315803367292608,127481,1.9791233227294487,0.03968100575309556,0.07655644921060471,0.0546938775510204,0.11261609907120751,0.10980312664746963
2012-07-03,1036438,291962,109381,507058,623106,002602,CORN - CHICAGO BOARD OF TRADE ,718.75,0.11196810614817287,-116048,-6.217596986874298,182581,5.209062066305404,0.058193324154724446,0.13728905200788352,0.11261609907120751,0.058782608695652216,0.10851127795663136
2012-07-10,1088659,307576,112691,546109,676384,002602,CORN - CHICAGO BOARD OF TRADE ,761.0,0.1196655702106904,-130275,-1.3726822057855848,194885,1.1871428874664958,0.07552517683127838,0.045028517585249374,0.058782608695652216,0.02431011826544016,0.10722791430571567
2012-07-17,1154868,327620,108382,570757,734761,002602,CORN - CHICAGO BOARD OF TRADE ,779.5,0.14201103502737975,-164004,-3.098215327297161,219238,2.2369722750650114,0.0635954464051817,0.05585524837042032,0.02431011826544016,0.01347017318794097,0.10602404221950425
2012-07-24,1199304,361858,96883,571352,762459,002602,CORN - CHICAGO BOARD OF TRADE ,790.0,0.15934825532141975,-191107,-2.3468482978141223,264975,3.960366033174354,0.02121215074699489,0.09970113855094705,0.01347017318794097,0.020886075949366978,0.10522927917958522
2012-07-31,1190062,380846,99468,559556,768106,002602,CORN - CHICAGO BOARD OF TRADE ,806.5,0.1752429705343083,-208550,-1.4544269009358761,281378,1.3677099384309566,0.013138133048923596,0.044914368517261626,0.020886075949366978,-0.013019218846869185,0.10452653735061494
2012-08-07,1187048,389066,97753,550272,763720,002602,CORN - CHICAGO BOARD OF TRADE ,796.0,0.1798141271456588,-213448,-0.4115751952419286,291313,0.8348304542116294,0.010403411892918678,0.02040799557946588,-0.013019218846869185,-0.02041457286432158,0.1037472108037379
2012-08-14,1212846,406578,90481,540811,780437,002602,CORN - CHICAGO BOARD OF TRADE ,779.75,0.19757331103866443,-239626,-2.205302565692373,316097,2.087868392853532,0.019813085809779845,0.0498612840729169,-0.02041457286432158,0.06604680987496003,0.10311475944244844
2012-08-21,1256968,436022,92360,544303,812100,002602,CORN - CHICAGO BOARD OF TRADE ,831.25,0.2130499742236875,-267797,-2.3227186303949554,343662,2.272753507040465,0.025917813511176252,0.059280974749329085,0.06604680987496003,-0.050225563909774396,0.10294394658467036
2012-08-28,1210057,424556,87086,523180,791177,002602,CORN - CHICAGO BOARD OF TRADE ,789.5,0.22147469086167015,-267997,-0.015911304026832822,337470,-0.4926139726707442,0.03198978664092024,0.0327181896716845,-0.050225563909774396,0.02216592780240667,0.10268770299389182
2012-09-04,1178391,430977,82874,495467,772568,002602,CORN - CHICAGO BOARD OF TRADE ,807.0,0.23515199963339842,-277101,-0.7523612524038124,348103,0.8787189363806829,0.036530537406301876,0.020692768915502743,0.02216592780240667,-0.0306691449814126,0.10262256949798268
2012-09-11,1162740,418771,86826,487337,747807,002602,CORN - CHICAGO BOARD OF TRADE ,782.25,0.2240139670089616,-260470,1.4113312134936538,331945,-1.3711917351710936,0.026629283711049077,0.03195825924600027,-0.0306691449814126,-0.05401086609140304,0.10258804803361989
2012-09-18,1175247,422311,95424,491492,737392,002602,CORN - CHICAGO BOARD OF TRADE ,740.0,0.20923261237850427,-245900,1.2530746340540446,326887,-0.4350069663037308,0.011856285865875053,0.02344442620259399,-0.05401086609140304,0.0050675675675675436,0.10257560439571045
2012-09-25,1172897,406467,89434,497212,727704,002602,CORN - CHICAGO BOARD OF TRADE ,743.75,0.19651512451647501,-230492,1.3110435508450564,317033,-0.8384620424472473,0.01257882173144934,0.044028949326579296,0.0050675675675675436,0.019495798319327795,0.10301305281749026
2012-10-02,1206089,412821,94282,510007,743234,002602,CORN - CHICAGO BOARD OF TRADE ,758.25,0.19337461829102165,-233227,-0.23318330595099146,318539,0.12840002148526258,0.02260139909243314,0.022090186806230688,0.019495798319327795,-0.021430926475436873,0.10391626904746146
2012-10-09,1201847,408935,92069,501155,736451,002602,CORN - CHICAGO BOARD OF TRADE ,742.0,0.19577866400631694,-235296,-0.17154621259293468,316866,-0.13871281472594477,0.012633261312566358,0.012173555500554887,-0.021430926475436873,-0.0050539083557951114,0.10546842207196219
2012-10-16,1252825,422857,95804,525387,767934,002602,CORN - CHICAGO BOARD OF TRADE ,738.25,0.19360006385568615,-242547,-0.6033213878305641,327053,0.8476120504523454,0.04307901905250128,0.034043431065763574,-0.0050539083557951114,0.0240433457500846,0.10683436402236593
2012-10-23,1278961,433003,99344,522345,772869,002602,CORN - CHICAGO BOARD OF TRADE ,756.0,0.19588087517914932,-250524,-0.6367210105162333,333659,0.527288328377866,0.006158827807605538,0.025708795203128788,0.0240433457500846,-0.02414021164021163,0.10781965544352255
2012-10-30,1279243,411922,103291,530750,757263,002602,CORN - CHICAGO BOARD OF TRADE ,737.75,0.17706800037209505,-226513,1.8773832822111074,308631,-1.9569009531956016,0.018641892589593426,0.04857796678267047,-0.02414021164021163,0.004405286343612369,0.10836301185723782
2012-11-06,1286309,411787,106979,546263,769135,002602,CORN - CHICAGO BOARD OF TRADE ,741.0,0.1732647443188223,-222872,0.28462145190554106,304808,-0.2988486159392703,0.02081879400759314,0.007369411256713046,0.004405286343612369,-0.023616734143049878,0.10863498393043539
2012-11-13,1294574,394123,117964,563392,757909,002602,CORN - CHICAGO BOARD OF TRADE ,723.5,0.1502556053188153,-194517,2.2043692456478183,276159,-2.227225340101018,0.02145990958910952,0.05594557174855054,-0.023616734143049878,0.027297857636489287,0.10874655342196433
2012-11-20,1301506,408558,94549,552079,787976,002602,CORN - CHICAGO BOARD OF TRADE ,743.25,0.18124926047209924,-235897,-3.1964182812261024,314009,2.923741709628032,0.030879329579756056,0.07523250521260885,0.027297857636489287,0.02253615876219306,0.11025882361323253
2012-11-27,1240603,393687,63301,528084,788080,002602,CORN - CHICAGO BOARD OF TRADE ,760.0,0.2095722805764616,-259996,-1.851624195355227,330386,1.25831152526381,0.018310028233563598,0.10091949898027958,0.02253615876219306,-0.017763157894736814,0.11297845953931199
2012-12-04,1203365,427726,68453,489624,777938,002602,CORN - CHICAGO BOARD OF TRADE ,746.5,0.23958981688847522,-288314,-2.282599671288881,359273,2.3284644644580093,0.03834289762552049,0.0789856080164618,-0.017763157894736814,-0.029805760214333565,0.11662448965673383
2012-12-11,1193445,403691,81081,500044,755065,002602,CORN - CHICAGO BOARD OF TRADE ,724.25,0.21368475296306072,-255021,2.7666584951365545,322610,-3.0467065271135527,0.02652598300227311,0.07562936803280718,-0.029805760214333565,-0.005868139454608179,0.12001407309533264
2012-12-18,1153532,387121,102754,485210,703692,002602,CORN - CHICAGO BOARD OF TRADE ,720.0,0.18940263469067178,-218482,3.061640879973522,284367,-3.2044208153706286,0.05568751671710536,0.07806685378923195,-0.005868139454608179,-0.04340277777777779,0.12305430184311458
2013-01-08,1148434,345549,124689,504231,655252,002602,CORN - CHICAGO BOARD OF TRADE ,688.75,0.13150167967858842,-151021,5.8482122732616,220860,-5.5054389475107754,0.058181965582936535,0.13505288811197733,-0.04340277777777779,0.060617059891107106,0.12465840263639957
2013-01-15,1192286,366755,138092,513878,672856,002602,CORN - CHICAGO BOARD OF TRADE ,730.5,0.13333881300292044,-158978,-0.6928565333314757,228663,0.6794469686547072,0.022963022884656546,0.06855344292429191,0.060617059891107106,-0.002737850787132068,0.12588694903195552
2013-01-22,1194796,361027,128830,512338,674397,002602,CORN - CHICAGO BOARD OF TRADE ,728.5,0.13563738077462595,-162059,-0.25841115302871964,232197,0.2964053926658537,0.002596198814394115,0.030600767162661757,-0.002737850787132068,0.0013726835964309458,0.1266893985493741
2013-01-29,1223428,375850,132255,516449,683642,002602,CORN - CHICAGO BOARD OF TRADE ,729.5,0.13665945196611487,-167193,-0.4296967850578677,243595,0.9539703849025274,0.011129156039000375,0.035913836706979854,0.0013726835964309458,-0.0006854009595613775,0.12781540433823013
2013-02-05,1282117,395267,140575,539613,713937,002602,CORN - CHICAGO BOARD OF TRADE ,729.0,0.13596575039563472,-174324,-0.5828704263757246,254692,0.9070415259418617,0.04264608511826413,0.05176339294045633,-0.0006854009595613775,-0.04492455418381347,0.12925713447440437
2013-02-12,1291268,371106,153870,577595,709648,002602,CORN - CHICAGO BOARD OF TRADE ,696.25,0.10226614459585462,-132053,3.296968997369195,217236,-2.9214182481006024,0.0328383995873351,0.07134802352869464,-0.04492455418381347,-0.0014362657091562259,0.12966558237387182
2013-02-19,1313307,363706,184192,593728,687784,002602,CORN - CHICAGO BOARD OF TRADE ,695.25,0.07161767964383042,-94056,2.9426114485916166,179514,-2.921314552827144,0.029650132031537747,0.06884858130527945,-0.0014362657091562259,0.014023732470334505,0.1293864489309352
2013-02-26,1242545,334634,196001,559523,622992,002602,CORN - CHICAGO BOARD OF TRADE ,705.0,0.05107984016675452,-63469,2.3290060892083875,138633,-3.1128289120517896,0.08371733128120996,0.0770416576366052,0.014023732470334505,0.038297872340425476,0.12889077551432065
2013-03-05,1204304,350876,191102,516008,598721,002602,CORN - CHICAGO BOARD OF TRADE ,732.0,0.06868116356003136,-82713,-1.5487567854685345,159774,1.7014273124917003,0.060809398517487206,0.039007118370118346,0.038297872340425476,0.012295081967213184,0.12878352265762613
2013-03-12,1224316,354884,177252,523317,621835,002602,CORN - CHICAGO BOARD OF TRADE ,741.0,0.08046778772800486,-98518,-1.3123762770861842,177632,1.4828481845115518,0.02656677890795283,0.03355909015740337,0.012295081967213184,-0.01686909581646423,0.12827006521464818
2013-03-19,1290733,396379,166138,543892,695608,002602,CORN - CHICAGO BOARD OF TRADE ,728.5,0.117542512665284,-151716,-4.345120050705863,230241,4.297011555840159,0.07611778943122227,0.09352428459939878,-0.01686909581646423,0.0024021962937543773,0.12800893195707633
2013-03-26,1330486,440854,167356,552896,741334,002602,CORN - CHICAGO BOARD OF TRADE ,730.25,0.14163095289991778,-188438,-2.845050060701942,273498,3.351351518865637,0.04228769229580523,0.07512701205175844,0.0024021962937543773,-0.12290311537144816,0.1281796395590942
2013-04-02,1315116,383687,183391,568405,690151,002602,CORN - CHICAGO BOARD OF TRADE ,640.5,0.09257434325185003,-121746,5.012604416731931,200296,-5.5018993059678944,0.052990887970022785,0.12908629853388776,-0.12290311537144816,0.005854800936768045,0.12703460340317052
2013-04-09,1297225,345864,197179,578975,639106,002602,CORN - CHICAGO BOARD OF TRADE ,644.25,0.046353562412071926,-60131,4.685138041054934,148685,-3.9244446877689874,0.05058366397636939,0.09504035592024941,0.005854800936768045,0.02949165696546374,0.12567089428479294
2013-04-16,1280221,346076,201495,566663,620682,002602,CORN - CHICAGO BOARD OF TRADE ,663.25,0.04219505850942923,-54019,0.47115959066468804,144581,-0.3163676309044306,0.02588632621521125,0.008269247275695755,0.02949165696546374,-0.03731624575951753,0.12468759736046828
2013-04-23,1250211,333099,215139,563025,600673,002602,CORN - CHICAGO BOARD OF TRADE ,638.5,0.030113316872111988,-37648,1.2787635884741775,117960,-2.079406602453795,0.020320564270111318,0.04855737836487073,-0.03731624575951753,0.07008613938919339,0.1236803239092156
2013-04-30,1156343,335488,209177,521231,571984,002602,CORN - CHICAGO BOARD OF TRADE ,683.25,0.043890956230115116,-50753,-1.0482230599474809,126311,0.6679672471286846,0.06447313657423288,0.015332360258140325,0.07008613938919339,-0.009879253567508184,0.12333764158337718
2013-05-07,1143527,336821,204395,512025,561611,002602,CORN - CHICAGO BOARD OF TRADE ,676.5,0.043362334251836644,-49586,0.10092161235896269,132426,0.5288223303985063,0.018236161976684834,0.011298631230414474,-0.009879253567508184,0.04471544715447151,0.12384435202516277
2013-05-14,1144874,351520,209247,503533,548682,002602,CORN - CHICAGO BOARD OF TRADE ,706.75,0.03943578070599909,-45149,0.38801007759327066,142273,0.8611077832005716,0.020358006681144063,0.03486474774728185,0.04471544715447151,-0.09444640962150685,0.12394972034944371
2013-05-21,1176120,359543,236433,507940,535643,002602,CORN - CHICAGO BOARD OF TRADE ,640.0,0.023554569261639968,-27703,1.5238358107529737,123110,-1.6738086461916335,0.01671740532377396,0.05907788233083212,-0.09444640962150685,0.04140625000000009,0.12368949238143159
2013-05-28,1181497,376874,224375,500020,554557,002602,CORN - CHICAGO BOARD OF TRADE ,666.5,0.046159236968016,-54537,-2.281569907832534,152499,2.498809645274292,0.02544527331811712,0.04887991497698957,0.04140625000000009,-0.009002250562640701,0.124460604290188
2013-06-04,1179731,368272,232450,516097,557162,002602,CORN - CHICAGO BOARD OF TRADE ,660.5,0.03480878268011945,-41065,1.1402483459543276,135822,-1.4115143754067934,0.01740679556379215,0.027761593549095923,-0.009002250562640701,-0.0015140045420136694,0.12456502495059975
2013-06-11,1217400,366680,233980,528322,566577,002602,CORN - CHICAGO BOARD OF TRADE ,659.5,0.0314235255462461,-38255,0.23818989244158204,132700,-0.26463659936036266,0.019764380093506343,0.005197615955781974,-0.0015140045420136694,0.020849128127369276,0.1252664701388287
2013-06-18,1239198,359000,243413,535565,559775,002602,CORN - CHICAGO BOARD OF TRADE ,673.25,0.019536829465509144,-24210,1.1536881879415146,115587,-1.4057006735666173,0.01282250260193182,0.028407421486588105,0.020849128127369276,-0.024507983661344213,0.1258122444932891
2013-06-25,1155457,358935,250417,506531,531225,002602,CORN - CHICAGO BOARD OF TRADE ,656.75,0.02137163044578898,-24694,-0.03905751946016698,108518,-0.570449597239505,0.055488958868944144,0.01160084811406215,-0.024507983661344213,0.024362390559573566,0.1263877480584385
2013-07-02,1109480,323728,291454,520210,456562,002602,CORN - CHICAGO BOARD OF TRADE ,672.75,-0.05736741536575693,63648,7.645632853494331,32274,-6.598601246087046,0.09044280548582474,0.12393730635811841,0.024362390559573566,0.046451133407655165,0.1251753577380459
2013-07-09,1119889,324534,327980,524029,435118,002602,CORN - CHICAGO BOARD OF TRADE ,704.0,-0.07939268981122236,88911,2.277012654576919,-3446,-3.219526264556369,0.026339028324125498,0.05721256555414903,0.046451133407655165,-0.22549715909090906,0.12273446229774967
2013-07-16,1114755,324046,320659,529450,437948,002602,CORN - CHICAGO BOARD OF TRADE ,545.25,-0.08208261008024184,91502,0.23136221536241539,3387,0.6101497559133092,0.00852906456287898,0.01211251657734933,-0.22549715909090906,-0.04172397982576803,0.11900271775489556
2013-07-23,1168749,335422,365332,554736,437443,002602,CORN - CHICAGO BOARD OF TRADE ,522.5,-0.1003577329264025,117293,2.3136025404685334,-29910,-2.9869343488031,0.02599430143149573,0.07998384597162485,-0.04172397982576803,-0.05167464114832532,0.11477150038687453
2013-07-30,1169039,328465,386890,562166,420527,002602,CORN - CHICAGO BOARD OF TRADE ,495.5,-0.12115849000760454,141639,2.0830819962198897,-58425,-2.439788183775986,0.02477477706669326,0.039861327592593886,-0.05167464114832532,-0.04692230070635717,0.10971054798235559
2013-08-06,1177978,350021,406919,553323,403451,002602,CORN - CHICAGO BOARD OF TRADE ,472.25,-0.12722818252972468,149872,0.7042536647622534,-56898,0.13062010762686274,0.027089991993929603,0.05493830422490554,-0.04692230070635717,-0.03599788247750135,0.10419946263906435
2013-08-13,1206286,353903,412785,562786,421166,002602,CORN - CHICAGO BOARD OF TRADE ,455.25,-0.11740167754578931,141620,-0.7005224206224564,-58882,-0.1684241980750065,0.027621266078020065,0.01271442881589382,-0.03599788247750135,0.06260296540362442,0.09857168094521633
2013-08-20,1199310,346548,388474,574119,454284,002602,CORN - CHICAGO BOARD OF TRADE ,483.75,-0.09991995397353479,119835,-1.8059564647189805,-41926,1.4056368058652757,0.04322332781993051,0.043081703676896746,0.06260296540362442,0.03307493540051687,0.09319217938523185
2013-08-27,1090214,310942,342715,537659,428661,002602,CORN - CHICAGO BOARD OF TRADE ,499.75,-0.09997853632406115,108998,-0.9036029050037104,-31773,0.8465701111472429,0.06424683334713138,0.12447659858304891,0.03307493540051687,-0.0035017508754376925,0.08747002847441018
2013-09-03,1071732,317390,355658,523369,408266,002602,CORN - CHICAGO BOARD OF TRADE ,498.0,-0.10739905125535115,115103,0.5599818017380074,-38268,-0.5957545949694281,0.03723024575075003,0.028810723752243524,-0.0035017508754376925,-0.04668674698795183,0.08130754721519791
2013-09-10,1084845,324624,368344,523065,397354,002602,CORN - CHICAGO BOARD OF TRADE ,474.75,-0.11587922698634368,125711,0.9897996887281522,-43720,-0.5087092668689561,0.012185754531360175,0.028745916117338753,-0.04668674698795183,-0.043707214323328025,0.07481997187196686
2013-09-17,1124419,344736,419542,540362,382302,002602,CORN - CHICAGO BOARD OF TRADE ,454.0,-0.14057037456677626,158060,2.9819006401836208,-74806,-2.865478478492319,0.035060433700675436,0.09330374549574894,-0.043707214323328025,-0.01156387665198233,0.06759454159888659
2013-09-24,1147298,335940,438216,564876,373717,002602,CORN - CHICAGO BOARD OF TRADE ,448.75,-0.16661669418058778,191159,2.9436535668643096,-102276,-2.44303947194062,0.035264486310893,0.03548380429784178,-0.01156387665198233,-0.021727019498607225,0.06008241349908756
2013-10-01,1182752,340932,456152,578115,371593,002602,CORN - CHICAGO BOARD OF TRADE ,439.0,-0.17461141473444983,206522,1.3390592505173025,-115220,-1.1282160345437715,0.01617655110834067,0.028764847870487928,-0.021727019498607225,0.006264236902050024,0.05270079759306922
2013-10-08,1215467,336580,460681,587453,374216,002602,CORN - CHICAGO BOARD OF TRADE ,441.75,-0.17543627264253164,213237,0.5677437028218933,-124101,-0.7508759232704743,0.012437751450863031,0.011139388481312896,0.006264236902050024,0.003961516694963141,0.04554788610924217
2013-10-15,1237489,344347,473407,599076,382311,002602,CORN - CHICAGO BOARD OF TRADE ,443.5,-0.17516519338757758,216765,0.29025880587461445,-129060,-0.4079913317268178,0.020091971872462137,0.02506010364975286,0.003961516694963141,-0.01183765501691092,0.03846058203849988
2013-10-22,1284218,354612,480407,616612,393704,002602,CORN - CHICAGO BOARD OF TRADE ,438.25,-0.1735748914903856,222908,0.49640845292362196,-125795,0.26384072908930906,0.028633615621251173,0.0206761762307205,-0.01183765501691092,-0.01426126640045633,0.03135762904817867
2013-10-29,1321037,357962,493216,637230,410669,002602,CORN - CHICAGO BOARD OF TRADE ,432.0,-0.1715023878967811,226561,0.28445326260806186,-135254,-0.7365571888884909,0.03586509768594111,0.018984278259071546,-0.01426126640045633,-0.01620370370370372,0.024336428052938914
2013-11-05,1332836,370306,488644,645170,432892,002602,CORN - CHICAGO BOARD OF TRADE ,425.0,-0.15926790692928464,212278,-1.0811960603677264,-118338,1.2805091757460239,0.027978910303860075,0.01969381221258513,-0.01620370370370372,0.017058823529411793,0.017506643781622876
2013-11-12,1371072,383398,454532,642483,482846,002602,CORN - CHICAGO BOARD OF TRADE ,432.25,-0.11643225155207021,159637,-3.949548181471689,-71134,3.5416210246421915,0.04677831994021304,0.056334061317771175,0.017058823529411793,-0.03354540196645461,0.011862408167696622
2013-11-19,1386379,386258,456757,653518,495408,002602,CORN - CHICAGO BOARD OF TRADE ,417.75,-0.11404529353084546,158110,-0.111372706903795,-70499,0.04631412500583485,0.020538311431719712,0.006031921140193235,-0.03354540196645461,0.0017953321364452268,0.006337215132126086
2013-11-26,1232930,310512,420579,616642,413653,002602,CORN - CHICAGO BOARD OF TRADE ,418.5,-0.1646395172475323,202989,3.237137896635769,-110067,-2.8540536173730273,0.11514275037731912,0.1530917491803346,0.0017953321364452268,0.008363201911588902,0.0002815396981578638
2013-12-03,1199036,314950,414372,587191,397689,002602,CORN - CHICAGO BOARD OF TRADE ,422.0,-0.15804529638809844,189502,-1.0938982748412318,-99422,0.8633904601234458,0.04611221671675737,0.014595747831547656,0.008363201911588902,0.013033175355450233,-0.006243355626076707
2013-12-10,1199525,314147,394706,586692,417721,002602,CORN - CHICAGO BOARD OF TRADE ,427.5,-0.14086492569975614,168971,-1.7122922080738192,-80559,1.5731804549654889,0.020440794772668216,0.028876226805839858,0.013033175355450233,-0.0017543859649122862,-0.012982532669850127
2013-12-17,1194658,316125,400886,578694,404969,002602,CORN - CHICAGO BOARD OF TRADE ,426.75,-0.14541818662746994,173725,0.3963235447364582,-84761,-0.3503053291928055,0.021094622853558585,0.011377789183150607,-0.0017543859649122862,0.018160515524311638,-0.020386532737464456
2013-12-24,1178132,312715,389758,573768,398808,002602,CORN - CHICAGO BOARD OF TRADE ,434.5,-0.14850627943218586,174960,0.10337686601521105,-77043,0.6460426331217805,0.011399623268515777,0.020695457334303242,0.018160515524311638,-0.028768699654775576,-0.02735174489891151
2013-12-31,1202945,308845,401720,595243,402209,002602,CORN - CHICAGO BOARD OF TRADE ,422.0,-0.16046785181367393,193034,1.534123510778079,-92875,-1.343822254212601,0.024939545963114016,0.022280861004974915,-0.028768699654775576,0.009478672985782088,-0.03408002348553354
2014-01-07,1223592,312840,406805,596846,402123,002602,CORN - CHICAGO BOARD OF TRADE ,426.0,-0.15914046512236105,194723,0.14040542169425868,-93965,-0.09061095893827233,0.001690743156194036,0.012617332156827324,0.009478672985782088,0.012910798122065748,-0.03966929550093641
2014-01-14,1280203,332372,398586,644700,469178,002602,CORN - CHICAGO BOARD OF TRADE ,431.5,-0.13710481853268583,175522,-1.5692322277360429,-66214,2.2679945602782627,0.10316120795993816,0.03796524560918685,0.012910798122065748,-0.015063731170335992,-0.04487013456892885
2014-01-21,1310544,327982,393173,654084,477026,002602,CORN - CHICAGO BOARD OF TRADE ,425.0,-0.135102674919728,177058,0.11998097176775871,-65191,0.07990920190001116,0.015234592568362052,0.013593471583778799,-0.015063731170335992,0.016470588235294015,-0.05007667410151257
2014-01-28,1315853,324400,379982,664843,497239,002602,CORN - CHICAGO BOARD OF TRADE ,432.0,-0.1273728904368497,167604,-0.72137982395097,-55582,0.7332069735926455,0.026652163960890884,0.0238123631779347,0.016470588235294015,0.02256944444444442,-0.055154219147723435
2014-02-04,1319044,340871,342164,646041,529309,002602,CORN - CHICAGO BOARD OF TRADE ,441.75,-0.08849742692434824,116732,-3.866085345399524,-1293,4.125764808075067,0.04328242651125197,0.07948201775897282,0.02256944444444442,-0.0005659309564233217,-0.05947081871156926
2014-02-11,1346960,347214,311803,649612,566489,002602,CORN - CHICAGO BOARD OF TRADE ,441.5,-0.06171155787848191,83123,-2.54798172009425,35411,2.7826213530405353,0.03350955224936087,0.055695073116474994,-0.0005659309564233217,0.018120045300113352,-0.06262423606684496
2014-02-18,1385213,352188,298684,671428,612843,002602,CORN - CHICAGO BOARD OF TRADE ,449.5,-0.04229313470202777,58585,-1.8217318999821823,53504,1.343247015501574,0.053080697142581276,0.02779809240526555,0.018120045300113352,0.013904338153504003,-0.06481482865041915
2014-02-25,1343281,379378,253208,620061,627274,002602,CORN - CHICAGO BOARD OF TRADE ,455.75,0.005369688099511569,-7213,-4.750027613081887,126170,5.245835838964838,0.052750864843847084,0.1148713376521137,0.013904338153504003,0.046077893582007645,-0.06569387003632766
2014-03-04,1300945,400623,202043,579943,662506,002602,CORN - CHICAGO BOARD OF TRADE ,476.75,0.06346386665078078,-82563,-5.609399671401591,198580,5.390532584023744,0.060646352486098024,0.12014946919189069,0.046077893582007645,0.002621919244887305,-0.06579420266919787
2014-03-11,1314774,422097,187193,589301,704100,002602,CORN - CHICAGO BOARD OF TRADE ,478.0,0.08731462593571214,-114799,-2.47789107149034,234904,2.7921241866489357,0.03939381522049233,0.05961693118219567,0.002621919244887305,0.01725941422594146,-0.06566253270366504
2014-03-18,1328078,416760,174409,598302,715546,002602,CORN - CHICAGO BOARD OF TRADE ,486.25,0.08828095940148094,-117244,-0.1859635192055821,242351,0.5664091319116441,0.015562683050094075,0.030652825165054326,0.01725941422594146,0.0005141388174807471,-0.0662252548818151
2014-03-25,1330028,420830,162203,585731,716454,002602,CORN - CHICAGO BOARD OF TRADE ,486.5,0.09828590074795418,-130723,-1.0149253281810255,258627,1.225530428182682,0.010351063788939359,0.02791608708254936,0.0005141388174807471,0.043165467625899234,-0.06705881357704517
2014-04-01,1362869,434977,126314,595458,781769,002602,CORN - CHICAGO BOARD OF TRADE ,507.5,0.13670499512425627,-186311,-4.179460883530271,308663,3.762026062609208,0.05448774965927912,0.08914449011297171,0.043165467625899234,-0.0009852216748768017,-0.06621014719488351
2014-04-08,1397218,446529,128267,598323,791976,002602,CORN - CHICAGO BOARD OF TRADE ,507.0,0.1385989874164232,-193653,-0.538716487057817,318262,0.7043230127033486,0.009402294038908177,0.023495292242813104,-0.0009852216748768017,-0.0064102564102563875,-0.0644361967140306
2014-04-15,1412403,442521,134703,609980,790506,002602,CORN - CHICAGO BOARD OF TRADE ,503.75,0.12781479506911272,-180526,0.939509797325829,307818,-0.747485360194329,0.009373174740768563,0.018093495765941818,-0.0064102564102563875,-0.01488833746898266,-0.06278966331865207
2014-04-22,1392699,427994,137847,599155,756260,002602,CORN - CHICAGO BOARD OF TRADE ,496.25,0.11280614116905376,-157105,1.6582377692485786,290147,-1.2511301661069822,0.03325254626811715,0.03122962104195348,-0.01488833746898266,0.039294710327455906,-0.061199416697557046
2014-04-29,1364293,450285,127936,581932,772370,002602,CORN - CHICAGO BOARD OF TRADE ,515.75,0.13958731738710087,-190438,-2.393410205651042,322349,2.312200985281098,0.024612678708294013,0.05569150895591824,0.039294710327455906,-0.005332040717401787,-0.0593591020599227
2014-05-06,1349953,451148,125878,574906,764698,002602,CORN - CHICAGO BOARD OF TRADE ,513.0,0.1405915613358391,-189792,0.04735053247359621,325270,0.21410356866157051,0.010971899158258708,0.005062163576684586,-0.005332040717401787,-0.01900584795321636,-0.057489309231384185
2014-05-13,1342203,453043,140762,580544,758257,002602,CORN - CHICAGO BOARD OF TRADE ,503.25,0.13240396571904547,-177713,0.8947718920584642,312281,-0.9621816463239832,0.009022252000110547,0.028256750953595876,-0.01900584795321636,-0.05911574764033778,-0.05570145951959483
2014-05-20,1322910,408808,153813,593863,713239,002602,CORN - CHICAGO BOARD OF TRADE ,473.5,0.09023743111776311,-119376,4.346361913957874,254995,-4.2680578124173465,0.04463079392426911,0.10181987519129218,-0.05911574764033778,-0.007919746568109787,-0.05441909679159247
2014-05-27,1332710,408513,187205,609720,689831,002602,CORN - CHICAGO BOARD OF TRADE ,469.75,0.06011135205708669,-80111,2.9680779493691936,221308,-2.546431730049663,0.03021428170191089,0.05654856828230807,-0.007919746568109787,-0.02448110697179351,-0.05415078688603341
2014-06-03,1357565,422981,205090,605599,680744,002602,CORN - CHICAGO BOARD OF TRADE ,458.25,0.05535278237137817,-75145,0.37262420181434824,217891,-0.25639486459920013,0.010267867901485062,0.05151169214945444,-0.02448110697179351,-0.02782324058919805,-0.05375570996889382
2014-06-10,1397425,420336,235582,626153,671346,002602,CORN - CHICAGO BOARD OF TRADE ,445.5,0.03234019714832639,-45193,2.206303197268639,184754,-2.4409144313531947,0.023084410855037266,0.05052003451650969,-0.02782324058919805,-0.015151515151515138,-0.05373808166885382
2014-06-17,1406180,427806,252904,625999,659521,002602,CORN - CHICAGO BOARD OF TRADE ,438.75,0.02383905332176535,-33522,0.8351789899279032,174902,-0.7050110023793764,0.009318408115004045,0.036420795933657504,-0.015151515151515138,0.009686609686609726,-0.05365534659469505
2014-06-24,1362700,422235,284618,619263,623122,002602,CORN - CHICAGO BOARD OF TRADE ,443.0,0.0028318778894841122,-3859,2.109473893811603,137617,-2.6515097640415877,0.03471951126261183,0.05274788393060509,0.009686609686609726,-0.045711060948081306,-0.05401188029770091
2014-07-01,1281647,413772,293291,585432,582915,002602,CORN - CHICAGO BOARD OF TRADE ,422.75,-0.0019638792896952127,2517,0.46789462097306816,120481,-1.2575034857268657,0.06336987213558985,0.024235464166559414,-0.045711060948081306,-0.0342992312241277,-0.052946427680853565
2014-07-08,1306608,427939,304247,600025,589813,002602,CORN - CHICAGO BOARD OF TRADE ,408.25,-0.007815657029499283,10212,0.6003993299246985,123692,0.2505370043389482,0.01806212274275994,0.034312319547218875,-0.0342992312241277,-0.08389467238211878,-0.05156994628120505
2014-07-15,1328646,425458,321736,603715,575613,002602,CORN - CHICAGO BOARD OF TRADE ,374.0,-0.021150855833683313,28102,1.3691941270832568,103722,-1.5283849478956197,0.015169655939653769,0.02672666001065319,-0.08389467238211878,-0.03676470588235292,-0.05039818177646353
2014-07-22,1341446,428526,342142,613208,570956,002602,CORN - CHICAGO BOARD OF TRADE ,360.25,-0.0314973543474728,42252,1.0649939863590452,86384,-1.3049375078087015,0.01194935836590202,0.030459289862820305,-0.03676470588235292,0.00346981263011803,-0.049073943726868734
2014-07-29,1383027,436737,370957,625549,567815,002602,CORN - CHICAGO BOARD OF TRADE ,361.5,-0.04174466586697151,57734,1.1541277099488165,65780,-1.5359544849364044,0.01297340962187564,0.045841618236609406,0.00346981263011803,-0.014522821576763434,-0.047546754801087325
2014-08-05,1378305,458411,381306,606724,559798,002602,CORN - CHICAGO BOARD OF TRADE ,356.25,-0.034046165398805055,46926,-0.7814742589985589,77105,0.8188560310102406,0.02301028184637752,0.03813546706807174,-0.014522821576763434,0.006315789473684275,-0.04575479293318503
2014-08-12,1351181,464809,394179,600927,554028,002602,CORN - CHICAGO BOARD OF TRADE ,358.5,-0.03470963549665071,46899,-0.001958927813510072,70630,-0.46977991083250803,0.010015108813763307,0.022434539248511038,0.006315789473684275,0.01115760111576014,-0.04416456135531698
2014-08-19,1321013,463758,384801,584705,539377,002602,CORN - CHICAGO BOARD OF TRADE ,362.5,-0.03431306126434789,45328,-0.11626865682687959,78957,0.6162756877131932,0.027465078170453756,0.012290247348740629,0.01115760111576014,-0.017931034482758568,-0.04290289034167876
2014-08-26,1254162,451689,384380,549947,492315,002602,CORN - CHICAGO BOARD OF TRADE ,356.0,-0.04595259623557403,57632,0.9314064282486243,67309,-0.8817475679648875,0.07850233434587464,0.014938958387405825,-0.017931034482758568,-0.000702247191011196,-0.04186392995536171
2014-09-02,1218838,458545,379818,531154,476642,002602,CORN - CHICAGO BOARD OF TRADE ,355.75,-0.044724565528806944,54512,-0.24877168978170283,78727,0.9104087031818855,0.03419938162088359,0.013619398756863077,-0.000702247191011196,-0.05481377371749829,-0.040658651383697404
2014-09-09,1229772,452420,382164,535793,471387,002602,CORN - CHICAGO BOARD OF TRADE ,336.25,-0.05237230966390518,64406,0.8117567716136189,70256,-0.6950062272426689,0.00982346750332612,0.010149966929632008,-0.05481377371749829,0.02230483271375472,-0.03943736451211204
2014-09-16,1255744,465677,383926,534895,484611,002602,CORN - CHICAGO BOARD OF TRADE ,343.75,-0.040043193517149994,50284,-1.1483429448710818,81751,0.934726111832112,0.013851806659303623,0.017677668275653452,0.02230483271375472,-0.05309090909090908,-0.03750414949192692
2014-09-23,1277325,463639,377927,539671,492413,002602,CORN - CHICAGO BOARD OF TRADE ,325.5,-0.03699763176951833,47258,-0.24097268233015645,85712,0.3154305336119464,0.012186992531615645,0.009550053115263687,-0.05309090909090908,-0.014592933947772613,-0.03501147521479097
2014-09-30,1285167,468899,372005,530888,493088,002602,CORN - CHICAGO BOARD OF TRADE ,320.75,-0.02941251992931658,37800,-0.7404536825005382,96894,0.8754232478030258,0.009236544606514215,0.013297594017866487,-0.014592933947772613,0.061574434918160614,-0.032219188776230714
2014-10-07,1297802,457378,370865,547908,514810,002602,CORN - CHICAGO BOARD OF TRADE ,340.5,-0.025503119890399308,33098,-0.3658668484329274,86513,-0.8077549454662313,0.03645557899649766,0.015286576524039442,0.061574434918160614,0.048458149779735615,-0.029335858915612793
2014-10-14,1298144,445281,341514,552368,525054,002602,CORN - CHICAGO BOARD OF TRADE ,357.0,-0.0210408090319718,27314,-0.4456766132275956,103767,1.3294786107588061,0.0136473916441283,0.05267954168493699,0.048458149779735615,-0.0028011204481792618,-0.026371928447235755
2014-10-21,1295544,438041,311721,556118,549881,002602,CORN - CHICAGO BOARD OF TRADE ,356.0,-0.004814193883032919,6237,-1.6236257302733748,126320,1.7373265215569305,0.02583817887719609,0.04939300738100891,-0.0028011204481792618,0.023876404494381998,-0.023126530416325123
2014-10-28,1271020,433894,278554,554120,572857,002602,CORN - CHICAGO BOARD OF TRADE ,364.5,0.014741703513713395,-18737,-1.9276844321767534,155340,2.239985673971706,0.022160168308670007,0.05237434872439813,0.023876404494381998,0.0,-0.019544913273815617
2014-11-04,1304861,450036,262409,572287,613024,002602,CORN - CHICAGO BOARD OF TRADE ,364.5,0.031219417240610302,-40737,-1.7308932982958567,187627,2.5402432691853787,0.049214088116958335,0.04531858599611198,0.0,0.025377229080932873,-0.015881695501317638
2014-11-11,1328322,451884,241492,559808,626671,002602,CORN - CHICAGO BOARD OF TRADE ,373.75,0.05033643950789041,-66863,-2.0022055989105354,210392,1.7446302709637274,0.022019774475570155,0.03283211417758907,0.025377229080932873,-0.00468227424749168,-0.012674605288626085
2014-11-18,1335969,460608,238080,575495,661017,002602,CORN - CHICAGO BOARD OF TRADE ,372.0,0.06401495843092167,-85522,-1.4047045821720938,222528,0.9136338929867909,0.04046301208560855,0.017369698635156177,-0.00468227424749168,0.006048387096774244,-0.009250369673976718
2014-11-25,1217636,428813,183714,530424,639670,002602,CORN - CHICAGO BOARD OF TRADE ,374.25,0.08971975204412484,-109246,-1.7757897076953133,245099,1.6894853099136284,0.05676296092450692,0.14066481967325523,0.006048387096774244,-0.01736806947227787,-0.0043588452645217735
2014-12-02,1192166,424826,184687,526598,624447,002602,CORN - CHICAGO BOARD OF TRADE ,367.75,0.08207665710983202,-97849,0.9359940080615226,240139,-0.4073466947429281,0.01654930954046106,0.008137644316035917,-0.01736806947227787,0.041468388851121585,0.0002588846104384275
2014-12-09,1209237,437486,171874,527936,664078,002602,CORN - CHICAGO BOARD OF TRADE ,383.0,0.1125850432958965,-136142,-3.212052683938311,265612,2.1366990838524167,0.034369562773591586,0.04180287514769594,0.041468388851121585,0.06005221932114879,0.005132922475739441
2014-12-16,1224374,432568,164245,539859,683181,002602,CORN - CHICAGO BOARD OF TRADE ,406.0,0.11705736972526369,-143322,-0.593762843842853,268323,0.22419095677687667,0.025367935635792777,0.021023335617689293,0.06005221932114879,0.019704433497536922,0.010180529328676625
2014-12-23,1227423,429335,158154,543340,692796,002602,CORN - CHICAGO BOARD OF TRADE ,414.0,0.12176405363106281,-149456,-0.5009907103548425,271181,0.23342540759604502,0.010594303539416376,0.01587093545581279,0.019704433497536922,-0.018115942028985477,0.015378035733739099
2014-12-30,1229915,426316,139560,549546,711629,002602,CORN - CHICAGO BOARD OF TRADE ,406.5,0.1317839037657074,-162083,-1.0287407030828004,286756,1.268918702028559,0.019853707851804864,0.03819387993129237,-0.018115942028985477,-0.0036900369003689537,0.020998261802573356
2015-01-06,1257693,428218,157768,573080,709183,002602,CORN - CHICAGO BOARD OF TRADE,405.0,0.10821639303073166,-136103,2.112341096742458,270450,-1.325782676038588,0.020261054089527657,0.034318226032703854,-0.0036900369003689537,-0.04753086419753083,0.026139739843978986
2015-01-13,1274564,420328,176565,593085,695790,002602,CORN - CHICAGO BOARD OF TRADE,385.75,0.08058049654626993,-102705,2.6554970092065395,243763,-2.121900972653899,0.025912520609058288,0.04470985587031512,-0.04753086419753083,0.01166558651976679,0.03032599590318967
2015-01-20,1301166,416365,186286,611992,698461,002602,CORN - CHICAGO BOARD OF TRADE,390.25,0.06645501035225329,-86469,1.273847370551812,230079,-1.0736220385951587,0.01646606173590354,0.022706342476823235,0.01166558651976679,-0.023062139654067892,0.03420210523534316
2015-01-27,1304935,394454,178398,614812,681512,002602,CORN - CHICAGO BOARD OF TRADE,381.25,0.0511136570020729,-66700,1.5193295859252394,216056,-1.0777256706676934,0.01525004551331303,0.0520186714893201,-0.023062139654067892,0.011803278688524488,0.03763453883993782
2015-02-03,1350370,396084,220252,639943,678472,002602,CORN - CHICAGO BOARD OF TRADE,385.75,0.02853218006916623,-38529,2.1588048446857506,175832,-3.0824523826857275,0.021367323642403947,0.0705524259494821,0.011803278688524488,0.005832793259883395,0.039885108205197715
2015-02-10,1358550,376836,210764,657172,690159,002602,CORN - CHICAGO BOARD OF TRADE,388.0,0.024281034926944167,-32987,0.4104060368639706,166072,-0.7227648718499374,0.02146168981490072,0.04890401633764466,0.005832793259883395,0.0038659793814432852,0.04153881191299437
2015-02-17,1362156,365018,214939,666989,688418,002602,CORN - CHICAGO BOARD OF TRADE,389.5,0.015731678309973306,-21429,0.8507600014721579,150079,-1.1772109970188804,0.00852732795389134,0.02757618237214138,0.0038659793814432852,-0.03080872913992294,0.0426546737016867
2015-02-24,1294525,381314,217503,599617,642401,002602,CORN - CHICAGO BOARD OF TRADE,377.5,0.033049960410189066,-42784,-1.5677352667389053,163811,1.0081077350905476,0.0912941680394326,0.03149543182641775,-0.03080872913992294,0.01192052980132452,0.043186986630738194
2015-03-03,1249063,379483,231733,579060,610321,002602,CORN - CHICAGO BOARD OF TRADE,382.0,0.02502756065947034,-31261,0.8901334466310036,147750,-1.2406867383789422,0.04425579355984331,0.026277126253239445,0.01192052980132452,0.0006544502617800152,0.04244782690013607
2015-03-10,1245440,376792,247815,589476,602884,002602,CORN - CHICAGO BOARD OF TRADE,382.25,0.010765673175745118,-13408,1.429311411834311,128977,-1.5029666237811865,0.014972826998557483,0.030055699023546007,0.0006544502617800152,-0.029431000654022266,0.04097573165475209
2015-03-17,1330967,386487,323607,629592,583485,002602,CORN - CHICAGO BOARD OF TRADE,371.0,-0.034641730411047005,46107,4.778632451181911,62880,-5.307120375128468,0.04906118902592333,0.1203882866212079,-0.029431000654022266,0.05997304582210239,0.03861183377374193
2015-03-24,1333440,383284,286898,619163,614533,002602,CORN - CHICAGO BOARD OF TRADE,393.25,-0.003472222222222222,4630,-3.1163056634762545,96386,2.5174177872178647,0.033620113869218995,0.05955397190613893,0.05997304582210239,-0.04322949777495233,0.036654946793546236
2015-03-31,1349885,366144,261770,637837,639907,002602,CORN - CHICAGO BOARD OF TRADE,376.25,0.0015334639617448893,-2070,-0.5024598032157428,104374,0.5990520758339333,0.03447325911919759,0.06731495077351357,-0.04322949777495233,0.017940199335548135,0.03405549427119024
2015-04-07,1358349,348540,258645,635017,621789,002602,CORN - CHICAGO BOARD OF TRADE,383.0,-0.009738292589017991,13228,1.133281723998711,89895,-1.0726098889905435,0.01665969131274039,0.03413951266912062,0.017940199335548135,-0.024804177545691863,0.031202854271085607
2015-04-14,1407876,363390,317365,653491,605737,002602,CORN - CHICAGO BOARD OF TRADE,373.5,-0.03391918038236322,47754,2.5417620950138735,46025,-3.229656001513602,0.027418386503476732,0.10807118566885296,-0.024804177545691863,-0.0013386880856760541,0.028092585512403376
2015-04-21,1369994,356748,329435,645877,577161,002602,CORN - CHICAGO BOARD OF TRADE,373.0,-0.05015788390314118,68716,1.4889095346465173,27313,-1.3290943236478214,0.029590249853234322,0.0272696933616834,-0.0013386880856760541,-0.03217158176943702,0.024958661953322706
2015-04-28,1319827,368148,367773,598544,504169,002602,CORN - CHICAGO BOARD OF TRADE,361.0,-0.07150558368634677,94375,1.872927910633185,375,-1.9662859837342352,0.10911724084145194,0.06758605882968416,-0.03217158176943702,0.0006925207756232066,0.02089918308652564
2015-05-05,1325963,381068,411500,621024,500691,002602,CORN - CHICAGO BOARD OF TRADE,361.25,-0.0907514010571939,120333,1.9667729179657638,-30432,-2.334169554040037,0.023141350521299973,0.07147273167728195,0.0006925207756232066,-0.0117647058823529,0.01645027996358269
2015-05-12,1340706,398281,429433,631171,517788,002602,CORN - CHICAGO BOARD OF TRADE,357.0,-0.08456962227363791,113383,-0.5241473555446117,-31152,-0.05430015769670798,0.02371189920615096,0.04246152656593944,-0.0117647058823529,0.014005602240896309,0.012277710963723397
2015-05-19,1399666,408932,461970,664426,530833,002602,CORN - CHICAGO BOARD OF TRADE,362.0,-0.0954463421987817,133593,1.5074147501391058,-53038,-1.6324235141783507,0.038736374292099036,0.04958996534627318,0.014005602240896309,-0.01933701657458564,0.00870686916917446
2015-05-26,1434318,424955,479404,677083,538414,002602,CORN - CHICAGO BOARD OF TRADE,355.0,-0.09667939745579432,138669,0.36265794839626025,-54449,-0.1008097646152725,0.016649979391146173,0.03699526404890093,-0.01933701657458564,0.011267605633802802,0.005691662447772901
2015-06-02,1454337,422322,486269,688683,550051,002602,CORN - CHICAGO BOARD OF TRADE,359.0,-0.09532316100051089,138632,-0.0025796232076847675,-63947,-0.662196249367295,0.018758668124068605,0.010453548406268607,0.011267605633802802,0.01671309192200554,0.0027940481521596503
2015-06-09,1459091,413673,438913,677882,566093,002602,CORN - CHICAGO BOARD OF TRADE,365.0,-0.07661550924513962,111789,-1.8457207648571137,-25240,2.661487674452345,0.021578407926204305,0.06568838803358254,0.01671309192200554,-0.03013698630136985,0.0006987461061314579
2015-06-16,1456360,408168,473546,683973,542071,002602,CORN - CHICAGO BOARD OF TRADE,354.0,-0.09743607349831086,141902,2.063819186054879,-65378,-2.750890794337022,0.024561108736717442,0.04552269783625983,-0.03013698630136985,0.03813559322033888,-0.0016334678711777
2015-06-23,1427005,384495,430808,675368,559919,002602,CORN - CHICAGO BOARD OF TRADE,367.5,-0.08090301015063017,115449,-1.8163778186712078,-46313,1.309085665632124,0.02141445672139349,0.08145560607528735,0.03813559322033888,0.12653061224489792,-0.003243754179641437
2015-06-30,1308355,409204,298635,598044,612459,002602,CORN - CHICAGO BOARD OF TRADE,414.0,0.011017651936974291,-14415,-9.100458652912918,110569,10.993794695884036,0.10728102284752702,0.22163514584531227,0.12653061224489792,0.004227053140096526,-0.002994109348359331
2015-07-07,1323094,432365,223665,587838,680820,002602,CORN - CHICAGO BOARD OF TRADE,415.75,0.07027618597015783,-92982,-6.00502157289115,208700,7.5003343893668,0.06192921969514242,0.14958309833391767,0.004227053140096526,0.0198436560432953,-0.0014923431368274631
2015-07-14,1349047,445791,187561,588370,740596,002602,CORN - CHICAGO BOARD OF TRADE,424.0,0.11283965643895283,-152226,-4.477686392652374,258230,3.74349819438377,0.045379641014141825,0.07820295822859957,0.0198436560432953,-0.041273584905660354,0.001084397483800155
2015-07-21,1386008,484416,160922,581722,789311,002602,CORN - CHICAGO BOARD OF TRADE,406.5,0.14977474877489885,-207589,-4.103859984122125,323494,4.8377854885708205,0.04038050141754429,0.1011315000821275,-0.041273584905660354,-0.07749077490774903,0.004570399466922687
2015-07-28,1350791,444321,138640,579715,775779,002602,CORN - CHICAGO BOARD OF TRADE,375.0,0.14514754688179,-196064,0.8315247819637405,305681,-1.2852018170169293,0.011463717286834173,0.10700029676084678,-0.07749077490774903,-0.01666666666666672,0.008164480481321946
2015-08-04,1368036,435338,193706,602080,739461,002602,CORN - CHICAGO BOARD OF TRADE,368.75,0.10042206491642033,-137381,4.344343425444795,241632,-4.741592148600338,0.04374297915606008,0.10181958654720497,-0.01666666666666672,0.021016949152542264,0.010750407987383973
2015-08-11,1390718,435826,238566,617278,726011,002602,CORN - CHICAGO BOARD OF TRADE,376.5,0.07818479375401771,-108733,2.094096938969442,197260,-3.2434818966752337,0.02132675842651879,0.06724279054318556,0.021016949152542264,-0.02722443559096943,0.012921454703742981
2015-08-18,1376536,435940,275229,634617,707259,002602,CORN - CHICAGO BOARD OF TRADE,366.25,0.05277159478575206,-72642,2.595134311916578,160711,-2.6280669409614315,0.026895927790645334,0.05171344645224975,-0.02722443559096943,-0.0020477815699658786,0.014596159627783366
2015-08-25,1296742,399014,247554,621287,676499,002602,CORN - CHICAGO BOARD OF TRADE,365.5,0.04257747493333292,-55212,1.2662218786867905,151460,-0.6720492598813254,0.03397324366266857,0.09991369817250467,-0.0020477815699658786,-0.025991792065663488,0.01629866099641619
2015-09-01,1212362,395692,247475,567131,626079,002602,CORN - CHICAGO BOARD OF TRADE,356.0,0.04862244115206514,-58948,-0.2881066549861114,148217,-0.25008829821198053,0.08764257758483418,0.005287895678727298,-0.025991792065663488,-0.002808988764044895,0.018093795740279115
2015-09-08,1225245,392497,287290,585453,607113,002602,CORN - CHICAGO BOARD OF TRADE,355.0,0.017678097033654493,-21660,3.075649022321716,105207,-3.5476202652343116,0.03126703260029214,0.06326981834015655,-0.002808988764044895,0.10000000000000009,0.019440918946001418
2015-09-15,1248454,400024,270060,585538,642547,002602,CORN - CHICAGO BOARD OF TRADE,390.5,0.04566367683551016,-57009,-2.885055641932838,129964,2.0205754767413864,0.028922265152656373,0.03694611421851589,0.10000000000000009,-0.025608194622279146,0.02108912799124488
2015-09-22,1269119,399486,269815,590646,649737,002602,CORN - CHICAGO BOARD OF TRADE,380.5,0.046560645613216725,-59091,-0.16676625650604668,129671,-0.023469026491965264,0.009914679578807513,0.0011698772301251604,-0.025608194622279146,0.02233902759526929,0.022696017940912864
2015-09-29,1295732,408779,275163,606670,673711,002602,CORN - CHICAGO BOARD OF TRADE,389.0,0.05173986595993616,-67041,-0.6264187991827401,133616,0.3108455550661522,0.031239138975039462,0.02140678595553424,0.02233902759526929,0.023778920308483276,0.024256640746475416
2015-10-06,1307966,418490,241153,616252,728407,002602,CORN - CHICAGO BOARD OF TRADE,398.25,0.085747641758272,-112155,-3.4817385076543603,177337,3.374231708408838,0.047802454005067455,0.06627979073529167,0.023778920308483276,-0.034526051475204045,0.026396078470488325
2015-10-13,1290684,393203,246723,612130,692976,002602,CORN - CHICAGO BOARD OF TRADE,384.5,0.0626381050667708,-80846,2.3937166562433583,146480,-2.359159183036868,0.03030635059527732,0.04821963789563168,-0.034526051475204045,-0.02015604681404426,0.028005288357002608
2015-10-20,1320517,382149,281965,630910,666131,002602,CORN - CHICAGO BOARD OF TRADE,376.75,0.02667212917364941,-35221,3.5349473612441153,100184,-3.586935299422632,0.035176220335363335,0.06971092312464426,-0.02015604681404426,0.00862641008626408,0.02861079456963111
2015-10-27,1320509,378854,274600,631708,674223,002602,CORN - CHICAGO BOARD OF TRADE,380.0,0.03219591839207457,-42515,-0.5523594168041759,104254,0.308212616725116,0.0068074040665241885,0.01631331356147487,0.00862641008626408,0.001315789473684159,0.028946452548061132
2015-11-03,1350499,377112,276044,640885,683381,002602,CORN - CHICAGO BOARD OF TRADE,380.5,0.03146688742457417,-42496,0.0014388391143112238,101068,-0.241270600957661,0.013845405681335925,0.004877854601350979,0.001315789473684159,-0.0565045992115637,0.02895121159006044
2015-11-10,1398265,374317,329274,653948,646047,002602,CORN - CHICAGO BOARD OF TRADE,359.0,-0.005650574104336446,7901,3.7317317524855627,45043,-4.148466603825697,0.03876707218104685,0.07962722661318863,-0.0565045992115637,0.008356545961002881,0.02787453825136377
2015-11-17,1404100,362008,343358,664512,634700,002602,CORN - CHICAGO BOARD OF TRADE,362.0,-0.02123210597535788,29812,1.567013405899454,18650,-1.887553503806503,0.01686483807107693,0.037417454201081425,0.008356545961002881,0.006215469613259694,0.026235171628166083
2015-11-24,1309794,322870,342917,630893,570964,002602,CORN - CHICAGO BOARD OF TRADE,364.25,-0.045754523230370575,59929,2.1449326971013463,-20047,-2.7560002848799945,0.08100381326563809,0.05944694023764357,0.006215469613259694,0.007549759780370646,0.02362989710365656
2015-12-01,1300942,336850,335879,630826,593427,002602,CORN - CHICAGO BOARD OF TRADE,367.0,-0.028747630563084287,37399,-1.720117820054146,971,1.6046798198800727,0.01840305884486295,0.031242892754734818,0.007549759780370646,0.008174386920980936,0.021498660802254325
2015-12-08,1280685,333786,312565,619046,603718,002602,CORN - CHICAGO BOARD OF TRADE,370.0,-0.011968594931618627,15328,-1.696539891862973,21221,1.5565643971829644,0.01805008979655927,0.04081064313352961,0.008174386920980936,0.01959459459459456,0.01910339852864826
2015-12-15,1263718,327416,280369,609195,616093,002602,CORN - CHICAGO BOARD OF TRADE,377.25,0.005458496278441868,-6898,-1.7354774983700127,47047,2.0165770661794276,0.01813940885734619,0.06345335932936812,0.01959459459459456,-0.029158383035122637,0.01695726634697861
2015-12-22,1284149,323469,312132,631459,605822,002602,CORN - CHICAGO BOARD OF TRADE,366.25,-0.019964194186188673,25637,2.5745459034373175,11337,-2.8257886648761827,0.026295562608655593,0.05618304565285454,-0.029158383035122637,-0.010238907849829393,0.014231723119723776
2015-12-29,1317814,331127,370701,646650,572001,002602,CORN - CHICAGO BOARD OF TRADE,362.5,-0.05664608207228031,74649,3.8166910537640106,-39574,-3.9645710894919515,0.040218241317653704,0.09436357626085023,-0.010238907849829393,-0.026206896551724146,0.01060806954591632
2016-01-05,1356517,345953,407715,656017,563544,002602,CORN - CHICAGO BOARD OF TRADE,353.0,-0.06816943687399421,92473,1.352542923356407,-61762,-1.6836973958388666,0.014615095103893942,0.06878360232887691,-0.026206896551724146,0.010623229461756312,0.007216034355440822
2016-01-12,1388762,348690,431999,653275,545888,002602,CORN - CHICAGO BOARD OF TRADE,356.75,-0.07732570447636096,107387,1.0994333281484863,-83309,-1.588406190265216,0.01701019794640095,0.034611733993946375,0.010623229461756312,0.03083391730903995,0.004179376643467152
2016-01-19,1390878,340312,398117,655733,566358,002602,CORN - CHICAGO BOARD OF TRADE,367.75,-0.06425797230238742,89375,-1.2969824923204984,-57805,1.836455778599933,0.01876128700726869,0.05722960501280421,0.03083391730903995,0.004078857919782353,0.0016656654385702146
2016-01-26,1356442,327482,326804,644161,603023,002602,CORN - CHICAGO BOARD OF TRADE,369.25,-0.03032787247814503,41138,-3.468097130014279,678,4.204754119340445,0.03867673093946042,0.1286027822695274,0.004078857919782353,0.008801624915369066,9.948217933525468e-05
2016-02-02,1368832,346833,321103,647706,631269,002602,CORN - CHICAGO BOARD OF TRADE,372.5,-0.012008047737048812,16437,-1.8210140942259236,25730,1.8468906153009124,0.024856623468011492,0.03750658745748096,0.008801624915369066,-0.03087248322147651,-0.0006801375861688808
2016-02-09,1403163,343188,358187,665959,604222,002602,CORN - CHICAGO BOARD OF TRADE,361.0,-0.04399845206864776,61737,3.3093907798765665,-14999,-2.975456447540677,0.035664208486821954,0.05807021921226163,-0.03087248322147651,0.005540166204986097,-0.0019932046437764177
2016-02-16,1407062,347100,388044,672647,591892,002602,CORN - CHICAGO BOARD OF TRADE,363.0,-0.057392637993208546,80755,1.3553664114575428,-40944,-1.8490367833245318,0.015039472883003214,0.045935218134134266,0.005540166204986097,-0.0027548209366391463,-0.0033994414957606847
2016-02-23,1355719,352827,377627,642184,574868,002602,CORN - CHICAGO BOARD OF TRADE,362.0,-0.04965335736977943,67316,-0.9551107200677724,-24800,1.1473552693484723,0.03901805346032873,0.02210132328661353,-0.0027548209366391463,-0.022790055248618768,-0.004989889914606232
2016-03-01,1325794,363529,440354,632941,524681,002602,CORN - CHICAGO BOARD OF TRADE,353.75,-0.08165672796829673,108260,3.0200948721674625,-76825,-3.837447140594769,0.05133800152381347,0.09134289442617893,-0.022790055248618768,0.014134275618374659,-0.007041510849755599
2016-03-08,1356292,366404,466580,644145,525292,002602,CORN - CHICAGO BOARD OF TRADE,358.75,-0.08763083465802349,118853,0.798992905383491,-100176,-1.7612841814037474,0.010103152200588831,0.03493584510626855,0.014134275618374659,0.027177700348432143,-0.008933751385020379
2016-03-15,1349275,359345,433578,642269,550561,002602,CORN - CHICAGO BOARD OF TRADE,368.5,-0.06796835337496063,91708,-2.00141267514665,-74233,1.9127886915207049,0.022756805244670237,0.05052319077640578,0.027177700348432143,0.004070556309362372,-0.009574647980480258
2016-03-22,1338870,358750,402050,634000,571059,002602,CORN - CHICAGO BOARD OF TRADE,370.0,-0.047010538737890906,62941,-2.1320338700413184,-43300,2.2925645253932667,0.023871860215972828,0.0422226603575184,0.004070556309362372,0.008108108108108025,-0.010411923298089269
2016-03-29,1328820,355259,356977,636625,608932,002602,CORN - CHICAGO BOARD OF TRADE,373.0,-0.02084029439653226,27693,-2.632667846766303,-1718,3.1057533591760214,0.03251396764660309,0.06818526443482216,0.008108108108108025,-0.043565683646112574,-0.010842187881902294
2016-04-05,1439814,338427,423969,713549,600592,002602,CORN - CHICAGO BOARD OF TRADE,356.75,-0.0784524945583249,112957,6.416519919928959,-85542,-6.3081530982375345,0.06488192667301301,0.10994811095546146,-0.043565683646112574,0.016818500350385346,-0.012163614842850501
2016-04-12,1464480,344113,399567,721355,638746,002602,CORN - CHICAGO BOARD OF TRADE,362.75,-0.056408418005025676,82609,-2.107772253916131,-55454,2.089714365883371,0.03379160812322026,0.04045826161790017,0.016818500350385346,0.05995864920744309,-0.012596100181747857
2016-04-19,1439932,353201,288238,697613,720479,002602,CORN - CHICAGO BOARD OF TRADE,384.5,0.01587991655161494,-22866,-7.2022151207254455,64963,8.222509013438216,0.07437810804940723,0.18772946453209113,0.05995864920744309,-0.0058517555266579535,-0.011326142480694856
2016-04-26,1402906,391813,223499,657887,771150,002602,CORN - CHICAGO BOARD OF TRADE,382.25,0.08073456097557498,-113263,-6.277865899223019,168314,7.177491714886536,0.06325728445099742,0.16796519489299738,-0.0058517555266579535,-0.01046435578809679,-0.008398447391042514
2016-05-03,1363422,395375,231061,642688,751824,002602,CORN - CHICAGO BOARD OF TRADE,378.25,0.08004564984282196,-109136,0.29417509084714155,164314,-0.2851224529654874,0.024757764723430133,0.01775760013792311,-0.01046435578809679,0.0006609385327165374,-0.005113888719888363
2016-05-10,1323691,372515,244513,641129,719064,002602,CORN - CHICAGO BOARD OF TRADE,378.5,0.05887703399056124,-77935,2.2884330750127253,128002,-2.6632986705510104,0.025230978250880574,0.05884984149827885,0.0006609385327165374,0.04887714663143994,-0.002355299176346071
2016-05-17,1353223,382061,236689,654614,748294,002602,CORN - CHICAGO BOARD OF TRADE,397.0,0.06922731877894478,-93680,-1.189477000296897,145372,1.3122397901020706,0.030447470539764546,0.028072727272727274,0.04887714663143994,0.0012594458438286438,0.0008115019963025148
2016-05-24,1412921,403495,220327,677061,805561,002602,CORN - CHICAGO BOARD OF TRADE,397.5,0.09094634448776683,-128500,-2.573116182624741,183168,2.79303558984735,0.05376555858472355,0.060587795877670235,0.0012594458438286438,0.01823899371069193,0.004419689341370999
2016-05-31,1411252,439640,190792,633857,815569,002602,CORN - CHICAGO BOARD OF TRADE,404.75,0.1287594277988623,-181712,-3.7660987415432285,248848,4.648525996853327,0.036712464106480776,0.10418252880564438,0.01823899371069193,0.056825200741198234,0.008728969895205097
2016-06-07,1466703,498527,171012,624214,875140,002602,CORN - CHICAGO BOARD OF TRADE,427.75,0.17108167093133375,-250926,-4.904439462264713,327515,5.574270222469126,0.046162547337053154,0.11749427591223215,0.056825200741198234,0.020455873758036258,0.013492377206291125
2016-06-14,1480701,526413,163888,615312,895377,002602,CORN - CHICAGO BOARD OF TRADE,436.5,0.18914352053520597,-280065,-1.9867007840033053,362525,2.386986322384286,0.01928854979416677,0.05071700605967542,0.020455873758036258,-0.09221076746849943,0.019003523245397218
2016-06-21,1479366,509777,180892,644767,881405,002602,CORN - CHICAGO BOARD OF TRADE,396.25,0.15995906354478878,-236638,2.932867607977573,328885,-2.27189689208017,0.028454853057191455,0.048706399157917905,-0.09221076746849943,-0.027760252365930604,0.023635486201078353
2016-06-28,1333078,440231,151116,598307,811251,002602,CORN - CHICAGO BOARD OF TRADE,385.25,0.1597385899399735,-212944,1.601632050486492,289115,-2.688313777658808,0.08273089862212125,0.16795891414009034,-0.027760252365930604,-0.10707332900713817,0.026495504239597567
2016-07-05,1288110,398570,181533,596384,738629,002602,CORN - CHICAGO BOARD OF TRADE,344.0,0.11042923352819246,-142245,5.3034406088766,217037,-5.406885418557654,0.05583840756606864,0.12425034864498201,-0.10707332900713817,0.01671511627906974,0.02726767823109823
2016-07-12,1297529,385111,236346,610671,688581,002602,CORN - CHICAGO BOARD OF TRADE,349.75,0.06004490073054244,-77910,4.994526864941658,148765,-5.300168463873427,0.049516952831321404,0.10985796281963194,0.01671511627906974,-0.022873481057898548,0.026252394467474956
2016-07-19,1298151,388356,257732,594377,660910,002602,CORN - CHICAGO BOARD OF TRADE,341.75,0.051252127063800744,-66533,0.8768204795422684,130624,-1.3981190401139396,0.03502386306876436,0.03812328970666535,-0.022873481057898548,-0.027066569129480578,0.024357728665338453
2016-07-26,1309528,342462,270402,612112,625682,002602,CORN - CHICAGO BOARD OF TRADE,332.5,0.010362512294506111,-13570,4.079879767453863,72060,-4.511339589924439,0.042788218394983334,0.09555790517961571,-0.027066569129480578,-0.024812030075187952,0.021765708769429147
2016-08-02,1339998,348196,308980,620775,606324,002602,CORN - CHICAGO BOARD OF TRADE,324.25,-0.010784344454245453,14451,2.1397786072539113,39216,-2.5080792468736828,0.022835158369455114,0.06742790363616444,-0.024812030075187952,-0.006168080185042446,0.019627123973839422
2016-08-09,1360945,351872,346460,636566,597397,002602,CORN - CHICAGO BOARD OF TRADE,322.25,-0.028780736914423434,39169,1.8446296188501774,5412,-2.5226903323736303,0.020031394782501582,0.05893471872977323,-0.006168080185042446,0.01629169899146632,0.017570094537907862
2016-08-16,1379265,371185,375111,637355,593877,002602,CORN - CHICAGO BOARD OF TRADE,327.5,-0.031522586305024775,43478,0.31661823218425433,-3926,-0.6861408800502592,0.0034997465952801747,0.06426940516899461,0.01629169899146632,0.003053435114503733,0.01594905259385446
2016-08-23,1370132,391868,389669,624083,582117,002602,CORN - CHICAGO BOARD OF TRADE,328.5,-0.030629165657031585,41966,-0.10962360387597743,2199,0.4440770990346308,0.020752777317194496,0.04509191503409308,0.003053435114503733,-0.07458143074581436,0.014541232582501297
2016-08-30,1296621,361777,408049,593209,507842,002602,CORN - CHICAGO BOARD OF TRADE,304.0,-0.06583805136581931,85367,3.1676510000496303,-46272,-3.537688339517652,0.0954987552801823,0.06296357878273792,-0.07458143074581436,0.04194078947368429,0.012340069264849672
2016-09-06,1317098,357752,418982,609845,518879,002602,CORN - CHICAGO BOARD OF TRADE,316.75,-0.06906547576566056,90966,0.43181469373085896,-61230,-1.1536138933427733,0.0245170652878826,0.01925755792845427,0.04194078947368429,0.007892659826361559,0.010671923634093614
2016-09-13,1283735,348936,385607,596924,516118,002602,CORN - CHICAGO BOARD OF TRADE,319.25,-0.06294601300112562,80806,-0.7713928652233927,-36671,1.8646296630926478,0.014089315587372265,0.057438434509620266,0.007892659826361559,0.06656225528582604,0.00858327575261985
2016-09-20,1299946,357923,392949,595596,526458,002602,CORN - CHICAGO BOARD OF TRADE,340.5,-0.05318528615804041,69138,-0.9089103280661507,-35026,0.1281417114902998,0.010398786511166129,0.021746715818408462,0.06656225528582604,-0.02569750367107193,0.006665084757018751
2016-09-27,1307114,359963,406033,607013,519029,002602,CORN - CHICAGO BOARD OF TRADE,331.75,-0.06731164994025005,87984,1.44975252818194,-46070,-0.8495737515250633,0.016736498283367762,0.019744228429391275,-0.02569750367107193,0.049736247174076764,0.0043756325281690146
2016-10-04,1310849,363099,388203,596041,536639,002602,CORN - CHICAGO BOARD OF TRADE,348.25,-0.045315669463073166,59402,-2.186649366466888,-25104,1.6039916946800354,0.025233958399547975,0.02790622146620134,0.049736247174076764,-0.007896625987078298,0.0018551842354508391
2016-10-11,1305996,353933,354569,586110,547784,002602,CORN - CHICAGO BOARD OF TRADE,345.5,-0.029346184827518614,38326,-1.6078129517587456,-636,1.8665765469554465,0.018587275353780866,0.06040914492831354,-0.007896625987078298,0.02387843704775694,8.625558363758106e-05
2016-10-18,1316500,373293,320760,578968,589548,002602,CORN - CHICAGO BOARD OF TRADE,353.75,0.008036460311431827,-10580,-3.7447281614951344,52533,4.07114570029311,0.04185308545197498,0.0766065415753552,0.02387843704775694,-0.01272084805653706,-0.0002721226637127571
2016-10-25,1335614,377686,315674,581406,597414,002602,CORN - CHICAGO BOARD OF TRADE,349.25,0.011985498804295253,-16008,-0.41230535510824157,62012,0.7200151917964299,0.008740944334164674,0.013671108803507557,-0.01272084805653706,-0.0007158196134574579,-0.0006607845788623594
2016-11-01,1345452,391799,313829,594371,621573,002602,CORN - CHICAGO BOARD OF TRADE,349.0,0.020217740952482882,-27202,-0.8381164018945594,77970,1.194806283851472,0.030531011296572867,0.022615315718763993,-0.0007158196134574579,0.015042979942693435,-0.0008771143187102688
2016-11-08,1346960,402898,289463,588361,656582,002602,CORN - CHICAGO BOARD OF TRADE,354.25,0.05064812615073944,-68221,-3.0487152272990787,113435,2.6359171490324442,0.03294849643718628,0.051223278029813926,0.015042979942693435,-0.03599153140437539,0.00020555299388734448
2016-11-15,1398285,373220,315922,656367,667152,002602,CORN - CHICAGO BOARD OF TRADE,341.5,0.0077130198779218825,-10785,4.26412068658312,57298,-4.167681297143196,0.05936900036946957,0.08145926383822202,-0.03599153140437539,0.027818448023426035,0.0007621900295273399
2016-11-22,1348656,369309,285974,615377,651367,002602,CORN - CHICAGO BOARD OF TRADE,351.0,0.026685826482068072,-35990,-1.8025652853316743,83335,1.862066746049625,0.04481963206456869,0.051670804827837744,0.027818448023426035,-0.040598290598290565,0.0021552736778434676
2016-11-29,1236807,374841,294885,572292,605840,002602,CORN - CHICAGO BOARD OF TRADE,336.75,0.02712468477296781,-33548,0.18106915329038686,79956,-0.25054572848821344,0.07521398281347082,0.021565535756413817,-0.040598290598290565,0.04231625835189301,0.003229741280459854
2016-12-06,1221274,361515,289902,558360,592685,002602,CORN - CHICAGO BOARD OF TRADE,351.0,0.028105895974203987,-34325,-0.06282305970131152,71613,-0.6745595715418816,0.023532529136567205,0.028106420311413426,0.04231625835189301,0.014957264957264904,0.004000404567110289
2016-12-13,1219931,366154,294855,559511,590348,002602,CORN - CHICAGO BOARD OF TRADE,356.25,0.02527765914629598,-30837,0.285603394488051,71299,-0.02571085604049542,0.0030334154013666025,0.014511148864841478,0.014957264957264904,-0.01684210526315788,0.004381542314569022
2016-12-20,1227436,355181,309160,568962,571702,002602,CORN - CHICAGO BOARD OF TRADE,350.25,0.0022322956145982356,-2740,2.3031630477461427,46021,-2.0720844047737126,0.024632144084498153,0.038049736505800485,-0.01684210526315788,0.013561741613133504,0.004808397887661077
2016-12-27,1231462,341685,331831,579809,556806,002602,CORN - CHICAGO BOARD OF TRADE,355.0,-0.01867942331959898,23003,2.0972987593650503,9854,-2.9465487406268025,0.022648830078786573,0.053698798543761396,0.013561741613133504,0.0021126760563381364,0.005538525940597257
2017-01-03,1244604,354679,328655,569431,568756,002602,CORN - CHICAGO BOARD OF TRADE,355.75,-0.0005423411783989124,675,-1.8131294347694042,26024,1.3130734038078316,0.019617163084800653,0.023663391547910684,0.0021126760563381364,0.007027406886858767,0.006839047011666399
2017-01-10,1251333,366651,323630,567923,566558,002602,CORN - CHICAGO BOARD OF TRADE,358.25,-0.001090836731709305,1365,0.05543932045855549,43021,1.3656552606290835,0.003266691993960234,0.024623305581350202,0.007027406886858767,0.02023726448011165,0.008305102160602006
2017-01-17,1321861,388939,322138,596450,623716,002602,CORN - CHICAGO BOARD OF TRADE,365.5,0.020626979689997663,-27266,-2.288040034107628,66801,1.9003734417617053,0.07022405148151972,0.03344222918193107,0.02023726448011165,-0.006155950752393946,0.00993750508353249
2017-01-24,1351289,415481,308744,600569,656582,002602,CORN - CHICAGO BOARD OF TRADE,363.25,0.04145153257371295,-56013,-2.1747369806658945,106737,3.0211951180948677,0.029419695804243085,0.055143083986330214,-0.006155950752393946,-0.009635237439779787,0.01131787825760668
2017-01-31,1346772,390309,293286,620972,670061,002602,CORN - CHICAGO BOARD OF TRADE,359.75,0.03644937673191899,-49089,0.5123996421194874,97023,-0.7188691686234403,0.02624410065428227,0.059435777031722,-0.009635237439779787,0.02432244614315504,0.01224975180508683
2017-02-07,1383789,413109,295927,619392,683393,002602,CORN - CHICAGO BOARD OF TRADE,368.5,0.0462505483133628,-64001,-1.1072401267623622,117182,1.4968383661079976,0.011446247845960768,0.03588111181942807,0.02432244614315504,0.015603799185888834,0.01398530950474088
2017-02-14,1468620,460563,290147,646025,754668,002602,CORN - CHICAGO BOARD OF TRADE,374.25,0.07397624981274939,-108643,-3.2260698704788084,170416,3.8469737799621186,0.06989968537002755,0.07091153707823261,0.015603799185888834,-0.013360053440213737,0.01651163427024007
2017-02-21,1501027,455721,282783,670356,784290,002602,CORN - CHICAGO BOARD OF TRADE,369.25,0.07590403104008123,-113934,-0.36027018561642904,172938,0.17172583786139367,0.037090123645203026,0.016528007972874893,-0.013360053440213737,-0.00677048070413,0.01892619943196816
2017-02-28,1361513,436548,242101,585523,738205,002602,CORN - CHICAGO BOARD OF TRADE,366.75,0.11214141914179299,-152682,-2.581432579160801,194447,1.4329522387005698,0.09890098267922111,0.08819728607866512,-0.00677048070413,0.00749829584185413,0.022653086876392965
2017-03-07,1373407,447243,248353,588360,740994,002602,CORN - CHICAGO BOARD OF TRADE,369.5,0.11113530075207131,-152634,0.0035254896574619557,198890,0.3263281364188223,0.0042321307943557545,0.024363279834846666,0.00749829584185413,-0.04262516914749659,0.026475512557356324
2017-03-14,1376269,400781,287976,625017,696869,002602,CORN - CHICAGO BOARD OF TRADE,353.75,0.052207816931137734,-71852,5.8818689580000685,112805,-6.267989022918916,0.06111116994960231,0.12498602555037554,-0.04262516914749659,0.021201413427561766,0.028786592755550525
2017-03-21,1417628,409141,345492,636351,662535,002602,CORN - CHICAGO BOARD OF TRADE,361.25,0.01847028980804555,-26184,3.318246650909088,63649,-3.5716854771850564,0.035159359635872585,0.08729541379717028,0.021201413427561766,-0.00968858131487893,0.030045839458356996
2017-03-28,1433425,376334,399086,666689,615262,002602,CORN - CHICAGO BOARD OF TRADE,357.75,-0.03587700786577602,51427,5.474708456661409,-22752,-6.094758286376962,0.060541315541701675,0.11142477625029017,-0.00968858131487893,0.01467505241090139,0.02975667189164077
2017-04-04,1455465,376831,391372,686395,654398,002602,CORN - CHICAGO BOARD OF TRADE,363.0,-0.02198403946505069,31997,-1.3554947067338718,-14541,0.5728238310340618,0.04388596897507669,0.010688581013091591,0.01467505241090139,0.009641873278236845,0.03084260372035758
2017-04-11,1457532,380480,406244,688349,651207,002602,CORN - CHICAGO BOARD OF TRADE,366.5,-0.02548280243589849,37142,0.3534952747060218,-25764,-0.7710937741546516,0.003840824870330169,0.023541928300140836,0.009641873278236845,-0.012960436562073685,0.03143732709668695
2017-04-18,1475977,375778,412520,696480,648723,002602,CORN - CHICAGO BOARD OF TRADE,361.75,-0.03235619525236504,47757,0.7282858969820217,-36742,-0.7531910105575726,0.00789100232455622,0.013926205572004496,-0.012960436562073685,0.00898410504492042,0.030509709561995026
2017-04-25,1431459,363635,446903,678991,600871,002602,CORN - CHICAGO BOARD OF TRADE,365.0,-0.05457369019999874,78120,2.057145876934397,-83268,-3.152217141595025,0.05105316041885766,0.05740138031776425,0.00898410504492042,-0.002739726027397249,0.027907627808618607
2017-05-02,1326162,363762,440479,624855,551553,002602,CORN - CHICAGO BOARD OF TRADE,364.0,-0.055273790079944984,73302,-0.33657967150997686,-76717,0.4576449622378287,0.08794057843877294,0.008145568306017724,-0.002739726027397249,-0.01579670329670335,0.025305330887026935
2017-05-09,1357901,365703,465510,635257,538631,002602,CORN - CHICAGO BOARD OF TRADE,358.25,-0.07115835395953019,96626,1.758759487905701,-99807,-1.7411145847943164,0.019869016464943844,0.03244896314181804,-0.01579670329670335,0.026517794836008468,0.022804650349525175
2017-05-16,1371182,381504,478805,624845,530891,002602,CORN - CHICAGO BOARD OF TRADE,367.75,-0.0685204444049003,93954,-0.19677428619612183,-97301,0.18454953638004537,0.015706008984750844,0.033820406388867255,0.026517794836008468,0.0047586675730795225,0.020155654903682003
2017-05-23,1389074,396676,463346,625934,565860,002602,CORN - CHICAGO BOARD OF TRADE,369.5,-0.043247515971071376,60074,-2.470860906867214,-66670,2.2339120554383007,0.030255228672069166,0.035616530739911306,0.0047586675730795225,-0.006765899864682012,0.01757500374101204
2017-05-30,1390444,382810,482311,639469,550484,002602,CORN - CHICAGO BOARD OF TRADE,367.0,-0.06399754323079535,88985,2.0813146023897935,-99501,-2.363516990455512,0.0242959175698536,0.037949604737371995,-0.006765899864682012,0.027929155313351606,0.013868138913518624
2017-06-06,1413738,418445,450904,623119,603270,002602,CORN - CHICAGO BOARD OF TRADE,377.25,-0.014040083806193227,19849,-4.972224699448521,-32459,4.8216253225588375,0.05637363022662467,0.07711747526022346,0.027929155313351606,0.00994035785288272,0.010308105168566182
2017-06-13,1444543,438144,352886,589099,678866,002602,CORN - CHICAGO BOARD OF TRADE,381.0,0.06214214460905629,-89767,-7.753629031687625,85258,8.326648926463037,0.08645033577425244,0.14881483635260356,0.00994035785288272,-0.02887139107611547,0.007865771016140225
2017-06-20,1422725,417113,375213,610290,658412,002602,CORN - CHICAGO BOARD OF TRADE,370.0,0.03382382399971885,-48122,2.88291868085616,41900,-3.00150289745615,0.03282488716814508,0.0547224248604741,-0.02887139107611547,-0.029054054054054035,0.005440093332581187
2017-06-27,1361668,364085,395093,626247,606392,002602,CORN - CHICAGO BOARD OF TRADE,359.25,-0.014581381070863089,19855,4.777943734734401,-31008,-5.124532147814933,0.05514753305712378,0.09603544886706411,-0.029054054054054035,0.09185803757828803,0.002087786197757407
2017-07-11,1373866,413616,237871,626020,788378,002602,CORN - CHICAGO BOARD OF TRADE,392.25,0.1181760084316811,-162358,-13.381602563914258,175745,15.183803981587287,0.12882724664486234,0.3173555266643847,0.09185803757828803,-0.0388782664117272,0.002236762638209112
2017-07-18,1400131,402431,225284,645444,805150,002602,CORN - CHICAGO BOARD OF TRADE,377.0,0.11406504105687254,-159706,0.19303192596657898,177147,0.10204779796574048,0.024952536684971813,0.03787068972383964,-0.0388782664117272,-0.021883289124668415,0.003275611490638537
2017-07-25,1400075,394247,222182,632020,784586,002602,CORN - CHICAGO BOARD OF TRADE,368.75,0.10896987661375283,-152566,0.5099522830363731,172065,-0.36296603674941846,0.023992556857728966,0.018308677885044346,-0.021883289124668415,-0.016949152542372836,0.004385568212753
2017-08-01,1434247,401287,253092,659377,792919,002602,CORN - CHICAGO BOARD OF TRADE,362.5,0.09310948532574934,-133542,1.358784350838348,148195,-1.7049086656071997,0.024574880052000418,0.05799391484139925,-0.016949152542372836,0.020000000000000018,0.005976856155661524
2017-08-08,1391126,394605,256841,635002,764036,002602,CORN - CHICAGO BOARD OF TRADE,369.75,0.09275507754150235,-129034,0.3143112727445133,137764,-0.7272805869560822,0.03806758644154055,0.016012071606856134,0.020000000000000018,-0.039215686274509776,0.007967998886348982
2017-08-15,1405868,398934,295675,632124,725505,002602,CORN - CHICAGO BOARD OF TRADE,355.25,0.0664223099181431,-93381,2.562887905193347,103259,-2.480364826766231,0.030500968968694687,0.062139995306712124,-0.039215686274509776,-0.026038001407459488,0.009798826710052184
2017-08-22,1447921,406467,335959,653722,722331,002602,CORN - CHICAGO BOARD OF TRADE,346.0,0.04738449128094696,-68609,1.7620430936617093,70508,-2.329592820947628,0.018002213577529354,0.06440641895623267,-0.026038001407459488,-0.036127167630057855,0.01131627050978241
2017-08-29,1373874,360697,358321,627291,637818,002602,CORN - CHICAGO BOARD OF TRADE,333.5,0.007662274706414125,-10527,4.011406699674913,2376,-4.705505341796963,0.08769521045222191,0.09475701581879731,-0.036127167630057855,0.03223388305847075,0.012052644362925597
2017-09-05,1337632,369919,383919,605079,610511,002602,CORN - CHICAGO BOARD OF TRADE,344.25,0.0040609076337886655,-5432,0.3708491462827013,-14000,-1.1919579233612398,0.04073659704341102,0.04619029552768632,0.03223388305847075,-0.012345679012345734,0.013396855112918058
2017-09-12,1368725,373793,398407,617402,612571,002602,CORN - CHICAGO BOARD OF TRADE,340.0,-0.003529562183784179,4831,0.767251381545896,-24614,-0.7934917824932417,0.011693752627090189,0.02377881377881378,-0.012345679012345734,0.024264705882352855,0.014657161143338758
2017-09-19,1395966,378228,416253,629960,611110,002602,CORN - CHICAGO BOARD OF TRADE,348.25,-0.013503194203870295,18850,1.0242378856234817,-38025,-0.9798169829585929,0.011295897894558728,0.028044723536497413,0.024264705882352855,0.01148600143575007,0.015607984581747513
2017-09-26,1405286,381175,414102,632517,622138,002602,CORN - CHICAGO BOARD OF TRADE,352.25,-0.0073856851914841535,10379,-0.6068199368752535,-32927,0.36519514085586613,0.010827677728140405,0.006410345074734967,0.01148600143575007,-0.007806955287437911,0.01648874613879667
2017-10-03,1433227,375007,422110,653686,624612,002602,CORN - CHICAGO BOARD OF TRADE,349.5,-0.020285690961724834,29074,1.3303341810848468,-47103,-1.0087626291018341,0.018495687234119117,0.017784089412219286,-0.007806955287437911,-0.0007153075822603494,0.01739309150376831
2017-10-10,1449877,374538,436198,660122,617977,002602,CORN - CHICAGO BOARD OF TRADE,349.25,-0.0290679830082138,42145,0.9119978900760313,-61660,-1.0156800004465447,0.010226907305302641,0.01795529000809141,-0.0007153075822603494,0.0021474588403722628,0.01770554701251561
2017-10-17,1489037,382349,446526,669064,621081,002602,CORN - CHICAGO BOARD OF TRADE,350.0,-0.032224182474982155,47983,0.4026548458938241,-64177,-0.17360093304466517,0.00933693499567878,0.02188387875131956,0.0021474588403722628,0.007857142857142785,0.017650200903910538
2017-10-24,1546282,380873,451429,701002,640863,002602,CORN - CHICAGO BOARD OF TRADE,352.75,-0.038892647007466946,60139,0.8163665509990685,-70556,-0.4283976825290439,0.03854337060732637,0.007664285319511428,0.007857142857142785,-0.01984408221119771,0.016747718070854792
2017-10-31,1593417,376873,468632,742712,661502,002602,CORN - CHICAGO BOARD OF TRADE,345.75,-0.050965943001737776,81210,1.3626880478463825,-91759,-1.3712246537177566,0.04440135193068863,0.02507732065452008,-0.01984408221119771,0.005784526391901634,0.015537113420738772
2017-11-07,1623655,392039,479039,745721,670866,002602,CORN - CHICAGO BOARD OF TRADE,347.75,-0.04610277429626368,74855,-0.3988284297205314,-87000,0.2986663252619998,0.008734373533005739,0.029357876102943707,0.005784526391901634,-0.029475197699496802,0.014261718896724417
2017-11-14,1702668,411670,536783,814379,692765,002602,CORN - CHICAGO BOARD OF TRADE,337.5,-0.07142555095884812,121614,2.8798605615109123,-125113,-2.3473582750030024,0.0600851677079297,0.08158021536122508,-0.029475197699496802,0.022222222222222143,0.011914148183078501
2017-11-21,1681453,423885,516522,788010,701772,002602,CORN - CHICAGO BOARD OF TRADE,345.0,-0.05128778502878165,86238,-2.0776804403442126,-92637,1.9073595087239554,0.023745756090488408,0.03453398369004059,0.022222222222222143,-0.025362318840579712,0.010779517319488051
2017-11-28,1573236,388960,480812,742064,658760,002602,CORN - CHICAGO BOARD OF TRADE,336.25,-0.05295073339282854,83304,-0.17449194238554394,-91852,0.04668581280594818,0.0635040519008812,0.08121093803893434,-0.025362318840579712,0.010408921933085402,0.009248045014201577
2017-12-05,1484205,404558,458266,675461,627406,002602,CORN - CHICAGO BOARD OF TRADE,339.75,-0.03237760282440768,48055,-2.240541152122123,-53708,2.4245567734275086,0.07518572502028219,0.04420832058449927,0.010408921933085402,-0.011773362766740236,0.008103770252713586
2017-12-12,1520469,400846,476695,701189,638026,002602,CORN - CHICAGO BOARD OF TRADE,335.75,-0.04154178743532423,63163,1.0179186837397798,-75849,-1.4917750580276983,0.027141273059217527,0.025230729960195594,-0.011773362766740236,0.034996276991809294,0.006764391725607273
2017-12-19,1549922,409543,502515,707802,635028,002602,CORN - CHICAGO BOARD OF TRADE,347.5,-0.04695333055469888,72774,0.6321075931176499,-92972,-1.1261656765116554,0.007157272327844925,0.03784518089858321,0.034996276991809294,0.015107913669064832,0.005375334231357372
2017-12-26,1544322,407152,481809,716153,658707,002602,CORN - CHICAGO BOARD OF TRADE,352.75,-0.03719820089333701,57446,-0.9889529924731697,-74657,1.1816723680288428,0.023296917504327712,0.02598201720885393,0.015107913669064832,,0.0046170554523586186
