,Open_Interest_All,NonComm_Positions_Long_All,NonComm_Positions_Short_All,Comm_Positions_Long_All,Comm_Positions_Short_All,CFTC_Contract_Market_Code,Market_and_Exchange_Names,ZS_Close,HP,NetLong_Comm,Q_Comm,NetLong_NonComm,Q_NonComm,PT_Comm,PT_NonComm,Ret,Ret_Lead,HP_Smooth_52w
2003-01-07,212793,77709,7168,68961,153879,005602,SOYBEANS - CHICAGO BOARD OF TRADE ,585.25,0.3990638789809815,-84918,,70541,,,,,-0.051687313114053834,
2003-01-14,195164,53950,8807,77322,135239,005602,SOYBEANS - CHICAGO BOARD OF TRADE ,555.0,0.29676067307495235,-57917,12.688857246244003,45143,-11.935542992485654,0.12702706517188006,0.40470385773698553,-0.051687313114053834,0.0018018018018017834,
2003-01-21,196991,48384,13202,85666,130626,005602,SOYBEANS - CHICAGO BOARD OF TRADE ,556.0,0.22823377717763757,-44960,6.639031788649547,35182,-5.1039126068332274,0.059905128252547485,0.16174130484200955,0.0018018018018017834,0.031025179856115193,
2003-01-28,196797,58412,9469,78091,134644,005602,SOYBEANS - CHICAGO BOARD OF TRADE ,573.25,0.28736718547538836,-56553,-5.885040433319288,48943,6.985598326827114,0.05449502902672339,0.202722411278561,0.031025179856115193,-0.004797208896641925,
2003-02-04,202453,55789,12604,81218,134094,005602,SOYBEANS - CHICAGO BOARD OF TRADE ,570.5,0.2611766681649568,-52876,1.8684227909978302,43185,-2.925857609618033,0.017077543286022144,0.08418990247539952,-0.004797208896641925,0.002629272567922891,
2003-02-11,209314,58390,12591,83236,138235,005602,SOYBEANS - CHICAGO BOARD OF TRADE ,572.0,0.2627583439234834,-54999,-1.0486384494178895,45799,1.291163875072239,0.027809510048719698,0.036826756455953,0.002629272567922891,0.0034965034965035446,
2003-02-18,223540,62206,13852,93062,145295,005602,SOYBEANS - CHICAGO BOARD OF TRADE ,574.0,0.23366287912677822,-52233,1.3214596252520137,48354,1.2206541368470336,0.0708433148596433,0.06675168950011832,0.0034965034965035446,0.003919860627177751,
2003-02-25,231839,73362,13088,90752,154376,005602,SOYBEANS - CHICAGO BOARD OF TRADE ,576.25,0.2744318255340991,-63624,-5.095732307417017,60274,5.332378992574037,0.04646959955615026,0.13788316946211682,0.003919860627177751,-0.006073752711496794,
2003-03-04,231179,77109,14182,89726,152141,005602,SOYBEANS - CHICAGO BOARD OF TRADE ,572.75,0.269985595577453,-62415,0.5214825805839397,62927,1.1443286073525163,0.013482616479304741,0.05302822841243934,-0.006073752711496794,-0.008729812309035356,
2003-03-11,223717,61577,13261,96209,148412,005602,SOYBEANS - CHICAGO BOARD OF TRADE ,567.75,0.2333439121747565,-52203,4.417356247756068,48316,-6.320210745785733,0.04174621148634009,0.21984820545712072,-0.008729812309035356,0.011008366358432387,
2003-03-18,229911,65493,13348,96754,151048,005602,SOYBEANS - CHICAGO BOARD OF TRADE ,574.0,0.23615225021856284,-54294,-0.9346629894017888,52145,1.7115373440552126,0.01283686168796055,0.050773074922946186,0.011008366358432387,-0.0008710801393728707,
2003-03-25,224338,63667,13727,94861,146901,005602,SOYBEANS - CHICAGO BOARD OF TRADE ,573.5,0.23197140029776497,-52040,0.9803793641887514,49940,-0.9590667693150827,0.024983247987690374,0.028490580665167842,-0.0008710801393728707,0.00043591979075841003,
2003-04-01,225346,59146,12798,96505,144447,005602,SOYBEANS - CHICAGO BOARD OF TRADE ,573.75,0.21274839580023608,-47942,1.8267079139512699,46348,-1.6011553994419134,0.017007536770809125,0.0757533637273435,0.00043591979075841003,0.04749455337690622,
2003-04-08,250245,85188,18330,90030,154105,005602,SOYBEANS - CHICAGO BOARD OF TRADE ,601.0,0.25604907190952864,-64075,-7.159212943651097,66858,9.101559379798177,0.06608229053597395,0.3050097567572789,0.04749455337690622,0.01580698835274541,
2003-04-15,264241,89426,19360,94072,159873,005602,SOYBEANS - CHICAGO BOARD OF TRADE ,610.5,0.2490188880605205,-65801,-0.6897240704109973,70066,1.2819436951787249,0.038630412097107644,0.04842534885003585,0.01580698835274541,-0.0008190008190007703,
2003-04-22,259644,86884,22115,92943,156424,005602,SOYBEANS - CHICAGO BOARD OF TRADE ,610.0,0.2444924589052703,-63481,0.8779863836422054,64769,-2.004609428514122,0.01835848368067948,0.04859677611721208,-0.0008190008190007703,0.017622950819672134,
2003-04-29,244760,83609,23453,86127,146891,005602,SOYBEANS - CHICAGO BOARD OF TRADE ,620.75,0.24825951952933487,-60764,1.0464328079986442,60156,-1.7766634314677021,0.07016196173686153,0.04308718312753358,0.017622950819672134,0.006846556584776398,
2003-05-06,227968,81681,25194,75783,134291,005602,SOYBEANS - CHICAGO BOARD OF TRADE ,625.0,0.25665005614823133,-58508,0.9217192351691452,56487,-1.4990194476221606,0.10921865628302407,0.03432982456140351,0.006846556584776398,0.028000000000000025,
2003-05-13,228340,78738,27965,79133,132070,005602,SOYBEANS - CHICAGO BOARD OF TRADE ,642.5,0.2318341070333713,-52937,2.443764037057833,50773,-2.5064921392476136,0.02637746622917288,0.05355050935775001,0.028000000000000025,0.00038910505836575737,
2003-05-20,234615,81504,33063,83899,131393,005602,SOYBEANS - CHICAGO BOARD OF TRADE ,642.75,0.20243377448159752,-47494,2.3837260225978802,48441,-1.021284050100727,0.025281942663916913,0.06864105719797149,0.00038910505836575737,-0.0190587320108907,
2003-05-27,226964,72021,31977,88678,125602,005602,SOYBEANS - CHICAGO BOARD OF TRADE ,630.5,0.1626865934685677,-36924,4.505253287300471,40044,-3.579055047631226,0.04932798207952212,0.10162695436450701,-0.0190587320108907,-0.03211736716891356,
2003-06-03,225277,60636,36370,99315,117986,005602,SOYBEANS - CHICAGO BOARD OF TRADE ,610.25,0.08288018750249693,-18671,8.042244585044324,24266,-6.951763275233076,0.08399869305709592,0.1626497330062058,-0.03211736716891356,0.03809913969684553,
2003-06-10,223015,67941,40271,95849,117717,005602,SOYBEANS - CHICAGO BOARD OF TRADE ,633.5,0.09805618456157658,-21868,-1.4191417676904434,27670,1.5110286447351482,0.017488738844198045,0.1035559827006247,0.03809913969684553,-0.01933701657458564,
2003-06-17,219421,57510,38233,99316,111210,005602,SOYBEANS - CHICAGO BOARD OF TRADE ,621.25,0.05420629748292096,-11894,4.472344909535233,19277,-3.7634239849337487,0.0473765710648566,0.13023406410912547,-0.01933701657458564,0.023340040241448756,
2003-06-24,227141,59246,36555,98689,116074,005602,SOYBEANS - CHICAGO BOARD OF TRADE ,635.75,0.0765383616344033,-17385,-2.502495203285009,22691,1.5559130621043564,0.025567718834249846,0.03563637122785775,0.023340040241448756,-0.01494298073141953,
2003-07-01,206282,51026,38189,99622,108008,005602,SOYBEANS - CHICAGO BOARD OF TRADE ,626.25,0.0406530865514199,-8386,3.9618562919067895,12837,-4.338274463879264,0.04334152097481096,0.11045227820433784,-0.01494298073141953,-0.019960079840319334,0.21659289895370348
2003-07-08,186585,31478,37787,101817,91667,005602,SOYBEANS - CHICAGO BOARD OF TRADE ,613.75,-0.054398799474770214,10150,8.985757361282129,-6309,-9.281469056922077,0.09580120320026463,0.28802425467407783,-0.019960079840319334,-0.04643584521384925,0.20655616938227853
2003-07-15,187716,26122,41511,112259,89049,005602,SOYBEANS - CHICAGO BOARD OF TRADE ,585.25,-0.12364422851541691,23210,6.999490848674866,-15389,-4.866414770747916,0.06487571283803922,0.13425398843759703,-0.04643584521384925,-0.04015378043571127,0.19476329802878942
2003-07-22,192674,23326,51710,118553,83052,005602,SOYBEANS - CHICAGO BOARD OF TRADE ,561.75,-0.18425423253786188,35501,6.547657099021927,-28384,-6.922691725798547,0.06096574985739441,0.17318353856815397,-0.04015378043571127,-0.039608366711170406,0.1816937280092497
2003-07-29,181182,23054,58621,112208,71964,005602,SOYBEANS - CHICAGO BOARD OF TRADE ,539.5,-0.22211919506352729,40244,2.4616710090619387,-35567,-3.728058793609932,0.09465608235779598,0.08794612794612795,-0.039608366711170406,0.004633920296570837,0.16823329724015715
2003-08-05,175653,20802,57474,112277,71540,005602,SOYBEANS - CHICAGO BOARD OF TRADE ,542.0,-0.23191747365544568,40737,0.27210208519610113,-36672,-0.6098839840602267,0.0026820152651822193,0.04342327150084317,0.004633920296570837,0.053966789667896586,0.15532520785642803
2003-08-12,177014,27525,48017,107245,80881,005602,SOYBEANS - CHICAGO BOARD OF TRADE ,571.25,-0.14893737218525088,26364,-8.182610032279552,-20492,9.211342817942194,0.0764009227857925,0.21418548621958647,0.053966789667896586,-0.006126914660831484,0.14581700223012556
2003-08-19,196787,39681,40935,106885,100280,005602,SOYBEANS - CHICAGO BOARD OF TRADE ,567.75,-0.03356420901787212,6605,-11.162393934943,-1254,10.868066932559007,0.09537808027417759,0.23863749131686018,-0.006126914660831484,0.01585204755614278,0.14038120794988318
2003-08-26,210908,47327,41187,106260,110944,005602,SOYBEANS - CHICAGO BOARD OF TRADE ,576.75,0.022208735562425322,-4684,-5.736659433804062,6140,3.7573620208651994,0.05197418095431024,0.08922882255914319,0.01585204755614278,0.005201560468140354,0.1369055469973109
2003-09-02,212264,47764,37381,104457,113071,005602,SOYBEANS - CHICAGO BOARD OF TRADE ,579.75,0.04058153996909509,-8614,-1.8633717070950369,10383,2.011777647125761,0.018066639696958552,0.04983263844030771,0.005201560468140354,0.061664510564898745,0.13415343251079045
2003-09-09,215151,56590,34624,99814,117616,005602,SOYBEANS - CHICAGO BOARD OF TRADE ,615.5,0.0827418882552254,-17802,-4.3285719669845095,21966,5.45688388045076,0.0422572782044796,0.12698708531585065,0.061664510564898745,-0.0077173030056864045,0.132725334059247
2003-09-16,230740,58505,32474,105903,126988,005602,SOYBEANS - CHICAGO BOARD OF TRADE ,610.75,0.09137990812169541,-21085,-1.525905062026205,26031,1.889370721028487,0.06638727988629874,0.0446806405873883,-0.0077173030056864045,0.0659025787965617,0.13160789011498883
2003-09-23,245042,62067,27596,106981,137060,005602,SOYBEANS - CHICAGO BOARD OF TRADE ,651.0,0.1227503856481746,-30079,-3.8978937332062062,34471,3.657796654242871,0.04568904405407288,0.09413024324414752,0.0659025787965617,0.040322580645161255,0.13137479789217793
2003-09-30,256461,69073,20910,107851,152382,005602,SOYBEANS - CHICAGO BOARD OF TRADE ,677.25,0.17363653732926254,-44531,-5.897764464867247,48163,5.58761355196252,0.0622211633420819,0.15216207505862217,0.040322580645161255,0.015503875968992276,0.13245843223671858
2003-10-07,263408,70147,18229,108221,160585,005602,SOYBEANS - CHICAGO BOARD OF TRADE ,687.75,0.19879426592966046,-52364,-3.0542655608455087,51918,1.464160242687972,0.031892889295625844,0.042488911016565586,0.015503875968992276,0.07815339876408589,0.1341168280790421
2003-10-14,269327,75773,18983,106941,163226,005602,SOYBEANS - CHICAGO BOARD OF TRADE ,741.5,0.2089838746208141,-56285,-1.4885652675697019,56790,1.8496021381279233,0.014513245511109794,0.06733082865464984,0.07815339876408589,-0.015171948752528697,0.13594285360445119
2003-10-21,267664,77093,15366,103415,173306,005602,SOYBEANS - CHICAGO BOARD OF TRADE ,730.25,0.26111468109271324,-69891,-5.051851466804293,61727,1.8330876592395118,0.04916865723960234,0.05339664067316324,-0.015171948752528697,0.07086614173228356,0.13892313521131458
2003-10-28,263976,73612,14357,97735,170723,005602,SOYBEANS - CHICAGO BOARD OF TRADE ,782.0,0.27649483286359366,-72988,-1.1570476418195947,59255,-0.9235459381911651,0.030779488784092857,0.051040707521967967,0.07086614173228356,-0.03196930946291565,0.14212247701718153
2003-11-04,245228,67232,18447,91804,156213,005602,SOYBEANS - CHICAGO BOARD OF TRADE ,757.0,0.2626494527541716,-64409,3.2499166590902204,48785,-3.966269660878262,0.08241773749380082,0.12220030579255127,-0.03196930946291565,0.026420079260237816,0.1448617264657495
2003-11-11,237914,64690,16283,87620,154136,005602,SOYBEANS - CHICAGO BOARD OF TRADE ,777.0,0.27958001630841395,-66516,-0.8592004175705874,48407,-0.15414226760402566,0.025898012872483,0.0581181381448137,0.026420079260237816,0.0,0.1478554662400309
2003-11-18,240829,66069,18403,89763,153813,005602,SOYBEANS - CHICAGO BOARD OF TRADE ,777.0,0.2659563424670617,-64050,1.036508990643678,47666,-0.3114570811301563,0.010124150162577594,0.041422009660005685,0.0,-0.039897039897039854,0.15042287659279244
2003-11-25,241924,66000,18320,92409,155311,005602,SOYBEANS - CHICAGO BOARD OF TRADE ,746.0,0.2600072750119872,-62902,0.4766867777551707,47680,0.005813253387258179,0.016728564508315842,0.0018026565464895636,-0.039897039897039854,0.0365281501340482,0.1527544595378817
2003-12-02,245648,68804,18117,90664,157789,005602,SOYBEANS - CHICAGO BOARD OF TRADE ,773.25,0.27325685533771904,-67125,-1.7455895239827384,50687,1.2429523321373654,0.016997178540810537,0.03459463190713406,0.0365281501340482,0.01778208858713226,0.15526492611704498
2003-12-09,259917,76850,18090,91357,165940,005602,SOYBEANS - CHICAGO BOARD OF TRADE ,787.0,0.2869492953519778,-74583,-3.036051586009249,58760,3.286409822184589,0.03437272879201856,0.08503265220139035,0.01778208858713226,-0.02890724269377387,0.15795236222388034
2003-12-16,259222,70770,19188,91605,162490,005602,SOYBEANS - CHICAGO BOARD OF TRADE ,764.25,0.27345287051253364,-70885,1.4227618816776124,51582,-2.761650834689535,0.014553611838092052,0.07979279219191178,-0.02890724269377387,0.017337258750408813,0.1602623723896534
2003-12-30,246795,73096,14208,87700,160847,005602,SOYBEANS - CHICAGO BOARD OF TRADE ,777.5,0.29638769018821287,-73147,-0.8726111209696708,58888,2.8184336206031895,0.022321733917528678,0.08368459635297351,0.017337258750408813,0.02411575562700974,0.16293149626805653
2004-01-06,243722,74712,14381,85752,165417,005602,SOYBEANS - CHICAGO BOARD OF TRADE ,796.25,0.3268683171810505,-79665,-2.6410583682813673,60331,0.5846958001580259,0.02595065473844304,0.02008014097628321,0.02411575562700974,0.04615384615384621,0.16608412743946027
2004-01-13,257217,84045,15243,87546,174901,005602,SOYBEANS - CHICAGO BOARD OF TRADE ,833.0,0.3396159662852766,-87355,-3.1552342422924475,68802,3.4756813090324226,0.04297248587333823,0.10268108935621625,0.04615384615384621,-0.00570228091236491,0.16494089834915823
2004-01-20,262542,87636,18594,91516,180838,005602,SOYBEANS - CHICAGO BOARD OF TRADE ,828.25,0.3402198505381996,-89322,-0.7647239490391381,69042,0.09330642997935595,0.036375452536037654,0.06534877153346512,-0.00570228091236491,0.008753395713854584,0.165776651761913
2004-01-27,274561,88937,18410,96619,188928,005602,SOYBEANS - CHICAGO BOARD OF TRADE ,835.5,0.3362057976187441,-92309,-1.137722726268559,70527,0.5656237859085403,0.046202551593958266,0.013833642300204011,0.008753395713854584,-0.03949730700179532,0.1678530367703958
2004-02-03,267713,73834,21218,105889,179479,005602,SOYBEANS - CHICAGO BOARD OF TRADE ,802.5,0.2748839242024108,-73590,6.817792767363172,52616,-6.523504794927175,0.06559600235485408,0.1884336994487228,-0.03949730700179532,0.040186915887850505,0.16761297405360778
2004-02-10,267299,71505,24072,103571,173533,005602,SOYBEANS - CHICAGO BOARD OF TRADE ,834.75,0.261736856479074,-69962,1.3551826022643652,47433,-1.936028508141181,0.029822738033373753,0.054228527783881056,0.040186915887850505,0.019466906259359096,0.16762374690580234
2004-02-17,261298,71869,24997,104211,167482,005602,SOYBEANS - CHICAGO BOARD OF TRADE ,851.0,0.24214115684008297,-63271,2.5031893123431064,46872,-0.2098773283850669,0.024627060689822705,0.013307042718807425,0.019466906259359096,0.09253819036427724,0.16722726253881387
2004-02-24,274330,75631,18893,103706,172267,005602,SOYBEANS - CHICAGO BOARD OF TRADE ,929.75,0.249921627237269,-68561,-2.0245084156786506,56738,3.7757656009613547,0.019168541850108526,0.10437560831111675,0.09253819036427724,0.0013444474321053779,0.16753993077170795
2004-03-02,266334,76462,17708,97281,165007,005602,SOYBEANS - CHICAGO BOARD OF TRADE ,931.0,0.25428972643372605,-67726,0.30437793897860244,58754,0.73488134728247,0.05217547123772342,0.021408091748964637,0.0013444474321053779,0.011815252416756072,0.16715258271208538
2004-03-09,252173,73561,17725,94813,161855,005602,SOYBEANS - CHICAGO BOARD OF TRADE ,942.0,0.26585716948285504,-67042,0.25682038342832686,55836,-1.0956167819354645,0.021895990150700515,0.031965471156584796,0.011815252416756072,0.04989384288747356,0.1670731899025739
2004-03-16,262994,76769,19505,96172,163944,005602,SOYBEANS - CHICAGO BOARD OF TRADE ,989.0,0.25769409188042314,-67772,-0.2894838067517141,57264,0.5662779123855448,0.013255624413723108,0.05181045765211791,0.04989384288747356,0.06370070778564196,0.16754146258922134
2004-03-23,268598,74740,20467,97222,166079,005602,SOYBEANS - CHICAGO BOARD OF TRADE ,1052.0,0.25635708382043054,-68857,-0.41255694046252006,54273,-1.137288303155205,0.012096421965735033,0.03141575724474041,0.06370070778564196,-0.03398288973384034,0.1679300170815649
2004-03-30,269823,71515,18265,100378,170508,005602,SOYBEANS - CHICAGO BOARD OF TRADE ,1016.25,0.2599111269239464,-70130,-0.47394247164908154,53250,-0.3808665738389712,0.028000708785245455,0.06044776119402985,-0.03398288973384034,-0.0071340713407134215,0.1684673195166838
2004-04-06,275392,63756,20643,105397,163950,005602,SOYBEANS - CHICAGO BOARD OF TRADE ,1009.0,0.2126169242389031,-58553,4.290590498215497,43113,-3.756907305900535,0.04298172988746858,0.12010805815234778,-0.0071340713407134215,-0.0557482656095144,0.1684647912174274
2004-04-20,262329,54497,20828,106021,148279,005602,SOYBEANS - CHICAGO BOARD OF TRADE ,952.75,0.1610877943345951,-42258,5.9170201022542415,33669,-3.4292935161515223,0.0640778607943374,0.12537670096249584,-0.0557482656095144,0.052742062450800375,0.16663861280252482
2004-04-27,255513,54075,15888,100627,149616,005602,SOYBEANS - CHICAGO BOARD OF TRADE ,1003.0,0.1917280138388262,-48989,-2.565861951976335,38187,1.7222647896343903,0.02689785528466331,0.07664050998384861,0.052742062450800375,0.03514456630109675,0.16553686522133843
2004-05-04,242547,58742,18277,96401,151736,005602,SOYBEANS - CHICAGO BOARD OF TRADE ,1038.25,0.22814134992393226,-55335,-2.483630969852806,40465,0.8915397651000144,0.025574581783450272,0.09161375764421766,0.03514456630109675,0.014688177221285903,0.16522242081785116
2004-05-11,235332,61811,19982,92007,148096,005602,SOYBEANS - CHICAGO BOARD OF TRADE ,1053.5,0.23833987727975797,-56089,-0.3108675844269358,41829,0.5623652323054913,0.03346063980874874,0.05836685290917316,0.014688177221285903,-0.1703844328429046,0.1650316584668977
2004-05-18,215413,40553,22249,100458,125029,005602,SOYBEANS - CHICAGO BOARD OF TRADE ,874.0,0.11406461077093769,-24571,13.392993728009792,18304,-9.99651556099468,0.13977745945442532,0.37458998121078946,-0.1703844328429046,0.009439359267734648,0.16228963067118052
2004-05-25,204428,41921,19083,92977,120139,005602,SOYBEANS - CHICAGO BOARD OF TRADE ,882.25,0.13286829592815075,-27162,-1.2028057730963313,22838,2.1047940467845487,0.05804819910283601,0.07432299521342862,0.009439359267734648,-0.02068574667044487,0.16038644199608013
2004-06-01,201050,41072,18086,93418,118070,005602,SOYBEANS - CHICAGO BOARD OF TRADE ,864.0,0.12261626461079334,-24652,1.227816150429491,22986,0.07239712759504568,0.011868285671054623,0.031204570810372225,-0.02068574667044487,-0.01388888888888884,0.15885148988318007
2004-06-08,204374,40234,18564,91545,112054,005602,SOYBEANS - CHICAGO BOARD OF TRADE ,852.0,0.10035033810562988,-20509,2.0606814225317085,21670,-0.6545635414076101,0.038747734517360105,0.022381713663730058,-0.01388888888888884,0.03755868544600949,0.1576527157415851
2004-06-15,202352,41124,16425,91058,117239,005602,SOYBEANS - CHICAGO BOARD OF TRADE ,884.0,0.12938345062070056,-26181,-2.775304099347275,24699,1.4820867625040366,0.027230348972860866,0.0526334080522685,0.03755868544600949,0.0033936651583710287,0.15854700926308898
2004-06-22,200105,41445,15383,90226,113350,005602,SOYBEANS - CHICAGO BOARD OF TRADE ,887.0,0.1155593313510407,-23124,1.5107337708547481,26062,0.6735787143196015,0.023190356427083742,0.023984655451537974,0.0033936651583710287,0.008455467869222133,0.1588836082398095
2004-06-29,183456,34735,17108,88209,103790,005602,SOYBEANS - CHICAGO BOARD OF TRADE ,894.5,0.0849304465375894,-15581,3.769521001474226,17627,-4.215286974338472,0.06029718904785963,0.16270277568813532,0.008455467869222133,0.09502515371716047,0.15947445726009157
2004-07-06,168902,29585,19828,84534,94422,005602,SOYBEANS - CHICAGO BOARD OF TRADE ,979.5,0.05854282364921671,-9888,3.1031964067678355,9757,-4.2898569684283965,0.07288383736784461,0.15926982777811508,0.09502515371716047,-0.06993363961204702,0.1591283892219149
2004-07-13,178515,28848,27092,89493,90637,005602,SOYBEANS - CHICAGO BOARD OF TRADE ,911.0,0.006408425062319693,-1144,5.176966524967141,1756,-4.737066464577092,0.04854271914728252,0.14302824454772972,-0.06993363961204702,-0.2041712403951701,0.1584698380394322
2004-07-20,169419,25037,32809,91697,75260,005602,SOYBEANS - CHICAGO BOARD OF TRADE ,725.0,-0.09701981477874383,16437,9.848472117189031,-7772,-5.33736660784808,0.10530256293536659,0.16471320402447878,-0.2041712403951701,-0.08206896551724141,0.1576502031297404
2004-07-27,166698,25014,40018,96854,67798,005602,SOYBEANS - CHICAGO BOARD OF TRADE ,665.5,-0.1743032309925734,29056,7.448397169148678,-15004,-4.268706579545388,0.07664042951194033,0.11120679050313692,-0.08206896551724141,-0.09917355371900827,0.15667599154364126
2004-08-03,170508,32066,43239,101653,72406,005602,SOYBEANS - CHICAGO BOARD OF TRADE ,599.5,-0.17152860862833416,29247,0.11457845924966105,-11173,2.2981679444264476,0.05404489282369771,0.13641856450434897,-0.09917355371900827,0.05170975813177647,0.15692071508036293
2004-08-10,168452,28427,47895,103698,67513,005602,SOYBEANS - CHICAGO BOARD OF TRADE ,630.5,-0.21480896635243274,36185,4.069017289511343,-19468,-4.864874375395876,0.04052309723090222,0.10868425879824953,0.05170975813177647,-0.06145915939730373,0.15706129640173014
2004-08-17,172276,28433,49381,105060,66555,005602,SOYBEANS - CHICAGO BOARD OF TRADE ,591.75,-0.22350762729573476,38505,1.3772469308764514,-20948,-0.878588559352219,0.013518631821227749,0.019173927570874136,-0.06145915939730373,0.047739754964089665,0.15722302421634
2004-08-24,176009,29469,51770,108568,70727,005602,SOYBEANS - CHICAGO BOARD OF TRADE ,620.0,-0.21499468777164804,37841,-0.3854280340848406,-22301,-0.7853676658385381,0.04283443486990714,0.04215955390883689,0.047739754964089665,0.011693548387096797,0.15595269122429387
2004-08-31,174311,30928,50049,107126,69061,005602,SOYBEANS - CHICAGO BOARD OF TRADE ,627.25,-0.218374055567348,38065,0.12726621934105642,-19121,1.8067257924310691,0.017640348039299154,0.03927041011645282,0.011693548387096797,-0.0625747309685134,0.15239865571372702
2004-09-07,177806,32437,51898,106355,69180,005602,SOYBEANS - CHICAGO BOARD OF TRADE ,588.0,-0.20907618415576526,37175,-0.5105816615130427,-19461,-0.19505366844318486,0.00507021391745236,0.03981739491314401,-0.0625747309685134,-0.04761904761904767,0.1479508687960695
2004-09-14,181876,32439,58506,107176,62697,005602,SOYBEANS - CHICAGO BOARD OF TRADE ,560.0,-0.24455673095955485,44479,4.107847879149185,-26067,-3.715285198474742,0.04299682704137797,0.07268129089009841,-0.04761904761904767,-0.031696428571428625,0.14246744050898008
2004-09-21,194711,34179,66518,116630,61300,005602,SOYBEANS - CHICAGO BOARD OF TRADE ,542.25,-0.2841647364555675,55330,5.966152763421232,-32339,-3.4485033759264554,0.06098465688754005,0.09684499041679494,-0.031696428571428625,-0.019824804057169243,0.13541154387992638
2004-09-28,207611,35038,72651,125621,66189,005602,SOYBEANS - CHICAGO BOARD OF TRADE ,531.5,-0.28626614196742944,59432,2.1067119988084904,-37613,-2.7086297127537735,0.07236327615869871,0.06492770849390374,-0.019824804057169243,-0.01411100658513642,0.12814911983975089
2004-10-05,231567,39091,83308,146918,79601,005602,SOYBEANS - CHICAGO BOARD OF TRADE ,524.0,-0.2907020430372203,67317,3.797968315744349,-44217,-3.1809489863253875,0.1532277645583814,0.12018072043072248,-0.01411100658513642,-0.020992366412213692,0.120198111595801
2004-10-12,246199,38245,88987,157403,81977,005602,SOYBEANS - CHICAGO BOARD OF TRADE ,513.0,-0.3063619267340647,75426,3.5017942971148743,-50742,-2.817759007112412,0.05372629292338541,0.051284268108651915,-0.020992366412213692,0.02875243664717342,0.11096737190227546
2004-10-19,264885,45197,92842,167431,92141,005602,SOYBEANS - CHICAGO BOARD OF TRADE ,527.75,-0.28423655548634313,75290,-0.05523986693690876,-47645,1.2579254992912239,0.07778959209776093,0.07828946891820428,0.02875243664717342,0.02131691141639025,0.1016783176442754
2004-10-26,234339,32904,68778,147384,88465,005602,SOYBEANS - CHICAGO BOARD OF TRADE ,539.0,-0.2514263524210652,58919,-6.180417917209355,-35874,4.4438152405760984,0.1005855441405306,0.35755590960051925,0.02131691141639025,-0.020408163265306145,0.09282427481654695
2004-11-02,229304,30780,82205,151563,80389,005602,SOYBEANS - CHICAGO BOARD OF TRADE ,528.0,-0.31039144541743713,71174,5.229603267061821,-51425,-6.636112640234873,0.05283420707732634,0.13763773952294553,-0.020408163265306145,-0.03314393939393945,0.08183377238365944
2004-11-09,229696,31465,91675,146389,71931,005602,SOYBEANS - CHICAGO BOARD OF TRADE ,510.5,-0.324158888269713,74458,1.4321599274325785,-60210,-3.831158636569794,0.06244045437889337,0.08246711060581452,-0.03314393939393945,0.05876591576885404,0.07028273928494201
2004-11-16,225177,33489,75539,134578,81719,005602,SOYBEANS - CHICAGO BOARD OF TRADE ,540.5,-0.2347442234331215,52859,-9.403298272499304,-42050,7.9061019782669275,0.09985806553026626,0.1665627178339509,0.05876591576885404,0.03839037927844591,0.06071747628134023
2004-11-23,228585,39758,67215,131640,94241,005602,SOYBEANS - CHICAGO BOARD OF TRADE ,561.25,-0.163610910602183,37399,-6.865710085843581,-27457,6.480679643125185,0.06844311827909386,0.13641760070298112,0.03839037927844591,-0.04721603563474386,0.05219457384075181
2004-11-30,237803,36769,65757,141461,101780,005602,SOYBEANS - CHICAGO BOARD OF TRADE ,534.75,-0.1668650101134132,39681,0.9983157250038279,-28988,-0.669772732244023,0.07136954707471191,0.04337436357606851,-0.04721603563474386,-0.02384291725105192,0.0438710862911273
2004-12-07,242872,29029,78605,146032,87049,005602,SOYBEANS - CHICAGO BOARD OF TRADE ,522.0,-0.24285631937810864,58983,8.116802563466399,-49576,-8.657586321450948,0.08281241285218444,0.1912778490068194,-0.02384291725105192,0.05411877394636022,0.03420063255285622
2004-12-14,253055,32052,69574,148699,101131,005602,SOYBEANS - CHICAGO BOARD OF TRADE ,550.25,-0.18797494615794985,47568,-4.700006587832274,-37522,4.963108139266774,0.06704158828003041,0.11861137897782063,0.05411877394636022,-0.002271694684234493,0.025330790216401052
2004-12-21,242690,37562,70567,141602,99268,005602,SOYBEANS - CHICAGO BOARD OF TRADE ,549.0,-0.1744365239606082,42334,-2.068325067673036,-33005,1.7849874533204242,0.03719848881139204,0.06014112772706674,-0.002271694684234493,0.004098360655737654,0.016457985998851326
2004-12-28,236272,36521,67090,144920,100484,005602,SOYBEANS - CHICAGO BOARD OF TRADE ,551.25,-0.18807137536398727,44436,0.8661255099097613,-30569,1.0037496394577445,0.01847565646851722,0.043605408692127284,0.004098360655737654,-0.03900226757369618,0.007582519731995154
2005-01-04,233674,30135,75205,147212,89160,005602,SOYBEANS - CHICAGO BOARD OF TRADE ,529.75,-0.24843157561388943,58052,5.762849597074558,-45070,-6.13741789124399,0.057604115546680656,0.13765900892348584,-0.03900226757369618,0.05238319962246352,-0.002894773841122199
2005-01-11,233595,28599,80137,151466,88576,005602,SOYBEANS - CHICAGO BOARD OF TRADE ,557.5,-0.26922665296774334,62890,2.0704057789912444,-51538,-2.7679587801809356,0.02015480624224094,0.05948351971748087,0.05238319962246352,-0.07892376681614355,-0.014358138651675926
2005-01-18,247702,27455,101769,158347,77775,005602,SOYBEANS - CHICAGO BOARD OF TRADE ,513.5,-0.3252779549620108,80572,7.569511333718617,-74314,-9.750208694535415,0.07488501706744818,0.1762520893951588,-0.07892376681614355,0.02434274586173313,-0.027144560214123762
2005-01-25,253102,27221,99935,151859,71612,005602,SOYBEANS - CHICAGO BOARD OF TRADE ,526.0,-0.31705399404192774,80247,-0.1312060459745985,-72714,0.6459374571057158,0.05661137239283844,0.016263487369844915,0.02434274586173313,-0.03612167300380231,-0.03978444184066468
2005-02-01,269530,31256,107015,161571,76931,005602,SOYBEANS - CHICAGO BOARD OF TRADE ,507.0,-0.31402812302897637,84640,1.735663882545377,-75759,-1.2030722791601804,0.06302253230580876,0.08038561954422836,-0.03612167300380231,-0.006903353057199246,-0.0522889403146593
2005-02-08,272127,31832,109993,161938,78725,005602,SOYBEANS - CHICAGO BOARD OF TRADE ,503.5,-0.3057873713376475,83213,-0.5294401365339665,-78161,-0.8911809446072793,0.00897936118140304,0.025059051648157943,-0.006903353057199246,0.06305858987090374,-0.06345569599812195
2005-02-15,262376,36829,86385,151637,89365,005602,SOYBEANS - CHICAGO BOARD OF TRADE ,535.25,-0.2373387809860658,62272,-7.6953040308385425,-49556,10.511636111080488,0.08689139509215692,0.2321570600743422,0.06305858987090374,0.07800093414292397,-0.07305330441091311
2005-02-22,265774,38055,67274,153463,101083,005602,SOYBEANS - CHICAGO BOARD OF TRADE ,577.0,-0.19708474117107017,52380,-3.770161905052291,-29219,7.751090038723054,0.053208457410448405,0.1930807280046331,0.07800093414292397,0.048526863084922045,-0.08149995629574297
2005-03-01,273860,53541,61425,149249,107261,005602,SOYBEANS - CHICAGO BOARD OF TRADE ,605.0,-0.15331921419703498,41988,-3.9100890230045073,-7884,8.027497046362699,0.04051304042727379,0.18557660525720648,0.048526863084922045,0.023966942148760273,-0.08925458786178729
2005-03-08,288410,63758,57401,152118,115099,005602,SOYBEANS - CHICAGO BOARD OF TRADE ,619.5,-0.12835546617662355,37019,-1.8144307310304535,6357,5.2001022420214715,0.040068558512370095,0.11753976180060911,0.023966942148760273,0.09927360774818395,-0.09661314925814016
2005-03-15,308206,67062,57683,171316,135854,005602,SOYBEANS - CHICAGO BOARD OF TRADE ,681.0,-0.11505940831781342,35462,-0.5398564543531778,9379,1.0478138760791929,0.13006804049874662,0.02874664315203014,0.09927360774818395,-0.078928046989721,-0.10393846806199916
2005-03-22,304258,65696,48054,168604,139161,005602,SOYBEANS - CHICAGO BOARD OF TRADE ,627.25,-0.0967698466433093,29443,-1.9529146090601741,17642,2.6809990720492136,0.019557129628125357,0.09665934065934066,-0.078928046989721,-0.005181347150259086,-0.11075508226437863
2005-03-29,297970,58203,44086,167051,136513,005602,SOYBEANS - CHICAGO BOARD OF TRADE ,624.0,-0.10248682753297311,30538,0.3598919338193244,14117,-1.158556225308784,0.013838926881975465,0.11204528346156478,-0.005181347150259086,-0.01041666666666663,-0.11765592671348256
2005-04-05,281916,52451,43780,157699,123439,005602,SOYBEANS - CHICAGO BOARD OF TRADE ,617.5,-0.12152556080534627,34260,1.2491190388294124,8671,-1.8277007752458303,0.0797686545397634,0.06295268676414045,-0.01041666666666663,0.0,-0.12499124763135357
2005-04-12,274659,48109,47117,151951,112833,005602,SOYBEANS - CHICAGO BOARD OF TRADE ,617.5,-0.14242387833640988,39118,1.7232083315597553,992,-2.72386100824359,0.06176355066771406,0.08063974124713838,0.0,0.021862348178137703,-0.13181895537318652
2005-04-19,269197,55300,43196,139425,114750,005602,SOYBEANS - CHICAGO BOARD OF TRADE ,631.0,-0.09166149697062002,24675,-5.258520565501222,12104,4.045743995281422,0.05682305498180387,0.1128167641325536,0.021862348178137703,0.009112519809825637,-0.13667951866751757
2005-04-26,255408,52928,32277,129970,116762,005602,SOYBEANS - CHICAGO BOARD OF TRADE ,636.75,-0.05171333709202531,13208,-4.259705717374265,20651,3.174998235492966,0.04647552810336722,0.15598849832756292,0.009112519809825637,-0.028268551236749095,-0.1413610831084955
2005-05-03,241954,42480,29853,125995,107966,005602,SOYBEANS - CHICAGO BOARD OF TRADE ,618.75,-0.07451416384932673,18029,1.8875681262920503,12627,-3.1416400425985094,0.05458602074704758,0.17795473711860424,-0.028268551236749095,0.015353535353535452,-0.14718138145028895
2005-05-10,247350,48840,26813,124304,119365,005602,SOYBEANS - CHICAGO BOARD OF TRADE ,628.25,-0.019967657165959166,4939,-5.41011927887119,22027,3.885035998578242,0.05372041580997172,0.12425151679378214,0.015353535353535452,-0.011937922801432577,-0.1521488340357835
2005-05-17,237723,36976,32098,127073,105341,005602,SOYBEANS - CHICAGO BOARD OF TRADE ,620.75,-0.09141732184096617,21732,6.789165150596322,4878,-6.933090762078027,0.07225468345280404,0.2482699713350899,-0.011937922801432577,0.03987112364075718,-0.15610040966293548
2005-05-24,261822,50721,24261,128763,131497,005602,SOYBEANS - CHICAGO BOARD OF TRADE ,645.5,0.010442208828899024,-2734,-10.291810216091838,26460,9.078633535669665,0.106993006993007,0.28782907897895493,0.03987112364075718,0.05383423702556156,-0.15845475749176724
2005-05-31,292238,66077,25449,131391,148410,005602,SOYBEANS - CHICAGO BOARD OF TRADE ,680.25,0.058236779611138864,-17019,-5.455996822268564,40628,5.411309973951769,0.0698389212333051,0.18075738041649367,0.05383423702556156,-0.008085262771040047,-0.15969282451099137
2005-06-07,303804,77855,27490,130426,157332,005602,SOYBEANS - CHICAGO BOARD OF TRADE ,674.75,0.08856367921423022,-26906,-3.383201363272401,50365,3.331873336116453,0.03435873199007499,0.1311785087094784,-0.008085262771040047,0.022230455724342457,-0.15991949102813366
2005-06-14,305060,81562,23957,128749,164341,005602,SOYBEANS - CHICAGO BOARD OF TRADE ,689.75,0.11667213007277256,-35592,-2.8590801964424433,57605,2.3831154296849286,0.029635948002320108,0.0686132355310418,0.022230455724342457,0.06596592968466841,-0.16016393950020918
2005-06-21,336252,89292,34712,142790,185419,005602,SOYBEANS - CHICAGO BOARD OF TRADE ,735.25,0.12677694110369603,-42629,-2.3067593260342227,54580,-0.9916082082213334,0.1070019408364792,0.1490677720073546,0.06596592968466841,-0.09316558993539614,-0.15994821623573507
2005-06-28,317235,80445,23852,146586,191875,005602,SOYBEANS - CHICAGO BOARD OF TRADE ,666.75,0.14276167509890145,-45289,-0.7910733616454326,56593,0.598658149245209,0.030290048188713028,0.18895078477808566,-0.09316558993539614,0.06824146981627299,-0.1588360772249406
2005-07-05,290635,72412,25331,137615,176770,005602,SOYBEANS - CHICAGO BOARD OF TRADE ,712.25,0.13472224611626266,-39155,1.9335823600800668,47081,-2.998408120163286,0.07658126182864959,0.09731643186724369,0.06824146981627299,-0.019305019305019266,-0.15737108833134356
2005-07-12,276341,68949,26011,135329,169825,005602,SOYBEANS - CHICAGO BOARD OF TRADE ,698.5,0.12483127729869979,-34496,1.6030416157723604,42938,-1.425499337657199,0.030250299848601035,0.04362889637742207,-0.019305019305019266,-0.0229062276306371,-0.15509372578833622
2005-07-19,277449,65890,25523,134892,169448,005602,SOYBEANS - CHICAGO BOARD OF TRADE ,682.5,0.12454901621559278,-34556,-0.02171230472495938,40367,-0.9303722574645094,0.002674640205033844,0.038801920952162165,-0.0229062276306371,-0.00952380952380949,-0.15083278673075287
2005-07-26,273064,69015,27235,132023,164466,005602,SOYBEANS - CHICAGO BOARD OF TRADE ,676.0,0.11881097471654997,-32443,0.7615814077542179,41780,0.5092827871068196,0.026479903132999874,0.050254545454545455,-0.00952380952380949,0.019970414201183395,-0.1451959750825005
2005-08-02,272292,70606,24332,128304,166197,005602,SOYBEANS - CHICAGO BOARD OF TRADE ,689.5,0.13916310431448592,-37893,-1.9958691002841824,46274,1.6457680250783697,0.01850587943674215,0.0473361562282753,0.019970414201183395,-0.0674401740391588,-0.1392211344489847
2005-08-09,256519,61850,24292,124635,151160,005602,SOYBEANS - CHICAGO BOARD OF TRADE ,643.0,0.10340364651351362,-26525,4.174929854714791,37558,-3.2009754234424808,0.06782574013306986,0.1021104687608832,-0.0674401740391588,-0.04082426127527217,-0.1331016611246396
2005-08-16,258024,65536,27383,124827,146454,005602,SOYBEANS - CHICAGO BOARD OF TRADE ,616.75,0.08381778439214957,-21627,1.9094102191260687,38153,0.23195162931400792,0.018055079419494916,0.0729344913311594,-0.04082426127527217,-0.009728415079043318,-0.12719155705371873
2005-08-23,256077,59712,30532,126600,141003,005602,SOYBEANS - CHICAGO BOARD OF TRADE ,610.75,0.056244801368338426,-14403,2.79973955911078,29180,-3.477583480606455,0.026995213058149573,0.09943043304818049,-0.009728415079043318,-0.018010642652476427,-0.12197541303179592
2005-08-30,243909,55566,33554,125656,130533,005602,SOYBEANS - CHICAGO BOARD OF TRADE ,599.75,0.0199951621301387,-4877,3.7199748513142534,22012,-2.7991580657380397,0.04455304482237723,0.08043087971274686,-0.018010642652476427,0.008336807002917945,-0.11739138961453657
2005-09-06,245509,60018,38829,121485,125162,005602,SOYBEANS - CHICAGO BOARD OF TRADE ,604.75,0.014977047684606268,-3677,0.4919867655560065,21189,-0.3374209233771611,0.038686868277335626,0.09840460509676571,0.008336807002917945,-0.04754030591153369,-0.11308267361760634
2005-09-13,244304,58961,43025,123463,118674,005602,SOYBEANS - CHICAGO BOARD OF TRADE ,576.0,-0.019602626236164777,4789,3.448346089145408,15936,-2.1396364288070906,0.034963677587481465,0.05150706959778793,-0.04754030591153369,-0.00694444444444442,-0.10875663314215654
2005-09-20,248126,59238,49371,127698,112094,005602,SOYBEANS - CHICAGO BOARD OF TRADE ,572.0,-0.06288740398023585,15604,4.426861615037003,9867,-2.4842000130984347,0.045101588042970576,0.06098021342614332,-0.00694444444444442,-0.02534965034965031,-0.10450129982532325
2005-09-27,253289,56245,54331,130414,106992,005602,SOYBEANS - CHICAGO BOARD OF TRADE ,557.5,-0.09247144566088539,23422,3.1508185357439364,1914,-3.205226376921403,0.032930928451681926,0.07192338301258863,-0.02534965034965031,0.008968609865470878,-0.10077447874250509
2005-10-04,267206,57675,55468,139835,113097,005602,SOYBEANS - CHICAGO BOARD OF TRADE ,562.5,-0.1000651182982418,26738,1.309176474304056,2207,0.11567813841106404,0.0613840874227065,0.022688102666537036,0.008968609865470878,0.001777777777777878,-0.09710838403598626
2005-10-11,288160,58096,54032,151573,122401,005602,SOYBEANS - CHICAGO BOARD OF TRADE ,563.5,-0.10123542476401999,29172,0.9109076891985958,4064,0.6949694243392739,0.07680290830516764,0.01656142979452055,0.001777777777777878,0.037267080745341685,-0.0931636436134854
2005-10-18,298791,60825,49055,156777,137683,005602,SOYBEANS - CHICAGO BOARD OF TRADE ,584.5,-0.06390420059506478,19094,-3.4973625763464744,11770,2.6742087729039423,0.06957141886843714,0.07013105205678923,0.037267080745341685,-0.011120615911035081,-0.08892648294249929
2005-10-25,289231,44149,43187,164848,136267,005602,SOYBEANS - CHICAGO BOARD OF TRADE ,578.0,-0.09881720839052523,28581,3.1751291036209257,962,-3.617244160634022,0.03150623515932451,0.2581295227626637,-0.011120615911035081,-0.006055363321799345,-0.08599169171114274
2005-11-01,274636,47813,44732,156209,129813,005602,SOYBEANS - CHICAGO BOARD OF TRADE ,574.5,-0.09611267277414469,26396,-0.7554515249056982,3081,0.7326323941762812,0.05276866814440847,0.05628613107137068,-0.006055363321799345,-0.0004351610095735259,-0.0818709460833871
2005-11-08,270161,47024,43007,151917,129973,005602,SOYBEANS - CHICAGO BOARD OF TRADE ,574.25,-0.08122563952606039,21944,-1.6210547779606461,4017,0.3408147511615374,0.01579339458654085,0.027923715164776576,-0.0004351610095735259,0.03134523291249458,-0.07719915283831688
2005-11-15,268851,50295,44700,146031,127283,005602,SOYBEANS - CHICAGO BOARD OF TRADE ,592.25,-0.06973379306753555,18748,-1.1829982862071136,5595,0.5840961500734747,0.0313778291635262,0.05225538186220327,0.03134523291249458,-0.03376952300548752,-0.07402587533128638
2005-11-22,272262,43581,56945,153838,117989,005602,SOYBEANS - CHICAGO BOARD OF TRADE ,572.25,-0.13167096399791378,35849,6.360772323703465,-13364,-7.051861439979766,0.06291133699007088,0.1885979746533235,-0.03376952300548752,-0.03189165574486674,-0.07341164558889658
2005-11-29,286509,42981,71252,162032,110750,005602,SOYBEANS - CHICAGO BOARD OF TRADE ,554.0,-0.1789891417023549,51282,5.668437020223167,-28271,-5.475240760737819,0.05657631368638693,0.13049644148363432,-0.03189165574486674,0.018050541516245522,-0.07364480196560699
2005-12-06,290574,45313,72878,162072,112498,005602,SOYBEANS - CHICAGO BOARD OF TRADE ,564.0,-0.1706071431029617,49574,-0.5961418314956948,-27565,0.2464145977962298,0.006512000582729358,0.03348816745775905,0.018050541516245522,0.05939716312056742,-0.07225539472954648
2005-12-13,289887,49798,62320,153942,119230,005602,SOYBEANS - CHICAGO BOARD OF TRADE ,597.5,-0.11974321028538706,34712,-5.1147039996696195,-12522,5.17699450054031,0.05440528311832838,0.13417114111917802,0.05939716312056742,0.012970711297071169,-0.07094324596276644
2005-12-20,294849,54193,47946,151604,130977,005602,SOYBEANS - CHICAGO BOARD OF TRADE ,605.25,-0.06995784282802384,20627,-4.858789804303056,6247,6.474591823710618,0.04984411549254904,0.18375938671809985,0.012970711297071169,0.010326311441553049,-0.06893404055637058
2005-12-27,292006,55477,43978,149942,132142,005602,SOYBEANS - CHICAGO BOARD OF TRADE ,611.5,-0.06095765155510503,17800,-0.9587958582189529,11499,1.7812507419051784,0.010021837466853844,0.052807802523754464,0.010326311441553049,0.009811937857726827,-0.06648954586773823
2006-01-03,287751,57119,41997,147461,131343,005602,SOYBEANS - CHICAGO BOARD OF TRADE ,617.5,-0.05601370629467838,16118,-0.5760155613240824,15122,1.2407279302480085,0.011764537094159339,0.03655312966624965,0.009811937857726827,-0.06356275303643721,-0.06278920222698417
2006-01-10,299439,57101,52153,158211,128715,005602,SOYBEANS - CHICAGO BOARD OF TRADE ,578.25,-0.09850420285934698,29496,4.649158473819378,4948,-3.535695792542858,0.0466252622627437,0.09312244860600069,-0.06356275303643721,-0.012105490704712452,-0.059506078186438084
2006-01-17,317721,53444,66189,169966,124983,005602,SOYBEANS - CHICAGO BOARD OF TRADE ,571.25,-0.1415801914258107,44983,5.172004982650891,-12745,-5.908715965522193,0.05250738263225168,0.1478939757424791,-0.012105490704712452,0.0,-0.055973428887665
2006-01-24,330206,54707,76211,176515,123280,005602,SOYBEANS - CHICAGO BOARD OF TRADE ,571.25,-0.1612175429883164,53235,2.5972472704039076,-21504,-2.75682123624186,0.02752547574175687,0.08619899479063231,0.0,0.040262582056892704,-0.05297657405971094
2006-01-31,342701,58411,72271,179140,130065,005602,SOYBEANS - CHICAGO BOARD OF TRADE ,594.25,-0.14320063262143967,49075,-1.2598196277475273,-13860,2.3149185659860816,0.030432884332400833,0.0584931360095499,0.040262582056892704,-0.03407656710138829,-0.049691430013412155
2006-02-07,351064,58678,65463,187730,144136,005602,SOYBEANS - CHICAGO BOARD OF TRADE ,574.0,-0.12417678827792084,43594,-1.599353372181581,-6785,2.064481866116527,0.06828358433825701,0.056991646595403615,-0.03407656710138829,0.016114982578397274,-0.04619891880072512
2006-02-14,362570,58908,60672,190062,155174,005602,SOYBEANS - CHICAGO BOARD OF TRADE ,583.25,-0.09622417740022617,34888,-2.479889706720142,-1764,1.4302235489825217,0.03872713158535031,0.04198862686067904,0.016114982578397274,0.0072867552507500655,-0.043485176424074345
2006-02-21,376082,65152,50631,190857,161992,005602,SOYBEANS - CHICAGO BOARD OF TRADE ,587.5,-0.07675187857967146,28865,-1.6611964586148882,14521,4.491546459993932,0.021575801546837317,0.1406510454902706,0.0072867552507500655,-0.012340425531914945,-0.041171082912701294
2006-02-28,351265,55656,59472,189918,148109,005602,SOYBEANS - CHICAGO BOARD OF TRADE ,580.25,-0.11902409861500576,41809,3.441802585606331,-3816,-4.875798363122936,0.04384856830963207,0.1592748940309916,-0.012340425531914945,-0.0038776389487289453,-0.040511561459200734
2006-03-07,353277,56249,60592,186299,144626,005602,SOYBEANS - CHICAGO BOARD OF TRADE ,578.0,-0.11796125986124203,41673,-0.03871720780607234,-4343,-0.15002918024853032,0.021461056130543176,0.0146609494954682,-0.0038776389487289453,-0.005622837370242162,-0.04031167287621262
2006-03-14,348345,51891,67410,186765,134353,005602,SOYBEANS - CHICAGO BOARD OF TRADE ,574.75,-0.1504600324391049,52412,3.0398242738700794,-15519,-3.1635232409695506,0.03344253514284468,0.0936790135874804,-0.005622837370242162,0.0008699434536754147,-0.04099245410931439
2006-03-21,353546,51011,81041,192530,123565,005602,SOYBEANS - CHICAGO BOARD OF TRADE ,575.25,-0.19506655428147965,68965,4.751898261780705,-30030,-4.165697799595229,0.05236716809819832,0.10988852876139703,0.0008699434536754147,0.010864841373315892,-0.04288277541004843
2006-03-28,359713,48230,82184,195818,123408,005602,SOYBEANS - CHICAGO BOARD OF TRADE ,581.5,-0.20129936921934988,72410,0.9744135133759114,-33954,-1.1098980047857987,0.010791727490868538,0.03008879414786756,0.010864841373315892,-0.039122957867583796,-0.0447830165963249
2006-04-04,377734,53596,96803,205776,116308,005602,SOYBEANS - CHICAGO BOARD OF TRADE ,558.75,-0.2368545060809988,89468,4.742113851876357,-43207,-2.5723284952170204,0.05296133927795234,0.13287987287149516,-0.039122957867583796,0.006711409395973256,-0.047000880928548996
2006-04-11,385414,56138,103208,207150,118858,005602,SOYBEANS - CHICAGO BOARD OF TRADE ,562.5,-0.22908353095632228,88292,-0.31133019532263445,-47070,-1.0226773337851502,0.012036514441363402,0.056148255996385225,0.006711409395973256,0.023111111111111082,-0.04866741270970116
2006-04-18,375811,53521,93543,199015,120940,005602,SOYBEANS - CHICAGO BOARD OF TRADE ,575.5,-0.20775070447645225,78075,-2.650915638767663,-40022,1.8286829227791415,0.03193261552405807,0.083514660283958,0.023111111111111082,0.0069504778453519656,-0.0508998974694287
2006-04-25,365777,45868,85714,199341,115642,005602,SOYBEANS - CHICAGO BOARD OF TRADE ,579.5,-0.22882521317633422,83699,1.4964969093507108,-39846,0.046832051217234195,0.01785493185346511,0.11766047027708958,0.0069504778453519656,0.018981880931837836,-0.054305895086434644
2006-05-02,356906,55608,69636,191712,137682,005602,SOYBEANS - CHICAGO BOARD OF TRADE ,590.5,-0.1513843981328417,54030,-8.111226238937933,-14028,7.058398969864152,0.09007146456826778,0.20614161157420716,0.018981880931837836,0.003386960203217715,-0.055784168822656084
2006-05-09,368136,61909,64558,185067,142265,005602,SOYBEANS - CHICAGO BOARD OF TRADE ,592.5,-0.11626681443814242,42802,-3.145926378374138,-2649,3.1882344370786706,0.034301565383158386,0.08997604118070326,0.003386960203217715,0.017299578059071674,-0.057636075693274995
2006-05-16,388099,69328,63227,186951,153480,005602,SOYBEANS - CHICAGO BOARD OF TRADE ,602.75,-0.08624345849899123,33471,-2.5346611035052264,6101,2.3768389942847206,0.03847769445203286,0.06601033533250349,0.017299578059071674,-0.02654500207382826,-0.05753657832131393
2006-05-23,372852,59890,72265,188548,137057,005602,SOYBEANS - CHICAGO BOARD OF TRADE ,586.75,-0.1381003722656711,51491,4.643145176874973,-12375,-4.760640970474029,0.05534313048018304,0.13980553138360258,-0.02654500207382826,-0.0055389859394971985,-0.06039316641928643
2006-05-30,384517,60241,85930,197916,135238,005602,SOYBEANS - CHICAGO BOARD OF TRADE ,583.5,-0.16300449655021754,62678,3.0003862122236167,-25689,-3.570853850857713,0.03357906553725905,0.09588769318127399,-0.0055389859394971985,0.01713796058269068,-0.06464780634546637
2006-06-06,383302,67728,80212,191146,141017,005602,SOYBEANS - CHICAGO BOARD OF TRADE ,593.5,-0.13078199435432114,50129,-3.2635748224395797,-12484,3.4341784628507974,0.03777964433124701,0.08925915911856158,0.01713796058269068,0.0037910699241785473,-0.06886599237563082
2006-06-13,379960,69171,72400,171054,132237,005602,SOYBEANS - CHICAGO BOARD OF TRADE ,595.75,-0.10216075376355406,38817,-2.951197750076963,-3229,2.4145451889110934,0.09519570313659159,0.06537355814397017,0.0037910699241785473,-0.017624842635333593,-0.07307431706479095
2006-06-20,374060,62316,74388,180339,134051,005602,SOYBEANS - CHICAGO BOARD OF TRADE ,585.25,-0.12374485376677538,46288,1.9662596062743447,-12072,-2.3273502473944623,0.035303285727917556,0.06468720739700375,-0.017624842635333593,-0.012387868432293891,-0.07789204388922308
2006-06-27,351200,52932,87247,184680,118277,005602,SOYBEANS - CHICAGO BOARD OF TRADE ,578.0,-0.1890746013667426,66403,5.377479548735497,-34315,-5.946372239747634,0.06639556108622675,0.15867569322081054,-0.012387868432293891,0.05017301038062283,-0.08427351074433162
2006-07-11,339653,64866,68796,165698,133185,005602,SOYBEANS - CHICAGO BOARD OF TRADE ,607.0,-0.0957241655454243,32513,-9.649772209567198,-3930,8.651765375854215,0.11338885115580344,0.22732713860334275,0.05017301038062283,-0.029654036243822124,-0.08870517250705637
2006-07-18,332154,59998,67314,169724,134045,005602,SOYBEANS - CHICAGO BOARD OF TRADE ,589.0,-0.10741704149280153,35679,0.9321277892437282,-7316,-0.9968997771254781,0.0160845905935102,0.04987746638180219,-0.029654036243822124,-0.006366723259762286,-0.09317148632996987
2006-07-25,329423,58961,76970,170110,126281,005602,SOYBEANS - CHICAGO BOARD OF TRADE ,585.25,-0.1330477835488111,43829,2.453681123816061,-18009,-3.2192898474803853,0.027497461123988244,0.07866491087389926,-0.006366723259762286,-0.020076890217855636,-0.0981252709408238
2006-08-01,342520,62002,97535,178380,118075,005602,SOYBEANS - CHICAGO BOARD OF TRADE ,573.5,-0.17606271166647203,60305,5.001472271213607,-35533,-5.319604277782668,0.055576731713076186,0.14796567567398158,-0.020076890217855636,-0.027898866608544015,-0.1037959187558819
2006-08-08,340431,65896,107136,175294,111551,005602,SOYBEANS - CHICAGO BOARD OF TRADE ,557.5,-0.18724205492449278,63743,1.0037370080579235,-41240,-1.6661800770757913,0.03350241419582004,0.07799135420037911,-0.027898866608544015,-0.0017937219730941312,-0.11007294104893918
2006-08-15,343399,63370,107696,180534,112811,005602,SOYBEANS - CHICAGO BOARD OF TRADE ,556.5,-0.1972137367901479,67723,1.1691062212313215,-44326,-0.9064979393768487,0.022158209616662972,0.01803982088784446,-0.0017937219730941312,-0.01302785265049411,-0.1158540445740096
2006-08-22,354380,63215,104640,184131,120608,005602,SOYBEANS - CHICAGO BOARD OF TRADE ,549.25,-0.17925108640442464,63523,-1.2230670444584872,-41425,0.8447898799938264,0.03738937254503034,0.01912960590986268,-0.01302785265049411,-0.022303140646335873,-0.12091306132009756
2006-08-29,360481,64395,104171,188066,123524,005602,SOYBEANS - CHICAGO BOARD OF TRADE ,537.0,-0.17904411050790472,64542,0.28754444381737115,-39776,0.46531971330210514,0.02198722680445457,0.009782518420084714,-0.022303140646335873,0.007914338919925434,-0.1254378480869484
2006-09-05,358095,68266,108450,189034,121302,005602,SOYBEANS - CHICAGO BOARD OF TRADE ,541.25,-0.18914533852748572,67732,0.8849287479783955,-40184,-0.11318210945930576,0.010279181274489586,0.04611919690350619,0.007914338919925434,-0.025866050808314056,-0.1294597807919027
2006-09-12,355804,68463,111954,193104,122924,005602,SOYBEANS - CHICAGO BOARD OF TRADE ,527.25,-0.1972434261559735,70180,0.6836174758094918,-43491,-0.9234979544534271,0.018011062310934474,0.02051358796565734,-0.025866050808314056,0.032242769084874334,-0.1335409437503754
2006-09-19,360125,67181,109480,192855,124627,005602,SOYBEANS - CHICAGO BOARD OF TRADE ,544.25,-0.1894564387365498,68228,-0.5486166541129386,-42299,0.33501590763454037,0.006148380065641517,0.02126105931699696,0.032242769084874334,0.0045934772622875375,-0.13680736322153664
2006-09-26,366727,64033,107087,200137,130561,005602,SOYBEANS - CHICAGO BOARD OF TRADE ,546.75,-0.189721509460716,69576,0.3743144741409233,-43054,-0.20964942728219368,0.03996395502845496,0.03238078541374474,0.0045934772622875375,-0.007773205304069553,-0.1392464806346228
2006-10-03,379185,64087,102483,205401,138994,005602,SOYBEANS - CHICAGO BOARD OF TRADE ,542.5,-0.17513087279296385,66407,-0.8641305385204798,-38396,1.270154638191352,0.03977119296157029,0.027964219247163354,-0.007773205304069553,0.03317972350230414,-0.14083608500254738
2006-10-10,378618,68192,85959,204912,163969,005602,SOYBEANS - CHICAGO BOARD OF TRADE ,560.5,-0.10813801773819523,40943,-6.715455516436568,-17767,5.440352334612393,0.06903039191500782,0.13382332907344097,0.03317972350230414,0.07136485280999105,-0.14099133306870032
2006-10-17,396327,79176,68149,198199,183770,005602,SOYBEANS - CHICAGO BOARD OF TRADE ,600.5,-0.03640680549142501,14429,-7.002836632172797,11027,7.605026702375481,0.06941401003746377,0.19544544374681827,0.07136485280999105,0.03830141548709398,-0.13974462885191966
2006-10-24,384774,80832,50050,194551,195951,005602,SOYBEANS - CHICAGO BOARD OF TRADE ,623.5,0.003638499482813288,-1400,-3.993924209049598,30782,4.984520358189071,0.040535003661953076,0.15093748567411866,0.03830141548709398,0.010825982357658415,-0.13844573077349892
2006-10-31,375802,68240,45483,200978,193603,005602,SOYBEANS - CHICAGO BOARD OF TRADE ,630.25,-0.01962469598352324,7375,2.2805594972633285,22757,-2.0856398821126167,0.022238779870292793,0.15088416591190876,0.010825982357658415,0.03887346291154303,-0.13692279784259506
2006-11-07,385229,77892,43993,195919,203626,005602,SOYBEANS - CHICAGO BOARD OF TRADE ,654.75,0.020006281977732725,-7707,-4.0132835908270845,33899,2.964859154554792,0.03774793827979327,0.09141403782253764,0.03887346291154303,0.0019091256204657459,-0.13468974102044357
2006-11-14,394104,87271,47278,202189,209729,005602,SOYBEANS - CHICAGO BOARD OF TRADE ,656.0,0.019132005764975743,-7540,0.043350838072938436,39993,1.5819162108771667,0.030037531741754428,0.09412184408654097,0.0019091256204657459,0.02591463414634143,-0.13275978630330826
2006-11-21,393988,85926,50031,205394,204846,005602,SOYBEANS - CHICAGO BOARD OF TRADE ,673.0,-0.001390905306760612,548,2.0522501674684857,35895,-1.0398270507277267,0.019715288611544462,0.030141883095390454,0.02591463414634143,0.019687964338781505,-0.13144550000021643
2006-11-28,410571,95812,47553,199510,215413,005602,SOYBEANS - CHICAGO BOARD OF TRADE ,686.25,0.038733860891295296,-15903,-4.175507883488837,48259,3.138166644669381,0.03964832029075274,0.08624141178111812,0.019687964338781505,-0.032058287795992735,-0.1281684841369624
2006-12-05,418234,92076,43689,203073,221247,005602,SOYBEANS - CHICAGO BOARD OF TRADE ,664.25,0.0434541428960821,-18174,-0.5531321013905025,48387,0.03117609378158711,0.022146021870286577,0.05597908150112327,-0.032058287795992735,-0.0018818216033119617,-0.12389072866391555
2006-12-12,425133,99936,45028,192375,218091,005602,SOYBEANS - CHICAGO BOARD OF TRADE ,663.0,0.06048930569962812,-25716,-1.803296719061578,54908,1.5591750072925683,0.03375188200727953,0.06345713418503904,-0.0018818216033119617,-0.014328808446455454,-0.11944656618694266
2006-12-19,423743,96622,42314,201626,225813,005602,SOYBEANS - CHICAGO BOARD OF TRADE ,653.5,0.0570794089813873,-24187,0.35965215591356114,54308,-0.14113230447883368,0.039708589997637087,0.043386883169229,-0.014328808446455454,0.02754399387911244,-0.11604613120104315
2006-12-26,397897,91973,37231,190397,217143,005602,SOYBEANS - CHICAGO BOARD OF TRADE ,671.5,0.06721840074190054,-26746,-0.603903781301402,54742,0.10242057095928428,0.04882710899543603,0.07532274542583821,0.02754399387911244,-0.026805658972449686,-0.11340812651700614
2007-01-09,391999,104630,38494,177355,215736,005602,SOYBEANS - CHICAGO BOARD OF TRADE ,653.5,0.09791096405858178,-38381,-2.92412357972038,66136,2.8635551411546207,0.036757392054257154,0.09725832145552109,-0.026805658972449686,0.08416220351951043,-0.11035296083212756
2007-01-16,416414,114828,42095,180928,229381,005602,SOYBEANS - CHICAGO BOARD OF TRADE ,708.5,0.11635775934526697,-48453,-2.5693943096793617,72733,1.6829124564093276,0.04196349580438158,0.0879348470268858,0.08416220351951043,0.026464361326746566,-0.10703812495443629
2007-01-23,430593,129173,41205,179818,242292,005602,SOYBEANS - CHICAGO BOARD OF TRADE ,727.25,0.14508828522525913,-62474,-3.3670817984025514,87968,3.658618586310739,0.03321646016441212,0.08941882167885525,0.026464361326746566,-0.008594018563080064,-0.10235365402973234
2007-01-30,441976,128492,36451,181540,249565,005602,SOYBEANS - CHICAGO BOARD OF TRADE ,721.0,0.15391107209441238,-68025,-1.289152401455667,92041,0.9459048335667323,0.02086498648821053,0.03295077693506242,-0.008594018563080064,0.02461858529819705,-0.0966711297312665
2007-02-06,461503,143740,36050,185742,266713,005602,SOYBEANS - CHICAGO BOARD OF TRADE ,738.75,0.17545064712472075,-80971,-2.929118323166869,107690,3.5406899922167723,0.04718701307312329,0.08704043606429723,0.02461858529819705,0.021996615905245376,-0.09019674145986192
2007-02-13,475776,146228,43064,188052,264309,005602,SOYBEANS - CHICAGO BOARD OF TRADE ,755.0,0.16027920702179177,-76257,1.0214451477021818,103164,-0.9807086844505887,0.010420880668315792,0.05019757834456818,0.021996615905245376,0.02119205298013238,-0.0843605906974921
2007-02-20,496764,148612,44055,198667,278835,005602,SOYBEANS - CHICAGO BOARD OF TRADE ,771.0,0.1613804543002311,-80168,-0.8220254909873554,104557,0.29278483992467047,0.052651088372404724,0.017517270731365518,0.02119205298013238,-0.009727626459143934,-0.07886910526329688
2007-02-27,488437,148520,37137,193322,282787,005602,SOYBEANS - CHICAGO BOARD OF TRADE ,763.5,0.18316589447564374,-89465,-1.8715124284368432,111383,1.3740931307421633,0.01952704107672823,0.037757800675439115,-0.009727626459143934,-0.0399476096922069,-0.073496219265684
2007-03-06,464840,125674,38553,200605,269173,005602,SOYBEANS - CHICAGO BOARD OF TRADE ,733.0,0.1475088202392221,-68568,4.278340911929276,87121,-4.967273159076811,0.04448271311129938,0.14773453816972848,-0.0399476096922069,0.01500682128240105,-0.06918351351916681
2007-03-13,462504,128566,32500,198227,275743,005602,SOYBEANS - CHICAGO BOARD OF TRADE ,744.0,0.16760071264248524,-77516,-1.9249634282763963,96066,1.9243180449186819,0.01887883199358609,0.05553623980231706,0.01500682128240105,0.027889784946236507,-0.06367149791806122
2007-03-20,474073,133426,32495,200525,281212,005602,SOYBEANS - CHICAGO BOARD OF TRADE ,764.75,0.17019952623330162,-80687,-0.6856156919723937,100931,1.0518827945271825,0.016122905236674784,0.0293211829726195,0.027889784946236507,-0.010134030728996435,-0.05812994433931999
2007-03-27,480346,137387,33276,207041,290287,005602,SOYBEANS - CHICAGO BOARD OF TRADE ,757.0,0.17330424319136623,-83246,-0.5397902854623655,104111,0.6707827697422127,0.0313495318984654,0.02778575320954161,-0.010134030728996435,0.008916776750330202,-0.05190370826950323
2007-04-03,489702,139928,33549,213527,298710,005602,SOYBEANS - CHICAGO BOARD OF TRADE ,763.75,0.17394864631959844,-85183,-0.4032509899114388,106379,0.47215965158448286,0.02910566788420204,0.01622117052981087,0.008916776750330202,-0.02782324058919805,-0.0448072621040979
2007-04-10,483434,133054,37912,215542,284830,005602,SOYBEANS - CHICAGO BOARD OF TRADE ,742.5,0.1433246316973982,-69288,3.245851558703048,95142,-2.294660834548358,0.031766365823827074,0.06572651872302095,-0.02782324058919805,-0.02491582491582489,-0.038179877471083506
2007-04-17,482956,121395,36714,220029,276415,005602,SOYBEANS - CHICAGO BOARD OF TRADE ,724.0,0.11675183660623328,-56386,2.668823458838228,84681,-2.163894140668633,0.025988832577289685,0.08131731906469587,-0.02491582491582489,-0.01968232044198892,-0.031379755496329036
2007-04-24,444969,99572,37469,213530,243933,005602,SOYBEANS - CHICAGO BOARD OF TRADE ,709.75,0.0683261081109021,-30403,5.379993208491043,62103,-4.674960037767415,0.08521126298738914,0.16475361388197693,-0.01968232044198892,0.04438182458612183,-0.025660339360420878
2007-05-01,429319,110728,35293,203126,243984,005602,SOYBEANS - CHICAGO BOARD OF TRADE ,741.25,0.09516932630514839,-40858,-2.349601882378323,75435,2.996163777701368,0.02338350741428284,0.09130193602290082,0.04438182458612183,-0.020573355817875227,-0.0198349541530824
2007-05-08,428623,111780,35859,200807,242501,005602,SOYBEANS - CHICAGO BOARD OF TRADE ,726.0,0.09727429465987593,-41694,-0.19472699787337622,75921,0.11320253704122109,0.008576429931334423,0.010959163906555856,-0.020573355817875227,0.07162534435261714,-0.013563809771616824
2007-05-15,454835,131515,32862,203915,272755,005602,SOYBEANS - CHICAGO BOARD OF TRADE ,778.0,0.15135158903778292,-68840,-6.333304559018065,98653,5.303495146084088,0.06998972035160593,0.13829185348315154,0.07162534435261714,0.0196015424164524,-0.007741963864489427
2007-05-22,486231,155525,36973,209030,298612,005602,SOYBEANS - CHICAGO BOARD OF TRADE ,793.25,0.18423753318895753,-89582,-4.5603350665626,118552,4.374993129376588,0.06101150023047738,0.14608463464555477,0.0196015424164524,0.005357705641348964,-0.0019630341024298127
2007-05-29,513389,170560,46462,215528,313080,005602,SOYBEANS - CHICAGO BOARD OF TRADE ,797.5,0.19001575803143425,-97552,-1.6391385987318783,124098,1.1406101215265994,0.03966266117803741,0.1130023684234778,0.005357705641348964,0.03855799373040747,0.0033496431385399085
2007-06-05,551445,189374,46309,218708,337033,005602,SOYBEANS - CHICAGO BOARD OF TRADE ,828.25,0.21457262283636627,-118325,-4.0462495300834265,143065,3.6944694958403863,0.04882310284826925,0.08047674206455281,0.03855799373040747,-0.0021128886205855624,0.010131816121271396
2007-06-12,555547,187530,48316,212692,333024,005602,SOYBEANS - CHICAGO BOARD OF TRADE ,826.5,0.21660093565440908,-120332,-0.363952887413976,139214,-0.6983470699707133,0.018370361140226783,0.016328451616732954,-0.0021128886205855624,0.003024803387779773,0.017431920586744983
2007-06-19,564214,189883,47349,214578,334033,005602,SOYBEANS - CHICAGO BOARD OF TRADE ,829.0,0.21171931217587653,-119455,0.15786243108143866,142534,0.5976092031817289,0.005276963094068474,0.013994739326903621,0.003024803387779773,-0.026537997587454787,0.02401848417386417
2007-06-26,537815,163198,38491,217232,321817,005602,SOYBEANS - CHICAGO BOARD OF TRADE ,807.0,0.19446277995221406,-104585,2.635524818597199,124707,-3.1596167411655864,0.027585618376065997,0.17622676496982978,-0.026537997587454787,0.05390334572490696,0.029722782899167403
2007-07-03,532745,169342,41749,218427,324194,005602,SOYBEANS - CHICAGO BOARD OF TRADE ,850.5,0.19853213075674103,-105767,-0.2197781765105101,127593,0.5366157507693166,0.006582863545642355,0.044540032497832685,0.05390334572490696,0.04526748971193406,0.03592041721692733
2007-07-10,543396,182802,43809,220145,338149,005602,SOYBEANS - CHICAGO BOARD OF TRADE ,889.0,0.2171602293723178,-118004,-2.296971346516626,138993,2.1398605336511842,0.028073022457701498,0.06848740793694923,0.04526748971193406,-0.06214848143981999,0.04373262550037081
2007-07-17,554480,177627,42818,234610,346794,005602,SOYBEANS - CHICAGO BOARD OF TRADE ,833.75,0.20232289712884144,-112184,1.0710421129342138,134809,-0.7699725430441151,0.039748608540704916,0.02797069563836785,-0.06214848143981999,-0.01619190404797599,0.04946429978256823
2007-07-24,528766,163521,44879,237922,329502,005602,SOYBEANS - CHICAGO BOARD OF TRADE ,820.25,0.17319570471626392,-91580,3.7159140095224354,118642,-2.915704804501515,0.03631147078727724,0.07757677543186181,-0.01619190404797599,0.01676318195672044,0.05486069874812717
2007-07-31,509020,152196,48017,233010,315729,005602,SOYBEANS - CHICAGO BOARD OF TRADE ,834.0,0.16250638481788535,-82719,1.6757885340585439,104179,-2.7352363805539692,0.03405079646243478,0.07223806645922093,0.01676318195672044,0.0053956834532373765,0.060544432755179026
2007-08-07,497711,148100,44311,237110,318428,005602,SOYBEANS - CHICAGO BOARD OF TRADE ,838.5,0.1633839718230057,-81318,0.2752347648422459,103789,-0.0766178146241798,0.012238586739340963,0.040548617282795685,0.0053956834532373765,0.013714967203339201,0.06707225359151513
2007-08-14,502421,155375,45798,233364,320961,005602,SOYBEANS - CHICAGO BOARD OF TRADE ,850.0,0.17434979827674402,-87597,-1.2615754926051463,109577,1.1629238654560579,0.011327289947233121,0.04355455254929837,0.013714967203339201,-0.040294117647058814,0.0740259430761543
2007-08-21,487792,139380,43261,234679,299521,005602,SOYBEANS - CHICAGO BOARD OF TRADE ,815.75,0.13292960934168663,-64842,4.529070241888775,96119,-2.6786300731856354,0.04259640584050917,0.10146681194255397,-0.040294117647058814,0.04842169782408834,0.08037485357868958
2007-08-28,489777,140143,38992,234285,303617,005602,SOYBEANS - CHICAGO BOARD OF TRADE ,855.25,0.14155830102271033,-69332,-0.9204743005215338,101151,1.031587233902975,0.008347245409015025,0.028090546236078935,0.04842169782408834,0.04355451622332662,0.08654426487536525
2007-09-04,495206,145569,42971,236088,308786,005602,SOYBEANS - CHICAGO BOARD OF TRADE ,892.5,0.14680355246099602,-72698,-0.6872515450909291,102598,0.2954405780589942,0.012795618803613313,0.04988331388564761,0.04355451622332662,0.014005602240896309,0.09281056608630567
2007-09-11,501872,148492,45319,244381,316073,005602,SOYBEANS - CHICAGO BOARD OF TRADE ,905.0,0.14284917269742087,-71692,0.20314778092349445,103173,0.1161132942654168,0.027798891612870993,0.027196598748265063,0.014005602240896309,0.07127071823204423,0.09919507591755386
2007-09-18,528123,157295,49553,255798,331569,005602,SOYBEANS - CHICAGO BOARD OF TRADE ,969.5,0.1434722593032305,-75771,-0.8127570376510346,107742,0.9103914942455447,0.04581973451011037,0.06302695699257425,0.07127071823204423,0.0036101083032491488,0.10574730063792318
2007-09-25,553678,166909,43353,259757,347836,005602,SOYBEANS - CHICAGO BOARD OF TRADE ,973.0,0.15907982618055982,-88079,-2.33051770136881,123556,2.9943782035624276,0.033288731107830406,0.07521092731924932,0.0036101083032491488,-0.030061664953751288,0.11244992111709837
2007-10-02,570934,172281,44282,259126,346144,005602,SOYBEANS - CHICAGO BOARD OF TRADE ,943.75,0.15241341380965226,-87018,0.1916276247205054,127999,0.8024519666665463,0.0038379566144034895,0.02909545951986258,-0.030061664953751288,0.006887417218543135,0.11902943887229775
2007-10-09,570647,171442,40333,261247,349169,005602,SOYBEANS - CHICAGO BOARD OF TRADE ,950.25,0.1540742350349691,-87922,-0.15833704070873342,131109,0.5447214564205319,0.008430316374406962,0.022608900956203517,0.006887417218543135,0.028676664035780064,0.12536030633052722
2007-10-16,577823,170486,42892,267630,354001,005602,SOYBEANS - CHICAGO BOARD OF TRADE ,977.5,0.1494765698146318,-86371,0.27179675000481907,127594,-0.6159674895338099,0.01804124955158285,0.01647311344187311,0.028676664035780064,0.004347826086956497,0.13031443301423543
2007-10-23,585945,171299,45440,278326,364656,005602,SOYBEANS - CHICAGO BOARD OF TRADE ,981.75,0.14733464744984598,-86330,0.0070955984791190385,125859,-0.300264960031013,0.033206217281354686,0.01550713069636752,0.004347826086956497,0.010440539852304642,0.13384792249387525
2007-10-30,575413,162640,26534,275776,374859,005602,SOYBEANS - CHICAGO BOARD OF TRADE ,992.0,0.17219458024062717,-99083,-2.176484141002995,136106,1.7487989487067899,0.019600851475865884,0.14571241291086512,0.010440539852304642,0.037802419354838745,0.13708938558537168
2007-11-06,573768,172087,26402,272478,382401,005602,SOYBEANS - CHICAGO BOARD OF TRADE ,1029.5,0.1915809177228427,-109923,-1.8838642853046421,145685,1.6647173421525063,0.016552676143226457,0.04825960128772879,0.037802419354838745,0.01432734337056818,0.1411510320028018
2007-11-13,587804,175016,25929,286183,396540,005602,SOYBEANS - CHICAGO BOARD OF TRADE ,1044.25,0.18774455430721806,-110357,-0.0756403284951409,149087,0.5929225749780399,0.04078374391956914,0.016930005722959017,0.01432734337056818,0.04093847258798178,0.14437676800913807
2007-11-20,603146,185043,32137,287873,396897,005602,SOYBEANS - CHICAGO BOARD OF TRADE ,1087.0,0.1807588875661946,-109024,0.2267762723628965,152906,0.6497063647066029,0.002989324882807366,0.07475366055806244,0.04093847258798178,0.0036798528058876734,0.1474849772745461
2007-11-27,591839,176566,36473,273342,375551,005602,SOYBEANS - CHICAGO BOARD OF TRADE ,1091.0,0.1726973045034207,-102209,1.1299088446246845,140093,-2.1243612657631816,0.05528954696691134,0.0601439173109149,0.0036798528058876734,0.00045829514207151867,0.15083282746320345
2007-12-04,588929,178459,34868,261773,364687,005602,SOYBEANS - CHICAGO BOARD OF TRADE ,1091.5,0.17474772001378774,-102914,-0.11912023371220888,143591,0.5910391170571726,0.03580914982600645,0.01639736179667834,0.00045829514207151867,0.04031149793861655,0.15344847860017444
2007-12-11,584420,184032,28754,251587,367120,005602,SOYBEANS - CHICAGO BOARD OF TRADE ,1135.5,0.19768830635501866,-115533,-2.142703110222115,155278,1.9844497384234772,0.02039576083671269,0.054923726184993374,0.04031149793861655,0.012549537648612885,0.156414520205154
2007-12-18,586724,183434,38312,255380,363594,005602,SOYBEANS - CHICAGO BOARD OF TRADE ,1149.75,0.1844376572289526,-108214,1.2523527600013689,145122,-1.737791314465624,0.01182440619476747,0.045800149720851786,0.012549537648612885,0.09284627092846276,0.1587981423499487
2008-01-08,562878,182026,36883,251409,368000,005602,SOYBEANS - CHICAGO BOARD OF TRADE ,1256.5,0.2071336950458181,-116591,-1.4277581963580832,145143,0.0035791956695141154,0.01352418192179965,0.012959722989918186,0.09284627092846276,0.03581376840429762,0.1616838016973416
2008-01-15,568671,188930,40897,250235,369082,005602,SOYBEANS - CHICAGO BOARD OF TRADE ,1301.5,0.20899078729177328,-118847,-0.4007973308603285,148033,0.5134327509691266,0.003642722547580641,0.04750529746287425,0.03581376840429762,-0.047637341529005006,0.1644101937463776
2008-01-22,564184,183141,38011,249679,358469,005602,SOYBEANS - CHICAGO BOARD OF TRADE ,1239.5,0.19282716276959289,-108790,1.768509384160613,145130,-0.5104884898297962,0.01836559521695377,0.03922641441180726,-0.047637341529005006,0.021984671238402642,0.1662355052600509
2008-01-29,570217,182690,34701,255180,363297,005602,SOYBEANS - CHICAGO BOARD OF TRADE ,1266.75,0.18960676374082147,-108117,0.1192873247025793,147989,0.5067495710619231,0.01670070188543794,0.01730062422087391,0.021984671238402642,0.04440497335701599,0.16764413995996538
2008-02-05,596086,194232,40039,252103,369404,005602,SOYBEANS - CHICAGO BOARD OF TRADE ,1323.0,0.19678536318584902,-117301,-1.6106149062549873,154193,1.0880068465163262,0.014776985617217506,0.07205330578688783,0.04440497335701599,-0.0015117157974300355,0.1686383145361306
2008-02-12,596447,197116,44754,255864,369817,005602,SOYBEANS - CHICAGO BOARD OF TRADE ,1321.0,0.19105301896061175,-113953,0.5616639209778455,152362,-0.30717044184899495,0.006671131135514743,0.031417703725141605,-0.0015117157974300355,0.058667676003028024,0.169352582745096
2008-02-19,616048,201702,48956,266005,384516,005602,SOYBEANS - CHICAGO BOARD OF TRADE ,1398.5,0.19237299690933174,-118511,-0.7641919567036132,152746,0.06438124426814117,0.03818477804713453,0.03505972280956522,0.058667676003028024,0.04880228816589205,0.16967801254864617
2008-02-26,594443,189976,44719,263404,378270,005602,SOYBEANS - CHICAGO BOARD OF TRADE ,1466.75,0.19323299290259957,-114866,0.5916746747006727,145257,-1.2156520271147702,0.01378737489753364,0.06801593557596029,0.04880228816589205,0.018578489858530833,0.17031173920020018
2008-03-04,567980,175782,48801,266667,364795,005602,SOYBEANS - CHICAGO BOARD OF TRADE ,1494.0,0.17276664671291242,-98128,2.8157451597545937,126981,-3.07447476040596,0.02650674149830077,0.08137748627456219,0.018578489858530833,-0.06793842034805886,0.1705307044389056
2008-03-11,552030,165821,50025,266110,352951,005602,SOYBEANS - CHICAGO BOARD OF TRADE ,1392.5,0.1573121026031194,-86841,1.9872178597837953,115796,-1.9692594809676396,0.020031951617045816,0.0518193526866377,-0.06793842034805886,-0.06140035906642727,0.17003351613366474
2008-03-18,539598,166454,50661,272122,359357,005602,SOYBEANS - CHICAGO BOARD OF TRADE ,1307.0,0.16166664813435186,-87235,-0.07137293263047298,115793,-0.0005434487256127384,0.01966494531092879,0.005844828777376045,-0.06140035906642727,0.0,0.1703057820547249
2008-03-25,527444,165236,50477,261149,341015,005602,SOYBEANS - CHICAGO BOARD OF TRADE ,1307.0,0.15142081434237567,-79866,1.3656462774139266,114759,-0.19162413500420683,0.048682750878498215,0.006499376486349919,0.0,-0.07345065034429987,0.16999463016433822
2008-04-01,512579,155130,50367,234942,303372,005602,SOYBEANS - CHICAGO BOARD OF TRADE ,1211.0,0.1335013724713654,-68430,2.168192263064894,104763,-1.895177497516324,0.11861107086198762,0.04971362112342272,-0.07345065034429987,0.03344343517753923,0.16928889643814712
2008-04-08,497185,155570,39448,219957,301700,005602,SOYBEANS - CHICAGO BOARD OF TRADE ,1251.5,0.1644116375192333,-81743,-2.5972581787392772,116122,2.216048648110828,0.031930943129297604,0.05824590550615841,0.03344343517753923,0.10267678785457446,0.1691178847906061
2008-04-15,518020,156938,37142,230538,314644,005602,SOYBEANS - CHICAGO BOARD OF TRADE ,1380.0,0.1623605266205938,-84106,-0.4752758027695928,119796,0.738960346752215,0.043150727646914244,0.018930338004946413,0.10267678785457446,-0.0038043478260869623,0.16889503633485603
2008-04-22,524833,164082,37744,234131,324454,005602,SOYBEANS - CHICAGO BOARD OF TRADE ,1374.75,0.17209855325408271,-90323,-1.2001467124821437,126338,1.262885602872476,0.02399455767698739,0.03837959430400444,-0.0038043478260869623,-0.06928532460447356,0.1694483809801769
2008-04-29,476613,149941,41426,219683,292503,005602,SOYBEANS - CHICAGO BOARD OF TRADE ,1279.5,0.15278643259835548,-72820,3.334965598580882,108515,-3.395937374364798,0.09059013717672877,0.09313518004671652,-0.06928532460447356,-0.011723329425556872,0.1701413539800254
2008-05-06,457916,146317,38464,213994,287856,005602,SOYBEANS - CHICAGO BOARD OF TRADE ,1264.5,0.16130032582395024,-73862,-0.21862601313854219,107853,-0.1388967569075959,0.020595795556441168,0.03564219264967718,-0.011723329425556872,0.08699090549624366,0.1719293197052763
2008-05-13,456423,144657,32470,211775,292751,005602,SOYBEANS - CHICAGO BOARD OF TRADE ,1374.5,0.17741437219421458,-80976,-1.5535600415796784,112187,0.9464617964866919,0.014100363509511899,0.043211932681070646,0.08699090549624366,-0.03128410331029463,0.17351095520314294
2008-05-20,455553,148977,32216,205893,288592,005602,SOYBEANS - CHICAGO BOARD OF TRADE ,1331.5,0.18153540861326783,-82699,-0.37750069562664457,116761,1.0021405582102567,0.0203059749031821,0.025243800809082027,-0.03128410331029463,0.01220428088621861,0.1751313612407082
2008-05-27,459932,147460,32734,204170,285146,005602,SOYBEANS - CHICAGO BOARD OF TRADE ,1347.75,0.1760608089891549,-80976,0.3782216339262391,114726,-0.4467098230063242,0.010563725690555796,0.011293383797462735,0.01220428088621861,0.008718234093860078,0.17560653854746533
2008-06-03,470984,153734,32332,205338,289869,005602,SOYBEANS - CHICAGO BOARD OF TRADE ,1359.5,0.17947743447760434,-84531,-0.7729403477035736,121402,1.4515189201882017,0.01189603539529934,0.03587974159706771,0.008718234093860078,0.06399411548363365,0.17551499818763164
2008-06-10,489586,166026,39423,201278,300962,005602,SOYBEANS - CHICAGO BOARD OF TRADE ,1446.5,0.20360876332248062,-99684,-3.2173067450274315,126603,1.1042837973264485,0.030170834660719976,0.09434458186703269,0.06399411548363365,0.07708261320428611,0.17577640213553636
2008-06-17,503179,170109,42403,203573,302981,005602,SOYBEANS - CHICAGO BOARD OF TRADE ,1558.0,0.19755991406636605,-99408,0.05637416102584633,127706,0.22529238989676992,0.008516367455394686,0.033235770215329016,0.07708261320428611,-0.03658536585365857,0.1754492346591902
2008-06-24,476188,149602,29564,206919,297749,005602,SOYBEANS - CHICAGO BOARD OF TRADE ,1501.0,0.1907439918687577,-90830,1.704761128743449,120038,-1.5239109740271355,0.016997313085038084,0.18611790183405333,-0.03658536585365857,0.08461025982678216,0.17495198574023535
2008-07-01,479364,157366,32924,196682,298897,005602,SOYBEANS - CHICAGO BOARD OF TRADE ,1628.0,0.21323044700895352,-102215,-2.390862432484649,124442,0.9248448091930077,0.02297312840132451,0.05845814283462084,0.08461025982678216,-0.04115479115479115,0.17498104602548684
2008-07-08,472456,149633,33335,200484,291115,005602,SOYBEANS - CHICAGO BOARD OF TRADE ,1561.0,0.19182950369981544,-90631,2.416535242529685,116298,-1.6989177326624443,0.023563921000652972,0.044510515499978136,-0.04115479115479115,-0.0121716848174247,0.1749304060975561
2008-07-15,459324,153194,37359,192021,282135,005602,SOYBEANS - CHICAGO BOARD OF TRADE ,1542.0,0.19618831151866656,-90114,0.10942817955534483,115835,-0.09799854377973821,0.036787470790204065,0.039805198553683224,-0.0121716848174247,-0.08122568093385218,0.17488533265067005
2008-07-22,431191,141798,37636,184026,258411,005602,SOYBEANS - CHICAGO BOARD OF TRADE ,1416.75,0.17251055796619133,-74385,3.424380176084855,104162,-2.5413433654675135,0.07169156286657762,0.06505456045119654,-0.08122568093385218,-0.02293982706899589,0.17402668512362915
2008-07-29,398492,123526,36827,175295,234958,005602,SOYBEANS - CHICAGO BOARD OF TRADE ,1384.25,0.14972195175812814,-59663,3.4142642123792006,86699,-4.049945383832223,0.0784491521085769,0.1189937201050183,-0.02293982706899589,-0.08795376557702728,0.17301512848188466
2008-08-05,393411,124220,38749,176751,228821,005602,SOYBEANS - CHICAGO BOARD OF TRADE ,1262.5,0.1323552213842521,-52070,1.905433484235568,85471,-0.308161769872419,0.018721706626690204,0.016052132614178156,-0.08795376557702728,-0.03366336633663369,0.17222973457165366
2008-08-12,392492,119663,42730,176609,220444,005602,SOYBEANS - CHICAGO BOARD OF TRADE ,1220.0,0.11168380502022972,-43835,2.0932307434210027,76933,-2.1702494337982414,0.021455573941010393,0.05257615783931573,-0.03366336633663369,0.03852459016393439,0.17125237726785264
2008-08-19,390464,119378,45527,175250,218262,005602,SOYBEANS - CHICAGO BOARD OF TRADE ,1267.0,0.11015612194722177,-43012,0.20968580251317223,73851,-0.7852389348063146,0.008998454939112404,0.01868954852794033,0.03852459016393439,0.0556432517758485,0.17022876477024138
2008-08-26,382481,110965,45042,170738,208953,005602,SOYBEANS - CHICAGO BOARD OF TRADE ,1337.5,0.09991345975355638,-38215,1.2285383543681365,65923,-2.0304048516636617,0.03640065210921512,0.057035902235156116,0.0556432517758485,-0.02691588785046728,0.16879729672171853
2008-09-02,370781,108913,40848,167145,205503,005602,SOYBEANS - CHICAGO BOARD OF TRADE ,1301.5,0.10345190287528218,-38358,-0.03738747807080613,68065,0.5600278183752918,0.018899873338915008,0.04170645228063381,-0.02691588785046728,-0.0710718401844026,0.16823041775121078
2008-09-09,376479,102432,48497,175638,197662,005602,SOYBEANS - CHICAGO BOARD OF TRADE ,1209.0,0.05849994289190101,-22024,4.405295848492776,53935,-3.810874883017199,0.04375569247254219,0.09362017902457447,-0.0710718401844026,-0.07030603804797353,0.16663314163331058
2008-09-16,374393,94377,43651,179259,199434,005602,SOYBEANS - CHICAGO BOARD OF TRADE ,1124.0,0.053887225455604135,-20175,0.49112965132185327,50726,-0.8523715798225133,0.014241087107498687,0.09346654302025675,-0.07030603804797353,0.05604982206405684,0.16484628919089922
2008-09-23,355159,93993,40417,170294,193148,005602,SOYBEANS - CHICAGO BOARD OF TRADE ,1187.0,0.06434864384684043,-22854,-0.7155582502877992,53576,0.7612321811572332,0.04196267905195327,0.026917640056543412,0.05604982206405684,-0.11962931760741369,0.16333666363608035
2008-09-30,357108,88696,39748,169618,186570,005602,SOYBEANS - CHICAGO BOARD OF TRADE ,1045.0,0.04747023309475005,-16952,1.6617909161812032,48948,-1.3030783395605912,0.020365649600772626,0.046448257606427706,-0.11962931760741369,-0.11387559808612435,0.16149047082437878
2008-10-07,358347,87244,36497,169812,186786,005602,SOYBEANS - CHICAGO BOARD OF TRADE ,926.0,0.04736749575132483,-16974,-0.006160601274684409,50747,0.5037691678707842,0.0011497540648012607,0.03800680453527933,-0.11387559808612435,-0.03239740820734338,0.15934215677766275
2008-10-14,367209,77251,36914,180714,192215,005602,SOYBEANS - CHICAGO BOARD OF TRADE ,896.0,0.031320038452216585,-11501,1.5272905870566797,40337,-2.905005483511792,0.04379117740910468,0.09118381290237813,-0.03239740820734338,0.013392857142857206,0.15701343802078901
2008-10-21,360818,63461,39518,201174,200923,005602,SOYBEANS - CHICAGO BOARD OF TRADE ,908.0,-0.0006956415699881935,251,3.2003572897178443,23943,-4.46448752617719,0.07253971056735066,0.15919750628768972,0.013392857142857206,-0.03221365638766516,0.1540370942399244
2008-10-28,322020,51074,30277,179218,176943,005602,SOYBEANS - CHICAGO BOARD OF TRADE ,878.75,-0.007064778585181045,2275,0.5609476245641848,20797,-0.8719077207899828,0.1289753791122554,0.26586028444641124,-0.03221365638766516,0.08051209103840673,0.15102668369377417
2008-11-04,308399,56179,27341,161808,172362,005602,SOYBEANS - CHICAGO BOARD OF TRADE ,949.5,0.034221900849224544,-10554,-3.9839140426060493,28838,2.4970498726787156,0.06580782236586169,0.09627634099616858,0.08051209103840673,-0.043707214323328025,0.14885143856683916
2008-11-11,316811,54783,31539,163011,166050,005602,SOYBEANS - CHICAGO BOARD OF TRADE ,908.0,0.009592469958429474,-3039,2.436778329372015,23244,-1.813883962010253,0.022837710941132496,0.06480387386761197,-0.043707214323328025,-0.0066079295154185536,0.14572447490756613
2008-11-18,311824,54541,29954,158826,164822,005602,SOYBEANS - CHICAGO BOARD OF TRADE ,902.0,0.019228795730925136,-5996,-0.933364056172292,24587,0.42391204850841674,0.016724960450860193,0.02162258121782354,-0.0066079295154185536,-0.02106430155210648,0.14241001102310616
2008-11-25,315608,57802,31430,160663,168939,005602,SOYBEANS - CHICAGO BOARD OF TRADE ,883.0,0.026222402473955034,-8276,-0.7311816922366463,26372,0.5724382985273744,0.018064210775420052,0.05308633674018289,-0.02106430155210648,-0.0634201585503964,0.1393038157955434
2008-12-02,316328,57175,35841,159469,163089,005602,SOYBEANS - CHICAGO BOARD OF TRADE ,827.0,0.011443817809362433,-3620,1.4752477757217815,21334,-1.5962839978707763,0.021837933022898208,0.05416272469252602,-0.0634201585503964,-0.016928657799274438,0.13604775676175818
2008-12-09,316006,58676,37788,164513,165825,005602,SOYBEANS - CHICAGO BOARD OF TRADE ,813.0,0.004151819902153756,-1312,0.7296224172378037,20888,-0.1409928934523659,0.023551634992038457,0.035743904461768124,-0.016928657799274438,0.055965559655596575,0.13280649744250303
2008-12-16,313818,56556,35598,161368,166400,005602,SOYBEANS - CHICAGO BOARD OF TRADE ,858.5,0.016034771746681196,-5032,-1.1771928381106687,20958,0.022151478136491078,0.011349491103463425,0.046769537947349005,0.055965559655596575,0.1016307513104251,0.12975432536044332
2008-12-30,278773,54751,28574,138610,147472,005602,SOYBEANS - CHICAGO BOARD OF TRADE ,945.75,0.03178930527705337,-8862,-1.2204526190339622,26177,1.6630658534564622,0.14571346676826924,0.10595859585958596,0.1016307513104251,0.07242928892413425,0.1265639599550978
2009-01-06,283833,58597,29580,138636,151773,005602,SOYBEANS - CHICAGO BOARD OF TRADE ,1014.25,0.046284258701419494,-13137,-1.5335057555789118,29017,1.0187500224196748,0.014899675974229448,0.05502568697052519,0.07242928892413425,-0.04412127187577031,0.12390716382956835
2009-01-13,285407,65182,28536,135290,151192,005602,SOYBEANS - CHICAGO BOARD OF TRADE ,969.5,0.0557169235512794,-15902,-0.9741643853956375,36646,2.687848136051833,0.013707667497434394,0.08140378582556179,-0.04412127187577031,0.023207839092315607,0.12099530283928875
2009-01-20,303202,65251,31937,144669,157727,005602,SOYBEANS - CHICAGO BOARD OF TRADE ,992.0,0.0430669982387979,-13058,0.9964717053190707,33314,-1.1674555984961827,0.05262635749150121,0.035703996378153684,0.023207839092315607,-0.016129032258064502,0.11780446074211613
2009-01-27,322483,70604,30201,152483,171462,005602,SOYBEANS - CHICAGO BOARD OF TRADE ,976.0,0.05885271471674476,-18979,-1.9528235301877954,40403,2.3380452635536706,0.06652055132815755,0.07032389266405437,-0.016129032258064502,-0.030737704918032738,0.11522802904879213
2009-02-03,324725,70869,33879,150208,162308,005602,SOYBEANS - CHICAGO BOARD OF TRADE ,946.0,0.037262298868273154,-12100,2.1331357001764433,36990,-1.0583503626547757,0.03657092756850849,0.037642723488753964,-0.030737704918032738,0.05073995771670181,0.11229832780124313
2009-02-10,322897,72464,30676,151920,171452,005602,SOYBEANS - CHICAGO BOARD OF TRADE ,994.0,0.060489877577060175,-19532,-2.2887058280083146,41788,1.4775579336361537,0.03357124302660713,0.046519294163273224,0.05073995771670181,-0.09154929577464788,0.1096772607703049
2009-02-17,326895,67587,34307,156846,167542,005602,SOYBEANS - CHICAGO BOARD OF TRADE ,903.0,0.03271998654002049,-10696,2.7364763376556613,33280,-2.634895957534446,0.027238985412530673,0.08349853769603706,-0.09154929577464788,-0.02436323366555926,0.1066323947622166
2009-02-24,294087,60089,45161,148576,142456,005602,SOYBEANS - CHICAGO BOARD OF TRADE ,881.0,-0.020810168419549316,6120,5.1441594395753985,14928,-5.614035087719298,0.11461282608098079,0.17436579572446556,-0.02436323366555926,-0.020431328036322416,0.10253271850589196
2009-03-03,282295,57012,49401,147059,130161,005602,SOYBEANS - CHICAGO BOARD OF TRADE ,863.0,-0.059859366974264513,16898,3.664901882776185,7611,-2.4880392536902347,0.04982324507611283,0.06876039581630064,-0.020431328036322416,0.030127462340671984,0.0976655577390292
2009-03-10,279743,56182,47379,145798,132359,005602,SOYBEANS - CHICAGO BOARD OF TRADE ,889.0,-0.048040522908526756,13439,-1.225313944632388,8803,0.4222533165660037,0.012435423160301556,0.027539324649240544,0.030127462340671984,0.02699662542182235,0.09341926601553997
2009-03-17,289249,66201,49496,144941,140899,005602,SOYBEANS - CHICAGO BOARD OF TRADE ,913.0,-0.01397411918450885,4042,-3.359154652663338,16705,2.8247355608540694,0.032875034984606775,0.10489468179814515,0.02699662542182235,0.05914567360350498,0.09012530021193174
2009-03-24,311776,79258,45261,148199,159316,005602,SOYBEANS - CHICAGO BOARD OF TRADE ,967.0,0.03565701016114133,-11117,-5.2408132785247314,33997,5.978240201349011,0.07048436661626262,0.13887037319605844,0.05914567360350498,-0.015511892450879028,0.08770203794321614
2009-03-31,316690,84467,44131,148370,162905,005602,SOYBEANS - CHICAGO BOARD OF TRADE ,952.0,0.04589661814392624,-14535,-1.096299907625988,40336,2.0331904957405316,0.012079351056140069,0.049293146083142815,-0.015511892450879028,0.03939075630252109,0.08567272647786134
2009-04-07,338305,98460,32809,147354,189103,005602,SOYBEANS - CHICAGO BOARD OF TRADE ,989.5,0.12340639363887616,-41749,-8.59326154914901,65651,7.9936215226246485,0.08088403570144179,0.19284827339280408,0.03939075630252109,0.04699343102577069,0.08547859226954425
2009-04-14,361793,109037,32034,152795,207224,005602,SOYBEANS - CHICAGO BOARD OF TRADE ,1036.0,0.15044238003499238,-54429,-3.7480971312868565,77003,3.3555519427735323,0.0654465458767454,0.08047011788390243,0.04699343102577069,0.0019305019305020377,0.08520995270253963
2009-04-21,379420,123265,32940,159009,223355,005602,SOYBEANS - CHICAGO BOARD OF TRADE ,1038.0,0.16959042749459702,-64346,-2.7410701699590647,90325,3.6822160738322744,0.05843907899279221,0.09688550302487116,0.0019305019305020377,-0.046724470134874796,0.08534898925780891
2009-04-28,373874,118925,25196,157365,228071,005602,SOYBEANS - CHICAGO BOARD OF TRADE ,989.5,0.18911718921347834,-70706,-1.6762426862052606,93729,0.8971588213589163,0.0165007939061219,0.08384621255750377,-0.046724470134874796,0.1278423446184942,0.08567627071856652
2009-05-05,397105,135267,24794,156156,244648,005602,SOYBEANS - CHICAGO BOARD OF TRADE ,1116.0,0.22284282494554336,-88492,-4.757217672263918,110473,4.478514151826552,0.044375804632688295,0.10461011739274402,0.1278423446184942,0.01926523297491034,0.08702350903293551
2009-05-12,408703,139138,22323,157031,252841,005602,SOYBEANS - CHICAGO BOARD OF TRADE ,1137.5,0.2344245087508533,-95810,-1.8428375366716612,116815,1.5970587124312212,0.022123980169418744,0.03927883513665839,0.01926523297491034,0.021538461538461506,0.08842974331999134
2009-05-19,422416,146122,26692,159969,259767,005602,SOYBEANS - CHICAGO BOARD OF TRADE ,1162.0,0.23625525548274687,-99798,-0.9757696909491733,119430,0.6398289222246962,0.023500486019783863,0.06569490897728193,0.021538461538461506,0.020223752151462993,0.08956129876784773
2009-05-26,441819,150799,25332,167043,273609,005602,SOYBEANS - CHICAGO BOARD OF TRADE ,1185.5,0.2411983187685455,-106566,-1.602212037422825,125467,1.4291598803075642,0.04746602761362708,0.034275624393207325,0.020223752151462993,0.019822859552931282,0.09070866242468
2009-06-02,447013,151772,26362,171540,280169,005602,SOYBEANS - CHICAGO BOARD OF TRADE ,1209.0,0.243010829662672,-108629,-0.4669332916873199,125410,-0.012901210676770353,0.024478148542535126,0.011244344145418618,0.019822859552931282,0.028535980148883366,0.09199616282224765
2009-06-09,460526,157798,29378,180269,292344,005602,SOYBEANS - CHICAGO BOARD OF TRADE ,1243.5,0.24336302402035934,-112075,-0.7708948061913188,128420,0.6733584929297358,0.044230691919181234,0.04830747531734838,0.028535980148883366,-0.033976678729392806,0.093224731851916
2009-06-16,459871,154138,29978,189105,288816,005602,SOYBEANS - CHICAGO BOARD OF TRADE ,1201.25,0.2168238484270589,-99711,2.6847561266899156,124160,-0.9250292057343126,0.025870384435921417,0.023137587173303786,-0.033976678729392806,-0.018522372528615993,0.09347886810392712
2009-06-23,462276,145837,24520,194062,288324,005602,SOYBEANS - CHICAGO BOARD OF TRADE ,1179.0,0.20390848757019617,-94262,1.1848975038652143,121317,-0.6182168477681784,0.011295933132387756,0.08076568617667604,-0.018522372528615993,0.040076335877862634,0.09360095605592386
2009-06-30,437046,140154,23695,181614,267912,005602,SOYBEANS - CHICAGO BOARD OF TRADE ,1226.25,0.197457475872105,-86298,1.7227803303654095,116459,-1.0508873486834704,0.07309922006735985,0.03971949783031938,0.040076335877862634,-0.07563710499490317,0.09373006151752669
2009-07-07,428415,129551,24998,188350,263946,005602,SOYBEANS - CHICAGO BOARD OF TRADE ,1133.5,0.17645507276822706,-75596,2.44871249250651,104553,-2.724198368135162,0.02366149601146152,0.0770370562087105,-0.07563710499490317,-0.05249228054697841,0.09302284278212809
2009-07-14,412669,119746,33661,192585,245163,005602,SOYBEANS - CHICAGO BOARD OF TRADE ,1074.0,0.12740961884706628,-52578,5.372827748794977,86085,-4.31077343230279,0.05258276451291611,0.12038564081169699,-0.05249228054697841,-0.055400372439478596,0.09178399884265216
2009-07-21,402975,115131,31970,192060,237671,005602,SOYBEANS - CHICAGO BOARD OF TRADE ,1014.5,0.1131856814938892,-45611,1.6882780145831162,83161,-0.7085581907048991,0.018655856803442155,0.042868505312676324,-0.055400372439478596,0.039428289797930116,0.09018779441909874
2009-07-28,392027,101941,34257,195769,227056,005602,SOYBEANS - CHICAGO BOARD OF TRADE ,1054.5,0.07980827851142906,-31287,3.554562938147528,67684,-3.840684906011539,0.033876899426476675,0.11363602989764901,0.039428289797930116,0.10478899952584153,0.08840505827573793
2009-08-04,396717,115785,34237,181565,232681,005602,SOYBEANS - CHICAGO BOARD OF TRADE ,1165.0,0.12884751598746713,-51116,-5.058069979873835,81548,3.5364911090307554,0.04786769214428142,0.0924131127434643,0.10478899952584153,0.04420600858369106,0.08800362681860983
2009-08-11,407168,127443,36696,177182,238739,005602,SOYBEANS - CHICAGO BOARD OF TRADE ,1216.5,0.15118329534737504,-61557,-2.631850916396323,90747,2.318781398326767,0.0251033249102594,0.08600637264757309,0.04420600858369106,-0.18166872174270443,0.08836570516405451
2009-08-18,407708,116156,42696,189248,231889,005602,SOYBEANS - CHICAGO BOARD OF TRADE ,995.5,0.10458710645854385,-42641,4.645748192392329,73460,-4.2456676359635335,0.04491649985634129,0.10882456626293657,-0.18166872174270443,0.09593169261677548,0.0882292301917144
2009-08-25,395788,105901,38410,185838,222928,005602,SOYBEANS - CHICAGO BOARD OF TRADE ,1091.0,0.09371178509707218,-37090,1.3615136323054735,67491,-1.4640379879717837,0.030264258769075705,0.10076154970861542,0.09593169261677548,-0.0705774518790101,0.08791299294459612
2009-09-01,407468,106343,48827,201097,227590,005602,SOYBEANS - CHICAGO BOARD OF TRADE ,1014.0,0.06501860268781844,-26493,2.677443479842744,57516,-2.5202886393725934,0.04646980197673361,0.06998131082039054,-0.0705774518790101,-0.044378698224852076,0.08724193800102426
2009-09-08,425202,103800,57764,217404,230225,005602,SOYBEANS - CHICAGO BOARD OF TRADE ,969.0,0.030152727409560633,-12821,3.3553555125801293,46036,-2.8173991577252693,0.04231629318028993,0.07105543314104627,-0.044378698224852076,-0.009287925696594423,0.08583233847283729
2009-09-15,432114,110186,62711,215963,230422,005602,SOYBEANS - CHICAGO BOARD OF TRADE ,960.0,0.033461077400871064,-14459,-0.38522866778613457,47475,0.33842738274984596,0.003669478141066568,0.06554769602711441,-0.009287925696594423,-0.039583333333333304,0.08535082182877904
2009-09-22,436080,99942,67558,227272,222974,005602,SOYBEANS - CHICAGO BOARD OF TRADE ,922.0,-0.00985598972665566,4298,4.340752671748659,32384,-3.492365440601323,0.04165944839043545,0.0900955223880597,-0.039583333333333304,-0.005422993492407824,0.08412499076758172
2009-09-29,437758,96237,63542,225903,220513,005602,SOYBEANS - CHICAGO BOARD OF TRADE ,917.0,-0.0123127390019143,5390,0.25041276829939463,32695,0.07131718950651257,0.008579441597075374,0.04832299613841619,-0.005422993492407824,-0.007633587786259555,0.08265073340510566
2009-10-06,452603,104113,73235,226727,223305,005602,SOYBEANS - CHICAGO BOARD OF TRADE ,910.0,-0.007560709937848401,3422,-0.44956345743538667,30878,-0.41506951329273245,0.008034984178902834,0.09906511491530776,-0.007633587786259555,0.0912087912087911,0.08159244603909416
2009-10-13,474712,112958,52195,210485,245232,005602,SOYBEANS - CHICAGO BOARD OF TRADE ,993.0,0.07319595881292236,-34747,-8.433218516006301,60763,6.602916905102265,0.0837559274725323,0.1809534189509122,0.0912087912087911,-0.010574018126888185,0.0820891472518172
2009-10-20,477120,124214,54082,204423,252570,005602,SOYBEANS - CHICAGO BOARD OF TRADE ,982.5,0.10091172032193159,-48147,-2.8227641180336707,70132,1.9736176881983183,0.029322112154890775,0.07371449724054381,-0.010574018126888185,-0.009160305343511421,0.08342744882623478
2009-10-27,451029,112953,38488,193395,244009,005602,SOYBEANS - CHICAGO BOARD OF TRADE ,973.5,0.11221894822727585,-50614,-0.517060697518444,74465,0.9081572769953052,0.04478468418212911,0.17732978519687534,-0.009160305343511421,0.03415511042629693,0.08559888324541294
2009-11-03,430745,124277,32805,185175,251291,005602,SOYBEANS - CHICAGO BOARD OF TRADE ,1006.75,0.15349220536512323,-66116,-3.437029547989154,91472,3.770710974238907,0.0355170849504887,0.10826829299346838,0.03415511042629693,0.022597467097094537,0.08868651755214957
2009-11-17,443987,129122,38011,198033,259361,005602,SOYBEANS - CHICAGO BOARD OF TRADE ,1029.5,0.13813017047796444,-61328,1.1115625253920534,91111,-0.08380828564463894,0.04575486342190759,0.06013773461853733,0.022597467097094537,0.016027197668771143,0.09068475350654842
2009-11-24,467225,141666,30256,204176,284111,005602,SOYBEANS - CHICAGO BOARD OF TRADE ,1046.0,0.17108459521643749,-79935,-4.190888471959765,111410,4.571980711146948,0.06326811895463119,0.11807098567955235,0.016027197668771143,0.012906309751434142,0.09379037129997164
2009-12-01,478986,145732,29440,210540,298723,005602,SOYBEANS - CHICAGO BOARD OF TRADE ,1059.5,0.18410350198126876,-88183,-1.7653164963347425,116292,1.0448927176413934,0.04118893381219527,0.02786975087342726,0.012906309751434142,-0.014629542236904158,0.09696103872786287
2009-12-08,482172,151235,34318,210643,294042,005602,SOYBEANS - CHICAGO BOARD OF TRADE ,1044.0,0.17296524891532483,-83399,0.998776582196557,116917,0.1304839807426522,0.009479180082625797,0.05594627949965778,-0.014629542236904158,0.010536398467432928,0.09978301654404305
2009-12-15,487238,154200,34733,214456,295953,005602,SOYBEANS - CHICAGO BOARD OF TRADE ,1055.0,0.16726322659562678,-81497,0.3944650456683507,119467,0.5288569224260222,0.011214535793843761,0.017889939819936168,0.010536398467432928,-0.0606635071090047,0.1027795436360866
2009-12-22,457655,126422,35303,214761,264433,005602,SOYBEANS - CHICAGO BOARD OF TRADE ,991.0,0.1085359058679573,-49672,6.531715506590209,91119,-5.818101215422442,0.06641360284143791,0.175285206368836,-0.0606635071090047,0.04742684157416743,0.10478692990465975
2009-12-29,423295,111706,36056,202975,240082,005602,SOYBEANS - CHICAGO BOARD OF TRADE ,1038.0,0.08766226863062403,-37107,2.7455179119642525,75650,-3.3800570298587367,0.0815628688859447,0.1046886208903507,0.04742684157416743,0.013728323699421896,0.10616438176781248
2010-01-05,424304,129599,41790,195811,242901,005602,SOYBEANS - CHICAGO BOARD OF TRADE ,1052.25,0.11098174893472605,-47090,-2.3584025325127866,87809,2.872464829492434,0.022755247178103174,0.13785598842399455,0.013728323699421896,-0.07864100736516988,0.10768731337661387
2010-01-12,438758,115981,53622,219065,235750,005602,SOYBEANS - CHICAGO BOARD OF TRADE ,969.5,0.03802779664416375,-16685,7.165852784795806,62359,-5.998057996153701,0.06685135714521288,0.1500563079662506,-0.07864100736516988,-0.006188757091284192,0.1075285352601282
2010-01-19,454690,107244,57104,234464,237363,005602,SOYBEANS - CHICAGO BOARD OF TRADE ,963.5,0.006375772504343619,-2899,3.1420509711503835,50140,-2.784906486035582,0.03605558817108813,0.07434833402292695,-0.006188757091284192,-0.01660612350804358,0.10657966697076406
2010-01-26,457213,103470,64374,241670,229821,005602,SOYBEANS - CHICAGO BOARD OF TRADE ,947.5,-0.025915711058084524,11849,3.243528557918582,39096,-2.428907607380853,0.03127949420031347,0.06579919449012178,-0.01660612350804358,-0.02321899736147759,0.10525307640736246
2010-02-02,472953,99312,70042,258858,234038,005602,SOYBEANS - CHICAGO BOARD OF TRADE ,925.5,-0.05247878753279924,24820,2.8369709522695112,29270,-2.14910774628018,0.04342701097188859,0.05802047781569966,-0.02321899736147759,-0.0010804970286332205,0.10311208597948664
2010-02-09,478719,93361,88209,262169,214368,005602,SOYBEANS - CHICAGO BOARD OF TRADE ,924.5,-0.0998518964152248,47801,4.859045190536903,5152,-5.099449628187156,0.04822500666265159,0.13283031337776063,-0.0010804970286332205,0.04434829637641968,0.10047527453172705
2010-02-16,482183,94637,75034,255952,224404,005602,SOYBEANS - CHICAGO BOARD OF TRADE ,965.5,-0.06542744144857865,31548,-3.3951023460526946,19603,3.0186811051995015,0.0338353221360824,0.08517071273228778,0.04434829637641968,-0.013464526152252687,0.09805378762738784
2010-02-23,448051,86634,71842,249289,217205,005602,SOYBEANS - CHICAGO BOARD OF TRADE ,952.5,-0.0716079196341488,32084,0.1111611151782622,14792,-0.9977539647810063,0.029715280368021884,0.07064161134809056,-0.013464526152252687,0.0018372703412072866,0.09604748173942304
2010-03-02,426354,86324,74184,235501,198064,005602,SOYBEANS - CHICAGO BOARD OF TRADE ,954.25,-0.08780731504805865,37437,1.1947300642114402,12140,-0.5918969045934503,0.07594939628429416,0.016522540932539187,0.0018372703412072866,-0.01336127849096147,0.09475907507349016
2010-03-09,433812,87309,85023,242570,189978,005602,SOYBEANS - CHICAGO BOARD OF TRADE ,941.5,-0.12123223885000876,52592,3.554557949497366,2286,-2.311224944529663,0.03503657397560502,0.06861174941392197,-0.01336127849096147,0.0037174721189590088,0.09357882753741817
2010-03-16,436247,87400,90833,241909,185112,005602,SOYBEANS - CHICAGO BOARD OF TRADE ,945.0,-0.13019459159604535,56797,0.9693138963421943,-3433,-1.3183130019455431,0.01294315736228429,0.033108346939119015,0.0037174721189590088,0.024338624338624326,0.09199894160111974
2010-03-23,432402,96898,69422,231694,204430,005602,SOYBEANS - CHICAGO BOARD OF TRADE ,968.0,-0.06305243731527606,27264,-6.769788674764525,27476,7.085206316605043,0.06771697957461639,0.18584054834054833,0.024338624338624326,0.006198347107438051,0.09105512779091265
2010-03-30,445222,98376,67733,240383,216596,005602,SOYBEANS - CHICAGO BOARD OF TRADE ,974.0,-0.05342727897543248,23787,-0.8041128394410757,30643,0.7324202940781958,0.045636670394044364,0.019065794147216587,0.006198347107438051,-0.03028747433264889,0.0893419683844401
2010-04-06,454081,94857,86636,256693,207599,005602,SOYBEANS - CHICAGO BOARD OF TRADE ,944.5,-0.10811727423080904,49094,5.684130613491696,8221,-5.036139274339543,0.05450664667924496,0.123541954786135,-0.03028747433264889,0.024880889359449432,0.08638016276184902
2010-04-13,470142,106053,76825,255344,225846,005602,SOYBEANS - CHICAGO BOARD OF TRADE ,968.0,-0.06274274580871311,29498,-4.315529608153612,29228,4.626267119742954,0.04072403832166088,0.11486892901278448,0.024880889359449432,0.016528925619834656,0.08280037161862616
2010-04-20,488864,119947,63655,246133,253002,005602,SOYBEANS - CHICAGO BOARD OF TRADE ,984.0,0.014050942593441121,-6869,-7.73532251957919,56292,5.75655865674626,0.07286004788283731,0.14740580167972026,0.016528925619834656,-0.0012703252032519874,0.08017745936013478
2010-04-27,487498,126391,58292,244849,262065,005602,SOYBEANS - CHICAGO BOARD OF TRADE ,982.75,0.035315016676991495,-17216,-2.116539569287164,68099,2.4151911370033385,0.020411746371179332,0.06393116854285451,-0.0012703252032519874,-0.00585092851691682,0.07759523992133469
2010-05-04,475888,127509,60561,237765,252053,005602,SOYBEANS - CHICAGO BOARD OF TRADE ,977.0,0.030023871162962713,-14288,0.60061784868861,66948,-0.23610353273244197,0.03490275980057899,0.01800925187430212,-0.00585092851691682,-0.019191402251791168,0.07453575303574785
2010-05-11,460005,111737,64412,245883,238414,005602,SOYBEANS - CHICAGO BOARD OF TRADE ,958.25,-0.01623678003499962,7469,4.571874054399355,47325,-4.12344921494133,0.04492491177934201,0.1114000079478169,-0.019191402251791168,-0.01956691886250983,0.06993806832458355
2010-05-18,460112,104293,71074,251264,228511,005602,SOYBEANS - CHICAGO BOARD OF TRADE ,939.5,-0.0494510032339952,22753,3.322572580732818,33219,-3.0664884077346986,0.03185659944765776,0.08043702635045362,-0.01956691886250983,-0.009579563597658325,0.06447892386333647
2010-05-25,455445,96271,71565,253814,223783,005602,SOYBEANS - CHICAGO BOARD OF TRADE ,930.5,-0.06593770927334805,30031,1.5817887818618075,24706,-1.850201690023299,0.0152387891883743,0.05072213351128482,-0.009579563597658325,0.001612036539494932,0.05866752069495003
2010-06-01,459804,95394,72327,254104,224515,005602,SOYBEANS - CHICAGO BOARD OF TRADE ,932.0,-0.06435133230680899,29589,-0.09704794212253949,23067,-0.359867821581091,0.0021353101318585346,0.009772181181843658,0.001612036539494932,-0.0010729613733905241,0.05279156586657782
2010-06-08,475862,100244,82777,260362,226116,005602,SOYBEANS - CHICAGO BOARD OF TRADE ,931.0,-0.07196624231394816,34246,1.0128228549555898,17467,-1.217910240015311,0.016154892924243235,0.08359696428278722,-0.0010729613733905241,0.01987110633727185,0.046734314482412054
2010-06-15,460514,101209,69849,246234,230961,005602,SOYBEANS - CHICAGO BOARD OF TRADE ,949.5,-0.03316511550137455,15273,-3.987080287982651,31360,2.9195439013831743,0.03975942748771467,0.08121806638683955,0.01987110633727185,0.01685097419694581,0.04141646564545563
2010-06-22,459096,112344,68423,235500,236386,005602,SOYBEANS - CHICAGO BOARD OF TRADE ,965.5,0.0019298795894540576,-886,-3.5089052667237044,43921,2.7276043725055046,0.03424344015291829,0.06948724048083997,0.01685097419694581,-0.018902123252200975,0.03728388932165554
2010-06-29,440453,95317,70866,239742,216555,005602,SOYBEANS - CHICAGO BOARD OF TRADE ,947.25,-0.052643528367385395,23187,5.243565615906041,24451,-4.240943070730305,0.05275730500090949,0.11715999831511045,-0.018902123252200975,0.01794668778041708,0.03235019670747128
2010-07-06,450536,96870,83847,247140,218022,005602,SOYBEANS - CHICAGO BOARD OF TRADE ,964.25,-0.06462968553012412,29118,1.3465681922929347,13023,-2.594601467125891,0.019057876610729167,0.0804240884919515,0.01794668778041708,0.06870624837956951,0.027310058988197643
2010-07-13,468556,116454,52918,229223,255352,005602,SOYBEANS - CHICAGO BOARD OF TRADE ,1030.5,0.05576494591895099,-26129,-12.262505105030453,63536,11.21175666317453,0.11401124696899345,0.298237016744208,0.06870624837956951,-0.0181950509461426,0.024989095010326947
2010-07-20,485478,140075,44580,221187,280409,005602,SOYBEANS - CHICAGO BOARD OF TRADE ,1011.75,0.1219869901416748,-59222,-7.062763042197731,95495,6.820742878119157,0.0659754065024442,0.17307411118030921,-0.0181950509461426,-0.013590313812700816,0.02488481368906942
2010-07-27,478169,132404,42253,228342,280575,005602,SOYBEANS - CHICAGO BOARD OF TRADE ,998.0,0.10923543767998344,-52233,1.43961209364791,90151,-1.1007707867297798,0.014385449886720232,0.05724362607854251,-0.013590313812700816,0.055611222444889696,0.02480884746187893
2010-08-03,490303,152315,40660,227481,305271,005602,SOYBEANS - CHICAGO BOARD OF TRADE ,1053.5,0.1586569937365262,-77790,-5.344763044028367,111655,4.497154771639316,0.047971664113884135,0.11143412359113875,0.055611222444889696,-0.016373991457047987,0.026325168908515408
2010-08-10,508769,166523,38449,230104,325997,005602,SOYBEANS - CHICAGO BOARD OF TRADE ,1036.25,0.18848043021489125,-95893,-3.6922066558842186,128074,3.3487455716159196,0.04198697718579898,0.08010362390960717,-0.016373991457047987,0.00868516284680343,0.027471955720581257
2010-08-17,525866,175528,39734,233267,340369,005602,SOYBEANS - CHICAGO BOARD OF TRADE ,1045.25,0.20366785454849715,-107102,-2.2031609630303732,135794,1.5173880484070372,0.030568165177917703,0.04780221311703877,0.00868516284680343,-0.043769433149964176,0.028481274166756682
2010-08-24,524449,172727,33353,236018,342888,005602,SOYBEANS - CHICAGO BOARD OF TRADE ,999.5,0.20377577228672378,-106870,0.044117702988974376,139374,0.6807817961229667,0.009103377750446532,0.04455551242236025,-0.043769433149964176,0.008504252126062983,0.030388748509606302
2010-08-31,517626,171654,31614,230419,338577,005602,SOYBEANS - CHICAGO BOARD OF TRADE ,1008.0,0.20895009137871745,-108158,-0.24559108702657456,140040,0.1269904223289586,0.017416642647751477,0.013833953204636243,0.008504252126062983,0.03546626984126977,0.032604869784253324
2010-09-07,527472,178034,35587,234325,349124,005602,SOYBEANS - CHICAGO BOARD OF TRADE ,1043.75,0.2176399884733218,-114799,-1.282972648205461,142447,0.46500755371638985,0.024771659562361062,0.04846433637142416,0.03546626984126977,-0.017964071856287456,0.035539896433974545
2010-09-14,532715,180478,34072,235616,355738,005602,SOYBEANS - CHICAGO BOARD OF TRADE ,1025.0,0.22549017767474167,-120122,-1.0091530924864258,146406,0.7505611672278338,0.01336762751245447,0.01845257515730599,-0.017964071856287456,0.0536585365853659,0.039296385862151104
2010-09-21,560999,198243,35156,233582,373407,005602,SOYBEANS - CHICAGO BOARD OF TRADE ,1080.0,0.24924286852561234,-139825,-3.6986005650300817,163087,3.1313178716574526,0.032460225803103517,0.08075870076564166,0.0536585365853659,0.02777777777777768,0.04344603569147305
2010-09-28,603508,219717,39518,241995,398972,005602,SOYBEANS - CHICAGO BOARD OF TRADE ,1110.0,0.26010757106782345,-156977,-3.0574029543724675,180199,3.0502728168855917,0.053010529403229804,0.09966246841668756,0.02777777777777768,-0.034459459459459496,0.04863764262982842
2010-10-05,604208,208913,41618,259034,399374,005602,SOYBEANS - CHICAGO BOARD OF TRADE ,1071.75,0.23227100601117495,-140340,2.75671573533408,167295,-2.138165525560556,0.026489653831666685,0.051506599981639,-0.034459459459459496,0.09960345229764411,0.05334117618777244
2010-10-12,635883,209876,36922,286187,432022,005602,SOYBEANS - CHICAGO BOARD OF TRADE ,1178.5,0.22934250483186372,-145835,-0.9094550221115907,172954,0.9365979927442205,0.08326406380315479,0.022929683384792423,0.09960345229764411,0.0012728044123886395,0.05789700724103614
2010-10-19,652432,234735,37584,284386,446972,005602,SOYBEANS - CHICAGO BOARD OF TRADE ,1180.0,0.24919991661966304,-162586,-2.63428964133339,197151,3.805259772631129,0.02290396768750735,0.09371729479030108,0.0012728044123886395,0.03305084745762721,0.061281698737319604
2010-10-26,651516,228806,26963,283648,455850,005602,SOYBEANS - CHICAGO BOARD OF TRADE ,1219.0,0.2643097022943412,-172202,-1.473870073816122,201843,0.7191554062339064,0.013003415830739232,0.06470682529939124,0.03305084745762721,0.0038966365873667197,0.0644239676214044
2010-11-02,613985,232050,25227,264039,443705,005602,SOYBEANS - CHICAGO BOARD OF TRADE ,1223.75,0.2926227839442332,-179666,-1.145635717311624,206823,0.7643710975632217,0.0448665054030836,0.019356568989843632,0.0038966365873667197,0.07803881511746691,0.06789327215442281
2010-11-09,628476,245713,40801,264133,441976,005602,SOYBEANS - CHICAGO BOARD OF TRADE ,1319.25,0.28297500620548754,-177843,0.2969127910290968,204912,-0.31124538873099505,0.00258175437503275,0.1020438791821691,0.07803881511746691,-0.07542164108394922,0.07038332601673752
2010-11-16,617469,233608,38954,276392,436421,005602,SOYBEANS - CHICAGO BOARD OF TRADE ,1219.75,0.2591692862313736,-160029,2.8344757795047064,194654,-1.632202343446687,0.024991126705040452,0.05118835347553951,-0.07542164108394922,0.015781922525107683,0.07271100131968769
2010-11-23,622648,237538,38260,273964,440742,005602,SOYBEANS - CHICAGO BOARD OF TRADE ,1239.0,0.2678527835952256,-166778,-1.093010337361066,199278,0.7488635056982618,0.009443043713079224,0.016765893878853362,0.015781922525107683,0.0032284100080710587,0.07457192801927978
2010-11-30,631522,238157,34902,272769,445131,005602,SOYBEANS - CHICAGO BOARD OF TRADE ,1243.0,0.2729311092883542,-172362,-0.8968148938083796,203255,0.6387236448201873,0.007778242094999304,0.01456461790309054,0.0032284100080710587,0.03419147224456953,0.07628015123672371
2010-12-07,631787,246107,37578,253788,433590,005602,SOYBEANS - CHICAGO BOARD OF TRADE ,1285.5,0.28459275040480414,-179802,-1.1781062259113695,208529,0.8351253004645919,0.0444035159693793,0.03745703861677565,0.03419147224456953,0.008168028004667427,0.07842683395767525
2010-12-14,643173,249065,37466,251305,434415,005602,SOYBEANS - CHICAGO BOARD OF TRADE ,1296.0,0.2846978962114392,-183110,-0.5235941860152236,211599,0.4859232621120726,0.004824126465612787,0.010714372964879891,0.008168028004667427,0.023341049382715973,0.08068519298874856
2010-12-21,660863,257558,41529,258352,445154,005602,SOYBEANS - CHICAGO BOARD OF TRADE ,1326.25,0.2826637290936245,-186802,-0.5740290714939837,216029,0.6887726941273965,0.025281945001179806,0.04198109580155607,0.023341049382715973,0.037323279924599495,0.08403380497385754
2010-12-28,646356,259531,31258,253908,457123,005602,SOYBEANS - CHICAGO BOARD OF TRADE ,1375.75,0.31440104215014636,-203215,-2.4835707249460177,228273,1.8527289317150455,0.023083381737223834,0.04210613193759049,0.037323279924599495,-0.010721424677448632,0.08839416600307914
2011-01-04,622611,252337,33921,252421,444538,005602,SOYBEANS - CHICAGO BOARD OF TRADE ,1361.0,0.3085666652211413,-192117,1.7170104400670838,218416,-1.5250109846586093,0.0201905707509337,0.03443397215099665,-0.010721424677448632,-0.007714915503306385,0.09219387593166405
2011-01-11,619456,253146,34369,256053,448442,005602,SOYBEANS - CHICAGO BOARD OF TRADE ,1350.5,0.3105773452836037,-192389,-0.0436869891473167,218777,0.05798162897860783,0.010697024109468484,0.004371945811522877,-0.007714915503306385,0.046464272491669734,0.09743521340549943
2011-01-18,654378,263612,38024,266334,469594,005602,SOYBEANS - CHICAGO BOARD OF TRADE ,1413.25,0.3106155769295422,-203260,-1.7549269036057444,225588,1.0995131211902056,0.04271205878835973,0.046814703815194474,0.046464272491669734,-0.027419069520608574,0.10328597887521479
2011-01-25,650122,250683,37487,259499,446198,005602,SOYBEANS - CHICAGO BOARD OF TRADE ,1374.5,0.2871753301687991,-186699,2.5308002408393926,213196,-1.8937066955184922,0.042838498675777284,0.046729361140993166,-0.027419069520608574,0.04619861767915601,0.10930696043727023
2011-02-01,677852,265819,47010,261833,456497,005602,SOYBEANS - CHICAGO BOARD OF TRADE ,1438.0,0.2871777320122977,-194664,-1.2251546632785846,218809,0.863376412427206,0.01758662453190038,0.0788258121849317,0.04619861767915601,-0.002607788595271221,0.11583881658236826
2011-02-08,698094,270503,45756,264085,466093,005602,SOYBEANS - CHICAGO BOARD OF TRADE ,1434.25,0.2893707724174681,-202008,-1.0834223399798186,224747,0.8760024312091725,0.016226180465585105,0.018775750255328703,-0.002607788595271221,-0.0461913892278194,0.12332386790607389
2011-02-15,698766,262195,55405,268220,445794,005602,SOYBEANS - CHICAGO BOARD OF TRADE ,1368.0,0.25412512915625546,-177574,3.5001017055009784,206790,-2.5722896916461107,0.034220617522905714,0.056539672544080606,-0.0461913892278194,-0.051169590643274865,0.12946910964847455
2011-02-22,637703,219963,44021,266560,410223,005602,SOYBEANS - CHICAGO BOARD OF TRADE ,1298.0,0.22528198863734372,-143663,4.852983688387815,175942,-4.414639521671059,0.055011724585280655,0.20310321837687131,-0.051169590643274865,0.05354391371340528,0.13517853096138785
2011-03-01,612668,208902,44062,265318,401443,005602,SOYBEANS - CHICAGO BOARD OF TRADE ,1367.5,0.22218395607408906,-136125,1.1820549691627606,164840,-1.7409358274933628,0.0150308731314519,0.04388766781043943,0.05354391371340528,0.005850091407678226,0.1411399015598907
2011-03-08,617315,212527,33994,262346,411217,005602,SOYBEANS - CHICAGO BOARD OF TRADE ,1375.5,0.24115888970784768,-148871,-2.08040896537766,178533,2.2349788139742897,0.018923248456343356,0.05554496371505876,0.005850091407678226,-0.0766993820428935,0.14810896172446486
2011-03-15,621678,214376,49442,271888,399970,005602,SOYBEANS - CHICAGO BOARD OF TRADE ,1270.0,0.20602627083474082,-128082,3.367648607275054,164934,-2.2029271927622043,0.030942550360344,0.06556413891394826,-0.0766993820428935,0.07519685039370083,0.1545747475404415
2011-03-22,616044,214740,44387,269949,408147,005602,SOYBEANS - CHICAGO BOARD OF TRADE ,1365.5,0.2243313789274792,-138198,-1.6272089409630066,170353,0.8716731169512191,0.014918241664897006,0.02091252551837516,0.07519685039370083,-0.0029293299157817643,0.16010135939126374
2011-03-29,618462,210601,45039,272555,408282,005602,SOYBEANS - CHICAGO BOARD OF TRADE ,1361.5,0.21945891582667973,-135727,0.4011077130854289,165562,-0.7777041899604573,0.004025926910552746,0.01874119856047567,-0.0029293299157817643,0.008630187293426461,0.16534917082976588
2011-04-05,634186,215997,49264,275094,417873,005602,SOYBEANS - CHICAGO BOARD OF TRADE ,1373.25,0.2251374202521027,-142779,-1.1402479052876329,166733,0.18934065472090444,0.017504441048419334,0.03626993791020919,0.008630187293426461,-0.03167667941015839,0.1717579149544373
2011-04-12,636593,203436,51957,274861,394509,005602,SOYBEANS - CHICAGO BOARD OF TRADE ,1329.75,0.18795054296858432,-119648,3.6473526694061364,151479,-2.4052880385249753,0.03525255090607586,0.05972755713743133,-0.03167667941015839,0.009212257943222335,0.17657893973861608
2011-04-19,636040,193604,55806,277314,384464,005602,SOYBEANS - CHICAGO BOARD OF TRADE ,1342.0,0.16846424753160177,-107150,1.96326381220026,137798,-2.1490968326701676,0.018885487278211124,0.054853454151798244,0.009212257943222335,0.030365126676602072,0.1795484263720422
2011-04-26,593568,177725,45001,267792,372301,005602,SOYBEANS - CHICAGO BOARD OF TRADE ,1382.75,0.17606912771577982,-104509,0.4152254575183951,132724,-0.7977485692723728,0.033877889619164714,0.11980639889370796,0.030365126676602072,-0.0169951184234316,0.18225523619971123
2011-05-03,571505,178732,50816,267838,368578,005602,SOYBEANS - CHICAGO BOARD OF TRADE ,1359.25,0.17627142369708051,-100740,0.6349735834815893,127916,-0.8100167124912395,0.005922226971037812,0.029719274400125464,-0.0169951184234316,-0.014162221813500131,0.18506768913305965
2011-05-10,551626,166952,52600,264418,346628,005602,SOYBEANS - CHICAGO BOARD OF TRADE ,1340.0,0.14903213409085142,-82210,3.2423163401894994,114352,-2.373382560082589,0.041518969111981746,0.06178035271826264,-0.014162221813500131,0.0007462686567163423,0.18824593748163373
2011-05-17,545195,167312,55589,263988,341959,005602,SOYBEANS - CHICAGO BOARD OF TRADE ,1341.0,0.14301488458258055,-77971,0.7684554390112142,111723,-0.47659102362832784,0.008414927378137031,0.015024607336889472,0.0007462686567163423,0.023303504847129064,0.1919472045550294
2011-05-24,554958,178161,58010,260624,350510,005602,SOYBEANS - CHICAGO BOARD OF TRADE ,1372.25,0.16196901387131998,-89886,-2.185456579755867,120151,1.5458689092893367,0.01949654249313571,0.05618810099461831,0.023303504847129064,0.0027327382036801406,0.19633002615396533
2011-05-31,578376,185872,61003,259168,359281,005602,SOYBEANS - CHICAGO BOARD OF TRADE ,1376.0,0.17309328187891615,-100113,-1.8428421610284023,124869,0.8501544261007139,0.016536529285357402,0.043357974683544305,0.0027327382036801406,0.013081395348837122,0.20089626873446004
2011-06-07,596874,199015,64834,260620,372900,005602,SOYBEANS - CHICAGO BOARD OF TRADE ,1394.0,0.18811340416905412,-112280,-2.1036488374344717,134181,1.6100253122536206,0.023789304205076398,0.0643322506433604,0.013081395348837122,-0.0186513629842181,0.2058978003975947
2011-06-14,599556,189529,69718,268812,360269,005602,SOYBEANS - CHICAGO BOARD OF TRADE ,1368.0,0.15254121383156868,-91457,3.488676001970265,119811,-2.4075433005961058,0.03310066589199165,0.05542976389312123,-0.0186513629842181,-0.01407163742690054,0.20946907596168976
2011-06-21,592787,172834,68762,287773,360874,005602,SOYBEANS - CHICAGO BOARD OF TRADE ,1348.75,0.12331748165867334,-73101,3.0615989165315667,104072,-2.625109247509824,0.030164326667663614,0.07305998443682843,-0.01407163742690054,-0.013345690454124148,0.21180345292455935
2011-06-28,530785,146315,64371,276881,325361,005602,SOYBEANS - CHICAGO BOARD OF TRADE ,1330.75,0.09133641681660183,-48480,4.153431164988436,81944,-3.7328753835694775,0.0770537425154672,0.14671121953997893,-0.013345690454124148,0.0011271839188427002,0.21457229802425146
2011-07-05,525466,147622,67153,277747,325260,005602,SOYBEANS - CHICAGO BOARD OF TRADE ,1332.25,0.09042069325132358,-47513,0.1821829931139727,80469,-0.2778902945637122,0.001603629808609187,0.019038528692818066,0.0011271839188427002,0.025708388065303067,0.2175540360777408
2011-07-12,514257,154023,60125,258221,327837,005602,SOYBEANS - CHICAGO BOARD OF TRADE ,1366.5,0.135372002714596,-69616,-4.206361591425516,93898,2.5556363304190945,0.03771469718014258,0.06270896762986346,0.025708388065303067,0.00933040614709113,0.2190849410161186
2011-07-19,543107,187409,54097,240790,358281,005602,SOYBEANS - CHICAGO BOARD OF TRADE ,1379.25,0.2163312201831315,-117491,-9.309547560849925,133312,7.664261254586714,0.07991540234796878,0.16320091426299968,0.00933040614709113,0.002718868950516651,0.22089925313230047
2011-07-26,537568,191559,55884,234175,354479,005602,SOYBEANS - CHICAGO BOARD OF TRADE ,1383.0,0.22379308292160247,-120304,-0.5179458191479764,135675,0.43508921814670043,0.017696303770975818,0.023993404541652018,0.002718868950516651,-0.007230657989877098,0.22310228477156235
2011-08-02,512382,177002,58224,235535,338641,005602,SOYBEANS - CHICAGO BOARD OF TRADE ,1373.0,0.20122877072184425,-103106,3.1992231680457173,118778,-3.143230251800702,0.029952488435601627,0.07183304566672051,-0.007230657989877098,-0.05407865986890026,0.2239209727905108
2011-08-09,499834,156609,61414,249407,319004,005602,SOYBEANS - CHICAGO BOARD OF TRADE ,1298.75,0.13924022775561487,-69597,6.539847223360695,95195,-4.602620700961392,0.05895206109663606,0.10816748691651798,-0.05407865986890026,0.031761308950914335,0.22297404582014008
2011-08-16,506885,165401,57228,243573,329578,005602,SOYBEANS - CHICAGO BOARD OF TRADE ,1340.0,0.16967359460232598,-86005,-3.2826898530312065,108173,2.59646202539243,0.028627708928362684,0.05829429229794861,0.031761308950914335,0.03694029850746272,0.22232031005194447
2011-08-23,530818,197756,50988,223871,358067,005602,SOYBEANS - CHICAGO BOARD OF TRADE ,1389.5,0.2528098142866293,-134196,-9.507284689821164,146768,7.614153111652544,0.08281122731287525,0.15515952143569292,0.03694029850746272,0.04264123785534357,0.22326327239809654
2011-08-30,579933,246507,48823,202032,393756,005602,SOYBEANS - CHICAGO BOARD OF TRADE ,1448.75,0.33059681032119226,-191724,-10.837612891800957,197684,9.59198821441624,0.09655783600878165,0.1724037517353469,0.04264123785534357,-0.024331320103537557,0.2256026323777595
2011-09-06,598896,250942,51701,214904,407952,005602,SOYBEANS - CHICAGO BOARD OF TRADE ,1413.5,0.3223397718468649,-193048,-0.22830223491334345,199241,0.2684792898489998,0.043457877904363125,0.024163783731987853,-0.024331320103537557,-0.022815705695083177,0.2276160897503276
2011-09-13,605003,237456,54896,242826,417088,005602,SOYBEANS - CHICAGO BOARD OF TRADE ,1381.25,0.28803493536395686,-174262,3.1367716598541318,182560,-2.785291603216585,0.05615580211967014,0.05705793016637478,-0.022815705695083177,-0.03131221719457011,0.22881887355204328
2011-09-20,584691,194803,42888,263817,397476,005602,SOYBEANS - CHICAGO BOARD OF TRADE ,1338.0,0.22859766953826893,-133659,6.711206390712113,151915,-5.065264139186087,0.06139940994385242,0.22996663735690456,-0.03131221719457011,-0.056053811659192876,0.2284218504945944
2011-09-27,574756,167037,46880,278348,366372,005602,SOYBEANS - CHICAGO BOARD OF TRADE ,1263.0,0.15315020634843307,-88024,7.804977329905882,120157,-5.431586940794368,0.07078266534309467,0.14845944922563425,-0.056053811659192876,-0.0815518606492478,0.2263649780961446
2011-10-04,573569,162308,51737,279658,352492,005602,SOYBEANS - CHICAGO BOARD OF TRADE ,1160.0,0.12698385024295247,-72834,2.6428606225946316,110571,-1.66783817828783,0.024029107015739935,0.044784975122053775,-0.0815518606492478,0.06508620689655165,0.22434022510060186
2011-10-11,570587,160031,57671,286309,351336,005602,SOYBEANS - CHICAGO BOARD OF TRADE ,1235.5,0.11396509208937462,-65027,1.361126560187179,102360,-1.4315627239268511,0.01224348971606458,0.037716695299078555,0.06508620689655165,0.01234318089842179,0.2221214287017078
2011-10-18,589267,172709,62115,299275,374835,005602,SOYBEANS - CHICAGO BOARD OF TRADE ,1250.75,0.12822710248495164,-75560,-1.845993687202828,110594,1.4430752891320693,0.05409354556378039,0.07291418253670834,0.01234318089842179,-0.020187887267639426,0.21979502842988644
2011-10-25,542926,124197,59878,300414,331512,005602,SOYBEANS - CHICAGO BOARD OF TRADE ,1225.5,0.05727852414509528,-31098,7.5453062873027,64319,-7.85297666422861,0.07035950411915319,0.2756974059486622,-0.020187887267639426,-0.027131782945736482,0.215813659619324
2011-11-01,518805,119934,67235,281083,302398,005602,SOYBEANS - CHICAGO BOARD OF TRADE ,1192.25,0.04108480064764218,-21315,1.8019030217746066,52699,-2.140254841359596,0.08302755359643245,0.06208293039979911,-0.027131782945736482,0.0025162507863283334,0.2109763907097742
2011-11-08,515823,118986,73595,279933,292827,005602,SOYBEANS - CHICAGO BOARD OF TRADE ,1195.25,0.024996946627040672,-12894,1.6231532078526616,45391,-1.408621736490589,0.018718136741392555,0.03794766877313961,0.0025162507863283334,0.00418322526668069,0.20601527417941945
2011-11-15,529417,118240,93680,288628,278390,005602,SOYBEANS - CHICAGO BOARD OF TRADE ,1200.25,-0.01933825321060714,10238,4.484484018742863,24560,-4.038400769256121,0.040795883023113905,0.09829652699131748,0.00418322526668069,-0.03936679858362846,0.20065935995938136
2011-11-22,522610,114499,103099,297538,269360,005602,SOYBEANS - CHICAGO BOARD OF TRADE ,1153.0,-0.053917835479611945,28178,3.3886331568498935,11400,-2.485753196440613,0.03164590455425844,0.060478497045009606,-0.03936679858362846,-0.024284475281873386,0.19447146343871144
2011-11-29,522741,109910,98847,292371,267957,005602,SOYBEANS - CHICAGO BOARD OF TRADE ,1125.0,-0.04670381699541456,24414,-0.7202311475096151,11063,-0.06448403206980349,0.011725275195956654,0.04235067566596569,-0.024284475281873386,0.0040000000000000036,0.18832463793325435
2011-12-06,541370,109928,101342,305966,278127,005602,SOYBEANS - CHICAGO BOARD OF TRADE ,1129.5,-0.05142324103662929,27839,0.6552001851777458,8586,-0.47384842589351134,0.040687013883063144,0.01189473185970559,0.0040000000000000036,-0.009738822487826426,0.18186279194399596
2011-12-13,558278,115633,95724,304760,290075,005602,SOYBEANS - CHICAGO BOARD OF TRADE ,1118.5,-0.026304099391342664,14685,-2.4297615309307865,19909,2.0915455233943514,0.02211369539452117,0.053572864868445334,-0.009738822487826426,0.023245417970496174,0.17588198433625019
2011-12-20,532238,111979,88074,285913,279709,005602,SOYBEANS - CHICAGO BOARD OF TRADE ,1144.5,-0.011656439412443306,6204,-1.5191356277696775,23905,0.7157724287899577,0.0516475667495253,0.056505026168065464,0.023245417970496174,0.04827435561380522,0.17022198109574888
2011-12-27,480007,104823,75814,257041,257615,005602,SOYBEANS - CHICAGO BOARD OF TRADE ,1199.75,0.0011958158943515408,-574,-1.27349043097261,29009,0.958969483576896,0.09902925449232108,0.10748628464821715,0.04827435561380522,0.015419879141487902,0.16419880366775283
2012-01-03,460650,110219,70808,239308,251208,005602,SOYBEANS - CHICAGO BOARD OF TRADE ,1218.25,0.025833061977640293,-11900,-2.359548923244869,39411,2.167051730495597,0.04921348131355552,0.05746104172305789,0.015419879141487902,0.004514672686230181,0.1587616189899932
2012-01-10,459749,111684,63034,239280,259348,005602,SOYBEANS - CHICAGO BOARD OF TRADE ,1223.75,0.04364990462186976,-20068,-1.77314664061652,48650,2.0056441984152826,0.016380949324947658,0.0528794972469923,0.004514672686230181,-0.03289070480081713,0.15362839897726752
2012-01-17,478025,112834,69682,246390,257178,005602,SOYBEANS - CHICAGO BOARD OF TRADE ,1183.5,0.02256785732963757,-10788,2.0184926992772145,43152,-1.195869920326091,0.01842849426492549,0.042725021367989655,-0.03289070480081713,0.030840726658217132,0.14808901975419245
2012-01-24,478304,121112,68870,238408,257085,005602,SOYBEANS - CHICAGO BOARD OF TRADE ,1220.0,0.03904838763631498,-18677,-1.6503320956016945,52242,1.9015741854505517,0.01629690025893403,0.047846638102557085,0.030840726658217132,-0.01721311475409837,0.1433173477824139
2012-01-31,500592,125659,70271,253597,272593,005602,SOYBEANS - CHICAGO BOARD OF TRADE ,1199.0,0.0379470706683287,-18996,-0.06669398541513347,55388,0.6577406837492473,0.058338242840038766,0.030357780840095952,-0.01721311475409837,0.02752293577981657,0.13852445044887604
2012-02-07,515753,138856,65194,249886,292046,005602,SOYBEANS - CHICAGO BOARD OF TRADE ,1232.0,0.08174455601809394,-42160,-4.627321251638061,73662,3.650477834244255,0.04274337001690249,0.08955648125459446,0.02752293577981657,0.018668831168831224,0.1345316385950419
2012-02-14,549099,152160,60561,255980,311928,005602,SOYBEANS - CHICAGO BOARD OF TRADE ,1255.0,0.10189055161273286,-55948,-2.6733727191116676,91599,3.4778275647451395,0.045739802925826016,0.08432171717883989,0.018668831168831224,0.012749003984063645,0.1316040505653588
2012-02-21,544143,160084,53055,246395,318172,005602,SOYBEANS - CHICAGO BOARD OF TRADE ,1271.0,0.1319083402708479,-71777,-2.882722423460979,107029,2.810057931265582,0.028037416285401025,0.07239407147448379,0.012749003984063645,0.026947285601888193,0.12980840348138772
2012-02-28,540310,175345,48788,231200,326042,005602,SOYBEANS - CHICAGO BOARD OF TRADE ,1305.25,0.17553256463881844,-94842,-4.23877546894842,126557,3.5887625127953493,0.04139135241062231,0.08712683986740016,0.026947285601888193,0.018770350507565592,0.12891126133840175
2012-03-06,568715,203586,43077,232821,359718,005602,SOYBEANS - CHICAGO BOARD OF TRADE ,1329.75,0.22312933543163097,-126897,-5.9327052988099425,160509,6.283800040717366,0.059569074778200254,0.13764528932186829,0.018770350507565592,0.014288400075202157,0.1285645391407822
2012-03-13,603318,216471,43715,242256,383904,005602,SOYBEANS - CHICAGO BOARD OF TRADE ,1348.75,0.23478165743438784,-141648,-2.593742032476724,172756,2.1534512013926133,0.05369394403986202,0.05197435680628473,0.014288400075202157,-0.002780352177942591,0.12911752734462156
2012-03-20,640011,241330,41319,248051,415053,005602,SOYBEANS - CHICAGO BOARD OF TRADE ,1345.0,0.260936140160091,-167002,-4.202427244007306,200011,4.517518124770022,0.05571373419554097,0.09642701725461615,-0.002780352177942591,0.018401486988847582,0.12982146506063333
2012-03-27,684581,250617,38190,267726,449466,005602,SOYBEANS - CHICAGO BOARD OF TRADE ,1369.75,0.2654762548186409,-181740,-2.3027729210904186,212427,1.9399666568230858,0.07541634597151112,0.042990647733607563,0.018401486988847582,0.03431283080854164,0.1307064138874018
2012-04-03,753669,275924,40067,299352,498507,005602,SOYBEANS - CHICAGO BOARD OF TRADE ,1416.75,0.2642473021976491,-199155,-2.543891811195461,235857,3.4225314462423,0.10110433046440537,0.08602776661360609,0.03431283080854164,0.006529027704252677,0.13145852700173924
2012-04-10,786976,282831,51650,307417,503626,005602,SOYBEANS - CHICAGO BOARD OF TRADE ,1426.0,0.24932018257227667,-196209,0.3908877769949408,231181,-0.6204315156919019,0.01625561160135776,0.05527967208899758,0.006529027704252677,-0.0001753155680224161,0.13263871237873331
2012-04-17,811832,286169,52764,312993,511217,005602,SOYBEANS - CHICAGO BOARD OF TRADE ,1425.75,0.24416874427221397,-198224,-0.25604338632944335,233405,0.28260074004798114,0.015975297557661274,0.013135339432867262,-0.0001753155680224161,0.0248991758723478,0.13409456808528356
2012-04-24,815826,297462,48120,312360,527619,005602,SOYBEANS - CHICAGO BOARD OF TRADE ,1461.25,0.2638540571151201,-215259,-2.0983405433636517,249342,1.9630908857990323,0.02028026891148469,0.04611640652580285,0.0248991758723478,0.024978614200171112,0.13578273980450165
2012-05-01,807124,310602,51859,295709,522527,005602,SOYBEANS - CHICAGO BOARD OF TRADE ,1497.75,0.2810200167508338,-226818,-1.4168462392716095,258743,1.1523290505573494,0.026573018053471127,0.046567768670284525,0.024978614200171112,-0.04006009013520284,0.1377971358247661
2012-05-08,798732,302014,52091,302581,518595,005602,SOYBEANS - CHICAGO BOARD OF TRADE ,1437.75,0.27044615715909714,-216014,1.3385799455845695,249923,-1.092768893007766,0.013156741064034994,0.024907866310840004,-0.04006009013520284,-0.017214397496087663,0.14013202088377083
2012-05-15,790836,290270,47448,308399,519662,005602,SOYBEANS - CHICAGO BOARD OF TRADE ,1413.0,0.2671388252431604,-211263,0.5948177861911129,242822,-0.8890341190787397,0.00831460484191382,0.048522731983489185,-0.017214397496087663,-0.021762208067940603,0.14251901974262815
2012-05-22,776789,295629,50742,293180,508351,005602,SOYBEANS - CHICAGO BOARD OF TRADE ,1382.25,0.2770005754458418,-215171,-0.49416060978508825,244887,0.26111608475082065,0.033099156489268665,0.02498188358725182,-0.021762208067940603,0.0032555615843732344,0.1447311651575228
2012-05-29,773983,292162,55852,294579,502101,005602,SOYBEANS - CHICAGO BOARD OF TRADE ,1386.75,0.26812216805795475,-207522,0.9846946854293767,236310,-1.1041608467679125,0.009601094542350756,0.024645560236082456,0.0032555615843732344,-0.02686136650441684,0.14655864373788893
2012-06-05,762748,270134,56438,304497,490843,005602,SOYBEANS - CHICAGO BOARD OF TRADE ,1349.5,0.24430873630609323,-186346,2.735977405188486,213696,-2.9217695995906885,0.026625091155983605,0.06924659799370429,-0.02686136650441684,0.06335679881437573,0.14763932320206277
2012-06-12,771728,285354,51428,287606,500220,005602,SOYBEANS - CHICAGO BOARD OF TRADE ,1435.0,0.275503804449236,-212614,-3.443863504066874,233926,2.6522521199662275,0.03334238778613552,0.06006853097849647,0.06335679881437573,-0.0008710801393728707,0.15000398840624868
2012-06-19,783333,282996,49355,285469,502740,005602,SOYBEANS - CHICAGO BOARD OF TRADE ,1433.75,0.27736735207121366,-217271,-0.6034509568137997,233641,-0.036930110090601875,0.005908331419712284,0.013332290259394435,-0.0008710801393728707,0.02563208369659975,0.15296648591418213
2012-06-26,767737,286931,49449,275815,502784,005602,SOYBEANS - CHICAGO BOARD OF TRADE ,1470.5,0.2956337912592463,-226969,-1.2380430800183317,237482,0.49034063418750395,0.01245570569702761,0.011977525417682383,0.02563208369659975,0.06919415164909903,0.1568952815765407
2012-07-03,775157,310255,49822,267694,518107,005602,SOYBEANS - CHICAGO BOARD OF TRADE ,1572.25,0.3230481050935488,-250413,-3.053649882707229,260433,2.9894351841841673,0.029834525535090944,0.0658109237746371,0.06919415164909903,0.04865638416282403,0.16136888565042964
2012-07-10,799500,318077,60255,283082,536830,005602,SOYBEANS - CHICAGO BOARD OF TRADE ,1648.75,0.3173833646028768,-253748,-0.4302354232755429,257822,-0.3368349895569543,0.04160324522631697,0.048251271370119364,0.04865638416282403,-0.005913570887035591,0.16486910414828118
2012-07-17,833271,322317,62705,304618,565463,005602,SOYBEANS - CHICAGO BOARD OF TRADE ,1639.0,0.31303741519865685,-260845,-0.8876797998749217,259612,0.22388993120700437,0.057660148882690235,0.017375630483452895,-0.005913570887035591,0.006253813300793221,0.16672883866781055
2012-07-24,811596,319518,63559,307586,559951,005602,SOYBEANS - CHICAGO BOARD OF TRADE ,1649.25,0.310949043612832,-252365,1.0176761221739388,255959,-0.43839279178082524,0.009774799230465099,0.009535941860252639,0.006253813300793221,0.043504623313627366,0.16840491483494954
2012-07-31,760359,308379,65253,287913,531439,005602,SOYBEANS - CHICAGO BOARD OF TRADE ,1721.0,0.32027765831666355,-243526,1.0890886598751104,243126,-1.5812054273308396,0.05880866831349652,0.034346629838985954,0.043504623313627366,-0.06725740848343986,0.17069431651946532
2012-08-07,752907,303279,71002,287530,518557,005602,SOYBEANS - CHICAGO BOARD OF TRADE ,1605.25,0.30684666233678265,-231027,1.6438287703571604,232277,-1.4268260124493826,0.016456040104852205,0.028986242956495253,-0.06725740848343986,0.046565955458651276,0.17391751718448775
2012-08-14,741673,300245,69947,283358,508877,005602,SOYBEANS - CHICAGO BOARD OF TRADE ,1680.0,0.3040679652623191,-225519,0.7315644561678932,230298,-0.2628478683290234,0.017484710975909926,0.011045619570385098,0.046565955458651276,0.043749999999999956,0.17650202431256456
2012-08-21,755189,320166,71062,273434,521875,005602,SOYBEANS - CHICAGO BOARD OF TRADE ,1753.5,0.3289785735756215,-248441,-3.0905803501003812,249104,2.535618796963082,0.028821502082838242,0.05376915762675473,0.043749999999999956,-0.0119760479041916,0.17796680814504517
2012-08-28,742076,294396,70016,272507,500424,005602,SOYBEANS - CHICAGO BOARD OF TRADE ,1732.5,0.30713430969334676,-227917,2.717730263549919,224380,-3.2738824320799162,0.02895213156154948,0.07358703884614118,-0.0119760479041916,0.022222222222222143,0.17751560620989432
2012-09-04,742721,303032,70387,267934,501699,005602,SOYBEANS - CHICAGO BOARD OF TRADE ,1771.0,0.31474133624873946,-233765,-0.7880594440461623,232645,1.1137673230235179,0.00759842678263536,0.024120358096401093,0.022222222222222143,-0.042066629023150726,0.1773694824483919
2012-09-11,733037,297109,67294,268128,497732,005602,SOYBEANS - CHICAGO BOARD OF TRADE ,1696.5,0.3132229341765832,-229604,0.5602372896417362,229815,-0.38103136978757834,0.005433107878724571,0.02474183801999435,-0.042066629023150726,-0.03330386089006776,0.1778538670409424
2012-09-18,730121,288794,71757,280804,487686,005602,SOYBEANS - CHICAGO BOARD OF TRADE ,1640.0,0.28335303326434935,-206882,3.099707108918104,217037,-1.7431589401353549,0.029567073091387005,0.035440201247535025,-0.03330386089006776,-0.017378048780487765,0.1789068548049055
2012-09-25,725029,269448,51762,289627,496003,005602,SOYBEANS - CHICAGO BOARD OF TRADE ,1611.5,0.2846451659175012,-206376,0.06930358118722786,217686,0.08888937587057488,0.02181688581138704,0.12247750692693253,-0.017378048780487765,-0.05026372944461677,0.18143560402738756
2012-10-02,721122,266937,53450,296025,495448,005602,SOYBEANS - CHICAGO BOARD OF TRADE ,1530.5,0.27654543891324906,-199423,0.9589961229137042,213487,-0.5791492478231905,0.008784885902614493,0.01310602490113519,-0.05026372944461677,0.012740934335184528,0.18431178842489324
2012-10-09,718506,261352,53517,296163,492931,005602,SOYBEANS - CHICAGO BOARD OF TRADE ,1550.0,0.27385714245949233,-196768,0.36817625866358256,207835,-0.7837786116634912,0.0033646181570256522,0.017950322197485304,0.012740934335184528,-0.03629032258064513,0.1873866355473955
2012-10-16,715100,258808,54657,291893,478539,005602,SOYBEANS - CHICAGO BOARD OF TRADE ,1493.75,0.2610068521885051,-186646,1.4087565030772184,204151,-0.5127305826256148,0.024222773716564214,0.011752508254510073,-0.03629032258064513,0.0398326359832637,0.18994009227246386
2012-10-23,706473,258999,54375,279882,472666,005602,SOYBEANS - CHICAGO BOARD OF TRADE ,1553.25,0.27288233237505183,-192784,-0.8583414907006013,204624,0.06614459516151587,0.023764597075535382,0.001509378570015381,0.0398326359832637,0.005150490906164595,0.19408631935380918
2012-10-30,639789,223530,40861,262039,434980,005602,SOYBEANS - CHICAGO BOARD OF TRADE ,1561.25,0.2703094301402494,-172941,2.808741452256491,182669,-3.1076913059663993,0.07966640794583792,0.1852672746046575,0.005150490906164595,-0.028502802241793468,0.1984944853055901
2012-11-06,620361,220529,43252,250466,422457,005602,SOYBEANS - CHICAGO BOARD OF TRADE ,1516.75,0.27724341149749904,-171991,0.14848645412784525,177277,-0.8427778533235175,0.035807960197526315,0.020441199328230616,-0.028502802241793468,-0.059172572935553,0.20334537886079118
2012-11-13,604162,201469,52681,254101,395509,005602,SOYBEANS - CHICAGO BOARD OF TRADE ,1427.0,0.23405642857379313,-141408,4.929871478058743,148788,-4.592326081104389,0.04707901664075368,0.11209521935864647,-0.059172572935553,-0.00998598458304134,0.20821835351049123
2012-11-20,603691,192367,59672,261307,387676,005602,SOYBEANS - CHICAGO BOARD OF TRADE ,1412.75,0.20932728829815253,-126369,2.4892330202826396,132695,-2.6636895402226557,0.02317318019116063,0.06385122937323193,-0.00998598458304134,0.025836135197310206,0.21328075973698665
2012-11-27,603386,187431,65242,264580,381637,005602,SOYBEANS - CHICAGO BOARD OF TRADE ,1449.25,0.19400019224841147,-117057,1.5425109865808833,122189,-1.7402942896283031,0.014410020163505448,0.04157943270551266,0.025836135197310206,0.004312575470070801,0.21790968299167562
2012-12-04,593935,183808,60989,259716,375369,005602,SOYBEANS - CHICAGO BOARD OF TRADE ,1455.5,0.19472332831033698,-115653,0.23268687042788527,122819,0.10441077519199982,0.017528362345197886,0.0321735968986548,0.004312575470070801,0.011336310546204098,0.22264327086373267
2012-12-11,599332,189746,58275,252221,380107,005602,SOYBEANS - CHICAGO BOARD OF TRADE ,1472.0,0.21338089739910435,-127886,-2.0596529923308107,131471,1.45672506250684,0.019345972343467313,0.03488414287499849,0.011336310546204098,-0.0040760869565217295,0.22725259772508746
2012-12-18,611685,197452,59989,257079,392692,005602,SOYBEANS - CHICAGO BOARD OF TRADE ,1466.0,0.22170398162452898,-135613,-1.2892687191740138,137463,0.9997797547936702,0.026844842259811534,0.03659090820809428,-0.0040760869565217295,-0.035641200545702634,0.2317402981296446
2013-01-08,539444,157182,76302,247036,323035,005602,SOYBEANS - CHICAGO BOARD OF TRADE ,1413.75,0.1408839471752397,-75999,9.745865927724237,80880,-9.250349444567057,0.1398071468290792,0.24234208768052629,-0.035641200545702634,-0.00017683465959328348,0.23442660834658474
2013-01-15,532386,156100,76737,230101,307771,005602,SOYBEANS - CHICAGO BOARD OF TRADE ,1413.5,0.14589038780133212,-77670,-0.30976338600484943,79363,-0.281215473709968,0.05986368504030699,0.006515287518736283,-0.00017683465959328348,0.027060488149982298,0.23673540307396346
2013-01-22,548246,163163,73614,230527,318693,005602,SOYBEANS - CHICAGO BOARD OF TRADE ,1451.75,0.16081467078647177,-88166,-1.9715018802147315,89549,1.9132734519690602,0.02066202978769892,0.043019381105428314,0.027060488149982298,0.0,0.23898857165405196
2013-01-29,574109,166323,73905,234494,325835,005602,SOYBEANS - CHICAGO BOARD OF TRADE ,1451.75,0.15910044956619737,-91341,-0.579119592299807,92418,0.5233052315931169,0.019825852311766836,0.014365519423214613,0.0,0.030136042707077593,0.2416141984278319
2013-02-05,607911,193831,80360,241170,355845,005602,SOYBEANS - CHICAGO BOARD OF TRADE ,1495.5,0.1886378104689667,-114675,-4.064384986126328,113471,3.6670736741629204,0.06144904231886971,0.12386621005065812,0.030136042707077593,-0.04998328318288203,0.24449091809769063
2013-02-12,618804,200157,75072,251749,373502,005602,SOYBEANS - CHICAGO BOARD OF TRADE ,1420.75,0.19675535387618698,-121753,-1.1643151711352484,125085,1.910477027064817,0.045159463959273956,0.042197588190197984,-0.04998328318288203,0.03484075312335033,0.2475449235439956
2013-02-19,639511,196861,85153,279164,386539,005602,SOYBEANS - CHICAGO BOARD OF TRADE ,1470.25,0.16790172491169034,-107375,2.3235143922793,111708,-2.1617507320573237,0.06076583701740866,0.047433815342500726,0.03484075312335033,-0.015303519809556243,0.24920179217656474
2013-02-26,598066,194318,66063,256815,374879,005602,SOYBEANS - CHICAGO BOARD OF TRADE ,1447.75,0.197409650439918,-118064,-1.6714333295283428,128255,2.587445720245625,0.05383777588515959,0.08308209892426867,-0.015303519809556243,0.033672940770160587,0.2510386979232414
2013-03-05,593117,194052,70894,252773,371322,005602,SOYBEANS - CHICAGO BOARD OF TRADE ,1496.5,0.19987456100567005,-118549,-0.08109472867543047,123158,-0.8522470764096269,0.012176030892732677,0.019237882436421008,0.033672940770160587,-0.004510524557300388,0.2523457406296803
2013-03-12,605100,204281,70707,256738,385137,005602,SOYBEANS - CHICAGO BOARD OF TRADE ,1489.75,0.21219467856552635,-128399,-1.660717868481261,133574,1.756145920619372,0.027700097370983445,0.037878016495265246,-0.004510524557300388,-0.055714045980869265,0.25305078128211694
2013-03-19,582483,184102,73860,262249,361798,005602,SOYBEANS - CHICAGO BOARD OF TRADE ,1406.75,0.17090455858797596,-99549,4.767806974053875,110242,-3.855891588167245,0.0462304922545898,0.0904474302416635,-0.055714045980869265,0.029145192820330568,0.2520464586505082
2013-03-26,577889,182681,72056,262282,367564,005602,SOYBEANS - CHICAGO BOARD OF TRADE ,1447.75,0.1821837757770091,-105282,-0.9842347330308353,110625,0.06575299193281178,0.009207012507819372,0.012660116119762735,0.029145192820330568,-0.03712657572094624,0.2510349609263278
2013-04-02,564800,175321,79158,256665,340077,005602,SOYBEANS - CHICAGO BOARD OF TRADE ,1394.0,0.14768413597733712,-83412,3.7844637984111134,96163,-2.502556719369983,0.055474560195193236,0.05682983664663882,-0.03712657572094624,0.001076040172166337,0.2488570377689672
2013-04-09,576118,164155,93391,263989,318709,005602,SOYBEANS - CHICAGO BOARD OF TRADE ,1395.5,0.09498054218059494,-54720,5.080028328611898,70764,-4.4969900849858355,0.04923991501601172,0.09861927577986068,0.001076040172166337,0.011465424579004013,0.24557827406438942
2013-04-16,558530,173040,91494,255052,320951,005602,SOYBEANS - CHICAGO BOARD OF TRADE ,1411.5,0.11798650027751419,-65899,-1.9404010983860946,81546,1.8714916041505387,0.01940788502837659,0.040758465830479255,0.011465424579004013,0.0058448459086077875,0.24276556633515603
2013-04-23,575432,170965,93398,273743,338178,005602,SOYBEANS - CHICAGO BOARD OF TRADE ,1419.75,0.1119767409528841,-64435,0.2621166275759583,77567,-0.7124057794567883,0.058697119399399596,0.015051274194951638,0.0058448459086077875,0.03380876914949815,0.24012434630401386
2013-04-30,538165,174979,95907,250718,320524,005602,SOYBEANS - CHICAGO BOARD OF TRADE ,1467.75,0.1297111480679717,-69806,-0.9333856997872902,79072,0.26154263231798025,0.07121150055493118,0.024080240396329083,0.03380876914949815,-0.002895588485777534,0.23792323868470153
2013-05-07,536506,167482,105525,253964,301926,005602,SOYBEANS - CHICAGO BOARD OF TRADE ,1463.5,0.08939694989431618,-47962,4.058978194419927,61957,-3.180251409883586,0.03929554408246236,0.06269070023845542,-0.002895588485777534,0.041680901947386495,0.2345682943150707
2013-05-14,564454,184009,112374,254527,312649,005602,SOYBEANS - CHICAGO BOARD OF TRADE ,1524.5,0.10297030404603387,-58122,-1.8937346460244622,71635,1.8038940850614904,0.01989858527159118,0.07887092039691886,0.041680901947386495,-0.03033781567727123,0.23114426137843994
2013-05-21,582728,214833,131936,248218,316106,005602,SOYBEANS - CHICAGO BOARD OF TRADE ,1478.25,0.1165003226205022,-67888,-1.7301675601554778,82897,1.995202443423202,0.017305661286778518,0.14530133893168073,-0.03033781567727123,0.020970742431929645,0.22818376456039
2013-05-28,581323,230793,137759,230632,302965,005602,SOYBEANS - CHICAGO BOARD OF TRADE ,1509.25,0.12442824385066478,-72333,-0.7627915596985214,93034,1.739576612072871,0.057584656585400594,0.0591042783650611,0.020970742431929645,0.012920324664568383,0.22543933030284202
2013-06-04,600319,234210,124606,241176,326730,005602,SOYBEANS - CHICAGO BOARD OF TRADE ,1528.75,0.1425142299344182,-85554,-2.2742950132714514,109604,2.850394703116856,0.06041316696777284,0.04617965754035495,0.012920324664568383,0.007686017988552729,0.22285305442762235
2013-06-11,612808,249495,127286,250149,345202,005602,SOYBEANS - CHICAGO BOARD OF TRADE ,1540.5,0.15511057296902128,-95053,-1.5823253969972633,122209,2.0997169838036114,0.0460988559689998,0.047680217420729816,0.007686017988552729,-0.019311911716974994,0.22067975452206592
2013-06-18,621572,233015,131500,265597,341973,005602,SOYBEANS - CHICAGO BOARD OF TRADE ,1510.75,0.12287554780459867,-76376,3.047773527760734,101515,-3.3769141395020954,0.030740490807643565,0.05677132628286902,-0.019311911716974994,0.0095978818467648,0.21834450089703716
2013-06-25,562572,220193,110269,234747,322039,005602,SOYBEANS - CHICAGO BOARD OF TRADE ,1525.25,0.1551659165404606,-87292,-1.7561923638773946,109924,1.35286016744641,0.09120918988623995,0.10304664378960364,0.0095978818467648,0.03130634322242254,0.21603031074494533
2013-07-02,523071,208099,104119,218074,298436,005602,SOYBEANS - CHICAGO BOARD OF TRADE ,1573.0,0.15363497498427556,-80362,1.2318423241825047,103980,-1.056575869399828,0.0779771930843546,0.058433530417849065,0.03130634322242254,0.02558804831532102,0.21365084195481193
2013-07-09,517973,202456,98085,214664,294247,005602,SOYBEANS - CHICAGO BOARD OF TRADE ,1613.25,0.153643143561537,-79583,0.1489281569806011,104371,0.07475084644340826,0.014931883963993704,0.038853267940147936,0.02558804831532102,-0.08554160855416082,0.2109202525760098
2013-07-16,522786,215818,104030,208985,302897,005602,SOYBEANS - CHICAGO BOARD OF TRADE ,1475.25,0.17963755724139513,-93912,-2.766360408747174,111788,1.4319279190228063,0.027992779585920193,0.06036304744753758,-0.08554160855416082,-0.008642602948652822,0.20816235742500686
2013-07-23,526976,223877,119833,206471,287363,005602,SOYBEANS - CHICAGO BOARD OF TRADE ,1462.5,0.15350224678163712,-80892,2.490502806119521,104044,-1.4812944493540379,0.036546693828290476,0.06942480579558348,-0.008642602948652822,-0.07692307692307687,0.2050107974669061
2013-07-30,490254,193527,113331,212531,259339,005602,SOYBEANS - CHICAGO BOARD OF TRADE ,1350.0,0.09547703843313873,-46808,6.467846733058052,80196,-4.52544328394462,0.07223175874711255,0.12009463660716031,-0.07692307692307687,-0.01907407407407402,0.20082694406756918
2013-08-06,496026,179886,123199,226218,243054,005602,SOYBEANS - CHICAGO BOARD OF TRADE ,1324.25,0.033941769181454196,-16836,6.113565621086212,56687,-4.7952693909687625,0.06386914199014644,0.07756569939125987,-0.01907407407407402,0.026807626958655906,0.19549988109773503
2013-08-13,514193,181766,120874,239024,264825,005602,SOYBEANS - CHICAGO BOARD OF TRADE ,1359.75,0.05017765702761415,-25801,-1.8073649365154245,60892,0.8477378201949092,0.06862571921349452,0.013894395982024847,0.026807626958655906,-0.03713917999632288,0.19030565030371482
2013-08-20,545780,207697,102302,237439,317515,005602,SOYBEANS - CHICAGO BOARD OF TRADE ,1309.25,0.14671845798673458,-80076,-10.55537512179279,105395,8.654921401108144,0.09780089881323498,0.14355852760815357,-0.03713917999632288,0.08000763796066446,0.1872262617585216
2013-08-27,571623,226062,86249,237032,359336,005602,SOYBEANS - CHICAGO BOARD OF TRADE ,1414.0,0.21395920038207,-122304,-7.737183480523288,139813,6.306203964967569,0.07080862822954954,0.11020425153132615,0.08000763796066446,0.015205091937765314,0.1854934008954399
2013-09-03,591014,240748,74986,234634,382702,005602,SOYBEANS - CHICAGO BOARD OF TRADE ,1435.5,0.2505321362945717,-148068,-4.50716643661994,165762,4.539530424772971,0.04173416097554654,0.08218627072155675,0.015205091937765314,-0.022117729014280774,0.183984815563112
2013-09-10,611277,233029,80214,250970,385786,005602,SOYBEANS - CHICAGO BOARD OF TRADE ,1403.75,0.22054813120729228,-134816,2.2422480685736716,152815,-2.1906418460476402,0.030498338453033815,0.04133212873072982,-0.022117729014280774,-0.04363312555654497,0.1823196967460725
2013-09-17,613083,233664,73754,248071,388519,005602,SOYBEANS - CHICAGO BOARD OF TRADE ,1342.5,0.2290848058093276,-140448,-0.9213498953829443,159910,1.1606849268007793,0.008847138660676417,0.023079325218432232,-0.04363312555654497,-0.022346368715083775,0.1806724557760838
2013-09-24,620379,222653,77347,253949,380163,005602,SOYBEANS - CHICAGO BOARD OF TRADE ,1312.5,0.20344660280248042,-126214,2.3217084799284926,145306,-2.3820591991622666,0.022447138675817522,0.04868,-0.022346368715083775,-0.03390476190476188,0.178561372480428
2013-10-01,616871,206304,75050,261742,374582,005602,SOYBEANS - CHICAGO BOARD OF TRADE ,1268.0,0.1829231719435668,-112840,2.15577896737317,131254,-2.2650669993665162,0.021017594810191036,0.06627238283443633,-0.03390476190476188,0.016364353312302793,0.17663002899348984
2013-10-08,623084,201332,72029,274941,382113,005602,SOYBEANS - CHICAGO BOARD OF TRADE ,1288.75,0.17200249083590655,-107172,0.9188306793478701,129303,-0.3162735807000167,0.03154991827155759,0.029239723296300497,0.016364353312302793,-0.01687681862269641,0.1744638237034592
2013-10-15,641740,203711,67566,292036,400921,005602,SOYBEANS - CHICAGO BOARD OF TRADE ,1267.0,0.16967151806027364,-108885,-0.2749228033459373,136145,1.0980862933408657,0.05181129565037946,0.02522145261116866,-0.01687681862269641,0.02782162588792425,0.17240855599474816
2013-10-22,652100,209830,70725,293262,409482,005602,SOYBEANS - CHICAGO BOARD OF TRADE ,1302.25,0.17822419874252415,-116220,-1.142986256116184,139105,0.4612459874715617,0.013926835376751705,0.03307016449537524,0.02782162588792425,-0.017853714724515246,0.17056946092326797
2013-10-29,584429,181772,51803,259581,364499,005602,SOYBEANS - CHICAGO BOARD OF TRADE ,1279.0,0.1795222345229275,-104918,1.7331697592393804,129969,-1.4010121147063335,0.1260479425714652,0.20113453922722893,-0.017853714724515246,-0.015441751368256429,0.1690024490450838
2013-11-05,563699,182112,70374,246280,332579,005602,SOYBEANS - CHICAGO BOARD OF TRADE ,1259.25,0.15309411583132132,-86299,3.1858446449440394,111738,-3.1194550578427833,0.07812092409377759,0.07489920233201049,-0.015441751368256429,0.047647409172126176,0.1666988294961659
2013-11-12,577984,194944,64980,240056,349072,005602,SOYBEANS - CHICAGO BOARD OF TRADE ,1319.25,0.18861421769460746,-109016,-4.029987635245051,129964,3.2332858493628693,0.038560380766149295,0.07012049676059155,0.047647409172126176,-0.03259427705135498,0.16512776771836507
2013-11-19,580418,200297,57135,240892,355410,005602,SOYBEANS - CHICAGO BOARD OF TRADE ,1276.25,0.19730263361921926,-114518,-0.9519294651755066,143162,2.2834542132654194,0.012030816599642464,0.05126790764162963,-0.03259427705135498,0.04152791380999021,0.16359044506685974
2013-11-26,606008,216727,61933,237433,366222,005602,SOYBEANS - CHICAGO BOARD OF TRADE ,1329.25,0.21252029676175893,-128789,-2.4587452491135697,154794,2.0040729267527886,0.023640986987600532,0.0761788559534917,0.04152791380999021,-0.007146887342486363,0.16317628868585904
2013-12-03,617952,228604,69058,233082,362533,005602,SOYBEANS - CHICAGO BOARD OF TRADE ,1319.75,0.2094839081352597,-129451,-0.10923948198703648,159546,0.7841480640519597,0.013498652653140032,0.06383750697099394,-0.007146887342486363,0.014017806402727873,0.16317930060580343
2013-12-10,641333,241719,68345,244716,388720,005602,SOYBEANS - CHICAGO BOARD OF TRADE ,1338.25,0.22453857824250428,-144004,-2.3550372844492777,173374,2.237714256123453,0.05970768949033525,0.044597244439857575,0.014017806402727873,0.006164767420138162,0.163766577259536
2013-12-17,650861,248601,71620,255622,400711,005602,SOYBEANS - CHICAGO BOARD OF TRADE ,1346.5,0.22291856479340444,-145089,-0.16917888210960608,176981,0.5624223297413357,0.034886254386111926,0.0317187192595114,0.006164767420138162,-0.009468993687337557,0.1643087933457488
2013-12-24,628600,245120,69346,239009,383943,005602,SOYBEANS - CHICAGO BOARD OF TRADE ,1333.75,0.2305663378937321,-144934,0.023814608649158575,175774,-0.18544666219054454,0.053585187943854425,0.018300865594372683,-0.009468993687337557,-0.015932521087160256,0.16463928258603008
2013-12-31,575756,229906,64117,209859,342217,005602,SOYBEANS - CHICAGO BOARD OF TRADE ,1312.5,0.22988557652894628,-132358,2.0006363347120586,165789,-1.5884505249761376,0.12838087509690696,0.0695285742952082,-0.015932521087160256,-0.00990476190476186,0.1647966209495766
2014-01-07,569064,210292,68029,218949,323959,005602,SOYBEANS - CHICAGO BOARD OF TRADE ,1299.5,0.18453108964896742,-105010,4.749928789278791,142263,-4.086105919868833,0.050373175565657534,0.0845282964634361,-0.00990476190476186,0.030396306271643025,0.16563598907407134
2014-01-14,594392,226859,73159,217241,336916,005602,SOYBEANS - CHICAGO BOARD OF TRADE ,1339.0,0.2013401930039435,-119675,-2.5770387864985307,153700,2.0097915172985816,0.026463619515768998,0.07231899419368171,0.030396306271643025,-0.043689320388349495,0.16670233148181388
2014-01-21,603948,235517,77507,222711,345038,005602,SOYBEANS - CHICAGO BOARD OF TRADE ,1280.5,0.20254558339459688,-122327,-0.4461702041750225,158010,0.7251107013553346,0.023940156653732548,0.04154952974851769,-0.043689320388349495,0.003904724716907504,0.16750484903197013
2014-01-28,591635,226057,73107,221459,334457,005602,SOYBEANS - CHICAGO BOARD OF TRADE ,1285.5,0.19099275735884455,-112998,1.5446694086245836,152950,-0.8378204746103969,0.021285589909266867,0.046329103769170085,0.003904724716907504,0.021586931155192612,0.16811816264336724
2014-02-04,624488,235941,70582,234307,357670,005602,SOYBEANS - CHICAGO BOARD OF TRADE ,1313.25,0.19754262691997285,-123363,-1.7519247509021612,165359,2.097408030288945,0.06091621802874098,0.040483095885137495,0.021586931155192612,0.016371597182562425,0.16828940911357887
2014-02-11,683209,263240,73477,245245,393193,005602,SOYBEANS - CHICAGO BOARD OF TRADE ,1334.75,0.21654866958719807,-147948,-3.9368250470785666,189763,3.9078413035959056,0.07277292391743599,0.08967174214548122,0.016371597182562425,0.019666604233002483,0.1686700498003291
2014-02-18,691005,277727,78396,246523,405475,005602,SOYBEANS - CHICAGO BOARD OF TRADE ,1361.0,0.23003017344302865,-158952,-1.6106345203297967,199331,1.400449935524854,0.020797609808619045,0.05449240852177478,0.019666604233002483,0.02792064658339455,0.16986482765670097
2014-02-25,704089,282790,70974,253652,421861,005602,SOYBEANS - CHICAGO BOARD OF TRADE ,1399.0,0.2389030364059089,-168209,-1.3396429837700161,211816,1.8067886628895593,0.03481058099548047,0.03529188950825975,0.02792064658339455,0.013581129378127166,0.17066277738681618
2014-03-04,668094,291599,81235,242496,407338,005602,SOYBEANS - CHICAGO BOARD OF TRADE ,1418.0,0.24673474091969094,-164842,0.4782065903600255,210364,-0.20622392907714793,0.03951624568736015,0.05114876862088758,0.013581129378127166,-0.004583921015514858,0.17156393469285502
2014-03-11,670093,282609,87052,252047,406573,005602,SOYBEANS - CHICAGO BOARD OF TRADE ,1411.5,0.23060381170971792,-154526,1.5440940945435822,195557,-2.2163048912278813,0.01566305305031733,0.04005561852616316,-0.004583921015514858,0.004782146652497321,0.1719179564840895
2014-03-18,656246,273916,86004,248194,394851,005602,SOYBEANS - CHICAGO BOARD OF TRADE ,1418.25,0.22347869548919155,-146657,1.1743146100615884,187912,-1.1408864142738395,0.024220699951014314,0.02706434763280729,0.004782146652497321,0.00687466948704385,0.17292899757834365
2014-03-25,624304,257773,81410,234739,370123,005602,SOYBEANS - CHICAGO BOARD OF TRADE ,1428.0,0.2168558907199057,-135384,1.717800946596246,176363,-1.7598583458032506,0.06312679586418059,0.061138087698970764,0.00687466948704385,0.039565826330532294,0.1735957690195532
2014-04-01,638253,268714,87195,247501,387346,005602,SOYBEANS - CHICAGO BOARD OF TRADE ,1484.5,0.2191059031449911,-139845,-0.7145557292601041,181519,0.8258796996335119,0.04723185271411852,0.04699515887488094,0.039565826330532294,-0.001347254968002698,0.17496926454200806
2014-04-08,642179,260867,97219,252478,376909,005602,SOYBEANS - CHICAGO BOARD OF TRADE ,1482.5,0.19376373254186138,-124431,2.4150297765932947,163648,-2.799986839074787,0.024490496308312692,0.04990700557966522,-0.001347254968002698,0.012647554806070715,0.17686894127972475
2014-04-15,669796,267507,101006,261703,387733,005602,SOYBEANS - CHICAGO BOARD OF TRADE ,1501.25,0.18816176865791973,-126030,-0.24899599644335924,166501,0.4442686540668568,0.030871402262886566,0.028294795570305526,0.012647554806070715,-0.014321398834304722,0.1782184656716556
2014-04-22,662154,245708,105945,275883,373198,005602,SOYBEANS - CHICAGO BOARD OF TRADE ,1479.75,0.1469673218012728,-97315,4.287126229478826,139763,-3.9919617316317204,0.04423947088267874,0.07603518240993253,-0.014321398834304722,0.029903699949315854,0.17889136145720158
2014-04-29,611142,244851,85992,246977,359306,005602,SOYBEANS - CHICAGO BOARD OF TRADE ,1524.0,0.18380180056353515,-112329,-2.2674483579348608,158859,2.883921263029446,0.07059079670714831,0.06289992534223181,0.029903699949315854,-0.03937007874015752,0.17993156631288545
2014-05-06,582430,224992,94572,246228,328644,005602,SOYBEANS - CHICAGO BOARD OF TRADE ,1464.0,0.1415037000154525,-82416,4.894607145311564,130420,-4.653419336259003,0.05463998942373259,0.08899312813708678,-0.03937007874015752,0.02612704918032782,0.18093361919983036
2014-05-13,590465,227543,100763,253160,329837,005602,SOYBEANS - CHICAGO BOARD OF TRADE ,1502.25,0.12985867070867876,-76677,0.9853544631972941,126780,-0.6249678072901464,0.013936606877908462,0.02662759742435411,0.02612704918032782,-0.021634215343651175,0.18145070317411202
2014-05-20,607367,223124,106226,266658,334075,005602,SOYBEANS - CHICAGO BOARD OF TRADE ,1469.75,0.11099878656561848,-67417,1.5682555274233019,116898,-1.6735962334770056,0.02952393159689912,0.030004554425383332,-0.021634215343651175,0.01292736860010213,0.1813449044038258
2014-05-27,618301,228539,104481,273194,344891,005602,SOYBEANS - CHICAGO BOARD OF TRADE ,1488.75,0.11595808513976202,-71697,-0.7046810248169558,124058,1.1788589106750944,0.028073808618555702,0.02150021019758573,0.01292736860010213,-0.005037783375314908,0.1811820167363084
2014-06-03,628560,221170,118881,287291,332142,005602,SOYBEANS - CHICAGO BOARD OF TRADE ,1481.25,0.07135516100292733,-44851,4.3418982016849395,102289,-3.5207770972390473,0.04333963479504644,0.06401686805802659,-0.005037783375314908,-0.012658227848101222,0.1798135731030105
2014-06-10,632121,212406,131324,284668,307837,005602,SOYBEANS - CHICAGO BOARD OF TRADE ,1462.5,0.03665279274063035,-23169,3.449471808578338,81082,-3.3739022527682323,0.04544771774077856,0.061696680534140166,-0.012658227848101222,-0.043931623931623975,0.17753553886784917
2014-06-17,616888,198105,149667,283651,267233,005602,SOYBEANS - CHICAGO BOARD OF TRADE ,1398.25,-0.026614231432610134,16418,6.262566818694522,48438,-5.164201157689746,0.07555311099977491,0.09386609617795567,-0.043931623931623975,0.010906490255676804,0.17466073542097976
2014-06-24,608364,196560,159156,281590,256785,005602,SOYBEANS - CHICAGO BOARD OF TRADE ,1413.5,-0.0407732870452558,24805,1.3595660800663978,37404,-1.7886553150652955,0.023234734153703272,0.03101912761866208,0.010906490255676804,-0.009550760523523216,0.17089267381356213
2014-07-01,596424,195373,178252,281418,235256,005602,SOYBEANS - CHICAGO BOARD OF TRADE ,1400.0,-0.07739795849932263,46162,3.5105627551926153,17121,-3.3340237094897134,0.04200133933582878,0.05428705252592841,-0.009550760523523216,-0.050178571428571406,0.16644973278503142
2014-07-08,606261,190437,185959,286710,223616,005602,SOYBEANS - CHICAGO BOARD OF TRADE ,1329.75,-0.10407068902667332,63094,2.838919962979357,4478,-2.119800678711789,0.03317879159596023,0.03358962369419441,-0.050178571428571406,-0.11223914269599544,0.16149369754295045
2014-07-15,626175,187688,187806,306253,232525,005602,SOYBEANS - CHICAGO BOARD OF TRADE ,1180.5,-0.11774344232842257,73728,1.75403002997059,-118,-0.7580893377604695,0.052808392324853654,0.012239876003344927,-0.11223914269599544,0.0029648454044897132,0.1557748321666078
2014-07-22,648970,188777,194429,326451,246524,005602,SOYBEANS - CHICAGO BOARD OF TRADE ,1184.0,-0.12315977626084411,79927,0.9899788397812113,-5652,-0.8837784964267178,0.05968323225271609,0.020124945851578525,0.0029648454044897132,0.035895270270270174,0.15045440864656007
2014-07-29,610514,184670,188425,314963,237482,005602,SOYBEANS - CHICAGO BOARD OF TRADE ,1226.5,-0.12691109458587355,77481,-0.376904941676811,-3755,0.29230935174199113,0.03716207043235073,0.027100336375453973,0.035895270270270174,-0.0030574806359560114,0.14617771378080985
2014-08-05,627633,187378,193782,318565,240199,005602,SOYBEANS - CHICAGO BOARD OF TRADE ,1222.75,-0.12485959151287457,78366,0.1449598207412115,-6404,-0.43389668377793134,0.011308888904797016,0.021159093294154687,-0.0030574806359560114,0.05499897771416884,0.14312384145976506
2014-08-12,641181,194820,191985,323552,251341,005602,SOYBEANS - CHICAGO BOARD OF TRADE ,1290.0,-0.11262186496480713,72211,-0.9806686391569597,2835,1.4720385958035986,0.028055655574167716,0.023885420302219466,0.05499897771416884,-0.1315891472868217,0.13999308142144926
2014-08-19,645199,192921,192171,329617,252550,005602,SOYBEANS - CHICAGO BOARD OF TRADE ,1120.25,-0.11944686833054607,77067,0.757352448060688,750,-0.3251811890870129,0.012494696538965623,0.005414290611074756,-0.1315891472868217,-0.03994644052666818,0.13487451745380924
2014-08-26,648601,190434,200146,337225,245922,005602,SOYBEANS - CHICAGO BOARD OF TRADE ,1075.5,-0.1407691323325126,91303,2.206451032937125,-9712,-1.6215152224352487,0.02441236943686583,0.0267858057248195,-0.03994644052666818,0.020223152022315283,0.1280528187477596
2014-09-02,673214,193980,207700,345341,248801,005602,SOYBEANS - CHICAGO BOARD OF TRADE ,1097.25,-0.14340165237205404,96540,0.8074301458061274,-13720,-0.6179453932386783,0.018505677094028027,0.02763393746265684,0.020223152022315283,-0.018910913647755767,0.12047716896570908
2014-09-09,695012,189649,212329,360716,254586,005602,SOYBEANS - CHICAGO BOARD OF TRADE ,1076.5,-0.15270239938303223,106130,1.4245098883861596,-22680,-1.330928946813346,0.03438961680605621,0.02228977705247551,-0.018910913647755767,-0.08894565722248027,0.11329927414666438
2014-09-16,727980,196480,228122,383198,258732,005602,SOYBEANS - CHICAGO BOARD OF TRADE ,980.75,-0.1709744773208055,124466,2.638227829159784,-31642,-1.2894741385760247,0.04148115838175502,0.053282838988040565,-0.08894565722248027,-0.04537343869487642,0.10560582639416184
2014-09-23,751751,202607,233727,392300,261896,005602,SOYBEANS - CHICAGO BOARD OF TRADE ,936.25,-0.1734670123485037,130404,0.8156817494986125,-31120,0.07170526662820408,0.018749732496071515,0.026887659453537886,-0.04537343869487642,-0.024566088117489948,0.09835748764125829
2014-09-30,774659,215316,239682,390059,264351,005602,SOYBEANS - CHICAGO BOARD OF TRADE ,913.25,-0.16227527208746043,125708,-0.6246749256070162,-24366,0.8984357852533619,0.007175929463180575,0.04101996052729902,-0.024566088117489948,0.03011223651793049,0.09171905602527698
2014-10-07,782571,215309,231480,382423,270318,005602,SOYBEANS - CHICAGO BOARD OF TRADE ,940.75,-0.1432521777576731,112105,-1.7559984457677507,-16171,1.0578848241613406,0.02083981242177219,0.018373326111430676,0.03011223651793049,0.025511559925591287,0.08565646624463123
2014-10-14,811524,227108,234196,385843,284968,005602,SOYBEANS - CHICAGO BOARD OF TRADE ,964.75,-0.12430316293787984,100875,-1.4350135642644566,-7088,1.1606614607492483,0.0269375427653989,0.03146515096335605,0.025511559925591287,-0.0005182689816014552,0.08000310699466674
2014-10-21,796971,237798,231151,369568,283592,005602,SOYBEANS - CHICAGO BOARD OF TRADE ,964.25,-0.10787845479948455,85976,-1.8359284506681255,6647,1.6924946150699178,0.027024006369036683,0.02928889921931809,-0.0005182689816014552,0.04537205081669682,0.07450113288808966
2014-10-28,693740,197210,197947,345179,258004,005602,SOYBEANS - CHICAGO BOARD OF TRADE ,1008.0,-0.12565946896531843,87175,0.15044462094605698,-737,-0.9265079908804711,0.08285545182805218,0.18674096624885805,0.04537205081669682,0.001984126984126977,0.06863225397485416
2014-11-04,655299,196530,183238,334718,262008,005602,SOYBEANS - CHICAGO BOARD OF TRADE ,1010.0,-0.1109569829955486,72710,-2.085075100181624,13292,2.0222273474212242,0.02424060624139052,0.040522108234501066,0.001984126984126977,0.05594059405940599,0.06355434822818358
2014-11-11,660607,199063,173948,333384,278098,005602,SOYBEANS - CHICAGO BOARD OF TRADE ,1066.5,-0.08368969750547603,55286,-2.658938896595295,25115,1.8042145646491143,0.0284947063037015,0.03169611620032653,0.05594059405940599,-0.04055321143928736,0.05831773447433582
2014-11-18,669902,186592,166893,348962,289980,005602,SOYBEANS - CHICAGO BOARD OF TRADE ,1023.25,-0.08804571414923378,58982,0.5594854429335444,19699,-0.8198520451645229,0.04297729684384498,0.05523855326251467,-0.04055321143928736,0.027119472269728773,0.05283026624801942
2014-11-25,672574,186132,166890,351485,291351,005602,SOYBEANS - CHICAGO BOARD OF TRADE ,1051.0,-0.08940874907445129,60134,0.17196545166307908,19242,-0.06821893351564856,0.006057532558848602,0.0013115329922781017,0.027119472269728773,-0.05256898192197912,0.0470239384434769
2014-12-02,675751,173783,172353,352173,272399,005602,SOYBEANS - CHICAGO BOARD OF TRADE ,995.75,-0.11805235952296038,79774,2.9201247743742695,1430,-2.6483331202217153,0.03144553390161583,0.05145954191416091,-0.05256898192197912,0.05372834546824001,0.040725164065434215
2014-12-09,693400,181818,159316,345579,293465,005602,SOYBEANS - CHICAGO BOARD OF TRADE ,1049.25,-0.07515719642342082,52114,-4.093223687423326,22502,3.118308370982803,0.04328340458559974,0.061770447976455,0.05372834546824001,-0.024541339051703637,0.0349617837833972
2014-12-16,695296,187246,164970,338422,287220,005602,SOYBEANS - CHICAGO BOARD OF TRADE ,1023.5,-0.07364057897643593,51202,-0.13152581482549755,22276,-0.0325930199019325,0.021421196147317474,0.031463647307334135,-0.024541339051703637,0.014655593551538892,0.02925872332628488
2014-12-23,660066,186528,166565,326755,276231,005602,SOYBEANS - CHICAGO BOARD OF TRADE ,1038.5,-0.0765438607654386,50524,-0.0975124263622975,19963,-0.332664074005891,0.03757301164537817,0.006550682114910236,0.014655593551538892,-0.0007221954742416825,0.023352757967454674
2014-12-30,606663,184774,154549,303438,256968,005602,SOYBEANS - CHICAGO BOARD OF TRADE ,1037.75,-0.07659936406209049,46470,-0.61418100614181,30225,1.55469301554693,0.07598062833017491,0.04058080354116874,-0.0007221954742416825,0.012768007708985785,0.01745881680224243
2015-01-06,609763,189512,157103,305406,260862,005602,SOYBEANS - CHICAGO BOARD OF TRADE,1051.0,-0.07305133305890978,44544,-0.3174744462741258,32409,0.36000217583732647,0.010351988810951705,0.02103775081863162,0.012768007708985785,-0.04852521408182686,0.01250530867324479
2015-01-13,618995,184724,171578,320086,253457,005602,SOYBEANS - CHICAGO BOARD OF TRADE,1000.0,-0.10764061099039572,66629,3.6218990001033187,13146,-3.159096239030574,0.038506267184849265,0.0540636875459582,-0.04852521408182686,-0.018000000000000016,0.006563370134892115
2015-01-20,648949,181193,188933,337745,249351,005602,SOYBEANS - CHICAGO BOARD OF TRADE,982.0,-0.13621101195933732,88394,3.516183490981349,-7740,-3.374179112916906,0.03707230163380435,0.056429432139325525,-0.018000000000000016,-0.008401221995926633,4.8820224239533094e-05
2015-01-27,682972,164502,197985,374402,260044,005602,SOYBEANS - CHICAGO BOARD OF TRADE,973.75,-0.16744171064113902,114358,4.000930735697258,-33483,-3.966875671277712,0.0746320411823859,0.07101771925613884,-0.008401221995926633,0.013607188703465889,-0.006844150314221689
2015-02-03,708274,173923,200165,380018,280644,005602,SOYBEANS - CHICAGO BOARD OF TRADE,987.0,-0.14030445844404849,99374,-2.1939406007859765,-26242,1.0602191597898596,0.039681410464049695,0.031011419772887662,0.013607188703465889,-0.018237082066869248,-0.013341209648145176
2015-02-10,726768,160817,201930,383157,270623,005602,SOYBEANS - CHICAGO BOARD OF TRADE,969.0,-0.15484171014684192,112534,1.8580379909470062,-41113,-2.099611167429554,0.02012909541435957,0.040995514780273856,-0.018237082066869248,0.03998968008255943,-0.020483332335338254
2015-02-17,702704,165206,193811,368625,273126,005602,SOYBEANS - CHICAGO BOARD OF TRADE,1007.75,-0.1359021721806052,95499,-2.3439391938004976,-28605,1.7210444048169429,0.026544563234026906,0.034839575841812506,0.03998968008255943,0.008186554204911989,-0.027520492828100443
2015-02-24,677947,176219,189285,341454,263362,005602,SOYBEANS - CHICAGO BOARD OF TRADE,1016.0,-0.11518894544853801,78092,-2.477145426808443,-13066,2.2113151483412645,0.06106815957249808,0.042513898616704605,0.008186554204911989,-0.007135826771653586,-0.034329954017609035
2015-03-03,671988,192918,188207,328509,257690,005602,SOYBEANS - CHICAGO BOARD OF TRADE,1008.75,-0.10538729858271279,70819,-1.0727977260759323,4711,2.6221813799603804,0.03175883957495663,0.04664348966874385,-0.007135826771653586,-0.028500619578686548,-0.04110153170034757
2015-03-10,678241,177354,185747,350296,269567,005602,SOYBEANS - CHICAGO BOARD OF TRADE,980.0,-0.1190270125220976,80729,1.4747287153937272,-8393,-1.9500348220503938,0.054308774680856896,0.04963908113720425,-0.028500619578686548,-0.02602040816326534,-0.04782520139711325
2015-03-17,716017,182446,192971,370294,288220,005602,SOYBEANS - CHICAGO BOARD OF TRADE,954.5,-0.11462577005853213,82074,0.19830709143210157,-10525,-0.31434254195779965,0.05869427225541143,0.03280618618762603,-0.02602040816326534,0.028548978522786816,-0.054327210349954094
2015-03-24,728285,185190,193766,376378,301124,005602,SOYBEANS - CHICAGO BOARD OF TRADE,981.75,-0.10333042696197231,75254,-0.9524913514623257,-8576,0.2722002410557291,0.02802648553067002,0.009338815060323627,0.028548978522786816,-0.008658008658008698,-0.06048463953614405
2015-03-31,763912,188526,202812,392976,313369,005602,SOYBEANS - CHICAGO BOARD OF TRADE,973.25,-0.10420964718449245,79607,0.5977055685617582,-14286,-0.7840337230617134,0.0408341532820364,0.03164016783445513,-0.008658008658008698,-0.002311841767274614,-0.06670224627324951
2015-04-07,753955,184254,195292,391881,319289,005602,SOYBEANS - CHICAGO BOARD OF TRADE,971.0,-0.09628160831879887,72592,-0.9182994899936119,-11038,0.4251798636492161,0.009864026885273562,0.031068697865344386,-0.002311841767274614,-0.01107106076210096,-0.07228004128980067
2015-04-14,794398,180451,217666,423451,325609,005602,SOYBEANS - CHICAGO BOARD OF TRADE,960.25,-0.12316496265096337,97842,3.3490062404254894,-37215,-3.471957875470021,0.05058339785864951,0.06575202767025774,-0.01107106076210096,0.015620932048945546,-0.0782670938149715
2015-04-21,749699,183859,194607,383879,311008,005602,SOYBEANS - CHICAGO BOARD OF TRADE,975.25,-0.09720034307101917,72871,-3.1433865644173324,-10748,3.331705266126048,0.0779594380093454,0.0699323056760713,0.015620932048945546,0.0023071007433992374,-0.08296262583174634
2015-04-28,692811,186534,190418,355119,287533,005602,SOYBEANS - CHICAGO BOARD OF TRADE,977.5,-0.09755330097241528,67586,-0.7049495864340222,-3884,0.9155674477356912,0.08128038191742964,0.018209214966361766,0.0023071007433992374,0.01636828644501276,-0.08837330086128385
2015-05-05,688679,191630,192573,354398,285723,005602,SOYBEANS - CHICAGO BOARD OF TRADE,993.5,-0.09971989853037481,68675,0.15718572597721456,-943,0.42450249779521404,0.003953939958226647,0.018872835454173967,0.01636828644501276,-0.02667337695017613,-0.09301221621793437
2015-05-12,693980,198574,205998,359662,285218,005602,SOYBEANS - CHICAGO BOARD OF TRADE,967.0,-0.10727110291362864,74444,0.8376907093144993,-7424,-0.9410770475068936,0.008945850390770376,0.050347033408144906,-0.02667337695017613,-0.021458117890382655,-0.09757240417220953
2015-05-19,692395,181476,227327,367120,256147,005602,SOYBEANS - CHICAGO BOARD OF TRADE,946.25,-0.16027412098585345,110973,5.2636963601256515,-45851,-5.5371912735237325,0.0586089107878325,0.09399882094798717,-0.021458117890382655,-0.02509907529722588,-0.10278919085589168
2015-05-26,710533,180528,235482,370173,249716,005602,SOYBEANS - CHICAGO BOARD OF TRADE,922.5,-0.16953047923178796,120457,1.3697383718831013,-54954,-1.3147119779894423,0.015299513299961768,0.021881685536405376,-0.02509907529722588,0.01978319783197824,-0.10827935555534454
2015-06-02,748391,186312,235141,388546,276995,005602,SOYBEANS - CHICAGO BOARD OF TRADE,940.75,-0.14905443812124947,111551,-1.2534252455550974,-48829,0.8620289275797184,0.06859382066619488,0.014533055880489639,0.01978319783197824,0.011427052883337785,-0.11251800169234795
2015-06-09,744119,180481,218562,384561,287944,005602,SOYBEANS - CHICAGO BOARD OF TRADE,951.5,-0.12984079159381764,96617,-1.9954809718449313,-38081,1.4361476821607957,0.02220652634552903,0.056159361271842886,0.011427052883337785,0.006305832895428187,-0.11571980139108734
2015-06-16,737549,193515,213427,367266,290595,005602,SOYBEANS - CHICAGO BOARD OF TRADE,957.5,-0.10395377120706556,76671,-2.6804852449675387,-19912,2.441679355049394,0.030319474782666854,0.04464764020425515,0.006305832895428187,0.031331592689294974,-0.11720710023290379
2015-06-23,701538,192266,162048,340114,320695,005602,SOYBEANS - CHICAGO BOARD OF TRADE,987.5,-0.027680610316191,19419,-7.762467307256873,30218,6.79683654916487,0.08663925582127362,0.1485349153575642,0.031331592689294974,0.06962025316455689,-0.11695531798811407
2015-06-30,665965,192644,112528,327959,368836,005602,SOYBEANS - CHICAGO BOARD OF TRADE,1056.25,0.06138010255794223,-40877,-8.59483021589707,80116,7.1126581881523165,0.08653334194418731,0.16350779232695004,0.06962025316455689,-0.05136094674556213,-0.11428650912162823
2015-07-07,665404,193136,94543,321785,383372,005602,SOYBEANS - CHICAGO BOARD OF TRADE,1002.0,0.09255580068650023,-61587,-3.109773036120517,98593,2.7744701298116268,0.02936934611724765,0.06422783727696495,-0.05136094674556213,0.036926147704590795,-0.11050523047329795
2015-07-14,676444,197217,90171,325354,402068,005602,SOYBEANS - CHICAGO BOARD OF TRADE,1039.0,0.11340776176594071,-76714,-2.273355735763536,107046,1.2703560543669712,0.03060809268897559,0.0294131974891088,0.036926147704590795,-0.019489894128970175,-0.10606001500994482
2015-07-21,679722,201175,87254,320939,405343,005602,SOYBEANS - CHICAGO BOARD OF TRADE,1018.75,0.12417429478522102,-84404,-1.1368272909509138,113921,1.0163442945757521,0.010588173739676875,0.023836022036619064,-0.019489894128970175,-0.043190184049079705,-0.10130359056675127
2015-07-28,634083,175889,83918,306012,362696,005602,SOYBEANS - CHICAGO BOARD OF TRADE,974.75,0.08939523690116279,-56684,4.078137826935129,91971,-3.2292613745031056,0.08609736985350856,0.11016639274538408,-0.043190184049079705,0.0012823800974608446,-0.09714385342276978
2015-08-04,642573,176166,88363,314239,367929,005602,SOYBEANS - CHICAGO BOARD OF TRADE,976.0,0.08355470895913772,-53690,0.4721779325419543,87803,-0.6573271953356264,0.019731209907236927,0.0178505948308125,0.0012823800974608446,0.03893442622950816,-0.09313588610600032
2015-08-11,648712,182191,77808,311657,389364,005602,SOYBEANS - CHICAGO BOARD OF TRADE,1014.0,0.11978659250946491,-77707,-3.7376298101538654,104383,2.5802515823104923,0.03426002930012082,0.0637694760364463,0.03893442622950816,-0.09935897435897434,-0.08866649269303355
2015-08-18,658363,172499,104923,331111,370358,005602,SOYBEANS - CHICAGO BOARD OF TRADE,913.25,0.05961300984411336,-39247,5.928670966468942,67576,-5.673858353167508,0.05482779709438336,0.13267513030689707,-0.09935897435897434,-0.020804817957842836,-0.08522303349736703
2015-08-25,655907,161116,114205,335332,346931,005602,SOYBEANS - CHICAGO BOARD OF TRADE,894.25,0.01768390945667602,-11599,4.199506958926914,46911,-3.1388458950457423,0.0405239621670822,0.07505784157401724,-0.020804817957842836,-0.010623427453173018,-0.08217585961680571
2015-09-01,656453,163177,132461,334230,333160,005602,SOYBEANS - CHICAGO BOARD OF TRADE,884.75,-0.0016299719858085804,1070,1.9315238288354903,30716,-2.469100040097148,0.02228532042733634,0.06872255934622748,-0.010623427453173018,0.006781576716586635,-0.07944948114783945
2015-09-08,654678,170276,135451,327480,333836,005602,SOYBEANS - CHICAGO BOARD OF TRADE,890.75,0.009708589566168406,-6356,-1.1312310249172448,34825,0.6259397093165847,0.011229124956904112,0.033000029438028045,0.006781576716586635,-0.0019646365422396617,-0.07632619289881636
2015-09-15,669738,173129,146072,331692,333607,005602,SOYBEANS - CHICAGO BOARD OF TRADE,889.0,0.002859327080141787,-1915,0.6783487454901493,27057,-1.1865375039332313,0.006675194160820924,0.042211647206619025,-0.0019646365422396617,-0.030652418447694063,-0.07298323512187507
2015-09-22,688550,172843,155291,343690,334929,005602,SOYBEANS - CHICAGO BOARD OF TRADE,861.75,-0.012723839953525525,8761,1.5940561831641626,17552,-1.4192116917361715,0.019628097651259394,0.028966824529003395,-0.030652418447694063,0.02610966057441244,-0.06989202026812548
2015-09-29,699001,176615,136698,344606,360513,005602,SOYBEANS - CHICAGO BOARD OF TRADE,884.25,0.02275676286586142,-15907,-3.5826011182920627,39917,3.248130128530971,0.03758230880177672,0.07138229182957617,0.02610966057441244,0.004240882103477617,-0.06633371190363853
2015-10-06,704546,175596,131908,346037,369131,005602,SOYBEANS - CHICAGO BOARD OF TRADE,888.0,0.03277855526821528,-23094,-1.0281816478088015,43688,0.5394842067464853,0.01405124390353036,0.01889081117643998,0.004240882103477617,0.029279279279279313,-0.06294850549929451
2015-10-13,733840,192606,129473,336796,380447,005602,SOYBEANS - CHICAGO BOARD OF TRADE,914.0,0.059482993568080234,-43651,-2.9177654830202715,63133,2.7599333471483765,0.028661137159930457,0.06037338665358499,0.029279279279279313,-0.01969365426695846,-0.05941415633571835
2015-10-20,733699,185929,121789,360829,404981,005602,SOYBEANS - CHICAGO BOARD OF TRADE,896.0,0.06017726615410407,-44152,-0.06827101275482395,64140,0.13722337294233075,0.06341912484819995,0.0466693531090154,-0.01969365426695846,-0.005301339285714302,-0.05618231554814935
2015-10-27,657291,141753,117950,348677,359545,005602,SOYBEANS - CHICAGO BOARD OF TRADE,891.25,0.016534533410620257,-10868,4.5364652262031155,23803,-5.497758617634752,0.08131348644916425,0.18488427164876803,-0.005301339285714302,-0.014305750350631086,-0.05344781550245822
2015-11-03,637483,131579,130336,347262,338498,005602,SOYBEANS - CHICAGO BOARD OF TRADE,878.5,-0.013747817588861193,8764,2.986804931149217,1243,-3.4322697252814964,0.03275489967335511,0.08613481472996964,-0.014305750350631086,-0.015936254980079667,-0.05157840847540655
2015-11-10,668620,133163,162108,368851,328350,005602,SOYBEANS - CHICAGO BOARD OF TRADE,864.5,-0.060574018126888216,40501,4.978485700795159,-28945,-4.735498828988381,0.045520588754175625,0.11296740959999459,-0.015936254980079667,-0.0005783689994216523,-0.051133876179664466
2015-11-17,679275,131640,158726,369880,332980,005602,SOYBEANS - CHICAGO BOARD OF TRADE,864.0,-0.0543226233852269,36900,-0.5385719840866262,-27086,0.2780353564057312,0.008051390034999857,0.016892473636720553,-0.0005783689994216523,-0.0002893518518518601,-0.050485355203433564
2015-11-24,692979,128901,164960,379091,335403,005602,SOYBEANS - CHICAGO BOARD OF TRADE,863.75,-0.06304375745873973,43688,0.9993007250377239,-36059,-1.3209672076846637,0.016282851920380016,0.030534844705490012,-0.0002893518518518601,0.029522431259044968,-0.049978336133900646
2015-12-01,688485,133256,159464,374381,339983,005602,SOYBEANS - CHICAGO BOARD OF TRADE,889.25,-0.04996187280768644,34398,-1.3405889644563544,-26208,1.4215437985855273,0.013004574698613032,0.03365332057939328,0.029522431259044968,-0.014056789429294336,-0.04866890369706846
2015-12-08,698467,137823,148603,378445,357670,005602,SOYBEANS - CHICAGO BOARD OF TRADE,876.75,-0.029743710153808268,20775,-1.9786923462384802,-10780,2.2408621829088506,0.029548372197278957,0.05386382521139841,-0.014056789429294336,-0.010835471913316241,-0.047795567422652833
2015-12-15,692992,128311,154498,375939,341617,005602,SOYBEANS - CHICAGO BOARD OF TRADE,867.25,-0.049527267270040636,34322,1.9395332921956228,-26187,-2.205830769384953,0.025864183422617888,0.054478464263867134,-0.010835471913316241,0.02075526088209867,-0.04733184988983753
2015-12-22,680534,122560,157041,380381,339603,005602,SOYBEANS - CHICAGO BOARD OF TRADE,885.25,-0.059920591770580164,40778,0.9316124861470262,-34481,-1.1968392131510897,0.008966865930354008,0.029663699342992334,0.02075526088209867,-0.017226772098277277,-0.047012171639936415
2015-12-29,646657,111514,171797,370306,299453,005602,SOYBEANS - CHICAGO BOARD OF TRADE,870.0,-0.10956813271950973,70853,4.419323648781692,-60283,-3.7914343735948535,0.07498966045995649,0.09107306105304772,-0.017226772098277277,-0.002586206896551757,-0.04764618642180986
2016-01-05,658069,117716,196631,373441,278964,005602,SOYBEANS - CHICAGO BOARD OF TRADE,867.75,-0.14356701196986943,94477,3.6532504867340805,-78915,-2.881280184085226,0.03621063603129958,0.0987316564179076,-0.002586206896551757,0.026505329876116424,-0.04900225717009755
2016-01-12,671806,126670,192168,377694,302762,005602,SOYBEANS - CHICAGO BOARD OF TRADE,890.75,-0.11153815238327731,74932,-2.9700532922839398,-65498,2.0388439510142553,0.04122382637525424,0.04208093138208118,0.026505329876116424,-0.008139208532135789,-0.049077209889191425
2016-01-19,665786,133380,172474,369442,319656,005602,SOYBEANS - CHICAGO BOARD OF TRADE,883.5,-0.07477778144929452,49786,-3.7430448671193766,-39094,3.9303013072226207,0.036491181225311926,0.08632877124379607,-0.008139208532135789,-0.007923033389926393,-0.04789580161015214
2016-01-26,685068,134721,175225,387325,333880,005602,SOYBEANS - CHICAGO BOARD OF TRADE,876.5,-0.0780141533395225,53445,0.5495759898826349,-40504,-0.21177976106436605,0.04451854881760387,0.013202299755441271,-0.007923033389926393,0.01112378779235601,-0.04617604089281336
2016-02-02,715617,148433,188960,394037,342369,005602,SOYBEANS - CHICAGO BOARD OF TRADE,886.25,-0.07220063246121879,51668,-0.2593903086992824,-40527,-0.0033573309510880668,0.02064214577284813,0.08135023548206394,0.01112378779235601,-0.02595204513399152,-0.04486635193160509
2016-02-09,736229,134895,205434,414157,329939,005602,SOYBEANS - CHICAGO BOARD OF TRADE,863.25,-0.11439103865780892,84218,4.54852246383191,-70539,-4.193863477251099,0.04374435556702361,0.08818525603166348,-0.02595204513399152,0.019113814074717572,-0.04408845440296985
2016-02-16,746016,144332,199913,411675,344862,005602,SOYBEANS - CHICAGO BOARD OF TRADE,879.75,-0.0895597413460301,66813,-2.3640742214718515,-55581,2.0317048092373433,0.02300614510592344,0.04345161149762524,0.019113814074717572,-0.011935208866155178,-0.04319725380999725
2016-02-23,713828,149699,179076,381761,336884,005602,SOYBEANS - CHICAGO BOARD OF TRADE,869.25,-0.06286808586942513,44877,-2.9404195084287736,-29377,3.512525200531892,0.05272700707581629,0.07970192380807543,-0.011935208866155178,-0.021282714984181772,-0.04219108343347585
2016-03-01,701548,134023,212014,379921,296063,005602,SOYBEANS - CHICAGO BOARD OF TRADE,850.75,-0.11953280459783222,83858,5.460839305827174,-77991,-6.810324055654863,0.06310948188122796,0.14048786690440618,-0.021282714984181772,0.03144284454892743,-0.04246311239530508
2016-03-08,696854,139051,181343,375216,319418,005602,SOYBEANS - CHICAGO BOARD OF TRADE,877.5,-0.08007129183444452,55798,-3.999726319510568,-42292,5.088604058453591,0.04039537367880063,0.11142218643295443,0.03144284454892743,0.01652421652421654,-0.04171396392054251
2016-03-15,710513,174423,160962,359962,354971,005602,SOYBEANS - CHICAGO BOARD OF TRADE,892.0,-0.007024502014741462,4991,-7.290910291108324,13461,8.000671589744767,0.07106540053403605,0.16623581853690536,0.01652421652421654,0.020459641255605288,-0.03964470876585423
2016-03-22,749752,202371,157106,359692,383349,005602,SOYBEANS - CHICAGO BOARD OF TRADE,910.25,0.031553100225141115,-23657,-4.032016303712951,45265,4.47620240586731,0.03855507300404688,0.08847297601793717,0.020459641255605288,0.006316945893985126,-0.03705079478148666
2016-03-29,763700,215560,146702,352179,392725,005602,SOYBEANS - CHICAGO BOARD OF TRADE,916.0,0.05309152808694514,-40546,-2.252611530212657,68858,3.1467738665585423,0.022672720243145424,0.06512689710761824,0.006316945893985126,-0.012281659388646338,-0.034025772180112865
2016-04-05,772217,215027,153967,362157,387499,005602,SOYBEANS - CHICAGO BOARD OF TRADE,904.75,0.032817200346534715,-25342,1.99083409715857,61060,-1.0210815765352887,0.020281302357347902,0.02113313495612395,-0.012281659388646338,0.03481624758220514,-0.0315431027827026
2016-04-12,840936,240811,157614,395480,437052,005602,SOYBEANS - CHICAGO BOARD OF TRADE,936.25,0.04943539104045968,-41572,-2.101740831916417,83197,2.866681256693391,0.09954692432242845,0.07386835665432641,0.03481624758220514,0.052603471295060045,-0.028223865211713696
2016-04-19,895583,269210,136499,406166,493900,005602,SOYBEANS - CHICAGO BOARD OF TRADE,985.5,0.0979630028707557,-87734,-5.489359475631915,132711,5.887962936537383,0.07503227541091431,0.12204313929442039,0.052603471295060045,0.032724505327245135,-0.024470723943602637
2016-04-26,807402,270169,89089,343048,470167,005602,SOYBEANS - CHICAGO BOARD OF TRADE,1017.75,0.15744201773094443,-127119,-4.397694016076679,181080,5.400839453183011,0.10679955485326759,0.134635832744156,0.032724505327245135,0.003684598378776771,-0.019566967814691878
2016-05-03,794400,281445,87921,328105,467683,005602,SOYBEANS - CHICAGO BOARD OF TRADE,1021.5,0.175702416918429,-139578,-1.5430974904694317,193524,1.5412396798620762,0.021899048490301436,0.03369016097854161,0.003684598378776771,0.053352912383749285,-0.014270384825291804
2016-05-10,834128,314740,85224,326970,500021,005602,SOYBEANS - CHICAGO BOARD OF TRADE,1076.0,0.20746336293710319,-173051,-4.213620342396777,229516,4.530715005035247,0.04047565209294902,0.0899880989289036,0.053352912383749285,0.003949814126394058,-0.008217798943546961
2016-05-17,856259,301365,75363,356447,531454,005602,SOYBEANS - CHICAGO BOARD OF TRADE,1080.25,0.20438558893979508,-175007,-0.23449638424798114,226002,-0.421278269042641,0.06859999031423548,0.06167845235820008,0.003949814126394058,-0.023605646841009076,-0.0012051122142075653
2016-05-24,869742,305638,81061,377808,553743,005602,SOYBEANS - CHICAGO BOARD OF TRADE,1054.75,0.20228412563725795,-175935,-0.10837842288373029,224577,-0.16642160841521084,0.04685733792352754,0.02578491281332509,-0.023605646841009076,0.0225171841668641,0.005945168648658702
2016-05-31,885635,313477,79788,383556,567753,005602,SOYBEANS - CHICAGO BOARD OF TRADE,1078.5,0.20798297266932766,-184197,-0.9499368778327365,233689,1.04766700929701,0.020769276859569287,0.023170127013591345,0.0225171841668641,0.058182661103384437,0.012811272702323647
2016-06-07,872273,322060,79883,373333,572914,005602,SOYBEANS - CHICAGO BOARD OF TRADE,1141.25,0.22880566061313373,-199581,-1.7370587205790198,242177,0.9584083736528028,0.01625791151781723,0.021590125963134078,0.058182661103384437,0.024753559693318827,0.019708319860149634
2016-06-14,882500,323155,76047,374778,582142,005602,SOYBEANS - CHICAGO BOARD OF TRADE,1169.5,0.23497337110481586,-207364,-0.8922665266493404,247108,0.5653046695243348,0.011153492454959663,0.01235214252433605,0.024753559693318827,-0.030996152201795635,0.026226149519993507
2016-06-21,865099,317066,74583,369495,572674,005602,SOYBEANS - CHICAGO BOARD OF TRADE,1133.25,0.23486213716580415,-203179,0.47422096317280454,242483,-0.5240793201133145,0.015656426819392274,0.019285125201392063,-0.030996152201795635,0.015221707478491053,0.03127504851003188
2016-06-28,781072,311052,58978,321970,530615,005602,SOYBEANS - CHICAGO BOARD OF TRADE,1150.5,0.2671264620931233,-208645,-0.6318352003643514,252074,1.1086592401563289,0.10507339444160993,0.05842499256817015,0.015221707478491053,-0.029117774880486724,0.03523170927032382
2016-07-05,758851,297206,68972,321914,503375,005602,SOYBEANS - CHICAGO BOARD OF TRADE,1117.0,0.2391259944310543,-181461,3.4803449617960953,228234,-3.052215416760555,0.033074474517411474,0.06510494895924933,-0.029117774880486724,-0.008728737690241739,0.038050366842334475
2016-07-12,766037,291998,75892,331737,507162,005602,SOYBEANS - CHICAGO BOARD OF TRADE,1107.25,0.22900329879627224,-175425,0.7954130652789546,216106,-1.5982057083669916,0.016223645516325564,0.032966375818858897,-0.008728737690241739,-0.05712350417701517,0.040273357939071615
2016-07-19,771578,291262,89116,340337,505642,005602,SOYBEANS - CHICAGO BOARD OF TRADE,1044.0,0.21424275964322467,-165305,1.3210850128649139,202146,-1.8223662825685967,0.011962471881689734,0.0367003349299907,-0.05712350417701517,-0.048371647509578564,0.04200544380172554
2016-07-26,702484,253504,72033,312202,457239,005602,SOYBEANS - CHICAGO BOARD OF TRADE,993.5,0.2064630653509546,-145037,2.6268245076972128,181471,-2.679573549271752,0.09947221424384715,0.1684631854443581,-0.048371647509578564,-0.008303975842979372,0.044256748194990765
2016-08-02,682021,244594,79893,310421,438329,005602,SOYBEANS - CHICAGO BOARD OF TRADE,985.25,0.18754261232425395,-127908,2.4383473502599347,164701,-2.387242983470086,0.02763405676126878,0.05168157738214474,-0.008303975842979372,0.03730017761989335,0.04625651556739685
2016-08-09,674104,244234,74187,302668,434202,005602,SOYBEANS - CHICAGO BOARD OF TRADE,1022.0,0.19512419448631071,-131534,-0.5316551836380405,170047,0.7838468316957982,0.016122246800656832,0.01905025108268613,0.03730017761989335,-0.0024461839530333096,0.04770531560541311
2016-08-16,670757,229734,72814,310247,433372,005602,SOYBEANS - CHICAGO BOARD OF TRADE,1019.5,0.18356125988994523,-123125,1.2474336304190452,156920,-1.9473256352135575,0.011308210252831087,0.05246440234276875,-0.0024461839530333096,0.014467876410004799,0.050088935798602185
2016-08-23,669874,248985,69606,295783,438482,005602,SOYBEANS - CHICAGO BOARD OF TRADE,1034.25,0.21302364325231313,-142699,-2.9181954120493714,179379,3.3483064656798214,0.026657950467474278,0.07049477229425816,0.014467876410004799,-0.06647328982354361,0.05384546914082598
2016-08-30,632779,217512,70966,296394,399935,005602,SOYBEANS - CHICAGO BOARD OF TRADE,965.5,0.16362900791587584,-103541,5.845576929392691,146546,-4.901369511281226,0.056234911945359164,0.11381457164844459,-0.06647328982354361,0.009062661833246999,0.0570235264466276
2016-09-06,628449,207423,75335,295286,384732,005602,SOYBEANS - CHICAGO BOARD OF TRADE,974.25,0.14232817619249932,-89446,2.227475943417844,132088,-2.2848419432376863,0.023986129778917616,0.05113206346062711,0.009062661833246999,-0.006158583525789019,0.059573903112518575
2016-09-13,625277,199463,80511,295142,371890,005602,SOYBEANS - CHICAGO BOARD OF TRADE,968.25,0.12274240056806823,-76748,2.0205299077570333,118952,-2.090225300700614,0.01946833135441778,0.046918642445369925,-0.006158583525789019,0.022205009036922352,0.061879346833440235
2016-09-20,650105,203582,78366,304312,392743,005602,SOYBEANS - CHICAGO BOARD OF TRADE,989.75,0.13602571892232793,-88431,-1.8684519021169816,125216,1.0017960040110223,0.04307120671969931,0.02221686268389916,0.022205009036922352,-0.03763576660772927,0.0647399152733605
2016-09-27,645605,188927,90457,309982,365565,005602,SOYBEANS - CHICAGO BOARD OF TRADE,952.5,0.08609443854988731,-55583,5.052722252559202,98470,-4.114104644634328,0.048624300011694224,0.09573203905735475,-0.03763576660772927,0.011548556430446277,0.06595794749805331
2016-10-04,651042,189926,84986,308832,376538,005602,SOYBEANS - CHICAGO BOARD OF TRADE,963.5,0.10399636275386227,-67706,-1.877773561233262,104940,1.002160763934604,0.01768825597852255,0.02353480386450937,0.011548556430446277,-0.009600415153087738,0.06732752071893112
2016-10-11,652265,190996,72161,311944,390942,005602,SOYBEANS - CHICAGO BOARD OF TRADE,954.25,0.12111335116862011,-78998,-1.7344503119614403,118835,2.1342709072532955,0.024920115068446377,0.05280117952401038,-0.009600415153087738,0.019124967251768377,0.0685127199035569
2016-10-18,687868,213024,73251,323035,423737,005602,SOYBEANS - CHICAGO BOARD OF TRADE,972.5,0.146397273895573,-100702,-3.327481928357339,139773,3.2100449970487457,0.05876760242751469,0.08075451925596018,0.019124967251768377,0.01876606683804627,0.07017079697550822
2016-10-25,639067,193959,68982,305378,386925,005602,SOYBEANS - CHICAGO BOARD OF TRADE,990.75,0.12760320905319786,-81547,2.7846912489024054,124977,-2.150994086074654,0.07867797770629334,0.08874234143781305,0.01876606683804627,-0.006560686348725753,0.07230673304555779
2016-11-01,615146,209926,70289,288714,381618,005602,SOYBEANS - CHICAGO BOARD OF TRADE,984.25,0.15102756093675324,-92904,-1.7771219606081992,139637,2.2939691769407586,0.03277629592500433,0.06164552218831968,-0.006560686348725753,0.017780035560071017,0.07547549032489655
2016-11-08,620641,220604,67933,283210,390206,005602,SOYBEANS - CHICAGO BOARD OF TRADE,1001.75,0.17239595837207017,-106996,-2.2908382725401775,152671,2.118846582762466,0.02092614372096891,0.045172716150788286,0.017780035560071017,-0.012228599950087293,0.07995568218064573
2016-11-15,617685,197119,77779,301760,372825,005602,SOYBEANS - CHICAGO BOARD OF TRADE,989.5,0.11505055165658871,-71065,5.789337153040163,119340,-5.370415425342509,0.05326385852042367,0.12124860857481684,-0.012228599950087293,0.0409297625063163,0.08321285862375757
2016-11-22,668531,226723,86478,312498,400344,005602,SOYBEANS - CHICAGO BOARD OF TRADE,1030.0,0.13140153560567872,-87846,-2.716756923027109,140245,3.384411148077094,0.05366827431604759,0.12229526725649024,0.0409297625063163,0.012135922330097193,0.0869521911826887
2016-11-29,721091,260207,96034,330868,436745,005602,SOYBEANS - CHICAGO BOARD OF TRADE,1042.5,0.14682890231607384,-105877,-2.697107538767836,164173,3.5791907929475224,0.07135236115073611,0.12081708730887236,0.012135922330097193,0.005035971223021685,0.09073662916583793
2016-12-06,736998,247987,92552,344955,439864,005602,SOYBEANS - CHICAGO BOARD OF TRADE,1047.75,0.12877782572001553,-94909,1.521028552568261,155435,-1.2117749354797105,0.021923526316258907,0.04610925620853999,0.005035971223021685,-0.018849916487711726,0.09378512024033456
2016-12-13,742646,240582,88588,345408,436057,005602,SOYBEANS - CHICAGO BOARD OF TRADE,1028.0,0.12206219383124665,-90649,0.5780205645062809,151994,-0.4668940756962705,0.005451299802294409,0.03453838442142358,-0.018849916487711726,-0.02213035019455256,0.09708491756920544
2016-12-20,716574,224360,87786,346879,422134,005602,SOYBEANS - CHICAGO BOARD OF TRADE,1005.25,0.10502055614632962,-75255,2.072858400907027,136574,-2.076359395997555,0.020017867058164166,0.054538581304902196,-0.02213035019455256,0.009450385476249767,0.10025686272145373
2016-12-27,677946,204189,70456,334584,404852,005602,SOYBEANS - CHICAGO BOARD OF TRADE,1014.75,0.10364837317426462,-70268,0.695950453128358,133733,-0.3964698691272639,0.03999940495188224,0.13654353802180996,0.009450385476249767,-0.02759300320275926,0.10435718014248785
2017-01-03,629759,195403,69573,309388,373895,005602,SOYBEANS - CHICAGO BOARD OF TRADE,986.75,0.10243124750896772,-64507,0.8497726957604294,125830,-1.165727063807442,0.08218117529632671,0.03649009721635167,-0.02759300320275926,0.019001773498859897,0.10908791590169625
2017-01-10,628625,196625,77523,312319,370519,005602,SOYBEANS - CHICAGO BOARD OF TRADE,1005.5,0.0925830184927421,-58200,1.0014942223930106,119102,-1.068345192367239,0.009236451398428325,0.03345638122473992,0.019001773498859897,0.0634012928891099,0.11301332303392739
2017-01-17,682682,242587,87822,321708,410075,005602,SOYBEANS - CHICAGO BOARD OF TRADE,1069.25,0.12944094029138017,-88367,-4.798886458540466,154765,5.673175581626566,0.06688458190474499,0.17027683870596746,0.0634012928891099,-0.010053776011222815,0.11694060614432499
2017-01-24,728991,275598,94587,323578,438594,005602,SOYBEANS - CHICAGO BOARD OF TRADE,1058.5,0.15777423863943452,-115016,-3.903574431433669,181011,3.8445425542199736,0.03987157754417638,0.1074489782135959,-0.010053776011222815,-0.03212092583845061,0.12147499829776645
2017-01-31,722216,252060,83611,331882,431429,005602,SOYBEANS - CHICAGO BOARD OF TRADE,1024.5,0.13783549519811247,-99547,2.1219740710104786,168449,-1.7232037158209086,0.020265658427560982,0.10282091690971219,-0.03212092583845061,0.017813567593948365,0.12551415459890744
2017-02-07,729898,245413,84880,337402,430353,005602,SOYBEANS - CHICAGO BOARD OF TRADE,1042.75,0.12734793080677026,-92951,0.9133001761245942,160533,-1.0960709815346101,0.008591282375236892,0.02396659935269594,0.017813567593948365,0.002157755933828831,0.13016298093476475
2017-02-14,772254,261521,85200,339978,449139,005602,SOYBEANS - CHICAGO BOARD OF TRADE,1045.0,0.1413537514859101,-109161,-2.2208582569071296,176321,2.163041959287462,0.027070763904465372,0.04738103547232501,0.002157755933828831,-0.01794258373205737,0.13460362502768666
2017-02-21,756976,251562,84793,343645,441965,005602,SOYBEANS - CHICAGO BOARD OF TRADE,1026.25,0.12988522753693643,-98320,1.4038127351881635,166769,-1.2368987405698126,0.013799467929379718,0.03081862912696407,-0.01794258373205737,-0.0012180267965895553,0.13831041951627054
2017-02-28,684523,231070,82878,311577,392442,005602,SOYBEANS - CHICAGO BOARD OF TRADE,1025.0,0.1181333570968397,-80865,2.305885523451206,148192,-2.4541068673247235,0.11589317901931624,0.07137169212735867,-0.0012180267965895553,-0.010000000000000009,0.14288092262578347
2017-03-07,676564,228137,84758,314327,387509,005602,SOYBEANS - CHICAGO BOARD OF TRADE,1014.75,0.10816715048391579,-73182,1.122387414301638,143379,-0.7031173532518264,0.010947001863683253,0.015382156953610636,-0.010000000000000009,-0.027100271002710064,0.1465008926703673
2017-03-14,676014,201032,95554,338671,374394,005602,SOYBEANS - CHICAGO BOARD OF TRADE,987.25,0.05284358016254101,-35723,5.536652851762731,105478,-5.601982960961564,0.05253237783371782,0.1277909274207144,-0.027100271002710064,0.0144340339326412,0.14765220194300738
2017-03-21,699616,183694,112737,366747,369159,005602,SOYBEANS - CHICAGO BOARD OF TRADE,1001.5,0.003447605543612496,-2412,4.927560671820406,70957,-5.106551047759366,0.045265292034580504,0.11645543144947729,0.0144340339326412,-0.029455816275586577,0.14711171166067027
2017-03-28,708598,168007,116342,382723,365227,005602,SOYBEANS - CHICAGO BOARD OF TRADE,972.0,-0.024691009571012053,17496,2.845560993459269,51665,-2.757512692677126,0.02661675245671502,0.06784620308142458,-0.029455816275586577,-0.03523662551440332,0.14561589362878646
2017-04-04,741939,162637,140480,406335,363411,005602,SOYBEANS - CHICAGO BOARD OF TRADE,937.75,-0.057853812779756826,42924,3.5884944637156755,22157,-4.16427932339634,0.03303427364351357,0.09734854858025119,-0.03523662551440332,0.0015995734470808376,0.14387222029943472
2017-04-11,768817,162933,162879,416964,352791,005602,SOYBEANS - CHICAGO BOARD OF TRADE,939.25,-0.08346979840456181,64173,2.863982079389276,54,-2.9790858817234303,0.027604887269325955,0.06965673455857979,0.0015995734470808376,0.007186585041256244,0.14131635127164585
2017-04-18,771596,162272,174945,424722,350863,005602,SOYBEANS - CHICAGO BOARD OF TRADE,946.0,-0.09572237284796707,73859,1.2598576774446975,-12673,-1.6554004398966204,0.012488637609030602,0.03774127638879416,0.007186585041256244,0.008985200845665897,0.13759163250782425
2017-04-25,673587,134464,178201,386142,286794,005602,SOYBEANS - CHICAGO BOARD OF TRADE,954.5,-0.1474909699860597,99348,3.3034126667323314,-43737,-4.025941036500967,0.15253902302744987,0.09935234196344331,0.008985200845665897,0.0036668412781561965,0.13172753659018957
2017-05-02,641899,139076,178859,363590,270204,005602,SOYBEANS - CHICAGO BOARD OF TRADE,958.0,-0.14548394685145172,93386,-0.8851120939091758,-39783,0.5870065782148408,0.06175823690347337,0.01657571516190416,0.0036668412781561965,0.00756784968684765,0.12555087574846108
2017-05-09,640178,148470,178357,357230,272018,005602,SOYBEANS - CHICAGO BOARD OF TRADE,965.25,-0.13310672969080475,85212,-1.2734090565649736,-29887,1.5416755595506457,0.012990108828315704,0.03027901611555961,0.00756784968684765,0.01139601139601143,0.11900145089023209
2017-05-16,647710,146042,174865,359175,272569,005602,SOYBEANS - CHICAGO BOARD OF TRADE,976.25,-0.1337110744005805,86606,0.2177519377423154,-28823,0.16620377457519628,0.00395096748049843,0.01844771226554734,0.01139601139601143,-0.028681177976952577,0.11249959197984025
2017-05-23,666788,142384,190315,377940,276355,005602,SOYBEANS - CHICAGO BOARD OF TRADE,948.25,-0.15234977234143385,101585,2.312609037995399,-47931,-2.9500856864954996,0.034466104738688205,0.05743329556145345,-0.028681177976952577,-0.03743738465594515,0.10567970932640389
2017-05-30,688531,144585,207932,392965,275773,005602,SOYBEANS - CHICAGO BOARD OF TRADE,912.75,-0.170205844036071,117192,2.3406240064308297,-63347,-2.3119792197819997,0.023337988868585305,0.05621856534578474,-0.03743738465594515,0.0117775951794028,0.09840684746668467
2017-06-06,706764,156847,223729,396016,284720,005602,SOYBEANS - CHICAGO BOARD OF TRADE,923.5,-0.15747264999349148,111296,-0.8563158376311306,-66882,-0.5134118870464801,0.017625041131951298,0.07372771798536955,0.0117775951794028,0.009745533297238707,0.09097841841655725
2017-06-13,700351,159501,205457,385745,295935,005602,SOYBEANS - CHICAGO BOARD OF TRADE,932.5,-0.128235698956666,89810,-3.040052973835679,-45956,2.9608186042299836,0.03151918788874545,0.05733810465861825,0.009745533297238707,-0.005093833780160817,0.08399362860768261
2017-06-20,706456,157994,208484,393350,299505,005602,SOYBEANS - CHICAGO BOARD OF TRADE,927.75,-0.13283912940084025,93845,0.5761396785326215,-50490,-0.6473896660388863,0.01612891586262638,0.01237182040941066,-0.005093833780160817,-0.017784963621665373,0.0769224504044779
2017-06-27,684964,137240,231780,393371,258944,005602,SOYBEANS - CHICAGO BOARD OF TRADE,911.25,-0.1962541097050356,134427,5.744448344978315,-94540,-6.235349406049351,0.06221227474456359,0.11937022383610645,-0.017784963621665373,0.12510288065843622,0.06801128556220562
2017-07-11,675354,167912,149912,371521,353368,005602,SOYBEANS - CHICAGO BOARD OF TRADE,1025.25,-0.02687923666699242,18153,-16.975198696573834,18000,16.43006055792713,0.16040248920869263,0.3540953483689086,0.12510288065843622,-0.03486954401365516,0.06289580034878163
2017-07-18,652228,169327,128496,352902,358421,005602,SOYBEANS - CHICAGO BOARD OF TRADE,989.5,0.00846176490429727,-5519,-3.5051247197765916,40831,3.380597434826772,0.03327883394744722,0.07665962669102118,-0.03486954401365516,-0.008084891359272373,0.058654617004705194
2017-07-25,628115,170233,111448,340309,361690,005602,SOYBEANS - CHICAGO BOARD OF TRADE,981.5,0.0340399449145459,-21381,-2.431971641818505,58785,2.752718374556137,0.022595473782726187,0.06373876832303209,-0.008084891359272373,-0.02241467142129394,0.055189178259922915
2017-08-01,623648,172123,117418,332689,350389,005602,SOYBEANS - CHICAGO BOARD OF TRADE,959.5,0.028381394632869823,-17700,0.5860391807232752,54705,-0.6495625801007777,0.027699618491592467,0.02714641449742869,-0.02241467142129394,0.0036477331943720603,0.0517645307461136
2017-08-08,619352,159239,117827,345874,350154,005602,SOYBEANS - CHICAGO BOARD OF TRADE,963.0,0.00691044833955489,-4280,2.1518548925034633,41412,-2.1314908409872237,0.019280833529685588,0.04797773815625158,0.0036477331943720603,-0.04283489096573212,0.048290835284869375
2017-08-15,647201,167601,134316,351025,347569,005602,SOYBEANS - CHICAGO BOARD OF TRADE,921.75,-0.005339917583563684,3456,1.2490473914672109,33285,-1.3121778891486586,0.011073670830267652,0.08231070128545262,-0.04283489096573212,0.013018714401952902,0.04443575620660256
2017-08-22,673527,172725,154687,359202,341635,005602,SOYBEANS - CHICAGO BOARD OF TRADE,933.75,-0.026082102128051288,17567,2.1803118351176836,18038,-2.355836903836675,0.02013449632368154,0.07786825162180983,0.013018714401952902,-0.003212851405622441,0.04040415309087186
2017-08-29,652422,144096,158803,363106,313125,005602,SOYBEANS - CHICAGO BOARD OF TRADE,930.75,-0.07660839150120627,49981,4.812576184770618,-14707,-4.861720465549265,0.047933324559211274,0.10810534204470797,-0.003212851405622441,0.03196347031963476,0.034834306268688796
2017-09-05,663179,145638,147682,359539,327239,005602,SOYBEANS - CHICAGO BOARD OF TRADE,960.5,-0.04870479915678874,32300,-2.7100557614550094,-2044,1.9409216733954404,0.025744854960409333,0.04317128051275058,0.03196347031963476,-0.016918271733472157,0.03075096382498371
2017-09-12,667033,149875,146283,364336,332044,005602,SOYBEANS - CHICAGO BOARD OF TRADE,944.25,-0.04841139793683371,32292,-0.0012063108150288232,3592,0.849845969187806,0.013788448835405956,0.01903038243099967,-0.016918271733472157,0.022504633306857258,0.027082895091727302
2017-09-19,662802,155105,134981,351358,336371,005602,SOYBEANS - CHICAGO BOARD OF TRADE,965.5,-0.02261157932534905,14987,-2.594324418731907,20124,2.4784380982650034,0.02516252768168857,0.05698999607013093,0.022504633306857258,-0.0020714655618850886,0.024287626247623127
2017-09-26,673029,160023,125995,355418,355487,005602,SOYBEANS - CHICAGO BOARD OF TRADE,963.5,0.00010252158525115559,-69,-2.2715682813268514,34028,2.09776071888739,0.03260069910888234,0.04861232509842038,-0.0020714655618850886,-0.00856253243383498,0.02167371860652549
2017-10-03,695045,163423,125289,369143,374183,005602,SOYBEANS - CHICAGO BOARD OF TRADE,955.25,0.007251329050637009,-5040,-0.7386011598311514,38134,0.610077723248181,0.043616125360878,0.014221785031450026,-0.00856253243383498,0.011253598534415099,0.020157504962309145
2017-10-10,717176,157574,113331,390660,402988,005602,SOYBEANS - CHICAGO BOARD OF TRADE,966.0,0.017189643825225608,-12328,-1.0485652008143358,44243,0.8789358962369342,0.06340594318892002,0.0657315295029623,0.011253598534415099,0.01940993788819867,0.018488144982912284
2017-10-17,744280,178320,96436,395915,438060,005602,SOYBEANS - CHICAGO BOARD OF TRADE,984.75,0.05662519481915408,-42145,-4.157556861913951,81884,5.248502459647283,0.04835516652177823,0.1369979181528338,0.01940993788819867,-0.009393247017009387,0.017247988130037938
2017-10-24,765011,169915,113422,407029,426562,005602,SOYBEANS - CHICAGO BOARD OF TRADE,975.5,0.025532966192642982,-19533,3.0381039393776534,56493,-3.411484925028215,0.027126012636892672,0.08961413440531946,-0.009393247017009387,-0.0017939518195797532,0.014923674520366205
2017-10-31,665457,165544,97672,342533,374171,005602,SOYBEANS - CHICAGO BOARD OF TRADE,973.75,0.04754326725844044,-31638,-1.5823301887162406,67872,1.487429592515663,0.16308964370228154,0.07644292140295422,-0.0017939518195797532,0.012580231065468572,0.01338406025508241
2017-11-07,687514,169849,99035,350849,388324,005602,SOYBEANS - CHICAGO BOARD OF TRADE,986.0,0.05450798092838837,-37475,-0.877141573384907,70814,0.4421021944317965,0.030397484756613132,0.021079722110649946,0.012580231065468572,-0.02738336713995948,0.011527914485690776
2017-11-14,711001,173060,121173,367849,382545,005602,SOYBEANS - CHICAGO BOARD OF TRADE,959.0,0.020669450535231313,-14696,3.3132416212615303,51887,-2.7529621214986166,0.030356052953515088,0.08615281086757774,-0.02738336713995948,0.031282586027111536,0.008610097027290028
2017-11-21,719935,161444,109201,381456,400908,005602,SOYBEANS - CHICAGO BOARD OF TRADE,989.0,0.027019105891504094,-19452,-0.6689160774738714,52243,0.05007025306574815,0.04086333215741011,0.08715475992536348,0.031282586027111536,0.004044489383215444,0.006917184608730711
2017-11-28,733424,163453,100580,389464,414982,005602,SOYBEANS - CHICAGO BOARD OF TRADE,993.0,0.0347929710508519,-25518,-0.8425760658948378,62873,1.4765221860306832,0.027449946919992144,0.04026011900027648,0.004044489383215444,0.015609264853977844,0.005059327598060963
2017-12-05,769361,186618,94033,390431,445203,005602,SOYBEANS - CHICAGO BOARD OF TRADE,1008.5,0.07119154727104701,-54772,-3.988688671218831,92585,4.051135495975043,0.037322559876692425,0.10586814228347663,0.015609264853977844,-0.03247397124442242,0.0036047630779642934
2017-12-12,732220,164432,109187,398744,413699,005602,SOYBEANS - CHICAGO BOARD OF TRADE,975.75,0.020424189451257818,-14955,5.175333815984954,55245,-4.853378323049908,0.0490089766297451,0.13646713130301624,-0.03247397124442242,-0.02024084037919549,0.0015210393035651065
2017-12-19,758065,165055,154773,419358,390231,005602,SOYBEANS - CHICAGO BOARD OF TRADE,956.0,-0.038422826538621356,29127,6.020321761219305,10282,-6.140640791019092,0.05444985047968784,0.14448078342108883,-0.02024084037919549,0.0033995815899581228,-0.0015652110881631243
2017-12-26,745186,156484,179815,408695,348742,005602,SOYBEANS - CHICAGO BOARD OF TRADE,959.25,-0.0804537390664881,59953,4.066405915060054,-23331,-4.434052488902666,0.06885325116148273,0.09994974710005085,0.0033995815899581228,,-0.005132024457640388
