,Open_Interest_All,NonComm_Positions_Long_All,NonComm_Positions_Short_All,Comm_Positions_Long_All,Comm_Positions_Short_All,CFTC_Contract_Market_Code,Market_and_Exchange_Names,ZW_Close,HP,NetLong_Comm,Q_Comm,NetLong_NonComm,Q_NonComm,PT_Comm,PT_NonComm,Ret,Ret_Lead,HP_Smooth_52w
2003-01-07,88185,18709,21040,38271,42634,001602,WHEAT - CHICAGO BOARD OF TRADE ,327.75,0.04947553438793446,-4363,,-2331,,,,,-0.041189931350114395,
2003-01-14,90673,20039,21305,40623,45402,001602,WHEAT - CHICAGO BOARD OF TRADE ,314.25,0.05270587716299229,-4779,-0.4717355559335488,-1266,1.2076883823779556,0.05951758209822726,0.03857875386996904,-0.041189931350114395,0.015910898965791676,
2003-01-21,90059,19944,21970,39560,43794,001602,WHEAT - CHICAGO BOARD OF TRADE ,319.25,0.04701362440178106,-4234,0.6010609553009164,-2026,-0.8381767450067826,0.03204405307483744,0.01813236627379873,0.015910898965791676,-0.007047768206734584,
2003-01-28,98056,26425,24996,38946,46171,001602,WHEAT - CHICAGO BOARD OF TRADE ,317.0,0.07368238557558945,-7225,-3.3211561309808015,1429,3.8363739326441557,0.03513986630167887,0.1848855525952432,-0.007047768206734584,0.02208201892744488,
2003-02-04,97392,26731,24477,37402,46273,001602,WHEAT - CHICAGO BOARD OF TRADE ,324.0,0.09108551010349926,-8871,-1.6786326180957818,2254,0.841355959859672,0.01967134747535106,0.016110763943133884,0.02208201892744488,0.0185185185185186,
2003-02-11,103192,26682,24445,41861,48271,001602,WHEAT - CHICAGO BOARD OF TRADE ,330.0,0.062117218389022406,-6410,2.526901593560046,2237,-0.01745523246262527,0.0716393733635113,0.0015842901011207387,0.0185185185185186,0.016666666666666607,
2003-02-18,104043,26240,22691,41306,49268,001602,WHEAT - CHICAGO BOARD OF TRADE ,335.5,0.07652605172861221,-7962,-1.5039925575626019,3549,1.271416388867354,0.01713516020049904,0.04487952422799452,0.016666666666666607,-0.04470938897168408,
2003-02-25,99004,21972,25521,44445,43076,001602,WHEAT - CHICAGO BOARD OF TRADE ,320.5,-0.013827724132358289,1369,8.968407293138414,-3549,-6.822179291254578,0.10661441254099016,0.14945360368896468,-0.04470938897168408,0.018720748829953227,
2003-03-04,87103,17412,26140,40646,34809,001602,WHEAT - CHICAGO BOARD OF TRADE ,326.5,-0.0670126172462487,5837,4.512948971758717,-8728,-5.231101773665711,0.1599098800609635,0.11891531961792799,0.018720748829953227,-0.045176110260336855,
2003-03-11,91373,17472,31158,44120,35236,001602,WHEAT - CHICAGO BOARD OF TRADE ,311.75,-0.09722784630032942,8884,3.4981573539372923,-13686,-5.69211163794588,0.04915822370079137,0.10442113921447665,-0.045176110260336855,-0.05052125100240579,
2003-03-18,97889,18302,35216,48350,36149,001602,WHEAT - CHICAGO BOARD OF TRADE ,296.0,-0.1246411752086547,12201,3.630175215873398,-16914,-3.5327722631411906,0.060864625616871205,0.09133375686684854,-0.05052125100240579,-0.05067567567567566,
2003-03-25,100067,18940,37432,50121,37348,001602,WHEAT - CHICAGO BOARD OF TRADE ,281.0,-0.12764447819960625,12773,0.5843353185751208,-18492,-1.6120299522929031,0.03395488687420686,0.05062797133328603,-0.05067567567567566,0.007117437722419906,
2003-04-01,102639,20076,39388,50522,35976,001602,WHEAT - CHICAGO BOARD OF TRADE ,283.0,-0.14172000896345444,14546,1.7718128853668043,-19312,-0.8194509678515394,0.020497583759162063,0.051997847437104804,0.007117437722419906,0.0017667844522968323,
2003-04-08,97659,21364,39751,43049,30876,001602,WHEAT - CHICAGO BOARD OF TRADE ,283.5,-0.12464800991204088,12173,-2.311986671732967,-18387,0.9012168863687293,0.17007778153533987,0.027014644522621287,0.0017667844522968323,0.008818342151675429,
2003-04-15,98140,23631,39928,40069,29943,001602,WHEAT - CHICAGO BOARD OF TRADE ,286.0,-0.10317913185245567,10126,-2.0960689746976726,-16297,2.1400997347914683,0.05589041878535108,0.038452461492471564,0.008818342151675429,0.00786713286713292,
2003-04-22,98009,23162,37173,40105,33469,001602,WHEAT - CHICAGO BOARD OF TRADE ,288.25,-0.06770806762644246,6636,-3.556144283676381,-14011,2.3293254534338703,0.0484138418463044,0.05343498798375736,0.00786713286713292,-0.028620988725065022,
2003-04-29,102280,22835,42650,45487,33150,001602,WHEAT - CHICAGO BOARD OF TRADE ,280.0,-0.12061986703167775,12337,5.816812741686988,-19815,-5.921905131161424,0.07249767920953241,0.08863098419485378,-0.028620988725065022,0.02499999999999991,
2003-05-06,97476,24103,37879,38804,32663,001602,WHEAT - CHICAGO BOARD OF TRADE ,287.0,-0.0630001231072264,6141,-6.057880328509973,-13776,5.904380132968322,0.10032602459876587,0.09743151237456035,0.02499999999999991,0.13588850174216027,
2003-05-13,87960,26990,20670,33013,40477,001602,WHEAT - CHICAGO BOARD OF TRADE ,326.0,0.08485675306957709,-7464,-13.957281792441217,6320,20.616356846813574,0.18512722819431215,0.42165337809483844,0.13588850174216027,0.027607361963190247,
2003-05-20,104780,36394,16736,39911,60572,001602,WHEAT - CHICAGO BOARD OF TRADE ,335.0,0.19718457720939112,-20661,-15.003410641200546,19658,15.163710777626193,0.2686325050008459,0.2510446075663467,0.027607361963190247,-0.02238805970149249,
2003-05-27,104174,33768,16344,41544,58190,001602,WHEAT - CHICAGO BOARD OF TRADE ,327.5,0.15979035075930653,-16646,3.8318381370490555,17424,-2.1320862760068717,0.04025708384302244,0.060225095785440615,-0.02238805970149249,-0.02442748091603053,
2003-06-03,102262,30297,15861,41887,56994,001602,WHEAT - CHICAGO BOARD OF TRADE ,319.5,0.14772838395493929,-15107,1.4773359955459135,14436,-2.868278073223645,0.015564162983788595,0.08566229039386455,-0.02442748091603053,0.04460093896713624,
2003-06-10,102769,32034,14710,40754,57629,001602,WHEAT - CHICAGO BOARD OF TRADE ,333.75,0.16420321303116697,-16875,-1.728892452719485,17324,2.8241184408675757,0.01797058434892207,0.06178333048091734,0.04460093896713624,-0.05093632958801497,
2003-06-17,96739,28783,14789,39173,52004,001602,WHEAT - CHICAGO BOARD OF TRADE ,316.75,0.1326352350138,-12831,3.935038776284677,13994,-3.240276737148362,0.07903308948528685,0.07642522721013495,-0.05093632958801497,-0.04577742699289655,
2003-06-24,88111,19927,15615,43454,43679,001602,WHEAT - CHICAGO BOARD OF TRADE ,302.25,0.0025535971672095426,-225,13.030938918119888,4312,-10.008373044997363,0.144675381313624,0.2724101063530471,-0.04577742699289655,0.013234077750206685,
2003-07-01,82925,17861,13771,40900,41528,001602,WHEAT - CHICAGO BOARD OF TRADE ,306.25,0.007573108230328611,-628,-0.457377625949087,4090,-0.25195492049800816,0.057080118406366766,0.12360900354071826,0.013234077750206685,-0.020408163265306145,0.011457783484794436
2003-07-08,85065,18674,15437,42667,43444,001602,WHEAT - CHICAGO BOARD OF TRADE ,300.0,0.009134191500617174,-777,-0.1796804341272234,3237,-1.028640337654507,0.04277037776822938,0.07267450382574536,-0.020408163265306145,0.050833333333333286,0.011371724522417501
2003-07-15,87401,21365,15091,41446,44673,001602,WHEAT - CHICAGO BOARD OF TRADE ,315.25,0.03692177435040789,-3227,-2.8801504731675776,6274,3.570211015106095,0.028449006607136635,0.08330590300636384,0.050833333333333286,0.05709754163362413,0.012284226301988586
2003-07-22,90648,26768,12517,42803,52636,001602,WHEAT - CHICAGO BOARD OF TRADE ,333.25,0.10847453887565087,-9833,-7.5582659237308505,14251,9.126897861580531,0.09765399888934292,0.20305460099274533,0.05709754163362413,0.04201050262565631,0.01560113363211487
2003-07-29,107419,40015,13477,42543,65830,001602,WHEAT - CHICAGO BOARD OF TRADE ,347.25,0.21678660199778438,-23287,-14.842026299532257,26538,13.554628894184098,0.12414531294695173,0.2655911164286248,0.04201050262565631,0.007199424046076208,0.022307315910970522
2003-08-05,114247,44664,13720,43561,70018,001602,WHEAT - CHICAGO BOARD OF TRADE ,349.75,0.23157719677540767,-26457,-2.9510607992999374,30944,4.1016952308250865,0.04583593798149306,0.08379007947382845,0.007199424046076208,0.03431022158684782,0.029057957229178172
2003-08-12,124140,48301,15076,47297,77792,001602,WHEAT - CHICAGO BOARD OF TRADE ,361.75,0.2456500724987917,-30495,-3.5344472940208496,33225,1.9965513317636348,0.09201448568619143,0.07878252362844565,0.03431022158684782,0.020732550103662817,0.035826460831353595
2003-08-19,123559,48445,15152,45836,75034,001602,WHEAT - CHICAGO BOARD OF TRADE ,369.25,0.23630816047394362,-29198,1.0447881424198486,33293,0.054776864830030615,0.034905270124927605,0.0034592826705662216,0.020732550103662817,-0.022342586323628955,0.04190166385082602
2003-08-26,118269,45325,14805,44458,73062,001602,WHEAT - CHICAGO BOARD OF TRADE ,361.0,0.2418554312626301,-28604,0.4807419937034129,30520,-2.244271967238323,0.02850578624914908,0.05765840678529852,-0.022342586323628955,0.006232686980609525,0.047782657009996725
2003-09-02,116591,46051,14864,42959,74116,001602,WHEAT - CHICAGO BOARD OF TRADE ,363.25,0.2672333198960469,-31157,-2.158638358318748,31187,0.5639685801012946,0.021806534272901985,0.0128868094886317,0.006232686980609525,-0.0447350309704061,0.054052675949598165
2003-09-09,111753,43068,13974,41853,70381,001602,WHEAT - CHICAGO BOARD OF TRADE ,347.0,0.25527726325020356,-28528,2.2548910293247335,29094,-1.7951642922695576,0.0431330969225012,0.06789733880298728,-0.0447350309704061,0.018731988472622474,0.05964224781905942
2003-09-16,110556,40088,14666,43067,68618,001602,WHEAT - CHICAGO BOARD OF TRADE ,353.5,0.23111364376424617,-25551,2.6639105885300616,25422,-3.285817830393815,0.026655325245109013,0.06706359352741352,0.018731988472622474,-0.024752475247524774,0.06427660987163203
2003-09-23,105274,37431,16118,40053,61651,001602,WHEAT - CHICAGO BOARD OF TRADE ,344.75,0.20515986853354104,-21598,3.5755635153225516,21313,-3.71666847570462,0.09813773302918273,0.076733459074866,-0.024752475247524774,0.044960116026105945,0.06798406404694543
2003-09-30,115602,39755,14754,43880,70877,001602,WHEAT - CHICAGO BOARD OF TRADE ,360.25,0.23353402190273526,-26997,-5.1285217622584875,25001,3.5032391663658644,0.11374469531270423,0.06765855179878552,0.044960116026105945,-0.07702984038861904,0.07222893476119645
2003-10-07,110826,34046,15833,46036,63484,001602,WHEAT - CHICAGO BOARD OF TRADE ,332.5,0.1574359807265443,-17448,8.260237712150309,18213,-5.871870728880124,0.08718955441928415,0.13608933619358848,-0.07702984038861904,-0.021052631578947323,0.07435911091033015
2003-10-14,110023,32243,21758,45575,56267,001602,WHEAT - CHICAGO BOARD OF TRADE ,325.5,0.09717968061223563,-10692,6.096042444913649,10485,-6.973092956526447,0.07539129239410067,0.14310846095442678,-0.021052631578947323,0.04608294930875578,0.07491571017135223
2003-10-21,106027,32922,23762,46625,54868,001602,WHEAT - CHICAGO BOARD OF TRADE ,340.5,0.0777443481377385,-8243,2.2258982212810046,9160,-1.2042936476918462,0.024129742937936606,0.047332580622397855,0.04608294930875578,0.10792951541850226,0.07498305869436142
2003-10-28,108258,35617,14336,43952,64626,001602,WHEAT - CHICAGO BOARD OF TRADE ,377.25,0.19096972048255095,-20674,-11.72437209390061,21281,11.431993737444236,0.11448912302676417,0.2426480892038516,0.10792951541850226,-0.03644797879390327,0.07768042292199374
2003-11-04,111327,41303,13019,43406,69128,001602,WHEAT - CHICAGO BOARD OF TRADE ,363.5,0.23104907165377672,-25722,-4.662934840843171,28284,6.468806000480335,0.044857554161409,0.12891646110231583,-0.03644797879390327,0.07015130674002745,0.08116607402953427
2003-11-11,123038,45027,14718,46690,77321,001602,WHEAT - CHICAGO BOARD OF TRADE ,389.0,0.24895560721078042,-30631,-4.409532278782326,30309,1.818965749548627,0.09254824168823733,0.09076910201690518,0.07015130674002745,-0.001928020565552746,0.08489473032245085
2003-11-18,143213,56447,20759,54920,89528,001602,WHEAT - CHICAGO BOARD OF TRADE ,388.25,0.24165403978689085,-34608,-3.232334725857052,35688,4.371820088102862,0.14148344040762073,0.22616117918296505,-0.001928020565552746,0.027044430135222175,0.08830254139776476
2003-11-25,119547,45641,17298,45436,73150,001602,WHEAT - CHICAGO BOARD OF TRADE ,398.75,0.23182513990313433,-27714,4.813808802273536,28343,-5.128724347650004,0.21808645202637747,0.2266798010772335,0.027044430135222175,0.019435736677116067,0.09135621370638965
2003-12-02,119266,47826,18500,45995,73675,001602,WHEAT - CHICAGO BOARD OF TRADE ,406.5,0.23208626096288967,-27680,0.028440696964373846,29326,0.822270738705279,0.009058243502966492,0.051065946989114375,0.019435736677116067,0.0,0.09428808969090006
2003-12-09,129712,54147,18967,47016,81762,001602,WHEAT - CHICAGO BOARD OF TRADE ,406.5,0.26787035894905636,-34746,-5.924571965187061,35180,4.908356111548975,0.07072636630480361,0.09284131630057171,0.0,-0.04182041820418203,0.09783058498188285
2003-12-16,122534,49539,16435,45243,80595,001602,WHEAT - CHICAGO BOARD OF TRADE ,389.5,0.28850767950119965,-35352,-0.4671888491427162,33104,-1.6004687307265328,0.023363371954417584,0.10822445205687088,-0.04182041820418203,0.017329910141206772,0.10164412687226917
2003-12-30,107880,34031,17282,43088,60556,001602,WHEAT - CHICAGO BOARD OF TRADE ,396.25,0.16192065257693733,-17468,14.595132779473452,16749,-13.347315847030211,0.21413685307398403,0.31873014635667374,0.017329910141206772,-0.004416403785488909,0.10282601953314503
2004-01-06,116310,42550,18034,42293,68100,001602,WHEAT - CHICAGO BOARD OF TRADE ,394.5,0.22188117960622475,-25807,-7.7298850574712645,24516,7.199666295884316,0.07553920991367206,0.15302720190149213,-0.004416403785488909,-0.006337135614702172,0.10511554184224271
2004-01-13,134985,44894,19061,49424,78532,001602,WHEAT - CHICAGO BOARD OF TRADE ,392.0,0.215638774678668,-29108,-2.838105064052962,25833,1.132318803198349,0.13725811997874268,0.05270893597060433,-0.006337135614702172,0.008928571428571397,0.10831098877091068
2004-01-20,139672,52307,16864,53021,89487,001602,WHEAT - CHICAGO BOARD OF TRADE ,395.5,0.2610831089982244,-36466,-5.45097603437419,35443,7.119309552913286,0.1021135655542145,0.1389310549218603,0.008928571428571397,-0.039190897597977226,0.11231824322928051
2004-01-27,136392,45615,17480,52722,86647,001602,WHEAT - CHICAGO BOARD OF TRADE ,380.0,0.2487315971611238,-33925,1.8192622716077669,28135,-5.2322584340454785,0.02252294269170332,0.1158253427371424,-0.039190897597977226,0.001315789473684159,0.11619743501311403
2004-02-03,134517,43023,17856,54420,81579,001602,WHEAT - CHICAGO BOARD OF TRADE ,380.5,0.20190013158188183,-27159,4.96070150741979,25167,-2.1760807085459555,0.04975036581151332,0.04875244337127745,0.001315789473684159,0.010512483574244502,0.11866316089785042
2004-02-10,137700,45326,18109,57916,88175,001602,WHEAT - CHICAGO BOARD OF TRADE ,384.5,0.21974582425562816,-30259,-2.3045414334247716,27217,1.5239709479099295,0.06908023081503994,0.04029321352565619,0.010512483574244502,-0.024057217165149525,0.12113739770846828
2004-02-17,142664,43256,20652,59748,85067,001602,WHEAT - CHICAGO BOARD OF TRADE ,375.25,0.17747294341950318,-25319,3.587509077705156,22604,-3.3500363108206246,0.034112488347201604,0.07218188646178882,-0.024057217165149525,0.04596935376415723,0.12335577703597753
2004-02-24,135792,44648,15471,56666,86089,001602,WHEAT - CHICAGO BOARD OF TRADE ,392.5,0.21667697655237422,-29423,-2.876689283911849,29177,4.607329108955308,0.02874855521698014,0.10933315590745023,0.04596935376415723,-0.04713375796178343,0.1260509871287422
2004-03-02,126917,43469,14476,53853,82642,001602,WHEAT - CHICAGO BOARD OF TRADE ,374.0,0.2268332847451484,-28789,0.4668905384706021,28993,-0.13550135501355012,0.04586248580534086,0.037518336353438604,-0.04713375796178343,-0.02941176470588236,0.1306790834533096
2004-03-09,126808,36693,22434,57413,73530,001602,WHEAT - CHICAGO BOARD OF TRADE ,363.0,0.12709765945366222,-16117,9.984478044706382,14259,-11.609161893205796,0.09677493260426293,0.24919241632418354,-0.02941176470588236,0.024793388429751984,0.13441197338984637
2004-03-16,131031,34954,29456,62904,69724,001602,WHEAT - CHICAGO BOARD OF TRADE ,372.0,0.0520487518220879,-6820,7.331556368683363,5498,-6.908870102832629,0.07009832011339989,0.1360192516689955,0.024793388429751984,0.11021505376344076,0.13728267719989284
2004-03-23,157534,52261,16085,63555,100288,001602,WHEAT - CHICAGO BOARD OF TRADE ,413.0,0.23317506062183402,-36733,-22.828948874693776,36176,23.412780181789042,0.19051775175015107,0.4488631375647441,0.11021505376344076,0.005447941888619745,0.14416375865817146
2004-03-30,167543,58215,16123,63654,108898,001602,WHEAT - CHICAGO BOARD OF TRADE ,415.25,0.27004410807971685,-45244,-5.402643238919852,42092,3.755379791029238,0.05047174185173165,0.08060480507950174,0.005447941888619745,0.003010234798314304,0.15181161608662003
2004-04-06,172453,56834,17743,67106,106114,001602,WHEAT - CHICAGO BOARD OF TRADE ,416.5,0.22619496326535346,-39008,3.7220295685286766,39091,-1.7911819652268375,0.03600046184043413,0.04024028856081634,0.003010234798314304,-0.04681872749099636,0.15888690401409708
2004-04-20,151261,47261,16400,67104,96427,001602,WHEAT - CHICAGO BOARD OF TRADE ,397.0,0.1938569756910241,-29323,5.616022916388813,30861,-4.772314775620024,0.05924870513847527,0.17147075917751842,-0.04681872749099636,-0.047229219143576806,0.1650119998910791
2004-04-27,141159,41222,18846,68594,86697,001602,WHEAT - CHICAGO BOARD OF TRADE ,378.25,0.12824545370822973,-18103,7.417642353283398,22376,-5.609509391052551,0.07225145050260479,0.1412565758806686,-0.047229219143576806,0.06675479180436228,0.16946247269032308
2004-05-04,133529,43457,15882,66462,89013,001602,WHEAT - CHICAGO BOARD OF TRADE ,403.5,0.16888466175886885,-22551,-3.151056609922145,27575,3.6830807812466797,0.028609101141662648,0.0876152277591466,0.06675479180436228,-0.08302354399008671,0.17401233287080983
2004-05-11,130596,40065,21818,65683,77653,001602,WHEAT - CHICAGO BOARD OF TRADE ,370.0,0.09165671230359276,-11970,7.924121351916064,18247,-6.985748414202159,0.08468912206284535,0.1507360664479744,-0.08302354399008671,0.0013513513513514486,0.17809457478110347
2004-05-18,122776,30728,31109,61461,54651,001602,WHEAT - CHICAGO BOARD OF TRADE ,370.5,-0.05546686648856454,6810,14.380226040613802,-381,-14.26383656467273,0.2344632768361582,0.30124359202419265,0.0013513513513514486,0.020242914979757165,0.17823944510069312
2004-05-25,123938,31105,33350,64130,54092,001602,WHEAT - CHICAGO BOARD OF TRADE ,378.0,-0.08099210895770466,10038,2.6291783410438523,-2245,-1.5182120284094611,0.027304562602561283,0.040617485067101076,0.020242914979757165,0.027116402116402094,0.17505004390786078
2004-06-01,122975,29015,29513,67135,60224,001602,WHEAT - CHICAGO BOARD OF TRADE ,388.25,-0.056198414311852005,6911,-2.523035711404089,-498,1.4095757556197452,0.07174208340203676,0.10126776927282669,0.027116402116402094,-0.06503541532517709,0.17017729407091378
2004-06-08,126503,29673,29502,67452,60143,001602,WHEAT - CHICAGO BOARD OF TRADE ,363.0,-0.057777285914168044,7309,0.32364301687334823,171,0.5440130107745477,0.0031192444845017436,0.011305449936628643,-0.06503541532517709,-0.03305785123966942,0.16599330105796237
2004-06-15,135180,29656,31925,72721,64022,001602,WHEAT - CHICAGO BOARD OF TRADE ,351.0,-0.06435123538985058,8699,1.098788171031517,-2269,-1.9288080124582025,0.06689921970411648,0.03962261087023595,-0.03305785123966942,-0.02065527065527062,0.16191484683979332
2004-06-22,143635,31870,34538,76016,67813,001602,WHEAT - CHICAGO BOARD OF TRADE ,343.75,-0.05711003585477077,8203,-0.36691818316318986,-2668,-0.295162006213937,0.04926683770310577,0.07268702565955909,-0.02065527065527062,-0.018181818181818188,0.15765882282275606
2004-06-29,144525,31817,42477,78879,63915,001602,WHEAT - CHICAGO BOARD OF TRADE ,337.5,-0.1035391800726518,14964,4.70707000382915,-10660,-5.564103456678386,0.04734792778408056,0.10757261690042265,-0.018181818181818188,0.002962962962963056,0.1531170071480166
2004-07-06,151856,37556,50557,82055,66588,001602,WHEAT - CHICAGO BOARD OF TRADE ,338.5,-0.10185307133073437,15467,0.3480366718560803,-13001,-1.6197889638470853,0.0393493134557295,0.15683270346032935,0.002962962962963056,-0.01624815361890697,0.1511091865999792
2004-07-13,156203,37818,53434,81975,66192,001602,WHEAT - CHICAGO BOARD OF TRADE ,333.0,-0.10104159331126802,15783,0.20809187651459277,-15616,-1.7220261300179118,0.0032125911977700836,0.034399246043922325,-0.01624815361890697,-0.005255255255255276,0.1490204423395639
2004-07-20,156170,34935,55151,81395,61927,001602,WHEAT - CHICAGO BOARD OF TRADE ,331.25,-0.12465902542101556,19468,2.3591096201737485,-20216,-2.944885821655154,0.033804998534767865,0.05106231822924761,-0.005255255255255276,-0.030188679245283012,0.14644749586030173
2004-07-27,154277,35655,53872,77217,58882,001602,WHEAT - CHICAGO BOARD OF TRADE ,321.25,-0.11884467548630062,18335,-0.725491451623231,-18217,1.2800153678683486,0.05307166107025033,0.02232845957085572,-0.030188679245283012,-0.01322957198443575,0.1434519872095958
2004-08-03,164297,41517,58670,77680,60672,001602,WHEAT - CHICAGO BOARD OF TRADE ,317.0,-0.10351984515846303,17008,-0.8601411746404195,-17153,0.6896685831329362,0.016284549554758877,0.10640103007376206,-0.01322957198443575,-0.01577287066246058,0.1393751721320167
2004-08-10,164510,39061,59517,83610,64015,001602,WHEAT - CHICAGO BOARD OF TRADE ,312.0,-0.11911130022491034,19595,1.5745874848597357,-20456,-2.010383634515542,0.06281456392887383,0.033506461888048046,-0.01577287066246058,-0.01041666666666663,0.13291559708927256
2004-08-17,170785,41349,58432,85320,70427,001602,WHEAT - CHICAGO BOARD OF TRADE ,308.75,-0.08720320871270897,14893,-2.85818491277126,-17083,2.050331286851863,0.052148677021066216,0.03380403082751225,-0.01041666666666663,0.00890688259109318,0.12678520467603954
2004-08-24,168344,41562,58144,87232,74416,001602,WHEAT - CHICAGO BOARD OF TRADE ,311.5,-0.07612982939694911,12816,-1.21614895921773,-16582,0.2933512896331645,0.03650524596654459,0.005024772832126451,0.00890688259109318,-0.005617977528089901,0.12059712963958298
2004-08-31,165453,37403,58525,88060,69354,001602,WHEAT - CHICAGO BOARD OF TRADE ,309.75,-0.11305929780662786,18706,3.4987881955994866,-21122,-2.696858812906905,0.03741725640667285,0.047327162038195314,-0.005617977528089901,-0.012913640032284124,0.11387852467264893
2004-09-07,161968,39419,61747,84642,66413,001602,WHEAT - CHICAGO BOARD OF TRADE ,305.75,-0.11254692284895781,18229,-0.2882993962031513,-22328,-0.7289079073815524,0.042097249346264604,0.051776288476365576,-0.012913640032284124,0.07031888798037622,0.10706309478588762
2004-09-14,153943,35708,52356,82904,69641,001602,WHEAT - CHICAGO BOARD OF TRADE ,327.25,-0.0861552652605185,13263,-3.0660377358490565,-16648,3.5068655536896176,0.0325543282310138,0.1487781613372093,0.07031888798037622,0.02291825821237592,0.10026716045595367
2004-09-21,149943,36622,45649,79662,72425,001602,WHEAT - CHICAGO BOARD OF TRADE ,334.75,-0.04826500736946707,7237,-3.914435862624478,-9027,4.9505336390742025,0.039622058427084494,0.09263288400529957,0.02291825821237592,-0.0567587752053772,0.09442980909788308
2004-09-28,151470,33850,54624,83548,64718,001602,WHEAT - CHICAGO BOARD OF TRADE ,315.75,-0.12431504588367333,18830,7.731604676443715,-20774,-7.834310371274418,0.07819054941793803,0.13277347017202795,-0.0567587752053772,-0.0300870942201108,0.08759464198926925
2004-10-05,155168,35120,62804,82232,56509,001602,WHEAT - CHICAGO BOARD OF TRADE ,306.25,-0.1657751598267684,25723,4.55073611936357,-27684,-4.561959463920248,0.06865310182282094,0.09650341080838201,-0.0300870942201108,0.015510204081632617,0.08046127605926329
2004-10-12,161776,39059,64654,82450,58432,001602,WHEAT - CHICAGO BOARD OF TRADE ,311.0,-0.1484645435664128,24018,-1.098809032790266,-25595,1.3462827387090122,0.01519711531636405,0.05581749636014772,0.015510204081632617,0.026527331189710512,0.07311514980024122
2004-10-19,154723,38117,58153,77510,59927,001602,WHEAT - CHICAGO BOARD OF TRADE ,319.25,-0.11364179856905567,17583,-3.977722282662447,-20036,3.4362328157452278,0.04682145273834557,0.07731380492365222,0.026527331189710512,-0.011746280344557603,0.06790211558301815
2004-10-26,156004,35704,59017,79551,59640,001602,WHEAT - CHICAGO BOARD OF TRADE ,315.5,-0.1276313427860824,19911,1.5046243932705545,-23313,-2.1179785810771508,0.016725219302972175,0.03459634083255033,-0.011746280344557603,-0.04199683042789226,0.06357882667151202
2004-11-02,164170,36863,63338,81115,58364,001602,WHEAT - CHICAGO BOARD OF TRADE ,302.25,-0.13858195772674667,22751,1.8204661418937975,-26475,-2.0268711058690805,0.020361488109321115,0.05469007295336374,-0.04199683042789226,0.007444168734491274,0.05941870540488731
2004-11-09,168056,34039,66218,84043,61093,001602,WHEAT - CHICAGO BOARD OF TRADE ,304.5,-0.13656162231637073,22950,0.12121581287689591,-32179,-3.4744472193458,0.03897723514496748,0.05689378297774719,0.007444168734491274,0.020525451559934238,0.05312002573567727
2004-11-16,173570,35756,67005,86512,64682,001602,WHEAT - CHICAGO BOARD OF TRADE ,310.75,-0.12577058247392983,21830,-0.6664445184938355,-31249,0.5533869662493455,0.04006772755532627,0.024367221027432585,0.020525451559934238,-0.032984714400643655,0.04625810931014445
2004-11-23,185168,38862,63448,95601,74350,001602,WHEAT - CHICAGO BOARD OF TRADE ,300.5,-0.11476605028946686,21251,-0.3335829924526128,-24586,3.8387970271360263,0.11036710581285195,0.06512559867070668,-0.032984714400643655,-0.035773710482529086,0.03926346205052432
2004-11-30,171858,34123,71384,97611,63983,001602,WHEAT - CHICAGO BOARD OF TRADE ,289.75,-0.1956731720373797,33628,6.6842002937872635,-37261,-6.84513522854921,0.07659319034122554,0.12013420910460917,-0.035773710482529086,-0.009490940465918918,0.03085332336159604
2004-12-07,178989,35557,74297,104515,69076,001602,WHEAT - CHICAGO BOARD OF TRADE ,287.0,-0.19799540753901076,35439,1.0537769553934062,-38740,-0.860594211500192,0.0691107257864751,0.03957070293298378,-0.009490940465918918,-0.006968641114982632,0.022587543603093247
2004-12-14,186561,36265,75069,106767,73233,001602,WHEAT - CHICAGO BOARD OF TRADE ,285.0,-0.1797481788798302,33534,-1.0643112146556493,-38804,-0.03575638726402181,0.03560555555555556,0.013293333572852856,-0.006968641114982632,0.07192982456140351,0.014667650529194788
2004-12-21,184701,38286,68697,105221,79732,001602,WHEAT - CHICAGO BOARD OF TRADE ,305.5,-0.13800141850883318,25489,-4.312262477152244,-30411,4.498796640240994,0.0434975372121566,0.07845171662787545,0.07192982456140351,-0.0016366612111292644,0.00686242403961999
2004-12-28,183042,37754,67376,106574,80526,001602,WHEAT - CHICAGO BOARD OF TRADE ,305.0,-0.14230613738923306,26048,0.3026513121206707,-29622,0.4271768967141488,0.011475146980224478,0.017625796632740418,-0.0016366612111292644,-0.02950819672131144,-0.001422457054426793
2005-01-04,195001,38061,76909,110992,76866,001602,WHEAT - CHICAGO BOARD OF TRADE ,296.0,-0.17500423074753463,34126,4.413194785896133,-38848,-5.040373247669934,0.04300056425598058,0.08558754457684613,-0.02950819672131144,0.03547297297297303,-0.00790178173374356
2005-01-11,192983,37013,66426,109514,82793,001602,WHEAT - CHICAGO BOARD OF TRADE ,306.5,-0.13846297342252945,26721,-3.79741642350552,-29413,4.838436725965508,0.03850613862209904,0.11147632904417096,0.03547297297297303,-0.03262642740619903,-0.014831476984296526
2005-01-18,204294,36768,77173,116047,80359,001602,WHEAT - CHICAGO BOARD OF TRADE ,296.5,-0.17468941819143,35688,4.64652326888897,-40405,-5.695838493546064,0.04565542804191318,0.09647098059522033,-0.03262642740619903,0.001686340640809414,-0.022337788385644562
2005-01-25,207629,31972,72617,119722,84730,001602,WHEAT - CHICAGO BOARD OF TRADE ,297.0,-0.16853137085859876,34992,-0.34068548268671617,-40645,-0.1174777526505918,0.03935398039637666,0.0894166690569754,0.001686340640809414,-0.015993265993266004,-0.03059960530596809
2005-02-01,222294,32409,73898,125142,86648,001602,WHEAT - CHICAGO BOARD OF TRADE ,292.25,-0.17316706703734694,38494,1.686662267794961,-41489,-0.40649427584778625,0.03464752821190802,0.016160742001937786,-0.015993265993266004,-0.0017108639863130382,-0.03871304115593867
2005-02-08,222752,31953,73892,123462,82103,001602,WHEAT - CHICAGO BOARD OF TRADE ,291.75,-0.18567285591150698,41359,1.2888337067127318,-41939,-0.2024346136198008,0.030282392430618053,0.004364873163588266,-0.0017108639863130382,0.02570694087403602,-0.04616636783850385
2005-02-15,230851,33282,67433,131527,98055,001602,WHEAT - CHICAGO BOARD OF TRADE ,299.25,-0.14499395714118632,33472,-3.5407089498635256,-34151,3.4962649044677487,0.10461185981479384,0.07732711115524003,0.02570694087403602,0.044277360066833804,-0.053180594403827205
2005-02-22,220792,39805,55022,122171,105283,001602,WHEAT - CHICAGO BOARD OF TRADE ,312.5,-0.07648827856081743,16888,-7.183854520881434,-15217,8.201827152578936,0.07291144583080535,0.1996688706802915,0.044277360066833804,0.05600000000000005,-0.0580644640572949
2005-03-01,214658,46598,41762,114645,112430,001602,WHEAT - CHICAGO BOARD OF TRADE ,330.0,-0.010318739576442528,2215,-6.645621218160078,4836,9.082303706656038,0.06461741715292305,0.22694658216387506,0.05600000000000005,-0.00303030303030305,-0.06242976629054138
2005-03-08,211795,54178,37928,112627,122966,001602,WHEAT - CHICAGO BOARD OF TRADE ,329.0,0.04881607214523478,-10339,-5.848372760390948,16250,5.317295418759143,0.05328681242651522,0.12392243719193104,-0.00303030303030305,0.11854103343465039,-0.0658531742251551
2005-03-15,215153,59420,44777,110609,119287,001602,WHEAT - CHICAGO BOARD OF TRADE ,368.0,0.04033408783516846,-8678,0.7842489199461743,14643,-0.758752567341061,0.02478077043532728,0.11603980920755876,0.11854103343465039,-0.06385869565217395,-0.06752170444858768
2005-03-22,227257,61877,46094,120350,126097,001602,WHEAT - CHICAGO BOARD OF TRADE ,344.5,0.025288549967657763,-5747,1.3622863729532007,15783,0.5298554981803647,0.06715845597633568,0.034953830195144996,-0.06385869565217395,-0.029027576197387495,-0.06803632371501903
2005-03-29,225208,55644,46121,123080,124973,001602,WHEAT - CHICAGO BOARD OF TRADE ,334.5,0.008405562857447337,-1893,1.695877354712946,9523,-2.754590617670743,0.015537002172922722,0.06151427308013561,-0.029027576197387495,-0.06950672645739908,-0.07235881405664185
2005-04-05,213540,42429,40255,120593,114873,001602,WHEAT - CHICAGO BOARD OF TRADE ,311.25,-0.026786550529174863,5720,3.3804305353273416,2174,-3.26320556996199,0.05345570061070388,0.23077016109525422,-0.06950672645739908,-0.0008032128514056103,-0.07806709595296667
2005-04-12,203720,37111,44143,126218,109429,001602,WHEAT - CHICAGO BOARD OF TRADE ,311.0,-0.08241213430198312,16789,5.183572164465674,-7032,-4.3111360869158,0.046972802539391546,0.11329903758584192,-0.0008032128514056103,-0.009646302250803873,-0.08400184782926162
2005-04-19,216370,35867,51583,140787,116574,001602,WHEAT - CHICAGO BOARD OF TRADE ,308.0,-0.1119055321902297,24213,3.6442175535048102,-15716,-4.2627135283722755,0.08437175795866507,0.09930245854774157,-0.009646302250803873,0.04788961038961048,-0.08988189605774728
2005-04-26,202507,36528,47692,135252,111850,001602,WHEAT - CHICAGO BOARD OF TRADE ,322.75,-0.11556143738241147,23402,-0.3748209086287378,-11164,2.1038036696399685,0.04151726817265745,0.05404891949655664,0.04788961038961048,-0.04492641363284278,-0.09457049011718269
2005-05-03,195264,30927,48301,135815,103039,001602,WHEAT - CHICAGO BOARD OF TRADE ,308.25,-0.16785480170435924,32776,4.628975788491262,-17374,-3.0665606621005694,0.03924573170221139,0.07838138032008886,-0.04492641363284278,0.013787510137875048,-0.10104624902993707
2005-05-10,204698,32640,54785,139784,105798,001602,WHEAT - CHICAGO BOARD OF TRADE ,312.5,-0.1660299563259045,33986,0.6196738774172402,-22145,-2.4433587348410355,0.027396144668583203,0.09376036602802403,0.013787510137875048,-0.008000000000000007,-0.10600176188819663
2005-05-17,212632,31086,67368,144320,96440,001602,WHEAT - CHICAGO BOARD OF TRADE ,310.0,-0.2251777719252041,47880,6.78756021065179,-36282,-6.9062716782772675,0.05770892174779864,0.1435898998517074,-0.008000000000000007,0.07096774193548394,-0.10926543314659355
2005-05-24,213233,34138,56515,140690,104351,001602,WHEAT - CHICAGO BOARD OF TRADE ,332.0,-0.17041921278601344,36339,-5.427687271906392,-22377,6.539467248579705,0.0470982407025763,0.15338709143657683,0.07096774193548394,-0.0007530120481927804,-0.1109851851432918
2005-05-31,218420,34354,56999,141703,107972,001602,WHEAT - CHICAGO BOARD OF TRADE ,331.75,-0.15443182858712573,33731,-1.2230752275679655,-22645,-0.12568411080836456,0.0185601281666166,0.007662583604260397,-0.0007530120481927804,-0.03767897513187646,-0.11287428926397013
2005-06-07,210544,33717,60792,142634,102268,001602,WHEAT - CHICAGO BOARD OF TRADE ,319.25,-0.19172239531879323,40366,3.037725483014376,-27075,-2.0282025455544366,0.02709246964091759,0.04687384270281137,-0.03767897513187646,-0.01018010963194993,-0.11545015675252063
2005-06-14,220695,33552,65310,147674,106115,001602,WHEAT - CHICAGO BOARD OF TRADE ,316.0,-0.18830965812546727,41559,0.566627403298123,-31758,-2.224238163994224,0.03501727813262198,0.04736905990168113,-0.01018010963194993,0.06012658227848111,-0.1178339725743594
2005-06-21,234031,40160,62038,151210,118110,001602,WHEAT - CHICAGO BOARD OF TRADE ,335.0,-0.14143425443637808,33100,-3.832891547157842,-21878,4.476766578309432,0.057667458785088374,0.09667508170414293,0.06012658227848111,-0.02164179104477615,-0.11945559216246723
2005-06-28,231720,47226,59352,146652,124442,001602,WHEAT - CHICAGO BOARD OF TRADE ,327.75,-0.09584843776972207,22210,-4.653229700338844,-12126,4.166969333122536,0.04017056814241555,0.09150106025633808,-0.02164179104477615,0.02822273073989323,-0.11930769327202628
2005-07-05,229828,48071,62299,149324,125614,001602,WHEAT - CHICAGO BOARD OF TRADE ,337.0,-0.10316410533094314,23710,0.647332988089073,-14228,-0.9071292939754876,0.013981333973477656,0.03435716227235662,0.02822273073989323,-0.03931750741839768,-0.11933290546433797
2005-07-12,229430,45302,66634,152852,118086,001602,WHEAT - CHICAGO BOARD OF TRADE ,323.75,-0.15153205770823344,34766,4.810553979497712,-21332,-3.0910071879840575,0.04080638374831142,0.0634648370497427,-0.03931750741839768,0.0455598455598456,-0.12030387593351038
2005-07-19,243660,47721,64198,155211,125382,001602,WHEAT - CHICAGO BOARD OF TRADE ,338.5,-0.12242058606254617,29829,-2.151854596173125,-16477,2.116113847360851,0.03440926894113538,0.04337958702275753,0.0455598455598456,-0.02954209748892167,-0.1202608290227706
2005-07-26,249143,44865,69879,160440,120904,001602,WHEAT - CHICAGO BOARD OF TRADE ,328.5,-0.15868798240367982,39536,3.9838299269473856,-25014,-3.5036526307149303,0.034502246360327574,0.07440040437844245,-0.02954209748892167,0.010654490106544845,-0.12102704646348943
2005-08-02,257888,43440,68720,160148,120350,001602,WHEAT - CHICAGO BOARD OF TRADE ,332.0,-0.1543228067998511,39798,0.1051604901602694,-25280,-0.1067659938268384,0.003016064285663356,0.02303851640513552,0.010654490106544845,-0.03765060240963858,-0.12200402649505458
2005-08-09,250929,42445,79061,164743,114168,001602,WHEAT - CHICAGO BOARD OF TRADE ,319.5,-0.20155103634892738,50575,4.178945898994913,-36616,-4.395706663357736,0.03863956602643854,0.0932958043224203,-0.03765060240963858,-0.028951486697965545,-0.12358940603590107
2005-08-16,254388,46038,88282,169155,112879,001602,WHEAT - CHICAGO BOARD OF TRADE ,310.25,-0.2212211267827099,56276,2.2719574062782697,-42244,-2.242865511758306,0.02021387492288164,0.09539904705181655,-0.028951486697965545,0.022562449637389292,-0.12616667369109338
2005-08-23,264453,43069,83773,170887,120550,001602,WHEAT - CHICAGO BOARD OF TRADE ,317.25,-0.1903438418168824,50337,-2.3346227023287263,-40704,0.6053744673490888,0.03226426294533639,0.05895523564749846,0.022562449637389292,-0.03152088258471242,-0.12836309700686133
2005-08-30,260222,41116,86375,175347,117722,001602,WHEAT - CHICAGO BOARD OF TRADE ,307.25,-0.221445534966298,57625,2.7558772258208455,-45259,-1.7224232661380283,0.024867863881884472,0.03572801217340832,-0.03152088258471242,-0.005695687550854367,-0.13044744772147038
2005-09-06,261552,44408,91062,175223,117886,001602,WHEAT - CHICAGO BOARD OF TRADE ,305.5,-0.21921835810852144,57337,-0.11067473157534721,-46654,-0.536080731068088,0.0009825696242694696,0.05889864914741271,-0.005695687550854367,0.036006546644844484,-0.132498821476462
2005-09-13,277537,48679,89433,179027,126615,001602,WHEAT - CHICAGO BOARD OF TRADE ,316.5,-0.1888468924864072,52412,-1.8829907628311005,-40754,2.2557655838991866,0.0410054900831692,0.04271895273401297,0.036006546644844484,0.01500789889415488,-0.13447366046157522
2005-09-20,281695,45158,89539,183244,127162,001602,WHEAT - CHICAGO BOARD OF TRADE ,321.25,-0.199087665737766,56082,1.3223462096945633,-44381,-1.3068527799896952,0.015347641476002398,0.026927103053520123,0.01500789889415488,0.01789883268482484,-0.13737409619942714
2005-09-27,281887,44270,81125,178821,128980,001602,WHEAT - CHICAGO BOARD OF TRADE ,327.0,-0.17681198494432165,49841,-2.215516782335505,-36855,2.671683913452493,0.020276087472100482,0.07418158618764703,0.01789883268482484,0.06192660550458706,-0.13838365271982422
2005-10-04,297221,55543,70668,170136,139804,001602,WHEAT - CHICAGO BOARD OF TRADE ,347.25,-0.10205200843816555,30332,-6.920858358136417,-15125,7.708762731165325,0.0629444408595212,0.17217199768641403,0.06192660550458706,-0.01295896328293733,-0.13715820750081262
2005-10-11,297599,51021,65957,171304,141948,001602,WHEAT - CHICAGO BOARD OF TRADE ,342.75,-0.09864280457931646,29356,-0.32837518210355254,-14936,0.06358904653439695,0.010572957235707992,0.0789293713347809,-0.01295896328293733,-0.04084609773887671,-0.13620009713567616
2005-10-18,293651,52252,66464,171788,140669,001602,WHEAT - CHICAGO BOARD OF TRADE ,328.75,-0.10597273634348257,31119,0.5924079045964536,-14212,0.24328038736689306,0.0056423763909914,0.014639981131439739,-0.04084609773887671,-0.009885931558935357,-0.13605261516979977
2005-10-25,298757,49596,80328,179877,131602,001602,WHEAT - CHICAGO BOARD OF TRADE ,325.5,-0.16158617203948358,48275,5.842309408106902,-30732,-5.625725776517021,0.05507915461395471,0.12715125765832333,-0.009885931558935357,-0.02611367127496156,-0.13670559265544208
2005-11-01,305362,52061,91832,180937,126382,001602,WHEAT - CHICAGO BOARD OF TRADE ,317.0,-0.17865680733031614,54555,2.1020427973235773,-39771,-3.0255358033451936,0.0204347925120152,0.09707907959386489,-0.02611367127496156,-0.012618296529968487,-0.1374762628401261
2005-11-08,297365,50384,96463,186574,128051,001602,WHEAT - CHICAGO BOARD OF TRADE ,313.0,-0.1968052729810166,58523,1.2994413188281448,-46079,-2.065744919145146,0.02322129519268971,0.04295627421738272,-0.012618296529968487,-0.019169329073482455,-0.138634794583677
2005-11-15,303926,51953,102452,193999,132046,001602,WHEAT - CHICAGO BOARD OF TRADE ,307.0,-0.20384238268525892,61953,1.153464597380324,-50499,-1.4863887814638577,0.035025839991412226,0.04894919205984262,-0.019169329073482455,-0.032573289902280145,-0.1401361753569718
2005-11-22,296485,50454,104082,192020,128942,001602,WHEAT - CHICAGO BOARD OF TRADE ,297.0,-0.21275275309037556,63078,0.3701558932108474,-53628,-1.0295269243171035,0.015836765723045095,0.02024770927162603,-0.032573289902280145,0.011784511784511675,-0.14202053502622003
2005-11-29,291829,48554,102254,186037,126029,001602,WHEAT - CHICAGO BOARD OF TRADE ,300.5,-0.20562726802339726,60008,-1.0354655378855593,-53700,-0.024284533787544058,0.028506790230271802,0.024720173996074478,0.011784511784511675,-0.0024958402662229595,-0.14221195994902805
2005-12-06,296112,52967,110978,192723,127675,001602,WHEAT - CHICAGO BOARD OF TRADE ,299.75,-0.21967363700221537,65048,1.7270387795592625,-58011,-1.4772349560872977,0.02600515608711665,0.08013053158071304,-0.0024958402662229595,0.014178482068390341,-0.1426288489771666
2005-12-13,302803,55966,113097,192620,130236,001602,WHEAT - CHICAGO BOARD OF TRADE ,304.0,-0.20602173690485234,62384,-0.8996595882639001,-57131,0.2971848489760631,0.008251356641970414,0.030272738564913672,0.014178482068390341,0.07894736842105265,-0.14313410970841706
2005-12-20,301415,55312,100535,188338,135907,001602,WHEAT - CHICAGO BOARD OF TRADE ,328.0,-0.17394953801237498,52431,-3.2869555453545702,-45223,3.93258983563571,0.030695924378170827,0.08480111904624407,0.07894736842105265,0.03658536585365857,-0.14382541969886975
2005-12-27,296879,57266,89200,184214,141300,001602,WHEAT - CHICAGO BOARD OF TRADE ,340.0,-0.14455047342520017,42914,-3.157440737853126,-31934,4.408871489474644,0.029236837739697832,0.0907309546242814,0.03658536585365857,0.01764705882352935,-0.14386858000725372
2006-01-03,305901,57743,76112,184840,152988,001602,WHEAT - CHICAGO BOARD OF TRADE ,346.0,-0.10412519082971287,31852,-3.726097164164525,-18369,4.569201593915366,0.036450501438601894,0.10134100332449292,0.01764705882352935,-0.04841040462427748,-0.14250552154729562
2006-01-10,311399,57311,75936,189056,155507,001602,WHEAT - CHICAGO BOARD OF TRADE ,329.25,-0.10773637680275146,33549,0.5547546428419652,-18625,-0.0836872059914809,0.019546498027936836,0.004562954513047198,-0.04841040462427748,-0.0015186028853454436,-0.14191462545845374
2006-01-17,319190,53875,77243,197160,156942,001602,WHEAT - CHICAGO BOARD OF TRADE ,328.75,-0.12600018797581378,40218,2.1416253745195073,-23368,-1.5231262785044268,0.02693856572400043,0.03617352308607514,-0.0015186028853454436,0.011406844106463865,-0.14097829410815343
2006-01-24,323548,54558,81635,198126,157072,001602,WHEAT - CHICAGO BOARD OF TRADE ,332.5,-0.1268868915895014,41054,0.2619129671982205,-27077,-1.16200382217488,0.0030856029594761233,0.037263295470398625,0.011406844106463865,0.03233082706766921,-0.14017743873759386
2006-01-31,349718,61363,76882,198569,167226,001602,WHEAT - CHICAGO BOARD OF TRADE ,343.25,-0.08962363961820667,31343,-3.0014093735705365,-15519,3.5722674842681768,0.02896977815443076,0.0836051936778907,0.03233082706766921,0.024763292061179998,-0.13857083436414888
2006-02-07,374200,71412,74539,203337,184478,001602,WHEAT - CHICAGO BOARD OF TRADE ,351.75,-0.050398182789951895,18859,-3.5697333279956993,-3127,3.543426417856673,0.056779650090893856,0.08490520791224453,0.024763292061179998,-0.01279317697228144,-0.1359693983425805
2006-02-14,379120,75755,76377,208876,189988,001602,WHEAT - CHICAGO BOARD OF TRADE ,347.25,-0.04982063726524583,18888,0.00774986638161411,-622,0.6694281133083912,0.02770117132656745,0.040629190439881155,-0.01279317697228144,0.07271418286537079,-0.1341391421911201
2006-02-21,390551,73670,81651,220426,195643,001602,WHEAT - CHICAGO BOARD OF TRADE ,372.5,-0.06345650119958725,24783,1.554916649082085,-7981,-1.9410740662587043,0.04135131432526817,0.04737929835630726,0.07271418286537079,-0.006040268456375841,-0.1338885310880195
2006-02-28,390971,71273,72574,219632,199548,001602,WHEAT - CHICAGO BOARD OF TRADE ,370.25,-0.05136953891720869,20084,-1.203171928890209,-1301,1.7104040189373477,0.011209981392241997,0.07976530619338602,-0.006040268456375841,0.0006752194463199857,-0.1346779695368804
2006-03-07,396507,73192,69908,222196,205383,001602,WHEAT - CHICAGO BOARD OF TRADE ,370.5,-0.04240278229640334,16813,-0.8366349422335672,3284,1.1727212504252233,0.019643153662831897,0.032040531097134874,0.0006752194463199857,-0.04993252361673417,-0.13643217827614268
2006-03-14,393296,68455,71423,222786,200995,001602,WHEAT - CHICAGO BOARD OF TRADE ,352.0,-0.055406106342296896,21791,1.2554633335603154,-2968,-1.5767691364843497,0.011746633284644663,0.04469609230901214,-0.04993252361673417,0.0014204545454545858,-0.13827333585647855
2006-03-21,382617,57567,69307,225492,190622,001602,WHEAT - CHICAGO BOARD OF TRADE ,352.5,-0.09113552194492142,34870,3.3254851307920754,-11740,-2.230381188722997,0.03143129046367101,0.10249538912621971,0.0014204545454545858,-0.03191489361702127,-0.14051226031633585
2006-03-28,384330,58054,69743,221613,184364,001602,WHEAT - CHICAGO BOARD OF TRADE ,341.25,-0.09691931413108526,37249,0.6217705956609352,-11689,0.013329256149099493,0.024969394817933036,0.007222391761934944,-0.03191489361702127,0.00439560439560438,-0.14253773871996148
2006-04-04,387384,62142,78738,224074,183787,001602,WHEAT - CHICAGO BOARD OF TRADE ,342.75,-0.10399758379282573,40287,0.7904665261624125,-16596,-1.2767673613821455,0.007448616072632588,0.09286626916524701,0.00439560439560438,0.07221006564551424,-0.14402256628272397
2006-04-11,387061,66539,75255,231808,200585,001602,WHEAT - CHICAGO BOARD OF TRADE ,367.5,-0.08066687163005315,31223,-2.3397972038081076,-8716,2.0341573219337916,0.05673542356143601,0.05557357857173082,0.07221006564551424,-0.03401360544217691,-0.14398900353903304
2006-04-18,384109,67789,75895,232786,202563,001602,WHEAT - CHICAGO BOARD OF TRADE ,355.0,-0.0786833945572741,30223,-0.25835720984547655,-8106,0.1575978980057407,0.006789954725978468,0.01315386542690905,-0.03401360544217691,-0.014084507042253502,-0.1433501162768608
2006-04-25,382536,63760,78212,231061,190724,001602,WHEAT - CHICAGO BOARD OF TRADE ,350.0,-0.10544628479411088,40337,2.6331067483448707,-14452,-1.6521352012059076,0.032158564197399146,0.0446989547234666,-0.014084507042253502,0.014999999999999902,-0.14315559411170117
2006-05-02,382991,66023,78661,241612,201925,001602,WHEAT - CHICAGO BOARD OF TRADE ,355.25,-0.10362384494674809,39687,-0.16991864817951774,-12638,0.47420373507330027,0.0490421317725466,0.01874429791822178,0.014999999999999902,0.05700211118930332,-0.14192038340482405
2006-05-09,415538,74886,78961,249940,221284,001602,WHEAT - CHICAGO BOARD OF TRADE ,375.5,-0.06896120210426002,28656,-2.8802243394753404,-4075,2.235822773903303,0.058755496324465646,0.059559172424551665,0.05700211118930332,0.07456724367509993,-0.14005367659286933
2006-05-16,477057,95221,80457,259410,246519,001602,WHEAT - CHICAGO BOARD OF TRADE ,403.5,-0.027021928197259446,12891,-3.7938768536210885,14764,4.533640725998585,0.0685965817338006,0.12426712508111432,0.07456724367509993,0.04027261462205689,-0.13624298729040887
2006-05-23,522295,110708,94459,279155,262540,001602,WHEAT - CHICAGO BOARD OF TRADE ,419.75,-0.031811524138657274,16615,0.7806195066836877,16249,0.3112835573107616,0.06602608478941102,0.14373169174379896,0.04027261462205689,-0.01846337105419893,-0.13357745481642125
2006-05-30,538053,118023,96496,278980,267454,001602,WHEAT - CHICAGO BOARD OF TRADE ,412.0,-0.021421681507212114,11526,-0.9743535741295628,21527,1.0105400204865067,0.009313110091978171,0.04359520601904726,-0.01846337105419893,-0.06553398058252424,-0.13101956737257675
2006-06-06,534155,103381,91660,274939,256892,001602,WHEAT - CHICAGO BOARD OF TRADE ,385.0,-0.033786073330774775,18047,1.211962390322143,11721,-1.8224970402543987,0.02745797067113425,0.09986618198224989,-0.06553398058252424,-0.03961038961038965,-0.1279823304112687
2006-06-13,490977,85650,81090,265275,240004,001602,WHEAT - CHICAGO BOARD OF TRADE ,369.75,-0.051470842829704856,25271,1.3524164334322435,4560,-1.3406221040709159,0.052549185697406776,0.16973131821998322,-0.03961038961038965,-0.007437457741717335,-0.12535081473250403
2006-06-20,476507,72647,76270,265444,233551,001602,WHEAT - CHICAGO BOARD OF TRADE ,367.0,-0.06693081108986856,31893,1.348739350315799,-3623,-1.666676850443096,0.013270674054850249,0.11968411934164669,-0.007437457741717335,0.03065395095367851,-0.12391805620660963
2006-06-27,461737,69134,68995,256983,228228,001602,WHEAT - CHICAGO BOARD OF TRADE ,378.25,-0.06227571106495689,28755,-0.6585422669551549,139,0.7894952225255873,0.028408259499475487,0.07810090567512977,0.03065395095367851,0.052214144084600234,-0.12327242684690261
2006-07-11,468830,77181,75488,262647,238523,001602,WHEAT - CHICAGO BOARD OF TRADE ,398.0,-0.05145575155173517,24124,-1.0029518968590345,1693,0.3365552251606434,0.03184348624219327,0.09523871905887901,0.052214144084600234,0.0,-0.1222780354280717
2006-07-18,475365,80399,73574,264927,246308,001602,WHEAT - CHICAGO BOARD OF TRADE ,398.0,-0.0391677973767526,18619,-1.174199603267709,6825,1.0946398481325854,0.019687619196651247,0.03333051898709514,0.0,-0.011934673366834181,-0.12011718426785091
2006-07-25,480324,81330,68138,264680,250811,001602,WHEAT - CHICAGO BOARD OF TRADE ,393.25,-0.028874259874584654,13869,-0.9992321689649006,13192,1.3393918357472678,0.009214515869336226,0.04259774667487355,-0.011934673366834181,-0.00190718372536558,-0.11831821645654395
2006-08-01,482088,77052,73539,263767,237978,001602,WHEAT - CHICAGO BOARD OF TRADE ,392.5,-0.053494382768291264,25789,2.4816582140388572,3513,-2.0150981420874245,0.027396386610728556,0.06427342935500793,-0.00190718372536558,-0.021656050955414008,-0.11629526261740186
2006-08-08,467379,80374,75503,256902,233061,001602,WHEAT - CHICAGO BOARD OF TRADE ,384.0,-0.051009994030540524,23841,-0.40407560445395857,4871,0.28169130947047016,0.024046713731445027,0.03391135318231683,-0.021656050955414008,-0.01888020833333337,-0.11430847775645359
2006-08-15,456086,75287,78043,254865,220874,001602,WHEAT - CHICAGO BOARD OF TRADE ,376.75,-0.07452761102072855,33991,2.171685077849026,-2756,-1.63186621564084,0.029898747002032627,0.049742385704037044,-0.01888020833333337,-0.04512276045122765,-0.11186571957706515
2006-08-22,447857,69819,89180,257165,206209,001602,WHEAT - CHICAGO BOARD OF TRADE ,359.75,-0.11377738876471731,50956,3.719693215753169,-19361,-3.640760733721272,0.03661189449559103,0.10443461908565463,-0.04512276045122765,0.057678943710910424,-0.1097994938459499
2006-08-29,449663,63204,82984,260913,207196,001602,WHEAT - CHICAGO BOARD OF TRADE ,380.5,-0.11946057380749583,53717,0.6164914247181578,-19780,-0.09355664866240787,0.010115165484961835,0.08763373190685966,0.057678943710910424,0.06176084099868584,-0.10843635407653864
2006-09-05,446047,61605,71348,256733,217151,001602,WHEAT - CHICAGO BOARD OF TRADE ,404.0,-0.08873952744890112,39582,-3.143465217284944,-9743,2.232116051354014,0.02982797477863781,0.09954645626650019,0.06176084099868584,-0.037747524752475226,-0.10588431547043484
2006-09-12,449370,63379,73158,253190,213202,001602,WHEAT - CHICAGO BOARD OF TRADE ,388.75,-0.08898680374746867,39988,0.09102179815131589,-9779,-0.008070898358244758,0.016063740372905196,0.02624929506287673,-0.037747524752475226,0.05209003215434094,-0.10337986250195305
2006-09-19,452289,58296,76658,256946,209489,001602,WHEAT - CHICAGO BOARD OF TRADE ,409.0,-0.10492627501442661,47457,1.6621047243919262,-18362,-1.9100073436143936,0.01601294928553818,0.06359944870103887,0.05209003215434094,0.03422982885085579,-0.10176600447364571
2006-09-26,463319,61321,72585,257601,217680,001602,WHEAT - CHICAGO BOARD OF TRADE ,423.0,-0.08616309713178177,39921,-1.6661913068856418,-11264,1.569350570100091,0.018612147340205058,0.05300733350260631,0.03422982885085579,0.03900709219858145,-0.09959437815429986
2006-10-03,495828,78947,72688,273861,249638,001602,WHEAT - CHICAGO BOARD OF TRADE ,439.5,-0.04885363472817186,24223,-3.388162367612811,6259,3.782059445004414,0.09210714824670152,0.116918917136545,0.03900709219858145,0.13993174061433455,-0.09713364065014315
2006-10-10,469824,78425,69896,273044,253667,001602,WHEAT - CHICAGO BOARD OF TRADE ,501.0,-0.04124310380057213,19377,-0.9773550505417202,8529,0.4578200505013836,0.0092004913510445,0.022343430802111635,0.13993174061433455,0.05988023952095811,-0.09596423863788175
2006-10-17,473929,82026,68129,268199,258400,001602,WHEAT - CHICAGO BOARD OF TRADE ,531.0,-0.020676092832470686,9799,-2.0386357444489853,13897,1.142555510148481,0.018188412815064215,0.03574972528387333,0.05988023952095811,-0.016007532956685444,-0.09446487879659625
2006-10-24,469656,85378,63488,262482,259567,001602,WHEAT - CHICAGO BOARD OF TRADE ,522.5,-0.006206670414090313,2915,-1.4525382494002266,21890,1.686539544952936,0.013186501650228236,0.05369258259105504,-0.016007532956685444,-0.07559808612440189,-0.09254630060564639
2006-10-31,456239,82258,61883,254188,250674,001602,WHEAT - CHICAGO BOARD OF TRADE ,483.0,-0.007702103502769382,3514,0.12754015705111826,20375,-0.32257652409423065,0.03404296619670326,0.03278040252253002,-0.07559808612440189,0.02898550724637672,-0.08958699159532496
2006-11-07,457491,82090,62636,249312,245338,001602,WHEAT - CHICAGO BOARD OF TRADE ,497.0,-0.008686509679971846,3974,0.10082434864183026,19454,-0.20186788065027322,0.020644900434650764,0.006363749429957298,0.02898550724637672,-0.021126760563380254,-0.08631833202512604
2006-11-14,432131,81229,60329,240707,237267,001602,WHEAT - CHICAGO BOARD OF TRADE ,486.5,-0.007960549000187443,3440,-0.1167236076775281,20900,0.3160717915762277,0.034888927012766385,0.022379519348959438,-0.021126760563380254,-0.013874614594039048,-0.0826867027178024
2006-11-21,421762,75624,55991,238712,237335,001602,WHEAT - CHICAGO BOARD OF TRADE ,479.75,-0.0032648745026816074,1377,-0.47740152870310154,19633,-0.2931981274196945,0.004333605715402051,0.07554610036849903,-0.013874614594039048,0.015633142261594513,-0.07882944294506053
2006-11-28,416399,76977,57057,232690,232678,001602,WHEAT - CHICAGO BOARD OF TRADE ,487.25,-2.8818513012759397e-05,12,-0.3236422437298761,19920,0.06804785637397394,0.02294743085042375,0.018047659549069638,0.015633142261594513,0.022062596203181073,-0.074738598049342
2006-12-05,424124,84061,57231,234077,239511,001602,WHEAT - CHICAGO BOARD OF TRADE ,498.0,0.012812290745159435,-5434,-1.307880182229064,26830,1.6594660409847286,0.01735685870419014,0.051368796534835656,0.022062596203181073,-0.0662650602409639,-0.07053783730379284
2006-12-12,417081,73598,56045,237539,232901,001602,WHEAT - CHICAGO BOARD OF TRADE ,465.0,-0.011120142130665266,4638,2.374777187803567,17553,-2.1873320066772926,0.021409744069381856,0.08985444644138134,-0.0662650602409639,0.058064516129032295,-0.06652719317164765
2006-12-19,425677,72560,58656,248103,238520,001602,WHEAT - CHICAGO BOARD OF TRADE ,492.0,-0.022512374405946292,9583,1.1856210184592442,13904,-0.8748900093746779,0.03325572362999694,0.02780910864528716,0.058064516129032295,0.05030487804878048,-0.06299816696974561
2006-12-26,439130,76522,54355,250293,246562,001602,WHEAT - CHICAGO BOARD OF TRADE ,516.75,-0.008496345045886184,3731,-1.3747512785515779,22167,1.9411431672371304,0.020593533324611807,0.06313561588361591,0.05030487804878048,-0.12336719883889691,-0.05981637479731314
2007-01-09,456434,69455,62589,258821,239927,001602,WHEAT - CHICAGO BOARD OF TRADE ,453.0,-0.041394812831647074,18894,3.4529638148156585,6866,-3.484389588504543,0.030402126925822257,0.11587804065311563,-0.12336719883889691,0.024282560706401668,-0.05783261209359096
2007-01-16,447758,65785,61080,250520,227800,001602,WHEAT - CHICAGO BOARD OF TRADE ,464.0,-0.05074169529075974,22720,0.838237291700443,4705,-0.4734528978998059,0.04270781067068072,0.04082292200370473,0.024282560706401668,0.0350215517241379,-0.05680600641014955
2007-01-23,457273,72144,61600,248041,229979,001602,WHEAT - CHICAGO BOARD OF TRADE ,480.25,-0.03949938002025048,18062,-1.040294087431157,10544,1.3040526355754671,0.009744362160579055,0.051434083024285204,0.0350215517241379,-0.04320666319625199,-0.05549375647202454
2007-01-30,452128,70145,68439,247579,219951,001602,WHEAT - CHICAGO BOARD OF TRADE ,459.5,-0.061106589284450424,27628,2.0919669431608687,1706,-1.9327622667421867,0.022437062862276216,0.06377359579749466,-0.04320666319625199,-0.018498367791077275,-0.05424580265103678
2007-02-06,454387,69735,72762,251032,220294,001602,WHEAT - CHICAGO BOARD OF TRADE ,451.0,-0.06764718180757812,30738,0.6878583056125699,-3027,-1.046827447094628,0.008053873539758045,0.03321473434528446,-0.018498367791077275,0.017738359201773912,-0.05310657746292287
2007-02-13,442793,73463,72110,240061,216214,001602,WHEAT - CHICAGO BOARD OF TRADE ,459.0,-0.05385586493011407,23847,-1.5165486688659666,1353,0.9639360280993955,0.03298668566105967,0.030087997087371973,0.017738359201773912,0.011982570806100323,-0.05241873564199802
2007-02-20,433225,76712,74874,234031,211211,001602,WHEAT - CHICAGO BOARD OF TRADE ,464.5,-0.05267470713832304,22820,-0.23193681923607645,1838,0.1095319935048657,0.024779782679980773,0.03966725159315504,0.011982570806100323,0.01237890204520986,-0.05246251495638977
2007-02-27,427668,86471,70707,226945,217994,001602,WHEAT - CHICAGO BOARD OF TRADE ,470.25,-0.020929786656939495,8951,-3.201338796237521,15764,3.214495931675226,0.031170564953847606,0.0886001857766354,0.01237890204520986,-0.02286018075491758,-0.0519069216754608
2007-03-06,401759,74071,70108,225528,206024,001602,WHEAT - CHICAGO BOARD OF TRADE ,459.5,-0.048546516692843225,19504,2.4675683006444253,3963,-2.7593834469728855,0.031020595432300162,0.09015876098460941,-0.02286018075491758,-0.007616974972796564,-0.05162019120417726
2007-03-13,401810,76061,70034,221311,201888,001602,WHEAT - CHICAGO BOARD OF TRADE ,456.0,-0.04833876707896767,19423,-0.020161340505128696,6027,0.5137408247232794,0.019737759304724253,0.014127793558985592,-0.007616974972796564,0.014802631578947345,-0.05156190713036493
2007-03-20,401654,78102,84442,217324,183818,001602,WHEAT - CHICAGO BOARD OF TRADE ,462.75,-0.08342005805992223,33506,3.504890371070904,-6340,-3.0778228515965256,0.054985516350818414,0.10119721429274535,0.014802631578947345,-0.018908698001080526,-0.052350700895047994
2007-03-27,409240,81399,88448,218683,184283,001602,WHEAT - CHICAGO BOARD OF TRADE ,454.0,-0.08405825432509041,34400,0.22257963321664917,-7049,-0.17652008943020608,0.004526436473548637,0.04299752129858049,-0.018908698001080526,-0.0770925110132159,-0.052901703740870935
2007-04-03,399702,72913,94325,222211,174127,001602,WHEAT - CHICAGO BOARD OF TRADE ,419.0,-0.12029962321929838,48084,3.3437591633271433,-21412,-3.5096764734630046,0.034526086320262,0.08588359104988101,-0.0770925110132159,0.09248210023866354,-0.05346255184230127
2007-04-10,386393,76696,91397,214393,174822,001602,WHEAT - CHICAGO BOARD OF TRADE ,457.75,-0.10241127556658636,39571,-2.1298367283626303,-14701,1.67900085563745,0.0218722300014131,0.03992432760436187,0.09248210023866354,0.04314582195521566,-0.053568166485291675
2007-04-17,371660,79073,79279,201275,176589,001602,WHEAT - CHICAGO BOARD OF TRADE ,477.5,-0.06642092234838293,24686,-3.852295460839094,-206,3.7513619553149256,0.03939247983401435,0.0915365767404264,0.04314582195521566,0.012565445026178068,-0.05284553838059085
2007-04-24,361987,81971,77278,202308,180518,001602,WHEAT - CHICAGO BOARD OF TRADE ,483.5,-0.06019553188374168,21790,-0.7792068019157294,4693,1.318140235699295,0.012961502092334376,0.03076314450954166,0.012565445026178068,0.010341261633919352,-0.05245185877008486
2007-05-01,359274,87239,85022,200416,181227,001602,WHEAT - CHICAGO BOARD OF TRADE ,488.5,-0.05341048893045419,19189,-0.718534091003268,2217,-0.6840024641768903,0.006815269767819664,0.0755365404821753,0.010341261633919352,-0.03991811668372569,-0.05196584135418447
2007-05-08,360386,82235,79798,201917,181295,001602,WHEAT - CHICAGO BOARD OF TRADE ,469.0,-0.05722197865621861,20622,0.3988599230670742,2437,0.06123460088957174,0.004094339425696481,0.06312294409163566,-0.03991811668372569,0.07036247334754808,-0.051038450851532705
2007-05-15,367368,83338,81622,203327,182870,001602,WHEAT - CHICAGO BOARD OF TRADE ,502.0,-0.05568530737571046,20457,-0.0457842424511496,1716,-0.20006326549865974,0.007729215918300764,0.017743695441319107,0.07036247334754808,-0.06175298804780871,-0.050116555898243514
2007-05-22,360226,78268,83757,203824,172855,001602,WHEAT - CHICAGO BOARD OF TRADE ,471.0,-0.08597102929827387,30969,2.861435944339191,-5489,-1.961248666187583,0.027907050831078983,0.04446844622743404,-0.06175298804780871,0.0424628450106157,-0.05044366795966686
2007-05-29,365469,82098,82294,202580,177177,001602,WHEAT - CHICAGO BOARD OF TRADE ,491.0,-0.06950794732248153,25403,-1.5451411058613205,-196,1.4693553491419276,0.014656741021231998,0.032197430531899364,0.0424628450106157,0.07382892057026469,-0.05126070678899805
2007-06-05,397362,93920,79849,209544,199009,001602,WHEAT - CHICAGO BOARD OF TRADE ,527.25,-0.02651234894126766,10535,-4.068197302644,14071,3.903751070542235,0.07048289940350456,0.08210325201848431,0.07382892057026469,0.07159791370317681,-0.05115879957366364
2007-06-12,391842,95772,72068,200125,198434,001602,WHEAT - CHICAGO BOARD OF TRADE ,565.0,-0.004315514926934836,1691,-2.2256783487097405,23704,2.424237848611593,0.02507533389033995,0.057393946615824594,0.07159791370317681,0.02831858407079646,-0.050829834831735234
2007-06-19,410943,107300,74264,206514,215436,001602,WHEAT - CHICAGO BOARD OF TRADE ,581.0,0.021711040217256408,-8922,-2.708489646337044,33036,2.381572164290709,0.05543547813722005,0.07558767156484766,0.02831858407079646,0.047332185886402645,-0.049762582648119245
2007-06-26,409730,108401,74399,208566,217612,001602,WHEAT - CHICAGO BOARD OF TRADE ,608.5,0.022077953774436825,-9046,-0.03017450108652538,34002,0.23506909717406063,0.009920737344489861,0.006761487964989059,0.047332185886402645,-0.06080525883319643,-0.04834818271342422
2007-07-03,388011,99001,80129,203489,198775,001602,WHEAT - CHICAGO BOARD OF TRADE ,571.5,-0.012149140101698147,4714,3.3583091304029487,18872,-3.6926756644619627,0.05944852136905117,0.08446379724222632,-0.06080525883319643,0.035870516185476875,-0.047294689040574774
2007-07-10,399301,100329,78560,203190,201432,001602,WHEAT - CHICAGO BOARD OF TRADE ,592.0,-0.004402693707253425,1758,-0.7618340717144617,21769,0.7466283172384288,0.0073055839771441,0.016194399879254733,0.035870516185476875,0.015625,-0.04618174639908049
2007-07-17,414072,103836,82040,206233,201675,001602,WHEAT - CHICAGO BOARD OF TRADE ,601.25,-0.011007747444888812,4558,0.7012253913714216,21796,0.006761816273938707,0.008055738058581837,0.0375895758462631,0.015625,0.06777546777546783,-0.04540390016625651
2007-07-24,426140,106516,83303,210310,205544,001602,WHEAT - CHICAGO BOARD OF TRADE ,642.0,-0.011184117895527292,4766,0.05023280975289322,23213,0.342211016441585,0.01910766759487705,0.020772420042250776,0.06777546777546783,-0.01869158878504673,-0.044865752483925256
2007-07-31,437581,107746,84807,211077,207453,001602,WHEAT - CHICAGO BOARD OF TRADE ,630.0,-0.008281895237681709,3624,-0.26798704651053645,22939,-0.06429811798939317,0.006393806895563042,0.014198688153391533,-0.01869158878504673,0.051587301587301626,-0.04446974547167712
2007-08-07,427074,116895,84691,205001,205357,001602,WHEAT - CHICAGO BOARD OF TRADE ,662.5,0.0008335791923647892,-356,-0.9095458897895475,32204,2.11732227861813,0.019914318716827747,0.045960532973519985,0.051587301587301626,0.04528301886792452,-0.04342497697243375
2007-08-14,409900,113322,78958,201621,202787,001602,WHEAT - CHICAGO BOARD OF TRADE ,692.5,0.0028445962429860944,-1166,-0.1896626814088425,34364,0.50576715042358,0.01471286423611798,0.04839816933638444,0.04528301886792452,-0.0014440433212996595,-0.04238931177486593
2007-08-21,393193,104347,78385,194704,190856,001602,WHEAT - CHICAGO BOARD OF TRADE ,691.5,-0.009786542486768584,3848,1.2232251768724078,25962,-2.0497682361551597,0.04888473908081751,0.05225138454129545,-0.0014440433212996595,0.041937816341287126,-0.04114429122613593
2007-08-28,379304,99311,71335,193836,189679,001602,WHEAT - CHICAGO BOARD OF TRADE ,720.5,-0.010959546959694599,4157,0.07858736040570406,27976,0.5122166467866925,0.005332255583223602,0.07082498271275037,0.041937816341287126,0.12005551700208184,-0.03916702503757779
2007-09-04,370005,99970,68069,190451,190140,001602,WHEAT - CHICAGO BOARD OF TRADE ,807.0,-0.0008405291820380806,311,-1.0139624153713116,31901,1.034790036487883,0.010105336174528563,0.02335767292116711,0.12005551700208184,0.07930607187112759,-0.03688587033324207
2007-09-11,373657,94507,72932,201548,190170,001602,WHEAT - CHICAGO BOARD OF TRADE ,871.0,-0.030450386316862792,11378,2.991040661612681,21575,-2.7907730976608427,0.02840563875032549,0.061670220199595074,0.07930607187112759,-0.0022962112514350874,-0.0357649253114721
2007-09-18,376948,95529,73059,196538,187970,001602,WHEAT - CHICAGO BOARD OF TRADE ,869.0,-0.02272992561308191,8568,-0.7520265912320657,22470,0.23952448368423448,0.018751235344908298,0.00681543170332408,-0.0022962112514350874,0.02100115074798614,-0.0344907545781185
2007-09-25,387320,98075,69028,196070,189294,001602,WHEAT - CHICAGO BOARD OF TRADE ,887.25,-0.017494578126613654,6776,-0.47539713700563474,29047,1.74480299669981,0.004650148950083558,0.03935895824730855,0.02100115074798614,0.03972950126796282,-0.032809375791814414
2007-10-02,398387,96619,82732,200617,183893,001602,WHEAT - CHICAGO BOARD OF TRADE ,922.5,-0.04197928145245703,16724,2.5684188784467623,13887,-3.9140762160487452,0.02587188889755793,0.08452698897692235,0.03972950126796282,-0.08346883468834687,-0.031959687028750475
2007-10-09,400439,94597,84012,200794,180372,001602,WHEAT - CHICAGO BOARD OF TRADE ,845.5,-0.05099902856614865,20422,0.9282431404639209,10585,-0.8288423066013701,0.009701809710205003,0.01848731026991921,-0.08346883468834687,-0.020106445890005875,-0.03200094460255772
2007-10-16,401694,91625,81031,201531,179077,001602,WHEAT - CHICAGO BOARD OF TRADE ,828.5,-0.055898270823064325,22454,0.5074430812183628,10594,0.0022475333321679454,0.005338826298974273,0.03447896395144102,-0.020106445890005875,0.015087507543753764,-0.03228277473760564
2007-10-23,413257,95881,83212,203899,178321,001602,WHEAT - CHICAGO BOARD OF TRADE ,841.0,-0.06189368843116995,25578,0.7777064133395072,12669,0.5165623584121246,0.008173303333158913,0.03594221996392936,0.015087507543753764,-0.03210463733650415,-0.033075420806811404
2007-10-30,423208,93548,85722,203514,179655,001602,WHEAT - CHICAGO BOARD OF TRADE ,814.0,-0.056376533524886106,23859,-0.4159639159167298,7826,-1.1719099736967553,0.004486271070989563,0.0270151168628326,-0.03210463733650415,-0.020884520884520863,-0.0340402258666344
2007-11-06,422390,96835,88491,203124,177460,001602,WHEAT - CHICAGO BOARD OF TRADE ,797.0,-0.06075901418120694,25664,0.42650422487287576,8344,0.12239844237349011,0.006792193050680007,0.03267755198946721,-0.020884520884520863,-0.06148055207026348,-0.035060551071988966
2007-11-13,417853,95344,89300,209366,181952,001602,WHEAT - CHICAGO BOARD OF TRADE ,748.0,-0.06560680430677775,27414,0.4143090508771515,6044,-0.5445204668671133,0.027430376317981797,0.01245640259093174,-0.06148055207026348,0.03409090909090917,-0.036155172122504464
2007-11-20,405465,83211,79226,207182,178710,001602,WHEAT - CHICAGO BOARD OF TRADE ,773.5,-0.07022061090353052,28472,0.2531990915465487,3985,-0.49275702220637396,0.014060928964580763,0.13671146352124208,0.03409090909090917,0.07175177763413054,-0.03735248100526106
2007-11-27,408228,87604,77064,209414,191581,001602,WHEAT - CHICAGO BOARD OF TRADE ,829.0,-0.04368392173001362,17833,-2.6239009532265425,10540,1.6166623506344568,0.0376638112694672,0.03980736998080987,0.07175177763413054,0.055488540410132625,-0.03812977037501745
2007-12-04,408771,93698,82742,209913,194184,001602,WHEAT - CHICAGO BOARD OF TRADE ,875.0,-0.03847875705468343,15729,-0.5153982578363071,10956,0.10190383805128507,0.007676374731809442,0.06671956472455226,0.055488540410132625,0.021714285714285797,-0.03886919227004958
2007-12-11,424629,99191,89411,215048,200334,001602,WHEAT - CHICAGO BOARD OF TRADE ,894.0,-0.03465142512640446,14714,-0.24830528584464162,9780,-0.2876916415303434,0.027167763648882234,0.06448500015906512,0.021714285714285797,0.06487695749440725,-0.039781956036810416
2007-12-18,426270,93857,87957,221481,203838,001602,WHEAT - CHICAGO BOARD OF TRADE ,952.0,-0.04138926032796115,17643,0.6897786067367043,5900,-0.9137388167082323,0.023363639997272635,0.03733485870175014,0.06487695749440725,-0.04674369747899154,-0.04036405446368149
2008-01-08,441651,96696,81906,223466,217476,001602,WHEAT - CHICAGO BOARD OF TRADE ,907.5,-0.013562745244548298,5990,-2.7337133741525323,14790,2.0855326436296244,0.03543096370951281,0.0497754784380914,-0.04674369747899154,0.026997245179063434,-0.040191946210577686
2008-01-15,448274,110631,81882,208982,214634,001602,WHEAT - CHICAGO BOARD OF TRADE ,932.0,0.012608360065495657,-5652,-2.636018032337751,28749,3.160640415169444,0.04090024928236894,0.07250938897632887,0.026997245179063434,0.0021459227467810482,-0.039786086496897265
2008-01-22,451429,101943,77787,217499,221478,001602,WHEAT - CHICAGO BOARD OF TRADE ,934.0,0.00881423213838721,-3979,0.3732092425614691,24156,-1.024596563708803,0.0349927217143495,0.07112335169420798,0.0021459227467810482,0.010706638115631772,-0.038820527939781226
2008-01-29,454860,97831,78730,220923,218172,001602,WHEAT - CHICAGO BOARD OF TRADE ,944.0,-0.006048014773776546,2751,1.4908213694733834,19101,-1.1197774179328313,0.015326979355264806,0.028630331726712015,0.010706638115631772,0.0625,-0.03796103408368539
2008-02-05,462934,100606,75905,221126,216725,001602,WHEAT - CHICAGO BOARD OF TRADE ,1003.0,-0.009506754742576696,4401,0.3627489777074265,24701,1.2311480455524777,0.003768405233743899,0.03172606806374673,0.0625,0.003988035892322994,-0.03738425282834552
2008-02-12,449237,104265,84548,218258,216916,001602,WHEAT - CHICAGO BOARD OF TRADE ,1007.0,-0.0029872873338571844,1342,-0.660785338730791,19717,-1.0766113528062315,0.007029372159182304,0.06515441203730675,0.003988035892322994,0.028798411122145096,-0.03626657394468026
2008-02-19,437456,103601,83493,214061,213268,001602,WHEAT - CHICAGO BOARD OF TRADE ,1036.0,-0.001812753739804689,793,-0.12220720911233936,20108,0.08703646404904315,0.018358220481174928,0.009187894854992678,0.028798411122145096,0.15781853281853286,-0.03500052725106923
2008-02-26,426889,102564,72040,211669,219811,001602,WHEAT - CHICAGO BOARD OF TRADE ,1199.5,0.0190728737446971,-8142,-2.0424911305365567,30524,2.3810394645404336,0.020707796421618616,0.07153329820622666,0.15781853281853286,-0.10170904543559811,-0.03359805150732286
2008-03-04,397308,95174,69405,200641,210147,001602,WHEAT - CHICAGO BOARD OF TRADE ,1077.5,0.023926022128927683,-9506,-0.31952099960411257,25769,-1.1138726929014333,0.050371481153295615,0.06091299619027944,-0.10170904543559811,0.15081206496519717,-0.03212496055987573
2008-03-11,408559,92551,64754,211310,219908,001602,WHEAT - CHICAGO BOARD OF TRADE ,1240.0,0.021044696114881817,-8598,0.22853806115154993,27797,0.5104352290917877,0.04737742858600522,0.046241378214297066,0.15081206496519717,-0.06129032258064515,-0.03131775896810994
2008-03-18,406703,93139,64480,209984,220949,001602,WHEAT - CHICAGO BOARD OF TRADE ,1164.0,0.02696070596971254,-10965,-0.5793532880196006,28659,0.21098543906755204,0.005492733209106752,0.00546888382745735,-0.06129032258064515,-0.08290378006872856,-0.02986569699383002
2008-03-25,393930,91859,60860,202268,214056,001602,WHEAT - CHICAGO BOARD OF TRADE ,1067.5,0.029924098190033763,-11788,-0.20235896956747307,30999,0.5753584310909927,0.03509045839298239,0.032085071274694045,-0.08290378006872856,-0.1615925058548009,-0.02836064189250307
2008-04-01,380186,93078,62006,195173,208576,001602,WHEAT - CHICAGO BOARD OF TRADE ,895.0,0.03525379682576423,-13403,-0.40997131470058135,31072,0.018531211128880766,0.031145587976688486,0.01524980010832839,-0.1615925058548009,0.043575418994413306,-0.026078452375470636
2008-04-08,378560,89544,61773,201446,210762,001602,WHEAT - CHICAGO BOARD OF TRADE ,934.0,0.024609044801352495,-9316,1.0750001315145745,27771,-0.8682592204868143,0.0205211931840236,0.02489475736368022,0.043575418994413306,-0.04095289079229125,-0.02398869662303904
2008-04-15,379563,92002,66997,203628,209299,001602,WHEAT - CHICAGO BOARD OF TRADE ,895.75,0.01494086620666398,-5671,0.9628592561284869,25005,-0.7306635672020287,0.008827226119871067,0.04831476927527846,-0.04095289079229125,-0.04912084845101872,-0.021387917980232075
2008-04-22,369369,93207,67383,196731,203066,001602,WHEAT - CHICAGO BOARD OF TRADE ,851.75,0.017150870809407394,-6335,-0.17493802082921675,25824,0.2157744564143502,0.032841667146076635,0.009907217136808021,-0.04912084845101872,-0.06780158497211619,-0.019088645934539884
2008-04-29,365119,88013,68494,197347,196768,001602,WHEAT - CHICAGO BOARD OF TRADE ,794.0,-0.0015857843607152736,579,1.8718408962311404,19519,-1.706965121599268,0.0175431029014374,0.040285738018107815,-0.06780158497211619,0.015113350125944613,-0.017841816357853972
2008-05-06,366596,91441,78390,200315,194653,001602,WHEAT - CHICAGO BOARD OF TRADE ,806.0,-0.015444794815000709,5662,1.3921488610562585,13051,-1.7714772444052487,0.012869397014441676,0.0784544635549458,0.015113350125944613,-0.025434243176178706,-0.016981225260378183
2008-05-13,362266,88463,82380,199400,186374,001602,WHEAT - CHICAGO BOARD OF TRADE ,785.5,-0.0359570039694589,13026,2.0087507774225575,6083,-1.9007299588647992,0.02383260665571034,0.04078598479305561,-0.025434243176178706,-0.0019096117122852085,-0.01664558131882058
2008-05-20,369030,91522,85292,203305,188975,001602,WHEAT - CHICAGO BOARD OF TRADE ,784.0,-0.03883153131181747,14330,0.3599564960553847,6230,0.04057791788354413,0.01658509228102376,0.033769950343298605,-0.0019096117122852085,-0.03188775510204078,-0.01629191886988979
2008-05-27,358385,83146,84107,202290,178110,001602,WHEAT - CHICAGO BOARD OF TRADE ,759.0,-0.06746934162981151,24180,2.6691596889141804,-961,-1.9486220632468905,0.031230283911671923,0.05716489390324837,-0.03188775510204078,-0.011198945981554687,-0.016518534913237883
2008-06-03,367197,84981,82978,200579,178740,001602,WHEAT - CHICAGO BOARD OF TRADE ,750.5,-0.05947488677739742,21839,-0.6532081420818393,2003,0.8270435425589799,0.006171586448345588,0.01764716389118773,-0.011198945981554687,0.07794803464357103,-0.016008993710913338
2008-06-10,360132,87470,89852,193745,167057,001602,WHEAT - CHICAGO BOARD OF TRADE ,809.0,-0.07410616107427277,26688,1.320544557825908,-2382,-1.1941818696775846,0.051321777595467875,0.05280224676013129,0.07794803464357103,0.11032138442521622,-0.016097420898447786
2008-06-17,362126,83236,85643,194200,170893,001602,WHEAT - CHICAGO BOARD OF TRADE ,898.25,-0.06436157580510651,23307,-0.9388224317750158,-2407,-0.006941899081447913,0.011753169740312742,0.04999437467062216,0.11032138442521622,-0.03145004174784305,-0.016825290645829303
2008-06-24,349615,80453,76863,191393,172749,001602,WHEAT - CHICAGO BOARD OF TRADE ,870.0,-0.05332723138309283,18644,-1.287673351264477,3590,1.6560534178711277,0.012805444030076179,0.07350174171730783,-0.03145004174784305,-0.02327586206896548,-0.01776782365460157
2008-07-01,340835,79201,73377,188310,171781,001602,WHEAT - CHICAGO BOARD OF TRADE ,849.75,-0.04849560637845292,16529,-0.6049511605623329,5824,0.6389886017476367,0.011249934044449876,0.031052969628648952,-0.02327586206896548,-0.031185642836128236,-0.01911795147374983
2008-07-08,329197,73359,79542,189229,162212,001602,WHEAT - CHICAGO BOARD OF TRADE ,823.25,-0.08206939917435456,27017,3.0771487669986946,-6183,-3.5228189593204924,0.029842847021263882,0.07852793637713291,-0.031185642836128236,-0.014880048587913808,-0.02112078518430351
2008-07-15,331716,76798,82143,188433,160799,001602,WHEAT - CHICAGO BOARD OF TRADE ,811.0,-0.08330620169060281,27634,0.18742576633444413,-5345,0.25455882040237304,0.006325308104641041,0.038001522577560225,-0.014880048587913808,-0.017570900123304534,-0.022489190214859366
2008-07-22,331426,80439,77439,185122,163997,001602,WHEAT - CHICAGO BOARD OF TRADE ,796.75,-0.06373971867023107,21125,-1.9622206948112242,3000,2.515706206514006,0.018644072651445496,0.052857269537237614,-0.017570900123304534,-0.005961719485409467,-0.023630286848762783
2008-07-29,329028,76830,74763,181767,158671,001602,WHEAT - CHICAGO BOARD OF TRADE ,792.0,-0.07019463389134055,23096,0.594702889936215,2067,-0.28151080482520985,0.025499503580681357,0.04145969800716392,-0.005961719485409467,-0.015151515151515138,-0.02476849620350224
2008-08-05,340475,79193,73158,182701,162128,001602,WHEAT - CHICAGO BOARD OF TRADE ,780.0,-0.060424407078346426,20573,-0.7668040409934717,6035,1.2059763910670216,0.012733847791224056,0.0260451194938005,-0.015151515151515138,0.013141025641025594,-0.025715424841633378
2008-08-12,335655,77049,71476,176202,156159,001602,WHEAT - CHICAGO BOARD OF TRADE ,790.25,-0.05971309827054565,20043,-0.15566487994713268,5573,-0.13569278214259492,0.03751342666558351,0.025759973068506987,0.013141025641025594,0.06959822840873131,-0.02670448643841922
2008-08-19,328791,73075,66417,173693,156993,001602,WHEAT - CHICAGO BOARD OF TRADE ,845.25,-0.050792144553835114,16700,-0.9959631168908553,6658,0.32324857368428894,0.010109287965018175,0.06475640180082012,0.06959822840873131,-0.017450458444247308,-0.027697288818153833
2008-08-26,324919,70032,63600,177295,161831,001602,WHEAT - CHICAGO BOARD OF TRADE ,830.5,-0.04759340020128094,15464,-0.3759226986140131,6432,-0.06873667466566907,0.02488750493916715,0.04385177203065134,-0.017450458444247308,-0.10385310054184227,-0.028667250288235895
2008-09-02,299301,71705,70720,164036,141841,001602,WHEAT - CHICAGO BOARD OF TRADE ,744.25,-0.07415611708614404,22195,2.0715932278506335,985,-1.67641781490156,0.10870055610588569,0.06173775671406003,-0.10385310054184227,-0.04400403090359417,-0.029905126722839268
2008-09-09,293311,70030,73671,162769,134135,001602,WHEAT - CHICAGO BOARD OF TRADE ,711.5,-0.09762334177715803,28634,2.1513459694421333,-3641,-1.545601250914631,0.03022188990380729,0.03219184278467095,-0.04400403090359417,-0.03021784961349261,-0.03157173816163664
2008-09-16,302474,70577,81353,162957,126360,001602,WHEAT - CHICAGO BOARD OF TRADE ,690.0,-0.1209922175129102,36597,2.7148657909181724,-10776,-2.432571570790049,0.02752344314367977,0.05416310142828935,-0.03021784961349261,0.08768115942028976,-0.033882347552614954
2008-09-23,292219,69405,78600,161303,128604,001602,WHEAT - CHICAGO BOARD OF TRADE ,750.5,-0.1118989524979553,32699,-1.2887058061188732,-9195,0.5226895534822829,0.013445691204420728,0.0265193743454613,0.08768115942028976,-0.09393737508327782,-0.03544866613302058
2008-09-30,287417,66162,74731,157218,122754,001602,WHEAT - CHICAGO BOARD OF TRADE ,680.0,-0.11990939993111055,34464,0.6039990555028933,-8569,0.21422289447298087,0.035485691426285486,0.05047802232900144,-0.09393737508327782,-0.11286764705882357,-0.03731750217759805
2008-10-07,282510,67187,79704,152010,114723,001602,WHEAT - CHICAGO BOARD OF TRADE ,603.25,-0.13198470850589358,37287,0.9821965993660778,-12517,-1.373613947678808,0.049633903566487836,0.040832998618022885,-0.11286764705882357,-0.05014504765851635,-0.03951923545412266
2008-10-14,276915,65437,79575,147279,111314,001602,WHEAT - CHICAGO BOARD OF TRADE ,573.0,-0.12987739920192118,35965,-0.4679480372376199,-14138,-0.5737849987611058,0.031478036915152385,0.012957548340826967,-0.05014504765851635,-0.041884816753926746,-0.04120958387238159
2008-10-21,276812,65777,82787,142927,104487,001602,WHEAT - CHICAGO BOARD OF TRADE ,549.0,-0.138866812132422,38440,0.8937760684686636,-17010,-1.0371413610674756,0.045183376850137826,0.023908887752079912,-0.041884816753926746,-0.063752276867031,-0.04289934894096377
2008-10-28,273500,64716,77860,136309,105651,001602,WHEAT - CHICAGO BOARD OF TRADE ,514.0,-0.11209506398537478,30658,-2.811294308050229,-13144,1.3966157536522983,0.03216234088279055,0.04199865334979239,-0.063752276867031,0.11381322957198448,-0.043980056501777436
2008-11-04,282821,69907,71173,130867,110126,001602,WHEAT - CHICAGO BOARD OF TRADE ,572.5,-0.07333613840556394,20741,-3.625959780621572,-1266,4.342961608775138,0.041150572838215216,0.08419336546640205,0.11381322957198448,-0.08602620087336244,-0.04420010361666962
2008-11-11,286660,66645,74914,132168,102777,001602,WHEAT - CHICAGO BOARD OF TRADE ,523.25,-0.10252912858438569,29391,3.058471612786886,-8269,-2.4761244744909323,0.03681712741279874,0.049470538785947905,-0.08602620087336244,0.012422360248447228,-0.045087653521660005
2008-11-18,297518,68830,68897,140226,117548,001602,WHEAT - CHICAGO BOARD OF TRADE ,529.75,-0.07622395955874939,22678,-2.341798646480151,-67,2.861229330914673,0.08856207375452917,0.05955259317345183,0.012422360248447228,0.008022652194431323,-0.04538505631738196
2008-11-25,266639,56183,61395,137093,112835,001602,WHEAT - CHICAGO BOARD OF TRADE ,534.0,-0.09097693885740646,24258,0.5310603055949557,-5212,-1.7293071343582573,0.03139304119586441,0.1713670924832877,0.008022652194431323,-0.045411985018726564,-0.04587294352027868
2008-12-02,254483,53407,68392,141549,105280,001602,WHEAT - CHICAGO BOARD OF TRADE ,509.75,-0.14252032552272648,36269,4.504592351456464,-14985,-3.665255270234287,0.048661218900534375,0.08023875401275872,-0.045411985018726564,-0.07356547327121132,-0.0472633226475709
2008-12-09,252104,55151,72830,139194,98756,001602,WHEAT - CHICAGO BOARD OF TRADE ,472.25,-0.16040205629422777,40438,1.6382233783789095,-17679,-1.058616882070708,0.037314561882748475,0.04830404513169924,-0.07356547327121132,0.1519322392800424,-0.049507902158421185
2008-12-16,254224,57815,64474,137486,110789,001602,WHEAT - CHICAGO BOARD OF TRADE ,544.0,-0.10501368871546353,26697,-5.450528353377971,-6659,4.371211880811094,0.05534588661766187,0.09011440113174529,0.1519322392800424,0.11167279411764697,-0.050787420074974644
2008-12-30,247329,58888,63690,138624,114445,001602,WHEAT - CHICAGO BOARD OF TRADE ,604.75,-0.09776047289238221,24179,-0.9904651016426458,-4802,0.7304581786141355,0.018943450205279985,0.015149537437386807,0.11167279411764697,0.06407606448945846,-0.05200105560893575
2009-01-06,261745,61496,66376,143998,120540,001602,WHEAT - CHICAGO BOARD OF TRADE ,643.5,-0.08962157825364381,23458,-0.291514541359889,-4880,-0.03153694067416275,0.04335482992991555,0.04140077577577578,0.06407606448945846,-0.11305361305361306,-0.05292860018442965
2009-01-13,266099,60994,70040,145553,116215,001602,WHEAT - CHICAGO BOARD OF TRADE ,570.75,-0.11025219936940762,29338,2.246461250453686,-9046,-1.5916254369710978,0.022462638672412213,0.03179327502785537,-0.11305361305361306,-0.036355672360928626,-0.05478801276375386
2009-01-20,271392,58496,75359,150694,111021,001602,WHEAT - CHICAGO BOARD OF TRADE ,550.0,-0.14618338049758284,39673,3.8838928368765004,-16863,-2.937628476619604,0.03948952104388361,0.05839901385827948,-0.036355672360928626,0.06318181818181823,-0.057841700082274614
2009-01-27,278873,59586,72052,147916,115120,001602,WHEAT - CHICAGO BOARD OF TRADE ,584.75,-0.11760191915316291,32796,-2.533972998467162,-12466,1.6201656644263647,0.026144710229778434,0.033402209088561056,0.06318181818181823,-0.05515177426250539,-0.060272779914804425
2009-02-03,283752,58975,69066,149108,116872,001602,WHEAT - CHICAGO BOARD OF TRADE ,552.5,-0.11360624770926725,32236,-0.2008082532192073,-10091,0.8516421453493166,0.011068501391082036,0.02809256410056154,-0.05515177426250539,0.0063348416289592535,-0.06234120747125616
2009-02-10,305491,61096,75931,146728,111287,001602,WHEAT - CHICAGO BOARD OF TRADE ,556.0,-0.11601323770585713,35441,1.1295074572161607,-14835,-1.6718824889339987,0.03087029823847451,0.06557831668211374,0.0063348416289592535,-0.07284172661870503,-0.06438940906670386
2009-02-17,312379,60446,77701,149693,111703,001602,WHEAT - CHICAGO BOARD OF TRADE ,515.5,-0.1216150893626012,37990,0.8343944666127643,-17255,-0.7921673633593134,0.012934398384060965,0.017517571861857296,-0.07284172661870503,-0.0004849660523763566,-0.06667071295187202
2009-02-24,291739,60294,72034,149035,115689,001602,WHEAT - CHICAGO BOARD OF TRADE ,515.25,-0.11430079625967046,33346,-1.4866556330611214,-11740,1.76548359524808,0.0175427992928484,0.04397406444592225,-0.0004849660523763566,-0.048520135856380375,-0.06883394453879252
2009-03-03,280732,60344,78995,146602,109642,001602,WHEAT - CHICAGO BOARD OF TRADE ,490.25,-0.13165581408603222,36960,1.2387784972184042,-18651,-2.368898227525288,0.03309345779803625,0.05031613546817474,-0.048520135856380375,0.0662927078021418,-0.07173257315092194
2009-03-10,283343,62666,77628,145875,113543,001602,WHEAT - CHICAGO BOARD OF TRADE ,522.75,-0.1141090480442432,32332,-1.648547369020988,-14962,1.3140646595329353,0.017839934006121393,0.026294780959984033,0.0662927078021418,0.05691056910569103,-0.07438709373117522
2009-03-17,292886,65958,72172,145307,121573,001602,WHEAT - CHICAGO BOARD OF TRADE ,552.5,-0.0810349419227959,23734,-3.0344847058159194,-6214,3.0874240761197562,0.03221672661870503,0.06333164410338088,0.05691056910569103,-0.03167420814479638,-0.07635016369343825
2009-03-24,297464,66258,68616,143485,123241,001602,WHEAT - CHICAGO BOARD OF TRADE ,535.0,-0.06805529408600705,20244,-1.1915899018730838,-2358,1.316553198172668,0.013084588679018919,0.028589646633153908,-0.03167420814479638,-0.0042056074766355644,-0.07817739446374053
2009-03-31,314959,65390,77054,149318,119390,001602,WHEAT - CHICAGO BOARD OF TRADE ,532.75,-0.09502189173828975,29928,3.255519995696958,-11664,-3.128445795121426,0.03603912053232505,0.06533093707000646,-0.0042056074766355644,0.01313937118723607,-0.08058020196236217
2009-04-07,315317,67766,74271,153526,130537,001602,WHEAT - CHICAGO BOARD OF TRADE ,539.75,-0.07290758189377673,22989,-2.2031439012696894,-6505,1.637990976603304,0.054054910354393214,0.036321521856980926,0.01313937118723607,-0.03242241778601207,-0.08266022847619947
2009-04-14,310601,67401,75997,151109,123121,001602,WHEAT - CHICAGO BOARD OF TRADE ,522.25,-0.09010917543729736,27988,1.5853886723519506,-8596,-0.6631421712118282,0.03585676257156402,0.014581793330450912,-0.03242241778601207,-0.02441359502154139,-0.08486634809617352
2009-04-21,310657,65597,86138,153935,115027,001602,WHEAT - CHICAGO BOARD OF TRADE ,509.5,-0.12524424043237398,38908,3.5157645983110166,-20541,-3.8457699749839827,0.040600530930019856,0.07872277325600553,-0.02441359502154139,0.001962708537782243,-0.08756221553153963
2009-04-28,304001,68169,85114,151359,116250,001602,WHEAT - CHICAGO BOARD OF TRADE ,510.5,-0.11548975167844842,35109,-1.2228921286177359,-16945,1.157546747699231,0.01419608458609389,0.023459874871968843,0.001962708537782243,0.06072477962781586,-0.09011299673322917
2009-05-05,287498,77091,80871,146085,126078,001602,WHEAT - CHICAGO BOARD OF TRADE ,541.5,-0.06959004932208224,20007,-4.967746816622314,-3780,4.3305778599412506,0.055488806340318116,0.08334282928805663,0.06072477962781586,0.07571560480147732,-0.0914207710594093
2009-05-12,299792,83667,78565,147777,137621,001602,WHEAT - CHICAGO BOARD OF TRADE ,582.5,-0.03387682126274217,10156,-3.426458618842566,5102,3.089412795915102,0.04637383583627075,0.0547487548695695,0.07571560480147732,0.010729613733905685,-0.09177523310648124
2009-05-19,300924,83218,77000,151522,142803,001602,WHEAT - CHICAGO BOARD OF TRADE ,588.75,-0.028974093126503703,8719,-0.47933233708704703,6218,0.37225809894860434,0.03033041705597554,0.012570372866968755,0.010729613733905685,0.0394904458598726,-0.09164094635950135
2009-05-26,313995,87795,78124,156963,153310,001602,WHEAT - CHICAGO BOARD OF TRADE ,612.0,-0.0116339432156563,3653,-1.6834815435126476,9671,1.1474658053196156,0.05139989622042524,0.03436013958618362,0.0394904458598726,0.09395424836601318,-0.09111791581919054
2009-06-02,346018,100134,84588,165873,167191,001602,WHEAT - CHICAGO BOARD OF TRADE ,669.5,0.003809050396222162,-1318,-1.5831462284431281,15546,1.8710489020525805,0.06842829005836716,0.10179079914682604,0.09395424836601318,-0.08327109783420461,-0.0897471775109976
2009-06-09,341840,86529,79056,165116,161527,001602,WHEAT - CHICAGO BOARD OF TRADE ,613.75,-0.010499063889538966,3589,1.4181343167118474,7473,-2.333115618262634,0.019657546618173358,0.11557206268683758,-0.08327109783420461,-0.07820773930753566,-0.08880533476315416
2009-06-16,341296,79974,79219,166580,153756,001602,WHEAT - CHICAGO BOARD OF TRADE ,565.75,-0.03757442220242839,12824,2.70155628364147,755,-1.9652468991340977,0.028829104440337646,0.042200348005251485,-0.07820773930753566,-0.03358373840035356,-0.088102801323311
2009-06-23,335744,73757,79170,165650,146314,001602,WHEAT - CHICAGO BOARD OF TRADE ,546.75,-0.05759149828440717,19336,1.9080211898176362,-5413,-1.8072289156626504,0.026836429844469233,0.04097379795588745,-0.03358373840035356,-0.06492912665752171,-0.087972607524836
2009-06-30,312061,77751,87256,162162,133226,001602,WHEAT - CHICAGO BOARD OF TRADE ,511.25,-0.0927254607272296,28936,2.85932138772398,-9505,-1.2187857415173464,0.05611602367056211,0.0732090153751053,-0.06492912665752171,-0.05378973105134477,-0.08873026578145402
2009-07-07,314571,72566,96116,167235,127092,001602,WHEAT - CHICAGO BOARD OF TRADE ,483.75,-0.12761189047941482,40143,3.591285037220287,-23550,-4.500722615129734,0.038076697007070365,0.08326318160799612,-0.05378973105134477,0.037209302325581506,-0.0902517327833956
2009-07-14,310916,69953,95366,165392,124069,001602,WHEAT - CHICAGO BOARD OF TRADE ,501.75,-0.13290728042300815,41323,0.3751140442062364,-25413,-0.5922351392849309,0.016810554789764426,0.02034248936903804,0.037209302325581506,0.06576980568011948,-0.09122938434586972
2009-07-21,318042,75811,97160,163303,124732,001602,WHEAT - CHICAGO BOARD OF TRADE ,534.75,-0.12127643518780538,38571,-0.8851265293519792,-21349,1.3071054561360624,0.009554394431232316,0.04423862959686884,0.06576980568011948,-0.03459560542309492,-0.09195958114389284
2009-07-28,323218,75520,97612,165541,125406,001602,WHEAT - CHICAGO BOARD OF TRADE ,516.25,-0.1241731586730937,40135,0.4917589500757762,-22092,-0.23361694367410596,0.010008695741836143,0.004291523230829656,-0.03459560542309492,0.050363196125907894,-0.09312176268240943
2009-08-04,322431,75933,97574,166518,130979,001602,WHEAT - CHICAGO BOARD OF TRADE ,542.25,-0.11022203200064509,35539,-1.4219505101819823,-21641,0.13953430811402828,0.02201702874314699,0.002599318759473681,0.050363196125907894,-0.10511756569847852,-0.09389152033835758
2009-08-11,324507,76542,103170,172226,126183,001602,WHEAT - CHICAGO BOARD OF TRADE ,485.25,-0.14188599937751728,46043,3.257751270814531,-26628,-1.5466875083351166,0.03520001072353716,0.034527466168091166,-0.10511756569847852,-0.030396702730551284,-0.09545808942103394
2009-08-18,327187,75176,103602,178469,129689,001602,WHEAT - CHICAGO BOARD OF TRADE ,470.5,-0.14908905304917372,48780,0.8434332695442625,-28426,-0.5540712527002499,0.03163636835649245,0.010057165870520982,-0.030396702730551284,0.0010626992561104665,-0.09717685778216142
2009-08-25,332782,71713,99990,173009,126532,001602,WHEAT - CHICAGO BOARD OF TRADE ,471.0,-0.1396620009495706,46477,-0.7038788215913224,-28277,0.04553970665093662,0.028767347374816805,0.041204871202017435,0.0010626992561104665,-0.02494692144373678,-0.09888589348207939
2009-09-01,311277,73437,111173,169005,111660,001602,WHEAT - CHICAGO BOARD OF TRADE ,459.25,-0.18422498289305025,57345,3.2658016359057878,-37736,-2.842401331802802,0.06725455614344503,0.06991495585287905,-0.02494692144373678,-0.060424605334785,-0.10151342391845958
2009-09-08,311238,72077,110032,171982,114931,001602,WHEAT - CHICAGO BOARD OF TRADE ,431.5,-0.18330345266323522,57051,-0.09444963810368258,-37955,-0.07035534266906968,0.021776636123145343,0.013733533213624808,-0.060424605334785,0.09038238702201618,-0.10361241114109594
2009-09-15,319544,74308,110491,172733,119627,001602,WHEAT - CHICAGO BOARD OF TRADE ,470.5,-0.1661930751320632,53106,-1.267518747710755,-36183,0.5693392195040451,0.018631139690792175,0.01455635582443628,0.09038238702201618,-0.031349628055260315,-0.1049310598594595
2009-09-22,326160,75807,110584,177243,124830,001602,WHEAT - CHICAGO BOARD OF TRADE ,455.75,-0.1606972038263429,52413,-0.21687154194727484,-34777,0.4400020028540671,0.03215447921528902,0.008541184928456846,-0.031349628055260315,-0.01810202962150298,-0.10569461728856398
2009-09-29,332810,79450,108410,178744,130525,001602,WHEAT - CHICAGO BOARD OF TRADE ,447.5,-0.14488446861572668,48219,-1.2858719646799117,-28960,1.7834805003679177,0.023267770128916898,0.030964548067709995,-0.01810202962150298,0.028491620111731786,-0.10632895413698266
2009-10-06,330517,81791,113325,179661,131418,001602,WHEAT - CHICAGO BOARD OF TRADE ,460.25,-0.14596223492286328,48243,0.0072113217751870445,-31534,-0.7734142603888104,0.005818457690811659,0.037188134238094264,0.028491620111731786,0.11080934274850618,-0.10682997019451637
2009-10-13,330826,81100,101655,176432,141021,001602,WHEAT - CHICAGO BOARD OF TRADE ,511.25,-0.10703814089581834,35411,-3.882402418029935,-20555,3.321765597533561,0.04042173172091617,0.06763700035566743,0.11080934274850618,0.012224938875305513,-0.10635022850970723
2009-10-20,330268,80963,96644,179041,148965,001602,WHEAT - CHICAGO BOARD OF TRADE ,517.5,-0.09106543776569331,30076,-1.6126302043974778,-15681,1.4732820274101794,0.032173191953805726,0.02898534404612431,0.012224938875305513,-0.02753623188405796,-0.10560384463593361
2009-10-27,331104,76131,94776,181518,148485,001602,WHEAT - CHICAGO BOARD OF TRADE ,503.25,-0.09976623659031604,33033,0.8953334867440987,-18645,-0.8974529775818427,0.008960524601291504,0.03920260726593996,-0.02753623188405796,0.02483854942871333,-0.10485191049089312
2009-11-03,340247,70743,93275,191136,154939,001602,WHEAT - CHICAGO BOARD OF TRADE ,515.75,-0.10638447951047328,36197,0.9555909925582294,-22532,-1.1739513868754228,0.04644080040453659,0.04200148764160031,0.02483854942871333,0.11439650993698502,-0.10474209155868348
2009-11-17,378252,72561,89634,208354,175602,001602,WHEAT - CHICAGO BOARD OF TRADE ,574.75,-0.08658777746052895,32752,-1.0124997428338824,-17073,1.6044226694136905,0.0986597422621342,0.033657017787231416,0.11439650993698502,-0.07264027838190512,-0.10499693077127896
2009-11-24,350292,73380,79464,201988,178593,001602,WHEAT - CHICAGO BOARD OF TRADE ,533.0,-0.06678713758806938,23395,-2.4737476602899653,-6084,2.9052060531074524,0.024586093367771907,0.07189683598963649,-0.07264027838190512,0.05534709193245768,-0.10430958479058056
2009-12-01,350975,75079,76772,200624,183273,001602,WHEAT - CHICAGO BOARD OF TRADE ,562.5,-0.0494365695562362,17351,-1.7254176515592707,-1693,1.2535256300457904,0.015743806281372348,0.02891650367794746,0.05534709193245768,-0.0768888888888889,-0.10379444267514762
2009-12-08,345217,73174,74141,198146,178681,001602,WHEAT - CHICAGO BOARD OF TRADE ,519.25,-0.05638482461755939,19465,0.6023221027138685,-967,0.20685233991025004,0.018761925233595256,0.030791161796151104,-0.0768888888888889,0.03370245546461237,-0.10312920970899671
2009-12-15,355722,72586,79698,205284,177244,001602,WHEAT - CHICAGO BOARD OF TRADE ,536.75,-0.07882559976610949,28040,2.483944881045835,-7112,-1.7800398010526712,0.022416659695499414,0.040352236610543456,0.03370245546461237,-0.02561714019562178,-0.10190431113675408
2009-12-22,359029,68953,93749,212188,166293,001602,WHEAT - CHICAGO BOARD OF TRADE ,523.0,-0.12783089945380458,45895,5.019369057859789,-24796,-4.971297811212126,0.0471754196379739,0.10868950596796598,-0.02561714019562178,0.03441682600382401,-0.1012779427359767
2009-12-29,361424,69686,95554,211713,167466,001602,WHEAT - CHICAGO BOARD OF TRADE ,541.0,-0.1224240780911063,44247,-0.4590158455166574,-25868,-0.2985831228118063,0.004346232254423372,0.015359477124183006,0.03441682600382401,0.022181146025878062,-0.10161275791627754
2010-01-05,363299,72253,92879,210821,174056,001602,WHEAT - CHICAGO BOARD OF TRADE ,553.0,-0.10119763610689818,36765,-2.0701447607242462,-20626,1.4503740758776396,0.019439976927693784,0.03174430152847419,0.022181146025878062,-0.03119349005424954,-0.1016788572088644
2010-01-12,382064,76399,99948,223647,180677,001602,WHEAT - CHICAGO BOARD OF TRADE ,535.75,-0.11246806817705934,42970,1.7079595594813086,-23549,-0.804571441154531,0.04809756531890266,0.06359620520904807,-0.03119349005424954,-0.06579561362575825,-0.10211821278431468
2010-01-19,393291,73416,109258,237061,179059,001602,WHEAT - CHICAGO BOARD OF TRADE ,500.5,-0.14747858455952462,58002,3.934419364294987,-35842,-3.217523765651828,0.03612419494376622,0.06729474364167862,-0.06579561362575825,-0.012987012987012991,-0.10283410480720154
2010-01-26,401938,73134,121961,242836,171981,001602,WHEAT - CHICAGO BOARD OF TRADE ,494.0,-0.1762834068936005,70855,3.268063596675235,-48827,-3.3016265309910473,0.030984747491062323,0.06655731822958046,-0.012987012987012991,-0.013663967611336036,-0.10341295146866344
2010-02-02,429310,71706,124587,256989,185284,001602,WHEAT - CHICAGO BOARD OF TRADE ,487.25,-0.16702382893480236,71705,0.2114754016788659,-52881,-1.008613268713085,0.062079303959319244,0.020652799641352467,-0.013663967611336036,-0.010261672652642329,-0.10436337281061804
2010-02-09,434580,72492,132949,256810,174156,001602,WHEAT - CHICAGO BOARD OF TRADE ,482.25,-0.19019282985871416,82654,2.550371526402832,-60457,-1.764692180475647,0.02623640844057304,0.04452859945191077,-0.010261672652642329,0.047174701918092365,-0.1058361916981074
2010-02-16,442610,77602,128797,257038,185307,001602,WHEAT - CHICAGO BOARD OF TRADE ,505.0,-0.16206366778879827,71731,-2.5134612729531964,-51195,2.1312531639744123,0.02572426499677853,0.04487424842174623,0.047174701918092365,-0.02623762376237626,-0.10672177689201011
2010-02-23,423126,74418,116462,246983,184712,001602,WHEAT - CHICAGO BOARD OF TRADE ,491.75,-0.1471689284043051,62271,-2.1373217957118005,-42044,2.067508641919523,0.024670195392580408,0.08130238893545683,-0.02623762376237626,0.0005083884087442314,-0.10721319687358134
2010-03-02,418958,75334,114289,249160,188657,001602,WHEAT - CHICAGO BOARD OF TRADE ,492.0,-0.14441304378959227,60503,-0.4178424393679424,-38955,0.7300425877870894,0.013983011166766023,0.01629021795879192,0.0005083884087442314,-0.027439024390243927,-0.10779227855684906
2010-03-09,422362,74562,112088,248888,189118,001602,WHEAT - CHICAGO BOARD OF TRADE ,478.5,-0.14151367784033603,59770,-0.17495787167210078,-37526,0.34108430916702864,0.0016734930571727328,0.015928207875703187,-0.027439024390243927,0.017763845350052154,-0.10798185285981644
2010-03-16,426552,73363,117138,251157,186528,001602,WHEAT - CHICAGO BOARD OF TRADE ,487.0,-0.15151493838969224,64629,1.150434934961005,-43775,-1.4795365113338794,0.011101591327095971,0.03280297741219206,0.017763845350052154,-0.02104722792607805,-0.10870119690492125
2010-03-23,431145,71697,119821,256372,188603,001602,WHEAT - CHICAGO BOARD OF TRADE ,476.75,-0.15718377807930048,67769,0.7361353363716499,-48124,-1.0195708846752565,0.016382942861958537,0.022708048329660918,-0.02104722792607805,-0.009963293130571538,-0.11016559760023863
2010-03-30,443007,72142,128858,265340,189755,001602,WHEAT - CHICAGO BOARD OF TRADE ,472.0,-0.17061807149774158,75585,1.8128471859815143,-56716,-1.9928330376091568,0.02223711532756897,0.04717412935323383,-0.009963293130571538,-0.018008474576271194,-0.11213795870431045
2010-04-06,460651,76443,131870,273185,196712,001602,WHEAT - CHICAGO BOARD OF TRADE ,463.5,-0.166010710928664,76473,0.20044829991399685,-55427,0.29096605696975447,0.03150052032679502,0.03510582632864968,-0.018008474576271194,0.026968716289104577,-0.11350312830412533
2010-04-13,465580,76724,127379,272246,201436,001602,WHEAT - CHICAGO BOARD OF TRADE ,476.0,-0.15208986640319602,70810,-1.2293471630366588,-50655,1.0359252449251168,0.01195527801351962,0.023380352077137522,0.026968716289104577,0.021008403361344463,-0.11502586454469109
2010-04-20,453885,75068,119474,272120,207222,001602,WHEAT - CHICAGO BOARD OF TRADE ,486.0,-0.14298335481454552,64898,-1.2698139954465397,-44406,1.3421968297607285,0.012333573940944044,0.04914619979233276,0.021008403361344463,-0.015946502057613166,-0.11604267568656125
2010-04-27,451749,72329,112550,274392,214244,001602,WHEAT - CHICAGO BOARD OF TRADE ,478.25,-0.1331447330265258,60148,-1.0465205944236977,-40221,0.922039723718563,0.01902029322440426,0.052266617625582136,-0.015946502057613166,0.04495556717198124,-0.11619460823644877
2010-05-04,452413,77355,111100,278551,223958,001602,WHEAT - CHICAGO BOARD OF TRADE ,499.75,-0.12067071459042954,54593,-1.2296651459106718,-33745,1.4335394212272745,0.027607465736932076,0.034363641187551405,0.04495556717198124,-0.03201600800400195,-0.11629424213860226
2010-05-11,454988,74172,111065,286746,229313,001602,WHEAT - CHICAGO BOARD OF TRADE ,483.75,-0.1262297027613915,57433,0.6277450029066362,-36893,-0.6958243905458067,0.02625668770431288,0.017372339219486388,-0.03201600800400195,-0.03307493540051676,-0.11738346624320437
2010-05-18,467393,75589,123616,294047,223852,001602,WHEAT - CHICAGO BOARD OF TRADE ,467.75,-0.15018410630882362,70195,2.8049091404608473,-48027,-2.4470975058682867,0.024641870326067437,0.07011872191963053,-0.03307493540051676,-0.015499732763228247,-0.11962014480178286
2010-05-25,488828,77653,130530,303793,229155,001602,WHEAT - CHICAGO BOARD OF TRADE ,460.5,-0.15268765291677236,74638,0.9505919001782225,-52877,-1.0376706540320457,0.02823727643222228,0.04312551937478084,-0.015499732763228247,-0.021172638436482094,-0.1219992517208265
2010-06-01,500642,77147,132024,308203,234379,001602,WHEAT - CHICAGO BOARD OF TRADE ,450.75,-0.14745866307660963,73824,-0.16652073940117998,-54877,-0.40914186585056506,0.017755841513356508,0.009561554900057848,-0.021172638436482094,-0.04104270660011089,-0.12461126556430635
2010-06-08,502832,87501,134838,305267,237943,001602,WHEAT - CHICAGO BOARD OF TRADE ,432.25,-0.13388964902790593,67324,-1.2983329405043924,-47337,1.5060662109850953,0.011965906371384916,0.05922487732696468,-0.04104270660011089,0.04511278195488733,-0.1272593174763088
2010-06-15,507055,88428,144045,306069,231908,001602,WHEAT - CHICAGO BOARD OF TRADE ,451.75,-0.1462582954511838,74161,1.3596986667515194,-55617,-1.6466732427530468,0.012708721748327531,0.043592159089442646,0.04511278195488733,0.01992252351964585,-0.12987007192941738
2010-06-22,479135,87026,135909,290715,221102,001602,WHEAT - CHICAGO BOARD OF TRADE ,460.75,-0.14528890604944328,69613,-0.8969441184881324,-48883,1.328061058465058,0.05111201855350643,0.042783771054343195,0.01992252351964585,-0.04069451980466632,-0.13194150431109072
2010-06-29,455011,83471,130590,283417,212538,001602,WHEAT - CHICAGO BOARD OF TRADE ,442.0,-0.15577425600699762,70879,0.26422615755476014,-47119,0.3681634612374383,0.031982740369589986,0.04145547297265733,-0.04069451980466632,0.11481900452488691,-0.1338296342672944
2010-07-06,454067,81977,117194,285335,223567,001602,WHEAT - CHICAGO BOARD OF TRADE ,492.75,-0.1360327881127675,61768,-2.002369173492509,-35217,2.615760937647661,0.025441047588730246,0.07475987970136215,0.11481900452488691,0.08726534753932014,-0.13466246748624705
2010-07-13,466444,87494,104421,284894,240014,001602,WHEAT - CHICAGO BOARD OF TRADE ,535.75,-0.09621733798698236,44880,-3.71927490876897,-16927,4.028039914814333,0.03217325702789822,0.09530260792538363,0.08726534753932014,0.07699486700886604,-0.1340587260921618
2010-07-20,478436,99665,97330,286723,263432,001602,WHEAT - CHICAGO BOARD OF TRADE ,577.0,-0.04868153734250767,23291,-4.6284227045475985,2335,4.129541809949319,0.04589070352900546,0.0977791314500368,0.07699486700886604,0.03119584055459268,-0.13243900026369065
2010-07-27,496806,102938,95726,293844,275407,001602,WHEAT - CHICAGO BOARD OF TRADE ,595.0,-0.03711106548632666,18437,-1.0145557608541163,7212,1.019363091406165,0.03354583478992571,0.02454898723472798,0.03119584055459268,0.1428571428571428,-0.13082043546173913
2010-08-03,499114,113260,92718,295329,289944,001602,WHEAT - CHICAGO BOARD OF TRADE ,680.0,-0.01078911831765889,5385,-2.6271824414358926,20542,2.683139897666292,0.02737525906713619,0.06471564924409402,0.1428571428571428,0.02169117647058827,-0.12863997314721154
2010-08-10,509803,116453,89496,278188,283900,001602,WHEAT - CHICAGO BOARD OF TRADE ,694.75,0.011204327946285134,-5712,-2.223339758051267,26957,1.2852775117508224,0.0412479896386331,0.031148488217956873,0.02169117647058827,-0.06297229219143574,-0.1263048508405398
2010-08-17,507278,123830,90387,271729,288142,001602,WHEAT - CHICAGO BOARD OF TRADE ,651.0,0.03235504003721825,-16413,-2.0990461021218003,33443,1.2722561460014947,0.019113331463855066,0.03859637657142057,-0.06297229219143574,0.03648233486943164,-0.12295406162102568
2010-08-24,505360,128269,91526,272236,288194,001602,WHEAT - CHICAGO BOARD OF TRADE ,674.75,0.03157748931454805,-15958,0.08969440819432344,36743,0.65053087261817,0.0009974483878450475,0.025378193316499466,0.03648233486943164,-0.032975175991107775,-0.11947970503710793
2010-08-31,469222,109718,83848,264019,271225,001602,WHEAT - CHICAGO BOARD OF TRADE ,652.5,0.015357336186282825,-7206,1.7318347316764287,25870,-2.1515355390216877,0.047055174836149495,0.13550416912061003,-0.032975175991107775,0.07662835249042144,-0.11649856393834154
2010-09-07,477770,118412,86775,272196,280849,001602,WHEAT - CHICAGO BOARD OF TRADE ,702.5,0.01811122506645457,-8653,-0.30838281240010057,31637,1.229055756123967,0.03218725420173765,0.056636141665895014,0.07662835249042144,0.002846975088967918,-0.11260748301604337
2010-09-14,491247,121393,88615,270480,284445,001602,WHEAT - CHICAGO BOARD OF TRADE ,704.5,0.028427654520027604,-13965,-1.1118320530799337,32778,0.23881784122067104,0.009572464747488399,0.022956268332634946,0.002846975088967918,0.019162526614620257,-0.10853573095482677
2010-09-21,491459,115023,92162,270806,277291,001602,WHEAT - CHICAGO BOARD OF TRADE ,718.0,0.013195403889235928,-6485,1.522655609092778,22861,-2.018740063552551,0.013647219379051518,0.04786543427371673,0.019162526614620257,-0.04630919220055707,-0.10508595251210948
2010-09-28,494772,106386,96087,278015,270452,001602,WHEAT - CHICAGO BOARD OF TRADE ,684.75,-0.015285828624093521,7563,2.858427661310506,10299,-2.5560626623991016,0.025613209181226948,0.06204284027993856,-0.04630919220055707,-0.031033223804308174,-0.10228957991206622
2010-10-05,500545,102683,98675,291769,276251,001602,WHEAT - CHICAGO BOARD OF TRADE ,663.5,-0.031002207593722842,15518,1.6078112746881392,4008,-1.2714947490965536,0.03442308369423612,0.03124286097398663,-0.031033223804308174,0.0700828937452902,-0.10009953643087383
2010-10-12,512431,104832,108424,296355,276009,001602,WHEAT - CHICAGO BOARD OF TRADE ,710.0,-0.0397048578247608,20346,0.9645486419802415,-3592,-1.5183450039456992,0.008435191591364936,0.055792099636118093,0.0700828937452902,-0.054225352112676095,-0.0980561253328334
2010-10-19,524268,103104,105334,303980,283571,001602,WHEAT - CHICAGO BOARD OF TRADE ,671.5,-0.0389285632539083,20409,0.012294338164552885,-2230,0.26579188222414335,0.025847968942270542,0.023114787130945412,-0.054225352112676095,0.03052866716306779,-0.09674632576279667
2010-10-26,527531,107644,106215,298014,284443,001602,WHEAT - CHICAGO BOARD OF TRADE ,692.0,-0.025725502387537416,13571,-1.304294750013352,1429,0.6979254884906193,0.011739922432042194,0.025348477267732476,0.03052866716306779,0.0032514450867051625,-0.09548978854398599
2010-11-02,523063,116486,107625,279201,277597,001602,WHEAT - CHICAGO BOARD OF TRADE ,694.25,-0.0030665522126397775,1604,-2.2684922781789125,8861,1.408827158972648,0.04608313966644995,0.045745188768065825,0.0032514450867051625,0.039611091105509644,-0.09363017922903068
2010-11-09,524694,118883,110382,280182,280974,001602,WHEAT - CHICAGO BOARD OF TRADE ,721.75,0.0015094512229985478,-792,-0.45807101630205155,8501,-0.06882536138094264,0.007766111384356578,0.02248053562471376,0.039611091105509644,-0.1323172843782473,-0.09155529594569467
2010-11-16,502231,104490,109282,287193,259230,001602,WHEAT - CHICAGO BOARD OF TRADE ,626.25,-0.055677566697396215,27963,5.480337110773136,-4792,-2.533476654964608,0.05262406597086872,0.07247441199034485,-0.1323172843782473,0.025149700598802394,-0.09096086881563442
2010-11-23,496414,100470,106971,290911,259906,001602,WHEAT - CHICAGO BOARD OF TRADE ,642.0,-0.0624579484059676,31005,0.6056973782980342,-6501,-0.3402816632187181,0.007977241080068335,0.03051952121326064,0.025149700598802394,0.012850467289719614,-0.0908776151775171
2010-11-30,459421,84483,103855,278107,234669,001602,WHEAT - CHICAGO BOARD OF TRADE ,650.25,-0.09454944375638032,43438,2.5045627238554915,-19372,-2.5927955295378453,0.07418638937859806,0.1014293451135724,0.012850467289719614,0.14263744713571702,-0.09174517045059677
2010-12-07,479187,104258,95770,272555,261435,001602,WHEAT - CHICAGO BOARD OF TRADE ,743.0,-0.023205971781371366,11120,-7.0345064766303675,8488,6.064154664240425,0.060521732616715666,0.1392805007298978,0.14263744713571702,-0.02960969044414541,-0.0911071155883624
2010-12-14,478364,108341,90384,269288,268615,001602,WHEAT - CHICAGO BOARD OF TRADE ,721.0,-0.001406878444030069,673,-2.1801509640286567,17957,1.976055276958682,0.01942171729847203,0.04764876085042144,-0.02960969044414541,0.061026352288488184,-0.08961829402447624
2010-12-21,480241,107502,86535,269284,273008,001602,WHEAT - CHICAGO BOARD OF TRADE ,765.0,0.007754439958270951,-3724,-0.9191745198217258,20967,0.6292279519361825,0.008108177882026658,0.024160340553605754,0.061026352288488184,0.04346405228758177,-0.08701088365116709
2010-12-28,488334,113353,85742,269214,280903,001602,WHEAT - CHICAGO BOARD OF TRADE ,798.25,0.023936486093534343,-11689,-1.6585422735668134,27611,1.383472048409028,0.014478738159337014,0.03337100379215952,0.04346405228758177,-0.011274663326025669,-0.0841962574168471
2011-01-04,498538,110196,83644,273154,284504,001602,WHEAT - CHICAGO BOARD OF TRADE ,789.25,0.022766569449069077,-11350,0.06941970045092088,26552,-0.21685977220508912,0.01352262497803313,0.02710998761865456,-0.011274663326025669,-0.037694013303769425,-0.08181233038692463
2011-01-11,496375,107769,82076,268841,278420,001602,WHEAT - CHICAGO BOARD OF TRADE ,759.5,0.0192979098463863,-9579,0.3552387180114655,25693,-0.17230381635903383,0.018998247636867967,0.021043482841265244,-0.037694013303769425,0.044437129690585886,-0.07927836927108915
2011-01-18,506106,111199,85777,270011,279822,001602,WHEAT - CHICAGO BOARD OF TRADE ,793.25,0.01938526711795553,-9811,-0.04673885671115588,25422,-0.0545958196927726,0.00467778398168171,0.03620237998537893,0.044437129690585886,0.056728647967223544,-0.07606944904652223
2011-01-25,535944,122304,87913,277548,298521,001602,WHEAT - CHICAGO BOARD OF TRADE ,838.25,0.03913281984684967,-20973,-2.205466838962589,34391,1.772158401599665,0.045543155420618014,0.06298729408182972,0.056728647967223544,-0.002982403817476942,-0.07192682930151358
2011-02-01,545753,124914,89634,280251,303546,001602,WHEAT - CHICAGO BOARD OF TRADE ,835.75,0.0426841446588475,-23295,-0.43325422059021096,35280,0.16587553923544252,0.013237478095981994,0.020186624904450286,-0.002982403817476942,0.046066407418486444,-0.06789398365548184
2011-02-08,562198,133987,91352,280946,313523,001602,WHEAT - CHICAGO BOARD OF TRADE ,874.25,0.05794577711055535,-32577,-1.7007693956789978,42635,1.3476792614974173,0.017952155621235085,0.04788784897421219,0.046066407418486444,-0.03889047755218755,-0.06312208736761127
2011-02-15,546877,125938,91745,283293,304354,001602,WHEAT - CHICAGO BOARD OF TRADE ,840.25,0.038511402015444056,-21061,2.0483886459930485,34193,-1.5016061956819484,0.019596798758438314,0.038781163434903045,-0.03889047755218755,-0.09282951502529013,-0.05926487448676046
2011-02-22,518419,109696,90276,277693,287701,001602,WHEAT - CHICAGO BOARD OF TRADE ,762.25,0.019304848009042877,-10008,2.0211126085024604,19420,-2.7013386922470684,0.03935839432325069,0.08856739943592103,-0.09282951502529013,0.01771072482781233,-0.0560634557095807
2011-03-01,484811,100281,79663,262046,269666,001602,WHEAT - CHICAGO BOARD OF TRADE ,775.75,0.015717465156524914,-7620,0.46063126544358907,20618,0.23108720938082905,0.06334632282137699,0.11130129373582892,0.01771072482781233,-0.031582339671285875,-0.052984022845232286
2011-03-08,485958,97057,77507,268758,275101,001602,WHEAT - CHICAGO BOARD OF TRADE ,751.25,0.013052568328950239,-6343,0.26340161423730074,19550,-0.22029203132767203,0.022334833109316936,0.0308196420796957,-0.031582339671285875,-0.11114808652246255,-0.05001159503428447
2011-03-15,485753,101029,79762,266984,272107,001602,WHEAT - CHICAGO BOARD OF TRADE ,667.75,0.010546512322106091,-5123,0.2510505023067837,21267,0.3533227151317604,0.008844517901430371,0.03444308621557489,-0.11114808652246255,0.08161737177087236,-0.0468950286744422
2011-03-22,475794,96187,85781,263422,257588,001602,WHEAT - CHICAGO BOARD OF TRADE ,722.25,-0.012261609015666444,5834,2.2556731507576897,10406,-2.235910020113103,0.034703748488512695,0.05968631847357777,0.08161737177087236,0.020768431983385183,-0.04410806388475692
2011-03-29,481095,96667,85802,264262,257408,001602,WHEAT - CHICAGO BOARD OF TRADE ,737.25,-0.014246666458807513,6854,0.21437849153204958,10865,0.09647032118942231,0.001955259071827017,0.0027456718675501045,0.020768431983385183,0.06646320786707349,-0.04110092148016205
2011-04-05,491848,104210,83048,265313,268624,001602,WHEAT - CHICAGO BOARD OF TRADE ,786.25,0.006731754525788455,-3311,-2.112888306883256,21162,2.140325715295316,0.022974620601306894,0.05498830490553141,0.06646320786707349,-0.03402225755166932,-0.03777895099065334
2011-04-12,489557,101739,80168,271211,274895,001602,WHEAT - CHICAGO BOARD OF TRADE ,759.5,0.0075251707155652965,-3684,-0.07583643727330396,21571,0.08315577170182659,0.0222832197412224,0.029416130220387342,-0.03402225755166932,0.034562211981566726,-0.03470943104606177
2011-04-19,485351,104339,84373,269188,273747,001602,WHEAT - CHICAGO BOARD OF TRADE ,785.75,0.009393202033167748,-4559,-0.17873301780997922,19966,-0.32784742124001903,0.005840478141950694,0.03606023994234601,0.034562211981566726,0.03245307031498568,-0.03177911264514421
2011-04-26,470608,107090,84919,259384,267124,001602,WHEAT - CHICAGO BOARD OF TRADE ,811.25,0.01644680923401217,-7740,-0.6554019668240099,22171,0.45431038567964216,0.031199905794403883,0.017171070106088777,0.03245307031498568,-0.06224961479198765,-0.02890235221705694
2011-05-03,460447,104193,91566,256451,251889,001602,WHEAT - CHICAGO BOARD OF TRADE ,760.75,-0.009907763542818174,4562,2.614065209261211,12627,-2.028014823377418,0.0357398591493882,0.048753824856073026,-0.06224961479198765,0.010844561288202437,-0.026772295466141335
2011-05-10,455903,100101,89939,253366,243455,001602,WHEAT - CHICAGO BOARD OF TRADE ,769.0,-0.021739273485807287,9911,1.1616972203098292,10162,-0.5353493453101008,0.023185412854931656,0.030093664491685962,0.010844561288202437,-0.006501950585175553,-0.024762864133918563
2011-05-17,454539,92228,96233,260854,235201,001602,WHEAT - CHICAGO BOARD OF TRADE ,764.0,-0.05643740141110004,25653,3.452927486768018,-4005,-3.1074592621676103,0.03173438429206439,0.07517205151198392,-0.006501950585175553,0.020615183246073254,-0.02296004288588542
2011-05-24,460407,99002,85884,250155,245817,001602,WHEAT - CHICAGO BOARD OF TRADE ,779.75,-0.009422098273918511,4338,-4.689366589005564,13118,3.7671134930116006,0.042976216399312865,0.0926138268987376,0.020615183246073254,0.003206155819172718,-0.020204936065830535
2011-05-31,456560,100869,84872,243116,240013,001602,WHEAT - CHICAGO BOARD OF TRADE ,782.25,-0.006796478009462064,3103,-0.26824092596333243,15997,0.6253162962335499,0.02658296231441292,0.015500078065693626,0.003206155819172718,-0.062000639181847284,-0.01749989404530847
2011-06-07,455705,93618,91287,245328,229794,001602,WHEAT - CHICAGO BOARD OF TRADE ,733.75,-0.034087841915274135,15534,2.722752759768705,2331,-2.993253898720869,0.02616380634868518,0.07390822314161326,-0.062000639181847284,-0.0034071550255536653,-0.015580628523911705
2011-06-14,448306,94854,101072,242958,216188,001602,WHEAT - CHICAGO BOARD OF TRADE ,731.25,-0.059713677711206184,26770,2.4656301774174083,-6218,-1.875994338442633,0.034795032516890055,0.056250829394771495,-0.0034071550255536653,-0.07794871794871794,-0.01391630895198906
2011-06-21,457077,89720,116648,255182,209124,001602,WHEAT - CHICAGO BOARD OF TRADE ,674.25,-0.10076639165829827,46058,4.302418437406593,-26928,-4.619612496821367,0.04154156956834502,0.10035470615599318,-0.07794871794871794,-0.05042639970337415,-0.013060106752159347
2011-06-28,430282,82378,110168,241513,195398,001602,WHEAT - CHICAGO BOARD OF TRADE ,640.25,-0.10717389990750252,46115,0.012470546538110647,-27790,-0.18858966869914698,0.06270155706768656,0.07178544347844151,-0.05042639970337415,-0.04139008199921901,-0.012125484519476749
2011-07-05,433994,82421,118125,248041,192312,001602,WHEAT - CHICAGO BOARD OF TRADE ,613.75,-0.12840960934943801,55729,2.2343486364756138,-35704,-1.8392589046253387,0.021832484393202727,0.0398910973043591,-0.04139008199921901,0.0798370672097759,-0.011978884927874257
2011-07-12,434108,80703,113423,248555,195825,001602,WHEAT - CHICAGO BOARD OF TRADE ,662.75,-0.12146746892478369,52730,-0.6910233782033852,-32720,0.6875671092227081,0.009062063999279895,0.033071304204485744,0.0798370672097759,0.04639758581667297,-0.01246446436898582
2011-07-19,426110,78825,105496,237581,189105,001602,WHEAT - CHICAGO BOARD OF TRADE ,693.5,-0.11376405153598836,48476,-0.9799404756420061,-26671,1.3934320491674883,0.04146843346160877,0.053195240911236376,0.04639758581667297,0.0007209805335255393,-0.013716051180398914
2011-07-26,420557,75214,111378,241629,182751,001602,WHEAT - CHICAGO BOARD OF TRADE ,694.0,-0.14000004755597933,58878,2.4411536927084554,-36164,-2.2278284949895566,0.024511051416183607,0.05087570742582748,0.0007209805335255393,0.03458213256484144,-0.015694685450969158
2011-08-02,431604,76012,117384,251646,186420,001602,WHEAT - CHICAGO BOARD OF TRADE ,718.0,-0.15112464203297468,65226,1.5094267840031197,-41372,-1.2383577018097427,0.031241867663776693,0.03518169972491675,0.03458213256484144,-0.06441504178272983,-0.018393445522417538
2011-08-09,424160,77457,116982,245069,181592,001602,WHEAT - CHICAGO BOARD OF TRADE ,671.75,-0.14965343266691813,63477,-0.4052325743042233,-39525,0.4279385733218413,0.02673082376875318,0.009499123118304455,-0.06441504178272983,0.07889839970227008,-0.02148686399574837
2011-08-16,434710,81118,113611,251119,196713,001602,WHEAT - CHICAGO BOARD OF TRADE ,724.75,-0.12515470083503946,54406,-2.1385797812146357,-32493,1.6578649566201433,0.047274424337698066,0.036111724499175775,0.07889839970227008,0.04484304932735417,-0.024515897474061018
2011-08-23,431598,82181,111614,248577,197418,001602,WHEAT - CHICAGO BOARD OF TRADE ,757.25,-0.11853391350284292,51159,-0.7469347381012629,-29433,0.7039175542315567,0.007280350676577092,0.015789881059882865,0.04484304932735417,-0.009243974909210917,-0.027402655220549303
2011-08-30,409734,79135,93575,235074,197493,001602,WHEAT - CHICAGO BOARD OF TRADE ,750.25,-0.09172048206885443,37581,-3.145983067576773,-14440,3.473834447796329,0.031389357024460954,0.12208326095767472,-0.009243974909210917,-0.045318227257580834,-0.029461844033148096
2011-09-06,401087,77307,89198,230990,194741,001602,WHEAT - CHICAGO BOARD OF TRADE ,716.25,-0.09037690077215167,36249,-0.3250889601546369,-11891,0.6221109305061333,0.01605708769152352,0.03726614816371881,-0.045318227257580834,-0.03839441535776611,-0.03154815414542899
2011-09-13,406585,74796,105002,236003,182243,001602,WHEAT - CHICAGO BOARD OF TRADE ,688.75,-0.1322232743460777,53760,4.365885705595045,-30206,-4.566340968418324,0.041867704652285974,0.10186431439726805,-0.03839441535776611,-0.020326678765880235,-0.03463759508516178
2011-09-20,417381,76810,116991,241179,177281,001602,WHEAT - CHICAGO BOARD OF TRADE ,674.75,-0.15309273781029803,63898,2.493451553795639,-40181,-2.453361535718239,0.024226927304879797,0.07225452913039665,-0.020326678765880235,-0.024453501296776592,-0.037835443963998974
2011-09-27,420106,75031,125108,247899,175278,001602,WHEAT - CHICAGO BOARD OF TRADE ,658.25,-0.17286351539849468,72621,2.0899370119866503,-50077,-2.3709752001169195,0.020613124059199815,0.049445635283477986,-0.024453501296776592,-0.0824154956323585,-0.040865784094275916
2011-10-04,420266,74525,118042,247216,179368,001602,WHEAT - CHICAGO BOARD OF TRADE ,604.0,-0.1614406114222897,67848,-1.1361418308712563,-43517,1.561510666355634,0.011188886596778125,0.03932137905248563,-0.0824154956323585,0.0939569536423841,-0.04337421493713297
2011-10-11,416335,70936,119111,252258,179434,001602,WHEAT - CHICAGO BOARD OF TRADE ,660.75,-0.17491683379970457,72824,1.1840120304759365,-48175,-1.1083456667919842,0.01183251021561669,0.02450972654132925,0.0939569536423841,-0.05372682557699582,-0.04597444524434343
2011-10-18,429422,74330,126902,250959,176841,001602,WHEAT - CHICAGO BOARD OF TRADE ,625.25,-0.17259944762960444,74118,0.31080740269254326,-52572,-1.0561206720549559,0.009097709209911174,0.05558261111552835,-0.05372682557699582,0.017592962814874102,-0.04854503917464528
2011-10-25,428942,77319,123929,248684,179682,001602,WHEAT - CHICAGO BOARD OF TRADE ,636.25,-0.16086557156911657,69002,-1.1913688632627113,-46610,1.3883778660618227,0.011943058039153433,0.029625139131817458,0.017592962814874102,-0.00982318271119842,-0.05114388665890642
2011-11-01,433325,75933,127717,253857,178911,001602,WHEAT - CHICAGO BOARD OF TRADE ,630.0,-0.17295563376218773,74946,1.3857351343538287,-51784,-1.2062236852534842,0.013734841762792074,0.025406334397250183,-0.00982318271119842,0.04285714285714293,-0.054410984381013106
2011-11-08,426394,77019,119658,245255,178983,001602,WHEAT - CHICAGO BOARD OF TRADE ,657.0,-0.15542432585824378,66272,-2.001730802515433,-42639,2.1104252004846247,0.02044607036616239,0.046497556908026864,0.04285714285714293,-0.03691019786910199,-0.05742894163257546
2011-11-15,414093,77160,126414,243139,167588,001602,WHEAT - CHICAGO BOARD OF TRADE ,632.75,-0.18244935316462726,75551,2.1761563249013824,-49254,-1.5513820550945838,0.03289532950110414,0.03387957204751098,-0.03691019786910199,-0.06124061635717104,-0.059866860603099134
2011-11-22,403472,77803,134123,238964,156629,001602,WHEAT - CHICAGO BOARD OF TRADE ,594.0,-0.20406620533766903,82335,1.6382793237267959,-56320,-1.7063799677850144,0.038256490888362533,0.03940998272982078,-0.06124061635717104,0.0008417508417508657,-0.06259009631332416
2011-11-29,369175,73037,125148,221376,144961,001602,WHEAT - CHICAGO BOARD OF TRADE ,594.5,-0.20698855556307985,76415,-1.467264147202284,-52111,1.0431950668200023,0.07986089311207986,0.06933420793702853,0.0008417508417508657,0.007148864592094295,-0.06475238692499147
2011-12-06,374207,80045,127723,215071,144074,001602,WHEAT - CHICAGO BOARD OF TRADE ,598.75,-0.18972654172690517,70997,-1.4675966682467665,-47678,1.20078553531523,0.020025337955421905,0.04612356089484425,0.007148864592094295,-0.011691022964509412,-0.06795470557779018
2011-12-13,375516,78580,130671,216236,140954,001602,WHEAT - CHICAGO BOARD OF TRADE ,591.75,-0.20047614482472118,75282,1.1450881464002545,-52091,-1.1792938133172282,0.01199641647302556,0.021089504948602397,-0.011691022964509412,0.027038445289395918,-0.07178296070049578
2011-12-20,379635,76324,130025,218205,141941,001602,WHEAT - CHICAGO BOARD OF TRADE ,607.75,-0.20088769475944,76264,0.2615068332640953,-53701,-0.42874338243909715,0.008207782399360259,0.014063552525090986,0.027038445289395918,0.06088029617441393,-0.07579530944506715
2011-12-27,380892,74449,119190,219603,152962,001602,WHEAT - CHICAGO BOARD OF TRADE ,644.75,-0.1749603562164603,66641,-2.5348031661991124,-44741,2.3601617342974173,0.033333780682565456,0.06563760399506298,0.06088029617441393,0.018999612252811104,-0.07962024872025936
2012-01-03,386401,72938,117031,218806,153304,001602,WHEAT - CHICAGO BOARD OF TRADE ,657.0,-0.16951819482868832,65502,-0.2990348970311794,-44093,0.17012696512397216,0.003060922845395179,0.01931894151150977,0.018999612252811104,-0.026255707762557035,-0.08331803264867776
2012-01-10,407663,73709,129018,231286,156284,001602,WHEAT - CHICAGO BOARD OF TRADE ,639.75,-0.18398039557183263,75002,2.458585769705565,-55309,-2.902683999265012,0.03988956833604252,0.06293192322680255,-0.026255707762557035,-0.05470887065259866,-0.08722723082979737
2012-01-17,443914,76396,138941,253940,166018,001602,WHEAT - CHICAGO BOARD OF TRADE ,604.75,-0.1980608856670436,87922,3.1692844334658776,-62545,-1.7749955232630874,0.07712199791407712,0.05855937437597812,-0.05470887065259866,0.0475403059115338,-0.09140888761412427
2012-01-24,464863,85774,145157,258171,177319,001602,WHEAT - CHICAGO BOARD OF TRADE ,633.5,-0.1739265116819364,80852,-1.5926508287641299,-59383,0.7123001302054001,0.03566557211417024,0.06752666380867012,0.0475403059115338,0.05130228887134969,-0.0955061824512163
2012-01-31,469173,92543,134404,261330,196656,001602,WHEAT - CHICAGO BOARD OF TRADE ,666.0,-0.1378468070413259,64674,-3.4801651239182294,-41861,3.7692825628195834,0.04911940539667151,0.07720745372267533,0.05130228887134969,-0.005630630630630629,-0.09897793152237348
2012-02-07,458559,86350,128032,255104,194177,001602,WHEAT - CHICAGO BOARD OF TRADE ,662.25,-0.13286621786945627,60927,-0.7986393078885613,-41682,0.03815223808701694,0.01937540203124548,0.05861033109122967,-0.005630630630630629,-0.041147602869007205,-0.1026473929642968
2012-02-14,449066,86991,139884,251767,179296,001602,WHEAT - CHICAGO BOARD OF TRADE ,635.0,-0.16138162319124583,72471,2.5174514075615133,-52893,-2.4448326169587773,0.042262963882309545,0.05506556473829201,-0.041147602869007205,-0.0031496062992125706,-0.10649148960288699
2012-02-21,463814,93437,150109,254056,181513,001602,WHEAT - CHICAGO BOARD OF TRADE ,633.0,-0.1564053693937656,72543,0.016033277959141865,-56672,-0.8415244084388487,0.010345088837819037,0.06845113448794067,-0.0031496062992125706,0.04620853080568721,-0.10987053224524868
2012-02-28,446757,91830,142027,244615,180322,001602,WHEAT - CHICAGO BOARD OF TRADE ,662.25,-0.14391044796164357,64293,-1.7787302668742213,-50197,1.3960337549103736,0.025020179461896705,0.041431302035004294,0.04620853080568721,-0.01245753114382786,-0.11294029980521346
2012-03-06,438188,92927,123471,231002,184137,001602,WHEAT - CHICAGO BOARD OF TRADE ,654.0,-0.10695181063835614,46865,-3.901002110767151,-30544,4.399035717403421,0.04198111957681644,0.09081876911986247,-0.01245753114382786,-0.003822629969418956,-0.11524807632381551
2012-03-13,441469,93656,134821,230974,176193,001602,WHEAT - CHICAGO BOARD OF TRADE ,651.5,-0.12408798805805164,54781,1.8065305302746766,-41165,-2.423845472719472,0.01957918986558341,0.052867465871838305,-0.003822629969418956,-0.013814274750575617,-0.11783720133112624
2012-03-20,447102,92536,130924,236280,185343,001602,WHEAT - CHICAGO BOARD OF TRADE ,642.5,-0.11392702336379618,50937,-0.8707293150821462,-38388,0.6290362403702185,0.034286554576007475,0.022451445448849906,-0.013814274750575617,-0.004280155642023331,-0.11979230545320564
2012-03-27,448665,92885,130999,236752,183596,001602,WHEAT - CHICAGO BOARD OF TRADE ,639.75,-0.11847592301605875,53156,0.4963073303183614,-38114,0.06128355498297927,0.005278959338452901,0.0018938378803308857,-0.004280155642023331,0.02852676826885503,-0.12179671423315279
2012-04-03,466165,95897,137698,256780,198068,001602,WHEAT - CHICAGO BOARD OF TRADE ,658.0,-0.12594682140443833,58712,1.2383404098826518,-41801,-0.821771254722343,0.07584951456310679,0.04157195145444038,0.02852676826885503,-0.04901215805471126,-0.12434822530873409
2012-04-10,471658,94472,145897,261641,189330,001602,WHEAT - CHICAGO BOARD OF TRADE ,625.75,-0.15331235768289736,72311,2.9172074265549752,-51425,-2.0645050572222283,0.030154932357069522,0.04003844089712068,-0.04901215805471126,-0.0163803435876948,-0.1274412547010122
2012-04-17,468429,95612,154786,260372,181412,001602,WHEAT - CHICAGO BOARD OF TRADE ,615.5,-0.16856343223839684,78960,1.4097078815582478,-59174,-1.6429277145728474,0.02079523024826612,0.040052236838952385,-0.0163803435876948,0.01462225832656383,-0.13086349766777305
2012-04-24,456752,100754,154525,256911,180622,001602,WHEAT - CHICAGO BOARD OF TRADE ,624.5,-0.16702499386975864,76289,-0.5702038089016692,-53771,1.1534298687741367,0.009715838576747354,0.021165078208548294,0.01462225832656383,0.014811849479583694,-0.1343918015736148
2012-05-01,427502,107009,146462,232282,170251,001602,WHEAT - CHICAGO BOARD OF TRADE ,633.75,-0.14510107555052373,62031,-3.1216064735348725,-39453,3.1347427050127856,0.08694939296902365,0.056487724433958914,0.014811849479583694,-0.03905325443786978,-0.13699167295837839
2012-05-08,438240,106903,165787,243750,158974,001602,WHEAT - CHICAGO BOARD OF TRADE ,609.0,-0.1934465133260314,84776,5.320442945296162,-58884,-4.5452418936051755,0.056477885599070334,0.07125673842091752,-0.03905325443786978,-0.0008210180623974273,-0.14029373526299807
2012-05-15,438113,107213,167966,242992,157918,001602,WHEAT - CHICAGO BOARD OF TRADE ,608.5,-0.19418277932862069,85074,0.06799926980649873,-60753,-0.4264786418400876,0.004524706293183009,0.009045021604119501,-0.0008210180623974273,0.12654067378800327,-0.142942684838335
2012-05-22,420479,109235,115367,222482,198777,001602,WHEAT - CHICAGO BOARD OF TRADE ,685.5,-0.0563761804989072,23705,-14.007573388600658,-6132,12.467331487538603,0.14567997360293786,0.24319017640092253,0.12654067378800327,-0.041940189642596604,-0.14384564795804633
2012-05-29,429748,110615,109983,222312,204338,001602,WHEAT - CHICAGO BOARD OF TRADE ,656.75,-0.04182451110883587,17974,-1.3629693754028143,632,1.6086415730631016,0.013432555959217158,0.03066210935729245,-0.041940189642596604,-0.06623524933384084,-0.14451926397918813
2012-06-05,429358,111725,125350,229964,191706,001602,WHEAT - CHICAGO BOARD OF TRADE ,613.25,-0.08910512905314447,38258,4.719975427459814,-13625,-3.3175256196654783,0.04810396755756872,0.0695012126964041,-0.06623524933384084,0.004484304932735439,-0.14557728873183948
2012-06-12,425104,116681,130149,219709,180933,001602,WHEAT - CHICAGO BOARD OF TRADE ,616.0,-0.09121532613195829,38776,0.12064524243172366,-13468,0.0365662221269896,0.05248576035463082,0.03952112790179476,0.004484304932735439,0.05438311688311681,-0.1461830896630078
2012-06-19,432390,117175,134056,228076,187500,001602,WHEAT - CHICAGO BOARD OF TRADE ,649.5,-0.09384120816855154,40576,0.42342579698144456,-16881,-0.8028623583875947,0.035935665197220246,0.01751774263526396,0.05438311688311681,0.12240184757505768,-0.14604991305743573
2012-06-26,412616,122691,102576,208661,208739,001602,WHEAT - CHICAGO BOARD OF TRADE ,729.0,0.00018903774938441552,-78,-9.402160086958533,20115,8.55616457364879,0.09739817920459991,0.16423177828976282,0.12240184757505768,0.07304526748971196,-0.1439852411794187
2012-07-03,423551,124942,98847,204961,213493,001602,WHEAT - CHICAGO BOARD OF TRADE ,782.25,0.020143973216920748,-8532,-2.048878376020319,26095,1.4492894119471857,0.020202937479388415,0.02672159936368633,0.07304526748971196,0.028763183125599223,-0.141128441514681
2012-07-10,433284,132529,95661,205115,225592,001602,WHEAT - CHICAGO BOARD OF TRADE ,804.75,0.04725999575336269,-20477,-2.820203470184228,36868,2.543495352389677,0.028448574088649592,0.047210657785179015,0.028763183125599223,0.09972041006523757,-0.13788368257856282
2012-07-17,452610,148006,97175,203568,240157,001602,WHEAT - CHICAGO BOARD OF TRADE ,885.0,0.0808400167914982,-36589,-3.7185771918649198,50831,3.2225976495785673,0.03631077807200406,0.06929982339577699,0.09972041006523757,-0.007062146892655385,-0.13414129664918809
2012-07-24,466862,155108,97990,200743,242733,001602,WHEAT - CHICAGO BOARD OF TRADE ,878.75,0.08994092472722132,-41990,-1.1933010759815292,57118,1.3890545944632244,0.012178787578132752,0.03128037361022213,-0.007062146892655385,0.0108108108108107,-0.12971935487451114
2012-07-31,467567,154522,99605,204284,247287,001602,WHEAT - CHICAGO BOARD OF TRADE ,888.25,0.09197184574617114,-43003,-0.2169806066889145,54917,-0.47144552351658525,0.01792630616226463,0.008661023818799261,0.0108108108108107,0.0008443568815086344,-0.12504442241721986
2012-08-07,463143,156712,99594,203205,248359,001602,WHEAT - CHICAGO BOARD OF TRADE ,889.0,0.09749472625085556,-45154,-0.46004102085904264,57118,0.4707346754582765,0.004763444384406197,0.008587391633438156,0.0008443568815086344,-0.055399325084364404,-0.12029157320726269
2012-08-14,450799,155000,99465,197897,238740,001602,WHEAT - CHICAGO BOARD OF TRADE ,839.75,0.09060135448392742,-40843,0.9308140250419418,55535,-0.3417950827282286,0.03418629204579548,0.00723478670937064,-0.055399325084364404,0.07234295921405187,-0.11614241829728256
2012-08-21,465495,159635,100134,203007,250351,001602,WHEAT - CHICAGO BOARD OF TRADE ,900.5,0.1017067852501101,-47344,-1.4421061271209563,59501,0.8797712506017094,0.03688255197878939,0.020418140732727925,0.07234295921405187,-0.05080510827318152,-0.11190702024434115
2012-08-28,443119,149899,96329,197013,235883,001602,WHEAT - CHICAGO BOARD OF TRADE ,854.75,0.0877191002868304,-38870,1.8204277167316514,53570,-1.2741275416492122,0.04726770402128918,0.05499374563412772,-0.05080510827318152,0.01316174319976593,-0.10845625904519338
2012-09-04,445142,157905,102336,191697,232820,001602,WHEAT - CHICAGO BOARD OF TRADE ,866.0,0.09238175683265115,-41123,-0.5084412990641339,55569,0.4511203536747465,0.019737725462113415,0.053846242521355205,0.01316174319976593,-0.006928406466512715,-0.10494166947587023
2012-09-11,445975,158654,108029,191281,228125,001602,WHEAT - CHICAGO BOARD OF TRADE ,860.0,0.08261449632826952,-36844,0.9612662925538368,50625,-1.1106568241145522,0.012186282504303706,0.02415602044374782,-0.006928406466512715,0.0040697674418603835,-0.10081017388597895
2012-09-18,452472,164026,108098,189803,229859,001602,WHEAT - CHICAGO BOARD OF TRADE ,863.5,0.08852702487667745,-40056,-0.7202197432591513,55928,1.1890801053870732,0.007653778516997012,0.019994561302935428,0.0040697674418603835,0.02663578459756799,-0.09616363998815249
2012-09-25,451415,164205,104926,188203,230687,001602,WHEAT - CHICAGO BOARD OF TRADE ,886.5,0.0941129559274725,-42484,-0.5366077900952987,59279,0.7405983132657932,0.005796271097424145,0.012451185482162962,0.02663578459756799,-0.016920473773265665,-0.09102947707803774
2012-10-02,456198,158209,104064,190963,230990,001602,WHEAT - CHICAGO BOARD OF TRADE ,871.5,0.08774041096190689,-40027,0.5442885150028245,54145,-1.1373126723746443,0.007259102317082708,0.02614832636222562,-0.016920473773265665,-0.00831899024670113,-0.0862375343398801
2012-10-09,453740,149594,103352,193918,228749,001602,WHEAT - CHICAGO BOARD OF TRADE ,864.25,0.07676422620884207,-34831,1.1389791274841188,46242,-1.7323618253477657,0.012293365699238407,0.03687348287776838,-0.00831899024670113,-0.01909169800404975,-0.08139751395510036
2012-10-16,462288,144207,104308,204465,230791,001602,WHEAT - CHICAGO BOARD OF TRADE ,847.75,0.05694718443913751,-26326,1.8744214748534402,39899,-1.397937144620267,0.02892320841068245,0.025523610244854434,-0.01909169800404975,0.024771453848422276,-0.0769831556460861
2012-10-23,464734,153074,103942,199540,236757,001602,WHEAT - CHICAGO BOARD OF TRADE ,868.75,0.08008236969965615,-37217,-2.3558907001695912,49132,1.9972398158723568,0.024962353626084982,0.03592383353565537,0.024771453848422276,-0.0057553956834532904,-0.0723495413909174
2012-10-30,465001,150651,107664,196396,229881,001602,WHEAT - CHICAGO BOARD OF TRADE ,863.75,0.07201059782667134,-33485,0.8030400185912803,42987,-1.322261766946253,0.02350584244517063,0.023788785010549134,-0.0057553956834532904,0.01534008683068011,-0.06763865232190087
2012-11-06,466690,151399,105636,198685,237206,001602,WHEAT - CHICAGO BOARD OF TRADE ,877.0,0.08254087295635218,-38521,-1.0830084236377986,45763,0.5969879634667452,0.022055972708773523,0.010800085591456416,0.01534008683068011,-0.029646522234891726,-0.06306239849854325
2012-11-13,493077,159362,109682,211821,244337,001602,WHEAT - CHICAGO BOARD OF TRADE ,851.0,0.06594507551558884,-32516,1.2867213782168034,49680,0.839315177098288,0.04442978090924636,0.04463582164999034,-0.029646522234891726,-0.007050528789659172,-0.05828558256238525
2012-11-20,494374,141105,107930,225198,245223,001602,WHEAT - CHICAGO BOARD OF TRADE ,845.0,0.04050577093455562,-20025,2.533275735838419,33175,-3.347347371708678,0.030319649845563866,0.08034613608528922,-0.007050528789659172,0.03313609467455625,-0.053582275326380935
2012-11-27,461646,130247,97588,207396,230809,001602,WHEAT - CHICAGO BOARD OF TRADE ,873.0,0.05071634975717325,-23413,-0.6853111207304591,32659,-0.10437442098492233,0.07351810225807556,0.09304979480764589,0.03313609467455625,-0.03951890034364258,-0.04862641176252991
2012-12-04,444444,121501,94674,203134,217067,001602,WHEAT - CHICAGO BOARD OF TRADE ,838.5,0.03134928134928135,-13933,2.05352152948363,26827,-1.2633056497836004,0.042846161717844555,0.05393778188967272,-0.03951890034364258,-0.03905784138342283,-0.044374953626449394
2012-12-11,440864,114206,107168,209958,201260,001602,WHEAT - CHICAGO BOARD OF TRADE ,805.75,-0.019729440371633884,8698,5.0919800919800915,7038,-4.452529452529452,0.0550340695203031,0.08939170815000859,-0.03905784138342283,0.006825938566553003,-0.04089905546389003
2012-12-18,440870,111271,121373,225556,196451,001602,WHEAT - CHICAGO BOARD OF TRADE ,811.25,-0.0660171932769297,29105,4.628865137548088,-10102,-3.887820280177107,0.048357017774586675,0.07367479926411169,0.006825938566553003,-0.07488443759630203,-0.03830539197384176
2013-01-08,472278,108817,129700,247331,208830,001602,WHEAT - CHICAGO BOARD OF TRADE ,750.5,-0.08152190023672498,38501,2.1312405017352054,-20883,-2.4453920656882984,0.07487268749410844,0.045200132485315514,-0.07488443759630203,0.04297135243171213,-0.03650849858961607
2013-01-15,460271,110117,122951,230022,203916,001602,WHEAT - CHICAGO BOARD OF TRADE ,782.75,-0.0567187591657958,26106,-2.624513528049157,-12834,1.7042928105903725,0.0512123851794496,0.034534985497794636,0.04297135243171213,-0.004471414883423841,-0.034339278673021986
2013-01-22,459061,106432,123064,228661,199186,001602,WHEAT - CHICAGO BOARD OF TRADE ,779.25,-0.06420715329770989,29475,0.7319600843850688,-16632,-0.8251660434830785,0.014236397590727527,0.01654930804894203,-0.004471414883423841,-0.002887391722810384,-0.03203594709082732
2013-01-29,457933,112235,119659,220326,199340,001602,WHEAT - CHICAGO BOARD OF TRADE ,777.0,-0.045827664745716076,20986,-1.8492095821688186,-7424,2.0058336473801957,0.020227990830803545,0.03970779752818098,-0.002887391722810384,-0.025096525096525046,-0.02910838515003256
2013-02-05,467801,121759,138412,224745,193523,001602,WHEAT - CHICAGO BOARD OF TRADE ,757.5,-0.0667420548481085,31222,2.2352614902180012,-16653,-2.0153603256371566,0.02447234787265581,0.10868621022327624,-0.025096525096525046,-0.03366336633663369,-0.027047145595535872
2013-02-12,490136,118765,139587,225471,187746,001602,WHEAT - CHICAGO BOARD OF TRADE ,732.0,-0.07696843325117926,37725,1.3901210129948418,-20822,-0.8911909123751338,0.015737493859158746,0.016136898495076483,-0.03366336633663369,0.0003415300546447675,-0.025876407638033047
2013-02-19,483373,117079,147464,225623,177477,001602,WHEAT - CHICAGO BOARD OF TRADE ,732.25,-0.09960423937621671,48146,2.126144580279759,-30385,-1.9510911257283694,0.025852145869511286,0.036149132655182714,0.0003415300546447675,-0.03618982587913966,-0.025236754205470748
2013-02-26,452291,107308,151075,220376,158981,001602,WHEAT - CHICAGO BOARD OF TRADE ,705.75,-0.13574225443353946,61395,2.740947467069944,-43767,-2.7684624503230424,0.06258748355770422,0.05179133302113529,-0.03618982587913966,-0.013460857244066649,-0.024743689421668706
2013-03-05,460888,111687,153893,217785,158297,001602,WHEAT - CHICAGO BOARD OF TRADE ,696.25,-0.12907257294613875,59488,-0.42163120645778934,-42206,0.34513178462538496,0.008708207252673619,0.027099179155056857,-0.013460857244066649,0.006104129263913904,-0.024218058720752802
2013-03-12,470321,121112,154210,215626,163928,001602,WHEAT - CHICAGO BOARD OF TRADE ,700.5,-0.10992067120115835,51698,-1.6902154102515146,-33098,1.9761851035392546,0.020524088798958777,0.03538402307116758,0.006104129263913904,0.03069236259814412,-0.023564409167666552
2013-03-19,453923,123368,148428,206017,164242,001602,WHEAT - CHICAGO BOARD OF TRADE ,722.0,-0.09203102728876925,41775,-2.109835622904357,-25060,1.7090455242270703,0.02680015880775349,0.02957365082635506,0.03069236259814412,0.013157894736842035,-0.02327747102632834
2013-03-26,453242,126325,143382,202610,171017,001602,WHEAT - CHICAGO BOARD OF TRADE ,731.5,-0.06970448457998156,31593,-2.243111717185514,-17057,1.7630743540203955,0.027251777842607735,0.029672941377124066,0.013157894736842035,-0.08304853041695148,-0.02223163442098084
2013-04-02,438095,122536,144822,191185,151290,001602,WHEAT - CHICAGO BOARD OF TRADE ,670.75,-0.09106472340474098,39895,1.8316925615896145,-22286,-1.1536883166167302,0.09096138404263085,0.019558045766350736,-0.08304853041695148,0.05665300037271703,-0.021791974806383622
2013-04-09,440638,117060,138241,197510,157507,001602,WHEAT - CHICAGO BOARD OF TRADE ,708.75,-0.09078427189665894,40003,0.024652187310971362,-21181,0.2522283979502163,0.03532788570688164,0.047226607024649335,0.05665300037271703,-0.007407407407407418,-0.021259443054087477
2013-04-16,441110,114601,141960,208870,159765,001602,WHEAT - CHICAGO BOARD OF TRADE ,703.5,-0.11132143909682392,49105,2.06564118391968,-27359,-1.4020579250995149,0.036941690289853106,0.024080043342518932,-0.007407407407407418,-0.008528784648187626,-0.020978185702017964
2013-04-23,431423,116520,140068,202037,157747,001602,WHEAT - CHICAGO BOARD OF TRADE ,697.5,-0.10266026614250978,44290,-1.0915644623789984,-23548,0.8639568361633152,0.024600871634091567,0.014852604174786038,-0.008528784648187626,0.03476702508960572,-0.020004107018548975
2013-04-30,407082,118958,130439,185955,157796,001602,WHEAT - CHICAGO BOARD OF TRADE ,721.75,-0.06917279565296426,28159,-3.7390217953145752,-11481,2.7970228754609745,0.04692640894135581,0.04838470390582084,0.03476702508960572,-0.03082784897817803,-0.01809274862267527
2013-05-07,412883,115456,132191,191785,155875,001602,WHEAT - CHICAGO BOARD OF TRADE ,699.5,-0.08697379160682324,35910,1.9040389896875816,-16735,-1.2906490584206622,0.022294770753034574,0.021215681998974348,-0.03082784897817803,0.002859185132237263,-0.016553302425311126
2013-05-14,403380,116137,139819,187572,148074,001602,WHEAT - CHICAGO BOARD OF TRADE ,701.5,-0.09791759631117061,39498,0.8690113179762791,-23682,-1.6825589816001143,0.03579366356220542,0.032462610761224586,0.002859185132237263,-0.029935851746258013,-0.01564592782455434
2013-05-21,414221,112010,157112,197141,130843,001602,WHEAT - CHICAGO BOARD OF TRADE ,680.5,-0.1600546568136333,66298,6.643859388169964,-45102,-5.310129406514949,0.08171130299038977,0.07959215523071321,-0.029935851746258013,0.01947097722263047,-0.015003776737777448
2013-05-28,415805,113778,153434,196437,137833,001602,WHEAT - CHICAGO BOARD OF TRADE ,693.75,-0.14094106612474597,58604,-1.8574625622554144,-39656,1.31475709826397,0.02301732132707093,0.020380821220603865,0.01947097722263047,0.02198198198198198,-0.013979897637702935
2013-06-04,428452,119950,148665,201233,152763,001602,WHEAT - CHICAGO BOARD OF TRADE ,709.0,-0.11312819172276008,48470,-2.437200129868568,-28715,2.6312814901215713,0.055723793489191965,0.04073115797703032,0.02198198198198198,-0.017277856135402003,-0.015071282468930877
2013-06-11,418531,115052,145685,195137,143867,001602,WHEAT - CHICAGO BOARD OF TRADE ,696.75,-0.12249988650780946,51270,0.6535154463043701,-30633,-0.4476580807184935,0.044223666977380796,0.030214353927520834,-0.017277856135402003,-0.013275923932543954,-0.016622731995834215
2013-06-18,421328,111836,154837,204671,139322,001602,WHEAT - CHICAGO BOARD OF TRADE ,687.5,-0.15510243800554438,65349,3.3639085276837317,-43001,-2.955097710802784,0.04092815842182835,0.0463788985011606,-0.013275923932543954,-0.017090909090909046,-0.017891911014149595
2013-06-25,388909,113075,140485,180927,133261,001602,WHEAT - CHICAGO BOARD OF TRADE ,675.75,-0.12256337600826929,47666,-4.19696768313523,-27410,3.7004424106634257,0.09486358486002011,0.06148840511121628,-0.017090909090909046,-0.0388457269700333,-0.018494758127155578
2013-07-02,414335,115184,160714,199484,121500,001602,WHEAT - CHICAGO BOARD OF TRADE ,649.5,-0.18821485030229163,77984,7.7956539961790545,-45530,-4.659187624868542,0.09445330608379233,0.08096470434725878,-0.0388457269700333,0.0400307929176289,-0.02030963586049673
2013-07-09,404010,114668,163382,188003,122853,001602,WHEAT - CHICAGO BOARD OF TRADE ,675.5,-0.1612583846934482,65150,-3.0974935740403295,-48714,-0.7684603038604028,0.04128599737499035,0.011451177845711202,0.0400307929176289,-0.0088823094004441,-0.02341439398439736
2013-07-16,402864,119702,159391,183629,122104,001602,WHEAT - CHICAGO BOARD OF TRADE ,669.5,-0.1527190317327932,61525,-0.8972550184401376,-39689,2.2338555976337218,0.01675645089015579,0.03233689128713368,-0.0088823094004441,-0.02352501867064971,-0.026738682541122626
2013-07-23,404401,120056,173336,184052,109639,001602,WHEAT - CHICAGO BOARD OF TRADE ,653.75,-0.18400795250259025,74413,3.1990944834981536,-53280,-3.373595059374876,0.043882856471597696,0.04873684354038283,-0.02352501867064971,0.002294455066921497,-0.031186143084506342
2013-07-30,405019,126595,171146,178994,115057,001602,WHEAT - CHICAGO BOARD OF TRADE ,655.25,-0.1578617299435335,63937,-2.590498045257059,-44551,2.158501091738151,0.03562647295877246,0.02931742689115708,0.002294455066921497,-0.007249141549027116,-0.035776561290949256
2013-08-06,408755,131097,178360,184407,119728,001602,WHEAT - CHICAGO BOARD OF TRADE ,650.5,-0.1582341500409781,64679,0.18320128191516943,-47263,-0.6695982163799723,0.03315632860407385,0.03785986421376799,-0.007249141549027116,-0.03420445810914685,-0.040549158882645396
2013-08-13,418933,131162,180225,188916,119854,001602,WHEAT - CHICAGO BOARD OF TRADE ,628.25,-0.16485213626045214,69062,1.0722804614010837,-49063,-0.44036158579099954,0.015011173365288078,0.006198075064148471,-0.03420445810914685,0.00955033824114615,-0.045488081613542
2013-08-20,404468,128304,179035,186842,117345,001602,WHEAT - CHICAGO BOARD OF TRADE ,634.25,-0.17182323447095937,69497,0.10383521947423574,-50731,-0.3981543588115522,0.015066390082416408,0.013171123742837713,0.00955033824114615,0.026014978320851423,-0.05066727316588459
2013-08-27,369443,126301,166375,173537,117196,001602,WHEAT - CHICAGO BOARD OF TRADE ,650.75,-0.15250255113779393,56341,-3.2526677017712156,-40074,2.634819070977185,0.046276136523889615,0.050099769027866996,0.026014978320851423,-0.021897810218978075,-0.05534234827399462
2013-09-03,358179,122601,169332,171124,107475,001602,WHEAT - CHICAGO BOARD OF TRADE ,636.5,-0.17770165196731244,63649,1.9781129971335225,-46731,-1.8019017818716283,0.04355363802454424,0.022803177441399224,-0.021897810218978075,-0.0043205027494108705,-0.06071558745125275
2013-09-10,354855,121207,174785,172555,102429,001602,WHEAT - CHICAGO BOARD OF TRADE ,633.75,-0.19761874568485718,70126,1.8083137202348547,-53578,-1.9116140253895397,0.02355409769295668,0.02313238195626909,-0.0043205027494108705,0.0145956607495068,-0.06620285371993904
2013-09-17,356151,119745,175573,175610,101555,001602,WHEAT - CHICAGO BOARD OF TRADE ,643.0,-0.20793146727090475,74055,1.1072128052303054,-55828,-0.6340617998900959,0.014175671531398265,0.007618905721967506,0.0145956607495068,0.023716951788491425,-0.07197810802962282
2013-09-24,359940,123474,164869,171751,113221,001602,WHEAT - CHICAGO BOARD OF TRADE ,658.25,-0.16261043507251208,58530,-4.359106109487268,-41395,4.05249458796971,0.054479036536922924,0.050054969255366004,0.023716951788491425,0.03494113178883396,-0.07669397209502246
2013-10-01,356627,123035,132138,165169,140701,001602,WHEAT - CHICAGO BOARD OF TRADE ,681.25,-0.06860949956116615,24468,-9.463243873978996,-9103,8.971495249208202,0.11136103573413542,0.1299902419143091,0.03494113178883396,0.017981651376146823,-0.07971582833421177
2013-10-08,366070,131204,124018,163332,154409,001602,WHEAT - CHICAGO BOARD OF TRADE ,693.5,-0.02437511951266151,8923,-4.358895989367042,7186,4.567517322019925,0.04892349429252127,0.06382286793458244,0.017981651376146823,-0.011175198269646747,-0.08199444516959895
2013-10-15,366928,128517,120913,167956,159246,001602,WHEAT - CHICAGO BOARD OF TRADE ,685.75,-0.023737627000392447,8710,-0.058185592919387,7604,0.1141858114568252,0.02891485993361899,0.023220943751754,-0.011175198269646747,0.021873860736419948,-0.08413825359195085
2013-10-22,374948,131934,121718,166347,162349,001602,WHEAT - CHICAGO BOARD OF TRADE ,700.75,-0.010662811909918175,3998,-1.284175642087821,10216,0.71185627698077,0.014335434565677709,0.016644852001955434,0.021873860736419948,-0.027827327863003903,-0.0858195427865424
2013-10-29,364164,125845,124619,162828,143564,001602,WHEAT - CHICAGO BOARD OF TRADE ,681.25,-0.052899243198119526,19264,4.07149791437746,1226,-2.3976658096589394,0.07279563435076634,0.03589338188322473,-0.027827327863003903,-0.03706422018348621,-0.0879319740872589
2013-11-05,364997,114627,137911,173041,124231,001602,WHEAT - CHICAGO BOARD OF TRADE ,656.0,-0.1337271265243276,48810,8.11337748926308,-23284,-6.730484067617887,0.09939045722436018,0.09705470067870973,-0.03706422018348621,-0.016387195121951192,-0.09204369516848934
2013-11-12,403150,122528,170729,192558,120926,001602,WHEAT - CHICAGO BOARD OF TRADE ,645.25,-0.17768076398362892,71632,6.25265413140382,-48201,-6.826631451765357,0.0728011636957548,0.13885090551973184,-0.016387195121951192,0.007748934521503381,-0.09684545212637974
2013-11-19,412986,128761,183840,196166,122175,001602,WHEAT - CHICAGO BOARD OF TRADE ,650.25,-0.17916103693587676,73991,0.5851420066972591,-55079,-1.7060647401711524,0.015257224171564455,0.06188080012539947,0.007748934521503381,-0.005767012687427964,-0.10187818116276876
2013-11-26,391824,129275,188532,178950,102787,001602,WHEAT - CHICAGO BOARD OF TRADE ,646.5,-0.194380640287476,76163,0.525925818308611,-59257,-1.0116565694720885,0.12992258737758974,0.01638101111680989,-0.005767012687427964,0.011214230471771058,-0.10688444492821231
2013-12-03,386676,128983,183192,175930,102856,001602,WHEAT - CHICAGO BOARD OF TRADE ,653.75,-0.18897992117431647,73074,-0.7883641635019805,-54209,1.2883335375066356,0.011080183366453122,0.018041162809321696,0.011214230471771058,-0.037093690248566014,-0.1112976313149214
2013-12-10,388309,122951,185251,179619,97165,001602,WHEAT - CHICAGO BOARD OF TRADE ,629.5,-0.2123412024959504,82454,2.4258035150875665,-62300,-2.0924494925984543,0.03388924215272559,0.02625226312613156,-0.037093690248566014,-0.015488482922954683,-0.11635643039671223
2013-12-17,397185,124720,185339,180455,100029,001602,WHEAT-SRW - CHICAGO BOARD OF TRADE ,619.75,-0.20249002354066745,80426,-0.522264485242423,-60619,0.43290266257027266,0.013191483293164672,0.005989182703936993,-0.015488482922954683,-0.021782977006857607,-0.12085334010613431
2013-12-24,404159,130728,189105,181185,102919,001602,WHEAT-SRW - CHICAGO BOARD OF TRADE ,606.25,-0.19365150844098486,78266,-0.543827183806035,-58377,0.5644724750431159,0.012741812857263538,0.03055969834257253,-0.021782977006857607,-0.0016494845360824906,-0.12419799526131414
2013-12-31,411316,129332,191324,184165,105481,001602,WHEAT-SRW - CHICAGO BOARD OF TRADE ,605.25,-0.19129817463944995,78684,0.10342464228187422,-61992,-0.894449956576496,0.019133701138631293,0.011273763784242304,-0.0016494845360824906,-0.004543577034283319,-0.12660724490290107
2014-01-07,413296,132177,192546,183180,104904,001602,WHEAT-SRW - CHICAGO BOARD OF TRADE ,602.5,-0.18939452595718323,78276,-0.09919380719446849,-60369,0.39458713008976065,0.00542202968578609,0.01252452089935114,-0.004543577034283319,-0.038589211618257235,-0.12868171847444834
2014-01-14,422664,134436,184594,176993,108261,001602,WHEAT-SRW - CHICAGO BOARD OF TRADE ,579.25,-0.1626161679253497,68732,-2.3092408346560336,-50158,2.470626379156827,0.033457900677992244,0.03200639438297339,-0.038589211618257235,-0.02934829520932236,-0.13071820710443977
2014-01-21,434469,134539,185515,182635,113340,001602,WHEAT-SRW - CHICAGO BOARD OF TRADE ,562.25,-0.15949354269234398,69295,0.13320273314027217,-50976,-0.19353434406526224,0.036222653940366584,0.0031994600911096254,-0.02934829520932236,0.0066696309470875015,-0.1325506376697212
2014-01-28,444827,133862,191604,192556,120472,001602,WHEAT-SRW - CHICAGO BOARD OF TRADE ,566.0,-0.16204951587920696,72084,0.6419330262918643,-57742,-1.5573032828579254,0.05447755472353911,0.02078865380715651,0.0066696309470875015,0.032685512367491176,-0.13478567326844215
2014-02-04,437968,138146,187099,191005,131034,001602,WHEAT-SRW - CHICAGO BOARD OF TRADE ,584.5,-0.13693009534943193,59971,-2.7230811079363435,-48953,1.9758243092258339,0.03761345675523772,0.027022705960122368,0.032685512367491176,0.009837467921300247,-0.136135443278083
2014-02-11,437684,136677,177160,187803,135495,001602,WHEAT-SRW - CHICAGO BOARD OF TRADE ,590.25,-0.11951087999561327,52308,-1.7496712088554416,-40483,1.933931246118438,0.023702590179957808,0.03635007981850451,0.009837467921300247,0.03684879288437104,-0.1369535672539375
2014-02-18,422829,133941,160915,176310,139897,001602,WHEAT-SRW - CHICAGO BOARD OF TRADE ,612.0,-0.08611755579678783,36413,-3.6316155034225606,-26974,3.0864733460670255,0.05026770438352092,0.06437379602246521,0.03684879288437104,0.004901960784313708,-0.1366942079543331
2014-02-25,376244,116192,134882,159882,128824,001602,WHEAT-SRW - CHICAGO BOARD OF TRADE ,615.0,-0.08254749577401899,31058,-1.2664694238096252,-18690,1.9591844457215564,0.09525607365278173,0.17437886838143335,0.004901960784313708,0.040243902439024426,-0.13567123182626542
2014-03-04,346522,114503,121490,145996,127635,001602,WHEAT-SRW - CHICAGO BOARD OF TRADE ,639.75,-0.05298653476546944,18361,-3.3746717555628796,-6987,3.1104814960504354,0.05509244201132182,0.06390443784349535,0.040243902439024426,0.03673309886674492,-0.13420803878432944
2014-03-11,340739,115373,108649,138404,138629,001602,WHEAT-SRW - CHICAGO BOARD OF TRADE ,663.25,0.000660329460378765,-225,-5.363584418882495,6724,3.956747334945544,0.06708948031461956,0.06120381034005589,0.03673309886674492,0.044101017715793445,-0.1320814810792999
2014-03-18,344794,117488,105661,137495,141572,001602,WHEAT-SRW - CHICAGO BOARD OF TRADE ,692.5,0.011824451701595736,-4077,-1.1304840361684456,11827,1.497627216139039,0.013803136881107405,0.02286812847021497,0.044101017715793445,0.022743682310469415,-0.1300842603294852
2014-03-25,360618,124529,102954,139664,151839,001602,WHEAT-SRW - CHICAGO BOARD OF TRADE ,708.25,0.033761487224708696,-12175,-2.3486487583890674,21575,2.827195368828924,0.04266165356788781,0.04285155374247746,0.022743682310469415,-0.03247440875397101,-0.1280945301024719
2014-04-01,367573,126437,99780,143689,159136,001602,WHEAT-SRW - CHICAGO BOARD OF TRADE ,685.25,0.042024305376074954,-15447,-0.9073313034845737,26657,1.4092474585295243,0.037387930322793694,0.022465155138650057,-0.03247440875397101,-0.0062021160160525834,-0.1255351257028408
2014-04-08,377237,127130,103249,144446,161574,001602,WHEAT-SRW - CHICAGO BOARD OF TRADE ,681.0,0.04540381775912755,-17128,-0.457324123371412,23881,-0.7552241323492204,0.010440494085353899,0.018065882741048447,-0.0062021160160525834,0.030469897209985275,-0.1229161239786911
2014-04-15,370600,124239,103288,148777,162490,001602,WHEAT-SRW - CHICAGO BOARD OF TRADE ,701.75,0.03700215866162979,-13713,0.9052664505337494,20951,-0.776700058583861,0.01685691062656819,0.012877592549455669,0.030469897209985275,-0.04096900605628784,-0.12006374709872084
2014-04-22,367278,120558,103067,151486,156889,001602,WHEAT-SRW - CHICAGO BOARD OF TRADE ,673.0,0.014710927417378662,-5403,2.242309767943875,17491,-0.9336211548839719,0.026947709768950143,0.017448854108440468,-0.04096900605628784,0.0520059435364042,-0.11780660876103068
2014-04-29,356546,125321,89154,144830,170131,001602,WHEAT-SRW - CHICAGO BOARD OF TRADE ,708.0,0.0709613906760979,-25301,-5.417694498445319,36167,5.084976502812584,0.06317607576811098,0.08707774798927614,0.0520059435364042,0.033545197740112886,-0.11511172056239485
2014-05-06,362059,126700,89902,141857,171671,001602,WHEAT-SRW - CHICAGO BOARD OF TRADE ,731.75,0.08234569503865392,-29814,-1.265755330308011,36798,0.17697576189327605,0.014394248679543772,0.00981985392563319,0.033545197740112886,-0.04338913563375468,-0.11185557658844338
2014-05-13,369027,134118,95766,138719,166515,001602,WHEAT-SRW - CHICAGO BOARD OF TRADE ,700.0,0.075322401883873,-27796,0.5573677218353915,38352,0.42921181354420135,0.02717259545135863,0.05777696577404256,-0.04338913563375468,-0.04214285714285715,-0.10852403816161561
2014-05-20,377013,125590,102114,146068,156965,001602,WHEAT-SRW - CHICAGO BOARD OF TRADE ,670.5,0.028903512610970974,-10897,4.579339723109691,23476,-4.031141352800743,0.05576620368078724,0.06533042897797141,-0.04214285714285715,-0.0439970171513796,-0.10489022721114244
2014-05-27,382061,129160,104995,153988,163077,001602,WHEAT-SRW - CHICAGO BOARD OF TRADE ,641.0,0.023789394887203875,-9089,0.47955906029765555,24165,0.18275231888555568,0.044255909671518455,0.027550127052593368,-0.0439970171513796,-0.04446177847113886,-0.10172233373014342
2014-06-03,386068,130617,116138,164025,162191,001602,WHEAT-SRW - CHICAGO BOARD OF TRADE ,612.5,-0.004750458468456334,1834,2.8589675470670914,14479,-2.5351972590764302,0.033483949285136226,0.05106279508014022,-0.04446177847113886,-0.01836734693877551,-0.09963814655217604
2014-06-10,401247,128222,128951,170589,156323,001602,WHEAT-SRW - CHICAGO BOARD OF TRADE ,601.25,-0.035554159906491516,14266,3.2201581068620033,-729,-3.939202420299015,0.03802858261550509,0.059135290252087115,-0.01836734693877551,-0.032432432432432434,-0.09796611334830453
2014-06-17,401525,122991,127777,174616,156355,001602,WHEAT-SRW - CHICAGO BOARD OF TRADE ,581.75,-0.045479110889732895,18261,0.9956460733662806,-4786,-1.0110979022896123,0.012263914361076952,0.02554153640017865,-0.032432432432432434,-0.01847872797593464,-0.09585797244223124
2014-06-24,376293,102315,135851,179514,136289,001602,WHEAT-SRW - CHICAGO BOARD OF TRADE ,571.0,-0.11487059286247685,43225,6.217296556876907,-33536,-7.1602017309009405,0.07904928072247572,0.12071412376241782,-0.01847872797593464,-0.019702276707530664,-0.09571003430481216
2014-07-01,370771,107523,140941,172256,128592,001602,WHEAT-SRW - CHICAGO BOARD OF TRADE ,559.75,-0.11776541315259284,43664,0.11666440778861153,-33418,0.03135854241242861,0.04970948784768388,0.041446648206581234,-0.019702276707530664,-0.025904421616793183,-0.09435523743654871
2014-07-08,384888,107601,147251,177635,128978,001602,WHEAT-SRW - CHICAGO BOARD OF TRADE ,545.25,-0.12641859450021825,48657,1.3466533250982413,-39650,-1.680821854999447,0.01880220342907835,0.0250655282281481,-0.025904421616793183,-0.01375515818431916,-0.0936852414712943
2014-07-15,405434,109223,151927,187907,136246,001602,WHEAT-SRW - CHICAGO BOARD OF TRADE ,537.75,-0.12742147920500008,51661,0.7804867909625657,-42704,-0.7934775830891064,0.05411025040644387,0.02411640819452422,-0.01375515818431916,-0.024639702463970292,-0.09319875007652903
2014-07-22,420728,117614,166007,187442,129994,001602,WHEAT-SRW - CHICAGO BOARD OF TRADE ,524.5,-0.13654427563651575,57448,1.4273593235890427,-48393,-1.4031876951612348,0.02116017086908857,0.07922897105644504,-0.024639702463970292,-0.008579599618684486,-0.09228598705987377
2014-07-29,437580,115502,178192,199287,128275,001602,WHEAT-SRW - CHICAGO BOARD OF TRADE ,520.0,-0.1622834681658211,71012,3.223935654389534,-62690,-3.3981574794166303,0.041408954640648185,0.04867991855468617,-0.008579599618684486,0.0625,-0.09237102048722545
2014-08-05,438935,121838,177528,197323,133297,001602,WHEAT-SRW - CHICAGO BOARD OF TRADE ,552.5,-0.14586670008087757,64026,-1.5965080670963023,-55690,1.5997074820604233,0.021129998185227754,0.023382748875957857,0.0625,-0.026244343891402733,-0.09213318491106967
2014-08-12,423732,120013,168339,191490,135661,001602,WHEAT-SRW - CHICAGO BOARD OF TRADE ,538.0,-0.13175544919902202,55829,-1.8674746830396298,-48326,1.6776971533370544,0.025055708220363074,0.03819637110198646,-0.026244343891402733,0.014869888475836479,-0.09149671015988832
2014-08-19,420191,120425,163528,188881,136817,001602,WHEAT-SRW - CHICAGO BOARD OF TRADE ,546.0,-0.12390555723468613,52064,-0.888533318229447,-43103,1.232618730707145,0.011559788515741576,0.018393889129539043,0.014869888475836479,-0.008241758241758212,-0.09057521636688307
2014-08-26,396273,119887,159139,178502,126008,001602,WHEAT-SRW - CHICAGO BOARD OF TRADE ,541.5,-0.13246928254006707,52494,0.10233441458765181,-39252,0.916487978086156,0.06958063774588684,0.017657852673227583,-0.008241758241758212,0.003693444136657398,-0.09018996120154216
2014-09-02,381369,120423,161194,170405,118032,001602,WHEAT-SRW - CHICAGO BOARD OF TRADE ,543.5,-0.1373289386394804,52373,-0.030534505252691954,-40771,-0.38332159899867013,0.05572447362855667,0.009200438893958817,0.003693444136657398,-0.029438822447102164,-0.08941356286831462
2014-09-09,391716,120849,166246,174497,112739,001602,WHEAT-SRW - CHICAGO BOARD OF TRADE ,527.5,-0.15766014153110927,61758,2.460871229701418,-45397,-1.2129984345869749,0.03267348103998106,0.01908079207231056,-0.029438822447102164,-0.05924170616113744,-0.08864512817305024
2014-09-16,398319,125529,173475,174818,109363,001602,WHEAT-SRW - CHICAGO BOARD OF TRADE ,496.25,-0.16432808879315322,65455,0.9437960154806033,-47946,-0.6507265467838944,0.01300931448619014,0.03982889861005204,-0.05924170616113744,-0.04080604534005039,-0.08780660166386271
2014-09-23,415904,131409,191058,184546,107473,001602,WHEAT-SRW - CHICAGO BOARD OF TRADE ,476.0,-0.18531439947680234,77073,2.9167576741255123,-59649,-2.9380973541307345,0.039785082477510024,0.07276093367693438,-0.04080604534005039,0.003676470588235281,-0.0882432163639452
2014-09-30,423182,138030,194210,182442,109262,001602,WHEAT-SRW - CHICAGO BOARD OF TRADE ,477.75,-0.1729279600739162,73180,-0.9360333153804724,-56180,0.8340867123182274,0.01334572031922771,0.029415482783529977,0.003676470588235281,0.05965463108320246,-0.09024934060457503
2014-10-07,418862,131903,190458,181644,110618,001602,WHEAT-SRW - CHICAGO BOARD OF TRADE ,506.25,-0.16956897498460113,71026,-0.5090008554239075,-58555,-0.5612242486684216,0.007370099431332161,0.030645766702547764,0.05965463108320246,0.00592592592592589,-0.09304153013288155
2014-10-14,418509,132129,184102,181706,114362,001602,WHEAT-SRW - CHICAGO BOARD OF TRADE ,509.25,-0.16091410220568733,67344,-0.8790484694242974,-51973,1.5714006044950366,0.012855154896848022,0.0208138987006334,0.00592592592592589,0.019636720667648433,-0.09567953927144492
2014-10-21,415401,129356,176097,186723,126779,001602,WHEAT-SRW - CHICAGO BOARD OF TRADE ,519.25,-0.14430393764097824,59944,-1.7681818073207505,-46741,1.250152326473266,0.05561049052318646,0.03528529757442225,0.019636720667648433,0.022147327876745226,-0.09824956092011913
2014-10-28,425445,134476,169395,190085,141121,001602,WHEAT-SRW - CHICAGO BOARD OF TRADE ,530.75,-0.1150889069092362,48964,-2.6432290726310237,-34919,2.8459247811151154,0.0534531379262453,0.038904666782944075,0.022147327876745226,-0.00047103155911443206,-0.09944551599148678
2014-11-04,419547,129951,157457,190055,147598,001602,WHEAT-SRW - CHICAGO BOARD OF TRADE ,530.5,-0.10119724369379354,42457,-1.529457391672249,-27506,1.742410887423756,0.01927126369379215,0.057280938596002896,-0.00047103155911443206,-0.009896324222431696,-0.09881994132166881
2014-11-11,414831,126204,155451,183673,141600,001602,WHEAT-SRW - CHICAGO BOARD OF TRADE ,525.25,-0.10142202487277951,42073,-0.09152729014866035,-29247,-0.4149713858042126,0.03806033700921995,0.020425698105838705,-0.009896324222431696,0.04521656354117076,-0.09735342710799863
2014-11-18,411446,126417,146779,186489,155792,001602,WHEAT-SRW - CHICAGO BOARD OF TRADE ,549.0,-0.07460760342791034,30697,-2.7423215719172385,-20362,2.141836073003223,0.04969016685121289,0.0325224381030469,0.04521656354117076,0.004553734061930825,-0.09534278415592237
2014-11-25,371924,117870,126243,168177,146006,001602,WHEAT-SRW - CHICAGO BOARD OF TRADE ,551.5,-0.059611641087964205,22171,-2.072203885807615,-8373,2.9138696208007855,0.08943195526174236,0.11913744864058858,0.004553734061930825,0.09746146872166817,-0.09275107263285484
2014-12-02,375363,116599,121737,173240,157668,001602,WHEAT-SRW - CHICAGO BOARD OF TRADE ,605.25,-0.041485175683271924,15572,-1.7742872199696713,-5138,0.8698013572665383,0.05054274904202981,0.024238889634801287,0.09746146872166817,-0.00784799669558034,-0.0899146352195655
2014-12-09,373848,124484,117483,169965,167849,001602,WHEAT-SRW - CHICAGO BOARD OF TRADE ,600.5,-0.005660054353641052,2116,-3.5847965835737674,7001,3.2339362164091825,0.03983257058618056,0.05016799811544549,-0.00784799669558034,0.03788509575353882,-0.08593999775529032
2014-12-16,368598,132356,110203,163316,176033,001602,WHEAT-SRW - CHICAGO BOARD OF TRADE ,623.25,0.03450100109061905,-12717,-3.967655303759817,22153,4.052984100490039,0.04371016269386384,0.062467276002951856,0.03788509575353882,0.019655034095467316,-0.08138247805084252
2014-12-23,374826,139027,117131,156993,171076,001602,WHEAT-SRW - CHICAGO BOARD OF TRADE ,635.5,0.037572100121122866,-14083,-0.3705934378374272,21896,-0.06972365558141932,0.03438301089100159,0.05308832829737896,0.019655034095467316,-0.05271439811172307,-0.0769358701938789
2014-12-30,371977,131999,118465,160033,166060,001602,WHEAT-SRW - CHICAGO BOARD OF TRADE ,602.0,0.016202614677789218,-6027,2.1492639251279257,13534,-2.230901805104235,0.02470460880791676,0.03338603551807845,-0.05271439811172307,-0.017026578073089715,-0.0729454703993166
2015-01-06,375872,127118,120140,158548,158931,001602,WHEAT-SRW - CHICAGO BOARD OF TRADE,591.75,0.0010189639026051422,-383,1.5172981125177094,6978,-1.7624745615992385,0.02713250325218361,0.026514814485274492,-0.017026578073089715,-0.07393324883819186,-0.0692836725173976
2015-01-13,368985,120028,113594,155111,151022,001602,WHEAT-SRW - CHICAGO BOARD OF TRADE,548.0,-0.011081751290702874,4089,1.189766729099268,6434,-0.14473012089221862,0.03706232258528156,0.05836779070464254,-0.07393324883819186,-0.02007299270072993,-0.06636954912057748
2015-01-20,382543,118632,117264,158715,148460,001602,WHEAT-SRW - CHICAGO BOARD OF TRADE,537.0,-0.026807443869055245,10255,1.671070639727902,1368,-1.372955540198111,0.02007324814844958,0.021475565503442196,-0.02007299270072993,-0.03351955307262566,-0.06381789337397575
2015-01-27,387290,119886,119964,158168,145848,001602,WHEAT-SRW - CHICAGO BOARD OF TRADE,519.0,-0.031810787781765604,12320,0.5398085966806346,-78,-0.37799672193714173,0.010390900478922162,0.016485303314571608,-0.03351955307262566,-0.010115606936416222,-0.06131330244902497
2015-02-03,427575,122940,142306,181090,149721,001602,WHEAT-SRW - CHICAGO BOARD OF TRADE,513.75,-0.07336490674150734,31369,4.918536497198481,-19366,-4.980247359859537,0.08099791119400504,0.09574508192394984,-0.010115606936416222,0.015571776155717698,-0.06009089497579566
2015-02-10,424104,120580,137716,172235,144730,001602,WHEAT-SRW - CHICAGO BOARD OF TRADE,521.75,-0.06485437534189727,27505,-0.903701105069286,-17136,0.5215459276150384,0.04368305648888678,0.026907114318456344,0.015571776155717698,0.02491614758025884,-0.059039808347839576
2015-02-17,410585,122657,140827,167756,142553,001602,WHEAT-SRW - CHICAGO BOARD OF TRADE,534.75,-0.0613831484345507,25203,-0.5427913907909381,-18170,-0.24380812253598175,0.021449587346805927,0.019690000151811875,0.02491614758025884,-0.05423094904160819,-0.05856414666779655
2015-02-24,401742,124096,147364,162616,130159,001602,WHEAT-SRW - CHICAGO BOARD OF TRADE,505.75,-0.08079065669011455,32457,1.7667474457176955,-23268,-1.2416430215424334,0.05988899325420545,0.029381861047668163,-0.05423094904160819,0.005931784478497182,-0.05853036130079839
2015-03-03,404555,123959,153066,159430,122226,001602,WHEAT-SRW - CHICAGO BOARD OF TRADE,508.75,-0.09196277391207623,37204,1.1816041140831677,-29107,-1.4534203543567763,0.03947723464083847,0.021077520079415216,0.005931784478497182,-0.024078624078624045,-0.05927990436131006
2015-03-10,424445,129031,165819,171121,123779,001602,WHEAT-SRW - CHICAGO BOARD OF TRADE,496.5,-0.11153859746256876,47342,2.5059633424379872,-36788,-1.8986293581836833,0.04491013903017972,0.06045446837374936,-0.024078624078624045,0.014098690835850913,-0.0614375760329052
2015-03-17,426797,132301,164632,166138,126987,001602,WHEAT-SRW - CHICAGO BOARD OF TRADE,503.5,-0.09173213494940217,39151,-1.9298142279918482,-32331,1.0500771595848697,0.02794371002132196,0.015010120128109709,0.014098690835850913,0.03972194637537241,-0.0634290488531167
2015-03-24,427942,118638,158508,170895,126031,001602,WHEAT-SRW - CHICAGO BOARD OF TRADE,523.5,-0.10483663674049287,44864,1.3385754820207265,-39870,-1.7664135408636892,0.019240484161036756,0.07139558211195543,0.03972194637537241,-0.02244508118433619,-0.06609439739090904
2015-03-31,431772,113490,162267,178555,124789,001602,WHEAT-SRW - CHICAGO BOARD OF TRADE,511.75,-0.1245240543620244,53766,2.080188436750775,-48777,-2.0813568193820657,0.029346220792235877,0.03230017733004058,-0.02244508118433619,0.027845627747923762,-0.06929725046279557
2015-04-07,447444,116405,159616,181158,136581,001602,WHEAT-SRW - CHICAGO BOARD OF TRADE,526.0,-0.09962587496982862,44577,-2.12820655345877,-43211,1.289106287577703,0.04530447946270367,0.0201651323631173,0.027845627747923762,-0.05513307984790872,-0.07208628301527549
2015-04-14,469920,116820,175559,188807,126301,001602,WHEAT-SRW - CHICAGO BOARD OF TRADE,497.0,-0.13301413006469187,62506,4.006981879296627,-58739,-3.470378416069944,0.05689795244804956,0.0559479305969307,-0.05513307984790872,0.007545271629778583,-0.07535582702924322
2015-04-21,455945,123215,183046,184318,118049,001602,WHEAT-SRW - CHICAGO BOARD OF TRADE,500.75,-0.14534428494664928,66269,0.8007745999319033,-59831,-0.23237997957099082,0.042137534850033236,0.04532735150737443,0.007545271629778583,-0.058412381427858207,-0.07843381188239759
2015-04-28,442544,124883,194803,178197,101511,001602,WHEAT-SRW - CHICAGO BOARD OF TRADE,471.5,-0.1732844643696446,76686,2.284705392097731,-69920,-2.212766890743401,0.08100948131622979,0.04199433193821437,-0.058412381427858207,-0.01590668080593849,-0.08313084755635416
2015-05-05,455053,122615,200028,185753,100697,001602,WHEAT-SRW - CHICAGO BOARD OF TRADE,464.0,-0.18691449127903784,85056,1.891337358545139,-77413,-1.6931649734263712,0.029219759120265316,0.023223810837365137,-0.01590668080593849,0.03286637931034475,-0.08830892806246363
2015-05-12,452943,126584,199111,185491,108471,001602,WHEAT-SRW - CHICAGO BOARD OF TRADE,479.25,-0.1700434712535573,77020,-1.7659481423043029,-72527,1.073721083038679,0.02733686666984168,0.015001765455410737,0.03286637931034475,0.0646844027125717,-0.09302750254587576
2015-05-19,433360,125800,178602,181265,121112,001602,WHEAT-SRW - CHICAGO BOARD OF TRADE,510.25,-0.1388060734724017,60153,-3.723868124686771,-52802,4.354852597346686,0.055781359031936956,0.06995026313887556,0.0646844027125717,-0.032827045565899104,-0.09625268689363294
2015-05-26,437298,120523,183516,184705,116075,001602,WHEAT-SRW - CHICAGO BOARD OF TRADE,493.5,-0.15694103334568188,68630,1.956110393206572,-62993,-2.351624515414436,0.02818338985304874,0.03351872621604465,-0.032827045565899104,0.03850050658561299,-0.09972827205195765
2015-06-02,442014,114879,172633,184827,122840,001602,WHEAT-SRW - CHICAGO BOARD OF TRADE,512.5,-0.14023763953177953,61987,-1.519101390813587,-57754,1.198038865944962,0.022384591132620656,0.05748281810846156,0.03850050658561299,0.03853658536585369,-0.10233379476471388
2015-06-09,443543,122710,143983,172918,147174,001602,WHEAT-SRW - CHICAGO BOARD OF TRADE,532.25,-0.058041723124928134,25744,-8.199514042541638,-21273,8.253358490907528,0.11322682228859203,0.1367902419636061,0.03853658536585369,-0.08172851103804601,-0.10276624790352996
2015-06-16,440311,114623,152433,180188,137704,001602,WHEAT-SRW - CHICAGO BOARD OF TRADE,488.75,-0.09648634715008256,42484,3.7741549297362376,-37810,-3.728387101137883,0.05265939375637009,0.06192334192079564,-0.08172851103804601,0.06700767263427121,-0.10374715629315207
2015-06-23,433941,107587,151142,185180,138633,001602,WHEAT-SRW - CHICAGO BOARD OF TRADE,521.5,-0.10726573428184938,46547,0.9227568695762767,-43555,-1.3047595903804357,0.018285244878988798,0.03218425456752046,0.06700767263427121,0.17881112176414193,-0.1036009090127554
2015-06-30,389170,118918,117011,155171,153872,001602,WHEAT-SRW - CHICAGO BOARD OF TRADE,614.75,-0.003337872909011486,1299,-10.427223977453156,1907,10.476539437388954,0.1464132822940497,0.1926935645893468,0.17881112176414193,-0.05734038226921512,-0.10140037939268651
2015-07-07,393844,133723,114045,151510,166103,001602,WHEAT-SRW - CHICAGO BOARD OF TRADE,579.5,0.037052741694681146,-14593,-4.083562453426523,19678,4.566384870365136,0.05003573531310116,0.0717243550418133,-0.05734038226921512,0.00690250215703192,-0.0982566998504769
2015-07-14,407177,136325,120598,155330,171392,001602,WHEAT-SRW - CHICAGO BOARD OF TRADE,583.5,0.039447218285905146,-16062,-0.3729903210408182,15727,-1.003189079940281,0.027879971351791433,0.03563324420157012,0.00690250215703192,-0.10068551842330764,-0.09504768643719028
2015-07-21,409308,134738,121445,153528,167815,001602,WHEAT-SRW - CHICAGO BOARD OF TRADE,524.75,0.03490525472260498,-14287,0.43592835548176834,13293,-0.5977744322493658,0.016739122993187965,0.009501020754694885,-0.10068551842330764,-0.02667937112910912,-0.09175058008413027
2015-07-28,394933,120057,115704,156675,156912,001602,WHEAT-SRW - CHICAGO BOARD OF TRADE,510.75,0.0006001017894174455,-237,3.432622865910268,4353,-2.1841742648567823,0.044804153233392964,0.08662162104843464,-0.02667937112910912,-0.03377386196769461,-0.08861820373883722
2015-08-04,419980,121168,130898,168393,153200,001602,WHEAT-SRW - CHICAGO BOARD OF TRADE,493.5,-0.036175532168198486,15193,3.906991818865478,-9730,-3.5659213081712595,0.04797990006001374,0.06468543952774274,-0.03377386196769461,0.027862208713272496,-0.08650875820205493
2015-08-11,422938,120432,131829,170213,152754,001602,WHEAT-SRW - CHICAGO BOARD OF TRADE,507.25,-0.04128028221630593,17459,0.5395495023572551,-11397,-0.39692366303157295,0.00701619670121096,0.006608235121560606,0.027862208713272496,-0.025628388368654553,-0.084768851144695
2015-08-18,415287,120266,127899,166515,149760,001602,WHEAT-SRW - CHICAGO BOARD OF TRADE,494.25,-0.04034559232530756,16755,-0.1664546576566778,-7633,0.8899649594030331,0.021158801675756858,0.016505147784739993,-0.025628388368654553,0.0015174506828528056,-0.08316192874259155
2015-08-25,372290,105381,119973,157956,133537,001602,WHEAT-SRW - CHICAGO BOARD OF TRADE,495.0,-0.06559134008434285,24419,1.8454707226568616,-14592,-1.6757086063373041,0.08501747897891201,0.10122296475767016,0.0015174506828528056,-0.022222222222222254,-0.08187581446459685
2015-09-01,367605,96037,133481,163228,120472,001602,WHEAT-SRW - CHICAGO BOARD OF TRADE,484.0,-0.11630962582119395,42756,4.925461333906363,-37444,-6.1382255768352625,0.06463517800493479,0.09956517571606584,-0.022222222222222254,-0.038739669421487655,-0.08147159691039904
2015-09-08,365375,90680,145831,168246,106181,001602,WHEAT-SRW - CHICAGO BOARD OF TRADE,465.25,-0.16986657543619568,62065,5.2526489030345065,-55151,-4.816855048217516,0.0703611525105037,0.07486755372900203,-0.038739669421487655,0.06340677055346577,-0.0817063360239584
2015-09-15,378364,96169,147540,171479,114131,001602,WHEAT-SRW - CHICAGO BOARD OF TRADE,494.75,-0.15156833102515038,57348,-1.2910023947998632,-51371,1.034553540882655,0.0391547914988971,0.029535224386460904,0.06340677055346577,0.001515917129863542,-0.0814609560668814
2015-09-22,375578,99813,144966,167138,115570,001602,WHEAT-SRW - CHICAGO BOARD OF TRADE,495.5,-0.13730303691909537,51568,-1.5276294784916111,-45153,1.6433910202873423,0.020445123590418383,0.02540250593392407,0.001515917129863542,0.01664984863773955,-0.08053766063307936
2015-09-29,365999,95585,132591,162706,120702,001602,WHEAT-SRW - CHICAGO BOARD OF TRADE,503.75,-0.11476534088890954,42004,-2.5464750331489063,-37006,2.169189888651625,0.033746400948455935,0.07276400673164575,0.01664984863773955,0.04466501240694787,-0.07941914872567539
2015-10-06,373719,100932,126506,161650,128862,001602,WHEAT-SRW - CHICAGO BOARD OF TRADE,526.25,-0.08773436726524474,32788,-2.5180396667750458,-25574,3.1235058019284208,0.03172330230764994,0.0502642478389715,0.04466501240694787,-0.013776722090261262,-0.07784540626953393
2015-10-13,371965,97749,129255,157742,120026,001602,WHEAT-SRW - CHICAGO BOARD OF TRADE,519.0,-0.10139663678034223,37716,1.3186378000583325,-31506,-1.5872888453624248,0.045880014976527175,0.026131698119856918,-0.013776722090261262,-0.053468208092485536,-0.07670083962673882
2015-10-20,384922,89825,156752,175877,101689,001602,WHEAT-SRW - CHICAGO BOARD OF TRADE,491.25,-0.19273515153719456,74188,9.805223609748229,-66927,-9.522670143696315,0.13139937888646305,0.14365086768027838,-0.053468208092485536,0.03664122137404591,-0.07763220912474299
2015-10-27,389786,99413,143884,168997,119686,001602,WHEAT-SRW - CHICAGO BOARD OF TRADE,509.25,-0.12650787868214866,49311,-6.4628678017884145,-44471,5.833909207579717,0.08617410793153736,0.092298713095517,0.03664122137404591,0.014236622484045114,-0.07785180473576053
2015-11-03,387520,103632,134671,169468,129494,001602,WHEAT-SRW - CHICAGO BOARD OF TRADE,516.5,-0.10315338563170934,39974,-2.3954169723899783,-31039,3.445993442555659,0.03438229607776239,0.056365215712769035,0.014236622484045114,-0.04985479186834463,-0.07788942284995122
2015-11-10,379741,96594,129677,170087,128128,001602,WHEAT-SRW - CHICAGO BOARD OF TRADE,490.75,-0.11049373125367026,41959,0.5122316267547482,-33083,-0.5274566473988439,0.006656271481984474,0.05317517490089318,-0.04985479186834463,-0.0066225165562914245,-0.07806387874189144
2015-11-17,393780,93111,139291,182885,126595,001602,WHEAT-SRW - CHICAGO BOARD OF TRADE,487.5,-0.14294783889481436,56290,3.7738879920788113,-46180,-3.4489296652191888,0.04630670802636681,0.0563549367045034,-0.0066225165562914245,-0.00666666666666671,-0.0793781140393319
2015-11-24,369719,90156,137457,165117,110863,001602,WHEAT-SRW - CHICAGO BOARD OF TRADE,484.25,-0.14674387845904593,54254,-0.5170399715577226,-47301,-0.2846767230433237,0.12138560765272846,0.021040098764130342,-0.00666666666666671,-0.05730511099638613,-0.08105373398877577
2015-12-01,370858,96915,164722,171411,96947,001602,WHEAT-SRW - CHICAGO BOARD OF TRADE,456.5,-0.2007884419373453,74464,5.466313605738412,-67807,-5.546374408672532,0.07530984729354072,0.13004276918020005,-0.05730511099638613,0.031215772179627566,-0.08411725833981566
2015-12-08,349793,93359,161704,164226,89078,001602,WHEAT-SRW - CHICAGO BOARD OF TRADE,470.75,-0.2148356313591181,75148,0.1844371700219491,-68345,-0.14506900215176696,0.05943056564444304,0.025774024456702852,0.031215772179627566,0.04992033988316513,-0.08813986558992097
2015-12-15,332506,95758,144674,148956,93820,001602,WHEAT-SRW - CHICAGO BOARD OF TRADE,494.25,-0.16581956415824076,55136,-5.721097906476116,-48916,5.5544279045035205,0.08242989422348172,0.08080871098689027,0.04992033988316513,-0.04552352048558417,-0.09199218415239904
2015-12-22,348420,97183,159957,156412,87499,001602,WHEAT-SRW - CHICAGO BOARD OF TRADE,471.75,-0.19778715343550887,68913,4.14338387878715,-62774,-4.167744341455492,0.0564837174215185,0.0649762775141946,-0.04552352048558417,0.008479067302596732,-0.09651832364387272
2015-12-29,360825,96939,172304,166100,88138,001602,WHEAT-SRW - CHICAGO BOARD OF TRADE,475.75,-0.21606595995288574,77962,2.597152861489007,-75365,-3.613742035474427,0.040619419598958456,0.04676444698655118,0.008479067302596732,-0.030478192327903275,-0.10098502700215493
2016-01-05,400509,106695,195365,182725,88321,001602,WHEAT-SRW - CHICAGO BOARD OF TRADE,461.25,-0.23571005894998615,94404,4.556779602300284,-88670,-3.6873830804406564,0.06201161426473735,0.1086439780176124,-0.030478192327903275,0.04336043360433606,-0.10553750821085862
2016-01-12,394177,113675,180433,164337,91244,001602,WHEAT-SRW - CHICAGO BOARD OF TRADE,481.25,-0.18543192525185387,73093,-5.3209790541535895,-66758,5.471038104012644,0.08338256756175146,0.07450324370639357,0.04336043360433606,-0.014025974025974053,-0.10889039617165
2016-01-19,395396,107539,174866,167004,94845,001602,WHEAT-SRW - CHICAGO BOARD OF TRADE,474.5,-0.1824980525852563,72159,-0.23694939075592944,-67327,-0.14435139543910477,0.023937460139240554,0.04144048441068678,-0.014025974025974053,0.0216016859852477,-0.11188444633926922
2016-01-26,387982,102133,157876,157461,99306,001602,WHEAT-SRW - CHICAGO BOARD OF TRADE,484.75,-0.14989097432355108,58155,-3.541765723477223,-55743,2.9297210897429413,0.05453971888910958,0.08613547992569488,0.0216016859852477,-0.01959773078906657,-0.11415521915738049
2016-02-02,407498,107686,163693,163175,105825,001602,WHEAT-SRW - CHICAGO BOARD OF TRADE,475.25,-0.14073688705220638,57350,-0.2074838523436654,-56007,-0.06804439381208406,0.04547583643122677,0.04189712542237977,-0.01959773078906657,-0.03734876380852181,-0.11545083416335547
2016-02-09,445244,115990,197463,187074,103983,001602,WHEAT-SRW - CHICAGO BOARD OF TRADE,457.5,-0.18661902237874065,83091,6.316840818850644,-81473,-6.249355825059264,0.08843972142913588,0.13422745993817256,-0.03734876380852181,0.014754098360655776,-0.11779246199098707
2016-02-16,460077,123512,202496,193697,112905,001602,WHEAT-SRW - CHICAGO BOARD OF TRADE,464.25,-0.17560538779378235,80792,-0.516346093378013,-78984,0.5590193242357,0.05070090866987169,0.03851132487546318,0.014754098360655776,-0.03500269251480881,-0.11998904351712615
2016-02-23,442878,120129,213735,199094,106613,001602,WHEAT-SRW - CHICAGO BOARD OF TRADE,448.0,-0.20881822985111023,92481,2.5406616718505814,-93606,-3.1781636552142363,0.03823595795974577,0.043796276328085686,-0.03500269251480881,-0.021205357142857095,-0.12245111223176067
2016-03-01,437577,122654,225003,192439,88546,001602,WHEAT-SRW - CHICAGO BOARD OF TRADE,438.5,-0.23742792697056747,103893,2.576781867692683,-102349,-1.9741328311634356,0.08798334430663558,0.03967416160180868,-0.021205357142857095,0.05188141391106038,-0.12524851902134704
2016-03-08,429740,117123,206870,186455,97127,001602,WHEAT-SRW - CHICAGO BOARD OF TRADE,461.25,-0.20786522083120026,89328,-3.3285570311053827,-89747,2.87995027160934,0.05136080569288601,0.07303861503180624,0.05188141391106038,0.03468834688346889,-0.12710095408612843
2016-03-15,415670,107378,178101,183415,112963,001602,WHEAT-SRW - CHICAGO BOARD OF TRADE,477.25,-0.16949022060769361,70452,-4.392423325731838,-70723,4.4268627542234835,0.06368893777540843,0.13491009846608681,0.03468834688346889,-0.022001047668936624,-0.1285963018872494
2016-03-22,434245,108626,193515,192629,108795,001602,WHEAT-SRW - CHICAGO BOARD OF TRADE,466.75,-0.19305691487524324,83834,3.2193807587749896,-84889,-3.407991916664662,0.04439593396677106,0.05514643825233914,-0.022001047668936624,0.021424745581146265,-0.13029284569753308
2016-03-29,432652,106256,184168,192421,118490,001602,WHEAT-SRW - CHICAGO BOARD OF TRADE,476.75,-0.17087867385335095,73931,-2.2805098504300565,-77912,1.6066966804453706,0.03185155880621786,0.04034446189020191,0.021424745581146265,-0.0057682223387519604,-0.1311842806877509
2016-04-05,438769,111480,182998,193440,121115,001602,WHEAT-SRW - CHICAGO BOARD OF TRADE,474.0,-0.16483616663893758,72325,-0.3711990236957185,-71518,1.4778621155108493,0.011584619541892514,0.021712997235786714,-0.0057682223387519604,-0.04535864978902948,-0.1324383247583107
2016-04-12,476076,114059,219744,208432,107653,001602,WHEAT-SRW - CHICAGO BOARD OF TRADE,452.5,-0.2116867895041968,100779,6.484961335007715,-105685,-7.78701321196347,0.09002008953287881,0.11780900710898344,-0.04535864978902948,0.07458563535911611,-0.1339512605167627
2016-04-19,448610,108136,190167,197988,122557,001602,WHEAT-SRW - CHICAGO BOARD OF TRADE,486.25,-0.16814382202804218,75431,-5.324359976138263,-82031,4.968534435678337,0.07907782058681308,0.11900651351142966,0.07458563535911611,-0.013367609254498758,-0.13438971315294335
2016-04-26,397145,107192,169375,182963,119483,001602,WHEAT-SRW - CHICAGO BOARD OF TRADE,479.75,-0.15984086416799909,63480,-2.664006598158757,-62183,4.424332939524309,0.05984208751314284,0.0785921675398728,-0.013367609254498758,-0.04168837936425218,-0.13413118237983476
2016-05-03,391040,110308,171120,178820,115902,001602,WHEAT-SRW - CHICAGO BOARD OF TRADE,459.75,-0.16089914075286416,62918,-0.14151002782359087,-60812,0.3452139646728525,0.026207748318754623,0.017272623903804882,-0.04168837936425218,-0.01794453507340943,-0.13363088717740834
2016-05-10,407702,112754,183254,182778,116696,001602,WHEAT-SRW - CHICAGO BOARD OF TRADE,451.5,-0.16208407120887314,66082,0.8091243862520457,-70500,-2.4774959083469725,0.015867821580504485,0.049255425529039755,-0.01794453507340943,0.06699889258028802,-0.13347782179193365
2016-05-17,396200,108301,174422,175040,114515,001602,WHEAT-SRW - CHICAGO BOARD OF TRADE,481.75,-0.15276375567895004,60525,-1.3630053323260618,-66121,1.0740688051567076,0.03425601353801523,0.04698945611075151,0.06699889258028802,-0.0368448365334717,-0.1337462387574442
2016-05-24,418296,100226,179107,193000,119147,001602,WHEAT-SRW - CHICAGO BOARD OF TRADE,464.0,-0.17655679231931456,73853,3.363957597173145,-78881,-3.2205956587582034,0.07237615610593727,0.04568024544182034,-0.0368448365334717,0.0010775862068965747,-0.13412346489155252
2016-05-31,415685,102518,181112,193475,119471,001602,WHEAT-SRW - CHICAGO BOARD OF TRADE,464.5,-0.17802903640978143,74004,0.03609883909958498,-78594,0.06861170080517145,0.002553156135563324,0.015150019391460707,0.0010775862068965747,0.09580193756727673,-0.13485022252382178
2016-06-07,410803,107306,156200,187597,147322,001602,WHEAT-SRW - CHICAGO BOARD OF TRADE,509.0,-0.09803969299153122,40275,-8.114076764858005,-48894,7.144833227083007,0.10070793236573619,0.1127109060135253,0.09580193756727673,-0.047151277013752435,-0.1356194142520257
2016-06-14,419835,111784,156488,197030,156188,001602,WHEAT-SRW - CHICAGO BOARD OF TRADE,485.0,-0.09728107470792097,40842,0.13802236108304955,-44704,1.019953603065216,0.05180653307589081,0.017765551380688256,-0.047151277013752435,-0.05463917525773199,-0.1356346974742918
2016-06-21,417107,117956,169162,198862,151594,001602,WHEAT-SRW - CHICAGO BOARD OF TRADE,458.5,-0.11332343978883117,47268,1.5306013076565794,-51206,-1.5487036573892123,0.01833611066724496,0.06563851796125635,-0.05463917525773199,-0.03217011995637953,-0.13575119181096457
2016-06-28,397489,107849,177677,186836,121397,001602,WHEAT-SRW - CHICAGO BOARD OF TRADE,443.75,-0.16463097091995,65439,4.356436118310169,-69828,-4.464561851035826,0.1369840348048392,0.06521997996679813,-0.03217011995637953,-0.054647887323943656,-0.13885298215732875
2016-07-05,431701,114070,197714,202764,120959,001602,WHEAT-SRW - CHICAGO BOARD OF TRADE,419.5,-0.18949458073991027,81805,4.1173466435549155,-83644,-3.475819456639052,0.05055556756856942,0.08421856156826521,-0.054647887323943656,0.010727056019070424,-0.14320966143491703
2016-07-12,453533,123972,214606,198458,114141,001602,WHEAT-SRW - CHICAGO BOARD OF TRADE,424.0,-0.18591149927348175,84317,0.5818842207917053,-90634,-1.6191762354036705,0.03558552650520315,0.07913686063477249,0.010727056019070424,-0.014150943396226467,-0.14754348292644373
2016-07-19,465177,131171,223292,196711,111440,001602,WHEAT-SRW - CHICAGO BOARD OF TRADE,418.0,-0.18330871904672846,85271,0.2103485303164268,-92121,-0.32787029830243886,0.014434481796262222,0.04481426834394563,-0.014150943396226467,-0.0071770334928229484,-0.1517399054989309
2016-07-26,471210,126563,229572,196658,100987,001602,WHEAT-SRW - CHICAGO BOARD OF TRADE,415.0,-0.203032618153265,95671,2.23570812830385,-103009,-2.3406144327857996,0.035297082094441365,0.03057267609193143,-0.0071770334928229484,-0.033132530120481896,-0.15565591934398249
2016-08-02,488242,133803,232579,199309,108281,001602,WHEAT-SRW - CHICAGO BOARD OF TRADE,401.25,-0.1864403308195526,91028,-0.9853356253050658,-98776,0.8983255873177564,0.03233200039012972,0.027968077034352123,-0.033132530120481896,0.03925233644859816,-0.15854562701035466
2016-08-09,451314,131969,220190,177266,98938,001602,WHEAT-SRW - CHICAGO BOARD OF TRADE,417.0,-0.17355544033643983,78328,-2.6011690923763218,-88221,2.1618377771678796,0.11363340139896598,0.040388006553857776,0.03925233644859816,0.015587529976019088,-0.16108938005112647
2016-08-16,440857,132807,207769,168044,99701,001602,WHEAT-SRW - CHICAGO BOARD OF TRADE,423.5,-0.155023057363272,68343,-2.2124285973845264,-74962,2.9378658760862724,0.03729294664699621,0.03893110495161139,0.015587529976019088,-0.037190082644628086,-0.16329471591724115
2016-08-23,451533,138200,212384,168971,103968,001602,WHEAT-SRW - CHICAGO BOARD OF TRADE,407.75,-0.143960685044061,65003,-0.7576152811455868,-74184,0.17647445770397205,0.019029893126302946,0.02854665358373457,-0.037190082644628086,-0.10913549969343961,-0.16480181870492808
2016-08-30,439470,136657,228844,173536,87404,001602,WHEAT-SRW - CHICAGO BOARD OF TRADE,363.25,-0.19599062507110837,86132,4.679392203892075,-92187,-3.9870840005049466,0.08097263738790526,0.049255679191028204,-0.10913549969343961,0.021335168616655187,-0.1663341456135803
2016-09-06,451070,142330,242448,176487,83617,001602,WHEAT-SRW - CHICAGO BOARD OF TRADE,371.0,-0.20588822134036847,92870,1.5332104580517443,-100118,-1.8046738116367442,0.025905022606342077,0.05009901813513246,0.021335168616655187,0.010107816711590223,-0.1670268695732759
2016-09-13,459288,141887,234460,181590,96668,001602,WHEAT-SRW - CHICAGO BOARD OF TRADE,374.75,-0.18489923533817562,84922,-1.762032500498814,-92573,1.6726893830225908,0.06524161030410626,0.022402197971552847,0.010107816711590223,0.08338892595063374,-0.16766784850237254
2016-09-20,460079,141289,235964,184846,97302,001602,WHEAT-SRW - CHICAGO BOARD OF TRADE,406.0,-0.1902803648938552,87544,0.5708836285729215,-94675,-0.4576649074219227,0.013787090463161178,0.005571857612795657,0.08338892595063374,-0.0049261083743842304,-0.16868664327111793
2016-09-27,465882,146279,240190,184829,98506,001602,WHEAT-SRW - CHICAGO BOARD OF TRADE,404.0,-0.18528940804753136,86323,-0.2653892048974198,-93911,0.1660584377900317,0.004309386415374027,0.02384667334249319,-0.0049261083743842304,-0.02103960396039606,-0.17004287533186066
2016-10-04,477960,146986,260306,191606,89346,001602,WHEAT-SRW - CHICAGO BOARD OF TRADE,395.5,-0.2139509582391832,102260,3.4208232986035094,-113320,-4.1660763884417085,0.05672499216948091,0.05112548245484812,-0.02103960396039606,0.02970922882427307,-0.17247011746597485
2016-10-11,480709,149937,242474,178871,97607,001602,WHEAT-SRW - CHICAGO BOARD OF TRADE,407.25,-0.1690502986214113,81264,-4.392836220604234,-92537,4.348271821909783,0.07594094285982972,0.05296232776349287,0.02970922882427307,0.03130755064456725,-0.17377114942445696
2016-10-18,476586,158075,221179,169537,113711,001602,WHEAT-SRW - CHICAGO BOARD OF TRADE,420.0,-0.11713730575384086,55826,-5.291766952563817,-63104,6.122831068276233,0.08980822459470146,0.07760761916815644,0.03130755064456725,-0.03749999999999998,-0.172317344697854
2016-10-25,497116,153310,240022,189315,111004,001602,WHEAT-SRW - CHICAGO BOARD OF TRADE,404.25,-0.15753063671255804,78311,4.717931286273621,-86712,-4.953565568438854,0.07487038782095039,0.060020542442516756,-0.03749999999999998,0.02473716759431044,-0.17291393619843878
2016-11-01,495525,151746,227125,185523,120203,001602,WHEAT-SRW - CHICAGO BOARD OF TRADE,414.25,-0.13181978709449574,65320,-2.613273360744776,-75379,2.2797495956678118,0.04249229702413272,0.03816866426831296,0.02473716759431044,0.002414001207000638,-0.17346521314964625
2016-11-08,496516,150306,229183,196609,126182,001602,WHEAT-SRW - CHICAGO BOARD OF TRADE,415.25,-0.14184235754739022,70427,1.0306240855658142,-78877,-0.705917965793855,0.052867025412728356,0.009217658482854576,0.002414001207000638,-0.03913305237808551,-0.17406807134760235
2016-11-15,512485,146151,239413,205304,121492,001602,WHEAT-SRW - CHICAGO BOARD OF TRADE,399.0,-0.16354039630428208,83812,2.69578422447615,-93262,-2.8971876032192316,0.04095827366308033,0.037308981128943576,-0.03913305237808551,0.020676691729323293,-0.17446408206701522
2016-11-22,503117,154536,227196,187823,123230,001602,WHEAT-SRW - CHICAGO BOARD OF TRADE,407.25,-0.12838564389595264,64593,-3.750158541225597,-72660,4.020020098149215,0.06178689805274342,0.05396980080265736,0.020676691729323293,-0.057090239410681365,-0.17411103909464803
2016-11-29,444341,143935,235779,168436,78443,001602,WHEAT-SRW - CHICAGO BOARD OF TRADE,384.0,-0.20253138918083183,89993,5.048527479691602,-91844,-3.813029573637941,0.2599411047517205,0.05052223515593315,-0.057090239410681365,0.01432291666666674,-0.17414455731086892
2016-12-06,436214,146019,237381,165221,78780,001602,WHEAT-SRW - CHICAGO BOARD OF TRADE,389.5,-0.19816191135543562,86441,-0.799386057104791,-91362,0.10847524761388214,0.014557317388043492,0.009613980177360459,0.01432291666666674,0.021822849807445532,-0.17382390884925963
2016-12-13,443306,150854,221125,165318,99746,001602,WHEAT-SRW - CHICAGO BOARD OF TRADE,398.0,-0.14791588654338086,65572,-4.784119721054345,-70271,4.835012172924299,0.07946382760389943,0.056699437333827984,0.021822849807445532,0.013190954773869334,-0.1734796073566662
2016-12-20,447386,146691,230309,170507,91208,001602,WHEAT-SRW - CHICAGO BOARD OF TRADE,403.25,-0.1772496233677406,79299,3.0965067019169603,-83618,-3.0107871312366625,0.05245018436085054,0.03540318302387268,0.013190954773869334,0.015499070055796649,-0.17308465485536295
2016-12-27,446777,144895,228691,170572,95030,001602,WHEAT-SRW - CHICAGO BOARD OF TRADE,409.5,-0.16908211479104787,75542,-0.8397670020966235,-83796,-0.039786671911950754,0.014634678955730755,0.009138458079264212,0.015499070055796649,-0.0073260073260073,-0.17218111937148145
2017-01-03,457848,153838,226282,166839,104544,001602,WHEAT-SRW - CHICAGO BOARD OF TRADE,406.5,-0.13606043927242228,62295,-2.9650138659778813,-72444,2.5408649057583537,0.04881293227652432,0.02986425339366516,-0.0073260073260073,0.04981549815498165,-0.17026478053152827
2017-01-10,463755,156632,203818,167325,123928,001602,WHEAT-SRW - CHICAGO BOARD OF TRADE,426.75,-0.09357742773662818,43397,-4.1275707221610665,-47186,5.516678024147752,0.06822247324491078,0.070073519212096,0.04981549815498165,0.01581722319859402,-0.1684983478870047
2017-01-17,480997,157831,209540,184501,137612,001602,WHEAT-SRW - CHICAGO BOARD OF TRADE,433.5,-0.09748293648401134,46889,0.7529837953229616,-51709,-0.9752994576877878,0.09580488834663611,0.01883926602807516,0.01581722319859402,-0.01557093425605538,-0.16686344180813462
2017-01-24,477653,152656,210914,186470,131524,001602,WHEAT-SRW - CHICAGO BOARD OF TRADE,426.75,-0.1150332982311427,54946,1.675062422426751,-58258,-1.3615469535153026,0.025336956043195785,0.018013037379321726,-0.01557093425605538,-0.01405975395430581,-0.16619310188328063
2017-01-31,494355,148242,212316,199926,139426,001602,WHEAT-SRW - CHICAGO BOARD OF TRADE,420.75,-0.12238168927187952,60500,1.1627687882207376,-64074,-1.2176203227028826,0.06293759871755582,0.016130553198098502,-0.01405975395430581,0.023767082590612,-0.16584011731058204
2017-02-07,476111,150093,201992,187513,139906,001602,WHEAT-SRW - CHICAGO BOARD OF TRADE,430.75,-0.09999138856275112,47607,-2.608044826086517,-51899,2.4628050692316252,0.03937767814329651,0.03457971796583211,0.023767082590612,0.04352872896111437,-0.16417420127565915
2017-02-14,468083,159687,182730,178291,156738,001602,WHEAT-SRW - CHICAGO BOARD OF TRADE,449.5,-0.04604525265818241,21553,-5.472253319078954,-23043,6.060771542770489,0.07776640231144169,0.08427151689314491,0.04352872896111437,-0.030033370411568394,-0.16168266021535918
2017-02-21,452102,167062,175389,165306,159015,001602,WHEAT-SRW - CHICAGO BOARD OF TRADE,436.0,-0.01391500148196646,6291,-3.260532854216026,-8327,3.1438868747636635,0.047058315681069066,0.04297257125836981,-0.030033370411568394,-0.02580275229357798,-0.15793452120826024
2017-02-28,400986,157368,180884,144650,124320,001602,WHEAT-SRW - CHICAGO BOARD OF TRADE,424.75,-0.050700024439756,20330,3.1052727039473393,-23516,-3.359640081220609,0.2057887496746849,0.04490439080921916,-0.02580275229357798,0.026486168334314275,-0.15434360000574465
2017-03-07,415912,158764,185246,157325,131509,001602,WHEAT-SRW - CHICAGO BOARD OF TRADE,436.0,-0.0620708226740272,25816,1.3681275655509169,-26482,-0.7396766969420379,0.06877306688270772,0.01673788552658353,0.026486168334314275,-0.05504587155963303,-0.15153986157964516
2017-03-14,453186,162166,219908,178458,124699,001602,WHEAT-SRW - CHICAGO BOARD OF TRADE,412.0,-0.11862458240104505,53759,6.71848852641905,-57742,-7.516013002750582,0.09217336231721517,0.09962468003580459,-0.05504587155963303,0.03519417475728148,-0.1505616762295173
2017-03-21,486477,169431,242246,190026,121555,001602,WHEAT-SRW - CHICAGO BOARD OF TRADE,426.5,-0.1407486890438808,68471,3.2463491811309266,-72815,-3.3260074230007106,0.047217256507938545,0.07190831647140841,0.03519417475728148,-0.004689331770222793,-0.14955574880968342
2017-03-28,507879,163608,252313,200778,116354,001602,WHEAT-SRW - CHICAGO BOARD OF TRADE,424.5,-0.1662285701909313,84424,3.2792917239663955,-88705,-3.266341471436471,0.050303974370293755,0.03820437054152111,-0.004689331770222793,0.005889281507656108,-0.14946632373925225
2017-04-04,513555,164240,251171,197973,116818,001602,WHEAT-SRW - CHICAGO BOARD OF TRADE,427.0,-0.15802591737983274,81155,-0.6436572490691681,-86931,0.34929579683349776,0.010384667922526375,0.004270469486845558,0.005889281507656108,0.014637002341920446,-0.1493353574073464
2017-04-11,507288,164428,249713,202419,119842,001602,WHEAT-SRW - CHICAGO BOARD OF TRADE,433.25,-0.16278129977448708,82577,0.2768934194000643,-85285,0.3205109481944485,0.023179969031313127,0.003974491779369828,0.014637002341920446,-0.024812463935372175,-0.1483948672202366
2017-04-18,512255,163168,266050,217280,120398,001602,WHEAT-SRW - CHICAGO BOARD OF TRADE,422.5,-0.1891284614108208,96882,2.8198971787229343,-102882,-3.468838214189967,0.045655920729215406,0.040997814630327714,-0.024812463935372175,-0.03254437869822491,-0.1487984179775977
2017-04-25,497823,150101,280137,218524,95990,001602,WHEAT-SRW - CHICAGO BOARD OF TRADE,408.75,-0.24613969221992554,122534,5.007662199490488,-130036,-5.300875540502289,0.08156075723179254,0.06311390439710114,-0.03254437869822491,0.08012232415902143,-0.15045801082475013
2017-05-02,438524,147534,232519,171408,93216,001602,WHEAT-SRW - CHICAGO BOARD OF TRADE,441.5,-0.17830723061907672,78192,-8.907181869861375,-84985,9.049601966964161,0.18853165245782696,0.1320473723401736,0.08012232415902143,-0.044733861834654554,-0.15079278178371577
2017-05-09,423436,149622,225915,162606,90174,001602,WHEAT-SRW - CHICAGO BOARD OF TRADE,421.75,-0.17105772773217204,72432,-1.3134970947998286,-76293,1.9821036020833522,0.046854972703536675,0.023145522278763476,-0.044733861834654554,0.005927682276229973,-0.15096535210147152
2017-05-16,447119,156694,246094,170968,87798,001602,WHEAT-SRW - CHICAGO BOARD OF TRADE,424.25,-0.18601311954982902,83170,2.535920422448729,-89400,-3.0953910390236072,0.041496950913180244,0.06765593811136379,0.005927682276229973,0.012374779021803173,-0.15160476294514227
2017-05-23,457189,158881,235570,160825,91783,001602,WHEAT-SRW - CHICAGO BOARD OF TRADE,429.5,-0.15101413201105013,69042,-3.1597852025970714,-76689,2.842867335094237,0.05592855333164429,0.032224534859843175,0.012374779021803173,0.0,-0.1511135579392141
2017-05-30,468113,155265,239000,175752,95996,001602,WHEAT-SRW - CHICAGO BOARD OF TRADE,429.5,-0.17037766522185882,79756,2.343450957918935,-83735,-1.5411569394714222,0.07043290107010908,0.017871228742089712,0.0,0.014551804423748482,-0.15096641618560022
2017-06-06,475391,156039,232629,176182,106378,001602,WHEAT-SRW - CHICAGO BOARD OF TRADE,435.75,-0.14683492114911725,69804,-2.125982401685063,-76590,1.5263408621422605,0.03826443941109853,0.018383298856607697,0.014551804423748482,0.021227768215720033,-0.15190478595786147
2017-06-13,446411,150961,211477,158707,100147,001602,WHEAT-SRW - CHICAGO BOARD OF TRADE,445.0,-0.13117956322760863,58560,-2.365210952668435,-60516,3.3812167247591978,0.09158058210419773,0.07237099862597189,0.021227768215720033,0.061797752808988804,-0.1525566799678555
2017-06-20,445204,164437,175520,145084,133341,001602,WHEAT-SRW - CHICAGO BOARD OF TRADE,472.5,-0.026376672267095534,11743,-10.487420784882092,-11083,11.073427850120181,0.1681494118703421,0.14540956650399903,0.061797752808988804,-0.040740740740740744,-0.15088462674628364
2017-06-27,404793,146297,155476,143586,133660,001602,WHEAT-SRW - CHICAGO BOARD OF TRADE,453.25,-0.024521175020319027,9926,-0.40812751008526427,-9179,0.42766911348505404,0.00655374649228483,0.12653219472915073,-0.040740740740740744,0.18146718146718155,-0.14819020759436768
2017-07-11,436850,172136,144698,156652,183493,001602,WHEAT-SRW - CHICAGO BOARD OF TRADE,535.5,0.06144214261188051,-26841,-9.08291398319635,27438,9.045858006437859,0.18491819665142806,0.11557156113295922,0.18146718146718155,-0.059290382819794596,-0.143364501376064
2017-07-18,437388,164819,142637,156941,182012,001602,WHEAT-SRW - CHICAGO BOARD OF TRADE,503.75,0.05731981673022579,-25071,0.4051734004807142,22182,-1.2031589790545953,0.00522196292701348,0.030501925478767695,-0.059290382819794596,-0.05905707196029775,-0.13868697606830038
2017-07-25,426512,150830,130064,161706,178225,001602,WHEAT-SRW - CHICAGO BOARD OF TRADE,474.0,0.0387304460366883,-16519,1.955243399453117,20766,-0.3237400203023402,0.02515804678008184,0.09456236160259743,-0.05905707196029775,-0.026898734177215222,-0.13441699212438854
2017-08-01,442403,154638,139125,167472,176997,001602,WHEAT-SRW - CHICAGO BOARD OF TRADE,461.25,0.021530143330854446,-9525,1.639813182278576,15513,-1.2316183366470346,0.02030371383201391,0.043807422990642116,-0.026898734177215222,-0.009214092140921393,-0.13009847748046316
2017-08-08,445752,152086,156039,167176,158672,001602,WHEAT-SRW - CHICAGO BOARD OF TRADE,457.0,-0.019077872897934278,8504,4.075243612724145,-3953,-4.400060578251052,0.05714627679163291,0.06317565922920892,-0.009214092140921393,-0.060175054704595166,-0.12687996867427817
2017-08-15,449958,156062,168890,164175,145341,001602,WHEAT-SRW - CHICAGO BOARD OF TRADE,429.5,-0.041857240009067515,18834,2.317432114718498,-12828,-1.9910174267305587,0.05276625441011127,0.051783032570964324,-0.060175054704595166,-0.06344586728754364,-0.12434731097567488
2017-08-22,473499,166688,194288,171399,139241,001602,WHEAT-SRW - CHICAGO BOARD OF TRADE,402.25,-0.0679156661365705,32158,2.961165264313558,-27600,-3.282973077487232,0.042892093741952096,0.09979610832853153,-0.06344586728754364,0.0012430080795524656,-0.12267216883669983
2017-08-29,440230,158222,191455,164440,128230,001602,WHEAT-SRW - CHICAGO BOARD OF TRADE,402.75,-0.08225245894191673,36210,0.8557568231400701,-33233,-1.1896540436199443,0.06140021184268972,0.03231267712774932,0.0012430080795524656,0.06890130353817514,-0.12148547218088937
2017-09-05,438652,165122,201153,159389,119778,001602,WHEAT-SRW - CHICAGO BOARD OF TRADE,430.5,-0.0903016514229959,39611,0.7725507121277514,-36031,-0.6355768575517343,0.04836889746997317,0.04531567811070917,0.06890130353817514,-0.025551684088269466,-0.11945299191842566
2017-09-12,435529,166639,197781,153572,119577,001602,WHEAT-SRW - CHICAGO BOARD OF TRADE,419.5,-0.07805450383326942,33995,-1.2802859670080153,-31142,1.1145509424327258,0.02203193129024818,0.013415838867241096,-0.025551684088269466,0.05601907032181175,-0.11699465119713531
2017-09-19,430599,170497,200876,149990,115649,001602,WHEAT-SRW - CHICAGO BOARD OF TRADE,443.0,-0.07975169473222186,34341,0.07944361913902404,-30379,0.17518925261004434,0.028271451104694718,0.01872241654616787,0.05601907032181175,0.024266365688487612,-0.11497258310855928
2017-09-26,426974,166425,189802,150254,120548,001602,WHEAT-SRW - CHICAGO BOARD OF TRADE,453.75,-0.0695733229658012,29706,-1.0764075160416071,-23377,1.6261068883113987,0.019065590357530596,0.04251783273025346,0.024266365688487612,-0.012672176308539895,-0.11265129384071207
2017-10-03,439038,164179,183321,161574,134260,001602,WHEAT-SRW - CHICAGO BOARD OF TRADE,448.0,-0.06221329361012031,27314,-0.5602214654756495,-19142,0.9918636731978996,0.0846150205858691,0.0251136690647482,-0.012672176308539895,-0.028459821428571397,-0.11028444548614648
2017-10-10,460988,166981,191036,166745,134888,001602,WHEAT-SRW - CHICAGO BOARD OF TRADE,435.25,-0.06910592032764411,31857,1.0347623668110733,-24055,-1.1190375320587285,0.019225350011437742,0.02937570003659044,-0.028459821428571397,-0.0011487650775416913,-0.10749896398784764
2017-10-17,478128,167119,198733,172063,134356,001602,WHEAT-SRW - CHICAGO BOARD OF TRADE,434.75,-0.07886381889368538,37707,1.2690135101130615,-31614,-1.6397389953751507,0.01909150542231389,0.02141576375146234,-0.0011487650775416913,0.0074755606670500185,-0.10576460860846831
2017-10-24,514130,170805,203708,188476,149402,001602,WHEAT-SRW - CHICAGO BOARD OF TRADE,438.0,-0.07600023340400287,39074,0.2859067028076164,-32903,-0.26959307967740853,0.0931075713719153,0.023126033008199983,0.0074755606670500185,-0.044520547945205435,-0.10497351106327911
2017-10-31,564126,164439,235682,224046,153846,001602,WHEAT-SRW - CHICAGO BOARD OF TRADE,418.5,-0.12444028461726636,70200,6.0541108280007,-71243,-7.457257891972848,0.10588739639897113,0.09582101414322168,-0.044520547945205435,0.020908004778972478,-0.10433715813836966
2017-11-07,569478,164198,243244,232008,150404,001602,WHEAT-SRW - CHICAGO BOARD OF TRADE,427.25,-0.14329614137859584,81604,2.021534196261119,-79046,-1.3832016251688453,0.029821239919249395,0.019151192071509563,0.020908004778972478,0.0017554125219425565,-0.10455785725921775
2017-11-14,560679,166919,233690,220147,150535,001602,WHEAT-SRW - CHICAGO BOARD OF TRADE,428.0,-0.12415660297603441,69612,-2.1057881077056533,-66771,2.1554827403341306,0.03235117971738579,0.030640849306930198,0.0017554125219425565,-0.007593457943925186,-0.10421774659438397
2017-11-21,546635,172456,239281,214040,144744,001602,WHEAT-SRW - CHICAGO BOARD OF TRADE,424.75,-0.12676831889652143,69296,-0.0563602346440655,-66825,-0.009631179337909928,0.03316201391366393,0.027026961385544657,-0.007593457943925186,-0.03296056503825784,-0.10351059125961935
2017-11-28,518578,167175,249464,206405,123393,001602,WHEAT-SRW - CHICAGO BOARD OF TRADE,410.75,-0.1600762084006649,83012,2.5091697384909493,-82289,-2.828944359581805,0.08789016306951528,0.03711606450668324,-0.03296056503825784,-0.011564211807668867,-0.10412002519240228
2017-12-05,495710,168309,242380,196333,119289,001602,WHEAT-SRW - CHICAGO BOARD OF TRADE,406.0,-0.15542151661253556,77044,-1.150839410850441,-74071,1.5847182101824606,0.04491448631590954,0.02001027541521687,-0.011564211807668867,-0.0461822660098522,-0.10321406610455043
2017-12-12,529532,174895,274758,213438,113062,001602,WHEAT-SRW - CHICAGO BOARD OF TRADE,387.25,-0.18955606082351964,100376,4.706784208509007,-99863,-5.203042101228541,0.07146094946401226,0.08665348613264005,-0.0461822660098522,0.08327953518398967,-0.10304856897893665
2017-12-19,537280,176465,275149,218669,119584,001602,WHEAT-SRW - CHICAGO BOARD OF TRADE,419.5,-0.18441966944609886,99085,-0.24380018582446386,-98684,0.2226494338396924,0.03474618111295391,0.0043422037403623446,0.08327953518398967,0.006555423122765136,-0.10375056480398893
2017-12-26,523486,164196,258963,215847,119512,001602,WHEAT-SRW - CHICAGO BOARD OF TRADE,422.25,-0.18402593383586188,96335,-0.5118374032162002,-94767,0.7290425848719475,0.008629558174970704,0.06724422734716738,0.006555423122765136,,-0.1038808784668374
